graph_type,weight_mode,n,noise_model,sigma,amplitude,repetition,mean_degree,degree_cv,trace_L,trace_L2,lambda2_L,lambda_max_L,mean_variance,variance_cv,mean_abs_correlation,sigma_condition_number,theoretical_mean_q,spectral_mean_q,mean_q_relative_difference,theoretical_var_q,spectral_var_q,var_q_relative_difference,tau_empirical,tau_spectral,tau_relative_error,pfa_mc_emp_tau,pfa_mc_spec_tau,pfa_theory_emp_tau,pfa_theory_spec_tau,pd_mc_emp_tau,pd_theory_emp_tau,pd_error_emp_tau,pd_mc_spec_tau,pd_theory_spec_tau,pd_error_spec_tau,max_abs_constant_shift,mean_abs_constant_shift,mean_max_noncentrality
star,unweighted,15,iid,0.15,1.0,0,1.8666666666666667,1.737198072430758,28.0,238.0,0.999999999999998,15.000000000000002,0.022500000000000003,1.541976423090495e-16,0.0,1.0,0.6299999999999999,0.6299999999999999,0.0,0.240975,0.24097500000000002,1.1518031171544314e-16,2.5998232215681156,2.5436380433150267,-0.021611153322647875,0.0106,0.0118,0.00910816155421823,0.010000000007983678,0.1376,0.1368160427853974,0.0007839572146025875,0.144,0.143291345448595,0.0007086545514049802,0.0,0.0,23.91964827818338
star,unweighted,15,iid,0.15,1.75,0,1.8666666666666667,1.737198072430758,28.0,238.0,0.999999999999998,15.000000000000002,0.022500000000000003,1.541976423090495e-16,0.0,1.0,0.6299999999999999,0.6299999999999999,0.0,0.240975,0.24097500000000002,1.1518031171544314e-16,2.5998232215681156,2.5436380433150267,-0.021611153322647875,0.0106,0.0118,0.00910816155421823,0.010000000007983678,0.948,0.9426574857457991,0.0053425142542008475,0.9584,0.953889206604521,0.004510793395478996,0.0,0.0,73.2539228519366
star,unweighted,15,iid,0.15,3.0,0,1.8666666666666667,1.737198072430758,28.0,238.0,0.999999999999998,15.000000000000002,0.022500000000000003,1.541976423090495e-16,0.0,1.0,0.6299999999999999,0.6299999999999999,0.0,0.240975,0.24097500000000002,1.1518031171544314e-16,2.5998232215681156,2.5436380433150267,-0.021611153322647875,0.0106,0.0118,0.00910816155421823,0.010000000007983678,1.0,0.9999999999999988,1.2212453270876722e-15,1.0,0.9999999999999997,3.3306690738754696e-16,0.0,0.0,215.2768345036504
star,unweighted,15,iid,0.15,1.0,1,1.8666666666666667,1.737198072430758,28.0,238.0,0.999999999999998,15.000000000000002,0.022500000000000003,1.541976423090495e-16,0.0,1.0,0.6299999999999999,0.6299999999999999,0.0,0.240975,0.24097500000000002,1.1518031171544314e-16,2.52834078791218,2.5436380433150267,0.0060503138959676125,0.0106,0.0104,0.010257990969043729,0.010000000007983678,0.1516,0.1451657211659581,0.006434278834041907,0.1492,0.143291345448595,0.00590865455140499,0.0,0.0,23.91964827818338
star,unweighted,15,iid,0.15,1.75,1,1.8666666666666667,1.737198072430758,28.0,238.0,0.999999999999998,15.000000000000002,0.022500000000000003,1.541976423090495e-16,0.0,1.0,0.6299999999999999,0.6299999999999999,0.0,0.240975,0.24097500000000002,1.1518031171544314e-16,2.52834078791218,2.5436380433150267,0.0060503138959676125,0.0106,0.0104,0.010257990969043729,0.010000000007983678,0.9568,0.9566509212490614,0.00014907875093861378,0.954,0.953889206604521,0.0001107933954789253,0.0,0.0,73.2539228519366
star,unweighted,15,iid,0.15,3.0,1,1.8666666666666667,1.737198072430758,28.0,238.0,0.999999999999998,15.000000000000002,0.022500000000000003,1.541976423090495e-16,0.0,1.0,0.6299999999999999,0.6299999999999999,0.0,0.240975,0.24097500000000002,1.1518031171544314e-16,2.52834078791218,2.5436380433150267,0.0060503138959676125,0.0106,0.0104,0.010257990969043729,0.010000000007983678,1.0,0.9999999999999996,4.440892098500626e-16,1.0,0.9999999999999997,3.3306690738754696e-16,0.0,0.0,215.2768345036504
star,unweighted,15,iid,0.15,1.0,2,1.8666666666666667,1.737198072430758,28.0,238.0,0.999999999999998,15.000000000000002,0.022500000000000003,1.541976423090495e-16,0.0,1.0,0.6299999999999999,0.6299999999999999,0.0,0.240975,0.24097500000000002,1.1518031171544314e-16,2.4788190636493694,2.5436380433150267,0.02614913715010302,0.0136,0.0116,0.011140980542236167,0.010000000007983678,0.1466,0.15158839109720354,-0.004988391097203532,0.1378,0.143291345448595,-0.005491345448595003,0.0,0.0,23.91964827818338
star,unweighted,15,iid,0.15,1.75,2,1.8666666666666667,1.737198072430758,28.0,238.0,0.999999999999998,15.000000000000002,0.022500000000000003,1.541976423090495e-16,0.0,1.0,0.6299999999999999,0.6299999999999999,0.0,0.240975,0.24097500000000002,1.1518031171544314e-16,2.4788190636493694,2.5436380433150267,0.02614913715010302,0.0136,0.0116,0.011140980542236167,0.010000000007983678,0.9678,0.9647653886861687,0.0030346113138313147,0.9552,0.953889206604521,0.0013107933954790152,0.0,0.0,73.2539228519366
star,unweighted,15,iid,0.15,3.0,2,1.8666666666666667,1.737198072430758,28.0,238.0,0.999999999999998,15.000000000000002,0.022500000000000003,1.541976423090495e-16,0.0,1.0,0.6299999999999999,0.6299999999999999,0.0,0.240975,0.24097500000000002,1.1518031171544314e-16,2.4788190636493694,2.5436380433150267,0.02614913715010302,0.0136,0.0116,0.011140980542236167,0.010000000007983678,1.0,0.9999999999999998,2.220446049250313e-16,1.0,0.9999999999999997,3.3306690738754696e-16,0.0,0.0,215.2768345036504
star,unweighted,15,iid,0.3,1.0,0,1.8666666666666667,1.737198072430758,28.0,238.0,0.999999999999998,15.000000000000002,0.09000000000000001,1.541976423090495e-16,0.0,1.0,2.5199999999999996,2.5199999999999996,0.0,3.8556,3.8556000000000004,1.1518031171544314e-16,9.977997111344713,10.174550969491714,0.019698728708141627,0.0118,0.0106,0.010853256014843604,0.010000000006320953,0.0732,0.06793257314242775,0.005267426857572255,0.0712,0.06593877576560121,0.005261224234398787,0.0,0.0,5.979912069545845
star,unweighted,15,iid,0.3,1.75,0,1.8666666666666667,1.737198072430758,28.0,238.0,0.999999999999998,15.000000000000002,0.09000000000000001,1.541976423090495e-16,0.0,1.0,2.5199999999999996,2.5199999999999996,0.0,3.8556,3.8556000000000004,1.1518031171544314e-16,9.977997111344713,10.174550969491714,0.019698728708141627,0.0118,0.0106,0.010853256014843604,0.010000000006320953,0.124,0.11936235100872046,0.004637648991279539,0.1212,0.11542896661946118,0.0057710333805388175,0.0,0.0,18.31348071298415
star,unweighted,15,iid,0.3,3.0,0,1.8666666666666667,1.737198072430758,28.0,238.0,0.999999999999998,15.000000000000002,0.09000000000000001,1.541976423090495e-16,0.0,1.0,2.5199999999999996,2.5199999999999996,0.0,3.8556,3.8556000000000004,1.1518031171544314e-16,9.977997111344713,10.174550969491714,0.019698728708141627,0.0118,0.0106,0.010853256014843604,0.010000000006320953,0.6856,0.6786214964841822,0.006978503515817747,0.6566,0.649026662393124,0.007573337606875952,0.0,0.0,53.8192086259126
star,unweighted,15,iid,0.3,1.0,1,1.8666666666666667,1.737198072430758,28.0,238.0,0.999999999999998,15.000000000000002,0.09000000000000001,1.541976423090495e-16,0.0,1.0,2.5199999999999996,2.5199999999999996,0.0,3.8556,3.8556000000000004,1.1518031171544314e-16,10.307731349377807,10.174550969491714,-0.01292043567803429,0.0102,0.0112,0.009461220745360321,0.010000000006320953,0.0676,0.06464790285831196,0.002952097141688037,0.069,0.06593877576560121,0.0030612242343987933,0.0,0.0,5.979912069545845
star,unweighted,15,iid,0.3,1.75,1,1.8666666666666667,1.737198072430758,28.0,238.0,0.999999999999998,15.000000000000002,0.09000000000000001,1.541976423090495e-16,0.0,1.0,2.5199999999999996,2.5199999999999996,0.0,3.8556,3.8556000000000004,1.1518031171544314e-16,10.307731349377807,10.174550969491714,-0.01292043567803429,0.0102,0.0112,0.009461220745360321,0.010000000006320953,0.1184,0.11294094690503012,0.0054590530949698846,0.1212,0.11542896661946118,0.0057710333805388175,0.0,0.0,18.31348071298415
star,unweighted,15,iid,0.3,3.0,1,1.8666666666666667,1.737198072430758,28.0,238.0,0.999999999999998,15.000000000000002,0.09000000000000001,1.541976423090495e-16,0.0,1.0,2.5199999999999996,2.5199999999999996,0.0,3.8556,3.8556000000000004,1.1518031171544314e-16,10.307731349377807,10.174550969491714,-0.01292043567803429,0.0102,0.0112,0.009461220745360321,0.010000000006320953,0.6246,0.6289183978081262,-0.004318397808126151,0.6464,0.649026662393124,-0.002626662393124035,0.0,0.0,53.8192086259126
star,unweighted,15,iid,0.3,1.0,2,1.8666666666666667,1.737198072430758,28.0,238.0,0.999999999999998,15.000000000000002,0.09000000000000001,1.541976423090495e-16,0.0,1.0,2.5199999999999996,2.5199999999999996,0.0,3.8556,3.8556000000000004,1.1518031171544314e-16,10.12050478980335,10.174550969491714,0.00534026521511221,0.0098,0.0096,0.010227524697517698,0.010000000006320953,0.0646,0.06647618113720624,-0.001876181137206237,0.0636,0.06593877576560121,-0.0023387757656012087,0.0,0.0,5.979912069545845
star,unweighted,15,iid,0.3,1.75,2,1.8666666666666667,1.737198072430758,28.0,238.0,0.999999999999998,15.000000000000002,0.09000000000000001,1.541976423090495e-16,0.0,1.0,2.5199999999999996,2.5199999999999996,0.0,3.8556,3.8556000000000004,1.1518031171544314e-16,10.12050478980335,10.174550969491714,0.00534026521511221,0.0098,0.0096,0.010227524697517698,0.010000000006320953,0.1124,0.1164785454866218,-0.004078545486621801,0.1112,0.11542896661946118,-0.004228966619461191,0.0,0.0,18.31348071298415
star,unweighted,15,iid,0.3,3.0,2,1.8666666666666667,1.737198072430758,28.0,238.0,0.999999999999998,15.000000000000002,0.09000000000000001,1.541976423090495e-16,0.0,1.0,2.5199999999999996,2.5199999999999996,0.0,3.8556,3.8556000000000004,1.1518031171544314e-16,10.12050478980335,10.174550969491714,0.00534026521511221,0.0098,0.0096,0.010227524697517698,0.010000000006320953,0.655,0.6571818281209278,-0.00218182812092782,0.6478,0.649026662393124,-0.0012266623931239673,0.0,0.0,53.8192086259126
star,unweighted,15,heteroscedastic,0.15,1.0,0,1.8666666666666667,1.737198072430758,28.0,238.0,0.999999999999998,15.000000000000002,0.02250000000000001,0.4681936683955388,0.0,5.444444444444444,0.5015670684790974,0.5015670684790973,-2.213508610108091e-16,0.09703577056868282,0.09703577056868282,0.0,1.629642576020048,1.6589276736063385,0.017970258029101925,0.0122,0.0112,0.010858552114114683,0.010000000055310876,0.3648,0.36844745781449373,-0.0036474578144937153,0.3462,0.3488895535061736,-0.002689553506173614,0.0,0.0,35.51123740069972
star,unweighted,15,heteroscedastic,0.15,1.75,0,1.8666666666666667,1.737198072430758,28.0,238.0,0.999999999999998,15.000000000000002,0.02250000000000001,0.4681936683955388,0.0,5.444444444444444,0.5015670684790974,0.5015670684790973,-2.213508610108091e-16,0.09703577056868282,0.09703577056868282,0.0,1.629642576020048,1.6589276736063385,0.017970258029101925,0.0122,0.0112,0.010858552114114683,0.010000000055310876,0.9992,0.9995309571445123,-0.00033095714451236713,0.9992,0.9994252081133086,-0.000225208113308617,0.0,0.0,108.7531645396429
star,unweighted,15,heteroscedastic,0.15,3.0,0,1.8666666666666667,1.737198072430758,28.0,238.0,0.999999999999998,15.000000000000002,0.02250000000000001,0.4681936683955388,0.0,5.444444444444444,0.5015670684790974,0.5015670684790973,-2.213508610108091e-16,0.09703577056868282,0.09703577056868282,0.0,1.629642576020048,1.6589276736063385,0.017970258029101925,0.0122,0.0112,0.010858552114114683,0.010000000055310876,1.0,0.9999999999635467,3.6453284835147315e-11,1.0,0.9999999999640196,3.598044084895946e-11,0.0,0.0,319.6011366062975
star,unweighted,15,heteroscedastic,0.15,1.0,1,1.8666666666666667,1.737198072430758,28.0,238.0,0.999999999999998,15.000000000000002,0.022500000000000006,0.4681936683955388,0.0,5.444444444444444,0.7932418568863813,0.7932418568863812,-1.399602170494361e-16,0.5402368976686335,0.5402368976686337,4.1101340149711026e-16,3.922154958583103,3.6904560858522024,-0.05907438007360192,0.0086,0.0114,0.007764347277191996,0.01000000001406437,0.0888,0.09659436098312649,-0.007794360983126483,0.097,0.10478594727490993,-0.0077859472749099295,0.0,0.0,35.031544029344715
star,unweighted,15,heteroscedastic,0.15,1.75,1,1.8666666666666667,1.737198072430758,28.0,238.0,0.999999999999998,15.000000000000002,0.022500000000000006,0.4681936683955388,0.0,5.444444444444444,0.7932418568863813,0.7932418568863812,-1.399602170494361e-16,0.5402368976686335,0.5402368976686337,4.1101340149711026e-16,3.922154958583103,3.6904560858522024,-0.05907438007360192,0.0086,0.0114,0.007764347277191996,0.01000000001406437,0.406,0.4059877015196981,1.2298480301931036e-05,0.4984,0.4974793827702374,0.0009206172297626103,0.0,0.0,107.28410358986821
star,unweighted,15,heteroscedastic,0.15,3.0,1,1.8666666666666667,1.737198072430758,28.0,238.0,0.999999999999998,15.000000000000002,0.022500000000000006,0.4681936683955388,0.0,5.444444444444444,0.7932418568863813,0.7932418568863812,-1.399602170494361e-16,0.5402368976686335,0.5402368976686337,4.1101340149711026e-16,3.922154958583103,3.6904560858522024,-0.05907438007360192,0.0086,0.0114,0.007764347277191996,0.01000000001406437,1.0,0.9999999840446626,1.5955337384632173e-08,1.0,0.999999996889135,3.1108650100364343e-09,0.0,0.0,315.2838962641025
star,unweighted,15,heteroscedastic,0.15,1.0,2,1.8666666666666667,1.737198072430758,28.0,238.0,0.999999999999998,15.000000000000002,0.022499999999999996,0.46819366839553883,0.0,5.444444444444444,0.5537804565273144,0.5537804565273147,4.0096143211236504e-16,0.14781688811870064,0.14781688811870072,5.63309970238458e-16,1.885151842351118,2.018679500652006,0.07083124833825352,0.0138,0.0108,0.013419834931419516,0.010000000026180622,0.2682,0.26116662335833163,0.007033376641668365,0.2166,0.2138338687657403,0.0027661312342597,0.0,0.0,34.58058635548847
star,unweighted,15,heteroscedastic,0.15,1.75,2,1.8666666666666667,1.737198072430758,28.0,238.0,0.999999999999998,15.000000000000002,0.022499999999999996,0.46819366839553883,0.0,5.444444444444444,0.5537804565273144,0.5537804565273147,4.0096143211236504e-16,0.14781688811870064,0.14781688811870072,5.63309970238458e-16,1.885151842351118,2.018679500652006,0.07083124833825352,0.0138,0.0108,0.013419834931419516,0.010000000026180622,0.9978,0.997669877369265,0.00013012263073497454,0.9942,0.9951533685217512,-0.0009533685217512078,0.0,0.0,105.90304571368347
star,unweighted,15,heteroscedastic,0.15,3.0,2,1.8666666666666667,1.737198072430758,28.0,238.0,0.999999999999998,15.000000000000002,0.022499999999999996,0.46819366839553883,0.0,5.444444444444444,0.5537804565273144,0.5537804565273147,4.0096143211236504e-16,0.14781688811870064,0.14781688811870072,5.63309970238458e-16,1.885151842351118,2.018679500652006,0.07083124833825352,0.0138,0.0108,0.013419834931419516,0.010000000026180622,1.0,0.9999999999794036,2.0596413463636054e-11,1.0,0.9999999999792857,2.0714319148851246e-11,0.0,0.0,311.22527719939626
star,unweighted,15,heteroscedastic,0.3,1.0,0,1.8666666666666667,1.737198072430758,28.0,238.0,0.999999999999998,15.000000000000002,0.09000000000000001,0.4681936683955389,0.0,5.444444444444444,3.1729674275455246,3.1729674275455246,0.0,8.643790362698137,8.64379036269814,2.0550670074855508e-16,15.052993978629635,14.761825545258235,-0.019342891771880373,0.0116,0.0118,0.009234268948352775,0.009999999921216418,0.0436,0.04618325706896683,-0.0025832570689668308,0.0452,0.047938067305325495,-0.002738067305325498,0.0,0.0,8.757886007336195
star,unweighted,15,heteroscedastic,0.3,1.75,0,1.8666666666666667,1.737198072430758,28.0,238.0,0.999999999999998,15.000000000000002,0.09000000000000001,0.4681936683955389,0.0,5.444444444444444,3.1729674275455246,3.1729674275455246,0.0,8.643790362698137,8.64379036269814,2.0550670074855508e-16,15.052993978629635,14.761825545258235,-0.019342891771880373,0.0116,0.0118,0.009234268948352775,0.009999999921216418,0.0918,0.09120854636574889,0.0005914536342511156,0.093,0.09336672251910741,-0.0003667225191074097,0.0,0.0,26.8210258974671
star,unweighted,15,heteroscedastic,0.3,3.0,0,1.8666666666666667,1.737198072430758,28.0,238.0,0.999999999999998,15.000000000000002,0.09000000000000001,0.4681936683955389,0.0,5.444444444444444,3.1729674275455246,3.1729674275455246,0.0,8.643790362698137,8.64379036269814,2.0550670074855508e-16,15.052993978629635,14.761825545258235,-0.019342891771880373,0.0116,0.0118,0.009234268948352775,0.009999999921216418,0.2232,0.2274120876675302,-0.004212087667530201,0.2356,0.24021075086029323,-0.004610750860293222,0.0,0.0,78.82097406602576
star,unweighted,15,heteroscedastic,0.3,1.0,1,1.8666666666666667,1.737198072430758,28.0,238.0,0.999999999999998,15.000000000000002,0.09000000000000001,0.4681936683955389,0.0,5.444444444444444,3.3386098999743528,3.338609899974353,1.330162022982901e-16,10.154634807815004,10.154634807815006,1.7493064723835926e-16,16.742933105617364,15.922988479272087,-0.04897257972500533,0.0064,0.0084,0.008137129669174792,0.010000000088661642,0.0414,0.04042864738908136,0.0009713526109186368,0.0456,0.044718528592518264,0.0008814714074817376,0.0,0.0,8.740290051819667
star,unweighted,15,heteroscedastic,0.3,1.75,1,1.8666666666666667,1.737198072430758,28.0,238.0,0.999999999999998,15.000000000000002,0.09000000000000001,0.4681936683955389,0.0,5.444444444444444,3.3386098999743528,3.338609899974353,1.330162022982901e-16,10.154634807815004,10.154634807815006,1.7493064723835926e-16,16.742933105617364,15.922988479272087,-0.04897257972500533,0.0064,0.0084,0.008137129669174792,0.010000000088661642,0.078,0.085249012902801,-0.007249012902801,0.0846,0.0902531913074439,-0.0056531913074439055,0.0,0.0,26.76713828369773
star,unweighted,15,heteroscedastic,0.3,3.0,1,1.8666666666666667,1.737198072430758,28.0,238.0,0.999999999999998,15.000000000000002,0.09000000000000001,0.4681936683955389,0.0,5.444444444444444,3.3386098999743528,3.338609899974353,1.330162022982901e-16,10.154634807815004,10.154634807815006,1.7493064723835926e-16,16.742933105617364,15.922988479272087,-0.04897257972500533,0.0064,0.0084,0.008137129669174792,0.010000000088661642,0.1738,0.18138441147438222,-0.007584411474382213,0.1974,0.20594548869928217,-0.008545488699282178,0.0,0.0,78.66261046637702
star,unweighted,15,heteroscedastic,0.3,1.0,2,1.8666666666666667,1.737198072430758,28.0,238.0,0.999999999999998,15.000000000000002,0.09000000000000002,0.4681936683955388,0.0,5.444444444444444,3.014526801744037,3.014526801744037,0.0,7.315914691431854,7.315914691431852,-3.6421081593816107e-16,13.917918615536854,13.651819437968467,-0.019119179017998804,0.0088,0.0094,0.009236916970846165,0.009999999972452156,0.0458,0.04967823289920491,-0.0038782328992049073,0.0476,0.051454747262835096,-0.0038547472628350926,0.0,0.0,8.76000258783584
star,unweighted,15,heteroscedastic,0.3,1.75,2,1.8666666666666667,1.737198072430758,28.0,238.0,0.999999999999998,15.000000000000002,0.09000000000000002,0.4681936683955388,0.0,5.444444444444444,3.014526801744037,3.014526801744037,0.0,7.315914691431854,7.315914691431852,-3.6421081593816107e-16,13.917918615536854,13.651819437968467,-0.019119179017998804,0.0088,0.0094,0.009236916970846165,0.009999999972452156,0.0932,0.09449612446739351,-0.0012961244673935085,0.0952,0.09681305277546975,-0.0016130527754697477,0.0,0.0,26.827507925247257
star,unweighted,15,heteroscedastic,0.3,3.0,2,1.8666666666666667,1.737198072430758,28.0,238.0,0.999999999999998,15.000000000000002,0.09000000000000002,0.4681936683955388,0.0,5.444444444444444,3.014526801744037,3.014526801744037,0.0,7.315914691431854,7.315914691431852,-3.6421081593816107e-16,13.917918615536854,13.651819437968467,-0.019119179017998804,0.0088,0.0094,0.009236916970846165,0.009999999972452156,0.2672,0.2726966088787291,-0.005496608878729103,0.286,0.28922952025179094,-0.0032295202517909627,0.0,0.0,78.84002329052257
star,unweighted,15,correlated,0.15,1.0,0,1.8666666666666667,1.737198072430758,28.0,238.0,0.999999999999998,15.000000000000002,0.022500000000000006,0.18441007380957974,0.08739973648858113,6.950413223140501,0.6188537925174917,0.6188537925174918,1.7939989025659504e-16,0.26599122367699046,0.2659912236769908,1.2521725445799319e-15,2.5431760287588987,2.641654707373151,0.03872271423630523,0.0118,0.01,0.011677383132555341,0.010000000001314013,0.1448,0.14490162927493586,-0.00010162927493584384,0.1346,0.13425799225076568,0.00034200774923431876,0.0,0.0,18.36838682224371
star,unweighted,15,correlated,0.15,1.75,0,1.8666666666666667,1.737198072430758,28.0,238.0,0.999999999999998,15.000000000000002,0.022500000000000006,0.18441007380957974,0.08739973648858113,6.950413223140501,0.6188537925174917,0.6188537925174918,1.7939989025659504e-16,0.26599122367699046,0.2659912236769908,1.2521725445799319e-15,2.5431760287588987,2.641654707373151,0.03872271423630523,0.0118,0.01,0.011677383132555341,0.010000000001314013,0.9592,0.9559491199953919,0.0032508800046081587,0.9406,0.9347016254521624,0.005898374547837593,0.0,0.0,56.25318464312135
star,unweighted,15,correlated,0.15,3.0,0,1.8666666666666667,1.737198072430758,28.0,238.0,0.999999999999998,15.000000000000002,0.022500000000000006,0.18441007380957974,0.08739973648858113,6.950413223140501,0.6188537925174917,0.6188537925174918,1.7939989025659504e-16,0.26599122367699046,0.2659912236769908,1.2521725445799319e-15,2.5431760287588987,2.641654707373151,0.03872271423630523,0.0118,0.01,0.011677383132555341,0.010000000001314013,1.0,1.0,0.0,1.0,0.9999999999999976,2.4424906541753444e-15,0.0,0.0,165.31548140019336
star,unweighted,15,correlated,0.15,1.0,1,1.8666666666666667,1.737198072430758,28.0,238.0,0.999999999999998,15.000000000000002,0.022500000000000006,0.18441007380957974,0.08739973648858113,6.950413223140501,0.6188537925174917,0.6188537925174918,1.7939989025659504e-16,0.26599122367699046,0.2659912236769908,1.2521725445799319e-15,2.543554927038339,2.641654707373151,0.03856798187921876,0.0088,0.0074,0.01167040312160983,0.010000000001314013,0.1434,0.1448573380361161,-0.0014573380361161126,0.1352,0.13425799225076568,0.0009420077492343082,0.0,0.0,18.36838682224371
star,unweighted,15,correlated,0.15,1.75,1,1.8666666666666667,1.737198072430758,28.0,238.0,0.999999999999998,15.000000000000002,0.022500000000000006,0.18441007380957974,0.08739973648858113,6.950413223140501,0.6188537925174917,0.6188537925174918,1.7939989025659504e-16,0.26599122367699046,0.2659912236769908,1.2521725445799319e-15,2.543554927038339,2.641654707373151,0.03856798187921876,0.0088,0.0074,0.01167040312160983,0.010000000001314013,0.9554,0.9558784433319107,-0.0004784433319107162,0.9334,0.9347016254521624,-0.0013016254521623916,0.0,0.0,56.25318464312135
star,unweighted,15,correlated,0.15,3.0,1,1.8666666666666667,1.737198072430758,28.0,238.0,0.999999999999998,15.000000000000002,0.022500000000000006,0.18441007380957974,0.08739973648858113,6.950413223140501,0.6188537925174917,0.6188537925174918,1.7939989025659504e-16,0.26599122367699046,0.2659912236769908,1.2521725445799319e-15,2.543554927038339,2.641654707373151,0.03856798187921876,0.0088,0.0074,0.01167040312160983,0.010000000001314013,1.0,1.0,0.0,1.0,0.9999999999999976,2.4424906541753444e-15,0.0,0.0,165.31548140019336
star,unweighted,15,correlated,0.15,1.0,2,1.8666666666666667,1.737198072430758,28.0,238.0,0.999999999999998,15.000000000000002,0.022500000000000006,0.18441007380957974,0.08739973648858113,6.950413223140501,0.6188537925174917,0.6188537925174918,1.7939989025659504e-16,0.26599122367699046,0.2659912236769908,1.2521725445799319e-15,2.687293277204581,2.641654707373151,-0.01698309976754929,0.0084,0.009,0.009308516008389833,0.010000000001314013,0.135,0.12986614184163744,0.005133858158362564,0.1396,0.13425799225076568,0.005342007749234323,0.0,0.0,18.36838682224371
star,unweighted,15,correlated,0.15,1.75,2,1.8666666666666667,1.737198072430758,28.0,238.0,0.999999999999998,15.000000000000002,0.022500000000000006,0.18441007380957974,0.08739973648858113,6.950413223140501,0.6188537925174917,0.6188537925174918,1.7939989025659504e-16,0.26599122367699046,0.2659912236769908,1.2521725445799319e-15,2.687293277204581,2.641654707373151,-0.01698309976754929,0.0084,0.009,0.009308516008389833,0.010000000001314013,0.9314,0.9228054597943094,0.008594540205690615,0.943,0.9347016254521624,0.00829837454783755,0.0,0.0,56.25318464312135
star,unweighted,15,correlated,0.15,3.0,2,1.8666666666666667,1.737198072430758,28.0,238.0,0.999999999999998,15.000000000000002,0.022500000000000006,0.18441007380957974,0.08739973648858113,6.950413223140501,0.6188537925174917,0.6188537925174918,1.7939989025659504e-16,0.26599122367699046,0.2659912236769908,1.2521725445799319e-15,2.687293277204581,2.641654707373151,-0.01698309976754929,0.0084,0.009,0.009308516008389833,0.010000000001314013,1.0,0.9999999999999952,4.773959005888173e-15,1.0,0.9999999999999976,2.4424906541753444e-15,0.0,0.0,165.31548140019336
star,unweighted,15,correlated,0.3,1.0,0,1.8666666666666667,1.737198072430758,28.0,238.0,0.999999999999998,15.000000000000002,0.09000000000000002,0.18441007380957974,0.08739973648858113,6.950413223140501,2.475415170069967,2.4754151700699674,1.7939989025659504e-16,4.255859578831847,4.255859578831853,1.2521725445799319e-15,11.154002598658977,10.566618818671051,-0.052661255436550265,0.008,0.0106,0.007944386227422495,0.010000000012291232,0.0582,0.058308916977828334,-0.00010891697782833276,0.0634,0.0633720969987727,2.7903001227291835e-05,0.0,0.0,4.592096705560928
star,unweighted,15,correlated,0.3,1.75,0,1.8666666666666667,1.737198072430758,28.0,238.0,0.999999999999998,15.000000000000002,0.09000000000000002,0.18441007380957974,0.08739973648858113,6.950413223140501,2.475415170069967,2.4754151700699674,1.7939989025659504e-16,4.255859578831847,4.255859578831853,1.2521725445799319e-15,11.154002598658977,10.566618818671051,-0.052661255436550265,0.008,0.0106,0.007944386227422495,0.010000000012291232,0.099,0.1021884440491488,-0.0031884440491487948,0.1092,0.11082071926244673,-0.0016207192624467237,0.0,0.0,14.063296160780338
star,unweighted,15,correlated,0.3,3.0,0,1.8666666666666667,1.737198072430758,28.0,238.0,0.999999999999998,15.000000000000002,0.09000000000000002,0.18441007380957974,0.08739973648858113,6.950413223140501,2.475415170069967,2.4754151700699674,1.7939989025659504e-16,4.255859578831847,4.255859578831853,1.2521725445799319e-15,11.154002598658977,10.566618818671051,-0.052661255436550265,0.008,0.0106,0.007944386227422495,0.010000000012291232,0.496,0.49041289484432865,0.005587105155671346,0.5748,0.576232607532709,-0.0014326075327090182,0.0,0.0,41.32887035004834
star,unweighted,15,correlated,0.3,1.0,1,1.8666666666666667,1.737198072430758,28.0,238.0,0.999999999999998,15.000000000000002,0.09000000000000002,0.18441007380957974,0.08739973648858113,6.950413223140501,2.475415170069967,2.4754151700699674,1.7939989025659504e-16,4.255859578831847,4.255859578831853,1.2521725445799319e-15,10.614828801616396,10.566618818671051,-0.004541757935653502,0.011,0.011,0.009812410232505064,0.010000000012291232,0.0616,0.06292830207621739,-0.001328302076217383,0.0622,0.0633720969987727,-0.0011720969987727078,0.0,0.0,4.592096705560928
star,unweighted,15,correlated,0.3,1.75,1,1.8666666666666667,1.737198072430758,28.0,238.0,0.999999999999998,15.000000000000002,0.09000000000000002,0.18441007380957974,0.08739973648858113,6.950413223140501,2.475415170069967,2.4754151700699674,1.7939989025659504e-16,4.255859578831847,4.255859578831853,1.2521725445799319e-15,10.614828801616396,10.566618818671051,-0.004541757935653502,0.011,0.011,0.009812410232505064,0.010000000012291232,0.0996,0.11003656891093277,-0.01043656891093278,0.1002,0.11082071926244673,-0.010620719262446732,0.0,0.0,14.063296160780338
star,unweighted,15,correlated,0.3,3.0,1,1.8666666666666667,1.737198072430758,28.0,238.0,0.999999999999998,15.000000000000002,0.09000000000000002,0.18441007380957974,0.08739973648858113,6.950413223140501,2.475415170069967,2.4754151700699674,1.7939989025659504e-16,4.255859578831847,4.255859578831853,1.2521725445799319e-15,10.614828801616396,10.566618818671051,-0.004541757935653502,0.011,0.011,0.009812410232505064,0.010000000012291232,0.5652,0.5689236742712233,-0.0037236742712232207,0.5728,0.576232607532709,-0.00343260753270902,0.0,0.0,41.32887035004834
star,unweighted,15,correlated,0.3,1.0,2,1.8666666666666667,1.737198072430758,28.0,238.0,0.999999999999998,15.000000000000002,0.09000000000000002,0.18441007380957974,0.08739973648858113,6.950413223140501,2.475415170069967,2.4754151700699674,1.7939989025659504e-16,4.255859578831847,4.255859578831853,1.2521725445799319e-15,10.351607736638739,10.566618818671051,0.020770791117914612,0.011,0.01,0.010882424653755995,0.010000000012291232,0.064,0.06541970704520532,-0.0014197070452053179,0.0622,0.0633720969987727,-0.0011720969987727078,0.0,0.0,4.592096705560928
star,unweighted,15,correlated,0.3,1.75,2,1.8666666666666667,1.737198072430758,28.0,238.0,0.999999999999998,15.000000000000002,0.09000000000000002,0.18441007380957974,0.08739973648858113,6.950413223140501,2.475415170069967,2.4754151700699674,1.7939989025659504e-16,4.255859578831847,4.255859578831853,1.2521725445799319e-15,10.351607736638739,10.566618818671051,0.020770791117914612,0.011,0.01,0.010882424653755995,0.010000000012291232,0.1116,0.11450227598481531,-0.0029022759848153085,0.1086,0.11082071926244673,-0.002220719262446727,0.0,0.0,14.063296160780338
star,unweighted,15,correlated,0.3,3.0,2,1.8666666666666667,1.737198072430758,28.0,238.0,0.999999999999998,15.000000000000002,0.09000000000000002,0.18441007380957974,0.08739973648858113,6.950413223140501,2.475415170069967,2.4754151700699674,1.7939989025659504e-16,4.255859578831847,4.255859578831853,1.2521725445799319e-15,10.351607736638739,10.566618818671051,0.020770791117914612,0.011,0.01,0.010882424653755995,0.010000000012291232,0.6118,0.6092088849209211,0.002591115079078943,0.5782,0.576232607532709,0.0019673924672910514,0.0,0.0,41.32887035004834
star,unweighted,30,iid,0.15,1.0,0,1.9333333333333333,2.5997347344787256,58.0,928.0,0.9999999999999982,30.0,0.022499999999999996,1.5419764230904954e-16,0.0,1.0,1.3049999999999997,1.3049999999999997,0.0,0.9395999999999995,0.9396000000000001,5.907955644024889e-16,4.752811792658609,5.1209709754991115,0.07746134265387411,0.0124,0.0096,0.013600690139276894,0.010000000000132958,0.0698,0.06849811111325912,0.0013018888867408762,0.062,0.0592771278216034,0.0027228721783965973,0.0,0.0,18.114217892428396
star,unweighted,30,iid,0.15,1.75,0,1.9333333333333333,2.5997347344787256,58.0,928.0,0.9999999999999982,30.0,0.022499999999999996,1.5419764230904954e-16,0.0,1.0,1.3049999999999997,1.3049999999999997,0.0,0.9395999999999995,0.9396000000000001,5.907955644024889e-16,4.752811792658609,5.1209709754991115,0.07746134265387411,0.0124,0.0096,0.013600690139276894,0.010000000000132958,0.2852,0.28936946243694506,-0.004169462436945048,0.2142,0.21387098172406763,0.00032901827593237454,0.0,0.0,55.47479229556199
star,unweighted,30,iid,0.15,3.0,0,1.9333333333333333,2.5997347344787256,58.0,928.0,0.9999999999999982,30.0,0.022499999999999996,1.5419764230904954e-16,0.0,1.0,1.3049999999999997,1.3049999999999997,0.0,0.9395999999999995,0.9396000000000001,5.907955644024889e-16,4.752811792658609,5.1209709754991115,0.07746134265387411,0.0124,0.0096,0.013600690139276894,0.010000000000132958,1.0,0.9999999996559608,3.440392415399174e-10,1.0,0.9999999902166519,9.783348131620073e-09,0.0,0.0,163.02796103185565
star,unweighted,30,iid,0.15,1.0,1,1.9333333333333333,2.5997347344787256,58.0,928.0,0.9999999999999982,30.0,0.022499999999999996,1.5419764230904954e-16,0.0,1.0,1.3049999999999997,1.3049999999999997,0.0,0.9395999999999995,0.9396000000000001,5.907955644024889e-16,4.859688995028857,5.1209709754991115,0.0537651649596361,0.0126,0.0106,0.01243578347276253,0.010000000000132958,0.0586,0.06551301923035614,-0.006913019230356143,0.0536,0.0592771278216034,-0.0056771278216034005,0.0,0.0,18.114217892428396
star,unweighted,30,iid,0.15,1.75,1,1.9333333333333333,2.5997347344787256,58.0,928.0,0.9999999999999982,30.0,0.022499999999999996,1.5419764230904954e-16,0.0,1.0,1.3049999999999997,1.3049999999999997,0.0,0.9395999999999995,0.9396000000000001,5.907955644024889e-16,4.859688995028857,5.1209709754991115,0.0537651649596361,0.0126,0.0106,0.01243578347276253,0.010000000000132958,0.2738,0.26418764247038323,0.009612357529616755,0.2234,0.21387098172406763,0.00952901827593236,0.0,0.0,55.47479229556199
star,unweighted,30,iid,0.15,3.0,1,1.9333333333333333,2.5997347344787256,58.0,928.0,0.9999999999999982,30.0,0.022499999999999996,1.5419764230904954e-16,0.0,1.0,1.3049999999999997,1.3049999999999997,0.0,0.9395999999999995,0.9396000000000001,5.907955644024889e-16,4.859688995028857,5.1209709754991115,0.0537651649596361,0.0126,0.0106,0.01243578347276253,0.010000000000132958,1.0,0.9999999990484144,9.515855881048196e-10,1.0,0.9999999902166519,9.783348131620073e-09,0.0,0.0,163.02796103185565
star,unweighted,30,iid,0.15,1.0,2,1.9333333333333333,2.5997347344787256,58.0,928.0,0.9999999999999982,30.0,0.022499999999999996,1.5419764230904954e-16,0.0,1.0,1.3049999999999997,1.3049999999999997,0.0,0.9395999999999995,0.9396000000000001,5.907955644024889e-16,5.075724608049149,5.1209709754991115,0.008914267605892232,0.0092,0.0088,0.010383801281843852,0.010000000000132958,0.0562,0.06025937829597292,-0.004059378295972922,0.056,0.0592771278216034,-0.003277127821603401,0.0,0.0,18.114217892428396
star,unweighted,30,iid,0.15,1.75,2,1.9333333333333333,2.5997347344787256,58.0,928.0,0.9999999999999982,30.0,0.022499999999999996,1.5419764230904954e-16,0.0,1.0,1.3049999999999997,1.3049999999999997,0.0,0.9395999999999995,0.9396000000000001,5.907955644024889e-16,5.075724608049149,5.1209709754991115,0.008914267605892232,0.0092,0.0088,0.010383801281843852,0.010000000000132958,0.217,0.22157523502987378,-0.004575235029873781,0.212,0.21387098172406763,-0.001870981724067633,0.0,0.0,55.47479229556199
star,unweighted,30,iid,0.15,3.0,2,1.9333333333333333,2.5997347344787256,58.0,928.0,0.9999999999999982,30.0,0.022499999999999996,1.5419764230904954e-16,0.0,1.0,1.3049999999999997,1.3049999999999997,0.0,0.9395999999999995,0.9396000000000001,5.907955644024889e-16,5.075724608049149,5.1209709754991115,0.008914267605892232,0.0092,0.0088,0.010383801281843852,0.010000000000132958,1.0,0.999999993363785,6.636215021948999e-09,1.0,0.9999999902166519,9.783348131620073e-09,0.0,0.0,163.02796103185565
star,unweighted,30,iid,0.3,1.0,0,1.9333333333333333,2.5997347344787256,58.0,928.0,0.9999999999999982,30.0,0.08999999999999998,1.5419764230904954e-16,0.0,1.0,5.219999999999999,5.219999999999999,0.0,15.033599999999993,15.033600000000002,5.907955644024889e-16,19.864472633605065,20.48388482309252,0.031181909578590346,0.0112,0.0096,0.011377421563175005,0.010000000000140952,0.0378,0.03986516420513796,-0.0020651642051379565,0.0362,0.037699060161377494,-0.0014990601613774912,0.0,0.0,4.528554473107099
star,unweighted,30,iid,0.3,1.75,0,1.9333333333333333,2.5997347344787256,58.0,928.0,0.9999999999999982,30.0,0.08999999999999998,1.5419764230904954e-16,0.0,1.0,5.219999999999999,5.219999999999999,0.0,15.033599999999993,15.033600000000002,5.907955644024889e-16,19.864472633605065,20.48388482309252,0.031181909578590346,0.0112,0.0096,0.011377421563175005,0.010000000000140952,0.0552,0.05683313101077668,-0.001633131010776681,0.0526,0.05401258720215588,-0.0014125872021558822,0.0,0.0,13.868698073890497
star,unweighted,30,iid,0.3,3.0,0,1.9333333333333333,2.5997347344787256,58.0,928.0,0.9999999999999982,30.0,0.08999999999999998,1.5419764230904954e-16,0.0,1.0,5.219999999999999,5.219999999999999,0.0,15.033599999999993,15.033600000000002,5.907955644024889e-16,19.864472633605065,20.48388482309252,0.031181909578590346,0.0112,0.0096,0.011377421563175005,0.010000000000140952,0.1316,0.12853939199660866,0.003060608003391335,0.1204,0.11684568659175577,0.0035543134082442196,0.0,0.0,40.75699025796391
star,unweighted,30,iid,0.3,1.0,1,1.9333333333333333,2.5997347344787256,58.0,928.0,0.9999999999999982,30.0,0.08999999999999998,1.5419764230904954e-16,0.0,1.0,5.219999999999999,5.219999999999999,0.0,15.033599999999993,15.033600000000002,5.907955644024889e-16,19.079776645345724,20.48388482309252,0.07359143683106535,0.0124,0.0092,0.013406660072405652,0.010000000000140952,0.0396,0.04295035854908112,-0.0033503585490811186,0.0342,0.037699060161377494,-0.003499060161377493,0.0,0.0,4.528554473107099
star,unweighted,30,iid,0.3,1.75,1,1.9333333333333333,2.5997347344787256,58.0,928.0,0.9999999999999982,30.0,0.08999999999999998,1.5419764230904954e-16,0.0,1.0,5.219999999999999,5.219999999999999,0.0,15.033599999999993,15.033600000000002,5.907955644024889e-16,19.079776645345724,20.48388482309252,0.07359143683106535,0.0124,0.0092,0.013406660072405652,0.010000000000140952,0.0692,0.0609874561253575,0.0082125438746425,0.0612,0.05401258720215588,0.007187412797844114,0.0,0.0,13.868698073890497
star,unweighted,30,iid,0.3,3.0,1,1.9333333333333333,2.5997347344787256,58.0,928.0,0.9999999999999982,30.0,0.08999999999999998,1.5419764230904954e-16,0.0,1.0,5.219999999999999,5.219999999999999,0.0,15.033599999999993,15.033600000000002,5.907955644024889e-16,19.079776645345724,20.48388482309252,0.07359143683106535,0.0124,0.0092,0.013406660072405652,0.010000000000140952,0.1506,0.14606341542787624,0.004536584572123775,0.1174,0.11684568659175577,0.0005543134082442308,0.0,0.0,40.75699025796391
star,unweighted,30,iid,0.3,1.0,2,1.9333333333333333,2.5997347344787256,58.0,928.0,0.9999999999999982,30.0,0.08999999999999998,1.5419764230904954e-16,0.0,1.0,5.219999999999999,5.219999999999999,0.0,15.033599999999993,15.033600000000002,5.907955644024889e-16,20.53890681974317,20.48388482309252,-0.0026789155398357395,0.0106,0.011,0.009886224848764835,0.010000000000140952,0.0314,0.03751693422073301,-0.006116934220733013,0.0316,0.037699060161377494,-0.006099060161377491,0.0,0.0,4.528554473107099
star,unweighted,30,iid,0.3,1.75,2,1.9333333333333333,2.5997347344787256,58.0,928.0,0.9999999999999982,30.0,0.08999999999999998,1.5419764230904954e-16,0.0,1.0,5.219999999999999,5.219999999999999,0.0,15.033599999999993,15.033600000000002,5.907955644024889e-16,20.53890681974317,20.48388482309252,-0.0026789155398357395,0.0106,0.011,0.009886224848764835,0.010000000000140952,0.0562,0.053779545421626676,0.002420454578373324,0.0566,0.05401258720215588,0.0025874127978441144,0.0,0.0,13.868698073890497
star,unweighted,30,iid,0.3,3.0,2,1.9333333333333333,2.5997347344787256,58.0,928.0,0.9999999999999982,30.0,0.08999999999999998,1.5419764230904954e-16,0.0,1.0,5.219999999999999,5.219999999999999,0.0,15.033599999999993,15.033600000000002,5.907955644024889e-16,20.53890681974317,20.48388482309252,-0.0026789155398357395,0.0106,0.011,0.009886224848764835,0.010000000000140952,0.1152,0.11588622400416006,-0.0006862240041600604,0.1166,0.11684568659175577,-0.00024568659175577823,0.0,0.0,40.75699025796391
star,unweighted,30,heteroscedastic,0.15,1.0,0,1.9333333333333333,2.5997347344787256,58.0,928.0,0.9999999999999982,30.0,0.022500000000000003,0.45434452223505745,0.0,5.444444444444444,0.9995580537265079,0.9995580537265079,0.0,0.2931286464736499,0.2931286464736498,-3.7874941189855953e-16,3.0491436439410533,3.0544241906664813,0.0017318130406617463,0.0098,0.0098,0.010083001519060664,0.010000000000000508,0.102,0.09764099664405614,0.004359003355943858,0.1018,0.09710097205294738,0.004699027947052625,0.0,0.0,35.03533150704683
star,unweighted,30,heteroscedastic,0.15,1.75,0,1.9333333333333333,2.5997347344787256,58.0,928.0,0.9999999999999982,30.0,0.022500000000000003,0.45434452223505745,0.0,5.444444444444444,0.9995580537265079,0.9995580537265079,0.0,0.2931286464736499,0.2931286464736498,-3.7874941189855953e-16,3.0491436439410533,3.0544241906664813,0.0017318130406617463,0.0098,0.0098,0.010083001519060664,0.010000000000000508,0.932,0.9290736143337176,0.0029263856662824494,0.9308,0.9278347983276763,0.002965201672323614,0.0,0.0,107.29570274033091
star,unweighted,30,heteroscedastic,0.15,3.0,0,1.9333333333333333,2.5997347344787256,58.0,928.0,0.9999999999999982,30.0,0.022500000000000003,0.45434452223505745,0.0,5.444444444444444,0.9995580537265079,0.9995580537265079,0.0,0.2931286464736499,0.2931286464736498,-3.7874941189855953e-16,3.0491436439410533,3.0544241906664813,0.0017318130406617463,0.0098,0.0098,0.010083001519060664,0.010000000000000508,1.0,0.9999999999915654,8.43458636268224e-12,1.0,0.9999999999689803,3.1019742330329336e-11,0.0,0.0,315.3179835634215
star,unweighted,30,heteroscedastic,0.15,1.0,1,1.9333333333333333,2.5997347344787256,58.0,928.0,0.9999999999999982,30.0,0.022500000000000003,0.45434452223505745,0.0,5.444444444444444,0.9528402903811254,0.952840290381125,-3.495516622773413e-16,0.2284615117725797,0.22846151177257962,-3.64467197125851e-16,2.656503291941031,2.740815245358176,0.031737944264146,0.0136,0.0108,0.011651813340698147,0.010000000000000009,0.137,0.13623939813197694,0.0007606018680230697,0.1216,0.12105531181367034,0.0005446881863296615,0.0,0.0,35.50662788216144
star,unweighted,30,heteroscedastic,0.15,1.75,1,1.9333333333333333,2.5997347344787256,58.0,928.0,0.9999999999999982,30.0,0.022500000000000003,0.45434452223505745,0.0,5.444444444444444,0.9528402903811254,0.952840290381125,-3.495516622773413e-16,0.2284615117725797,0.22846151177257962,-3.64467197125851e-16,2.656503291941031,2.740815245358176,0.031737944264146,0.0136,0.0108,0.011651813340698147,0.010000000000000009,0.9822,0.9833749278548254,-0.001174927854825425,0.972,0.9763141816308456,-0.004314181630845626,0.0,0.0,108.73904788911938
star,unweighted,30,heteroscedastic,0.15,3.0,1,1.9333333333333333,2.5997347344787256,58.0,928.0,0.9999999999999982,30.0,0.022500000000000003,0.45434452223505745,0.0,5.444444444444444,0.9528402903811254,0.952840290381125,-3.495516622773413e-16,0.2284615117725797,0.22846151177257962,-3.64467197125851e-16,2.656503291941031,2.740815245358176,0.031737944264146,0.0136,0.0108,0.011651813340698147,0.010000000000000009,1.0,0.9999999999999933,6.661338147750939e-15,1.0,0.9999999999999231,7.693845560652335e-14,0.0,0.0,319.559650939453
star,unweighted,30,heteroscedastic,0.15,1.0,2,1.9333333333333333,2.5997347344787256,58.0,928.0,0.9999999999999982,30.0,0.022500000000000006,0.45434452223505734,0.0,5.444444444444444,0.9528402903811254,0.9528402903811253,-1.1651722075911377e-16,0.2284615117725797,0.22846151177257962,-3.64467197125851e-16,2.6614815267826146,2.7408152453581813,0.029808104161996894,0.0116,0.0102,0.01154690137606118,0.009999999999999898,0.1348,0.13526809053161928,-0.0004680905316192807,0.1208,0.1210553118136694,-0.00025531181366938993,0.0,0.0,35.50662788216129
star,unweighted,30,heteroscedastic,0.15,1.75,2,1.9333333333333333,2.5997347344787256,58.0,928.0,0.9999999999999982,30.0,0.022500000000000006,0.45434452223505734,0.0,5.444444444444444,0.9528402903811254,0.9528402903811253,-1.1651722075911377e-16,0.2284615117725797,0.22846151177257962,-3.64467197125851e-16,2.6614815267826146,2.7408152453581813,0.029808104161996894,0.0116,0.0102,0.01154690137606118,0.009999999999999898,0.9824,0.9830146278568911,-0.0006146278568910368,0.9764,0.9763141816308448,8.581836915522167e-05,0.0,0.0,108.73904788911892
star,unweighted,30,heteroscedastic,0.15,3.0,2,1.9333333333333333,2.5997347344787256,58.0,928.0,0.9999999999999982,30.0,0.022500000000000006,0.45434452223505734,0.0,5.444444444444444,0.9528402903811254,0.9528402903811253,-1.1651722075911377e-16,0.2284615117725797,0.22846151177257962,-3.64467197125851e-16,2.6614815267826146,2.7408152453581813,0.029808104161996894,0.0116,0.0102,0.01154690137606118,0.009999999999999898,1.0,0.9999999999999925,7.549516567451064e-15,1.0,0.9999999999999231,7.693845560652335e-14,0.0,0.0,319.5596509394516
star,unweighted,30,heteroscedastic,0.3,1.0,0,1.9333333333333333,2.5997347344787256,58.0,928.0,0.9999999999999982,30.0,0.09000000000000002,0.45434452223505734,0.0,5.444444444444444,3.558268812527187,3.558268812527187,0.0,2.492095619185364,2.492095619185364,0.0,9.689887292813024,9.279580951472004,-0.042343768192777985,0.0062,0.009,0.007907847999810758,0.010000000000000175,0.0488,0.049173775539976886,-0.00037377553997688245,0.054,0.05339596209427163,0.000604037905728369,0.0,0.0,8.833835617494447
star,unweighted,30,heteroscedastic,0.3,1.75,0,1.9333333333333333,2.5997347344787256,58.0,928.0,0.9999999999999982,30.0,0.09000000000000002,0.45434452223505734,0.0,5.444444444444444,3.558268812527187,3.558268812527187,0.0,2.492095619185364,2.492095619185364,0.0,9.689887292813024,9.279580951472004,-0.042343768192777985,0.0062,0.009,0.007907847999810758,0.010000000000000175,0.1106,0.10173991692144266,0.008860083078557346,0.1266,0.12042816123997152,0.00617183876002847,0.0,0.0,27.05362157857675
star,unweighted,30,heteroscedastic,0.3,3.0,0,1.9333333333333333,2.5997347344787256,58.0,928.0,0.9999999999999982,30.0,0.09000000000000002,0.45434452223505734,0.0,5.444444444444444,3.558268812527187,3.558268812527187,0.0,2.492095619185364,2.492095619185364,0.0,9.689887292813024,9.279580951472004,-0.042343768192777985,0.0062,0.009,0.007907847999810758,0.010000000000000175,0.8964,0.893995179057696,0.002404820942303987,0.9268,0.9273375559155789,-0.0005375559155789134,0.0,0.0,79.50452055745004
star,unweighted,30,heteroscedastic,0.3,1.0,1,1.9333333333333333,2.5997347344787256,58.0,928.0,0.9999999999999982,30.0,0.09000000000000001,0.45434452223505734,0.0,5.444444444444444,3.902982406143601,3.9029824061436003,-2.2756403367385476e-16,4.1440198979345455,4.144019897934545,-2.1432774011119237e-16,12.025243575967261,11.577452319974903,-0.03723760380931328,0.0098,0.0112,0.00828851445421086,0.009999999999999953,0.0518,0.04612707501240483,0.005672924987595168,0.0558,0.049015166533035316,0.006784833466964686,0.0,0.0,8.817039863533228
star,unweighted,30,heteroscedastic,0.3,1.75,1,1.9333333333333333,2.5997347344787256,58.0,928.0,0.9999999999999982,30.0,0.09000000000000001,0.45434452223505734,0.0,5.444444444444444,3.902982406143601,3.9029824061436003,-2.2756403367385476e-16,4.1440198979345455,4.144019897934545,-2.1432774011119237e-16,12.025243575967261,11.577452319974903,-0.03723760380931328,0.0098,0.0112,0.00828851445421086,0.009999999999999953,0.077,0.07174027453736666,0.005259725462633341,0.0846,0.0797008594515065,0.004899140548493497,0.0,0.0,27.002184582070512
star,unweighted,30,heteroscedastic,0.3,3.0,1,1.9333333333333333,2.5997347344787256,58.0,928.0,0.9999999999999982,30.0,0.09000000000000001,0.45434452223505734,0.0,5.444444444444444,3.902982406143601,3.9029824061436003,-2.2756403367385476e-16,4.1440198979345455,4.144019897934545,-2.1432774011119237e-16,12.025243575967261,11.577452319974903,-0.03723760380931328,0.0098,0.0112,0.00828851445421086,0.009999999999999953,0.5836,0.5849002179652442,-0.0013002179652441548,0.654,0.657399709703893,-0.003399709703893028,0.0,0.0,79.35335877179907
star,unweighted,30,heteroscedastic,0.3,1.0,2,1.9333333333333333,2.5997347344787256,58.0,928.0,0.9999999999999982,30.0,0.09,0.4543445222350575,0.0,5.444444444444444,5.712728772629779,5.712728772629777,-3.1094716905009444e-16,21.151785266574006,21.151785266573995,-5.038884851599017e-16,24.855135694141737,23.852215939981196,-0.040350604659821876,0.0088,0.0104,0.008394096451711852,0.010000000001511578,0.0238,0.03148277527124844,-0.007682775271248436,0.0256,0.03412950957547411,-0.008529509575474107,0.0,0.0,8.608324105251956
star,unweighted,30,heteroscedastic,0.3,1.75,2,1.9333333333333333,2.5997347344787256,58.0,928.0,0.9999999999999982,30.0,0.09,0.4543445222350575,0.0,5.444444444444444,5.712728772629779,5.712728772629777,-3.1094716905009444e-16,21.151785266574006,21.151785266573995,-5.038884851599017e-16,24.855135694141737,23.852215939981196,-0.040350604659821876,0.0088,0.0104,0.008394096451711852,0.010000000001511578,0.0508,0.048609534416063825,0.002190465583936173,0.054,0.05154487701237102,0.0024551229876289826,0.0,0.0,26.362992572334115
star,unweighted,30,heteroscedastic,0.3,3.0,2,1.9333333333333333,2.5997347344787256,58.0,928.0,0.9999999999999982,30.0,0.09,0.4543445222350575,0.0,5.444444444444444,5.712728772629779,5.712728772629777,-3.1094716905009444e-16,21.151785266574006,21.151785266573995,-5.038884851599017e-16,24.855135694141737,23.852215939981196,-0.040350604659821876,0.0088,0.0104,0.008394096451711852,0.010000000001511578,0.0814,0.08325708495813383,-0.0018570849581338311,0.09,0.09270614311230758,-0.002706143112307588,0.0,0.0,77.4749169472676
star,unweighted,30,correlated,0.15,1.0,0,1.9333333333333333,2.5997347344787256,58.0,928.0,0.9999999999999982,30.0,0.022500000000000003,0.1457201531911842,0.040361160818824064,6.950413223140505,1.4756794953950354,1.4756794953950387,2.2570409660560192e-15,1.5775554820551616,1.577555482055176,9.14890124899098e-15,6.354268572791888,6.448391603021172,0.014812567198104545,0.0096,0.0092,0.010618699685790767,0.010000000002639564,0.0488,0.055139832258643266,-0.006339832258643263,0.0476,0.053881794273402096,-0.006281794273402093,0.0,0.0,11.321482524602398
star,unweighted,30,correlated,0.15,1.75,0,1.9333333333333333,2.5997347344787256,58.0,928.0,0.9999999999999982,30.0,0.022500000000000003,0.1457201531911842,0.040361160818824064,6.950413223140505,1.4756794953950354,1.4756794953950387,2.2570409660560192e-15,1.5775554820551616,1.577555482055176,9.14890124899098e-15,6.354268572791888,6.448391603021172,0.014812567198104545,0.0096,0.0092,0.010618699685790767,0.010000000002639564,0.1356,0.12801397948430268,0.007586020515697317,0.1302,0.12244905713996894,0.007750942860031071,0.0,0.0,34.67204023159484
star,unweighted,30,correlated,0.15,3.0,0,1.9333333333333333,2.5997347344787256,58.0,928.0,0.9999999999999982,30.0,0.022500000000000003,0.1457201531911842,0.040361160818824064,6.950413223140505,1.4756794953950354,1.4756794953950387,2.2570409660560192e-15,1.5775554820551616,1.577555482055176,9.14890124899098e-15,6.354268572791888,6.448391603021172,0.014812567198104545,0.0096,0.0092,0.010618699685790767,0.010000000002639564,1.0,0.9999676947727572,3.23052272428459e-05,1.0,0.9999458433877372,5.415661226282342e-05,0.0,0.0,101.89334272142163
star,unweighted,30,correlated,0.15,1.0,1,1.9333333333333333,2.5997347344787256,58.0,928.0,0.9999999999999982,30.0,0.022500000000000003,0.1457201531911842,0.040361160818824064,6.950413223140505,1.4756794953950354,1.4756794953950387,2.2570409660560192e-15,1.5775554820551616,1.577555482055176,9.14890124899098e-15,6.42141755042218,6.448391603021172,0.004200638315011684,0.0112,0.011,0.010173430783748216,0.010000000002639564,0.051,0.05423449078397185,-0.0032344907839718523,0.0508,0.053881794273402096,-0.0030817942734020984,0.0,0.0,11.321482524602398
star,unweighted,30,correlated,0.15,1.75,1,1.9333333333333333,2.5997347344787256,58.0,928.0,0.9999999999999982,30.0,0.022500000000000003,0.1457201531911842,0.040361160818824064,6.950413223140505,1.4756794953950354,1.4756794953950387,2.2570409660560192e-15,1.5775554820551616,1.577555482055176,9.14890124899098e-15,6.42141755042218,6.448391603021172,0.004200638315011684,0.0112,0.011,0.010173430783748216,0.010000000002639564,0.1276,0.12400623759733295,0.003593762402667039,0.1262,0.12244905713996894,0.0037509428600310674,0.0,0.0,34.67204023159484
star,unweighted,30,correlated,0.15,3.0,1,1.9333333333333333,2.5997347344787256,58.0,928.0,0.9999999999999982,30.0,0.022500000000000003,0.1457201531911842,0.040361160818824064,6.950413223140505,1.4756794953950354,1.4756794953950387,2.2570409660560192e-15,1.5775554820551616,1.577555482055176,9.14890124899098e-15,6.42141755042218,6.448391603021172,0.004200638315011684,0.0112,0.011,0.010173430783748216,0.010000000002639564,1.0,0.9999532029246858,4.679707531418664e-05,1.0,0.9999458433877372,5.415661226282342e-05,0.0,0.0,101.89334272142163
star,unweighted,30,correlated,0.15,1.0,2,1.9333333333333333,2.5997347344787256,58.0,928.0,0.9999999999999982,30.0,0.022500000000000003,0.1457201531911842,0.040361160818824064,6.950413223140505,1.4756794953950354,1.4756794953950387,2.2570409660560192e-15,1.5775554820551616,1.577555482055176,9.14890124899098e-15,6.490639352418484,6.448391603021172,-0.006509027401371609,0.0108,0.011,0.009734422150249167,0.010000000002639564,0.0532,0.053341650236061286,-0.00014165023606128868,0.054,0.053881794273402096,0.00011820572659790307,0.0,0.0,11.321482524602398
star,unweighted,30,correlated,0.15,1.75,2,1.9333333333333333,2.5997347344787256,58.0,928.0,0.9999999999999982,30.0,0.022500000000000003,0.1457201531911842,0.040361160818824064,6.950413223140505,1.4756794953950354,1.4756794953950387,2.2570409660560192e-15,1.5775554820551616,1.577555482055176,9.14890124899098e-15,6.490639352418484,6.448391603021172,-0.006509027401371609,0.0108,0.011,0.009734422150249167,0.010000000002639564,0.1158,0.12006866289603721,-0.004268662896037209,0.1188,0.12244905713996894,-0.0036490571399689364,0.0,0.0,34.67204023159484
star,unweighted,30,correlated,0.15,3.0,2,1.9333333333333333,2.5997347344787256,58.0,928.0,0.9999999999999982,30.0,0.022500000000000003,0.1457201531911842,0.040361160818824064,6.950413223140505,1.4756794953950354,1.4756794953950387,2.2570409660560192e-15,1.5775554820551616,1.577555482055176,9.14890124899098e-15,6.490639352418484,6.448391603021172,-0.006509027401371609,0.0108,0.011,0.009734422150249167,0.010000000002639564,1.0,0.9999321399194343,6.786008056569592e-05,1.0,0.9999458433877372,5.415661226282342e-05,0.0,0.0,101.89334272142163
star,unweighted,30,correlated,0.3,1.0,0,1.9333333333333333,2.5997347344787256,58.0,928.0,0.9999999999999982,30.0,0.09000000000000001,0.1457201531911842,0.040361160818824064,6.950413223140505,5.902717981580142,5.902717981580155,2.2570409660560192e-15,25.240887712882586,25.240887712882817,9.14890124899098e-15,25.6280130886881,25.793560034232677,0.006459609060276596,0.0106,0.01,0.01026737443855208,0.0100000000028585,0.0342,0.03263637950975666,0.0015636204902433407,0.0338,0.032208131577260005,0.001591868422739992,0.0,0.0,2.8303706311505996
star,unweighted,30,correlated,0.3,1.75,0,1.9333333333333333,2.5997347344787256,58.0,928.0,0.9999999999999982,30.0,0.09000000000000001,0.1457201531911842,0.040361160818824064,6.950413223140505,5.902717981580142,5.902717981580155,2.2570409660560192e-15,25.240887712882586,25.240887712882817,9.14890124899098e-15,25.6280130886881,25.793560034232677,0.006459609060276596,0.0106,0.01,0.01026737443855208,0.0100000000028585,0.0468,0.050853685743926076,-0.004053685743926075,0.0462,0.050390171228247765,-0.004190171228247767,0.0,0.0,8.66801005789871
star,unweighted,30,correlated,0.3,3.0,0,1.9333333333333333,2.5997347344787256,58.0,928.0,0.9999999999999982,30.0,0.09000000000000001,0.1457201531911842,0.040361160818824064,6.950413223140505,5.902717981580142,5.902717981580155,2.2570409660560192e-15,25.240887712882586,25.240887712882817,9.14890124899098e-15,25.6280130886881,25.793560034232677,0.006459609060276596,0.0106,0.01,0.01026737443855208,0.0100000000028585,0.0826,0.08512497771027502,-0.002524977710275017,0.0816,0.08379129604142012,-0.0021912960414201127,0.0,0.0,25.473335680355408
star,unweighted,30,correlated,0.3,1.0,1,1.9333333333333333,2.5997347344787256,58.0,928.0,0.9999999999999982,30.0,0.09000000000000001,0.1457201531911842,0.040361160818824064,6.950413223140505,5.902717981580142,5.902717981580155,2.2570409660560192e-15,25.240887712882586,25.240887712882817,9.14890124899098e-15,25.316476032398658,25.793560034232677,0.018844802934795207,0.0122,0.0106,0.010790560273940542,0.0100000000028585,0.0346,0.03346589274860619,0.0011341072513938108,0.0332,0.032208131577260005,0.0009918684227399957,0.0,0.0,2.8303706311505996
star,unweighted,30,correlated,0.3,1.75,1,1.9333333333333333,2.5997347344787256,58.0,928.0,0.9999999999999982,30.0,0.09000000000000001,0.1457201531911842,0.040361160818824064,6.950413223140505,5.902717981580142,5.902717981580155,2.2570409660560192e-15,25.240887712882586,25.240887712882817,9.14890124899098e-15,25.316476032398658,25.793560034232677,0.018844802934795207,0.0122,0.0106,0.010790560273940542,0.0100000000028585,0.0578,0.051759839404112946,0.006040160595887051,0.056,0.050390171228247765,0.005609828771752236,0.0,0.0,8.66801005789871
star,unweighted,30,correlated,0.3,3.0,1,1.9333333333333333,2.5997347344787256,58.0,928.0,0.9999999999999982,30.0,0.09000000000000001,0.1457201531911842,0.040361160818824064,6.950413223140505,5.902717981580142,5.902717981580155,2.2570409660560192e-15,25.240887712882586,25.240887712882817,9.14890124899098e-15,25.316476032398658,25.793560034232677,0.018844802934795207,0.0122,0.0106,0.010790560273940542,0.0100000000028585,0.087,0.08773721017121743,-0.0007372101712174312,0.0838,0.08379129604142012,8.703958579880933e-06,0.0,0.0,25.473335680355408
star,unweighted,30,correlated,0.3,1.0,2,1.9333333333333333,2.5997347344787256,58.0,928.0,0.9999999999999982,30.0,0.09000000000000001,0.1457201531911842,0.040361160818824064,6.950413223140505,5.902717981580142,5.902717981580155,2.2570409660560192e-15,25.240887712882586,25.240887712882817,9.14890124899098e-15,25.43104812677198,25.793560034232677,0.014254697865915716,0.0098,0.0092,0.010595046411570774,0.0100000000028585,0.0326,0.03315717197066732,-0.0005571719706673264,0.0314,0.032208131577260005,-0.0008081315772600073,0.0,0.0,2.8303706311505996
star,unweighted,30,correlated,0.3,1.75,2,1.9333333333333333,2.5997347344787256,58.0,928.0,0.9999999999999982,30.0,0.09000000000000001,0.1457201531911842,0.040361160818824064,6.950413223140505,5.902717981580142,5.902717981580155,2.2570409660560192e-15,25.240887712882586,25.240887712882817,9.14890124899098e-15,25.43104812677198,25.793560034232677,0.014254697865915716,0.0098,0.0092,0.010595046411570774,0.0100000000028585,0.0458,0.05142133627556191,-0.005621336275561911,0.0454,0.050390171228247765,-0.0049901712282477625,0.0,0.0,8.66801005789871
star,unweighted,30,correlated,0.3,3.0,2,1.9333333333333333,2.5997347344787256,58.0,928.0,0.9999999999999982,30.0,0.09000000000000001,0.1457201531911842,0.040361160818824064,6.950413223140505,5.902717981580142,5.902717981580155,2.2570409660560192e-15,25.240887712882586,25.240887712882817,9.14890124899098e-15,25.43104812677198,25.793560034232677,0.014254697865915716,0.0098,0.0092,0.010595046411570774,0.0100000000028585,0.0832,0.08676062662665561,-0.0035606266266556136,0.0812,0.08379129604142012,-0.002591296041420124,0.0,0.0,25.473335680355408
star,unweighted,60,iid,0.15,1.0,0,1.9666666666666666,3.775478418443893,118.0,3658.0,0.9999999999999981,60.0,0.022499999999999996,1.5419764230904954e-16,0.0,1.0,2.6549999999999994,2.655,1.6726523911490122e-16,3.703724999999993,3.703724999999999,1.678647561009764e-15,10.388697530402892,10.274794540306733,-0.010964126134466625,0.0112,0.012,0.009537584846851133,0.010000000000009113,0.031,0.031528805651490445,-0.0005288056514904452,0.0318,0.03224997078798294,-0.00044997078798293677,0.0,0.0,18.815562759358503
star,unweighted,60,iid,0.15,1.75,0,1.9666666666666666,3.775478418443893,118.0,3658.0,0.9999999999999981,60.0,0.022499999999999996,1.5419764230904954e-16,0.0,1.0,2.6549999999999994,2.655,1.6726523911490122e-16,3.703724999999993,3.703724999999999,1.678647561009764e-15,10.388697530402892,10.274794540306733,-0.010964126134466625,0.0112,0.012,0.009537584846851133,0.010000000000009113,0.053,0.05457759046016789,-0.0015775904601678936,0.0558,0.056443261578390434,-0.0006432615783904319,0.0,0.0,57.62266095053543
star,unweighted,60,iid,0.15,3.0,0,1.9666666666666666,3.775478418443893,118.0,3658.0,0.9999999999999981,60.0,0.022499999999999996,1.5419764230904954e-16,0.0,1.0,2.6549999999999994,2.655,1.6726523911490122e-16,3.703724999999993,3.703724999999999,1.678647561009764e-15,10.388697530402892,10.274794540306733,-0.010964126134466625,0.0112,0.012,0.009537584846851133,0.010000000000009113,0.7166,0.7056877752160033,0.010912224783996671,0.7454,0.7362366530355722,0.009163346964427777,0.0,0.0,169.34006483422655
star,unweighted,60,iid,0.15,1.0,1,1.9666666666666666,3.775478418443893,118.0,3658.0,0.9999999999999981,60.0,0.022499999999999996,1.5419764230904954e-16,0.0,1.0,2.6549999999999994,2.655,1.6726523911490122e-16,3.703724999999993,3.703724999999999,1.678647561009764e-15,10.1623807306218,10.274794540306733,0.01106175931257934,0.0086,0.0084,0.010478922330276863,0.010000000000009113,0.0368,0.03299711814749674,0.0038028818525032565,0.0362,0.03224997078798294,0.003950029212017064,0.0,0.0,18.815562759358503
star,unweighted,60,iid,0.15,1.75,1,1.9666666666666666,3.775478418443893,118.0,3658.0,0.9999999999999981,60.0,0.022499999999999996,1.5419764230904954e-16,0.0,1.0,2.6549999999999994,2.655,1.6726523911490122e-16,3.703724999999993,3.703724999999999,1.678647561009764e-15,10.1623807306218,10.274794540306733,0.01106175931257934,0.0086,0.0084,0.010478922330276863,0.010000000000009113,0.0588,0.058379387960907074,0.0004206120390929241,0.057,0.056443261578390434,0.0005567384216095678,0.0,0.0,57.62266095053543
star,unweighted,60,iid,0.15,3.0,1,1.9666666666666666,3.775478418443893,118.0,3658.0,0.9999999999999981,60.0,0.022499999999999996,1.5419764230904954e-16,0.0,1.0,2.6549999999999994,2.655,1.6726523911490122e-16,3.703724999999993,3.703724999999999,1.678647561009764e-15,10.1623807306218,10.274794540306733,0.01106175931257934,0.0086,0.0084,0.010478922330276863,0.010000000000009113,0.7662,0.7654515595504651,0.0007484404495349262,0.7438,0.7362366530355722,0.007563346964427842,0.0,0.0,169.34006483422655
star,unweighted,60,iid,0.15,1.0,2,1.9666666666666666,3.775478418443893,118.0,3658.0,0.9999999999999981,60.0,0.022499999999999996,1.5419764230904954e-16,0.0,1.0,2.6549999999999994,2.655,1.6726523911490122e-16,3.703724999999993,3.703724999999999,1.678647561009764e-15,10.51282975501833,10.274794540306733,-0.02264235417661653,0.0078,0.0084,0.009058527066534594,0.010000000000009113,0.0312,0.03078189590785516,0.0004181040921448394,0.0326,0.03224997078798294,0.0003500292120170584,0.0,0.0,18.815562759358503
star,unweighted,60,iid,0.15,1.75,2,1.9666666666666666,3.775478418443893,118.0,3658.0,0.9999999999999981,60.0,0.022499999999999996,1.5419764230904954e-16,0.0,1.0,2.6549999999999994,2.655,1.6726523911490122e-16,3.703724999999993,3.703724999999999,1.678647561009764e-15,10.51282975501833,10.274794540306733,-0.02264235417661653,0.0078,0.0084,0.009058527066534594,0.010000000000009113,0.051,0.05264856189612597,-0.0016485618961259718,0.0548,0.056443261578390434,-0.0016432615783904328,0.0,0.0,57.62266095053543
star,unweighted,60,iid,0.15,3.0,2,1.9666666666666666,3.775478418443893,118.0,3658.0,0.9999999999999981,60.0,0.022499999999999996,1.5419764230904954e-16,0.0,1.0,2.6549999999999994,2.655,1.6726523911490122e-16,3.703724999999993,3.703724999999999,1.678647561009764e-15,10.51282975501833,10.274794540306733,-0.02264235417661653,0.0078,0.0084,0.009058527066534594,0.010000000000009113,0.6694,0.6716869730142269,-0.0022869730142268674,0.7308,0.7362366530355722,-0.00543665303557217,0.0,0.0,169.34006483422655
star,unweighted,60,iid,0.3,1.0,0,1.9666666666666666,3.775478418443893,118.0,3658.0,0.9999999999999981,60.0,0.08999999999999998,1.5419764230904954e-16,0.0,1.0,10.619999999999997,10.62,1.6726523911490122e-16,59.259599999999885,59.259599999999985,1.678647561009764e-15,41.46587220661276,41.09917785852541,-0.008843280716735326,0.0102,0.0104,0.009626083397369312,0.01000000000000939,0.0212,0.0233352621906655,-0.0021352621906654996,0.0214,0.02381532359134322,-0.0024153235913432214,0.0,0.0,4.703890689839626
star,unweighted,60,iid,0.3,1.75,0,1.9666666666666666,3.775478418443893,118.0,3658.0,0.9999999999999981,60.0,0.08999999999999998,1.5419764230904954e-16,0.0,1.0,10.619999999999997,10.62,1.6726523911490122e-16,59.259599999999885,59.259599999999985,1.678647561009764e-15,41.46587220661276,41.09917785852541,-0.008843280716735326,0.0102,0.0104,0.009626083397369312,0.01000000000000939,0.0322,0.030128077005730346,0.002071922994269653,0.0324,0.03065212280933853,0.0017478771906614676,0.0,0.0,14.405665237633858
star,unweighted,60,iid,0.3,3.0,0,1.9666666666666666,3.775478418443893,118.0,3658.0,0.9999999999999981,60.0,0.08999999999999998,1.5419764230904954e-16,0.0,1.0,10.619999999999997,10.62,1.6726523911490122e-16,59.259599999999885,59.259599999999985,1.678647561009764e-15,41.46587220661276,41.09917785852541,-0.008843280716735326,0.0102,0.0104,0.009626083397369312,0.01000000000000939,0.0416,0.04316054108648146,-0.0015605410864814595,0.0436,0.044196802108400816,-0.0005968021084008165,0.0,0.0,42.33501620855664
star,unweighted,60,iid,0.3,1.0,1,1.9666666666666666,3.775478418443893,118.0,3658.0,0.9999999999999981,60.0,0.08999999999999998,1.5419764230904954e-16,0.0,1.0,10.619999999999997,10.62,1.6726523911490122e-16,59.259599999999885,59.259599999999985,1.678647561009764e-15,41.78905473562801,41.09917785852541,-0.016508554248642327,0.011,0.0116,0.009308410357948993,0.01000000000000939,0.0238,0.022925057865929948,0.0008749421340700538,0.0248,0.02381532359134322,0.0009846764086567789,0.0,0.0,4.703890689839626
star,unweighted,60,iid,0.3,1.75,1,1.9666666666666666,3.775478418443893,118.0,3658.0,0.9999999999999981,60.0,0.08999999999999998,1.5419764230904954e-16,0.0,1.0,10.619999999999997,10.62,1.6726523911490122e-16,59.259599999999885,59.259599999999985,1.678647561009764e-15,41.78905473562801,41.09917785852541,-0.016508554248642327,0.011,0.0116,0.009308410357948993,0.01000000000000939,0.0308,0.029682908386271856,0.0011170916137281453,0.0318,0.03065212280933853,0.0011478771906614713,0.0,0.0,14.405665237633858
star,unweighted,60,iid,0.3,3.0,1,1.9666666666666666,3.775478418443893,118.0,3658.0,0.9999999999999981,60.0,0.08999999999999998,1.5419764230904954e-16,0.0,1.0,10.619999999999997,10.62,1.6726523911490122e-16,59.259599999999885,59.259599999999985,1.678647561009764e-15,41.78905473562801,41.09917785852541,-0.016508554248642327,0.011,0.0116,0.009308410357948993,0.01000000000000939,0.0388,0.04228089059861492,-0.003480890598614922,0.0406,0.044196802108400816,-0.003596802108400819,0.0,0.0,42.33501620855664
star,unweighted,60,iid,0.3,1.0,2,1.9666666666666666,3.775478418443893,118.0,3658.0,0.9999999999999981,60.0,0.08999999999999998,1.5419764230904954e-16,0.0,1.0,10.619999999999997,10.62,1.6726523911490122e-16,59.259599999999885,59.259599999999985,1.678647561009764e-15,39.333615277787914,41.09917785852541,0.04488686250344563,0.0124,0.0104,0.012020280717761234,0.01000000000000939,0.0274,0.026365420226571297,0.0010345797734287038,0.0252,0.02381532359134322,0.00138467640865678,0.0,0.0,4.703890689839626
star,unweighted,60,iid,0.3,1.75,2,1.9666666666666666,3.775478418443893,118.0,3658.0,0.9999999999999981,60.0,0.08999999999999998,1.5419764230904954e-16,0.0,1.0,10.619999999999997,10.62,1.6726523911490122e-16,59.259599999999885,59.259599999999985,1.678647561009764e-15,39.333615277787914,41.09917785852541,0.04488686250344563,0.0124,0.0104,0.012020280717761234,0.01000000000000939,0.0366,0.03348458017084863,0.0031154198291513738,0.034,0.03065212280933853,0.003347877190661472,0.0,0.0,14.405665237633858
star,unweighted,60,iid,0.3,3.0,2,1.9666666666666666,3.775478418443893,118.0,3658.0,0.9999999999999981,60.0,0.08999999999999998,1.5419764230904954e-16,0.0,1.0,10.619999999999997,10.62,1.6726523911490122e-16,59.259599999999885,59.259599999999985,1.678647561009764e-15,39.333615277787914,41.09917785852541,0.04488686250344563,0.0124,0.0104,0.012020280717761234,0.01000000000000939,0.0496,0.04981171053252256,-0.0002117105325225646,0.0434,0.044196802108400816,-0.0007968021084008153,0.0,0.0,42.33501620855664
star,unweighted,60,heteroscedastic,0.15,1.0,0,1.9666666666666666,3.775478418443893,118.0,3658.0,0.9999999999999981,60.0,0.022499999999999996,0.4475456528779538,0.0,5.444444444444444,3.5450326350142123,3.5450326350142127,1.2527083826078296e-16,10.240178067027758,10.240178067027761,3.469386621546989e-16,16.424072661689976,16.261492609125547,-0.009898887804098434,0.0096,0.0096,0.009603549796702804,0.010000000006764265,0.0306,0.028994510505723933,0.0016054894942760661,0.0312,0.029511150964637425,0.0016888490353625732,0.0,0.0,34.08682621729011
star,unweighted,60,heteroscedastic,0.15,1.75,0,1.9666666666666666,3.775478418443893,118.0,3658.0,0.9999999999999981,60.0,0.022499999999999996,0.4475456528779538,0.0,5.444444444444444,3.5450326350142123,3.5450326350142127,1.2527083826078296e-16,10.240178067027758,10.240178067027761,3.469386621546989e-16,16.424072661689976,16.261492609125547,-0.009898887804098434,0.0096,0.0096,0.009603549796702804,0.010000000006764265,0.0392,0.0384110304749404,0.0007889695250596004,0.04,0.03931178577033374,0.0006882142296662577,0.0,0.0,104.39090529045096
star,unweighted,60,heteroscedastic,0.15,3.0,0,1.9666666666666666,3.775478418443893,118.0,3658.0,0.9999999999999981,60.0,0.022499999999999996,0.4475456528779538,0.0,5.444444444444444,3.5450326350142123,3.5450326350142127,1.2527083826078296e-16,10.240178067027758,10.240178067027761,3.469386621546989e-16,16.424072661689976,16.261492609125547,-0.009898887804098434,0.0096,0.0096,0.009603549796702804,0.010000000006764265,0.1228,0.12460474085272683,-0.0018047408527268188,0.1278,0.12936637417619634,-0.0015663741761963446,0.0,0.0,306.781435955611
star,unweighted,60,heteroscedastic,0.15,1.0,1,1.9666666666666666,3.775478418443893,118.0,3658.0,0.9999999999999981,60.0,0.0225,0.44754565287795384,0.0,5.444444444444444,2.4404742604484677,2.440474260448468,1.819684055051069e-16,2.6333084854034308,2.63330848540343,-3.372861267957573e-16,8.58868212483557,8.837175608301463,0.028932667416731336,0.011,0.0104,0.011314182682651108,0.010000000000000564,0.0364,0.03596656377487168,0.0004334362251283211,0.0348,0.03372033450717253,0.0010796654928274668,0.0,0.0,34.00805067961206
star,unweighted,60,heteroscedastic,0.15,1.75,1,1.9666666666666666,3.775478418443893,118.0,3658.0,0.9999999999999981,60.0,0.0225,0.44754565287795384,0.0,5.444444444444444,2.4404742604484677,2.440474260448468,1.819684055051069e-16,2.6333084854034308,2.63330848540343,-3.372861267957573e-16,8.58868212483557,8.837175608301463,0.028932667416731336,0.011,0.0104,0.011314182682651108,0.010000000000000564,0.075,0.07609520102704796,-0.001095201027047965,0.068,0.06900727766349278,-0.0010072776634927755,0.0,0.0,104.14965520631195
star,unweighted,60,heteroscedastic,0.15,3.0,1,1.9666666666666666,3.775478418443893,118.0,3658.0,0.9999999999999981,60.0,0.0225,0.44754565287795384,0.0,5.444444444444444,2.4404742604484677,2.440474260448468,1.819684055051069e-16,2.6333084854034308,2.63330848540343,-3.372861267957573e-16,8.58868212483557,8.837175608301463,0.028932667416731336,0.011,0.0104,0.011314182682651108,0.010000000000000564,0.9828,0.9842481219656807,-0.001448121965680671,0.971,0.9726381849043102,-0.0016381849043102248,0.0,0.0,306.0724561165086
star,unweighted,60,heteroscedastic,0.15,1.0,2,1.9666666666666666,3.775478418443893,118.0,3658.0,0.9999999999999981,60.0,0.022500000000000003,0.4475456528779538,0.0,5.444444444444444,3.161308032424466,3.161308032424466,0.0,7.025594142070701,7.025594142070697,-5.056815988737695e-16,13.426566098335412,13.680948797106371,0.018946221759746643,0.011,0.0106,0.010796688557968892,0.010000000001029019,0.0374,0.03144996179434363,0.005950038205656372,0.0362,0.03035581153883057,0.005844188461169433,0.0,0.0,34.098041929624834
star,unweighted,60,heteroscedastic,0.15,1.75,2,1.9666666666666666,3.775478418443893,118.0,3658.0,0.9999999999999981,60.0,0.022500000000000003,0.4475456528779538,0.0,5.444444444444444,3.161308032424466,3.161308032424466,0.0,7.025594142070701,7.025594142070697,-5.056815988737695e-16,13.426566098335412,13.680948797106371,0.018946221759746643,0.011,0.0106,0.010796688557968892,0.010000000001029019,0.0514,0.04581091637627148,0.005589083623728522,0.0488,0.04364617798512934,0.005153822014870663,0.0,0.0,104.42525340947604
star,unweighted,60,heteroscedastic,0.15,3.0,2,1.9666666666666666,3.775478418443893,118.0,3658.0,0.9999999999999981,60.0,0.022500000000000003,0.4475456528779538,0.0,5.444444444444444,3.161308032424466,3.161308032424466,0.0,7.025594142070701,7.025594142070697,-5.056815988737695e-16,13.426566098335412,13.680948797106371,0.018946221759746643,0.011,0.0106,0.010796688557968892,0.010000000001029019,0.239,0.2293728925102548,0.009627107489745185,0.2204,0.21112675945733747,0.009273240542662542,0.0,0.0,306.8823773666235
star,unweighted,60,heteroscedastic,0.3,1.0,0,1.9666666666666666,3.775478418443893,118.0,3658.0,0.9999999999999981,60.0,0.09,0.44754565287795384,0.0,5.444444444444444,8.2779345194231,8.2779345194231,0.0,19.364844482013066,19.364844482013087,1.1007721798438672e-15,25.880576378496166,25.40072321636668,-0.018541053920583885,0.01,0.0108,0.009146614425178001,0.009999999998852704,0.027,0.027166251708168374,-0.00016625170816837384,0.0292,0.028240101718624178,0.0009598982813758226,0.0,0.0,8.57173503514426
star,unweighted,60,heteroscedastic,0.3,1.75,0,1.9666666666666666,3.775478418443893,118.0,3658.0,0.9999999999999981,60.0,0.09,0.44754565287795384,0.0,5.444444444444444,8.2779345194231,8.2779345194231,0.0,19.364844482013066,19.364844482013087,1.1007721798438672e-15,25.880576378496166,25.40072321636668,-0.018541053920583885,0.01,0.0108,0.009146614425178001,0.009999999998852704,0.035,0.03370183522270772,0.0012981647772922836,0.0364,0.0352958535721444,0.0011041464278555985,0.0,0.0,26.250938545129298
star,unweighted,60,heteroscedastic,0.3,3.0,0,1.9666666666666666,3.775478418443893,118.0,3658.0,0.9999999999999981,60.0,0.09,0.44754565287795384,0.0,5.444444444444444,8.2779345194231,8.2779345194231,0.0,19.364844482013066,19.364844482013087,1.1007721798438672e-15,25.880576378496166,25.40072321636668,-0.018541053920583885,0.01,0.0108,0.009146614425178001,0.009999999998852704,0.0724,0.07467989587810049,-0.0022798958781004852,0.0794,0.08031617702035286,-0.0009161770203528624,0.0,0.0,77.14561531629835
star,unweighted,60,heteroscedastic,0.3,1.0,1,1.9666666666666666,3.775478418443893,118.0,3658.0,0.9999999999999981,60.0,0.09,0.44754565287795367,0.0,5.444444444444444,9.76189704179387,9.76189704179387,0.0,42.13293576645488,42.13293576645488,0.0,37.34630722483676,35.348700797932246,-0.05348872687407296,0.0086,0.0118,0.007811327055047668,0.010000000000000175,0.0208,0.022621410938749382,-0.0018214109387493828,0.0258,0.02543563894839727,0.0003643610516027296,0.0,0.0,8.502012669902955
star,unweighted,60,heteroscedastic,0.3,1.75,1,1.9666666666666666,3.775478418443893,118.0,3658.0,0.9999999999999981,60.0,0.09,0.44754565287795367,0.0,5.444444444444444,9.76189704179387,9.76189704179387,0.0,42.13293576645488,42.13293576645488,0.0,37.34630722483676,35.348700797932246,-0.05348872687407296,0.0086,0.0118,0.007811327055047668,0.010000000000000175,0.0322,0.028380373694309614,0.0038196263056903858,0.0346,0.031664454143907804,0.002935545856092195,0.0,0.0,26.037413801577795
star,unweighted,60,heteroscedastic,0.3,3.0,1,1.9666666666666666,3.775478418443893,118.0,3658.0,0.9999999999999981,60.0,0.09,0.44754565287795367,0.0,5.444444444444444,9.76189704179387,9.76189704179387,0.0,42.13293576645488,42.13293576645488,0.0,37.34630722483676,35.348700797932246,-0.05348872687407296,0.0086,0.0118,0.007811327055047668,0.010000000000000175,0.05,0.042906716953206706,0.007093283046793297,0.0576,0.050335393623592385,0.007264606376407613,0.0,0.0,76.51811402912658
star,unweighted,60,heteroscedastic,0.3,1.0,2,1.9666666666666666,3.775478418443893,118.0,3658.0,0.9999999999999981,60.0,0.09000000000000001,0.44754565287795367,0.0,5.444444444444444,7.180993788819877,7.180993788819876,-1.23684610489837e-16,8.388815973860787,8.388815973860785,-2.1175298694539336e-16,18.50834688570113,18.089699156144864,-0.02261940151336249,0.0082,0.0092,0.008838015529309295,0.009999999999962927,0.032,0.028833580925561635,0.0031664190744383654,0.033,0.030443080851162867,0.002556919148837135,0.0,0.0,8.652208503499214
star,unweighted,60,heteroscedastic,0.3,1.75,2,1.9666666666666666,3.775478418443893,118.0,3658.0,0.9999999999999981,60.0,0.09000000000000001,0.44754565287795367,0.0,5.444444444444444,7.180993788819877,7.180993788819876,-1.23684610489837e-16,8.388815973860787,8.388815973860785,-2.1175298694539336e-16,18.50834688570113,18.089699156144864,-0.02261940151336249,0.0082,0.0092,0.008838015529309295,0.009999999999962927,0.0442,0.04104238559819242,0.0031576144018075833,0.0484,0.0442884805984713,0.0041115194015287,0.0,0.0,26.49738854196634
star,unweighted,60,heteroscedastic,0.3,3.0,2,1.9666666666666666,3.775478418443893,118.0,3658.0,0.9999999999999981,60.0,0.09000000000000001,0.44754565287795367,0.0,5.444444444444444,7.180993788819877,7.180993788819876,-1.23684610489837e-16,8.388815973860787,8.388815973860785,-2.1175298694539336e-16,18.50834688570113,18.089699156144864,-0.02261940151336249,0.0082,0.0092,0.008838015529309295,0.009999999999962927,0.2038,0.2079387262459084,-0.004138726245908386,0.2288,0.2368125251224416,-0.008012525122441605,0.0,0.0,77.8698765314929
star,unweighted,60,correlated,0.15,1.0,0,1.9666666666666666,3.775478418443893,118.0,3658.0,0.9999999999999981,60.0,0.022500000000000006,0.10886240276883213,0.01880912985915886,6.950413223140512,3.2712040158863918,3.271204015886395,9.50299783765734e-16,8.08607643923137,8.086076439231435,8.128194625879253e-15,15.044699243245786,14.57061663095705,-0.031511604494292064,0.0102,0.0108,0.008758098405079795,0.010000000002094611,0.0262,0.028354258044544386,-0.0021542580445443847,0.0278,0.030022845133941007,-0.0022228451339410087,0.0,0.0,6.471117853926199
star,unweighted,60,correlated,0.15,1.75,0,1.9666666666666666,3.775478418443893,118.0,3658.0,0.9999999999999981,60.0,0.022500000000000006,0.10886240276883213,0.01880912985915886,6.950413223140512,3.2712040158863918,3.271204015886395,9.50299783765734e-16,8.08607643923137,8.086076439231435,8.128194625879253e-15,15.044699243245786,14.57061663095705,-0.031511604494292064,0.0102,0.0108,0.008758098405079795,0.010000000002094611,0.0374,0.03867487869636756,-0.001274878696367554,0.0406,0.04180944376569586,-0.0012094437656958654,0.0,0.0,19.817798427648977
star,unweighted,60,correlated,0.15,3.0,0,1.9666666666666666,3.775478418443893,118.0,3658.0,0.9999999999999981,60.0,0.022500000000000006,0.10886240276883213,0.01880912985915886,6.950413223140512,3.2712040158863918,3.271204015886395,9.50299783765734e-16,8.08607643923137,8.086076439231435,8.128194625879253e-15,15.044699243245786,14.57061663095705,-0.031511604494292064,0.0102,0.0108,0.008758098405079795,0.010000000002094611,0.1532,0.15077715888327398,0.0024228411167260266,0.1752,0.17180423640245904,0.0033957635975409572,0.0,0.0,58.24006068533577
star,unweighted,60,correlated,0.15,1.0,1,1.9666666666666666,3.775478418443893,118.0,3658.0,0.9999999999999981,60.0,0.022500000000000006,0.10886240276883213,0.01880912985915886,6.950413223140512,3.2712040158863918,3.271204015886395,9.50299783765734e-16,8.08607643923137,8.086076439231435,8.128194625879253e-15,14.057358066861692,14.57061663095705,0.03651173724494468,0.0114,0.0098,0.011549560158349292,0.010000000002094611,0.0336,0.03210428739841879,0.0014957126015812047,0.0316,0.030022845133941007,0.001577154866058996,0.0,0.0,6.471117853926199
star,unweighted,60,correlated,0.15,1.75,1,1.9666666666666666,3.775478418443893,118.0,3658.0,0.9999999999999981,60.0,0.022500000000000006,0.10886240276883213,0.01880912985915886,6.950413223140512,3.2712040158863918,3.271204015886395,9.50299783765734e-16,8.08607643923137,8.086076439231435,8.128194625879253e-15,14.057358066861692,14.57061663095705,0.03651173724494468,0.0114,0.0098,0.011549560158349292,0.010000000002094611,0.0438,0.045731022712314114,-0.001931022712314115,0.0412,0.04180944376569586,-0.0006094437656958621,0.0,0.0,19.817798427648977
star,unweighted,60,correlated,0.15,3.0,1,1.9666666666666666,3.775478418443893,118.0,3658.0,0.9999999999999981,60.0,0.022500000000000006,0.10886240276883213,0.01880912985915886,6.950413223140512,3.2712040158863918,3.271204015886395,9.50299783765734e-16,8.08607643923137,8.086076439231435,8.128194625879253e-15,14.057358066861692,14.57061663095705,0.03651173724494468,0.0114,0.0098,0.011549560158349292,0.010000000002094611,0.2094,0.1990244423809394,0.010375557619060616,0.181,0.17180423640245904,0.009195763597540957,0.0,0.0,58.24006068533577
star,unweighted,60,correlated,0.15,1.0,2,1.9666666666666666,3.775478418443893,118.0,3658.0,0.9999999999999981,60.0,0.022500000000000006,0.10886240276883213,0.01880912985915886,6.950413223140512,3.2712040158863918,3.271204015886395,9.50299783765734e-16,8.08607643923137,8.086076439231435,8.128194625879253e-15,14.83097822014335,14.57061663095705,-0.017555253963806614,0.0056,0.0066,0.009297127564499297,0.010000000002094611,0.0306,0.029078573228002284,0.001521426771997715,0.031,0.030022845133941007,0.0009771548660589928,0.0,0.0,6.471117853926199
star,unweighted,60,correlated,0.15,1.75,2,1.9666666666666666,3.775478418443893,118.0,3658.0,0.9999999999999981,60.0,0.022500000000000006,0.10886240276883213,0.01880912985915886,6.950413223140512,3.2712040158863918,3.271204015886395,9.50299783765734e-16,8.08607643923137,8.086076439231435,8.128194625879253e-15,14.83097822014335,14.57061663095705,-0.017555253963806614,0.0056,0.0066,0.009297127564499297,0.010000000002094611,0.0344,0.04003451301509622,-0.005634513015096217,0.0364,0.04180944376569586,-0.005409443765695861,0.0,0.0,19.817798427648977
star,unweighted,60,correlated,0.15,3.0,2,1.9666666666666666,3.775478418443893,118.0,3658.0,0.9999999999999981,60.0,0.022500000000000006,0.10886240276883213,0.01880912985915886,6.950413223140512,3.2712040158863918,3.271204015886395,9.50299783765734e-16,8.08607643923137,8.086076439231435,8.128194625879253e-15,14.83097822014335,14.57061663095705,-0.017555253963806614,0.0056,0.0066,0.009297127564499297,0.010000000002094611,0.1602,0.15982349271297375,0.000376507287026262,0.172,0.17180423640245904,0.00019576359754094885,0.0,0.0,58.24006068533577
star,unweighted,60,correlated,0.3,1.0,0,1.9666666666666666,3.775478418443893,118.0,3658.0,0.9999999999999981,60.0,0.09000000000000002,0.10886240276883213,0.01880912985915886,6.950413223140512,13.084816063545567,13.08481606354558,9.50299783765734e-16,129.37722302770192,129.37722302770297,8.128194625879253e-15,56.35795164498451,58.2824576324784,0.03414790515483818,0.0094,0.0086,0.011445683908879956,0.010000000002156006,0.0224,0.02170892701300838,0.0006910729869916213,0.021,0.01986426202267493,0.0011357379773250728,0.0,0.0,1.6177794634815497
star,unweighted,60,correlated,0.3,1.75,0,1.9666666666666666,3.775478418443893,118.0,3658.0,0.9999999999999981,60.0,0.09000000000000002,0.10886240276883213,0.01880912985915886,6.950413223140512,13.084816063545567,13.08481606354558,9.50299783765734e-16,129.37722302770192,129.37722302770297,8.128194625879253e-15,56.35795164498451,58.2824576324784,0.03414790515483818,0.0094,0.0086,0.011445683908879956,0.010000000002156006,0.0314,0.030707334269130696,0.0006926657308693011,0.0292,0.028877558473364377,0.0003224415266356237,0.0,0.0,4.954449606912244
star,unweighted,60,correlated,0.3,3.0,0,1.9666666666666666,3.775478418443893,118.0,3658.0,0.9999999999999981,60.0,0.09000000000000002,0.10886240276883213,0.01880912985915886,6.950413223140512,13.084816063545567,13.08481606354558,9.50299783765734e-16,129.37722302770192,129.37722302770297,8.128194625879253e-15,56.35795164498451,58.2824576324784,0.03414790515483818,0.0094,0.0086,0.011445683908879956,0.010000000002156006,0.0334,0.039150581955484695,-0.005750581955484696,0.0316,0.036303036333736105,-0.004703036333736102,0.0,0.0,14.560015171333943
star,unweighted,60,correlated,0.3,1.0,1,1.9666666666666666,3.775478418443893,118.0,3658.0,0.9999999999999981,60.0,0.09000000000000002,0.10886240276883213,0.01880912985915886,6.950413223140512,13.084816063545567,13.08481606354558,9.50299783765734e-16,129.37722302770192,129.37722302770297,8.128194625879253e-15,60.567153326932214,58.2824576324784,-0.037721695159113375,0.0094,0.01,0.008523892120059051,0.010000000002156006,0.0194,0.01793437982352441,0.001465620176475592,0.0212,0.01986426202267493,0.0013357379773250716,0.0,0.0,1.6177794634815497
star,unweighted,60,correlated,0.3,1.75,1,1.9666666666666666,3.775478418443893,118.0,3658.0,0.9999999999999981,60.0,0.09000000000000002,0.10886240276883213,0.01880912985915886,6.950413223140512,13.084816063545567,13.08481606354558,9.50299783765734e-16,129.37722302770192,129.37722302770297,8.128194625879253e-15,60.567153326932214,58.2824576324784,-0.037721695159113375,0.0094,0.01,0.008523892120059051,0.010000000002156006,0.0236,0.02700214223215581,-0.003402142232155809,0.0258,0.028877558473364377,-0.0030775584733643765,0.0,0.0,4.954449606912244
star,unweighted,60,correlated,0.3,3.0,1,1.9666666666666666,3.775478418443893,118.0,3658.0,0.9999999999999981,60.0,0.09000000000000002,0.10886240276883213,0.01880912985915886,6.950413223140512,13.084816063545567,13.08481606354558,9.50299783765734e-16,129.37722302770192,129.37722302770297,8.128194625879253e-15,60.567153326932214,58.2824576324784,-0.037721695159113375,0.0094,0.01,0.008523892120059051,0.010000000002156006,0.034,0.03340047071370982,0.0005995292862901805,0.0384,0.036303036333736105,0.0020969636662638916,0.0,0.0,14.560015171333943
star,unweighted,60,correlated,0.3,1.0,2,1.9666666666666666,3.775478418443893,118.0,3658.0,0.9999999999999981,60.0,0.09000000000000002,0.10886240276883213,0.01880912985915886,6.950413223140512,13.084816063545567,13.08481606354558,9.50299783765734e-16,129.37722302770192,129.37722302770297,8.128194625879253e-15,59.51878945311492,58.2824576324784,-0.02077212644942023,0.0092,0.0098,0.009171333326285447,0.010000000002156006,0.0182,0.018787480030451727,-0.0005874800304517258,0.0192,0.01986426202267493,-0.0006642620226749302,0.0,0.0,1.6177794634815497
star,unweighted,60,correlated,0.3,1.75,2,1.9666666666666666,3.775478418443893,118.0,3658.0,0.9999999999999981,60.0,0.09000000000000002,0.10886240276883213,0.01880912985915886,6.950413223140512,13.084816063545567,13.08481606354558,9.50299783765734e-16,129.37722302770192,129.37722302770297,8.128194625879253e-15,59.51878945311492,58.2824576324784,-0.02077212644942023,0.0092,0.0098,0.009171333326285447,0.010000000002156006,0.0248,0.02782581992186143,-0.00302581992186143,0.0262,0.028877558473364377,-0.0026775584733643755,0.0,0.0,4.954449606912244
star,unweighted,60,correlated,0.3,3.0,2,1.9666666666666666,3.775478418443893,118.0,3658.0,0.9999999999999981,60.0,0.09000000000000002,0.10886240276883213,0.01880912985915886,6.950413223140512,13.084816063545567,13.08481606354558,9.50299783765734e-16,129.37722302770192,129.37722302770297,8.128194625879253e-15,59.51878945311492,58.2824576324784,-0.02077212644942023,0.0092,0.0098,0.009171333326285447,0.010000000002156006,0.0346,0.03467298602892418,-7.29860289241796e-05,0.0372,0.036303036333736105,0.0008969636662638919,0.0,0.0,14.560015171333943
star,weighted,15,iid,0.15,1.0,0,1.6489572234064698,1.7433837966935786,24.734358351097047,188.35585516482422,0.5540044228262423,13.327191445927877,0.022500000000000003,1.541976423090495e-16,0.0,1.0,0.5565230628996836,0.5565230628996838,3.9898545042877423e-16,0.19071030335438446,0.19071030335438455,4.3661367730173257e-16,2.2527510534414237,2.257332668667361,0.0020337867421871274,0.0088,0.0088,0.010086225804097237,0.009999999933231807,0.1546,0.15776861824927327,-0.0031686182492732806,0.1538,0.1570583616671474,-0.003258361667147408,0.0,0.0,26.357385634990234
star,weighted,15,iid,0.15,1.75,0,1.6489572234064698,1.7433837966935786,24.734358351097047,188.35585516482422,0.5540044228262423,13.327191445927877,0.022500000000000003,1.541976423090495e-16,0.0,1.0,0.5565230628996836,0.5565230628996838,3.9898545042877423e-16,0.19071030335438446,0.19071030335438455,4.3661367730173257e-16,2.2527510534414237,2.257332668667361,0.0020337867421871274,0.0088,0.0088,0.010086225804097237,0.009999999933231807,0.838,0.8433010719125238,-0.005301071912523825,0.8358,0.8417008881088395,-0.005900888108839486,0.0,0.0,80.71949350715755
star,weighted,15,iid,0.15,3.0,0,1.6489572234064698,1.7433837966935786,24.734358351097047,188.35585516482422,0.5540044228262423,13.327191445927877,0.022500000000000003,1.541976423090495e-16,0.0,1.0,0.5565230628996836,0.5565230628996838,3.9898545042877423e-16,0.19071030335438446,0.19071030335438455,4.3661367730173257e-16,2.2527510534414237,2.257332668667361,0.0020337867421871274,0.0088,0.0088,0.010086225804097237,0.009999999933231807,1.0,0.999999999999205,7.950307079340746e-13,1.0,0.9999999999991435,8.565370634983083e-13,0.0,0.0,237.21647071491205
star,weighted,15,iid,0.15,1.0,1,1.9091483889232703,1.742326362246851,28.637225833849055,251.88284770444304,0.6882434536377967,15.414926571226282,0.022500000000000003,1.541976423090495e-16,0.0,1.0,0.6443375812616038,0.6443375812616038,0.0,0.2550313833007486,0.2550313833007486,0.0,2.5207114436214133,2.6114701414772794,0.03600519134608935,0.0126,0.0106,0.011586939064040513,0.010000000008084542,0.163,0.16781824693983402,-0.004818246939834014,0.1514,0.15493843436437585,-0.003538434364375842,0.0,0.0,28.304607633223455
star,weighted,15,iid,0.15,1.75,1,1.9091483889232703,1.742326362246851,28.637225833849055,251.88284770444304,0.6882434536377967,15.414926571226282,0.022500000000000003,1.541976423090495e-16,0.0,1.0,0.6443375812616038,0.6443375812616038,0.0,0.2550313833007486,0.2550313833007486,0.0,2.5207114436214133,2.6114701414772794,0.03600519134608935,0.0126,0.0106,0.011586939064040513,0.010000000008084542,0.8878,0.8892261028045081,-0.001426102804508056,0.86,0.8615723800528835,-0.0015723800528835152,0.0,0.0,86.68286087674686
star,weighted,15,iid,0.15,3.0,1,1.9091483889232703,1.742326362246851,28.637225833849055,251.88284770444304,0.6882434536377967,15.414926571226282,0.022500000000000003,1.541976423090495e-16,0.0,1.0,0.6443375812616038,0.6443375812616038,0.0,0.2550313833007486,0.2550313833007486,0.0,2.5207114436214133,2.6114701414772794,0.03600519134608935,0.0126,0.0106,0.011586939064040513,0.010000000008084542,1.0,0.999999999999985,1.4988010832439613e-14,1.0,0.9999999999999576,4.241051954068098e-14,0.0,0.0,254.7414686990111
star,weighted,15,iid,0.15,1.0,2,1.6767064866492691,1.7476638225795456,25.150597299739037,196.63893214606912,0.5467096854099739,13.605298293058818,0.022500000000000003,1.541976423090495e-16,0.0,1.0,0.5658884392441282,0.5658884392441281,-1.9619114787149743e-16,0.19909691879789496,0.199096918797895,2.7881471780890637e-16,2.404385061465023,2.3025951967602127,-0.04233509280031387,0.0078,0.0092,0.008299493473904684,0.010000000014329269,0.1542,0.1508802816240377,0.003319718375962316,0.1702,0.1659151588858099,0.0042848411141900855,0.0,0.0,23.496663130943453
star,weighted,15,iid,0.15,1.75,2,1.6767064866492691,1.7476638225795456,25.150597299739037,196.63893214606912,0.5467096854099739,13.605298293058818,0.022500000000000003,1.541976423090495e-16,0.0,1.0,0.5658884392441282,0.5658884392441281,-1.9619114787149743e-16,0.19909691879789496,0.199096918797895,2.7881471780890637e-16,2.404385061465023,2.3025951967602127,-0.04233509280031387,0.0078,0.0092,0.008299493473904684,0.010000000014329269,0.7392,0.7252752798597707,0.013924720140229274,0.7762,0.7635504869882971,0.012649513011702918,0.0,0.0,71.95853083851435
star,weighted,15,iid,0.15,3.0,2,1.6767064866492691,1.7476638225795456,25.150597299739037,196.63893214606912,0.5467096854099739,13.605298293058818,0.022500000000000003,1.541976423090495e-16,0.0,1.0,0.5658884392441282,0.5658884392441281,-1.9619114787149743e-16,0.19909691879789496,0.199096918797895,2.7881471780890637e-16,2.404385061465023,2.3025951967602127,-0.04233509280031387,0.0078,0.0092,0.008299493473904684,0.010000000014329269,1.0,0.9999999999762893,2.371070007001208e-11,1.0,0.9999999999965398,3.4602321008492254e-12,0.0,0.0,211.46996817849111
star,weighted,15,iid,0.3,1.0,0,1.9471112404747657,1.7433541271461048,29.206668607121486,262.6108633573935,0.5378019300085553,15.73480988751318,0.09000000000000001,1.541976423090495e-16,0.0,1.0,2.628600174640934,2.628600174640934,0.0,4.254295986389775,4.254295986389773,-4.175442529347092e-16,11.051979606424082,10.661020636810276,-0.03537456487764025,0.0076,0.0096,0.008565816985965646,0.010000000009569798,0.0642,0.06258495262200924,0.0016150473779907581,0.0682,0.0661357344734474,0.0020642655265526028,0.0,0.0,6.787162563271907
star,weighted,15,iid,0.3,1.75,0,1.9471112404747657,1.7433541271461048,29.206668607121486,262.6108633573935,0.5378019300085553,15.73480988751318,0.09000000000000001,1.541976423090495e-16,0.0,1.0,2.628600174640934,2.628600174640934,0.0,4.254295986389775,4.254295986389773,-4.175442529347092e-16,11.051979606424082,10.661020636810276,-0.03537456487764025,0.0076,0.0096,0.008565816985965646,0.010000000009569798,0.1156,0.11361857672381998,0.0019814232761800193,0.1236,0.12091051391275934,0.002689486087240664,0.0,0.0,20.785685350020213
star,weighted,15,iid,0.3,3.0,0,1.9471112404747657,1.7433541271461048,29.206668607121486,262.6108633573935,0.5378019300085553,15.73480988751318,0.09000000000000001,1.541976423090495e-16,0.0,1.0,2.628600174640934,2.628600174640934,0.0,4.254295986389775,4.254295986389773,-4.175442529347092e-16,11.051979606424082,10.661020636810276,-0.03537456487764025,0.0076,0.0096,0.008565816985965646,0.010000000009569798,0.5746,0.57114401425492,0.0034559857450799925,0.614,0.6079412883546106,0.006058711645389403,0.0,0.0,61.08446306944715
star,weighted,15,iid,0.3,1.0,1,1.8396400396518533,1.7411088820488552,27.5946005947778,233.22973457764272,0.5565020923271542,14.836010652179137,0.09000000000000001,1.541976423090495e-16,0.0,1.0,2.4835140535300018,2.483514053530002,1.7881485680294254e-16,3.778321700157812,3.7783217001578113,-2.35072206705699e-16,10.17569285271158,10.056107647376077,-0.011752045493750885,0.012,0.0122,0.009509586385887336,0.009999999894180489,0.0646,0.06488130172555037,-0.0002813017255503675,0.0652,0.06606611378845594,-0.0008661137884559411,0.0,0.0,7.633307482760412
star,weighted,15,iid,0.3,1.75,1,1.8396400396518533,1.7411088820488552,27.5946005947778,233.22973457764272,0.5565020923271542,14.836010652179137,0.09000000000000001,1.541976423090495e-16,0.0,1.0,2.4835140535300018,2.483514053530002,1.7881485680294254e-16,3.778321700157812,3.7783217001578113,-2.35072206705699e-16,10.17569285271158,10.056107647376077,-0.011752045493750885,0.012,0.0122,0.009509586385887336,0.009999999894180489,0.1204,0.1165452448570814,0.003854755142918595,0.122,0.11895467677438143,0.003045323225618568,0.0,0.0,23.37700416595376
star,weighted,15,iid,0.3,3.0,1,1.8396400396518533,1.7411088820488552,27.5946005947778,233.22973457764272,0.5565020923271542,14.836010652179137,0.09000000000000001,1.541976423090495e-16,0.0,1.0,2.4835140535300018,2.483514053530002,1.7881485680294254e-16,3.778321700157812,3.7783217001578113,-2.35072206705699e-16,10.17569285271158,10.056107647376077,-0.011752045493750885,0.012,0.0122,0.009509586385887336,0.009999999894180489,0.5926,0.6055495378194902,-0.012949537819490153,0.6076,0.6196405603771064,-0.012040560377106324,0.0,0.0,68.6997673448437
star,weighted,15,iid,0.3,1.0,2,1.9936800466726843,1.744068575266225,29.905200700090266,275.7683957902356,0.5152821119819866,16.121077706913077,0.09000000000000001,1.541976423090495e-16,0.0,1.0,2.691468063008124,2.6914680630081236,-1.6499887773281824e-16,4.4674480118018165,4.467448011801814,-5.964334116617312e-16,10.507779083562438,10.921466106561866,0.039369596535063035,0.0092,0.0078,0.011741270141253368,0.010000000015113863,0.066,0.07022532364219805,-0.004225323642198048,0.0604,0.06614917349148074,-0.005749173491480734,0.0,0.0,7.286913434867815
star,weighted,15,iid,0.3,1.75,2,1.9936800466726843,1.744068575266225,29.905200700090266,275.7683957902356,0.5152821119819866,16.121077706913077,0.09000000000000001,1.541976423090495e-16,0.0,1.0,2.691468063008124,2.6914680630081236,-1.6499887773281824e-16,4.4674480118018165,4.467448011801814,-5.964334116617312e-16,10.507779083562438,10.921466106561866,0.039369596535063035,0.0092,0.0078,0.011741270141253368,0.010000000015113863,0.1314,0.13021144060486664,0.0011885593951333484,0.1254,0.12132491849058047,0.0040750815094195425,0.0,0.0,22.31617239428269
star,weighted,15,iid,0.3,3.0,2,1.9936800466726843,1.744068575266225,29.905200700090266,275.7683957902356,0.5152821119819866,16.121077706913077,0.09000000000000001,1.541976423090495e-16,0.0,1.0,2.691468063008124,2.6914680630081236,-1.6499887773281824e-16,4.4674480118018165,4.467448011801814,-5.964334116617312e-16,10.507779083562438,10.921466106561866,0.039369596535063035,0.0092,0.0078,0.011741270141253368,0.010000000015113863,0.6496,0.6498881946358145,-0.00028819463581453153,0.616,0.6145536276110389,0.0014463723889610591,0.0,0.0,65.58222091381033
star,weighted,15,heteroscedastic,0.15,1.0,0,2.189605693720402,1.7396119227317137,32.84408540580603,329.2834597605736,0.8460948409526888,17.634225568163203,0.022500000000000006,0.4681936683955389,0.0,5.444444444444445,0.5143461634413344,0.5143461634413344,0.0,0.07212214795742403,0.07212214795742407,5.772618342984024e-16,1.4426743213472193,1.4466587667217297,0.0027618467422290825,0.0104,0.0104,0.010146883834943998,0.009999999992031217,0.6774,0.6634920503878509,0.01390794961214914,0.6752,0.6604765373062654,0.01472346269373459,0.0,0.0,37.6665895618711
star,weighted,15,heteroscedastic,0.15,1.75,0,2.189605693720402,1.7396119227317137,32.84408540580603,329.2834597605736,0.8460948409526888,17.634225568163203,0.022500000000000006,0.4681936683955389,0.0,5.444444444444445,0.5143461634413344,0.5143461634413344,0.0,0.07212214795742403,0.07212214795742407,5.772618342984024e-16,1.4426743213472193,1.4466587667217297,0.0027618467422290825,0.0104,0.0104,0.010146883834943998,0.009999999992031217,0.9994,0.999952817184257,-0.0005528171842570373,0.9994,0.9999512483731289,-0.0005512483731289208,0.0,0.0,115.35393053323023
star,weighted,15,heteroscedastic,0.15,3.0,0,2.189605693720402,1.7396119227317137,32.84408540580603,329.2834597605736,0.8460948409526888,17.634225568163203,0.022500000000000006,0.4681936683955389,0.0,5.444444444444445,0.5143461634413344,0.5143461634413344,0.0,0.07212214795742403,0.07212214795742407,5.772618342984024e-16,1.4426743213472193,1.4466587667217297,0.0027618467422290825,0.0104,0.0104,0.010146883834943998,0.009999999992031217,1.0,0.999999999999999,9.992007221626409e-16,1.0,0.999999999999999,9.992007221626409e-16,0.0,0.0,338.9993060568398
star,weighted,15,heteroscedastic,0.15,1.0,1,1.7209662882026955,1.7425225521613046,25.81449432304043,204.76572078889726,0.5909823872304042,13.897508629171911,0.02250000000000001,0.4681936683955388,0.0,5.444444444444445,0.41415019513185347,0.41415019513185347,0.0,0.04831761196657444,0.04831761196657443,-2.872200682727232e-16,1.168183355188958,1.1731761836304355,0.0042740109412618,0.0084,0.0082,0.010229570112039177,0.009999999972506168,0.6058,0.6108094795622331,-0.005009479562233077,0.6014,0.6062015274597596,-0.004801527459759591,0.0,0.0,35.518221904922044
star,weighted,15,heteroscedastic,0.15,1.75,1,1.7209662882026955,1.7425225521613046,25.81449432304043,204.76572078889726,0.5909823872304042,13.897508629171911,0.02250000000000001,0.4681936683955388,0.0,5.444444444444445,0.41415019513185347,0.41415019513185347,0.0,0.04831761196657444,0.04831761196657443,-2.872200682727232e-16,1.168183355188958,1.1731761836304355,0.0042740109412618,0.0084,0.0082,0.010229570112039177,0.009999999972506168,1.0,0.9998471688589078,0.0001528311410922134,1.0,0.9998378767185893,0.00016212328141074206,0.0,0.0,108.7745545838238
star,weighted,15,heteroscedastic,0.15,3.0,1,1.7209662882026955,1.7425225521613046,25.81449432304043,204.76572078889726,0.5909823872304042,13.897508629171911,0.02250000000000001,0.4681936683955388,0.0,5.444444444444445,0.41415019513185347,0.41415019513185347,0.0,0.04831761196657444,0.04831761196657443,-2.872200682727232e-16,1.168183355188958,1.1731761836304355,0.0042740109412618,0.0084,0.0082,0.010229570112039177,0.009999999972506168,1.0,0.9999999999993229,6.77125022718883e-13,1.0,0.9999999999993255,6.744604874597826e-13,0.0,0.0,319.66399714429843
star,weighted,15,heteroscedastic,0.15,1.0,2,1.9678556579265047,1.744398396848949,29.51783486889757,268.87103885908436,0.5514249321357465,15.917611693475884,0.022500000000000006,0.4681936683955389,0.0,5.444444444444445,0.438700304723611,0.438700304723611,0.0,0.054406786030272644,0.05440678603027263,-2.5507457470641026e-16,1.2515413064404846,1.25930373407464,0.00620229439828289,0.0102,0.0096,0.010324096517133896,0.00999999999815876,0.6596,0.6604623227308305,-0.0008623227308305337,0.6538,0.6549547129477509,-0.0011547129477508244,0.0,0.0,35.11016519881444
star,weighted,15,heteroscedastic,0.15,1.75,2,1.9678556579265047,1.744398396848949,29.51783486889757,268.87103885908436,0.5514249321357465,15.917611693475884,0.022500000000000006,0.4681936683955389,0.0,5.444444444444445,0.438700304723611,0.438700304723611,0.0,0.054406786030272644,0.05440678603027263,-2.5507457470641026e-16,1.2515413064404846,1.25930373407464,0.00620229439828289,0.0102,0.0096,0.010324096517133896,0.00999999999815876,0.9982,0.9981523817958486,4.7618204151334e-05,0.9982,0.9980366364605179,0.00016336353948209759,0.0,0.0,107.52488092136926
star,weighted,15,heteroscedastic,0.15,3.0,2,1.9678556579265047,1.744398396848949,29.51783486889757,268.87103885908436,0.5514249321357465,15.917611693475884,0.022500000000000006,0.4681936683955389,0.0,5.444444444444445,0.438700304723611,0.438700304723611,0.0,0.054406786030272644,0.05440678603027263,-2.5507457470641026e-16,1.2515413064404846,1.25930373407464,0.00620229439828289,0.0102,0.0096,0.010324096517133896,0.00999999999815876,1.0,0.9999999999999756,2.4424906541753444e-14,1.0,0.9999999999999722,2.7755575615628914e-14,0.0,0.0,315.9914867893301
star,weighted,15,heteroscedastic,0.3,1.0,0,1.811663197886697,1.7473381896611349,27.174947968300454,229.39937656038708,0.5399553992971285,14.694105800662513,0.09000000000000001,0.4681936683955389,0.0,5.444444444444444,2.2790913829546677,2.2790913829546673,-1.9485362156665036e-16,2.484966101066916,2.4849661010669157,-1.7871036939272275e-16,8.274719359443933,8.20423038969146,-0.008518593403657137,0.0108,0.011,0.009622363128804434,0.00999999999994694,0.0736,0.07727777563304103,-0.0036777756330410305,0.0746,0.07826692187253462,-0.0036669218725346175,0.0,0.0,8.43799339202852
star,weighted,15,heteroscedastic,0.3,1.75,0,1.811663197886697,1.7473381896611349,27.174947968300454,229.39937656038708,0.5399553992971285,14.694105800662513,0.09000000000000001,0.4681936683955389,0.0,5.444444444444444,2.2790913829546677,2.2790913829546673,-1.9485362156665036e-16,2.484966101066916,2.4849661010669157,-1.7871036939272275e-16,8.274719359443933,8.20423038969146,-0.008518593403657137,0.0108,0.011,0.009622363128804434,0.00999999999994694,0.1704,0.16561282344151076,0.004787176558489231,0.174,0.16889005687707445,0.0051099431229255365,0.0,0.0,25.84135476308734
star,weighted,15,heteroscedastic,0.3,3.0,0,1.811663197886697,1.7473381896611349,27.174947968300454,229.39937656038708,0.5399553992971285,14.694105800662513,0.09000000000000001,0.4681936683955389,0.0,5.444444444444444,2.2790913829546677,2.2790913829546673,-1.9485362156665036e-16,2.484966101066916,2.4849661010669157,-1.7871036939272275e-16,8.274719359443933,8.20423038969146,-0.008518593403657137,0.0108,0.011,0.009622363128804434,0.00999999999994694,0.699,0.6880073592419262,0.010992640758073713,0.7058,0.6948235737572919,0.010976426242708115,0.0,0.0,75.94194052825668
star,weighted,15,heteroscedastic,0.3,1.0,1,1.7940645382634597,1.7433956894141227,26.910968073951896,222.97089066747495,0.5349665982725935,14.49883517299136,0.09000000000000002,0.4681936683955389,0.0,5.444444444444445,3.0630702777378596,3.063070277737859,-1.4498172408177054e-16,8.092498158210828,8.092498158210827,-2.1950661027928926e-16,14.02806063812264,14.262053678676375,0.01668035565214461,0.0096,0.0084,0.01068655456032458,0.010000000099880613,0.0502,0.04948160602473597,0.0007183939752640339,0.0484,0.04794142150064406,0.0004585784993559397,0.0,0.0,8.55041166775017
star,weighted,15,heteroscedastic,0.3,1.75,1,1.7940645382634597,1.7433956894141227,26.910968073951896,222.97089066747495,0.5349665982725935,14.49883517299136,0.09000000000000002,0.4681936683955389,0.0,5.444444444444445,3.0630702777378596,3.063070277737859,-1.4498172408177054e-16,8.092498158210828,8.092498158210827,-2.1950661027928926e-16,14.02806063812264,14.262053678676375,0.01668035565214461,0.0096,0.0084,0.01068655456032458,0.010000000099880613,0.0906,0.09709701130595998,-0.0064970113059599766,0.0878,0.09508409812705824,-0.007284098127058242,0.0,0.0,26.185635732484897
star,weighted,15,heteroscedastic,0.3,3.0,1,1.7940645382634597,1.7433956894141227,26.910968073951896,222.97089066747495,0.5349665982725935,14.49883517299136,0.09000000000000002,0.4681936683955389,0.0,5.444444444444445,3.0630702777378596,3.063070277737859,-1.4498172408177054e-16,8.092498158210828,8.092498158210827,-2.1950661027928926e-16,14.02806063812264,14.262053678676375,0.01668035565214461,0.0096,0.0084,0.01068655456032458,0.010000000099880613,0.2796,0.29041962889628864,-0.010819628896288624,0.269,0.2778207054038301,-0.008820705403830065,0.0,0.0,76.95370500975153
star,weighted,15,heteroscedastic,0.3,1.0,2,1.5778594782391195,1.7477427947878945,23.667892173586793,174.16832913095647,0.5176409966670995,12.804992747463626,0.09000000000000004,0.4681936683955389,0.0,5.444444444444444,2.419416446292083,2.4194164462920824,-1.8355219934569716e-16,4.497025205046359,4.49702520504636,1.9750354494421142e-16,10.321154032282811,10.726607700401223,0.039283753236335955,0.0152,0.0132,0.011683152461496094,0.01000000003771695,0.0582,0.0592556083449149,-0.0010556083449148948,0.0546,0.055398398398653785,-0.0007983983986537824,0.0,0.0,9.44569008007431
star,weighted,15,heteroscedastic,0.3,1.75,2,1.5778594782391195,1.7477427947878945,23.667892173586793,174.16832913095647,0.5176409966670995,12.804992747463626,0.09000000000000004,0.4681936683955389,0.0,5.444444444444444,2.419416446292083,2.4194164462920824,-1.8355219934569716e-16,4.497025205046359,4.49702520504636,1.9750354494421142e-16,10.321154032282811,10.726607700401223,0.039283753236335955,0.0152,0.0132,0.011683152461496094,0.01000000003771695,0.118,0.11252787788292729,0.005472122117072709,0.1102,0.1062851702906527,0.003914829709347312,0.0,0.0,28.92742587022758
star,weighted,15,heteroscedastic,0.3,3.0,2,1.5778594782391195,1.7477427947878945,23.667892173586793,174.16832913095647,0.5176409966670995,12.804992747463626,0.09000000000000004,0.4681936683955389,0.0,5.444444444444444,2.419416446292083,2.4194164462920824,-1.8355219934569716e-16,4.497025205046359,4.49702520504636,1.9750354494421142e-16,10.321154032282811,10.726607700401223,0.039283753236335955,0.0152,0.0132,0.011683152461496094,0.01000000003771695,0.4124,0.41401660648093713,-0.0016166064809371439,0.3828,0.38358924782134785,-0.0007892478213478715,0.0,0.0,85.0112107206688
star,weighted,15,correlated,0.15,1.0,0,1.7708087048353383,1.742528716362592,26.562130572530073,216.80130757609982,0.613956199287826,14.300231893027508,0.022500000000000003,0.18497594160354217,0.08601656106460268,6.950413223140491,0.5830441092271449,0.5830441092271447,-3.8083671785889906e-16,0.23598365098504423,0.235983650985044,-9.409321535545852e-16,2.466002828311986,2.4862714067652654,0.008219203246880847,0.0112,0.0108,0.010344630655511833,0.010000000018632715,0.1542,0.14806677945231342,0.006133220547686585,0.152,0.145532458371027,0.006467541628973006,0.0,0.0,30.51198683694334
star,weighted,15,correlated,0.15,1.75,0,1.7708087048353383,1.742528716362592,26.562130572530073,216.80130757609982,0.613956199287826,14.300231893027508,0.022500000000000003,0.18497594160354217,0.08601656106460268,6.950413223140491,0.5830441092271449,0.5830441092271447,-3.8083671785889906e-16,0.23598365098504423,0.235983650985044,-9.409321535545852e-16,2.466002828311986,2.4862714067652654,0.008219203246880847,0.0112,0.0108,0.010344630655511833,0.010000000018632715,0.8266,0.8261189635098936,0.00048103649010644567,0.8214,0.8194406567627508,0.0019593432372492225,0.0,0.0,93.44295968813898
star,weighted,15,correlated,0.15,3.0,0,1.7708087048353383,1.742528716362592,26.562130572530073,216.80130757609982,0.613956199287826,14.300231893027508,0.022500000000000003,0.18497594160354217,0.08601656106460268,6.950413223140491,0.5830441092271449,0.5830441092271447,-3.8083671785889906e-16,0.23598365098504423,0.235983650985044,-9.409321535545852e-16,2.466002828311986,2.4862714067652654,0.008219203246880847,0.0112,0.0108,0.010344630655511833,0.010000000018632715,1.0,0.9999999999996272,3.7281289166912757e-13,1.0,0.999999999999592,4.0800696154974503e-13,0.0,0.0,274.6078815324902
star,weighted,15,correlated,0.15,1.0,1,1.5192113969110141,1.7478271544570034,22.78817095366521,161.49211796534166,0.516805003293358,12.330330390283965,0.0225,0.18553839062738833,0.08488809253261187,6.950413223140503,0.4970592623272396,0.49705926232723985,4.467165622976521e-16,0.17150290544962266,0.171502905449623,1.9420481916289295e-15,2.1932162824315204,2.1179173950058012,-0.03433263195649757,0.008,0.009,0.00862843220010101,0.01000000001883894,0.1502,0.14750513145136526,0.002694868548634738,0.1596,0.15886595584858235,0.0007340441514176455,0.0,0.0,29.635845523926175
star,weighted,15,correlated,0.15,1.75,1,1.5192113969110141,1.7478271544570034,22.78817095366521,161.49211796534166,0.516805003293358,12.330330390283965,0.0225,0.18553839062738833,0.08488809253261187,6.950413223140503,0.4970592623272396,0.49705926232723985,4.467165622976521e-16,0.17150290544962266,0.171502905449623,1.9420481916289295e-15,2.1932162824315204,2.1179173950058012,-0.03433263195649757,0.008,0.009,0.00862843220010101,0.01000000001883894,0.717,0.7230023871420611,-0.0060023871420611385,0.7526,0.7592640993712644,-0.0066640993712643315,0.0,0.0,90.75977691702393
star,weighted,15,correlated,0.15,3.0,1,1.5192113969110141,1.7478271544570034,22.78817095366521,161.49211796534166,0.516805003293358,12.330330390283965,0.0225,0.18553839062738833,0.08488809253261187,6.950413223140503,0.4970592623272396,0.49705926232723985,4.467165622976521e-16,0.17150290544962266,0.171502905449623,1.9420481916289295e-15,2.1932162824315204,2.1179173950058012,-0.03433263195649757,0.008,0.009,0.00862843220010101,0.01000000001883894,1.0,0.9999999999617039,3.829614403372261e-11,1.0,0.9999999999615364,3.8463565665836086e-11,0.0,0.0,266.7226097153356
star,weighted,15,correlated,0.15,1.0,2,1.7297916874502923,1.7457895523617988,25.946875311754386,208.40574255195332,0.529356629258022,14.010037206658627,0.0225,0.18532209154282564,0.08504111204196098,6.950413223140501,0.5669692680834655,0.5669692680834653,-3.9163428676762665e-16,0.223060505249348,0.22306050524934784,-7.465842216559771e-16,2.433489375838922,2.4160233671132954,-0.007177351542619909,0.0098,0.01,0.009704110965812862,0.010000000017841293,0.1476,0.14970529580584369,-0.0021052958058436766,0.1506,0.15206005088741684,-0.001460050887416825,0.0,0.0,30.45813752568746
star,weighted,15,correlated,0.15,1.75,2,1.7297916874502923,1.7457895523617988,25.946875311754386,208.40574255195332,0.529356629258022,14.010037206658627,0.0225,0.18532209154282564,0.08504111204196098,6.950413223140501,0.5669692680834655,0.5669692680834653,-3.9163428676762665e-16,0.223060505249348,0.22306050524934784,-7.465842216559771e-16,2.433489375838922,2.4160233671132954,-0.007177351542619909,0.0098,0.01,0.009704110965812862,0.010000000017841293,0.7332,0.7389949285537097,-0.005794928553709777,0.7372,0.7440316412516307,-0.006831641251630716,0.0,0.0,93.27804617241785
star,weighted,15,correlated,0.15,3.0,2,1.7297916874502923,1.7457895523617988,25.946875311754386,208.40574255195332,0.529356629258022,14.010037206658627,0.0225,0.18532209154282564,0.08504111204196098,6.950413223140501,0.5669692680834655,0.5669692680834653,-3.9163428676762665e-16,0.223060505249348,0.22306050524934784,-7.465842216559771e-16,2.433489375838922,2.4160233671132954,-0.007177351542619909,0.0098,0.01,0.009704110965812862,0.010000000017841293,1.0,0.999999999970397,2.9602986728605174e-11,1.0,0.9999999999786412,2.135880361464615e-11,0.0,0.0,274.1232377311872
star,weighted,15,correlated,0.3,1.0,0,1.6657142447632818,1.745685622224402,24.985713671449226,193.20628035928812,0.5148856284279703,13.491482873771535,0.09,0.18531105896996414,0.08528444708961895,6.950413223140506,2.185245652504396,2.1852456525043937,-1.0161082103998586e-15,3.3145709406758432,3.314570940675835,-2.5456371693860136e-15,9.918423731727037,9.3136647867449,-0.06097329185963647,0.0072,0.0098,0.0076416477574334785,0.010000000016954558,0.0524,0.058529688647177135,-0.0061296886471771325,0.0582,0.06448678945352186,-0.00628678945352186,0.0,0.0,7.273130569293867
star,weighted,15,correlated,0.3,1.75,0,1.6657142447632818,1.745685622224402,24.985713671449226,193.20628035928812,0.5148856284279703,13.491482873771535,0.09,0.18531105896996414,0.08528444708961895,6.950413223140506,2.185245652504396,2.1852456525043937,-1.0161082103998586e-15,3.3145709406758432,3.314570940675835,-2.5456371693860136e-15,9.918423731727037,9.3136647867449,-0.06097329185963647,0.0072,0.0098,0.0076416477574334785,0.010000000016954558,0.1044,0.10765787515258518,-0.003257875152585174,0.1172,0.11928484633863966,-0.0020848463386396593,0.0,0.0,22.273962368462467
star,weighted,15,correlated,0.3,3.0,0,1.6657142447632818,1.745685622224402,24.985713671449226,193.20628035928812,0.5148856284279703,13.491482873771535,0.09,0.18531105896996414,0.08528444708961895,6.950413223140506,2.185245652504396,2.1852456525043937,-1.0161082103998586e-15,3.3145709406758432,3.314570940675835,-2.5456371693860136e-15,9.918423731727037,9.3136647867449,-0.06097329185963647,0.0072,0.0098,0.0076416477574334785,0.010000000016954558,0.4898,0.47896069663840407,0.010839303361595942,0.5402,0.5365203543926381,0.003679645607361892,0.0,0.0,65.45817512364479
star,weighted,15,correlated,0.3,1.0,1,1.7548784409691114,1.7452341035921448,26.32317661453667,214.2257713284415,0.5697926593208654,14.207407395612217,0.09,0.18526312857813254,0.08536748018861112,6.950413223140493,2.3033743319702786,2.303374331970279,1.9279940897413494e-16,3.682563919322888,3.6825639193228907,7.235543815327184e-16,9.854180419692222,9.81769674801977,-0.003702354748807307,0.0084,0.0086,0.009846781396498638,0.009999999937909787,0.0584,0.0640591614750243,-0.0056591614750243005,0.0584,0.06442770324781043,-0.006027703247810427,0.0,0.0,7.620715770778824
star,weighted,15,correlated,0.3,1.75,1,1.7548784409691114,1.7452341035921448,26.32317661453667,214.2257713284415,0.5697926593208654,14.207407395612217,0.09,0.18526312857813254,0.08536748018861112,6.950413223140493,2.3033743319702786,2.303374331970279,1.9279940897413494e-16,3.682563919322888,3.6825639193228907,7.235543815327184e-16,9.854180419692222,9.81769674801977,-0.003702354748807307,0.0084,0.0086,0.009846781396498638,0.009999999937909787,0.1218,0.1179421595388319,0.003857840461168105,0.1222,0.11868631255829178,0.003513687441708227,0.0,0.0,23.338442048010148
star,weighted,15,correlated,0.3,3.0,1,1.7548784409691114,1.7452341035921448,26.32317661453667,214.2257713284415,0.5697926593208654,14.207407395612217,0.09,0.18526312857813254,0.08536748018861112,6.950413223140493,2.3033743319702786,2.303374331970279,1.9279940897413494e-16,3.682563919322888,3.6825639193228907,7.235543815327184e-16,9.854180419692222,9.81769674801977,-0.003702354748807307,0.0084,0.0086,0.009846781396498638,0.009999999937909787,0.5338,0.5371790990480282,-0.0033790990480281335,0.5374,0.5406204949721839,-0.003220494972183907,0.0,0.0,68.58644193700943
star,weighted,15,correlated,0.3,1.0,2,1.8157693714205716,1.7449077683946443,27.236540571308574,229.18115815150483,0.5596872602088547,14.695534703313228,0.09,0.1852284868761799,0.08539271689828687,6.9504132231405,2.384003204542267,2.3840032045422674,1.8627878058382416e-16,3.94467862074954,3.944678620749541,2.251586263651967e-16,9.957688744985958,10.161537853213567,0.020471528428748414,0.0092,0.0084,0.010870358856186702,0.01000000001700263,0.0646,0.06644197408189441,-0.0018419740818944041,0.0618,0.06438812160728155,-0.0025881216072815502,0.0,0.0,6.852949544056779
star,weighted,15,correlated,0.3,1.75,2,1.8157693714205716,1.7449077683946443,27.236540571308574,229.18115815150483,0.5596872602088547,14.695534703313228,0.09,0.1852284868761799,0.08539271689828687,6.9504132231405,2.384003204542267,2.3840032045422674,1.8627878058382416e-16,3.94467862074954,3.944678620749541,2.251586263651967e-16,9.957688744985958,10.161537853213567,0.020471528428748414,0.0092,0.0084,0.010870358856186702,0.01000000001700263,0.1194,0.12239646974354022,-0.002996469743540217,0.1152,0.11821139804811569,-0.0030113980481156905,0.0,0.0,20.98715797867389
star,weighted,15,correlated,0.3,3.0,2,1.8157693714205716,1.7449077683946443,27.236540571308574,229.18115815150483,0.5596872602088547,14.695534703313228,0.09,0.1852284868761799,0.08539271689828687,6.9504132231405,2.384003204542267,2.3840032045422674,1.8627878058382416e-16,3.94467862074954,3.944678620749541,2.251586263651967e-16,9.957688744985958,10.161537853213567,0.020471528428748414,0.0092,0.0084,0.010870358856186702,0.01000000001700263,0.571,0.5704312030878012,0.000568796912198799,0.5508,0.5516621499245034,-0.000862149924503397,0.0,0.0,61.676545896511016
star,weighted,30,iid,0.15,1.0,0,1.978083396028275,2.6033551541451017,59.34250188084825,978.0908902670866,0.5256788350849315,30.771263347736117,0.022499999999999996,1.5419764230904954e-16,0.0,1.0,1.3352062923190855,1.3352062923190855,0.0,0.9903170263954252,0.9903170263954253,1.1210783971534524e-16,4.989487819938708,5.250090997172709,0.05223044661870779,0.011,0.0084,0.012361050403185914,0.010000000000171705,0.0672,0.06674719943760325,0.0004528005623967435,0.063,0.06045580714474625,0.0025441928552537504,0.0,0.0,26.287402505871633
star,weighted,30,iid,0.15,1.75,0,1.978083396028275,2.6033551541451017,59.34250188084825,978.0908902670866,0.5256788350849315,30.771263347736117,0.022499999999999996,1.5419764230904954e-16,0.0,1.0,1.3352062923190855,1.3352062923190855,0.0,0.9903170263954252,0.9903170263954253,1.1210783971534524e-16,4.989487819938708,5.250090997172709,0.05223044661870779,0.011,0.0084,0.012361050403185914,0.010000000000171705,0.3238,0.3240842693929156,-0.0002842693929156481,0.2742,0.27137031334126327,0.0028296866587367298,0.0,0.0,80.50517017423188
star,weighted,30,iid,0.15,3.0,0,1.978083396028275,2.6033551541451017,59.34250188084825,978.0908902670866,0.5256788350849315,30.771263347736117,0.022499999999999996,1.5419764230904954e-16,0.0,1.0,1.3352062923190855,1.3352062923190855,0.0,0.9903170263954252,0.9903170263954253,1.1210783971534524e-16,4.989487819938708,5.250090997172709,0.05223044661870779,0.011,0.0084,0.012361050403185914,0.010000000000171705,0.9922,0.9932589576171487,-0.0010589576171486925,0.9868,0.9860721205410067,0.0007278794589933302,0.0,0.0,236.58662255284474
star,weighted,30,iid,0.15,1.0,1,1.769920890146079,2.604955184301185,53.09762670438237,785.414347943414,0.5153157198532807,27.563917160510833,0.022499999999999996,1.5419764230904954e-16,0.0,1.0,1.1946966008486035,1.1946966008486033,-1.8585857260103616e-16,0.7952320272927066,0.7952320272927068,2.7921989721787425e-16,4.713390137965159,4.701835191849532,-0.0024515148921271904,0.0094,0.0094,0.009895935226655772,0.010000000000210285,0.06,0.06080166356415395,-0.0008016635641539538,0.0608,0.06108471344929671,-0.0002847134492967099,0.0,0.0,25.473297391732036
star,weighted,30,iid,0.15,1.75,1,1.769920890146079,2.604955184301185,53.09762670438237,785.414347943414,0.5153157198532807,27.563917160510833,0.022499999999999996,1.5419764230904954e-16,0.0,1.0,1.1946966008486035,1.1946966008486033,-1.8585857260103616e-16,0.7952320272927066,0.7952320272927068,2.7921989721787425e-16,4.713390137965159,4.701835191849532,-0.0024515148921271904,0.0094,0.0094,0.009895935226655772,0.010000000000210285,0.2688,0.28340523467130646,-0.014605234671306477,0.2714,0.28559807202618404,-0.014198072026184061,0.0,0.0,78.01197326217935
star,weighted,30,iid,0.15,3.0,1,1.769920890146079,2.604955184301185,53.09762670438237,785.414347943414,0.5153157198532807,27.563917160510833,0.022499999999999996,1.5419764230904954e-16,0.0,1.0,1.1946966008486035,1.1946966008486033,-1.8585857260103616e-16,0.7952320272927066,0.7952320272927068,2.7921989721787425e-16,4.713390137965159,4.701835191849532,-0.0024515148921271904,0.0094,0.0094,0.009895935226655772,0.010000000000210285,0.9896,0.9905505046762239,-0.0009505046762238178,0.9904,0.9909360596014027,-0.0005360596014027941,0.0,0.0,229.25967652558833
star,weighted,30,iid,0.15,1.0,2,2.1529026192890526,2.6029908561851665,64.58707857867158,1157.822861010928,0.5943838482536855,33.48215620480317,0.022499999999999996,1.5419764230904954e-16,0.0,1.0,1.4532092680201105,1.4532092680201105,0.0,1.1722956467735643,1.1722956467735648,3.788201475219169e-16,5.589682087580039,5.712904364733478,0.022044594884426796,0.012,0.0116,0.01096325627262884,0.010000000000148779,0.063,0.06285802255445333,0.00014197744554667047,0.0594,0.06030451542930175,-0.0009045154293017485,0.0,0.0,28.742636990358243
star,weighted,30,iid,0.15,1.75,2,2.1529026192890526,2.6029908561851665,64.58707857867158,1157.822861010928,0.5943838482536855,33.48215620480317,0.022499999999999996,1.5419764230904954e-16,0.0,1.0,1.4532092680201105,1.4532092680201105,0.0,1.1722956467735643,1.1722956467735648,3.788201475219169e-16,5.589682087580039,5.712904364733478,0.022044594884426796,0.012,0.0116,0.01096325627262884,0.010000000000148779,0.289,0.2880290503307675,0.0009709496692325015,0.2686,0.2653937327298588,0.0032062672701412276,0.0,0.0,88.02432578297213
star,weighted,30,iid,0.15,3.0,2,2.1529026192890526,2.6029908561851665,64.58707857867158,1157.822861010928,0.5943838482536855,33.48215620480317,0.022499999999999996,1.5419764230904954e-16,0.0,1.0,1.4532092680201105,1.4532092680201105,0.0,1.1722956467735643,1.1722956467735648,3.788201475219169e-16,5.589682087580039,5.712904364733478,0.022044594884426796,0.012,0.0116,0.01096325627262884,0.010000000000148779,0.9898,0.9905833469851273,-0.0007833469851272756,0.9856,0.9868137753570921,-0.0012137753570921062,0.0,0.0,258.6837329132242
star,weighted,30,iid,0.3,1.0,0,1.9896784123057223,2.603607528352554,59.69035236917167,990.0593389395607,0.5580001968936948,30.95695002626386,0.08999999999999998,1.5419764230904954e-16,0.0,1.0,5.372131713225452,5.372131713225452,0.0,16.038961290820883,16.038961290820883,0.0,21.09387858436072,21.12639902197251,0.0015417002369541145,0.011,0.0108,0.010065769281085268,0.010000000000170983,0.0372,0.037827396501244656,-0.0006273965012446592,0.037,0.03772190525726489,-0.0007219052572648918,0.0,0.0,6.674669665110199
star,weighted,30,iid,0.3,1.75,0,1.9896784123057223,2.603607528352554,59.69035236917167,990.0593389395607,0.5580001968936948,30.95695002626386,0.08999999999999998,1.5419764230904954e-16,0.0,1.0,5.372131713225452,5.372131713225452,0.0,16.038961290820883,16.038961290820883,0.0,21.09387858436072,21.12639902197251,0.0015417002369541145,0.011,0.0108,0.010065769281085268,0.010000000000170983,0.0552,0.0547960024129047,0.00040399758709529915,0.0552,0.054657596402399096,0.0005424035976009031,0.0,0.0,20.441175849399986
star,weighted,30,iid,0.3,3.0,0,1.9896784123057223,2.603607528352554,59.69035236917167,990.0593389395607,0.5580001968936948,30.95695002626386,0.08999999999999998,1.5419764230904954e-16,0.0,1.0,5.372131713225452,5.372131713225452,0.0,16.038961290820883,16.038961290820883,0.0,21.09387858436072,21.12639902197251,0.0015417002369541145,0.011,0.0108,0.010065769281085268,0.010000000000170983,0.1372,0.13508066618402345,0.0021193338159765374,0.1372,0.13439124907183758,0.002808750928162407,0.0,0.0,60.072026985991805
star,weighted,30,iid,0.3,1.0,1,1.8126313493635418,2.6045158502047867,54.37894048090625,823.1010349741416,0.5176750835961871,28.220012702254508,0.08999999999999998,1.5419764230904954e-16,0.0,1.0,4.894104643281564,4.894104643281564,0.0,13.334236766581096,13.334236766581101,3.9965320936528765e-16,18.79495455241269,19.256259019234026,0.024544058648022553,0.0106,0.0092,0.011075336726636631,0.010000000000202958,0.0408,0.03943319957543143,0.001366800424568576,0.0394,0.037727517346054694,0.0016724826539453036,0.0,0.0,7.148460540620254
star,weighted,30,iid,0.3,1.75,1,1.8126313493635418,2.6045158502047867,54.37894048090625,823.1010349741416,0.5176750835961871,28.220012702254508,0.08999999999999998,1.5419764230904954e-16,0.0,1.0,4.894104643281564,4.894104643281564,0.0,13.334236766581096,13.334236766581101,3.9965320936528765e-16,18.79495455241269,19.256259019234026,0.024544058648022553,0.0106,0.0092,0.011075336726636631,0.010000000000202958,0.0574,0.057091466508708305,0.00030853349129169455,0.0558,0.05481468414390003,0.0009853158560999692,0.0,0.0,21.892160405649534
star,weighted,30,iid,0.3,3.0,1,1.8126313493635418,2.6045158502047867,54.37894048090625,823.1010349741416,0.5176750835961871,28.220012702254508,0.08999999999999998,1.5419764230904954e-16,0.0,1.0,4.894104643281564,4.894104643281564,0.0,13.334236766581096,13.334236766581101,3.9965320936528765e-16,18.79495455241269,19.256259019234026,0.024544058648022553,0.0106,0.0092,0.011075336726636631,0.010000000000202958,0.1524,0.15080438495716503,0.0015956150428349802,0.1404,0.1389247271667113,0.0014752728332886877,0.0,0.0,64.3361448655823
star,weighted,30,iid,0.3,1.0,2,2.096312085160514,2.6030169250657162,62.88936255481542,1097.8081713883435,0.5739972891203892,32.602780256007286,0.08999999999999998,1.5419764230904954e-16,0.0,1.0,5.660042629933388,5.660042629933388,0.0,17.78449237649117,17.784492376491166,-1.9976469407115243e-16,22.441299711738097,22.251329304190342,-0.00846521413589913,0.0092,0.0098,0.009643100223923784,0.010000000000174869,0.038,0.03714320640048198,0.0008567935995180201,0.039,0.03771844030574291,0.0012815596942570909,0.0,0.0,6.877774073595974
star,weighted,30,iid,0.3,1.75,2,2.096312085160514,2.6030169250657162,62.88936255481542,1097.8081713883435,0.5739972891203892,32.602780256007286,0.08999999999999998,1.5419764230904954e-16,0.0,1.0,5.660042629933388,5.660042629933388,0.0,17.78449237649117,17.784492376491166,-1.9976469407115243e-16,22.441299711738097,22.251329304190342,-0.00846521413589913,0.0092,0.0098,0.009643100223923784,0.010000000000174869,0.057,0.0538107262592462,0.003189273740753805,0.0574,0.05455882094284541,0.002841179057154593,0.0,0.0,21.063183100387675
star,weighted,30,iid,0.3,3.0,2,2.096312085160514,2.6030169250657162,62.88936255481542,1097.8081713883435,0.5739972891203892,32.602780256007286,0.08999999999999998,1.5419764230904954e-16,0.0,1.0,5.660042629933388,5.660042629933388,0.0,17.78449237649117,17.784492376491166,-1.9976469407115243e-16,22.441299711738097,22.251329304190342,-0.00846521413589913,0.0092,0.0098,0.009643100223923784,0.010000000000174869,0.135,0.12794450153309062,0.007055498466909393,0.1398,0.13156737344978772,0.008232626550212285,0.0,0.0,61.89996666236379
star,weighted,30,heteroscedastic,0.15,1.0,0,1.9865472845887935,2.6029224470415477,59.5964185376638,985.6788407089132,0.538419733461749,30.89378928211421,0.022500000000000003,0.45434452223505745,0.0,5.444444444444444,1.272510414808764,1.2725104148087638,-1.7449334979187632e-16,0.8557795188011221,0.8557795188011212,-1.0378589346755942e-15,5.315329553175446,4.898622169030402,-0.07839728091668334,0.005,0.008,0.006950513288958626,0.010000000013946964,0.0498,0.053964805642489594,-0.004164805642489597,0.0576,0.0627981236548588,-0.005198123654858805,0.0,0.0,34.21713142059999
star,weighted,30,heteroscedastic,0.15,1.75,0,1.9865472845887935,2.6029224470415477,59.5964185376638,985.6788407089132,0.538419733461749,30.89378928211421,0.022500000000000003,0.45434452223505745,0.0,5.444444444444444,1.272510414808764,1.2725104148087638,-1.7449334979187632e-16,0.8557795188011221,0.8557795188011212,-1.0378589346755942e-15,5.315329553175446,4.898622169030402,-0.07839728091668334,0.005,0.008,0.006950513288958626,0.010000000013946964,0.2484,0.242952888542451,0.005447111457549003,0.3372,0.3295881628882436,0.007611837111756392,0.0,0.0,104.78996497558747
star,weighted,30,heteroscedastic,0.15,3.0,0,1.9865472845887935,2.6029224470415477,59.5964185376638,985.6788407089132,0.538419733461749,30.89378928211421,0.022500000000000003,0.45434452223505745,0.0,5.444444444444444,1.272510414808764,1.2725104148087638,-1.7449334979187632e-16,0.8557795188011221,0.8557795188011212,-1.0378589346755942e-15,5.315329553175446,4.898622169030402,-0.07839728091668334,0.005,0.008,0.006950513288958626,0.010000000013946964,0.9868,0.9880680080875603,-0.001268008087560335,0.9954,0.995995753777306,-0.0005957537773060295,0.0,0.0,307.9541827853999
star,weighted,30,heteroscedastic,0.15,1.0,1,1.7589632901510035,2.6045333860770383,52.7688987045301,775.107568390642,0.5116923629813814,27.385454303493617,0.022500000000000003,0.45434452223505745,0.0,5.444444444444444,1.0540944494932045,1.0540944494932045,0.0,0.4925747232320627,0.4925747232320624,-5.634794947152141e-16,3.802064905146189,3.783423906995273,-0.0049028616333415655,0.0098,0.01,0.009784690370891025,0.010000000000035592,0.0726,0.0705107264683327,0.002089273531667296,0.0732,0.07131726952337109,0.001882730476628916,0.0,0.0,34.672270829129
star,weighted,30,heteroscedastic,0.15,1.75,1,1.7589632901510035,2.6045333860770383,52.7688987045301,775.107568390642,0.5116923629813814,27.385454303493617,0.022500000000000003,0.45434452223505745,0.0,5.444444444444444,1.0540944494932045,1.0540944494932045,0.0,0.4925747232320627,0.4925747232320624,-5.634794947152141e-16,3.802064905146189,3.783423906995273,-0.0049028616333415655,0.0098,0.01,0.009784690370891025,0.010000000000035592,0.4438,0.45038229087303616,-0.0065822908730361895,0.4492,0.4554584826394598,-0.006258482639459828,0.0,0.0,106.18382941420755
star,weighted,30,heteroscedastic,0.15,3.0,1,1.7589632901510035,2.6045333860770383,52.7688987045301,775.107568390642,0.5116923629813814,27.385454303493617,0.022500000000000003,0.45434452223505745,0.0,5.444444444444444,1.0540944494932045,1.0540944494932045,0.0,0.4925747232320627,0.4925747232320624,-5.634794947152141e-16,3.802064905146189,3.783423906995273,-0.0049028616333415655,0.0098,0.01,0.009784690370891025,0.010000000000035592,0.9996,0.99994351592795,-0.00034351592795001107,0.9996,0.9999503787078903,-0.00035037870789023096,0.0,0.0,312.050437462161
star,weighted,30,heteroscedastic,0.15,1.0,2,1.857943803425457,2.6035801814033315,55.73831410276371,863.2534848810797,0.5511002179507024,28.906990780981474,0.02250000000000001,0.4543445222350573,0.0,5.444444444444444,1.2988109773175005,1.2988109773175003,-1.7095990779476716e-16,1.0172060729343415,1.0172060729343415,0.0,5.259007301301114,5.2646714573373785,0.0010770390135915755,0.012,0.0118,0.010045468239488542,0.010000000000839726,0.0604,0.05865539647498657,0.0017446035250134329,0.06,0.058542783182503284,0.0014572168174967134,0.0,0.0,35.82880743286159
star,weighted,30,heteroscedastic,0.15,1.75,2,1.857943803425457,2.6035801814033315,55.73831410276371,863.2534848810797,0.5511002179507024,28.906990780981474,0.02250000000000001,0.4543445222350573,0.0,5.444444444444444,1.2988109773175005,1.2988109773175003,-1.7095990779476716e-16,1.0172060729343415,1.0172060729343415,0.0,5.259007301301114,5.2646714573373785,0.0010770390135915755,0.012,0.0118,0.010045468239488542,0.010000000000839726,0.2174,0.2223789557764013,-0.004978955776401284,0.2168,0.22153311260938235,-0.004733112609382362,0.0,0.0,109.72572276313862
star,weighted,30,heteroscedastic,0.15,3.0,2,1.857943803425457,2.6035801814033315,55.73831410276371,863.2534848810797,0.5511002179507024,28.906990780981474,0.02250000000000001,0.4543445222350573,0.0,5.444444444444444,1.2988109773175005,1.2988109773175003,-1.7095990779476716e-16,1.0172060729343415,1.0172060729343415,0.0,5.259007301301114,5.2646714573373785,0.0010770390135915755,0.012,0.0118,0.010045468239488542,0.010000000000839726,0.9888,0.9855049913304161,0.0032950086695838765,0.9884,0.9852652878154115,0.003134712184588495,0.0,0.0,322.4592668957544
star,weighted,30,heteroscedastic,0.3,1.0,0,1.9974361103542642,2.6039827240460918,59.92308331062792,998.4964040130567,0.5389827716199469,31.08570281913947,0.09000000000000002,0.45434452223505734,0.0,5.444444444444444,4.419898671718796,4.419898671718794,-4.018999011824555e-16,7.227043432977914,7.227043432977911,-3.6868953173046724e-16,14.509210372538304,14.774416113754471,0.018278440687449434,0.01,0.0092,0.01085469574278436,0.010000000000005727,0.0448,0.04685389852107743,-0.0020538985210774297,0.0432,0.04549798631616781,-0.002297986316167809,0.0,0.0,9.118628342543278
star,weighted,30,heteroscedastic,0.3,1.75,0,1.9974361103542642,2.6039827240460918,59.92308331062792,998.4964040130567,0.5389827716199469,31.08570281913947,0.09000000000000002,0.45434452223505734,0.0,5.444444444444444,4.419898671718796,4.419898671718794,-4.018999011824555e-16,7.227043432977914,7.227043432977911,-3.6868953173046724e-16,14.509210372538304,14.774416113754471,0.018278440687449434,0.01,0.0092,0.01085469574278436,0.010000000000005727,0.0684,0.07001079560893528,-0.0016107956089352754,0.0654,0.06715191295357797,-0.0017519129535779748,0.0,0.0,27.925799299038786
star,weighted,30,heteroscedastic,0.3,3.0,0,1.9974361103542642,2.6039827240460918,59.92308331062792,998.4964040130567,0.5389827716199469,31.08570281913947,0.09000000000000002,0.45434452223505734,0.0,5.444444444444444,4.419898671718796,4.419898671718794,-4.018999011824555e-16,7.227043432977914,7.227043432977911,-3.6868953173046724e-16,14.509210372538304,14.774416113754471,0.018278440687449434,0.01,0.0092,0.01085469574278436,0.010000000000005727,0.3912,0.40211860723036014,-0.010918607230360144,0.3724,0.38052266371981436,-0.00812266371981435,0.0,0.0,82.0676550828895
star,weighted,30,heteroscedastic,0.3,1.0,1,1.8858867364727525,2.6043656852680224,56.576602094182576,890.7243567848342,0.6015656458091874,29.357490668739413,0.09000000000000001,0.45434452223505745,0.0,5.444444444444444,7.0134121826500975,7.013412182650098,1.266399858684075e-16,43.42266496866371,43.42266496866373,4.90902207135054e-16,31.545932123386233,33.141909313854065,0.05059217094062885,0.0128,0.0102,0.01214070488077118,0.010000000026936684,0.0338,0.02973824972579301,0.004061750274206986,0.0302,0.026455127825650362,0.0037448721743496387,0.0,0.0,8.619974390869135
star,weighted,30,heteroscedastic,0.3,1.75,1,1.8858867364727525,2.6043656852680224,56.576602094182576,890.7243567848342,0.6015656458091874,29.357490668739413,0.09000000000000001,0.45434452223505745,0.0,5.444444444444444,7.0134121826500975,7.013412182650098,1.266399858684075e-16,43.42266496866371,43.42266496866373,4.90902207135054e-16,31.545932123386233,33.141909313854065,0.05059217094062885,0.0128,0.0102,0.01214070488077118,0.010000000026936684,0.051,0.05050327164411295,0.0004967283558870439,0.0488,0.047119494832592236,0.001680505167407767,0.0,0.0,26.398671572036733
star,weighted,30,heteroscedastic,0.3,3.0,1,1.8858867364727525,2.6043656852680224,56.576602094182576,890.7243567848342,0.6015656458091874,29.357490668739413,0.09000000000000001,0.45434452223505745,0.0,5.444444444444444,7.0134121826500975,7.013412182650098,1.266399858684075e-16,43.42266496866371,43.42266496866373,4.90902207135054e-16,31.545932123386233,33.141909313854065,0.05059217094062885,0.0128,0.0102,0.01214070488077118,0.010000000026936684,0.0804,0.07696958870626434,0.003430411293735655,0.0716,0.06941670755256764,0.0021832924474323584,0.0,0.0,77.57976951782224
star,weighted,30,heteroscedastic,0.3,1.0,2,1.853763213415136,2.6044855261388924,55.61289640245408,860.8312955610863,0.5161722598499942,28.85978866005501,0.09,0.45434452223505756,0.0,5.444444444444444,5.773050790480169,5.773050790480168,-1.538490569258012e-16,23.465498594044096,23.465498594044078,-7.570079247543102e-16,24.119406357494395,24.90349716663082,0.03250871093238135,0.0114,0.0106,0.011390727853269222,0.01000000000331519,0.0336,0.03441845692197824,-0.0008184569219782389,0.0306,0.032215010747498954,-0.0016150107474989552,0.0,0.0,8.604021216051665
star,weighted,30,heteroscedastic,0.3,1.75,2,1.853763213415136,2.6044855261388924,55.61289640245408,860.8312955610863,0.5161722598499942,28.85978866005501,0.09,0.45434452223505756,0.0,5.444444444444444,5.773050790480169,5.773050790480168,-1.538490569258012e-16,23.465498594044096,23.465498594044078,-7.570079247543102e-16,24.119406357494395,24.90349716663082,0.03250871093238135,0.0114,0.0106,0.011390727853269222,0.01000000000331519,0.0558,0.05328566088410532,0.00251433911589468,0.0524,0.05082557642653019,0.0015744235734698117,0.0,0.0,26.34981497415822
star,weighted,30,heteroscedastic,0.3,3.0,2,1.853763213415136,2.6044855261388924,55.61289640245408,860.8312955610863,0.5161722598499942,28.85978866005501,0.09,0.45434452223505756,0.0,5.444444444444444,5.773050790480169,5.773050790480168,-1.538490569258012e-16,23.465498594044096,23.465498594044078,-7.570079247543102e-16,24.119406357494395,24.90349716663082,0.03250871093238135,0.0114,0.0106,0.011390727853269222,0.01000000000331519,0.099,0.09940056468370045,-0.0004005646837004495,0.0912,0.09139115487080889,-0.00019115487080888227,0.0,0.0,77.43619094446497
star,weighted,30,correlated,0.15,1.0,0,1.877800093823977,2.604014480700215,56.334002814719305,882.5214172725853,0.540491253532007,29.224736226925668,0.022499999999999996,0.1459600412331232,0.0395558461948611,6.950413223140512,1.424731421059473,1.4247314210594717,-9.3510089681287e-16,1.4664470905502787,1.4664470905502773,-9.085003053538463e-16,6.414101534763439,6.216289795590329,-0.030840132183907746,0.008,0.0092,0.008775248452184414,0.010000000002991949,0.0528,0.05215219738693043,0.0006478026130695702,0.0546,0.05473782656680548,-0.00013782656680547817,0.0,0.0,28.676512815529467
star,weighted,30,correlated,0.15,1.75,0,1.877800093823977,2.604014480700215,56.334002814719305,882.5214172725853,0.540491253532007,29.224736226925668,0.022499999999999996,0.1459600412331232,0.0395558461948611,6.950413223140512,1.424731421059473,1.4247314210594717,-9.3510089681287e-16,1.4664470905502787,1.4664470905502773,-9.085003053538463e-16,6.414101534763439,6.216289795590329,-0.030840132183907746,0.008,0.0092,0.008775248452184414,0.010000000002991949,0.1354,0.13413681610510772,0.0012631838948922725,0.1508,0.14886505122260899,0.0019349487773910046,0.0,0.0,87.82182049755902
star,weighted,30,correlated,0.15,3.0,0,1.877800093823977,2.604014480700215,56.334002814719305,882.5214172725853,0.540491253532007,29.224736226925668,0.022499999999999996,0.1459600412331232,0.0395558461948611,6.950413223140512,1.424731421059473,1.4247314210594717,-9.3510089681287e-16,1.4664470905502787,1.4664470905502773,-9.085003053538463e-16,6.414101534763439,6.216289795590329,-0.030840132183907746,0.008,0.0092,0.008775248452184414,0.010000000002991949,0.8988,0.8975798055079625,0.0012201944920375851,0.917,0.915700053781689,0.0012999462183110877,0.0,0.0,258.08861533976517
star,weighted,30,correlated,0.15,1.0,1,1.9518465830206722,2.6031040999336152,58.555397490620166,951.8684765930345,0.5919754447959137,30.358024514206363,0.022499999999999996,0.14590901263277714,0.03972488120140694,6.9504132231405045,1.4827933151991368,1.4827933151991362,-4.492425262152151e-16,1.589324731528625,1.589324731528624,-5.588401174918283e-16,6.7612846279889665,6.471696027701774,-0.04283041111572402,0.0064,0.008,0.008322883276859594,0.010000000003213882,0.0544,0.05103691739703931,0.0033630826029606847,0.0584,0.05455042425462615,0.003849575745373854,0.0,0.0,27.470578428592546
star,weighted,30,correlated,0.15,1.75,1,1.9518465830206722,2.6031040999336152,58.555397490620166,951.8684765930345,0.5919754447959137,30.358024514206363,0.022499999999999996,0.14590901263277714,0.03972488120140694,6.9504132231405045,1.4827933151991368,1.4827933151991362,-4.492425262152151e-16,1.589324731528625,1.589324731528624,-5.588401174918283e-16,6.7612846279889665,6.471696027701774,-0.04283041111572402,0.0064,0.008,0.008322883276859594,0.010000000003213882,0.1188,0.1238206311481946,-0.005020631148194593,0.1328,0.14273507553658948,-0.009935075536589483,0.0,0.0,84.12864643756464
star,weighted,30,correlated,0.15,3.0,1,1.9518465830206722,2.6031040999336152,58.555397490620166,951.8684765930345,0.5919754447959137,30.358024514206363,0.022499999999999996,0.14590901263277714,0.03972488120140694,6.9504132231405045,1.4827933151991368,1.4827933151991362,-4.492425262152151e-16,1.589324731528625,1.589324731528624,-5.588401174918283e-16,6.7612846279889665,6.471696027701774,-0.04283041111572402,0.0064,0.008,0.008322883276859594,0.010000000003213882,0.9152,0.9108044375352762,0.0043955624647238345,0.9364,0.9336621701760925,0.002737829823907467,0.0,0.0,247.23520585733283
star,weighted,30,correlated,0.15,1.0,2,1.9383253831660048,2.603112011947462,58.14976149498014,938.7401583096084,0.5220599277777863,30.147839960470144,0.0225,0.14590945611643527,0.039711090743824916,6.950413223140488,1.4724631157514523,1.4724631157514523,0.0,1.5672018899562914,1.567201889956292,4.250465871973088e-16,6.266985252245375,6.4265112315264155,0.02545497920613179,0.0114,0.01,0.011076031699243372,0.010000000002527543,0.0536,0.05680200213000268,-0.0032020021300026777,0.0514,0.054550407531830686,-0.0031504075318306846,0.0,0.0,30.514908036597326
star,weighted,30,correlated,0.15,1.75,2,1.9383253831660048,2.603112011947462,58.14976149498014,938.7401583096084,0.5220599277777863,30.147839960470144,0.0225,0.14590945611643527,0.039711090743824916,6.950413223140488,1.4724631157514523,1.4724631157514523,0.0,1.5672018899562914,1.567201889956292,4.250465871973088e-16,6.266985252245375,6.4265112315264155,0.02545497920613179,0.0114,0.01,0.011076031699243372,0.010000000002527543,0.1472,0.155058802566466,-0.007858802566466011,0.1336,0.14266675918643656,-0.009066759186436568,0.0,0.0,93.45190586207936
star,weighted,30,correlated,0.15,3.0,2,1.9383253831660048,2.603112011947462,58.14976149498014,938.7401583096084,0.5220599277777863,30.147839960470144,0.0225,0.14590945611643527,0.039711090743824916,6.950413223140488,1.4724631157514523,1.4724631157514523,0.0,1.5672018899562914,1.567201889956292,4.250465871973088e-16,6.266985252245375,6.4265112315264155,0.02545497920613179,0.0114,0.01,0.011076031699243372,0.010000000002527543,0.9326,0.9366630103683219,-0.0040630103683219065,0.9226,0.9284130514201651,-0.005813051420165083,0.0,0.0,274.634172329376
star,weighted,30,correlated,0.3,1.0,0,1.8423806055506826,2.604807902702131,55.271418166520476,850.8053079979874,0.5214730865524909,28.688964370797393,0.09000000000000001,0.14600451406880577,0.039374160415819925,6.9504132231404965,5.584669413925326,5.584669413925326,0.0,22.518164162980327,22.518164162980344,7.888550889599456e-16,23.275653394492373,24.358773626127316,0.04653447159044041,0.0118,0.009,0.012011868642267665,0.010000000002991727,0.041,0.03563444126879024,0.005365558731209759,0.0356,0.03246874307093487,0.0031312569290651293,0.0,0.0,6.839305015857982
star,weighted,30,correlated,0.3,1.75,0,1.8423806055506826,2.604807902702131,55.271418166520476,850.8053079979874,0.5214730865524909,28.688964370797393,0.09000000000000001,0.14600451406880577,0.039374160415819925,6.9504132231404965,5.584669413925326,5.584669413925326,0.0,22.518164162980327,22.518164162980344,7.888550889599456e-16,23.275653394492373,24.358773626127316,0.04653447159044041,0.0118,0.009,0.012011868642267665,0.010000000002991727,0.0496,0.054552772523924924,-0.004952772523924925,0.0468,0.050973781905475274,-0.0041737819054752726,0.0,0.0,20.94537161106507
star,weighted,30,correlated,0.3,3.0,0,1.8423806055506826,2.604807902702131,55.271418166520476,850.8053079979874,0.5214730865524909,28.688964370797393,0.09000000000000001,0.14600451406880577,0.039374160415819925,6.9504132231404965,5.584669413925326,5.584669413925326,0.0,22.518164162980327,22.518164162980344,7.888550889599456e-16,23.275653394492373,24.358773626127316,0.04653447159044041,0.0118,0.009,0.012011868642267665,0.010000000002991727,0.1014,0.10494079150384752,-0.0035407915038475207,0.0908,0.09297492365674297,-0.002174923656742961,0.0,0.0,61.55374514272185
star,weighted,30,correlated,0.3,1.0,1,1.9267484796938468,2.604475536098788,57.802454390815406,929.9325692242577,0.5079863778282269,29.99588893222327,0.09000000000000002,0.14598588427873027,0.0394415773618095,6.950413223140491,5.843238921377523,5.843238921377523,0.0,24.657284962791184,24.657284962791195,4.322512009122277e-16,24.8894838946326,25.48978970160381,0.024118853147479923,0.0096,0.0084,0.011018313499361665,0.010000000001922749,0.0314,0.03407181139749494,-0.002671811397494943,0.0296,0.03245118154156453,-0.0028511815415645306,0.0,0.0,6.965917014937511
star,weighted,30,correlated,0.3,1.75,1,1.9267484796938468,2.604475536098788,57.802454390815406,929.9325692242577,0.5079863778282269,29.99588893222327,0.09000000000000002,0.14598588427873027,0.0394415773618095,6.950413223140491,5.843238921377523,5.843238921377523,0.0,24.657284962791184,24.657284962791195,4.322512009122277e-16,24.8894838946326,25.48978970160381,0.024118853147479923,0.0096,0.0084,0.011018313499361665,0.010000000001922749,0.0534,0.052745382349913265,0.0006546176500867376,0.0518,0.05093521040750022,0.0008647895924997762,0.0,0.0,21.333120858246122
star,weighted,30,correlated,0.3,3.0,1,1.9267484796938468,2.604475536098788,57.802454390815406,929.9325692242577,0.5079863778282269,29.99588893222327,0.09000000000000002,0.14598588427873027,0.0394415773618095,6.950413223140491,5.843238921377523,5.843238921377523,0.0,24.657284962791184,24.657284962791195,4.322512009122277e-16,24.8894838946326,25.48978970160381,0.024118853147479923,0.0096,0.0084,0.011018313499361665,0.010000000001922749,0.097,0.09834949900791248,-0.0013494990079124802,0.0908,0.09237524198192845,-0.0015752419819284463,0.0,0.0,62.6932531344376
star,weighted,30,correlated,0.3,1.0,2,2.0288250991879138,2.603232285577252,60.864752975637415,1028.6773925923362,0.5873493626749853,31.557754414956545,0.09000000000000001,0.1459161976856905,0.03965697283797467,6.950413223140507,6.1631845120656035,6.163184512065607,5.764412329122047e-16,27.451756717923285,27.45175671792331,9.059163683818643e-16,26.744702427054612,26.896707195057516,0.005683546803988276,0.0084,0.0084,0.010235167901842646,0.010000000002546527,0.0356,0.03276715112938261,0.0028328488706173896,0.0352,0.03238944496587762,0.0028105550341223848,0.0,0.0,7.789384629600925
star,weighted,30,correlated,0.3,1.75,2,2.0288250991879138,2.603232285577252,60.864752975637415,1028.6773925923362,0.5873493626749853,31.557754414956545,0.09000000000000001,0.1459161976856905,0.03965697283797467,6.950413223140507,6.1631845120656035,6.163184512065607,5.764412329122047e-16,27.451756717923285,27.45175671792331,9.059163683818643e-16,26.744702427054612,26.896707195057516,0.005683546803988276,0.0084,0.0084,0.010235167901842646,0.010000000002546527,0.0492,0.051200959681061545,-0.002000959681061544,0.0488,0.05078546339244893,-0.0019854633924489273,0.0,0.0,23.85499042815284
star,weighted,30,correlated,0.3,3.0,2,2.0288250991879138,2.603232285577252,60.864752975637415,1028.6773925923362,0.5873493626749853,31.557754414956545,0.09000000000000001,0.1459161976856905,0.03965697283797467,6.950413223140507,6.1631845120656035,6.163184512065607,5.764412329122047e-16,27.451756717923285,27.45175671792331,9.059163683818643e-16,26.744702427054612,26.896707195057516,0.005683546803988276,0.0084,0.0084,0.010235167901842646,0.010000000002546527,0.0914,0.09105647570727227,0.0003435242927277288,0.09,0.08974441863115283,0.00025558136884716587,0.0,0.0,70.10446166640833
star,weighted,60,iid,0.15,1.0,0,1.9746273079272614,3.7784499575419983,118.47763847563569,3703.427747013036,0.5266993062313472,60.33295077998037,0.022499999999999996,1.5419764230904954e-16,0.0,1.0,2.665746865701804,2.6657468657018026,-4.997727453763489e-16,3.7497205938506992,3.7497205938506952,-1.06589352156133e-15,10.352670950983311,10.328882016511121,-0.0022978547840285107,0.0102,0.0102,0.009902097114938946,0.010000000000012388,0.0284,0.03230415929550908,-0.00390415929550908,0.0284,0.03245874115678097,-0.004058741156780968,0.0,0.0,25.338000051648294
star,weighted,60,iid,0.15,1.75,0,1.9746273079272614,3.7784499575419983,118.47763847563569,3703.427747013036,0.5266993062313472,60.33295077998037,0.022499999999999996,1.5419764230904954e-16,0.0,1.0,2.665746865701804,2.6657468657018026,-4.997727453763489e-16,3.7497205938506992,3.7497205938506952,-1.06589352156133e-15,10.352670950983311,10.328882016511121,-0.0022978547840285107,0.0102,0.0102,0.009902097114938946,0.010000000000012388,0.061,0.0601449069520553,0.000855093047944698,0.062,0.060582758049936264,0.0014172419500637357,0.0,0.0,77.59762515817287
star,weighted,60,iid,0.15,3.0,0,1.9746273079272614,3.7784499575419983,118.47763847563569,3703.427747013036,0.5266993062313472,60.33295077998037,0.022499999999999996,1.5419764230904954e-16,0.0,1.0,2.665746865701804,2.6657468657018026,-4.997727453763489e-16,3.7497205938506992,3.7497205938506952,-1.06589352156133e-15,10.352670950983311,10.328882016511121,-0.0022978547840285107,0.0102,0.0102,0.009902097114938946,0.010000000000012388,0.6028,0.6054065240138858,-0.002606524013885836,0.6046,0.6078148490862976,-0.0032148490862975443,0.0,0.0,228.04200046483456
star,weighted,60,iid,0.15,1.0,1,2.0085543581776695,3.778277331729952,120.51326149066016,3830.8345856770675,0.5109450200851247,61.36410645460598,0.022499999999999996,1.5419764230904954e-16,0.0,1.0,2.7115483835398546,2.7115483835398537,-3.2755396329702655e-16,3.8787200179980292,3.8787200179980292,0.0,9.665925101066092,10.505594544683692,0.08686902027877186,0.013,0.0094,0.01409178416989626,0.010000000000011278,0.0426,0.03890657946509553,0.0036934205349044708,0.0364,0.032442786053823766,0.003957213946176236,0.0,0.0,27.547436822597277
star,weighted,60,iid,0.15,1.75,1,2.0085543581776695,3.778277331729952,120.51326149066016,3830.8345856770675,0.5109450200851247,61.36410645460598,0.022499999999999996,1.5419764230904954e-16,0.0,1.0,2.7115483835398546,2.7115483835398537,-3.2755396329702655e-16,3.8787200179980292,3.8787200179980292,0.0,9.665925101066092,10.505594544683692,0.08686902027877186,0.013,0.0094,0.01409178416989626,0.010000000000011278,0.0788,0.07847968016055536,0.00032031983944463827,0.0584,0.0601518622705053,-0.0017518622705052986,0.0,0.0,84.36402526920416
star,weighted,60,iid,0.15,3.0,1,2.0085543581776695,3.778277331729952,120.51326149066016,3830.8345856770675,0.5109450200851247,61.36410645460598,0.022499999999999996,1.5419764230904954e-16,0.0,1.0,2.7115483835398546,2.7115483835398537,-3.2755396329702655e-16,3.8787200179980292,3.8787200179980292,0.0,9.665925101066092,10.505594544683692,0.08686902027877186,0.013,0.0094,0.01409178416989626,0.010000000000011278,0.7238,0.7201328455477992,0.0036671544522007826,0.6362,0.6324058493458409,0.003794150654159112,0.0,0.0,247.92693140337548
star,weighted,60,iid,0.15,1.0,2,1.9880641634035086,3.777793552639015,119.28384980421052,3750.472401545306,0.5476326395059239,60.72349211861682,0.022499999999999996,1.5419764230904954e-16,0.0,1.0,2.683886620594736,2.683886620594736,0.0,3.797353306564624,3.7973533065646228,-3.508411048419034e-16,11.05630196330302,10.396389543025979,-0.05968654098516463,0.008,0.0116,0.0076314337821663525,0.010000000000012388,0.0246,0.02868533986484132,-0.00408533986484132,0.0308,0.032412848243051094,-0.0016128482430510932,0.0,0.0,26.227364234997903
star,weighted,60,iid,0.15,1.75,2,1.9880641634035086,3.777793552639015,119.28384980421052,3750.472401545306,0.5476326395059239,60.72349211861682,0.022499999999999996,1.5419764230904954e-16,0.0,1.0,2.683886620594736,2.683886620594736,0.0,3.797353306564624,3.7973533065646228,-3.508411048419034e-16,11.05630196330302,10.396389543025979,-0.05968654098516463,0.008,0.0116,0.0076314337821663525,0.010000000000012388,0.05,0.04935966066043651,0.0006403393395634921,0.0586,0.05966044220956771,-0.0010604422095677121,0.0,0.0,80.32130296968107
star,weighted,60,iid,0.15,3.0,2,1.9880641634035086,3.777793552639015,119.28384980421052,3750.472401545306,0.5476326395059239,60.72349211861682,0.022499999999999996,1.5419764230904954e-16,0.0,1.0,2.683886620594736,2.683886620594736,0.0,3.797353306564624,3.7973533065646228,-3.508411048419034e-16,11.05630196330302,10.396389543025979,-0.05968654098516463,0.008,0.0116,0.0076314337821663525,0.010000000000012388,0.54,0.5412875972883082,-0.0012875972883081843,0.6172,0.6172797951416342,-7.97951416342535e-05,0.0,0.0,236.04627811498113
star,weighted,60,iid,0.3,1.0,0,2.0576144231746256,3.777903005617184,123.45686539047753,4018.1051278849222,0.5078161791813384,62.85117000516462,0.08999999999999998,1.5419764230904954e-16,0.0,1.0,11.111117885142974,11.111117885142978,3.197440361559791e-16,65.09330307173573,65.09330307173573,0.0,42.81828766226168,43.04224332395441,0.005230374074255962,0.0094,0.0092,0.010224859877935033,0.010000000000011888,0.0208,0.0241056542000368,-0.0033056542000368012,0.0204,0.023818025407690905,-0.0034180254076909035,0.0,0.0,6.9844207693630365
star,weighted,60,iid,0.3,1.75,0,2.0576144231746256,3.777903005617184,123.45686539047753,4018.1051278849222,0.5078161791813384,62.85117000516462,0.08999999999999998,1.5419764230904954e-16,0.0,1.0,11.111117885142974,11.111117885142978,3.197440361559791e-16,65.09330307173573,65.09330307173573,0.0,42.81828766226168,43.04224332395441,0.005230374074255962,0.0094,0.0092,0.010224859877935033,0.010000000000011888,0.0284,0.03106493779347764,-0.002664937793477637,0.0284,0.0307478402647075,-0.0023478402647074993,0.0,0.0,21.389788606174296
star,weighted,60,iid,0.3,3.0,0,2.0576144231746256,3.777903005617184,123.45686539047753,4018.1051278849222,0.5078161791813384,62.85117000516462,0.08999999999999998,1.5419764230904954e-16,0.0,1.0,11.111117885142974,11.111117885142978,3.197440361559791e-16,65.09330307173573,65.09330307173573,0.0,42.81828766226168,43.04224332395441,0.005230374074255962,0.0094,0.0092,0.010224859877935033,0.010000000000011888,0.044,0.04608977536130031,-0.002089775361300311,0.043,0.04543850664647567,-0.0024385066464756716,0.0,0.0,62.85978692426732
star,weighted,60,iid,0.3,1.0,1,1.813106828918969,3.7790615968261614,108.78640973513814,3125.076615694869,0.5157612796443141,55.41495029942038,0.08999999999999998,1.5419764230904954e-16,0.0,1.0,9.790776876162434,9.790776876162433,-1.8143165367450458e-16,50.626241174256904,50.62624117425687,-7.017533983160953e-16,38.664298580943566,37.945481710593754,-0.018591230068352893,0.009,0.0098,0.009223373530821644,0.010000000000012332,0.0214,0.022817447392374183,-0.001417447392374184,0.0216,0.02381953111843974,-0.0022195311184397375,0.0,0.0,6.783635625477544
star,weighted,60,iid,0.3,1.75,1,1.813106828918969,3.7790615968261614,108.78640973513814,3125.076615694869,0.5157612796443141,55.41495029942038,0.08999999999999998,1.5419764230904954e-16,0.0,1.0,9.790776876162434,9.790776876162433,-1.8143165367450458e-16,50.626241174256904,50.62624117425687,-7.017533983160953e-16,38.664298580943566,37.945481710593754,-0.018591230068352893,0.009,0.0098,0.009223373530821644,0.010000000000012332,0.0326,0.02969876602095493,0.002901233979045067,0.0338,0.03079736603253702,0.0030026339674629754,0.0,0.0,20.77488410302498
star,weighted,60,iid,0.3,3.0,1,1.813106828918969,3.7790615968261614,108.78640973513814,3125.076615694869,0.5157612796443141,55.41495029942038,0.08999999999999998,1.5419764230904954e-16,0.0,1.0,9.790776876162434,9.790776876162433,-1.8143165367450458e-16,50.626241174256904,50.62624117425687,-7.017533983160953e-16,38.664298580943566,37.945481710593754,-0.018591230068352893,0.009,0.0098,0.009223373530821644,0.010000000000012332,0.0458,0.04385529012307603,0.0019447098769239737,0.048,0.0461572486603214,0.0018427513396786013,0.0,0.0,61.052720629297916
star,weighted,60,iid,0.3,1.0,2,1.927208615969607,3.7782351186819563,115.63251695817641,3526.609852283063,0.5308103754183056,58.87764293036952,0.08999999999999998,1.5419764230904954e-16,0.0,1.0,10.406926526235871,10.406926526235875,3.413797214618655e-16,57.13107960698562,57.13107960698562,0.0,39.23534038356359,40.31979529353389,0.02763974772153634,0.011,0.0094,0.011219594863118465,0.010000000000011944,0.0286,0.02536763518389917,0.0032323648161008307,0.0272,0.023818377663621843,0.0033816223363781553,0.0,0.0,6.824092938927793
star,weighted,60,iid,0.3,1.75,2,1.927208615969607,3.7782351186819563,115.63251695817641,3526.609852283063,0.5308103754183056,58.87764293036952,0.08999999999999998,1.5419764230904954e-16,0.0,1.0,10.406926526235871,10.406926526235875,3.413797214618655e-16,57.13107960698562,57.13107960698562,0.0,39.23534038356359,40.31979529353389,0.02763974772153634,0.011,0.0094,0.011219594863118465,0.010000000000011944,0.0332,0.032482539187067026,0.000717460812932974,0.031,0.03076092386467125,0.00023907613532874947,0.0,0.0,20.89878462546637
star,weighted,60,iid,0.3,3.0,2,1.927208615969607,3.7782351186819563,115.63251695817641,3526.609852283063,0.5308103754183056,58.87764293036952,0.08999999999999998,1.5419764230904954e-16,0.0,1.0,10.406926526235871,10.406926526235875,3.413797214618655e-16,57.13107960698562,57.13107960698562,0.0,39.23534038356359,40.31979529353389,0.02763974772153634,0.011,0.0094,0.011219594863118465,0.010000000000011944,0.0494,0.049169167187957295,0.00023083281204270417,0.0446,0.045611070740727774,-0.0010110707407277736,0.0,0.0,61.416836450350125
star,weighted,60,heteroscedastic,0.15,1.0,0,1.86888621941923,3.778226560914577,112.13317316515379,3316.349999257455,0.5180096786395799,57.09579711861104,0.022500000000000003,0.4475456528779536,0.0,5.444444444444444,1.888296633527604,1.8882966335276035,-2.3517979218150776e-16,0.8523921139007223,0.8523921139007224,1.3024792305322332e-16,5.436586244059847,5.441292408889571,0.000865647047329714,0.0128,0.0126,0.010042462722553325,0.009999999999983855,0.0434,0.04394197315402509,-0.0005419731540250855,0.0434,0.0438254812086103,-0.00042548120861030103,0.0,0.0,34.75816553304011
star,weighted,60,heteroscedastic,0.15,1.75,0,1.86888621941923,3.778226560914577,112.13317316515379,3316.349999257455,0.5180096786395799,57.09579711861104,0.022500000000000003,0.4475456528779536,0.0,5.444444444444444,1.888296633527604,1.8882966335276035,-2.3517979218150776e-16,0.8523921139007223,0.8523921139007224,1.3024792305322332e-16,5.436586244059847,5.441292408889571,0.000865647047329714,0.0128,0.0126,0.010042462722553325,0.009999999999983855,0.2822,0.2847416034943882,-0.0025416034943882004,0.2808,0.2837482446037088,-0.002948244603708794,0.0,0.0,106.44688194493533
star,weighted,60,heteroscedastic,0.15,3.0,0,1.86888621941923,3.778226560914577,112.13317316515379,3316.349999257455,0.5180096786395799,57.09579711861104,0.022500000000000003,0.4475456528779536,0.0,5.444444444444444,1.888296633527604,1.8882966335276035,-2.3517979218150776e-16,0.8523921139007223,0.8523921139007224,1.3024792305322332e-16,5.436586244059847,5.441292408889571,0.000865647047329714,0.0128,0.0126,0.010042462722553325,0.009999999999983855,0.9954,0.9963114725603052,-0.0009114725603052154,0.9954,0.9962503749230898,-0.0008503749230898139,0.0,0.0,312.823489797361
star,weighted,60,heteroscedastic,0.15,1.0,1,1.9329777082300696,3.778598949194081,115.97866249380418,3549.6043633030363,0.5123718808123908,59.064732346220126,0.022500000000000006,0.4475456528779536,0.0,5.444444444444444,2.842447162980051,2.8424471629800516,1.5623481612389055e-16,5.17640396453698,5.176403964536977,-5.14746390999396e-16,12.16991979332972,11.861817042369987,-0.025316744579418113,0.0072,0.0086,0.008975616093399585,0.01000000007567009,0.0274,0.029717714546628565,-0.002317714546628564,0.0286,0.031207256916773476,-0.0026072569167734753,0.0,0.0,33.55821125248262
star,weighted,60,heteroscedastic,0.15,1.75,1,1.9329777082300696,3.778598949194081,115.97866249380418,3549.6043633030363,0.5123718808123908,59.064732346220126,0.022500000000000006,0.4475456528779536,0.0,5.444444444444444,2.842447162980051,2.8424471629800516,1.5623481612389055e-16,5.17640396453698,5.176403964536977,-5.14746390999396e-16,12.16991979332972,11.861817042369987,-0.025316744579418113,0.0072,0.0086,0.008975616093399585,0.01000000007567009,0.047,0.04679217595130664,0.0002078240486933572,0.0514,0.05025667180423448,0.0011433281957655209,0.0,0.0,102.77202196072803
star,weighted,60,heteroscedastic,0.15,3.0,1,1.9329777082300696,3.778598949194081,115.97866249380418,3549.6043633030363,0.5123718808123908,59.064732346220126,0.022500000000000006,0.4475456528779536,0.0,5.444444444444444,2.842447162980051,2.8424471629800516,1.5623481612389055e-16,5.17640396453698,5.176403964536977,-5.14746390999396e-16,12.16991979332972,11.861817042369987,-0.025316744579418113,0.0072,0.0086,0.008975616093399585,0.01000000007567009,0.4388,0.4342686422504629,0.004531357749537113,0.473,0.4655199137120459,0.007480086287954102,0.0,0.0,302.02390127234355
star,weighted,60,heteroscedastic,0.15,1.0,2,1.9521707853261738,3.778237443679752,117.13024711957043,3618.570381009596,0.5137902388950938,59.64036295115347,0.0225,0.44754565287795367,0.0,5.444444444444444,1.9528750482521682,1.9528750482521686,2.2740277738072615e-16,0.9215004481331442,0.9215004481331447,4.819196895126174e-16,5.463703064858262,5.65653052834788,0.03529244931516439,0.0108,0.0088,0.011814553222584512,0.00999999999999196,0.047,0.04868888018876672,-0.0016888801887667212,0.0424,0.04372124030971666,-0.0013212403097166564,0.0,0.0,34.69657103735399
star,weighted,60,heteroscedastic,0.15,1.75,2,1.9521707853261738,3.778237443679752,117.13024711957043,3618.570381009596,0.5137902388950938,59.64036295115347,0.0225,0.44754565287795367,0.0,5.444444444444444,1.9528750482521682,1.9528750482521686,2.2740277738072615e-16,0.9215004481331442,0.9215004481331447,4.819196895126174e-16,5.463703064858262,5.65653052834788,0.03529244931516439,0.0108,0.0088,0.011814553222584512,0.00999999999999196,0.3274,0.3332717376876867,-0.005871737687686673,0.2854,0.28832506874318986,-0.0029250687431898736,0.0,0.0,106.2582488018966
star,weighted,60,heteroscedastic,0.15,3.0,2,1.9521707853261738,3.778237443679752,117.13024711957043,3618.570381009596,0.5137902388950938,59.64036295115347,0.0225,0.44754565287795367,0.0,5.444444444444444,1.9528750482521682,1.9528750482521686,2.2740277738072615e-16,0.9215004481331442,0.9215004481331447,4.819196895126174e-16,5.463703064858262,5.65653052834788,0.03529244931516439,0.0108,0.0088,0.011814553222584512,0.00999999999999196,0.9942,0.9940810072211829,0.00011899277881710635,0.9894,0.98961263352712,-0.00021263352712008743,0.0,0.0,312.26913933618584
star,weighted,60,heteroscedastic,0.3,1.0,0,1.9739565358407025,3.7779874838869554,118.43739215044215,3698.4610508818514,0.5063792149233104,60.2983911592366,0.09000000000000001,0.4475456528779538,0.0,5.444444444444444,10.239829499559365,10.239829499559363,-1.7347523603558924e-16,52.73723084414088,52.73723084414087,-2.694653186702319e-16,39.90539014190269,38.92149148751081,-0.024655783363930647,0.0088,0.0096,0.008970438211904797,0.010000000000007447,0.0234,0.023127616037415574,0.0002723839625844264,0.025,0.024451962137987907,0.0005480378620120949,0.0,0.0,8.723580962671688
star,weighted,60,heteroscedastic,0.3,1.75,0,1.9739565358407025,3.7779874838869554,118.43739215044215,3698.4610508818514,0.5063792149233104,60.2983911592366,0.09000000000000001,0.4475456528779538,0.0,5.444444444444444,10.239829499559365,10.239829499559363,-1.7347523603558924e-16,52.73723084414088,52.73723084414087,-2.694653186702319e-16,39.90539014190269,38.92149148751081,-0.024655783363930647,0.0088,0.0096,0.008970438211904797,0.010000000000007447,0.0262,0.02963006472169303,-0.0034300647216930283,0.0276,0.03111874119331778,-0.0035187411933177808,0.0,0.0,26.715966698182054
star,weighted,60,heteroscedastic,0.3,3.0,0,1.9739565358407025,3.7779874838869554,118.43739215044215,3698.4610508818514,0.5063792149233104,60.2983911592366,0.09000000000000001,0.4475456528779538,0.0,5.444444444444444,10.239829499559365,10.239829499559363,-1.7347523603558924e-16,52.73723084414088,52.73723084414087,-2.694653186702319e-16,39.90539014190269,38.92149148751081,-0.024655783363930647,0.0088,0.0096,0.008970438211904797,0.010000000000007447,0.0496,0.04458847790692742,0.005011522093072575,0.0536,0.04781703862273627,0.00578296137726373,0.0,0.0,78.51222866404522
star,weighted,60,heteroscedastic,0.3,1.0,1,1.827642123804655,3.778848096891697,109.6585274282793,3174.413436279476,0.519172533225632,55.85321814360331,0.09000000000000002,0.4475456528779537,0.0,5.444444444444444,8.756145994040713,8.756145994040711,-2.0286971466775558e-16,32.687455735486004,32.68745573548602,4.347494901469031e-16,29.456806246727314,31.25301814627497,0.06097782239197158,0.0124,0.0102,0.012896350712605475,0.010000000000000175,0.0296,0.02953662160510836,6.337839489164304e-05,0.0264,0.02593482161490722,0.0004651783850927807,0.0,0.0,9.080840317601684
star,weighted,60,heteroscedastic,0.3,1.75,1,1.827642123804655,3.778848096891697,109.6585274282793,3174.413436279476,0.519172533225632,55.85321814360331,0.09000000000000002,0.4475456528779537,0.0,5.444444444444444,8.756145994040713,8.756145994040711,-2.0286971466775558e-16,32.687455735486004,32.68745573548602,4.347494901469031e-16,29.456806246727314,31.25301814627497,0.06097782239197158,0.0124,0.0102,0.012896350712605475,0.010000000000000175,0.0344,0.03680309803490944,-0.0024030980349094427,0.0314,0.032277623463253656,-0.0008776234632536586,0.0,0.0,27.81007347265515
star,weighted,60,heteroscedastic,0.3,3.0,1,1.827642123804655,3.778848096891697,109.6585274282793,3174.413436279476,0.519172533225632,55.85321814360331,0.09000000000000002,0.4475456528779537,0.0,5.444444444444444,8.756145994040713,8.756145994040711,-2.0286971466775558e-16,32.687455735486004,32.68745573548602,4.347494901469031e-16,29.456806246727314,31.25301814627497,0.06097782239197158,0.0124,0.0102,0.012896350712605475,0.010000000000000175,0.0692,0.06879455721771084,0.000405442782289156,0.057,0.056845868510554926,0.00015413148944507654,0.0,0.0,81.72756285841511
star,weighted,60,heteroscedastic,0.3,1.0,2,1.9655926462621165,3.7777176410968143,117.93555877572699,3665.7679084994793,0.5050881673688151,60.03473904529585,0.09000000000000001,0.44754565287795367,0.0,5.444444444444444,7.743340774511608,7.7433407745116085,1.147022255075872e-16,13.081078590918477,13.08107859091847,-5.431835997479547e-16,21.325100596144285,21.611750792541223,0.013441915319675719,0.0092,0.008,0.010684983264539094,0.009999999981963104,0.032,0.030231120915184075,0.001768879084815926,0.0316,0.029341347821847608,0.0022586521781523955,0.0,0.0,8.821065211605092
star,weighted,60,heteroscedastic,0.3,1.75,2,1.9655926462621165,3.7777176410968143,117.93555877572699,3665.7679084994793,0.5050881673688151,60.03473904529585,0.09000000000000001,0.44754565287795367,0.0,5.444444444444444,7.743340774511608,7.7433407745116085,1.147022255075872e-16,13.081078590918477,13.08107859091847,-5.431835997479547e-16,21.325100596144285,21.611750792541223,0.013441915319675719,0.0092,0.008,0.010684983264539094,0.009999999981963104,0.039,0.04071390695292952,-0.0017139069529295212,0.0378,0.0391626542338679,-0.001362654233867902,0.0,0.0,27.01451221054059
star,weighted,60,heteroscedastic,0.3,3.0,2,1.9655926462621165,3.7777176410968143,117.93555877572699,3665.7679084994793,0.5050881673688151,60.03473904529585,0.09000000000000001,0.44754565287795367,0.0,5.444444444444444,7.743340774511608,7.7433407745116085,1.147022255075872e-16,13.081078590918477,13.08107859091847,-5.431835997479547e-16,21.325100596144285,21.611750792541223,0.013441915319675719,0.0092,0.008,0.010684983264539094,0.009999999981963104,0.1484,0.15749551713774476,-0.009095517137744757,0.1398,0.14751233223910393,-0.0077123322391039195,0.0,0.0,79.38958690444584
star,weighted,60,correlated,0.15,1.0,0,1.9000469690159172,3.7784421481604897,114.00281814095503,3428.9204917436546,0.5128555041240069,58.053960782623335,0.0225,0.10894785915404895,0.01841668078817071,6.950413223140493,3.1468177734990133,3.1468177734990133,0.0,7.460765210456618,7.460765210456605,-1.6666518145315995e-15,14.359875242010105,13.997691309461594,-0.025221941447578514,0.0074,0.0086,0.008998407234676542,0.010000000002173881,0.0278,0.028785916190592512,-0.0009859161905925139,0.0294,0.030142289231007136,-0.0007422892310071372,0.0,0.0,28.029215552347598
star,weighted,60,correlated,0.15,1.75,0,1.9000469690159172,3.7784421481604897,114.00281814095503,3428.9204917436546,0.5128555041240069,58.053960782623335,0.0225,0.10894785915404895,0.01841668078817071,6.950413223140493,3.1468177734990133,3.1468177734990133,0.0,7.460765210456618,7.460765210456605,-1.6666518145315995e-15,14.359875242010105,13.997691309461594,-0.025221941447578514,0.0074,0.0086,0.008998407234676542,0.010000000002173881,0.041,0.040505120359203756,0.0004948796407962461,0.0442,0.0431676670370036,0.0010323329629964018,0.0,0.0,85.83947262906453
star,weighted,60,correlated,0.15,3.0,0,1.9000469690159172,3.7784421481604897,114.00281814095503,3428.9204917436546,0.5128555041240069,58.053960782623335,0.0225,0.10894785915404895,0.01841668078817071,6.950413223140493,3.1468177734990133,3.1468177734990133,0.0,7.460765210456618,7.460765210456605,-1.6666518145315995e-15,14.359875242010105,13.997691309461594,-0.025221941447578514,0.0074,0.0086,0.008998407234676542,0.010000000002173881,0.2318,0.23233437807099255,-0.0005343780709925472,0.2586,0.2600082308334383,-0.0014082308334383287,0.0,0.0,252.26293997112845
star,weighted,60,correlated,0.15,1.0,1,1.9420186896980496,3.77802412054017,116.52112138188298,3579.937847581751,0.5108896521957728,59.32384981151877,0.022500000000000003,0.10893580571707254,0.018462070988873105,6.950413223140494,3.2181660606066553,3.218166060606653,-6.899724897452114e-16,7.805840856548884,7.805840856548872,-1.5929735315279396e-15,14.003554874318803,14.31754947554099,0.022422492291441106,0.0124,0.0114,0.010938060691132512,0.010000000002470366,0.0272,0.03139372636873732,-0.004193726368737324,0.0262,0.030125082369823027,-0.003925082369823026,0.0,0.0,28.731622387730646
star,weighted,60,correlated,0.15,1.75,1,1.9420186896980496,3.77802412054017,116.52112138188298,3579.937847581751,0.5108896521957728,59.32384981151877,0.022500000000000003,0.10893580571707254,0.018462070988873105,6.950413223140494,3.2181660606066553,3.218166060606653,-6.899724897452114e-16,7.805840856548884,7.805840856548872,-1.5929735315279396e-15,14.003554874318803,14.31754947554099,0.022422492291441106,0.0124,0.0114,0.010938060691132512,0.010000000002470366,0.0446,0.04543616044599112,-0.0008361604459911215,0.0428,0.04295701834415673,-0.00015701834415673271,0.0,0.0,87.99059356242512
star,weighted,60,correlated,0.15,3.0,1,1.9420186896980496,3.77802412054017,116.52112138188298,3579.937847581751,0.5108896521957728,59.32384981151877,0.022500000000000003,0.10893580571707254,0.018462070988873105,6.950413223140494,3.2181660606066553,3.218166060606653,-6.899724897452114e-16,7.805840856548884,7.805840856548872,-1.5929735315279396e-15,14.003554874318803,14.31754947554099,0.022422492291441106,0.0124,0.0114,0.010938060691132512,0.010000000002470366,0.2726,0.2701182152205079,0.0024817847794921244,0.2466,0.24508832412460407,0.0015116758753959403,0.0,0.0,258.58460148957585
star,weighted,60,correlated,0.15,1.0,2,1.9261926372228086,3.7785475213066926,115.57155823336852,3524.4691493187033,0.506502237937269,58.85593656126806,0.022500000000000003,0.10895089749054886,0.01840192230609315,6.950413223140489,3.189632116497385,3.1896321164973847,-1.392289748880909e-16,7.664357909322137,7.664357909322151,1.854148107817014e-15,14.216927112958905,14.187457668684713,-0.0020728420452637503,0.0108,0.0108,0.00991553300256054,0.010000000002156284,0.0276,0.03003227082280913,-0.00243227082280913,0.0278,0.03014667558215536,-0.0023466755821553616,0.0,0.0,26.911248280272723
star,weighted,60,correlated,0.15,1.75,2,1.9261926372228086,3.7785475213066926,115.57155823336852,3524.4691493187033,0.506502237937269,58.85593656126806,0.022500000000000003,0.10895089749054886,0.01840192230609315,6.950413223140489,3.189632116497385,3.1896321164973847,-1.392289748880909e-16,7.664357909322137,7.664357909322151,1.854148107817014e-15,14.216927112958905,14.187457668684713,-0.0020728420452637503,0.0108,0.0108,0.00991553300256054,0.010000000002156284,0.0402,0.042995617577334715,-0.002795617577334715,0.0402,0.0432208125518947,-0.0030208125518947013,0.0,0.0,82.41569785833518
star,weighted,60,correlated,0.15,3.0,2,1.9261926372228086,3.7785475213066926,115.57155823336852,3524.4691493187033,0.506502237937269,58.85593656126806,0.022500000000000003,0.10895089749054886,0.01840192230609315,6.950413223140489,3.189632116497385,3.1896321164973847,-1.392289748880909e-16,7.664357909322137,7.664357909322151,1.854148107817014e-15,14.216927112958905,14.187457668684713,-0.0020728420452637503,0.0108,0.0108,0.00991553300256054,0.010000000002156284,0.271,0.26287414330243203,0.00812585669756799,0.2732,0.2652087042526872,0.007991295747312777,0.0,0.0,242.20123452245448
star,weighted,60,correlated,0.3,1.0,0,2.014791139464029,3.7779322006890808,120.88746836784173,3852.7562924136273,0.5051998286597446,61.54404195077996,0.09,0.10893315529380355,0.018477662982126563,6.950413223140493,13.356978085908446,13.356978085908452,3.9897276793640155e-16,134.4822161561133,134.48221615611365,2.536101225227646e-15,59.642211850630375,59.42769916447157,-0.003596658800918332,0.0108,0.0108,0.009853697473552192,0.01000000000213841,0.0192,0.019732572799153143,-0.000532572799153145,0.0192,0.01992167480812488,-0.0007216748081248815,0.0,0.0,7.411498214330092
star,weighted,60,correlated,0.3,1.75,0,2.014791139464029,3.7779322006890808,120.88746836784173,3852.7562924136273,0.5051998286597446,61.54404195077996,0.09,0.10893315529380355,0.018477662982126563,6.950413223140493,13.356978085908446,13.356978085908452,3.9897276793640155e-16,134.4822161561133,134.48221615611365,2.536101225227646e-15,59.642211850630375,59.42769916447157,-0.003596658800918332,0.0108,0.0108,0.009853697473552192,0.01000000000213841,0.0298,0.02876009481425213,0.0010399051857478692,0.03,0.028946337427204517,0.0010536625727954815,0.0,0.0,22.69771328138591
star,weighted,60,correlated,0.3,3.0,0,2.014791139464029,3.7779322006890808,120.88746836784173,3852.7562924136273,0.5051998286597446,61.54404195077996,0.09,0.10893315529380355,0.018477662982126563,6.950413223140493,13.356978085908446,13.356978085908452,3.9897276793640155e-16,134.4822161561133,134.48221615611365,2.536101225227646e-15,59.642211850630375,59.42769916447157,-0.003596658800918332,0.0108,0.0108,0.009853697473552192,0.01000000000213841,0.039,0.03651920253514477,0.0024807974648552306,0.0392,0.03681431244514231,0.002385687554857692,0.0,0.0,66.70348392897083
star,weighted,60,correlated,0.3,1.0,1,1.9419620957760506,3.7785442842928765,116.51772574656303,3582.397400955793,0.5141009822908988,59.33768402038299,0.09,0.10895080415427101,0.018403314871561383,6.950413223140503,12.863064845299165,12.863064845299167,1.3809747993686155e-16,124.64816853678131,124.64816853678134,2.280154595453787e-16,56.00169275385723,57.21494308966756,0.021664529698109246,0.0128,0.0124,0.010905701862792994,0.010000000002212184,0.0216,0.021096684169711825,0.0005033158302881757,0.0202,0.019935536326961226,0.0002644636730387735,0.0,0.0,7.03828522111958
star,weighted,60,correlated,0.3,1.75,1,1.9419620957760506,3.7785442842928765,116.51772574656303,3582.397400955793,0.5141009822908988,59.33768402038299,0.09,0.10895080415427101,0.018403314871561383,6.950413223140503,12.863064845299165,12.863064845299167,1.3809747993686155e-16,124.64816853678131,124.64816853678134,2.280154595453787e-16,56.00169275385723,57.21494308966756,0.021664529698109246,0.0128,0.0124,0.010905701862792994,0.010000000002212184,0.0276,0.03011636022078294,-0.0025163602207829393,0.027,0.028963658402221273,-0.0019636584022212737,0.0,0.0,21.554748489678722
star,weighted,60,correlated,0.3,3.0,1,1.9419620957760506,3.7785442842928765,116.51772574656303,3582.397400955793,0.5141009822908988,59.33768402038299,0.09,0.10895080415427101,0.018403314871561383,6.950413223140503,12.863064845299165,12.863064845299167,1.3809747993686155e-16,124.64816853678131,124.64816853678134,2.280154595453787e-16,56.00169275385723,57.21494308966756,0.021664529698109246,0.0128,0.0124,0.010905701862792994,0.010000000002212184,0.042,0.03879021293278562,0.0032097870672143855,0.0396,0.03695031267017839,0.0026496873298216123,0.0,0.0,63.344566990076245
star,weighted,60,correlated,0.3,1.0,2,1.9622847719330074,3.778710962833458,117.73708631598045,3658.6425213348352,0.5057795908375025,59.96364554066561,0.08999999999999998,0.10895561017470244,0.018377438844039508,6.950413223140497,12.994338190906207,12.994338190906209,1.36702370932857e-16,127.1821284916312,127.18212849163122,1.1173625480043057e-16,59.92029219545128,57.794079987405,-0.0354840093421255,0.009,0.0106,0.008607220621001,0.010000000002125309,0.0196,0.01811856672418814,0.0014814332758118602,0.0214,0.01993965630088735,0.001460343699112649,0.0,0.0,6.730470997032203
star,weighted,60,correlated,0.3,1.75,2,1.9622847719330074,3.778710962833458,117.73708631598045,3658.6425213348352,0.5057795908375025,59.96364554066561,0.08999999999999998,0.10895561017470244,0.018377438844039508,6.950413223140497,12.994338190906207,12.994338190906209,1.36702370932857e-16,127.1821284916312,127.18212849163122,1.1173625480043057e-16,59.92029219545128,57.794079987405,-0.0354840093421255,0.009,0.0106,0.008607220621001,0.010000000002125309,0.025,0.02718992577351848,-0.0021899257735184773,0.0282,0.028968420280787964,-0.0007684202807879646,0.0,0.0,20.612067428411123
star,weighted,60,correlated,0.3,3.0,2,1.9622847719330074,3.778710962833458,117.73708631598045,3658.6425213348352,0.5057795908375025,59.96364554066561,0.08999999999999998,0.10895561017470244,0.018377438844039508,6.950413223140497,12.994338190906207,12.994338190906209,1.36702370932857e-16,127.1821284916312,127.18212849163122,1.1173625480043057e-16,59.92029219545128,57.794079987405,-0.0354840093421255,0.009,0.0106,0.008607220621001,0.010000000002125309,0.0356,0.03415427430480833,0.00144572569519167,0.0392,0.036984533011925454,0.002215466988074545,0.0,0.0,60.574238973289816
random_geometric,unweighted,15,iid,0.15,1.0,0,10.0,0.2581988897471611,150.0,1750.0,3.842693745418987,15.000000000000004,0.022500000000000003,1.541976423090495e-16,0.0,1.0,3.3750000000000004,3.3749999999999996,-2.631639762074445e-16,1.7718749999999999,1.7718750000000005,3.759485374392065e-16,7.279777579156375,7.253398750514176,-0.0036235761814656414,0.0092,0.0096,0.009691805747191529,0.009999999979959595,0.9346,0.9354109798052357,-0.0008109798052357009,0.935,0.9364851194114042,-0.0014851194114041677,0.0,0.0,25.937007406839836
random_geometric,unweighted,15,iid,0.15,1.75,0,10.0,0.2581988897471611,150.0,1750.0,3.842693745418987,15.000000000000004,0.022500000000000003,1.541976423090495e-16,0.0,1.0,3.3750000000000004,3.3749999999999996,-2.631639762074445e-16,1.7718749999999999,1.7718750000000005,3.759485374392065e-16,7.279777579156375,7.253398750514176,-0.0036235761814656414,0.0092,0.0096,0.009691805747191529,0.009999999979959595,1.0,0.9999952243084806,4.775691519354197e-06,1.0,0.9999955176530848,4.4823469151911155e-06,0.0,0.0,79.432085183447
random_geometric,unweighted,15,iid,0.15,3.0,0,10.0,0.2581988897471611,150.0,1750.0,3.842693745418987,15.000000000000004,0.022500000000000003,1.541976423090495e-16,0.0,1.0,3.3750000000000004,3.3749999999999996,-2.631639762074445e-16,1.7718749999999999,1.7718750000000005,3.759485374392065e-16,7.279777579156375,7.253398750514176,-0.0036235761814656414,0.0092,0.0096,0.009691805747191529,0.009999999979959595,1.0,0.9999999999818993,1.8100743126581165e-11,1.0,0.9999999999822704,1.7729595569448975e-11,0.0,0.0,233.4330666615585
random_geometric,unweighted,15,iid,0.15,1.0,1,7.866666666666666,0.3211405986694308,118.0,1142.0,2.6630953137650155,13.21195173992174,0.022500000000000003,1.541976423090495e-16,0.0,1.0,2.6550000000000002,2.6549999999999994,-3.3453047822980234e-16,1.156275,1.1562749999999995,-3.840688502735618e-16,5.989026258999862,5.8286230031390405,-0.026782860672848092,0.0088,0.0106,0.007954788402269097,0.009999999997079845,0.9136,0.9177881372796783,-0.004188137279678372,0.9228,0.9290157356342915,-0.006215735634291564,0.0,0.0,21.643270322878486
random_geometric,unweighted,15,iid,0.15,1.75,1,7.866666666666666,0.3211405986694308,118.0,1142.0,2.6630953137650155,13.21195173992174,0.022500000000000003,1.541976423090495e-16,0.0,1.0,2.6550000000000002,2.6549999999999994,-3.3453047822980234e-16,1.156275,1.1562749999999995,-3.840688502735618e-16,5.989026258999862,5.8286230031390405,-0.026782860672848092,0.0088,0.0106,0.007954788402269097,0.009999999997079845,1.0,0.9999999439623217,5.603767827544459e-08,1.0,0.9999999666527214,3.334727860515585e-08,0.0,0.0,66.28251536381535
random_geometric,unweighted,15,iid,0.15,3.0,1,7.866666666666666,0.3211405986694308,118.0,1142.0,2.6630953137650155,13.21195173992174,0.022500000000000003,1.541976423090495e-16,0.0,1.0,2.6550000000000002,2.6549999999999994,-3.3453047822980234e-16,1.156275,1.1562749999999995,-3.840688502735618e-16,5.989026258999862,5.8286230031390405,-0.026782860672848092,0.0088,0.0106,0.007954788402269097,0.009999999997079845,1.0,0.9999999999969802,3.0198066269804258e-12,1.0,0.9999999999980486,1.9514390103836377e-12,0.0,0.0,194.78943290590638
random_geometric,unweighted,15,iid,0.15,1.0,2,9.6,0.28666343667430966,144.0,1640.0,2.848655331699118,15.0,0.022500000000000003,1.541976423090495e-16,0.0,1.0,3.24,3.2400000000000007,1.3706457094137734e-16,1.6604999999999999,1.6605,1.33721532625734e-16,6.926751434887598,7.004358886237346,0.011204018518531795,0.0092,0.0082,0.010987877151771408,0.009999999982774677,0.923,0.9233996142990837,-0.0003996142990836393,0.919,0.9201952930446355,-0.0011952930446355037,0.0,0.0,24.278052512765257
random_geometric,unweighted,15,iid,0.15,1.75,2,9.6,0.28666343667430966,144.0,1640.0,2.848655331699118,15.0,0.022500000000000003,1.541976423090495e-16,0.0,1.0,3.24,3.2400000000000007,1.3706457094137734e-16,1.6604999999999999,1.6605,1.33721532625734e-16,6.926751434887598,7.004358886237346,0.011204018518531795,0.0092,0.0082,0.010987877151771408,0.009999999982774677,1.0,0.9998899726205092,0.00011002737949084018,1.0,0.9998700945284782,0.00012990547152180731,0.0,0.0,74.35153582034359
random_geometric,unweighted,15,iid,0.15,3.0,2,9.6,0.28666343667430966,144.0,1640.0,2.848655331699118,15.0,0.022500000000000003,1.541976423090495e-16,0.0,1.0,3.24,3.2400000000000007,1.3706457094137734e-16,1.6604999999999999,1.6605,1.33721532625734e-16,6.926751434887598,7.004358886237346,0.011204018518531795,0.0092,0.0082,0.010987877151771408,0.009999999982774677,1.0,0.9999999999989408,1.0591527654923993e-12,1.0,0.9999999999990306,9.694467451026867e-13,0.0,0.0,218.50247261488727
random_geometric,unweighted,15,iid,0.3,1.0,0,7.733333333333333,0.24746034645529866,116.0,1068.0,2.511257032351386,12.357719511202545,0.09000000000000001,1.541976423090495e-16,0.0,1.0,10.44,10.440000000000003,3.4029824509583343e-16,17.301599999999997,17.3016,2.0534018118558408e-16,22.33889331296865,22.61912882273277,0.012544735580138609,0.011,0.0094,0.011103177226679417,0.009999999990403352,0.2472,0.24044639823769598,0.006753601762304023,0.2352,0.22959388980776785,0.005606110192232144,0.0,0.0,4.7403922565127345
random_geometric,unweighted,15,iid,0.3,1.75,0,7.733333333333333,0.24746034645529866,116.0,1068.0,2.511257032351386,12.357719511202545,0.09000000000000001,1.541976423090495e-16,0.0,1.0,10.44,10.440000000000003,3.4029824509583343e-16,17.301599999999997,17.3016,2.0534018118558408e-16,22.33889331296865,22.61912882273277,0.012544735580138609,0.011,0.0094,0.011103177226679417,0.009999999990403352,0.8572,0.8606394975685823,-0.003439497568582306,0.8476,0.8528241587662176,-0.005224158766217624,0.0,0.0,14.517451285570248
random_geometric,unweighted,15,iid,0.3,3.0,0,7.733333333333333,0.24746034645529866,116.0,1068.0,2.511257032351386,12.357719511202545,0.09000000000000001,1.541976423090495e-16,0.0,1.0,10.44,10.440000000000003,3.4029824509583343e-16,17.301599999999997,17.3016,2.0534018118558408e-16,22.33889331296865,22.61912882273277,0.012544735580138609,0.011,0.0094,0.011103177226679417,0.009999999990403352,1.0,0.9999868017750467,1.3198224953270277e-05,1.0,0.999984237856447,1.576214355303307e-05,0.0,0.0,42.66353030861462
random_geometric,unweighted,15,iid,0.3,1.0,1,10.8,0.19772367133391316,162.0,1980.0,5.529902125793489,14.99999999999999,0.09000000000000001,1.541976423090495e-16,0.0,1.0,14.580000000000002,14.58,-1.2183517417011318e-16,32.07599999999999,32.07600000000001,4.430369969822299e-16,30.951806264922553,30.996758613456333,0.0014523336101623283,0.0106,0.0106,0.010127591444691997,0.009999999971987583,0.2308,0.2445105514038539,-0.013710551403853882,0.2292,0.24317082069149143,-0.013970820691491442,0.0,0.0,5.742189457784095
random_geometric,unweighted,15,iid,0.3,1.75,1,10.8,0.19772367133391316,162.0,1980.0,5.529902125793489,14.99999999999999,0.09000000000000001,1.541976423090495e-16,0.0,1.0,14.580000000000002,14.58,-1.2183517417011318e-16,32.07599999999999,32.07600000000001,4.430369969822299e-16,30.951806264922553,30.996758613456333,0.0014523336101623283,0.0106,0.0106,0.010127591444691997,0.009999999971987583,0.8818,0.8833227755992269,-0.0015227755992268666,0.881,0.8825036020254805,-0.0015036020254804994,0.0,0.0,17.585455214463796
random_geometric,unweighted,15,iid,0.3,3.0,1,10.8,0.19772367133391316,162.0,1980.0,5.529902125793489,14.99999999999999,0.09000000000000001,1.541976423090495e-16,0.0,1.0,14.580000000000002,14.58,-1.2183517417011318e-16,32.07599999999999,32.07600000000001,4.430369969822299e-16,30.951806264922553,30.996758613456333,0.0014523336101623283,0.0106,0.0106,0.010127591444691997,0.009999999971987583,0.9998,0.9999959407342858,-0.00019594073428574887,0.9998,0.9999958523026523,-0.00019585230265228848,0.0,0.0,51.67970512005685
random_geometric,unweighted,15,iid,0.3,1.0,2,9.733333333333333,0.2611736433553099,146.0,1664.0,4.1395246971334965,15.0,0.09000000000000001,1.541976423090495e-16,0.0,1.0,13.140000000000002,13.139999999999995,-5.407478963166667e-16,26.9568,26.956799999999983,-6.589642833720064e-16,29.98667756081686,28.290114094539916,-0.05657724043739407,0.0062,0.0094,0.005945703541798908,0.009999999985313535,0.1862,0.18766762707313261,-0.0014676270731326102,0.2342,0.23573304643921578,-0.001533046439215785,0.0,0.0,5.669507129935255
random_geometric,unweighted,15,iid,0.3,1.75,2,9.733333333333333,0.2611736433553099,146.0,1664.0,4.1395246971334965,15.0,0.09000000000000001,1.541976423090495e-16,0.0,1.0,13.140000000000002,13.139999999999995,-5.407478963166667e-16,26.9568,26.956799999999983,-6.589642833720064e-16,29.98667756081686,28.290114094539916,-0.05657724043739407,0.0062,0.0094,0.005945703541798908,0.009999999985313535,0.8092,0.8089736496535103,0.0002263503464897676,0.8492,0.8481994264834491,0.0010005735165508067,0.0,0.0,17.362865585426718
random_geometric,unweighted,15,iid,0.3,3.0,2,9.733333333333333,0.2611736433553099,146.0,1664.0,4.1395246971334965,15.0,0.09000000000000001,1.541976423090495e-16,0.0,1.0,13.140000000000002,13.139999999999995,-5.407478963166667e-16,26.9568,26.956799999999983,-6.589642833720064e-16,29.98667756081686,28.290114094539916,-0.05657724043739407,0.0062,0.0094,0.005945703541798908,0.009999999985313535,0.9998,0.9998714070947502,-7.140709475017548e-05,1.0,0.9999410955534426,5.8904446557428436e-05,0.0,0.0,51.02556416941729
random_geometric,unweighted,15,heteroscedastic,0.15,1.0,0,10.533333333333333,0.22959945755970956,158.0,1910.0,4.2932923289405425,15.000000000000004,0.022500000000000003,0.468193668395539,0.0,5.444444444444445,3.508649653757374,3.508649653757375,2.53139671197717e-16,2.232781288819626,2.232781288819627,3.977901571226738e-16,8.009364175339304,8.032439001478336,0.002880981015956187,0.0104,0.0102,0.010222378917810415,0.009999999908607615,0.9328,0.92935521064325,0.0034447893567499666,0.9324,0.928452007746847,0.00394799225315301,0.0,0.0,32.41163958074126
random_geometric,unweighted,15,heteroscedastic,0.15,1.75,0,10.533333333333333,0.22959945755970956,158.0,1910.0,4.2932923289405425,15.000000000000004,0.022500000000000003,0.468193668395539,0.0,5.444444444444445,3.508649653757374,3.508649653757375,2.53139671197717e-16,2.232781288819626,2.232781288819627,3.977901571226738e-16,8.009364175339304,8.032439001478336,0.002880981015956187,0.0104,0.0102,0.010222378917810415,0.009999999908607615,1.0,0.9999979504438887,2.0495561112721106e-06,1.0,0.9999978506548558,2.149345144197845e-06,0.0,0.0,99.26064621602012
random_geometric,unweighted,15,heteroscedastic,0.15,3.0,0,10.533333333333333,0.22959945755970956,158.0,1910.0,4.2932923289405425,15.000000000000004,0.022500000000000003,0.468193668395539,0.0,5.444444444444445,3.508649653757374,3.508649653757375,2.53139671197717e-16,2.232781288819626,2.232781288819627,3.977901571226738e-16,8.009364175339304,8.032439001478336,0.002880981015956187,0.0104,0.0102,0.010222378917810415,0.009999999908607615,1.0,0.9999999999991528,8.47211190091457e-13,1.0,0.99999999999916,8.399947404313934e-13,0.0,0.0,291.70475622667135
random_geometric,unweighted,15,heteroscedastic,0.15,1.0,1,10.266666666666667,0.2234370199231851,154.0,1814.0,5.698010906926021,15.000000000000002,0.0225,0.46819366839553894,0.0,5.444444444444444,3.533509874326751,3.5335098743267492,-5.027173837284675e-16,2.332511255894788,2.3325112558947865,-5.711730763070248e-16,8.088080069001627,8.200704769882753,0.013924775709475385,0.0102,0.0094,0.011066414861484353,0.010000000080459703,0.9418,0.9351453864030732,0.006654613596926762,0.9374,0.9297525300713881,0.007647469928611872,0.0,0.0,28.737411001508033
random_geometric,unweighted,15,heteroscedastic,0.15,1.75,1,10.266666666666667,0.2234370199231851,154.0,1814.0,5.698010906926021,15.000000000000002,0.0225,0.46819366839553894,0.0,5.444444444444444,3.533509874326751,3.5335098743267492,-5.027173837284675e-16,2.332511255894788,2.3325112558947865,-5.711730763070248e-16,8.088080069001627,8.200704769882753,0.013924775709475385,0.0102,0.0094,0.011066414861484353,0.010000000080459703,1.0,0.9999996529468024,3.4705319762462494e-07,1.0,0.9999995836083448,4.1639165515583443e-07,0.0,0.0,88.00832119211834
random_geometric,unweighted,15,heteroscedastic,0.15,3.0,1,10.266666666666667,0.2234370199231851,154.0,1814.0,5.698010906926021,15.000000000000002,0.0225,0.46819366839553894,0.0,5.444444444444444,3.533509874326751,3.5335098743267492,-5.027173837284675e-16,2.332511255894788,2.3325112558947865,-5.711730763070248e-16,8.088080069001627,8.200704769882753,0.013924775709475385,0.0102,0.0094,0.011066414861484353,0.010000000080459703,1.0,0.9999999999850633,1.493671852870193e-11,1.0,0.9999999999840067,1.5993317781237693e-11,0.0,0.0,258.6366990135723
random_geometric,unweighted,15,heteroscedastic,0.15,1.0,2,11.2,0.19884872724392938,168.0,2124.0,5.2462235702237825,14.999999999999986,0.022500000000000003,0.46819366839553894,0.0,5.444444444444445,3.822934085662992,3.8229340856629923,1.161644956201348e-16,2.7325755208571447,2.7325755208571465,6.500668786065423e-16,8.849951428627344,8.858326926413508,0.0009463891246985621,0.009,0.009,0.010071619024623446,0.010000000198731485,0.9336,0.9317303161142472,0.0018696838857528153,0.9334,0.9314014584794286,0.0019985415205714396,0.0,0.0,30.503015536017312
random_geometric,unweighted,15,heteroscedastic,0.15,1.75,2,11.2,0.19884872724392938,168.0,2124.0,5.2462235702237825,14.999999999999986,0.022500000000000003,0.46819366839553894,0.0,5.444444444444445,3.822934085662992,3.8229340856629923,1.161644956201348e-16,2.7325755208571447,2.7325755208571465,6.500668786065423e-16,8.849951428627344,8.858326926413508,0.0009463891246985621,0.009,0.009,0.010071619024623446,0.010000000198731485,1.0,0.9999978621844563,2.1378155437012936e-06,1.0,0.9999978314069662,2.1685930338133375e-06,0.0,0.0,93.41548507905303
random_geometric,unweighted,15,heteroscedastic,0.15,3.0,2,11.2,0.19884872724392938,168.0,2124.0,5.2462235702237825,14.999999999999986,0.022500000000000003,0.46819366839553894,0.0,5.444444444444445,3.822934085662992,3.8229340856629923,1.161644956201348e-16,2.7325755208571447,2.7325755208571465,6.500668786065423e-16,8.849951428627344,8.858326926413508,0.0009463891246985621,0.009,0.009,0.010071619024623446,0.010000000198731485,1.0,0.9999999999026389,9.736111916680557e-11,1.0,0.9999999999026287,9.737133321863212e-11,0.0,0.0,274.5271398241559
random_geometric,unweighted,15,heteroscedastic,0.3,1.0,0,7.6,0.35889951834173306,114.0,1092.0,1.7796877163963298,12.503672386832246,0.09000000000000002,0.4681936683955389,0.0,5.444444444444445,10.37356758143114,10.37356758143114,0.0,20.43918108800167,20.439181088001675,1.7381878772462346e-16,24.481366825866374,24.043239225311343,-0.01789637007081308,0.0084,0.0096,0.00869842984003305,0.009999999999690201,0.172,0.1732744261717879,-0.0012744261717879124,0.1848,0.1857784208849732,-0.0009784208849732134,0.0,0.0,8.426382885855743
random_geometric,unweighted,15,heteroscedastic,0.3,1.75,0,7.6,0.35889951834173306,114.0,1092.0,1.7796877163963298,12.503672386832246,0.09000000000000002,0.4681936683955389,0.0,5.444444444444445,10.37356758143114,10.37356758143114,0.0,20.43918108800167,20.439181088001675,1.7381878772462346e-16,24.481366825866374,24.043239225311343,-0.01789637007081308,0.0084,0.0096,0.00869842984003305,0.009999999999690201,0.736,0.7326374145726313,0.0033625854273686695,0.7476,0.7448907259415128,0.002709274058487199,0.0,0.0,25.805797587933213
random_geometric,unweighted,15,heteroscedastic,0.3,3.0,0,7.6,0.35889951834173306,114.0,1092.0,1.7796877163963298,12.503672386832246,0.09000000000000002,0.4681936683955389,0.0,5.444444444444445,10.37356758143114,10.37356758143114,0.0,20.43918108800167,20.439181088001675,1.7381878772462346e-16,24.481366825866374,24.043239225311343,-0.01789637007081308,0.0084,0.0096,0.00869842984003305,0.009999999999690201,0.9978,0.9977807969791443,1.9203020855673714e-05,0.9982,0.9982189377827099,-1.8937782709893547e-05,0.0,0.0,75.83744597270169
random_geometric,unweighted,15,heteroscedastic,0.3,1.0,1,8.666666666666666,0.351665521558845,130.0,1396.0,2.0335895644631354,14.130921848574756,0.09000000000000001,0.4681936683955389,0.0,5.444444444444444,11.009546037445501,11.009546037445501,0.0,21.999591737064918,21.999591737064925,3.2297996447042134e-16,24.32960424320404,25.1294634148549,0.0328759631128929,0.0138,0.0118,0.012796245101599046,0.009999999999748765,0.2396,0.24687264298530184,-0.007272642985301836,0.2188,0.2201531076142155,-0.001353107614215504,0.0,0.0,7.631351525334056
random_geometric,unweighted,15,heteroscedastic,0.3,1.75,1,8.666666666666666,0.351665521558845,130.0,1396.0,2.0335895644631354,14.130921848574756,0.09000000000000001,0.4681936683955389,0.0,5.444444444444444,11.009546037445501,11.009546037445501,0.0,21.999591737064918,21.999591737064925,3.2297996447042134e-16,24.32960424320404,25.1294634148549,0.0328759631128929,0.0138,0.0118,0.012796245101599046,0.009999999999748765,0.7986,0.8021835467349365,-0.003583546734936549,0.7804,0.7840382975483009,-0.0036382975483009172,0.0,0.0,23.371014046335553
random_geometric,unweighted,15,heteroscedastic,0.3,3.0,1,8.666666666666666,0.351665521558845,130.0,1396.0,2.0335895644631354,14.130921848574756,0.09000000000000001,0.4681936683955389,0.0,5.444444444444444,11.009546037445501,11.009546037445501,0.0,21.999591737064918,21.999591737064925,3.2297996447042134e-16,24.32960424320404,25.1294634148549,0.0328759631128929,0.0138,0.0118,0.012796245101599046,0.009999999999748765,0.9946,0.9962348048880476,-0.0016348048880475696,0.9942,0.9951814570925083,-0.0009814570925082977,0.0,0.0,68.68216372800651
random_geometric,unweighted,15,heteroscedastic,0.3,1.0,2,8.133333333333333,0.2725949040707523,122.0,1188.0,2.9543546076997687,13.264466156510744,0.09000000000000001,0.4681936683955389,0.0,5.444444444444444,10.7774249807643,10.777424980764302,1.6482200920634727e-16,21.636089003743606,21.636089003743614,3.2840627325814653e-16,25.435525572312127,24.98700412093408,-0.017633661632149803,0.0102,0.0124,0.00875134379187359,0.0100000000829219,0.1774,0.17114898867800796,0.006251011321992045,0.1904,0.18407554879963242,0.006324451200367592,0.0,0.0,5.887395115333502
random_geometric,unweighted,15,heteroscedastic,0.3,1.75,2,8.133333333333333,0.2725949040707523,122.0,1188.0,2.9543546076997687,13.264466156510744,0.09000000000000001,0.4681936683955389,0.0,5.444444444444444,10.7774249807643,10.777424980764302,1.6482200920634727e-16,21.636089003743606,21.636089003743614,3.2840627325814653e-16,25.435525572312127,24.98700412093408,-0.017633661632149803,0.0102,0.0124,0.00875134379187359,0.0100000000829219,0.7906,0.7964929427456394,-0.005892942745639451,0.8044,0.810246181710775,-0.005846181710775,0.0,0.0,18.030147540708846
random_geometric,unweighted,15,heteroscedastic,0.3,3.0,2,8.133333333333333,0.2725949040707523,122.0,1188.0,2.9543546076997687,13.264466156510744,0.09000000000000001,0.4681936683955389,0.0,5.444444444444444,10.7774249807643,10.777424980764302,1.6482200920634727e-16,21.636089003743606,21.636089003743614,3.2840627325814653e-16,25.435525572312127,24.98700412093408,-0.017633661632149803,0.0102,0.0124,0.00875134379187359,0.0100000000829219,0.9998,0.9997914448662243,8.555133775733914e-06,0.9998,0.9998252577627739,-2.525776277384484e-05,0.0,0.0,52.986556038001524
random_geometric,unweighted,15,correlated,0.15,1.0,0,10.8,0.21701723248453017,162.0,1994.0,5.189963145618934,15.000000000000004,0.0225,0.012056890453532122,0.1392996165687931,4.140846308003032,3.0651342465198876,3.0651342465198863,-4.3465229330911905e-16,1.4053413717860037,1.4053413717860022,-1.106003328216185e-15,6.696555628534948,6.498067717218394,-0.029640299032351717,0.007,0.0102,0.007636051404877164,0.009999999973312412,0.9832,0.9831884357131411,1.1564286858889439e-05,0.9872,0.9864608843132854,0.0007391156867145865,0.0,0.0,31.16037290033581
random_geometric,unweighted,15,correlated,0.15,1.75,0,10.8,0.21701723248453017,162.0,1994.0,5.189963145618934,15.000000000000004,0.0225,0.012056890453532122,0.1392996165687931,4.140846308003032,3.0651342465198876,3.0651342465198863,-4.3465229330911905e-16,1.4053413717860037,1.4053413717860022,-1.106003328216185e-15,6.696555628534948,6.498067717218394,-0.029640299032351717,0.007,0.0102,0.007636051404877164,0.009999999973312412,1.0,0.9999999997634748,2.365252438352172e-10,1.0,0.9999999998796868,1.2031320384409128e-10,0.0,0.0,95.42864200727841
random_geometric,unweighted,15,correlated,0.15,3.0,0,10.8,0.21701723248453017,162.0,1994.0,5.189963145618934,15.000000000000004,0.0225,0.012056890453532122,0.1392996165687931,4.140846308003032,3.0651342465198876,3.0651342465198863,-4.3465229330911905e-16,1.4053413717860037,1.4053413717860022,-1.106003328216185e-15,6.696555628534948,6.498067717218394,-0.029640299032351717,0.007,0.0102,0.007636051404877164,0.009999999973312412,1.0,0.9999999999743506,2.564937151561253e-11,1.0,0.9999999999753336,2.4666380049609415e-11,0.0,0.0,280.44335610302227
random_geometric,unweighted,15,correlated,0.15,1.0,1,10.133333333333333,0.2764723867032986,152.0,1810.0,3.7480511460308468,14.24402946152285,0.022500000000000003,0.017144256910262747,0.13716430408345737,4.362723229999321,2.8685618912859,2.8685618912858994,-1.5481249025831173e-16,1.2652090508440201,1.2652090508440195,-5.265009875883488e-16,6.02615512655388,6.139972759090248,0.018887272256705934,0.013,0.012,0.011732432587297947,0.009999999977986396,0.977,0.9675738030640997,0.0094261969359003,0.9744,0.9641459572084387,0.01025404279156139,0.0,0.0,31.693316731733958
random_geometric,unweighted,15,correlated,0.15,1.75,1,10.133333333333333,0.2764723867032986,152.0,1810.0,3.7480511460308468,14.24402946152285,0.022500000000000003,0.017144256910262747,0.13716430408345737,4.362723229999321,2.8685618912859,2.8685618912858994,-1.5481249025831173e-16,1.2652090508440201,1.2652090508440195,-5.265009875883488e-16,6.02615512655388,6.139972759090248,0.018887272256705934,0.013,0.012,0.011732432587297947,0.009999999977986396,1.0,0.9999999398347917,6.016520825991023e-08,1.0,0.999999910947224,8.905277604220885e-08,0.0,0.0,97.06078249093524
random_geometric,unweighted,15,correlated,0.15,3.0,1,10.133333333333333,0.2764723867032986,152.0,1810.0,3.7480511460308468,14.24402946152285,0.022500000000000003,0.017144256910262747,0.13716430408345737,4.362723229999321,2.8685618912859,2.8685618912858994,-1.5481249025831173e-16,1.2652090508440201,1.2652090508440195,-5.265009875883488e-16,6.02615512655388,6.139972759090248,0.018887272256705934,0.013,0.012,0.011732432587297947,0.009999999977986396,1.0,0.9999999998996609,1.0033907038575762e-10,1.0,0.9999999998954147,1.0458534038804146e-10,0.0,0.0,285.2398505856056
random_geometric,unweighted,15,correlated,0.15,1.0,2,9.333333333333334,0.27010957715984335,140.0,1542.0,4.048966504131455,14.06560433334408,0.0225,0.015015064306993411,0.13645189583056844,4.367734257196857,2.617855322600292,2.6178553226002945,1.0178313660411597e-15,1.05136529349529,1.0513652934952915,1.478375065347525e-15,5.596753942933786,5.602194432912482,0.0009720795364900528,0.01,0.01,0.010084229377739451,0.009999999984133423,0.9784,0.9770984041049401,0.0013015958950599593,0.9784,0.9769487934683563,0.0014512065316437672,0.0,0.0,27.261093965106248
random_geometric,unweighted,15,correlated,0.15,1.75,2,9.333333333333334,0.27010957715984335,140.0,1542.0,4.048966504131455,14.06560433334408,0.0225,0.015015064306993411,0.13645189583056844,4.367734257196857,2.617855322600292,2.6178553226002945,1.0178313660411597e-15,1.05136529349529,1.0513652934952915,1.478375065347525e-15,5.596753942933786,5.602194432912482,0.0009720795364900528,0.01,0.01,0.010084229377739451,0.009999999984133423,1.0,0.9999999995565693,4.4343073657415744e-10,1.0,0.999999999546757,4.5324299868809703e-10,0.0,0.0,83.48710026813791
random_geometric,unweighted,15,correlated,0.15,3.0,2,9.333333333333334,0.27010957715984335,140.0,1542.0,4.048966504131455,14.06560433334408,0.0225,0.015015064306993411,0.13645189583056844,4.367734257196857,2.617855322600292,2.6178553226002945,1.0178313660411597e-15,1.05136529349529,1.0513652934952915,1.478375065347525e-15,5.596753942933786,5.602194432912482,0.0009720795364900528,0.01,0.01,0.010084229377739451,0.009999999984133423,1.0,0.9999999999738829,2.6117108475887107e-11,1.0,0.9999999999738047,2.619526817682072e-11,0.0,0.0,245.3498456859563
random_geometric,unweighted,15,correlated,0.3,1.0,0,8.533333333333333,0.32268556918849034,128.0,1334.0,2.589081618623396,14.10708344239292,0.09000000000000002,0.01735858234767466,0.13384040373247888,4.425567666765557,9.488442813839553,9.488442813839537,-1.6849141495887812e-15,14.23350762606989,14.233507626069844,-3.244827560271525e-15,21.06533760015356,20.54428745746518,-0.024734953342716855,0.0098,0.012,0.008062773344158891,0.009999999993786812,0.2858,0.2872608684004131,-0.0014608684004130956,0.3088,0.31087445178126233,-0.0020744517812623098,0.0,0.0,8.211773676408896
random_geometric,unweighted,15,correlated,0.3,1.75,0,8.533333333333333,0.32268556918849034,128.0,1334.0,2.589081618623396,14.10708344239292,0.09000000000000002,0.01735858234767466,0.13384040373247888,4.425567666765557,9.488442813839553,9.488442813839537,-1.6849141495887812e-15,14.23350762606989,14.233507626069844,-3.244827560271525e-15,21.06533760015356,20.54428745746518,-0.024734953342716855,0.0098,0.012,0.008062773344158891,0.009999999993786812,0.8848,0.8847538101820117,4.6189817988318005e-05,0.8954,0.895615075853388,-0.0002150758533879804,0.0,0.0,25.14855688400225
random_geometric,unweighted,15,correlated,0.3,3.0,0,8.533333333333333,0.32268556918849034,128.0,1334.0,2.589081618623396,14.10708344239292,0.09000000000000002,0.01735858234767466,0.13384040373247888,4.425567666765557,9.488442813839553,9.488442813839537,-1.6849141495887812e-15,14.23350762606989,14.233507626069844,-3.244827560271525e-15,21.06533760015356,20.54428745746518,-0.024734953342716855,0.0098,0.012,0.008062773344158891,0.009999999993786812,0.9998,0.9997617006058773,3.829939412269834e-05,0.9998,0.9998302742909178,-3.027429091773115e-05,0.0,0.0,73.90596308768008
random_geometric,unweighted,15,correlated,0.3,1.0,1,9.2,0.3001784808291012,138.0,1522.0,3.2932065807555113,15.0,0.09,0.01600404161369236,0.13542456709521247,4.325604442344853,10.300822653214185,10.300822653214183,-1.724480557721252e-16,16.550536801698,16.550536801698,0.0,22.31065040927903,22.188238480988225,-0.0054867037063112386,0.0116,0.012,0.009539904057533966,0.009999999990465414,0.3082,0.30694222850851544,0.0012577714914845384,0.3128,0.3122764811639165,0.0005235188360835363,0.0,0.0,8.775050123375378
random_geometric,unweighted,15,correlated,0.3,1.75,1,9.2,0.3001784808291012,138.0,1522.0,3.2932065807555113,15.0,0.09,0.01600404161369236,0.13542456709521247,4.325604442344853,10.300822653214185,10.300822653214183,-1.724480557721252e-16,16.550536801698,16.550536801698,0.0,22.31065040927903,22.188238480988225,-0.0054867037063112386,0.0116,0.012,0.009539904057533966,0.009999999990465414,0.9044,0.902651774341508,0.0017482256584919753,0.906,0.9050107645953772,0.0009892354046228125,0.0,0.0,26.873591002837088
random_geometric,unweighted,15,correlated,0.3,3.0,1,9.2,0.3001784808291012,138.0,1522.0,3.2932065807555113,15.0,0.09,0.01600404161369236,0.13542456709521247,4.325604442344853,10.300822653214185,10.300822653214183,-1.724480557721252e-16,16.550536801698,16.550536801698,0.0,22.31065040927903,22.188238480988225,-0.0054867037063112386,0.0116,0.012,0.009539904057533966,0.009999999990465414,1.0,0.9999833644487727,1.6635551227328627e-05,1.0,0.9999847280858664,1.527191413364104e-05,0.0,0.0,78.9754511103784
random_geometric,unweighted,15,correlated,0.3,1.0,2,9.466666666666667,0.2525411419301565,142.0,1572.0,3.533711497547852,14.113641486878544,0.08999999999999998,0.011004570610857077,0.13673619875144408,4.29837322719099,10.596614357967061,10.596614357967042,-1.8439781399340694e-15,17.103522867768863,17.103522867768802,-3.531210090841778e-15,22.567117366186174,22.612632622054697,0.002016883908120288,0.009,0.009,0.010176240429460304,0.009999999979717678,0.333,0.3233746918125868,0.009625308187413195,0.3314,0.3213310679321706,0.010068932067829384,0.0,0.0,7.831566663631947
random_geometric,unweighted,15,correlated,0.3,1.75,2,9.466666666666667,0.2525411419301565,142.0,1572.0,3.533711497547852,14.113641486878544,0.08999999999999998,0.011004570610857077,0.13673619875144408,4.29837322719099,10.596614357967061,10.596614357967042,-1.8439781399340694e-15,17.103522867768863,17.103522867768802,-3.531210090841778e-15,22.567117366186174,22.612632622054697,0.002016883908120288,0.009,0.009,0.010176240429460304,0.009999999979717678,0.93,0.928131971385607,0.001868028614393058,0.929,0.9273763613112469,0.0016236386887531484,0.0,0.0,23.984172907372834
random_geometric,unweighted,15,correlated,0.3,3.0,2,9.466666666666667,0.2525411419301565,142.0,1572.0,3.533711497547852,14.113641486878544,0.08999999999999998,0.011004570610857077,0.13673619875144408,4.29837322719099,10.596614357967061,10.596614357967042,-1.8439781399340694e-15,17.103522867768863,17.103522867768802,-3.531210090841778e-15,22.567117366186174,22.612632622054697,0.002016883908120288,0.009,0.009,0.010176240429460304,0.009999999979717678,1.0,0.9999989270009307,1.0729990692626146e-06,1.0,0.9999988899807216,1.1100192783830565e-06,0.0,0.0,70.4840999726875
random_geometric,unweighted,30,iid,0.15,1.0,0,13.733333333333333,0.3320544480517027,412.0,6694.0,3.2246493925123474,23.175579258494444,0.022499999999999996,1.5419764230904954e-16,0.0,1.0,9.269999999999998,9.27,1.9162425451998393e-16,6.777675000000001,6.777674999999998,-5.241788192559396e-16,16.49276609942315,16.46502153269537,-0.0016822264112961607,0.0102,0.0102,0.00981265709715029,0.009999999999938447,0.8256,0.8249194120332269,0.0006805879667730608,0.827,0.8262042057580267,0.0007957942419732911,0.0,0.0,20.111868604063144
random_geometric,unweighted,30,iid,0.15,1.75,0,13.733333333333333,0.3320544480517027,412.0,6694.0,3.2246493925123474,23.175579258494444,0.022499999999999996,1.5419764230904954e-16,0.0,1.0,9.269999999999998,9.27,1.9162425451998393e-16,6.777675000000001,6.777674999999998,-5.241788192559396e-16,16.49276609942315,16.46502153269537,-0.0016822264112961607,0.0102,0.0102,0.00981265709715029,0.009999999999938447,0.998,0.9977651886861049,0.00023481131389513354,0.998,0.9978079778581422,0.00019202214185776167,0.0,0.0,61.59259759994337
random_geometric,unweighted,30,iid,0.15,3.0,0,13.733333333333333,0.3320544480517027,412.0,6694.0,3.2246493925123474,23.175579258494444,0.022499999999999996,1.5419764230904954e-16,0.0,1.0,9.269999999999998,9.27,1.9162425451998393e-16,6.777675000000001,6.777674999999998,-5.241788192559396e-16,16.49276609942315,16.46502153269537,-0.0016822264112961607,0.0102,0.0102,0.00981265709715029,0.009999999999938447,1.0,0.9999999999999619,3.808064974464287e-14,1.0,0.9999999999999623,3.774758283725532e-14,0.0,0.0,181.00681743656827
random_geometric,unweighted,30,iid,0.15,1.0,1,14.4,0.3014240890862598,432.0,7218.0,4.614472235498552,25.13365546677005,0.022499999999999996,1.5419764230904954e-16,0.0,1.0,9.72,9.72,0.0,7.308225,7.308224999999998,-2.430626916111984e-16,17.234643249676164,17.186980896757927,-0.0027654969254517748,0.0098,0.0098,0.00969208198344551,0.009999999999979803,0.8516,0.8520785741865488,-0.0004785741865487303,0.8532,0.8542687028731112,-0.001068702873111227,0.0,0.0,21.330449612388097
random_geometric,unweighted,30,iid,0.15,1.75,1,14.4,0.3014240890862598,432.0,7218.0,4.614472235498552,25.13365546677005,0.022499999999999996,1.5419764230904954e-16,0.0,1.0,9.72,9.72,0.0,7.308225,7.308224999999998,-2.430626916111984e-16,17.234643249676164,17.186980896757927,-0.0027654969254517748,0.0098,0.0098,0.00969208198344551,0.009999999999979803,1.0,0.9999252746522821,7.472534771790773e-05,1.0,0.9999287261185379,7.127388146210833e-05,0.0,0.0,65.32450193793855
random_geometric,unweighted,30,iid,0.15,3.0,1,14.4,0.3014240890862598,432.0,7218.0,4.614472235498552,25.13365546677005,0.022499999999999996,1.5419764230904954e-16,0.0,1.0,9.72,9.72,0.0,7.308225,7.308224999999998,-2.430626916111984e-16,17.234643249676164,17.186980896757927,-0.0027654969254517748,0.0098,0.0098,0.00969208198344551,0.009999999999979803,1.0,0.9999999999988719,1.1280976153216216e-12,1.0,0.9999999999988174,1.1826095658307167e-12,0.0,0.0,191.97404651149287
random_geometric,unweighted,30,iid,0.15,1.0,2,17.533333333333335,0.2777487812585502,526.0,10460.0,5.633904158668313,26.34050958762176,0.022499999999999996,1.5419764230904954e-16,0.0,1.0,11.834999999999999,11.834999999999999,0.0,10.590749999999998,10.590749999999996,-1.677271996223356e-16,20.403620795778195,20.77154684069519,0.018032389868425924,0.0112,0.009,0.01224235047847494,0.009999999999979248,0.8728,0.8735446783100848,-0.0007446783100847343,0.86,0.8611405636528248,-0.0011405636528247776,0.0,0.0,23.37523135657397
random_geometric,unweighted,30,iid,0.15,1.75,2,17.533333333333335,0.2777487812585502,526.0,10460.0,5.633904158668313,26.34050958762176,0.022499999999999996,1.5419764230904954e-16,0.0,1.0,11.834999999999999,11.834999999999999,0.0,10.590749999999998,10.590749999999996,-1.677271996223356e-16,20.403620795778195,20.77154684069519,0.018032389868425924,0.0112,0.009,0.01224235047847494,0.009999999999979248,0.9996,0.9996542023467491,-5.420234674902158e-05,0.9994,0.999549631650033,-0.00014963165003301082,0.0,0.0,71.58664602950779
random_geometric,unweighted,30,iid,0.15,3.0,2,17.533333333333335,0.2777487812585502,526.0,10460.0,5.633904158668313,26.34050958762176,0.022499999999999996,1.5419764230904954e-16,0.0,1.0,11.834999999999999,11.834999999999999,0.0,10.590749999999998,10.590749999999996,-1.677271996223356e-16,20.403620795778195,20.77154684069519,0.018032389868425924,0.0112,0.009,0.01224235047847494,0.009999999999979248,1.0,0.9999999999998228,1.7719159473017498e-13,1.0,0.9999999999999857,1.432187701766452e-14,0.0,0.0,210.37708220916574
random_geometric,unweighted,30,iid,0.3,1.0,0,13.4,0.35820895522388063,402.0,6480.0,2.380047649454255,22.472498234842217,0.08999999999999998,1.5419764230904954e-16,0.0,1.0,36.18000000000001,36.179999999999986,-5.891730810614428e-16,104.97600000000004,104.97599999999994,-9.476069102119912e-16,64.9883569697246,64.52531640310882,-0.007124977276029611,0.0084,0.0092,0.009228988802221283,0.009999999999866338,0.137,0.14039368785331469,-0.0033936878533146753,0.144,0.14632865633892173,-0.0023286563389217363,0.0,0.0,6.103225630135644
random_geometric,unweighted,30,iid,0.3,1.75,0,13.4,0.35820895522388063,402.0,6480.0,2.380047649454255,22.472498234842217,0.08999999999999998,1.5419764230904954e-16,0.0,1.0,36.18000000000001,36.179999999999986,-5.891730810614428e-16,104.97600000000004,104.97599999999994,-9.476069102119912e-16,64.9883569697246,64.52531640310882,-0.007124977276029611,0.0084,0.0092,0.009228988802221283,0.009999999999866338,0.6572,0.6621057365509565,-0.0049057365509564965,0.6658,0.6698866311069971,-0.004086631106997141,0.0,0.0,18.69112849229041
random_geometric,unweighted,30,iid,0.3,3.0,0,13.4,0.35820895522388063,402.0,6480.0,2.380047649454255,22.472498234842217,0.08999999999999998,1.5419764230904954e-16,0.0,1.0,36.18000000000001,36.179999999999986,-5.891730810614428e-16,104.97600000000004,104.97599999999994,-9.476069102119912e-16,64.9883569697246,64.52531640310882,-0.007124977276029611,0.0084,0.0092,0.009228988802221283,0.009999999999866338,0.986,0.9869148352845002,-0.0009148352845002039,0.9874,0.9877472207716146,-0.00034722077161453146,0.0,0.0,54.92903067122079
random_geometric,unweighted,30,iid,0.3,1.0,1,13.8,0.31162228836464034,414.0,6682.0,4.01994513527268,25.105355203612003,0.08999999999999998,1.5419764230904954e-16,0.0,1.0,37.26,37.26,0.0,108.24840000000002,108.2484,-1.3128004400251645e-16,64.7062925120478,66.01137215001907,0.02016928473731175,0.0144,0.0124,0.012467206434716716,0.009999999999970144,0.1678,0.16308664019093067,0.00471335980906934,0.1492,0.14522649931521128,0.003973500684788717,0.0,0.0,5.293342923735003
random_geometric,unweighted,30,iid,0.3,1.75,1,13.8,0.31162228836464034,414.0,6682.0,4.01994513527268,25.105355203612003,0.08999999999999998,1.5419764230904954e-16,0.0,1.0,37.26,37.26,0.0,108.24840000000002,108.2484,-1.3128004400251645e-16,64.7062925120478,66.01137215001907,0.02016928473731175,0.0144,0.0124,0.012467206434716716,0.009999999999970144,0.7082,0.7251165074139547,-0.016916507413954673,0.683,0.7021476790929174,-0.01914767909291737,0.0,0.0,16.21086270393845
random_geometric,unweighted,30,iid,0.3,3.0,1,13.8,0.31162228836464034,414.0,6682.0,4.01994513527268,25.105355203612003,0.08999999999999998,1.5419764230904954e-16,0.0,1.0,37.26,37.26,0.0,108.24840000000002,108.2484,-1.3128004400251645e-16,64.7062925120478,66.01137215001907,0.02016928473731175,0.0144,0.0124,0.012467206434716716,0.009999999999970144,0.993,0.9930490717503165,-4.907175031654276e-05,0.9916,0.9916431336398444,-4.313363984431717e-05,0.0,0.0,47.64008631361503
random_geometric,unweighted,30,iid,0.3,1.0,2,15.266666666666667,0.3322509967096465,458.0,8222.0,3.4290622221188993,26.137850011214713,0.08999999999999998,1.5419764230904954e-16,0.0,1.0,41.22,41.21999999999999,-1.723781503542213e-16,133.19639999999998,133.19639999999995,-2.1338196400506328e-16,72.38579272981761,73.15257179170575,0.010592949706998063,0.013,0.0124,0.011239624494404077,0.009999999999969644,0.1642,0.15421567969977437,0.009984320300225641,0.1552,0.1450820586398691,0.010117941360130916,0.0,0.0,6.172490152588769
random_geometric,unweighted,30,iid,0.3,1.75,2,15.266666666666667,0.3322509967096465,458.0,8222.0,3.4290622221188993,26.137850011214713,0.08999999999999998,1.5419764230904954e-16,0.0,1.0,41.22,41.21999999999999,-1.723781503542213e-16,133.19639999999998,133.19639999999995,-2.1338196400506328e-16,72.38579272981761,73.15257179170575,0.010592949706998063,0.013,0.0124,0.011239624494404077,0.009999999999969644,0.7088,0.704728335136801,0.004071664863198987,0.697,0.6923403438782422,0.0046596561217577825,0.0,0.0,18.903251092303105
random_geometric,unweighted,30,iid,0.3,3.0,2,15.266666666666667,0.3322509967096465,458.0,8222.0,3.4290622221188993,26.137850011214713,0.08999999999999998,1.5419764230904954e-16,0.0,1.0,41.22,41.21999999999999,-1.723781503542213e-16,133.19639999999998,133.19639999999995,-2.1338196400506328e-16,72.38579272981761,73.15257179170575,0.010592949706998063,0.013,0.0124,0.011239624494404077,0.009999999999969644,0.9832,0.9865476510612888,-0.00334765106128887,0.9822,0.9857288544042366,-0.00352885440423667,0.0,0.0,55.55241137329893
random_geometric,unweighted,30,heteroscedastic,0.15,1.0,0,12.8,0.34552100605462466,384.0,5886.0,2.888068366015762,21.29620564756706,0.0225,0.4543445222350575,0.0,5.444444444444444,8.66790268632539,8.66790268632539,0.0,6.946690518661675,6.9466905186616765,2.55712678523424e-16,16.14988450349925,16.16032896486763,0.0006467204992157426,0.0122,0.0122,0.010065471602192289,0.009999999999560805,0.762,0.7655070086009079,-0.0035070086009079127,0.7614,0.7649262578757103,-0.00352625787571037,0.0,0.0,24.754748780231886
random_geometric,unweighted,30,heteroscedastic,0.15,1.75,0,12.8,0.34552100605462466,384.0,5886.0,2.888068366015762,21.29620564756706,0.0225,0.4543445222350575,0.0,5.444444444444444,8.66790268632539,8.66790268632539,0.0,6.946690518661675,6.9466905186616765,2.55712678523424e-16,16.14988450349925,16.16032896486763,0.0006467204992157426,0.0122,0.0122,0.010065471602192289,0.009999999999560805,1.0,0.9999107983821672,8.920161783276814e-05,1.0,0.9999097343699892,9.026563001079957e-05,0.0,0.0,75.81141813946016
random_geometric,unweighted,30,heteroscedastic,0.15,3.0,0,12.8,0.34552100605462466,384.0,5886.0,2.888068366015762,21.29620564756706,0.0225,0.4543445222350575,0.0,5.444444444444444,8.66790268632539,8.66790268632539,0.0,6.946690518661675,6.9466905186616765,2.55712678523424e-16,16.14988450349925,16.16032896486763,0.0006467204992157426,0.0122,0.0122,0.010065471602192289,0.009999999999560805,1.0,0.999999999933692,6.630795912343501e-11,1.0,0.999999999933803,6.619704784327496e-11,0.0,0.0,222.792739022087
random_geometric,unweighted,30,heteroscedastic,0.15,1.0,1,12.6,0.28732643348963943,378.0,5534.0,1.7470120891922947,20.828593048005526,0.02250000000000001,0.4543445222350573,0.0,5.444444444444444,8.699103883247592,8.69910388324759,-2.0419998004864523e-16,7.329246936701251,7.329246936701255,4.847310657538723e-16,16.50139041596378,16.49974246720001,-9.986726707428914e-05,0.0092,0.0092,0.009990324652340066,0.009999999999826426,0.7816,0.7809973775009487,0.0006026224990512974,0.7816,0.7811006824394411,0.0004993175605588762,0.0,0.0,29.078617984952665
random_geometric,unweighted,30,heteroscedastic,0.15,1.75,1,12.6,0.28732643348963943,378.0,5534.0,1.7470120891922947,20.828593048005526,0.02250000000000001,0.4543445222350573,0.0,5.444444444444444,8.699103883247592,8.69910388324759,-2.0419998004864523e-16,7.329246936701251,7.329246936701255,4.847310657538723e-16,16.50139041596378,16.49974246720001,-9.986726707428914e-05,0.0092,0.0092,0.009990324652340066,0.009999999999826426,0.9948,0.9956704561558425,-0.0008704561558424695,0.9948,0.9956738524317267,-0.0008738524317266627,0.0,0.0,89.05326757891754
random_geometric,unweighted,30,heteroscedastic,0.15,3.0,1,12.6,0.28732643348963943,378.0,5534.0,1.7470120891922947,20.828593048005526,0.02250000000000001,0.4543445222350573,0.0,5.444444444444444,8.699103883247592,8.69910388324759,-2.0419998004864523e-16,7.329246936701251,7.329246936701255,4.847310657538723e-16,16.50139041596378,16.49974246720001,-9.986726707428914e-05,0.0092,0.0092,0.009990324652340066,0.009999999999826426,1.0,0.9999999999470035,5.299649608048185e-11,1.0,0.9999999999470702,5.2929771676701876e-11,0.0,0.0,261.70756186457396
random_geometric,unweighted,30,heteroscedastic,0.15,1.0,2,14.8,0.3652817104993386,444.0,7892.0,1.8474311047115233,24.180372539220002,0.022500000000000003,0.45434452223505745,0.0,5.444444444444444,10.07672916260443,10.076729162604432,1.7628307863949115e-16,9.276252284830324,9.276252284830324,0.0,18.687361546746903,18.681918788971995,-0.000291253410027569,0.007,0.007,0.00997003867395091,0.009999999998956288,0.7628,0.7665864933922164,-0.0037864933922163724,0.7632,0.7668294792283898,-0.0036294792283898536,0.0,0.0,28.99024025063794
random_geometric,unweighted,30,heteroscedastic,0.15,1.75,2,14.8,0.3652817104993386,444.0,7892.0,1.8474311047115233,24.180372539220002,0.022500000000000003,0.45434452223505745,0.0,5.444444444444444,10.07672916260443,10.076729162604432,1.7628307863949115e-16,9.276252284830324,9.276252284830324,0.0,18.687361546746903,18.681918788971995,-0.000291253410027569,0.007,0.007,0.00997003867395091,0.009999999998956288,0.972,0.9721017411747839,-0.0001017411747838981,0.972,0.9721205674467467,-0.00012056744674671105,0.0,0.0,88.78261076757867
random_geometric,unweighted,30,heteroscedastic,0.15,3.0,2,14.8,0.3652817104993386,444.0,7892.0,1.8474311047115233,24.180372539220002,0.022500000000000003,0.45434452223505745,0.0,5.444444444444444,10.07672916260443,10.076729162604432,1.7628307863949115e-16,9.276252284830324,9.276252284830324,0.0,18.687361546746903,18.681918788971995,-0.000291253410027569,0.007,0.007,0.00997003867395091,0.009999999998956288,1.0,0.9999930515970076,6.94840299242383e-06,1.0,0.9999931258198836,6.874180116356321e-06,0.0,0.0,260.9121622557414
random_geometric,unweighted,30,heteroscedastic,0.3,1.0,0,12.6,0.3198324076128553,378.0,5628.0,3.1448142704226605,22.309946096775036,0.09,0.4543445222350575,0.0,5.444444444444444,34.56457620254684,34.56457620254683,-2.0556963626469835e-16,114.85986045380385,114.85986045380383,-1.237234196442155e-16,64.2789616513742,65.53461400715436,0.01953442189359499,0.0128,0.0092,0.012004668410422747,0.009999999999943943,0.1124,0.11488753901309895,-0.0024875390130989494,0.098,0.10213245745342106,-0.004132457453421057,0.0,0.0,7.613362467179978
random_geometric,unweighted,30,heteroscedastic,0.3,1.75,0,12.6,0.3198324076128553,378.0,5628.0,3.1448142704226605,22.309946096775036,0.09,0.4543445222350575,0.0,5.444444444444444,34.56457620254684,34.56457620254683,-2.0556963626469835e-16,114.85986045380385,114.85986045380383,-1.237234196442155e-16,64.2789616513742,65.53461400715436,0.01953442189359499,0.0128,0.0092,0.012004668410422747,0.009999999999943943,0.6258,0.6208771484813485,0.004922851518651572,0.6004,0.5956909952825271,0.004709004717472931,0.0,0.0,23.315922555738684
random_geometric,unweighted,30,heteroscedastic,0.3,3.0,0,12.6,0.3198324076128553,378.0,5628.0,3.1448142704226605,22.309946096775036,0.09,0.4543445222350575,0.0,5.444444444444444,34.56457620254684,34.56457620254683,-2.0556963626469835e-16,114.85986045380385,114.85986045380383,-1.237234196442155e-16,64.2789616513742,65.53461400715436,0.01953442189359499,0.0128,0.0092,0.012004668410422747,0.009999999999943943,0.9938,0.9930582961899227,0.000741703810077321,0.9922,0.9915337965548938,0.0006662034451061505,0.0,0.0,68.52026220461978
random_geometric,unweighted,30,heteroscedastic,0.3,1.0,1,13.4,0.3918680331843824,402.0,6616.0,1.2716909725897485,22.195052744218152,0.09000000000000001,0.45434452223505745,0.0,5.444444444444444,36.692210706304095,36.692210706304095,0.0,134.47348272714407,134.47348272714413,4.2271098887315365e-16,70.12901690492437,70.10632411081568,-0.00032358637137973735,0.008,0.008,0.009968778833314429,0.009999999999233733,0.1146,0.10475404911651233,0.009845950883487664,0.1148,0.10495806445228158,0.009841935547718422,0.0,0.0,6.59712145193595
random_geometric,unweighted,30,heteroscedastic,0.3,1.75,1,13.4,0.3918680331843824,402.0,6616.0,1.2716909725897485,22.195052744218152,0.09000000000000001,0.45434452223505745,0.0,5.444444444444444,36.692210706304095,36.692210706304095,0.0,134.47348272714407,134.47348272714413,4.2271098887315365e-16,70.12901690492437,70.10632411081568,-0.00032358637137973735,0.008,0.008,0.009968778833314429,0.009999999999233733,0.5876,0.5826464431513885,0.00495355684861154,0.5882,0.5830078065593507,0.005192193440649251,0.0,0.0,20.20368444655385
random_geometric,unweighted,30,heteroscedastic,0.3,3.0,1,13.4,0.3918680331843824,402.0,6616.0,1.2716909725897485,22.195052744218152,0.09000000000000001,0.45434452223505745,0.0,5.444444444444444,36.692210706304095,36.692210706304095,0.0,134.47348272714407,134.47348272714413,4.2271098887315365e-16,70.12901690492437,70.10632411081568,-0.00032358637137973735,0.008,0.008,0.009968778833314429,0.009999999999233733,0.934,0.9397411422102983,-0.0057411422102982,0.9342,0.9398215849403226,-0.00562158494032261,0.0,0.0,59.37409306742356
random_geometric,unweighted,30,heteroscedastic,0.3,1.0,2,14.0,0.37115374447904514,420.0,7110.0,2.2978849084138413,23.267980656940004,0.09000000000000001,0.45434452223505745,0.0,5.444444444444444,39.104177228480154,39.10417722848013,-5.45115217442244e-16,155.1981975946357,155.19819759463562,-5.493950935816741e-16,74.12191219945133,75.19644058688489,0.014496771002644394,0.0136,0.0114,0.011446134080965786,0.009999999999560472,0.1024,0.10589930732873253,-0.0034993073287325205,0.092,0.0970689250224911,-0.005068925022491108,0.0,0.0,8.175481527336917
random_geometric,unweighted,30,heteroscedastic,0.3,1.75,2,14.0,0.37115374447904514,420.0,7110.0,2.2978849084138413,23.267980656940004,0.09000000000000001,0.45434452223505745,0.0,5.444444444444444,39.104177228480154,39.10417722848013,-5.45115217442244e-16,155.1981975946357,155.19819759463562,-5.493950935816741e-16,74.12191219945133,75.19644058688489,0.014496771002644394,0.0136,0.0114,0.011446134080965786,0.009999999999560472,0.5908,0.5827473836804663,0.00805261631953369,0.5706,0.5662421702724978,0.004357829727502205,0.0,0.0,25.037412177469317
random_geometric,unweighted,30,heteroscedastic,0.3,3.0,2,14.0,0.37115374447904514,420.0,7110.0,2.2978849084138413,23.267980656940004,0.09000000000000001,0.45434452223505745,0.0,5.444444444444444,39.104177228480154,39.10417722848013,-5.45115217442244e-16,155.1981975946357,155.19819759463562,-5.493950935816741e-16,74.12191219945133,75.19644058688489,0.014496771002644394,0.0136,0.0114,0.011446134080965786,0.009999999999560472,0.9576,0.9598048137822963,-0.002204813782296311,0.9538,0.9567178714183218,-0.0029178714183217824,0.0,0.0,73.57933374603225
random_geometric,unweighted,30,correlated,0.15,1.0,0,16.266666666666666,0.2943695863582875,488.0,9114.0,5.050707193065043,27.057754048340865,0.0225,0.005836184637228336,0.07057084820815258,4.1927019922554365,9.87331011109982,9.873310111099823,3.598300507958777e-16,7.32706197686962,7.327061976869626,7.273134218086031e-16,17.628198954329676,17.313613991873087,-0.017845553211170425,0.009,0.0104,0.008104988929234391,0.009999999999989406,0.8842,0.8899734353962384,-0.005773435396238424,0.8956,0.9010639495682953,-0.005463949568295323,0.0,0.0,31.043873155831914
random_geometric,unweighted,30,correlated,0.15,1.75,0,16.266666666666666,0.2943695863582875,488.0,9114.0,5.050707193065043,27.057754048340865,0.0225,0.005836184637228336,0.07057084820815258,4.1927019922554365,9.87331011109982,9.873310111099823,3.598300507958777e-16,7.32706197686962,7.327061976869626,7.273134218086031e-16,17.628198954329676,17.313613991873087,-0.017845553211170425,0.009,0.0104,0.008104988929234391,0.009999999999989406,1.0,0.999991608747907,8.391252092954105e-06,1.0,0.9999942123507323,5.787649267730011e-06,0.0,0.0,95.07186153973522
random_geometric,unweighted,30,correlated,0.15,3.0,0,16.266666666666666,0.2943695863582875,488.0,9114.0,5.050707193065043,27.057754048340865,0.0225,0.005836184637228336,0.07057084820815258,4.1927019922554365,9.87331011109982,9.873310111099823,3.598300507958777e-16,7.32706197686962,7.327061976869626,7.273134218086031e-16,17.628198954329676,17.313613991873087,-0.017845553211170425,0.009,0.0104,0.008104988929234391,0.009999999999989406,1.0,0.9999999999511107,4.8889337023183543e-11,1.0,0.9999999999482695,5.173050876550178e-11,0.0,0.0,279.3948584024873
random_geometric,unweighted,30,correlated,0.15,1.0,1,16.866666666666667,0.3231935351266345,506.0,9932.0,5.31248786286641,25.25411190347443,0.0225,0.006436155730629973,0.07037220515499819,4.23301777881909,10.27474839200838,10.27474839200837,-1.0373140664633036e-15,8.06241207498976,8.062412074989748,-1.5422801216492704e-15,18.05231568402138,18.085322101318315,0.0018283758092126662,0.0104,0.01,0.010210763883396423,0.00999999999997403,0.8652,0.8731408892944076,-0.007940889294407616,0.8642,0.8719375905780301,-0.00773759057803014,0.0,0.0,29.665129075896953
random_geometric,unweighted,30,correlated,0.15,1.75,1,16.866666666666667,0.3231935351266345,506.0,9932.0,5.31248786286641,25.25411190347443,0.0225,0.006436155730629973,0.07037220515499819,4.23301777881909,10.27474839200838,10.27474839200837,-1.0373140664633036e-15,8.06241207498976,8.062412074989748,-1.5422801216492704e-15,18.05231568402138,18.085322101318315,0.0018283758092126662,0.0104,0.01,0.010210763883396423,0.00999999999997403,1.0,0.9999870025790443,1.299742095572931e-05,1.0,0.9999865035869177,1.3496413082347836e-05,0.0,0.0,90.84945779493445
random_geometric,unweighted,30,correlated,0.15,3.0,1,16.866666666666667,0.3231935351266345,506.0,9932.0,5.31248786286641,25.25411190347443,0.0225,0.006436155730629973,0.07037220515499819,4.23301777881909,10.27474839200838,10.27474839200837,-1.0373140664633036e-15,8.06241207498976,8.062412074989748,-1.5422801216492704e-15,18.05231568402138,18.085322101318315,0.0018283758092126662,0.0104,0.01,0.010210763883396423,0.00999999999997403,1.0,0.9999999999732965,2.6703528277494115e-11,1.0,0.999999999973536,2.646405317108247e-11,0.0,0.0,266.9861616830726
random_geometric,unweighted,30,correlated,0.15,1.0,2,12.8,0.32613483759277645,384.0,5822.0,2.1680754116794394,22.297189305505672,0.022499999999999996,0.009671985071083048,0.06845230562773492,4.542490971674647,7.55527850649658,7.555278506496577,-4.7022934703805e-16,4.403383419246968,4.403383419246965,-6.051108898339004e-16,13.264457220884335,13.338737902309145,0.005599978965430864,0.0112,0.0106,0.01065040965193359,0.0099999999999702,0.8844,0.8860199054524719,-0.0016199054524719259,0.8824,0.8831868247859547,-0.0007868247859547095,0.0,0.0,29.879300187293648
random_geometric,unweighted,30,correlated,0.15,1.75,2,12.8,0.32613483759277645,384.0,5822.0,2.1680754116794394,22.297189305505672,0.022499999999999996,0.009671985071083048,0.06845230562773492,4.542490971674647,7.55527850649658,7.555278506496577,-4.7022934703805e-16,4.403383419246968,4.403383419246965,-6.051108898339004e-16,13.264457220884335,13.338737902309145,0.005599978965430864,0.0112,0.0106,0.01065040965193359,0.0099999999999702,0.9978,0.997237690914526,0.0005623090854740553,0.9976,0.9970604843812906,0.000539515618709463,0.0,0.0,91.50535682358678
random_geometric,unweighted,30,correlated,0.15,3.0,2,12.8,0.32613483759277645,384.0,5822.0,2.1680754116794394,22.297189305505672,0.022499999999999996,0.009671985071083048,0.06845230562773492,4.542490971674647,7.55527850649658,7.555278506496577,-4.7022934703805e-16,4.403383419246968,4.403383419246965,-6.051108898339004e-16,13.264457220884335,13.338737902309145,0.005599978965430864,0.0112,0.0106,0.01065040965193359,0.0099999999999702,1.0,0.9999999999144122,8.558775910216809e-11,1.0,0.9999999999117265,8.827349962103881e-11,0.0,0.0,268.91370168564276
random_geometric,unweighted,30,correlated,0.3,1.0,0,14.933333333333334,0.3121490376145239,448.0,7790.0,3.5074834162873154,27.042940052988758,0.09000000000000004,0.0072528474890822614,0.06975912410913258,4.3438573032620384,36.02278207047293,36.0227820704729,-7.889926262441748e-16,98.60627453205282,98.60627453205272,-1.0088200114900244e-15,64.4436055481431,63.36178270702739,-0.01678712467922865,0.0056,0.0068,0.008221843722514499,0.009999999999985743,0.161,0.16342116534066278,-0.0024211653406627787,0.1764,0.17980273533933003,-0.0034027353393300264,0.0,0.0,6.970343041986313
random_geometric,unweighted,30,correlated,0.3,1.75,0,14.933333333333334,0.3121490376145239,448.0,7790.0,3.5074834162873154,27.042940052988758,0.09000000000000004,0.0072528474890822614,0.06975912410913258,4.3438573032620384,36.02278207047293,36.0227820704729,-7.889926262441748e-16,98.60627453205282,98.60627453205272,-1.0088200114900244e-15,64.4436055481431,63.36178270702739,-0.01678712467922865,0.0056,0.0068,0.008221843722514499,0.009999999999985743,0.7542,0.763799526514589,-0.009599526514589063,0.7684,0.7802717454371576,-0.011871745437157633,0.0,0.0,21.346675566083086
random_geometric,unweighted,30,correlated,0.3,3.0,0,14.933333333333334,0.3121490376145239,448.0,7790.0,3.5074834162873154,27.042940052988758,0.09000000000000004,0.0072528474890822614,0.06975912410913258,4.3438573032620384,36.02278207047293,36.0227820704729,-7.889926262441748e-16,98.60627453205282,98.60627453205272,-1.0088200114900244e-15,64.4436055481431,63.36178270702739,-0.01678712467922865,0.0056,0.0068,0.008221843722514499,0.009999999999985743,0.9856,0.9872477611828322,-0.0016477611828321637,0.9878,0.9888282353421926,-0.0010282353421925405,0.0,0.0,62.73308737787681
random_geometric,unweighted,30,correlated,0.3,1.0,1,14.933333333333334,0.32111840193490077,448.0,7828.0,3.9152178467948833,24.331840080982285,0.08999999999999998,0.006160976866235495,0.06980304077396708,4.286360849951903,36.0546358117396,36.054635811739594,-1.9707389071136958e-16,99.26754806453116,99.26754806453114,-1.4315710413199598e-16,63.36995475040902,63.50320141749836,0.0021026789053921195,0.0106,0.0102,0.01024144994047288,0.009999999999983133,0.1774,0.1815313282809799,-0.004131328280979896,0.1748,0.17946174976959245,-0.004661749769592438,0.0,0.0,7.560809097928856
random_geometric,unweighted,30,correlated,0.3,1.75,1,14.933333333333334,0.32111840193490077,448.0,7828.0,3.9152178467948833,24.331840080982285,0.08999999999999998,0.006160976866235495,0.06980304077396708,4.286360849951903,36.0546358117396,36.054635811739594,-1.9707389071136958e-16,99.26754806453116,99.26754806453114,-1.4315710413199598e-16,63.36995475040902,63.50320141749836,0.0021026789053921195,0.0106,0.0102,0.01024144994047288,0.009999999999983133,0.7744,0.7698312598336393,0.004568740166360663,0.7716,0.7677602768067321,0.0038397231932678633,0.0,0.0,23.154977862407126
random_geometric,unweighted,30,correlated,0.3,3.0,1,14.933333333333334,0.32111840193490077,448.0,7828.0,3.9152178467948833,24.331840080982285,0.08999999999999998,0.006160976866235495,0.06980304077396708,4.286360849951903,36.0546358117396,36.054635811739594,-1.9707389071136958e-16,99.26754806453116,99.26754806453114,-1.4315710413199598e-16,63.36995475040902,63.50320141749836,0.0021026789053921195,0.0106,0.0102,0.01024144994047288,0.009999999999983133,0.9972,0.9963112283031517,0.0008887716968483117,0.9972,0.9962260158330738,0.0009739841669261784,0.0,0.0,68.04728188135972
random_geometric,unweighted,30,correlated,0.3,1.0,2,14.933333333333334,0.31878251134718216,448.0,7818.0,4.500880995031157,25.275541998213015,0.09000000000000001,0.007142765692424275,0.06978115481852436,4.157315093352754,36.037773536388706,36.03777353638872,3.9433220536925695e-16,99.03084463564834,99.03084463564836,2.8699855620713334e-16,62.30807547224006,63.47345331421586,0.018703479976604386,0.0118,0.0096,0.012301473081912206,0.009999999999987241,0.1926,0.19730242492741348,-0.00470242492741349,0.1734,0.17861478223024327,-0.00521478223024327,0.0,0.0,6.834137337744669
random_geometric,unweighted,30,correlated,0.3,1.75,2,14.933333333333334,0.31878251134718216,448.0,7818.0,4.500880995031157,25.275541998213015,0.09000000000000001,0.007142765692424275,0.06978115481852436,4.157315093352754,36.037773536388706,36.03777353638872,3.9433220536925695e-16,99.03084463564834,99.03084463564836,2.8699855620713334e-16,62.30807547224006,63.47345331421586,0.018703479976604386,0.0118,0.0096,0.012301473081912206,0.009999999999987241,0.7842,0.7889218962606921,-0.004721896260692082,0.7662,0.7704685278031619,-0.004268527803161892,0.0,0.0,20.929545596843045
random_geometric,unweighted,30,correlated,0.3,3.0,2,14.933333333333334,0.31878251134718216,448.0,7818.0,4.500880995031157,25.275541998213015,0.09000000000000001,0.007142765692424275,0.06978115481852436,4.157315093352754,36.037773536388706,36.03777353638872,3.9433220536925695e-16,99.03084463564834,99.03084463564836,2.8699855620713334e-16,62.30807547224006,63.47345331421586,0.018703479976604386,0.0118,0.0096,0.012301473081912206,0.009999999999987241,0.9974,0.9975218254795141,-0.00012182547951411493,0.9962,0.996983893254584,-0.000783893254584056,0.0,0.0,61.50723603970203
random_geometric,unweighted,60,iid,0.15,1.0,0,18.633333333333333,0.30263239821803917,1118.0,23858.0,3.0216748594471348,30.877202487961135,0.022499999999999996,1.5419764230904954e-16,0.0,1.0,25.155,25.15499999999999,-4.236987094574241e-16,24.156225,24.15622499999999,-4.4121716188690506e-16,38.07138004529163,38.097323486897984,0.0006814421115149408,0.0076,0.0076,0.010105155929415355,0.010000000000079723,0.696,0.7015378238351714,-0.005537823835171429,0.6944,0.7004623743004724,-0.006062374300472406,0.0,0.0,16.96720224076204
random_geometric,unweighted,60,iid,0.15,1.75,0,18.633333333333333,0.30263239821803917,1118.0,23858.0,3.0216748594471348,30.877202487961135,0.022499999999999996,1.5419764230904954e-16,0.0,1.0,25.155,25.15499999999999,-4.236987094574241e-16,24.156225,24.15622499999999,-4.4121716188690506e-16,38.07138004529163,38.097323486897984,0.0006814421115149408,0.0076,0.0076,0.010105155929415355,0.010000000000079723,0.9994,0.99927292214618,0.00012707785381993464,0.9994,0.9992637197594603,0.0001362802405396879,0.0,0.0,51.962056862333746
random_geometric,unweighted,60,iid,0.15,3.0,0,18.633333333333333,0.30263239821803917,1118.0,23858.0,3.0216748594471348,30.877202487961135,0.022499999999999996,1.5419764230904954e-16,0.0,1.0,25.155,25.15499999999999,-4.236987094574241e-16,24.156225,24.15622499999999,-4.4121716188690506e-16,38.07138004529163,38.097323486897984,0.0006814421115149408,0.0076,0.0076,0.010105155929415355,0.010000000000079723,1.0,0.9999999999999789,2.1094237467877974e-14,1.0,0.9999999999999789,2.1094237467877974e-14,0.0,0.0,152.70482016685835
random_geometric,unweighted,60,iid,0.15,1.0,1,19.733333333333334,0.32943953224439443,1184.0,27084.0,2.9472864987069762,33.66938974989431,0.022499999999999996,1.5419764230904954e-16,0.0,1.0,26.640000000000004,26.639999999999993,-4.000803692342906e-16,27.422549999999994,27.422549999999994,0.0,39.99241401856979,40.45311977837987,0.011519828725421814,0.0118,0.0106,0.011881987733201649,0.010000000000011333,0.7038,0.7075771379837286,-0.0037771379837285846,0.6866,0.6899048870180826,-0.003304887018082625,0.0,0.0,15.971059249039355
random_geometric,unweighted,60,iid,0.15,1.75,1,19.733333333333334,0.32943953224439443,1184.0,27084.0,2.9472864987069762,33.66938974989431,0.022499999999999996,1.5419764230904954e-16,0.0,1.0,26.640000000000004,26.639999999999993,-4.000803692342906e-16,27.422549999999994,27.422549999999994,0.0,39.99241401856979,40.45311977837987,0.011519828725421814,0.0118,0.0106,0.011881987733201649,0.010000000000011333,0.9954,0.9954696339621637,-6.963396216375095e-05,0.9936,0.9947544743534583,-0.001154474353458279,0.0,0.0,48.911368950183025
random_geometric,unweighted,60,iid,0.15,3.0,1,19.733333333333334,0.32943953224439443,1184.0,27084.0,2.9472864987069762,33.66938974989431,0.022499999999999996,1.5419764230904954e-16,0.0,1.0,26.640000000000004,26.639999999999993,-4.000803692342906e-16,27.422549999999994,27.422549999999994,0.0,39.99241401856979,40.45311977837987,0.011519828725421814,0.0118,0.0106,0.011881987733201649,0.010000000000011333,1.0,0.9999999999999879,1.2101430968414206e-14,1.0,0.9999999999999747,2.531308496145357e-14,0.0,0.0,143.7395332413542
random_geometric,unweighted,60,iid,0.15,1.0,2,17.733333333333334,0.2785255104058866,1064.0,21396.0,2.268652930780849,28.963695254283216,0.022499999999999996,1.5419764230904954e-16,0.0,1.0,23.939999999999994,23.939999999999998,1.484007384628447e-16,21.66345,21.663449999999997,-1.6399574762101607e-16,36.04622507031872,36.17384605401859,0.0035404812418195855,0.0102,0.0098,0.0105599929452585,0.01000000000033402,0.725,0.7206613658370227,0.004338634162977306,0.7192,0.7151394136535193,0.004060586346480655,0.0,0.0,18.326796965300165
random_geometric,unweighted,60,iid,0.15,1.75,2,17.733333333333334,0.2785255104058866,1064.0,21396.0,2.268652930780849,28.963695254283216,0.022499999999999996,1.5419764230904954e-16,0.0,1.0,23.939999999999994,23.939999999999998,1.484007384628447e-16,21.66345,21.663449999999997,-1.6399574762101607e-16,36.04622507031872,36.17384605401859,0.0035404812418195855,0.0102,0.0098,0.0105599929452585,0.01000000000033402,0.999,0.9989304603065589,6.953969344114519e-05,0.999,0.9988650520978354,0.00013494790216461716,0.0,0.0,56.12581570623175
random_geometric,unweighted,60,iid,0.15,3.0,2,17.733333333333334,0.2785255104058866,1064.0,21396.0,2.268652930780849,28.963695254283216,0.022499999999999996,1.5419764230904954e-16,0.0,1.0,23.939999999999994,23.939999999999998,1.484007384628447e-16,21.66345,21.663449999999997,-1.6399574762101607e-16,36.04622507031872,36.17384605401859,0.0035404812418195855,0.0102,0.0098,0.0105599929452585,0.01000000000033402,1.0,0.999999999999986,1.3988810110276972e-14,1.0,0.9999999999999858,1.4210854715202004e-14,0.0,0.0,164.9411726877015
random_geometric,unweighted,60,iid,0.3,1.0,0,19.166666666666668,0.3377452200230126,1150.0,25706.0,2.9939023257568937,32.84142887909567,0.08999999999999998,1.5419764230904954e-16,0.0,1.0,103.5,103.49999999999997,-2.7460588821646383e-16,416.43719999999985,416.43719999999985,0.0,154.90478933810758,157.35922036527285,0.01584477173141518,0.0138,0.0102,0.012646884915336443,0.010000000000003895,0.0954,0.10214121159451668,-0.006741211594516683,0.084,0.08832691861417725,-0.00432691861417725,0.0,0.0,4.406558952509968
random_geometric,unweighted,60,iid,0.3,1.75,0,19.166666666666668,0.3377452200230126,1150.0,25706.0,2.9939023257568937,32.84142887909567,0.08999999999999998,1.5419764230904954e-16,0.0,1.0,103.5,103.49999999999997,-2.7460588821646383e-16,416.43719999999985,416.43719999999985,0.0,154.90478933810758,157.35922036527285,0.01584477173141518,0.0138,0.0102,0.012646884915336443,0.010000000000003895,0.535,0.540657747909597,-0.005657747909596944,0.5082,0.5124313022180976,-0.004231302218097643,0.0,0.0,13.495086792061779
random_geometric,unweighted,60,iid,0.3,3.0,0,19.166666666666668,0.3377452200230126,1150.0,25706.0,2.9939023257568937,32.84142887909567,0.08999999999999998,1.5419764230904954e-16,0.0,1.0,103.5,103.49999999999997,-2.7460588821646383e-16,416.43719999999985,416.43719999999985,0.0,154.90478933810758,157.35922036527285,0.01584477173141518,0.0138,0.0102,0.012646884915336443,0.010000000000003895,0.9808,0.9813537084091811,-0.0005537084091811195,0.979,0.9780825762485859,0.0009174237514141259,0.0,0.0,39.65903057258971
random_geometric,unweighted,60,iid,0.3,1.0,1,17.466666666666665,0.29107902236545985,1048.0,20904.0,2.2643937735837305,32.23280795488067,0.08999999999999998,1.5419764230904954e-16,0.0,1.0,94.32,94.31999999999998,-1.506663985920484e-16,338.6448,338.6447999999999,-1.6785557864998376e-16,143.24290725525339,142.78115209099803,-0.0032235813493544973,0.0104,0.0108,0.009514115636722997,0.010000000000138065,0.0896,0.0854481684603681,0.004151831539631903,0.092,0.08816320801522,0.0038367919847799997,0.0,0.0,4.665091201677317
random_geometric,unweighted,60,iid,0.3,1.75,1,17.466666666666665,0.29107902236545985,1048.0,20904.0,2.2643937735837305,32.23280795488067,0.08999999999999998,1.5419764230904954e-16,0.0,1.0,94.32,94.31999999999998,-1.506663985920484e-16,338.6448,338.6447999999999,-1.6785557864998376e-16,143.24290725525339,142.78115209099803,-0.0032235813493544973,0.0104,0.0108,0.009514115636722997,0.010000000000138065,0.5164,0.5194835676123771,-0.0030835676123771583,0.526,0.5256611085879455,0.00033889141205456497,0.0,0.0,14.28684180513679
random_geometric,unweighted,60,iid,0.3,3.0,1,17.466666666666665,0.29107902236545985,1048.0,20904.0,2.2643937735837305,32.23280795488067,0.08999999999999998,1.5419764230904954e-16,0.0,1.0,94.32,94.31999999999998,-1.506663985920484e-16,338.6448,338.6447999999999,-1.6785557864998376e-16,143.24290725525339,142.78115209099803,-0.0032235813493544973,0.0104,0.0108,0.009514115636722997,0.010000000000138065,0.9924,0.9912812534388123,0.0011187465611876002,0.9928,0.991651336662645,0.0011486633373549715,0.0,0.0,41.98582081509586
random_geometric,unweighted,60,iid,0.3,1.0,2,17.733333333333334,0.3270136503658232,1064.0,21950.0,2.864627379584015,30.56130975197763,0.08999999999999998,1.5419764230904954e-16,0.0,1.0,95.75999999999998,95.75999999999999,1.484007384628447e-16,355.59,355.59,0.0,145.38273353267562,145.49789687935905,0.0007921390930343703,0.01,0.01,0.010121266685681363,0.010000000000005449,0.0908,0.08891329167184282,0.0018867083281571828,0.0904,0.08824858933655069,0.002151410663449302,0.0,0.0,4.145563330220581
random_geometric,unweighted,60,iid,0.3,1.75,2,17.733333333333334,0.3270136503658232,1064.0,21950.0,2.864627379584015,30.56130975197763,0.08999999999999998,1.5419764230904954e-16,0.0,1.0,95.75999999999998,95.75999999999999,1.484007384628447e-16,355.59,355.59,0.0,145.38273353267562,145.49789687935905,0.0007921390930343703,0.01,0.01,0.010121266685681363,0.010000000000005449,0.5162,0.5171993095084482,-0.0009993095084481762,0.5152,0.5157613482194018,-0.0005613482194017916,0.0,0.0,12.69578769880053
random_geometric,unweighted,60,iid,0.3,3.0,2,17.733333333333334,0.3270136503658232,1064.0,21950.0,2.864627379584015,30.56130975197763,0.08999999999999998,1.5419764230904954e-16,0.0,1.0,95.75999999999998,95.75999999999999,1.484007384628447e-16,355.59,355.59,0.0,145.38273353267562,145.49789687935905,0.0007921390930343703,0.01,0.01,0.010121266685681363,0.010000000000005449,0.9776,0.977969993773121,-0.00036999377312096904,0.9774,0.9778002060362229,-0.0004002060362228166,0.0,0.0,37.31006997198522
random_geometric,unweighted,60,heteroscedastic,0.15,1.0,0,21.933333333333334,0.37577044280913285,1316.0,34256.0,3.70572464517004,38.37678000807923,0.022500000000000003,0.44754565287795367,0.0,5.444444444444444,29.484574165701655,29.48457416570166,1.2049397962590368e-16,41.20372545990272,41.20372545990273,1.7244623582679743e-16,46.40743195459185,46.98979278029975,0.012548869893893774,0.0146,0.0128,0.011771410802398019,0.009999999998856146,0.622,0.6257524346012027,-0.00375243460120267,0.6028,0.60777397874998,-0.004973978749979957,0.0,0.0,23.139852566899414
random_geometric,unweighted,60,heteroscedastic,0.15,1.75,0,21.933333333333334,0.37577044280913285,1316.0,34256.0,3.70572464517004,38.37678000807923,0.022500000000000003,0.44754565287795367,0.0,5.444444444444444,29.484574165701655,29.48457416570166,1.2049397962590368e-16,41.20372545990272,41.20372545990273,1.7244623582679743e-16,46.40743195459185,46.98979278029975,0.012548869893893774,0.0146,0.0128,0.011771410802398019,0.009999999998856146,0.9814,0.9823689637884114,-0.0009689637884113811,0.9784,0.9797841575714583,-0.0013841575714582666,0.0,0.0,70.86579848612946
random_geometric,unweighted,60,heteroscedastic,0.15,3.0,0,21.933333333333334,0.37577044280913285,1316.0,34256.0,3.70572464517004,38.37678000807923,0.022500000000000003,0.44754565287795367,0.0,5.444444444444444,29.484574165701655,29.48457416570166,1.2049397962590368e-16,41.20372545990272,41.20372545990273,1.7244623582679743e-16,46.40743195459185,46.98979278029975,0.012548869893893774,0.0146,0.0128,0.011771410802398019,0.009999999998856146,1.0,0.9999999999436816,5.631839439246278e-11,1.0,0.9999999999193121,8.068790080528743e-11,0.0,0.0,208.25867310209472
random_geometric,unweighted,60,heteroscedastic,0.15,1.0,1,20.166666666666668,0.3426115766272953,1210.0,28476.0,3.3709186577188746,35.37860657353889,0.0225,0.4475456528779538,0.0,5.444444444444444,26.653378086985562,26.65337808698557,2.6658637169411836e-16,32.35426421479581,32.354264214795805,-2.1961331929630607e-16,42.57118094461399,42.04636966605511,-0.012327853418999028,0.01,0.011,0.008426442034049242,0.009999999834191253,0.6136,0.6210269193905806,-0.0074269193905806,0.6324,0.6401942039948687,-0.0077942039948687425,0.0,0.0,21.361185224938875
random_geometric,unweighted,60,heteroscedastic,0.15,1.75,1,20.166666666666668,0.3426115766272953,1210.0,28476.0,3.3709186577188746,35.37860657353889,0.0225,0.4475456528779538,0.0,5.444444444444444,26.653378086985562,26.65337808698557,2.6658637169411836e-16,32.35426421479581,32.354264214795805,-2.1961331929630607e-16,42.57118094461399,42.04636966605511,-0.012327853418999028,0.01,0.011,0.008426442034049242,0.009999999834191253,0.9816,0.979766166715919,0.0018338332840810434,0.9826,0.9810100169467116,0.0015899830532883907,0.0,0.0,65.41862975137529
random_geometric,unweighted,60,heteroscedastic,0.15,3.0,1,20.166666666666668,0.3426115766272953,1210.0,28476.0,3.3709186577188746,35.37860657353889,0.0225,0.4475456528779538,0.0,5.444444444444444,26.653378086985562,26.65337808698557,2.6658637169411836e-16,32.35426421479581,32.354264214795805,-2.1961331929630607e-16,42.57118094461399,42.04636966605511,-0.012327853418999028,0.01,0.011,0.008426442034049242,0.009999999834191253,1.0,0.9999792629183613,2.0737081638744215e-05,1.0,0.9999848311814259,1.5168818574107235e-05,0.0,0.0,192.25066702444985
random_geometric,unweighted,60,heteroscedastic,0.15,1.0,2,19.1,0.3120494980155164,1146.0,25166.0,3.3331467762687126,32.579821397671466,0.02249999999999999,0.4475456528779539,0.0,5.444444444444444,26.07041857400597,26.070418574005974,1.3627374906603167e-16,32.1291137916556,32.12911379165561,4.423045966145749e-16,41.477336900777836,41.49670421208154,0.00046693719391951646,0.0108,0.0108,0.010062433033712403,0.00999999999911766,0.611,0.6084473317271196,0.002552668272880365,0.6108,0.6076546841687701,0.0031453158312299,0.0,0.0,23.7372436689489
random_geometric,unweighted,60,heteroscedastic,0.15,1.75,2,19.1,0.3120494980155164,1146.0,25166.0,3.3331467762687126,32.579821397671466,0.02249999999999999,0.4475456528779539,0.0,5.444444444444444,26.07041857400597,26.070418574005974,1.3627374906603167e-16,32.1291137916556,32.12911379165561,4.423045966145749e-16,41.477336900777836,41.49670421208154,0.00046693719391951646,0.0108,0.0108,0.010062433033712403,0.00999999999911766,0.9898,0.990886163610319,-0.0010861636103189909,0.9896,0.9908454938911737,-0.0012454938911736768,0.0,0.0,72.69530873615604
random_geometric,unweighted,60,heteroscedastic,0.15,3.0,2,19.1,0.3120494980155164,1146.0,25166.0,3.3331467762687126,32.579821397671466,0.02249999999999999,0.4475456528779539,0.0,5.444444444444444,26.07041857400597,26.070418574005974,1.3627374906603167e-16,32.1291137916556,32.12911379165561,4.423045966145749e-16,41.477336900777836,41.49670421208154,0.00046693719391951646,0.0108,0.0108,0.010062433033712403,0.00999999999911766,1.0,0.9999999998139251,1.860749332394107e-10,1.0,0.9999999998100334,1.8996659800762927e-10,0.0,0.0,213.63519302054013
random_geometric,unweighted,60,heteroscedastic,0.3,1.0,0,20.466666666666665,0.33985666353804544,1228.0,29264.0,2.53632354721357,34.471409116865146,0.09000000000000002,0.4475456528779536,0.0,5.444444444444444,111.25316523336396,111.25316523336396,0.0,577.826540279841,577.826540279841,0.0,179.40853505846894,176.5444915549409,-0.015963808536726888,0.0072,0.0092,0.008033379617608583,0.009999999982068464,0.0608,0.057792529333922996,0.0030074706660770043,0.0702,0.06748773779570888,0.0027122622042911188,0.0,0.0,6.375463914204497
random_geometric,unweighted,60,heteroscedastic,0.3,1.75,0,20.466666666666665,0.33985666353804544,1228.0,29264.0,2.53632354721357,34.471409116865146,0.09000000000000002,0.4475456528779536,0.0,5.444444444444444,111.25316523336396,111.25316523336396,0.0,577.826540279841,577.826540279841,0.0,179.40853505846894,176.5444915549409,-0.015963808536726888,0.0072,0.0092,0.008033379617608583,0.009999999982068464,0.4146,0.4113442369535199,0.00325576304648012,0.443,0.43935019043515905,0.0036498095648409556,0.0,0.0,19.524858237251273
random_geometric,unweighted,60,heteroscedastic,0.3,3.0,0,20.466666666666665,0.33985666353804544,1228.0,29264.0,2.53632354721357,34.471409116865146,0.09000000000000002,0.4475456528779536,0.0,5.444444444444444,111.25316523336396,111.25316523336396,0.0,577.826540279841,577.826540279841,0.0,179.40853505846894,176.5444915549409,-0.015963808536726888,0.0072,0.0092,0.008033379617608583,0.009999999982068464,0.9356,0.9357978070991088,-0.00019780709910877103,0.9406,0.941671109858446,-0.001071109858446051,0.0,0.0,57.37917522784048
random_geometric,unweighted,60,heteroscedastic,0.3,1.0,1,20.1,0.31025794681928087,1206.0,27780.0,2.020016552860377,36.304051604813964,0.08999999999999998,0.4475456528779538,0.0,5.444444444444444,106.60517332132962,106.60517332132963,1.3330361250262785e-16,498.0046602391195,498.0046602391196,1.1414234323332307e-16,166.74153337434112,166.44384113876905,-0.0017853514331293886,0.0084,0.0084,0.00975026867741352,0.009999999999964648,0.0768,0.07445300779719387,0.002346992202806125,0.0778,0.07573623918576923,0.002063760814230764,0.0,0.0,6.354636347623919
random_geometric,unweighted,60,heteroscedastic,0.3,1.75,1,20.1,0.31025794681928087,1206.0,27780.0,2.020016552860377,36.304051604813964,0.08999999999999998,0.4475456528779538,0.0,5.444444444444444,106.60517332132962,106.60517332132963,1.3330361250262785e-16,498.0046602391195,498.0046602391196,1.1414234323332307e-16,166.74153337434112,166.44384113876905,-0.0017853514331293886,0.0084,0.0084,0.00975026867741352,0.009999999999964648,0.4862,0.4782903951822428,0.00790960481775721,0.4894,0.4815663363187576,0.007833663681242387,0.0,0.0,19.461073814598244
random_geometric,unweighted,60,heteroscedastic,0.3,3.0,1,20.1,0.31025794681928087,1206.0,27780.0,2.020016552860377,36.304051604813964,0.08999999999999998,0.4475456528779538,0.0,5.444444444444444,106.60517332132962,106.60517332132963,1.3330361250262785e-16,498.0046602391195,498.0046602391196,1.1414234323332307e-16,166.74153337434112,166.44384113876905,-0.0017853514331293886,0.0084,0.0084,0.00975026867741352,0.009999999999964648,0.9768,0.9742456873539026,0.002554312646097401,0.977,0.9746109769860082,0.002389023013991798,0.0,0.0,57.19172712861527
random_geometric,unweighted,60,heteroscedastic,0.3,1.0,2,20.5,0.32970461906355836,1230.0,29186.0,3.0186633847583795,34.88239004529277,0.09000000000000001,0.4475456528779538,0.0,5.444444444444444,108.5656169251936,108.5656169251936,0.0,525.8980615135436,525.8980615135434,-2.1617656736444963e-16,170.55836844801232,170.42029256482022,-0.0008095520873500155,0.0102,0.0102,0.009888559570473132,0.009999999999989961,0.0682,0.07321424229047563,-0.005014242290475632,0.0692,0.07378101862268972,-0.004581018622689725,0.0,0.0,5.702805410610745
random_geometric,unweighted,60,heteroscedastic,0.3,1.75,2,20.5,0.32970461906355836,1230.0,29186.0,3.0186633847583795,34.88239004529277,0.09000000000000001,0.4475456528779538,0.0,5.444444444444444,108.5656169251936,108.5656169251936,0.0,525.8980615135436,525.8980615135434,-2.1617656736444963e-16,170.55836844801232,170.42029256482022,-0.0008095520873500155,0.0102,0.0102,0.009888559570473132,0.009999999999989961,0.474,0.4726329271702081,0.001367072829791871,0.4764,0.4740884699682748,0.002311530031725184,0.0,0.0,17.464841569995404
random_geometric,unweighted,60,heteroscedastic,0.3,3.0,2,20.5,0.32970461906355836,1230.0,29186.0,3.0186633847583795,34.88239004529277,0.09000000000000001,0.4475456528779538,0.0,5.444444444444444,108.5656169251936,108.5656169251936,0.0,525.8980615135436,525.8980615135434,-2.1617656736444963e-16,170.55836844801232,170.42029256482022,-0.0008095520873500155,0.0102,0.0102,0.009888559570473132,0.009999999999989961,0.9662,0.9578593849278165,0.008340615072183422,0.9664,0.9580284313546731,0.008371568645326954,0.0,0.0,51.325248695496704
random_geometric,unweighted,60,correlated,0.15,1.0,0,20.2,0.3027232107917346,1212.0,27938.0,3.4030974285977935,32.9144225255541,0.0225,0.0055437465891884545,0.035494158557467945,4.109972056644217,25.0841841050918,25.08418410509179,-4.2489486569499474e-16,23.48153137719769,23.481531377197662,-1.2103856845556332e-15,37.987849763857376,37.81945907188299,-0.004432751340787887,0.0094,0.0096,0.00932934534783142,0.010000000003445975,0.7448,0.7525362195258555,-0.007736219525855459,0.7502,0.7588810174865003,-0.008681017486500298,0.0,0.0,25.962810712965688
random_geometric,unweighted,60,correlated,0.15,1.75,0,20.2,0.3027232107917346,1212.0,27938.0,3.4030974285977935,32.9144225255541,0.0225,0.0055437465891884545,0.035494158557467945,4.109972056644217,25.0841841050918,25.08418410509179,-4.2489486569499474e-16,23.48153137719769,23.481531377197662,-1.2103856845556332e-15,37.987849763857376,37.81945907188299,-0.004432751340787887,0.0094,0.0096,0.00932934534783142,0.010000000003445975,0.9996,0.9998102758124429,-0.00021027581244281723,0.9996,0.9998274305373326,-0.00022743053733254026,0.0,0.0,79.5111078084574
random_geometric,unweighted,60,correlated,0.15,3.0,0,20.2,0.3027232107917346,1212.0,27938.0,3.4030974285977935,32.9144225255541,0.0225,0.0055437465891884545,0.035494158557467945,4.109972056644217,25.0841841050918,25.08418410509179,-4.2489486569499474e-16,23.48153137719769,23.481531377197662,-1.2103856845556332e-15,37.987849763857376,37.81945907188299,-0.004432751340787887,0.0094,0.0096,0.00932934534783142,0.010000000003445975,1.0,0.9999999999999993,6.661338147750939e-16,1.0,0.9999999999999304,6.961098364399732e-14,0.0,0.0,233.66529641669112
random_geometric,unweighted,60,correlated,0.15,1.0,1,21.766666666666666,0.2755700068644255,1306.0,31892.0,3.2763555740648886,34.55524767001349,0.0225,0.004697063054143153,0.03569952768828922,4.051437187362675,27.130588021378475,27.130588021378504,1.0475891421154657e-15,27.07065112859157,27.07065112859163,2.231055775227332e-15,40.7562412601232,40.76881191588332,0.00030843511009493796,0.0112,0.0112,0.010048559518369804,0.010000000025942146,0.7666,0.7764121085985612,-0.009812108598561298,0.7662,0.7759940328946162,-0.009794032894616223,0.0,0.0,24.81262278689743
random_geometric,unweighted,60,correlated,0.15,1.75,1,21.766666666666666,0.2755700068644255,1306.0,31892.0,3.2763555740648886,34.55524767001349,0.0225,0.004697063054143153,0.03569952768828922,4.051437187362675,27.130588021378475,27.130588021378504,1.0475891421154657e-15,27.07065112859157,27.07065112859163,2.231055775227332e-15,40.7562412601232,40.76881191588332,0.00030843511009493796,0.0112,0.0112,0.010048559518369804,0.010000000025942146,0.9982,0.9975356388538018,0.0006643611461981669,0.9982,0.997525371976735,0.0006746280232650115,0.0,0.0,75.98865728487338
random_geometric,unweighted,60,correlated,0.15,3.0,1,21.766666666666666,0.2755700068644255,1306.0,31892.0,3.2763555740648886,34.55524767001349,0.0225,0.004697063054143153,0.03569952768828922,4.051437187362675,27.130588021378475,27.130588021378504,1.0475891421154657e-15,27.07065112859157,27.07065112859163,2.231055775227332e-15,40.7562412601232,40.76881191588332,0.00030843511009493796,0.0112,0.0112,0.010048559518369804,0.010000000025942146,1.0,0.9999999999998859,1.141309269314661e-13,1.0,0.9999999999998858,1.142419492339286e-13,0.0,0.0,223.3136050820769
random_geometric,unweighted,60,correlated,0.15,1.0,2,23.433333333333334,0.3981431337525243,1406.0,39576.0,2.163015021476232,39.33955455561432,0.022500000000000003,0.01056467359137409,0.035126500142159976,4.307388087340741,29.394387916221653,29.394387916221635,-6.043183632410139e-16,34.13485620799816,34.13485620799811,-1.4571027105001505e-15,44.882893700622624,44.82422362217643,-0.001307181280189544,0.0118,0.012,0.009803981374047699,0.009999999999999953,0.6946,0.699624639228117,-0.005024639228117023,0.6966,0.7013121441225876,-0.00471214412258758,0.0,0.0,27.37590496144055
random_geometric,unweighted,60,correlated,0.15,1.75,2,23.433333333333334,0.3981431337525243,1406.0,39576.0,2.163015021476232,39.33955455561432,0.022500000000000003,0.01056467359137409,0.035126500142159976,4.307388087340741,29.394387916221653,29.394387916221635,-6.043183632410139e-16,34.13485620799816,34.13485620799811,-1.4571027105001505e-15,44.882893700622624,44.82422362217643,-0.001307181280189544,0.0118,0.012,0.009803981374047699,0.009999999999999953,0.973,0.9717035554190864,0.0012964445809136027,0.9732,0.9718804383193943,0.001319561680605652,0.0,0.0,83.83870894441169
random_geometric,unweighted,60,correlated,0.15,3.0,2,23.433333333333334,0.3981431337525243,1406.0,39576.0,2.163015021476232,39.33955455561432,0.022500000000000003,0.01056467359137409,0.035126500142159976,4.307388087340741,29.394387916221653,29.394387916221635,-6.043183632410139e-16,34.13485620799816,34.13485620799811,-1.4571027105001505e-15,44.882893700622624,44.82422362217643,-0.001307181280189544,0.0118,0.012,0.009803981374047699,0.009999999999999953,0.9992,0.9995582913886351,-0.00035829138863507914,0.9994,0.9995697728350751,-0.00016977283507513263,0.0,0.0,246.38314465296494
random_geometric,unweighted,60,correlated,0.3,1.0,0,19.6,0.3243175429510924,1176.0,26650.0,3.658130779916381,33.524422217252706,0.09000000000000001,0.00459958829169599,0.035271729382553456,4.166171075895537,97.27986452927419,97.27986452927415,-4.382465410689043e-16,357.42535802558854,357.42535802558825,-7.951788755953141e-16,147.25839201683183,147.03771155127572,-0.00149859347595545,0.0108,0.011,0.009770782234466868,0.010000000000532028,0.1012,0.10182904752151872,-0.0006290475215187247,0.1026,0.10323713087340605,-0.0006371308734060555,0.0,0.0,5.889107549224957
random_geometric,unweighted,60,correlated,0.3,1.75,0,19.6,0.3243175429510924,1176.0,26650.0,3.658130779916381,33.524422217252706,0.09000000000000001,0.00459958829169599,0.035271729382553456,4.166171075895537,97.27986452927419,97.27986452927415,-4.382465410689043e-16,357.42535802558854,357.42535802558825,-7.951788755953141e-16,147.25839201683183,147.03771155127572,-0.00149859347595545,0.0108,0.011,0.009770782234466868,0.010000000000532028,0.5656,0.579777249900592,-0.014177249900591993,0.5682,0.5824467894015722,-0.014246789401572202,0.0,0.0,18.035391869501424
random_geometric,unweighted,60,correlated,0.3,3.0,0,19.6,0.3243175429510924,1176.0,26650.0,3.658130779916381,33.524422217252706,0.09000000000000001,0.00459958829169599,0.035271729382553456,4.166171075895537,97.27986452927419,97.27986452927415,-4.382465410689043e-16,357.42535802558854,357.42535802558825,-7.951788755953141e-16,147.25839201683183,147.03771155127572,-0.00149859347595545,0.0108,0.011,0.009770782234466868,0.010000000000532028,0.9846,0.9843644673897238,0.0002355326102762012,0.9846,0.9845854819869415,1.4518013058517631e-05,0.0,0.0,53.00196794302461
random_geometric,unweighted,60,correlated,0.3,1.0,1,19.466666666666665,0.26184636785774357,1168.0,25464.0,2.9595337384292915,33.49649399525895,0.09000000000000001,0.004393487488344631,0.03549638229827371,4.151101352518747,96.30036831905802,96.30036831905802,0.0,339.17662935217305,339.176629352173,-1.6759238090601606e-16,145.33216164092588,144.54671969368135,-0.005404460639518481,0.0098,0.011,0.009176483379362055,0.010000000059404213,0.0898,0.09961177625880742,-0.009811776258807414,0.0944,0.10488648849138069,-0.010486488491380688,0.0,0.0,6.066815523853916
random_geometric,unweighted,60,correlated,0.3,1.75,1,19.466666666666665,0.26184636785774357,1168.0,25464.0,2.9595337384292915,33.49649399525895,0.09000000000000001,0.004393487488344631,0.03549638229827371,4.151101352518747,96.30036831905802,96.30036831905802,0.0,339.17662935217305,339.176629352173,-1.6759238090601606e-16,145.33216164092588,144.54671969368135,-0.005404460639518481,0.0098,0.011,0.009176483379362055,0.010000000059404213,0.603,0.6041658848574369,-0.0011658848574369607,0.614,0.6142951196407258,-0.0002951196407258161,0.0,0.0,18.579622541802625
random_geometric,unweighted,60,correlated,0.3,3.0,1,19.466666666666665,0.26184636785774357,1168.0,25464.0,2.9595337384292915,33.49649399525895,0.09000000000000001,0.004393487488344631,0.03549638229827371,4.151101352518747,96.30036831905802,96.30036831905802,0.0,339.17662935217305,339.176629352173,-1.6759238090601606e-16,145.33216164092588,144.54671969368135,-0.005404460639518481,0.0098,0.011,0.009176483379362055,0.010000000059404213,0.9866,0.9873118953791753,-0.0007118953791752647,0.9872,0.9878591016901093,-0.0006591016901092983,0.0,0.0,54.601339714685245
random_geometric,unweighted,60,correlated,0.3,1.0,2,21.0,0.26881223022243234,1260.0,29632.0,3.906711475829391,37.35121583911349,0.09,0.004261012903969927,0.03569537732005624,4.096724847021205,104.68701742445565,104.68701742445572,6.787305181111333e-16,401.0835413014482,401.0835413014489,1.8424202668418897e-15,157.9295964073203,157.1867758484913,-0.0047034917819531565,0.009,0.0094,0.009281582725728488,0.010000000060155112,0.1004,0.09892200817727058,0.0014779918227294242,0.104,0.10346159112699059,0.000538408873009405,0.0,0.0,6.067934837165894
random_geometric,unweighted,60,correlated,0.3,1.75,2,21.0,0.26881223022243234,1260.0,29632.0,3.906711475829391,37.35121583911349,0.09,0.004261012903969927,0.03569537732005624,4.096724847021205,104.68701742445565,104.68701742445572,6.787305181111333e-16,401.0835413014482,401.0835413014489,1.8424202668418897e-15,157.9295964073203,157.1867758484913,-0.0047034917819531565,0.009,0.0094,0.009281582725728488,0.010000000060155112,0.61,0.5974913305500336,0.012508669449966425,0.6192,0.6063402757415208,0.012859724258479144,0.0,0.0,18.583050438820553
random_geometric,unweighted,60,correlated,0.3,3.0,2,21.0,0.26881223022243234,1260.0,29632.0,3.906711475829391,37.35121583911349,0.09,0.004261012903969927,0.03569537732005624,4.096724847021205,104.68701742445565,104.68701742445572,6.787305181111333e-16,401.0835413014482,401.0835413014489,1.8424202668418897e-15,157.9295964073203,157.1867758484913,-0.0047034917819531565,0.009,0.0094,0.009281582725728488,0.010000000060155112,0.9926,0.9902749042676934,0.002325095732306659,0.993,0.9907497930918079,0.0022502069081921094,0.0,0.0,54.61141353449306
random_geometric,weighted,15,iid,0.15,1.0,0,9.46003700414177,0.27819197386723493,141.90055506212653,1600.1920839956895,3.355667973660592,15.95792693095669,0.022500000000000003,1.541976423090495e-16,0.0,1.0,3.1927624888978468,3.1927624888978476,2.781849332008181e-16,1.6201944850456353,1.6201944850456356,1.370481179725637e-16,6.956216211598282,6.92129052439778,-0.005020788045988225,0.0086,0.0094,0.009581920165848357,0.00999999999112855,0.9316,0.9276114651216145,0.0039885348783854635,0.933,0.9292734375094721,0.0037265624905279404,0.0,0.0,21.085538901091454
random_geometric,weighted,15,iid,0.15,1.75,0,9.46003700414177,0.27819197386723493,141.90055506212653,1600.1920839956895,3.355667973660592,15.95792693095669,0.022500000000000003,1.541976423090495e-16,0.0,1.0,3.1927624888978468,3.1927624888978476,2.781849332008181e-16,1.6201944850456353,1.6201944850456356,1.370481179725637e-16,6.956216211598282,6.92129052439778,-0.005020788045988225,0.0086,0.0094,0.009581920165848357,0.00999999999112855,1.0,0.9999961751793465,3.824820653530736e-06,1.0,0.9999964954329095,3.5045670905287096e-06,0.0,0.0,64.5744628845926
random_geometric,weighted,15,iid,0.15,3.0,0,9.46003700414177,0.27819197386723493,141.90055506212653,1600.1920839956895,3.355667973660592,15.95792693095669,0.022500000000000003,1.541976423090495e-16,0.0,1.0,3.1927624888978468,3.1927624888978476,2.781849332008181e-16,1.6201944850456353,1.6201944850456356,1.370481179725637e-16,6.956216211598282,6.92129052439778,-0.005020788045988225,0.0086,0.0094,0.009581920165848357,0.00999999999112855,1.0,0.9999999999820706,1.7929435713881503e-11,1.0,0.9999999999820575,1.794253634557208e-11,0.0,0.0,189.76985010982312
random_geometric,weighted,15,iid,0.15,1.0,1,9.083369514067956,0.28160905081005244,136.25054271101934,1486.0683590895237,3.689878806878646,17.379571811062725,0.022500000000000003,1.541976423090495e-16,0.0,1.0,3.0656372109979344,3.0656372109979344,0.0,1.5046442135781426,1.5046442135781424,-1.4757283012240792e-16,6.696148683662339,6.6831116805358874,-0.0019469405089914123,0.0092,0.0094,0.009839834259415703,0.009999999998695608,0.9468,0.9501202767772199,-0.0033202767772199104,0.9474,0.9507006094441707,-0.0033006094441706546,0.0,0.0,19.408679167659805
random_geometric,weighted,15,iid,0.15,1.75,1,9.083369514067956,0.28160905081005244,136.25054271101934,1486.0683590895237,3.689878806878646,17.379571811062725,0.022500000000000003,1.541976423090495e-16,0.0,1.0,3.0656372109979344,3.0656372109979344,0.0,1.5046442135781426,1.5046442135781424,-1.4757283012240792e-16,6.696148683662339,6.6831116805358874,-0.0019469405089914123,0.0092,0.0094,0.009839834259415703,0.009999999998695608,1.0,0.9999999870587186,1.2941281379852398e-08,1.0,0.9999999875376125,1.2462387455336454e-08,0.0,0.0,59.43907995095815
random_geometric,weighted,15,iid,0.15,3.0,1,9.083369514067956,0.28160905081005244,136.25054271101934,1486.0683590895237,3.689878806878646,17.379571811062725,0.022500000000000003,1.541976423090495e-16,0.0,1.0,3.0656372109979344,3.0656372109979344,0.0,1.5046442135781426,1.5046442135781424,-1.4757283012240792e-16,6.696148683662339,6.6831116805358874,-0.0019469405089914123,0.0092,0.0094,0.009839834259415703,0.009999999998695608,1.0,0.9999999999999997,3.3306690738754696e-16,1.0,0.9999999999999997,3.3306690738754696e-16,0.0,0.0,174.67811250893828
random_geometric,weighted,15,iid,0.15,1.0,2,10.232194124289668,0.16428291370477627,153.48291186434503,1773.5007982389034,5.2893289045716525,14.504728232107517,0.022500000000000003,1.541976423090495e-16,0.0,1.0,3.4533655169477626,3.4533655169477626,0.0,1.7956695582168891,1.7956695582168893,1.236556046233378e-16,7.248603311508347,7.337197240748733,0.012222206876699688,0.0128,0.0118,0.011110738105133466,0.009999999972958862,0.9734,0.9736418381725094,-0.00024183817250933437,0.9708,0.9713881445758115,-0.0005881445758114667,0.0,0.0,16.097221206486704
random_geometric,weighted,15,iid,0.15,1.75,2,10.232194124289668,0.16428291370477627,153.48291186434503,1773.5007982389034,5.2893289045716525,14.504728232107517,0.022500000000000003,1.541976423090495e-16,0.0,1.0,3.4533655169477626,3.4533655169477626,0.0,1.7956695582168891,1.7956695582168893,1.236556046233378e-16,7.248603311508347,7.337197240748733,0.012222206876699688,0.0128,0.0118,0.011110738105133466,0.009999999972958862,1.0,0.9999999995406157,4.5938430837111355e-10,1.0,0.9999999994153069,5.846930717368082e-10,0.0,0.0,49.29773994486553
random_geometric,weighted,15,iid,0.15,3.0,2,10.232194124289668,0.16428291370477627,153.48291186434503,1773.5007982389034,5.2893289045716525,14.504728232107517,0.022500000000000003,1.541976423090495e-16,0.0,1.0,3.4533655169477626,3.4533655169477626,0.0,1.7956695582168891,1.7956695582168893,1.236556046233378e-16,7.248603311508347,7.337197240748733,0.012222206876699688,0.0128,0.0118,0.011110738105133466,0.009999999972958862,1.0,0.9999999999918493,8.150702335285587e-12,1.0,0.9999999999914463,8.553713293224519e-12,0.0,0.0,144.87499085838036
random_geometric,weighted,15,iid,0.3,1.0,0,8.156833921233668,0.3095427874749152,122.35250881850502,1223.6609091803377,1.52901603858528,13.711921694846396,0.09000000000000001,1.541976423090495e-16,0.0,1.0,11.01172579366545,11.011725793665452,1.613150266075558e-16,19.82330672872147,19.82330672872147,0.0,24.576118608409878,24.086338762849923,-0.01992909675298986,0.008,0.0098,0.008429671471873346,0.009999999987850672,0.1978,0.2120119169824778,-0.014211916982477785,0.2166,0.2285784904951392,-0.011978490495139216,0.0,0.0,5.5176231127924344
random_geometric,weighted,15,iid,0.3,1.75,0,8.156833921233668,0.3095427874749152,122.35250881850502,1223.6609091803377,1.52901603858528,13.711921694846396,0.09000000000000001,1.541976423090495e-16,0.0,1.0,11.01172579366545,11.011725793665452,1.613150266075558e-16,19.82330672872147,19.82330672872147,0.0,24.576118608409878,24.086338762849923,-0.01992909675298986,0.008,0.0098,0.008429671471873346,0.009999999987850672,0.814,0.8113179566534616,0.002682043346538321,0.826,0.8227255481482885,0.0032744518517114907,0.0,0.0,16.897720782926832
random_geometric,weighted,15,iid,0.3,3.0,0,8.156833921233668,0.3095427874749152,122.35250881850502,1223.6609091803377,1.52901603858528,13.711921694846396,0.09000000000000001,1.541976423090495e-16,0.0,1.0,11.01172579366545,11.011725793665452,1.613150266075558e-16,19.82330672872147,19.82330672872147,0.0,24.576118608409878,24.086338762849923,-0.01992909675298986,0.008,0.0098,0.008429671471873346,0.009999999987850672,0.973,0.9705242348736398,0.002475765126360163,0.9758,0.972892129438835,0.002907870561165038,0.0,0.0,49.65860801513192
random_geometric,weighted,15,iid,0.3,1.0,1,9.088036255091025,0.32440090908359576,136.32054382636537,1522.7335793208495,2.9918528077329514,15.864801739359756,0.09000000000000001,1.541976423090495e-16,0.0,1.0,12.268848944372882,12.26884894437288,-1.4478594100019285e-16,24.668283984997753,24.668283984997757,1.4401949000429526e-16,27.797056271832332,26.897090269348695,-0.032376306098124585,0.0054,0.0096,0.007560323037531624,0.009999999994632525,0.2094,0.199421719509998,0.00997828049000199,0.2346,0.22547207778669087,0.009127922213309131,0.0,0.0,5.435753159931747
random_geometric,weighted,15,iid,0.3,1.75,1,9.088036255091025,0.32440090908359576,136.32054382636537,1522.7335793208495,2.9918528077329514,15.864801739359756,0.09000000000000001,1.541976423090495e-16,0.0,1.0,12.268848944372882,12.26884894437288,-1.4478594100019285e-16,24.668283984997753,24.668283984997757,1.4401949000429526e-16,27.797056271832332,26.897090269348695,-0.032376306098124585,0.0054,0.0096,0.007560323037531624,0.009999999994632525,0.7918,0.785091403322229,0.006708596677770906,0.8162,0.8068193173713806,0.009380682628619463,0.0,0.0,16.646994052290975
random_geometric,weighted,15,iid,0.3,3.0,1,9.088036255091025,0.32440090908359576,136.32054382636537,1522.7335793208495,2.9918528077329514,15.864801739359756,0.09000000000000001,1.541976423090495e-16,0.0,1.0,12.268848944372882,12.26884894437288,-1.4478594100019285e-16,24.668283984997753,24.668283984997757,1.4401949000429526e-16,27.797056271832332,26.897090269348695,-0.032376306098124585,0.0054,0.0096,0.007560323037531624,0.009999999994632525,0.9984,0.9987132694810479,-0.0003132694810479286,0.999,0.9991109008784911,-0.00011090087849108254,0.0,0.0,48.9217784393857
random_geometric,weighted,15,iid,0.3,1.0,2,6.899843646830073,0.28597049369573607,103.49765470245109,886.4511252606576,1.5370422854863408,12.049902986624584,0.09000000000000001,1.541976423090495e-16,0.0,1.0,9.314788923220595,9.314788923220595,0.0,14.360508229222651,14.360508229222646,-3.710920555970615e-16,20.577162407785178,20.489020449698796,-0.004283484590325941,0.0058,0.006,0.009649950833685805,0.009999999994560582,0.207,0.2173455146744052,-0.010345514674405198,0.2106,0.22082589536818822,-0.010225895368188215,0.0,0.0,4.135659551882234
random_geometric,weighted,15,iid,0.3,1.75,2,6.899843646830073,0.28597049369573607,103.49765470245109,886.4511252606576,1.5370422854863408,12.049902986624584,0.09000000000000001,1.541976423090495e-16,0.0,1.0,9.314788923220595,9.314788923220595,0.0,14.360508229222651,14.360508229222646,-3.710920555970615e-16,20.577162407785178,20.489020449698796,-0.004283484590325941,0.0058,0.006,0.009649950833685805,0.009999999994560582,0.8256,0.8203195758352827,0.005280424164717301,0.8292,0.8232834425062434,0.005916557493756636,0.0,0.0,12.66545737763934
random_geometric,weighted,15,iid,0.3,3.0,2,6.899843646830073,0.28597049369573607,103.49765470245109,886.4511252606576,1.5370422854863408,12.049902986624584,0.09000000000000001,1.541976423090495e-16,0.0,1.0,9.314788923220595,9.314788923220595,0.0,14.360508229222651,14.360508229222646,-3.710920555970615e-16,20.577162407785178,20.489020449698796,-0.004283484590325941,0.0058,0.006,0.009649950833685805,0.009999999994560582,0.9998,0.9999162959783627,-0.00011629597836271266,0.9998,0.9999208578861917,-0.00012085788619164983,0.0,0.0,37.220935966940104
random_geometric,weighted,15,heteroscedastic,0.15,1.0,0,9.70237538923926,0.24632396301568413,145.5356308385889,1654.9659242458085,3.0028780106613677,14.987813018264257,0.022500000000000006,0.4681936683955389,0.0,5.444444444444445,3.1707283595802727,3.1707283595802727,0.0,1.8150886388546152,1.8150886388546157,2.446653019272373e-16,7.270450220339469,7.243407040041703,-0.003719601878589479,0.0094,0.0098,0.009716918899690452,0.009999999981150365,0.9248,0.9282320834185115,-0.0034320834185115334,0.9264,0.9294148894270883,-0.0030148894270882742,0.0,0.0,27.11034645980783
random_geometric,weighted,15,heteroscedastic,0.15,1.75,0,9.70237538923926,0.24632396301568413,145.5356308385889,1654.9659242458085,3.0028780106613677,14.987813018264257,0.022500000000000006,0.4681936683955389,0.0,5.444444444444445,3.1707283595802727,3.1707283595802727,0.0,1.8150886388546152,1.8150886388546157,2.446653019272373e-16,7.270450220339469,7.243407040041703,-0.003719601878589479,0.0094,0.0098,0.009716918899690452,0.009999999981150365,1.0,0.9999951671766147,4.832823385259033e-06,1.0,0.9999953801563743,4.61984362565282e-06,0.0,0.0,83.02543603316148
random_geometric,weighted,15,heteroscedastic,0.15,3.0,0,9.70237538923926,0.24632396301568413,145.5356308385889,1654.9659242458085,3.0028780106613677,14.987813018264257,0.022500000000000006,0.4681936683955389,0.0,5.444444444444445,3.1707283595802727,3.1707283595802727,0.0,1.8150886388546152,1.8150886388546157,2.446653019272373e-16,7.270450220339469,7.243407040041703,-0.003719601878589479,0.0094,0.0098,0.009716918899690452,0.009999999981150365,1.0,0.9999999999972273,2.772670981698866e-12,1.0,0.9999999999972374,2.762567952174777e-12,0.0,0.0,243.99311813827043
random_geometric,weighted,15,heteroscedastic,0.15,1.0,1,7.406176976991378,0.37801024543384426,111.09265465487067,1060.5743242936157,2.312783732131348,16.255766375608914,0.022499999999999996,0.46819366839553883,0.0,5.444444444444444,2.5669633801584473,2.5669633801584477,1.730017706067357e-16,1.3834244378498242,1.383424437849824,-1.605036016785581e-16,6.3740983622284135,6.239021018340242,-0.021191600162402815,0.0088,0.0104,0.008594411874449148,0.010000000012960253,0.8594,0.8673255298177189,-0.00792552981771888,0.8754,0.880196807541244,-0.004796807541244008,0.0,0.0,30.585088461668015
random_geometric,weighted,15,heteroscedastic,0.15,1.75,1,7.406176976991378,0.37801024543384426,111.09265465487067,1060.5743242936157,2.312783732131348,16.255766375608914,0.022499999999999996,0.46819366839553883,0.0,5.444444444444444,2.5669633801584473,2.5669633801584477,1.730017706067357e-16,1.3834244378498242,1.383424437849824,-1.605036016785581e-16,6.3740983622284135,6.239021018340242,-0.021191600162402815,0.0088,0.0104,0.008594411874449148,0.010000000012960253,1.0,0.99998625423571,1.3745764290029605e-05,1.0,0.9999893758034839,1.0624196516095807e-05,0.0,0.0,93.6668334138583
random_geometric,weighted,15,heteroscedastic,0.15,3.0,1,7.406176976991378,0.37801024543384426,111.09265465487067,1060.5743242936157,2.312783732131348,16.255766375608914,0.022499999999999996,0.46819366839553883,0.0,5.444444444444444,2.5669633801584473,2.5669633801584477,1.730017706067357e-16,1.3834244378498242,1.383424437849824,-1.605036016785581e-16,6.3740983622284135,6.239021018340242,-0.021191600162402815,0.0088,0.0104,0.008594411874449148,0.010000000012960253,1.0,0.9999999999977587,2.241318242113266e-12,1.0,0.9999999999564613,4.3538728178305064e-11,0.0,0.0,275.26579615501214
random_geometric,weighted,15,heteroscedastic,0.15,1.0,2,7.515502097448949,0.34250014608104457,112.73253146173424,1069.7531656523058,2.761100072604647,14.340854985188543,0.022500000000000003,0.4681936683955389,0.0,5.444444444444444,2.4729196552298798,2.4729196552298798,0.0,1.1839242015223754,1.1839242015223754,0.0,5.726704600596206,5.821014178990517,0.016468385392969725,0.0144,0.0118,0.011251588063888318,0.010000000045442992,0.897,0.9018451452121173,-0.004845145212117319,0.886,0.8943190447727619,-0.008319044772761908,0.0,0.0,27.00522767642756
random_geometric,weighted,15,heteroscedastic,0.15,1.75,2,7.515502097448949,0.34250014608104457,112.73253146173424,1069.7531656523058,2.761100072604647,14.340854985188543,0.022500000000000003,0.4681936683955389,0.0,5.444444444444444,2.4729196552298798,2.4729196552298798,0.0,1.1839242015223754,1.1839242015223754,0.0,5.726704600596206,5.821014178990517,0.016468385392969725,0.0144,0.0118,0.011251588063888318,0.010000000045442992,1.0,0.9999972136715483,2.786328451742648e-06,1.0,0.9999964907627761,3.5092372239198255e-06,0.0,0.0,82.70350975905936
random_geometric,weighted,15,heteroscedastic,0.15,3.0,2,7.515502097448949,0.34250014608104457,112.73253146173424,1069.7531656523058,2.761100072604647,14.340854985188543,0.022500000000000003,0.4681936683955389,0.0,5.444444444444444,2.4729196552298798,2.4729196552298798,0.0,1.1839242015223754,1.1839242015223754,0.0,5.726704600596206,5.821014178990517,0.016468385392969725,0.0144,0.0118,0.011251588063888318,0.010000000045442992,1.0,0.9999999999997058,2.942091015256665e-13,1.0,0.9999999999997432,2.567945855957987e-13,0.0,0.0,243.047049087848
random_geometric,weighted,15,heteroscedastic,0.3,1.0,0,8.36240209608131,0.3292066175046911,125.43603144121965,1308.3196653875143,2.6814908042255308,15.918755410333755,0.09000000000000001,0.46819366839553894,0.0,5.444444444444445,11.862538580349987,11.862538580349991,2.9949016854499313e-16,29.660745414902898,29.6607454149029,1.1977830054855793e-16,29.033799342322343,28.791975372332384,-0.008329050123228406,0.008,0.0086,0.009422877283453868,0.010000000039304902,0.1316,0.13773413856933783,-0.006134138569337838,0.1354,0.14249381054629176,-0.007093810546291768,0.0,0.0,7.615087050410761
random_geometric,weighted,15,heteroscedastic,0.3,1.75,0,8.36240209608131,0.3292066175046911,125.43603144121965,1308.3196653875143,2.6814908042255308,15.918755410333755,0.09000000000000001,0.46819366839553894,0.0,5.444444444444445,11.862538580349987,11.862538580349991,2.9949016854499313e-16,29.660745414902898,29.6607454149029,1.1977830054855793e-16,29.033799342322343,28.791975372332384,-0.008329050123228406,0.008,0.0086,0.009422877283453868,0.010000000039304902,0.6936,0.697928468346817,-0.004328468346816994,0.7012,0.7058054403037846,-0.004605440303784514,0.0,0.0,23.321204091882954
random_geometric,weighted,15,heteroscedastic,0.3,3.0,0,8.36240209608131,0.3292066175046911,125.43603144121965,1308.3196653875143,2.6814908042255308,15.918755410333755,0.09000000000000001,0.46819366839553894,0.0,5.444444444444445,11.862538580349987,11.862538580349991,2.9949016854499313e-16,29.660745414902898,29.6607454149029,1.1977830054855793e-16,29.033799342322343,28.791975372332384,-0.008329050123228406,0.008,0.0086,0.009422877283453868,0.010000000039304902,0.9974,0.9977065804090212,-0.00030658040902120653,0.9974,0.9978704393884521,-0.0004704393884521485,0.0,0.0,68.53578345369685
random_geometric,weighted,15,heteroscedastic,0.3,1.0,1,8.284384853581354,0.244947015233866,124.26577280372031,1234.5974542881995,2.312945078873466,13.635534748305075,0.09000000000000001,0.46819366839553894,0.0,5.444444444444445,10.567681833589559,10.567681833589551,-6.723733236381397e-16,20.37851648513223,20.378516485132216,-6.973449085741823e-16,23.176768251538913,24.341683697930748,0.0502622036752033,0.0146,0.0118,0.014260995553158629,0.010000000061869796,0.234,0.2411835087591513,-0.007183508759151275,0.1916,0.19917661020766708,-0.007576610207667089,0.0,0.0,7.250571518553863
random_geometric,weighted,15,heteroscedastic,0.3,1.75,1,8.284384853581354,0.244947015233866,124.26577280372031,1234.5974542881995,2.312945078873466,13.635534748305075,0.09000000000000001,0.46819366839553894,0.0,5.444444444444445,10.567681833589559,10.567681833589551,-6.723733236381397e-16,20.37851648513223,20.378516485132216,-6.973449085741823e-16,23.176768251538913,24.341683697930748,0.0502622036752033,0.0146,0.0118,0.014260995553158629,0.010000000061869796,0.8584,0.8646922402268857,-0.006292240226885681,0.8304,0.8374984857122123,-0.007098485712212277,0.0,0.0,22.204875275571204
random_geometric,weighted,15,heteroscedastic,0.3,3.0,1,8.284384853581354,0.244947015233866,124.26577280372031,1234.5974542881995,2.312945078873466,13.635534748305075,0.09000000000000001,0.46819366839553894,0.0,5.444444444444445,10.567681833589559,10.567681833589551,-6.723733236381397e-16,20.37851648513223,20.378516485132216,-6.973449085741823e-16,23.176768251538913,24.341683697930748,0.0502622036752033,0.0146,0.0118,0.014260995553158629,0.010000000061869796,0.9998,0.9998006302008324,-6.302008324077235e-07,0.9996,0.9996806332517394,-8.063325173934821e-05,0.0,0.0,65.25514366698476
random_geometric,weighted,15,heteroscedastic,0.3,1.0,2,9.768347399424119,0.25026284316482617,146.52521099136177,1678.6548246596058,5.2185539378677595,16.10656057245434,0.09000000000000002,0.4681936683955389,0.0,5.444444444444445,12.980818792462951,12.980818792462957,4.1053423542858237e-16,30.13961327629543,30.139613276295446,4.715008976700683e-16,28.82831895589465,29.476902074991862,0.022498124850411787,0.0126,0.0102,0.011875789612384058,0.009999999999724563,0.2128,0.21288898941742687,-8.898941742688238e-05,0.1972,0.19507832570865383,0.0021216742913461595,0.0,0.0,8.013855490144262
random_geometric,weighted,15,heteroscedastic,0.3,1.75,2,9.768347399424119,0.25026284316482617,146.52521099136177,1678.6548246596058,5.2185539378677595,16.10656057245434,0.09000000000000002,0.4681936683955389,0.0,5.444444444444445,12.980818792462951,12.980818792462957,4.1053423542858237e-16,30.13961327629543,30.139613276295446,4.715008976700683e-16,28.82831895589465,29.476902074991862,0.022498124850411787,0.0126,0.0102,0.011875789612384058,0.009999999999724563,0.8432,0.8547550133916856,-0.011555013391685631,0.8272,0.8397975893952633,-0.012597589395263231,0.0,0.0,24.542432438566802
random_geometric,weighted,15,heteroscedastic,0.3,3.0,2,9.768347399424119,0.25026284316482617,146.52521099136177,1678.6548246596058,5.2185539378677595,16.10656057245434,0.09000000000000002,0.4681936683955389,0.0,5.444444444444445,12.980818792462951,12.980818792462957,4.1053423542858237e-16,30.13961327629543,30.139613276295446,4.715008976700683e-16,28.82831895589465,29.476902074991862,0.022498124850411787,0.0126,0.0102,0.011875789612384058,0.009999999999724563,0.9998,0.999963588499547,-0.00016358849954700716,0.9998,0.9999539755052058,-0.0001539755052057945,0.0,0.0,72.12469941129835
random_geometric,weighted,15,correlated,0.15,1.0,0,10.589394237283786,0.2439840521028957,158.8409135592568,1955.6314353458974,2.511678424764588,15.271917157004145,0.0225,0.015578054210364222,0.1369988840304406,4.38885595077779,2.9840727712341324,2.9840727712341297,-8.929189947329587e-16,1.3502387469159385,1.3502387469159363,-1.6444840250081721e-15,6.406687460015061,6.345208903521035,-0.009595997444501778,0.0094,0.0106,0.009182384096376395,0.009999999933404446,0.9452,0.9460220837128094,-0.0008220837128093406,0.9468,0.9472909837305544,-0.0004909837305544507,0.0,0.0,34.434780375104914
random_geometric,weighted,15,correlated,0.15,1.75,0,10.589394237283786,0.2439840521028957,158.8409135592568,1955.6314353458974,2.511678424764588,15.271917157004145,0.0225,0.015578054210364222,0.1369988840304406,4.38885595077779,2.9840727712341324,2.9840727712341297,-8.929189947329587e-16,1.3502387469159385,1.3502387469159363,-1.6444840250081721e-15,6.406687460015061,6.345208903521035,-0.009595997444501778,0.0094,0.0106,0.009182384096376395,0.009999999933404446,0.9996,0.9998921590213238,-0.0002921590213237346,0.9996,0.9999077614305529,-0.0003077614305528886,0.0,0.0,105.45651489875881
random_geometric,weighted,15,correlated,0.15,3.0,0,10.589394237283786,0.2439840521028957,158.8409135592568,1955.6314353458974,2.511678424764588,15.271917157004145,0.0225,0.015578054210364222,0.1369988840304406,4.38885595077779,2.9840727712341324,2.9840727712341297,-8.929189947329587e-16,1.3502387469159385,1.3502387469159363,-1.6444840250081721e-15,6.406687460015061,6.345208903521035,-0.009595997444501778,0.0094,0.0106,0.009182384096376395,0.009999999933404446,1.0,0.9999999999527265,4.727351843314409e-11,1.0,0.9999999999505496,4.94504437398291e-11,0.0,0.0,309.91302337594425
random_geometric,weighted,15,correlated,0.15,1.0,1,8.583675758956314,0.3844039104140017,128.75513638434472,1408.4112539823873,0.9006539347894077,14.734284383663038,0.022500000000000006,0.028895467988035734,0.12926543247095862,4.471982032924823,2.3696966187856088,2.3696966187856074,-5.622102082556589e-16,0.9275376758180395,0.9275376758180385,-1.0772616015639455e-15,5.141016740477999,5.205134256966541,0.01247175796641731,0.0094,0.0094,0.011074227728103958,0.009999999992004405,0.9082,0.9148920069515445,-0.0066920069515444824,0.9072,0.9129597423348951,-0.005759742334895068,0.0,0.0,33.96661309926294
random_geometric,weighted,15,correlated,0.15,1.75,1,8.583675758956314,0.3844039104140017,128.75513638434472,1408.4112539823873,0.9006539347894077,14.734284383663038,0.022500000000000006,0.028895467988035734,0.12926543247095862,4.471982032924823,2.3696966187856088,2.3696966187856074,-5.622102082556589e-16,0.9275376758180395,0.9275376758180385,-1.0772616015639455e-15,5.141016740477999,5.205134256966541,0.01247175796641731,0.0094,0.0094,0.011074227728103958,0.009999999992004405,0.9626,0.9638926210608272,-0.0012926210608271704,0.961,0.9623763258402533,-0.0013763258402533785,0.0,0.0,104.02275261649274
random_geometric,weighted,15,correlated,0.15,3.0,1,8.583675758956314,0.3844039104140017,128.75513638434472,1408.4112539823873,0.9006539347894077,14.734284383663038,0.022500000000000006,0.028895467988035734,0.12926543247095862,4.471982032924823,2.3696966187856088,2.3696966187856074,-5.622102082556589e-16,0.9275376758180395,0.9275376758180385,-1.0772616015639455e-15,5.141016740477999,5.205134256966541,0.01247175796641731,0.0094,0.0094,0.011074227728103958,0.009999999992004405,1.0,0.9999999989616482,1.0383518489476273e-09,1.0,0.999999998317687,1.6823129556087224e-09,0.0,0.0,305.6995178933665
random_geometric,weighted,15,correlated,0.15,1.0,2,10.473699418332707,0.28783081554113044,157.1054912749906,1958.7918072185112,4.388475274914946,16.445420064973767,0.0225,0.0205075037474134,0.1362853186508396,4.469724541520216,2.9489359717556622,2.948935971755659,-1.0541512256367184e-15,1.3447054503701983,1.3447054503701956,-1.981501047955764e-15,6.304407364850612,6.329927096055418,0.00404791913464983,0.011,0.0102,0.010352064862805543,0.009999999987361785,0.9696,0.9702553904714881,-0.0006553904714881043,0.9696,0.9695092648166875,9.073518331248476e-05,0.0,0.0,30.3527581650979
random_geometric,weighted,15,correlated,0.15,1.75,2,10.473699418332707,0.28783081554113044,157.1054912749906,1958.7918072185112,4.388475274914946,16.445420064973767,0.0225,0.0205075037474134,0.1362853186508396,4.469724541520216,2.9489359717556622,2.948935971755659,-1.0541512256367184e-15,1.3447054503701983,1.3447054503701956,-1.981501047955764e-15,6.304407364850612,6.329927096055418,0.00404791913464983,0.011,0.0102,0.010352064862805543,0.009999999987361785,1.0,0.9999999956293165,4.370683481802473e-09,1.0,0.9999999952252275,4.774772466298316e-09,0.0,0.0,92.95532188061233
random_geometric,weighted,15,correlated,0.15,3.0,2,10.473699418332707,0.28783081554113044,157.1054912749906,1958.7918072185112,4.388475274914946,16.445420064973767,0.0225,0.0205075037474134,0.1362853186508396,4.469724541520216,2.9489359717556622,2.948935971755659,-1.0541512256367184e-15,1.3447054503701983,1.3447054503701956,-1.981501047955764e-15,6.304407364850612,6.329927096055418,0.00404791913464983,0.011,0.0102,0.010352064862805543,0.009999999987361785,1.0,0.9999999999984104,1.5896173266582991e-12,1.0,0.9999999999983991,1.6009416015094757e-12,0.0,0.0,273.1748234858811
random_geometric,weighted,15,correlated,0.3,1.0,0,8.446544077244567,0.27066748010565966,126.69816115866851,1281.8719246616881,2.541457887539259,13.784513688825944,0.09,0.014989149951194042,0.1340817146151979,4.675730661407859,9.284879388415465,9.28487938841547,5.739515070976272e-16,13.27672030111096,13.276720301110968,6.689742643940498e-16,20.464299205932075,19.90616302617255,-0.02727365223421559,0.0076,0.0092,0.007848422026026536,0.009999999988669406,0.301,0.2966228233598594,0.00437717664014059,0.3258,0.3241207571633387,0.0016792428366612655,0.0,0.0,7.518742725777743
random_geometric,weighted,15,correlated,0.3,1.75,0,8.446544077244567,0.27066748010565966,126.69816115866851,1281.8719246616881,2.541457887539259,13.784513688825944,0.09,0.014989149951194042,0.1340817146151979,4.675730661407859,9.284879388415465,9.28487938841547,5.739515070976272e-16,13.27672030111096,13.276720301110968,6.689742643940498e-16,20.464299205932075,19.90616302617255,-0.02727365223421559,0.0076,0.0092,0.007848422026026536,0.009999999988669406,0.9096,0.9170660927132638,-0.007466092713263817,0.9214,0.9274633274677541,-0.006063327467754065,0.0,0.0,23.02614959769434
random_geometric,weighted,15,correlated,0.3,3.0,0,8.446544077244567,0.27066748010565966,126.69816115866851,1281.8719246616881,2.541457887539259,13.784513688825944,0.09,0.014989149951194042,0.1340817146151979,4.675730661407859,9.284879388415465,9.28487938841547,5.739515070976272e-16,13.27672030111096,13.276720301110968,6.689742643940498e-16,20.464299205932075,19.90616302617255,-0.02727365223421559,0.0076,0.0092,0.007848422026026536,0.009999999988669406,1.0,0.9999880766135985,1.1923386401546665e-05,1.0,0.9999923254426314,7.674557368608781e-06,0.0,0.0,67.66868453199969
random_geometric,weighted,15,correlated,0.3,1.0,1,7.583423947299932,0.30378706466715816,113.75135920949897,1061.6190596043796,2.916581715102451,15.21309741162031,0.09,0.018414439048363103,0.13222565028338681,4.500277767914882,8.241778911250112,8.241778911250115,4.3106151196934083e-16,10.64106104301649,10.641061043016503,1.1685392862173512e-15,17.64172331875346,17.845856573548833,0.011571049557181055,0.0074,0.007,0.010994855922747016,0.009999999999137088,0.3236,0.324453005034255,-0.0008530050342550055,0.3136,0.31292193683554687,0.0006780631644531243,0.0,0.0,7.879237998610345
random_geometric,weighted,15,correlated,0.3,1.75,1,7.583423947299932,0.30378706466715816,113.75135920949897,1061.6190596043796,2.916581715102451,15.21309741162031,0.09,0.018414439048363103,0.13222565028338681,4.500277767914882,8.241778911250112,8.241778911250115,4.3106151196934083e-16,10.64106104301649,10.641061043016503,1.1685392862173512e-15,17.64172331875346,17.845856573548833,0.011571049557181055,0.0074,0.007,0.010994855922747016,0.009999999999137088,0.9416,0.9427153970130319,-0.0011153970130318713,0.9372,0.938722313133465,-0.0015223131334649587,0.0,0.0,24.13016637074418
random_geometric,weighted,15,correlated,0.3,3.0,1,7.583423947299932,0.30378706466715816,113.75135920949897,1061.6190596043796,2.916581715102451,15.21309741162031,0.09,0.018414439048363103,0.13222565028338681,4.500277767914882,8.241778911250112,8.241778911250115,4.3106151196934083e-16,10.64106104301649,10.641061043016503,1.1685392862173512e-15,17.64172331875346,17.845856573548833,0.011571049557181055,0.0074,0.007,0.010994855922747016,0.009999999999137088,1.0,0.9999999384524698,6.154753018350334e-08,1.0,0.9999999245173803,7.548261971024317e-08,0.0,0.0,70.9131419874931
random_geometric,weighted,15,correlated,0.3,1.0,2,8.007276312983045,0.2814381604303848,120.10914469474568,1168.799810945083,2.657840122826793,14.554325379619067,0.09000000000000001,0.018409730102558308,0.1330215800678958,4.846736195812981,8.735983521110674,8.735983521110663,-1.2200276031480483e-15,11.822023440635787,11.82202344063576,-2.2538741125665346e-15,18.95865899293367,18.7887336408245,-0.008962941533602475,0.01,0.0102,0.009258558968904873,0.009999999994559472,0.3054,0.31405785997887226,-0.008657859978872251,0.314,0.3230600451076357,-0.009060045107635695,0.0,0.0,8.340451806195821
random_geometric,weighted,15,correlated,0.3,1.75,2,8.007276312983045,0.2814381604303848,120.10914469474568,1168.799810945083,2.657840122826793,14.554325379619067,0.09000000000000001,0.018409730102558308,0.1330215800678958,4.846736195812981,8.735983521110674,8.735983521110663,-1.2200276031480483e-15,11.822023440635787,11.82202344063576,-2.2538741125665346e-15,18.95865899293367,18.7887336408245,-0.008962941533602475,0.01,0.0102,0.009258558968904873,0.009999999994559472,0.9234,0.9271088329993477,-0.0037088329993476554,0.9272,0.9305027780916559,-0.0033027780916559113,0.0,0.0,25.542633656474703
random_geometric,weighted,15,correlated,0.3,3.0,2,8.007276312983045,0.2814381604303848,120.10914469474568,1168.799810945083,2.657840122826793,14.554325379619067,0.09000000000000001,0.018409730102558308,0.1330215800678958,4.846736195812981,8.735983521110674,8.735983521110663,-1.2200276031480483e-15,11.822023440635787,11.82202344063576,-2.2538741125665346e-15,18.95865899293367,18.7887336408245,-0.008962941533602475,0.01,0.0102,0.009258558968904873,0.009999999994559472,1.0,0.9999995115372174,4.884627825552101e-07,1.0,0.9999995828028175,4.171971824673548e-07,0.0,0.0,75.06406625576237
random_geometric,weighted,30,iid,0.15,1.0,0,12.844773815933218,0.3641145430107709,385.3432144779965,6022.023342658527,3.1413034118310397,24.29850762782965,0.022499999999999996,1.5419764230904954e-16,0.0,1.0,8.67022232575492,8.67022232575492,0.0,6.097298634441757,6.097298634441756,-1.456675280234889e-16,15.448691417848716,15.535756582420998,0.005635763069983445,0.0114,0.0102,0.010633636011044723,0.00999999999992568,0.8108,0.8091663142561836,0.0016336857438163932,0.806,0.8042306047786393,0.00176939522136077,0.0,0.0,18.596438293683338
random_geometric,weighted,30,iid,0.15,1.75,0,12.844773815933218,0.3641145430107709,385.3432144779965,6022.023342658527,3.1413034118310397,24.29850762782965,0.022499999999999996,1.5419764230904954e-16,0.0,1.0,8.67022232575492,8.67022232575492,0.0,6.097298634441757,6.097298634441756,-1.456675280234889e-16,15.448691417848716,15.535756582420998,0.005635763069983445,0.0114,0.0102,0.010633636011044723,0.00999999999992568,0.9994,0.9997822215134368,-0.000382221513436809,0.999,0.9997624732922602,-0.0007624732922602018,0.0,0.0,56.95159227440523
random_geometric,weighted,30,iid,0.15,3.0,0,12.844773815933218,0.3641145430107709,385.3432144779965,6022.023342658527,3.1413034118310397,24.29850762782965,0.022499999999999996,1.5419764230904954e-16,0.0,1.0,8.67022232575492,8.67022232575492,0.0,6.097298634441757,6.097298634441756,-1.456675280234889e-16,15.448691417848716,15.535756582420998,0.005635763069983445,0.0114,0.0102,0.010633636011044723,0.00999999999992568,1.0,0.9999999999978763,2.123745623805462e-12,1.0,0.9999999999979255,2.074451721512105e-12,0.0,0.0,167.36794464315008
random_geometric,weighted,30,iid,0.15,1.0,1,17.118782674144118,0.2894978837919941,513.5634802243235,10080.534785687525,3.483517684523184,28.353989400973138,0.022499999999999996,1.5419764230904954e-16,0.0,1.0,11.555178305047274,11.555178305047274,0.0,10.206541470508617,10.206541470508613,-3.4808203043762883e-16,20.328092963347295,20.345730278245902,0.0008676325383993666,0.0104,0.0102,0.010099386867384985,0.009999999999974696,0.859,0.8596933905515473,-0.0006933905515472683,0.8588,0.859084538262518,-0.00028453826251795267,0.0,0.0,19.752840981487072
random_geometric,weighted,30,iid,0.15,1.75,1,17.118782674144118,0.2894978837919941,513.5634802243235,10080.534785687525,3.483517684523184,28.353989400973138,0.022499999999999996,1.5419764230904954e-16,0.0,1.0,11.555178305047274,11.555178305047274,0.0,10.206541470508617,10.206541470508613,-3.4808203043762883e-16,20.328092963347295,20.345730278245902,0.0008676325383993666,0.0104,0.0102,0.010099386867384985,0.009999999999974696,0.9932,0.9917488641392781,0.001451135860721875,0.9932,0.9916956083042757,0.0015043916957242498,0.0,0.0,60.49307550580418
random_geometric,weighted,30,iid,0.15,3.0,1,17.118782674144118,0.2894978837919941,513.5634802243235,10080.534785687525,3.483517684523184,28.353989400973138,0.022499999999999996,1.5419764230904954e-16,0.0,1.0,11.555178305047274,11.555178305047274,0.0,10.206541470508617,10.206541470508613,-3.4808203043762883e-16,20.328092963347295,20.345730278245902,0.0008676325383993666,0.0104,0.0102,0.010099386867384985,0.009999999999974696,1.0,0.9999999999987901,1.2099210522364956e-12,1.0,0.9999999999987689,1.231126312006836e-12,0.0,0.0,177.77556883338372
random_geometric,weighted,30,iid,0.15,1.0,2,13.798641916390276,0.32178878968487534,413.9592574917083,6751.408077045985,3.4232379781071,24.056031414101202,0.022499999999999996,1.5419764230904954e-16,0.0,1.0,9.314083293563435,9.314083293563431,-3.814346046546126e-16,6.8358006780090586,6.835800678009057,-2.598608302191775e-16,16.74906243015822,16.535861164821526,-0.012729146256736403,0.0072,0.0084,0.008645851991443798,0.009999999999933062,0.819,0.8185271927397835,0.000472807260216479,0.8286,0.8282659222285093,0.00033407777149074835,0.0,0.0,18.1386116921657
random_geometric,weighted,30,iid,0.15,1.75,2,13.798641916390276,0.32178878968487534,413.9592574917083,6751.408077045985,3.4232379781071,24.056031414101202,0.022499999999999996,1.5419764230904954e-16,0.0,1.0,9.314083293563435,9.314083293563431,-3.814346046546126e-16,6.8358006780090586,6.835800678009057,-2.598608302191775e-16,16.74906243015822,16.535861164821526,-0.012729146256736403,0.0072,0.0084,0.008645851991443798,0.009999999999933062,0.9994,0.9984357826634475,0.0009642173365524975,0.9994,0.99867545924485,0.0007245407551499383,0.0,0.0,55.54949830725744
random_geometric,weighted,30,iid,0.15,3.0,2,13.798641916390276,0.32178878968487534,413.9592574917083,6751.408077045985,3.4232379781071,24.056031414101202,0.022499999999999996,1.5419764230904954e-16,0.0,1.0,9.314083293563435,9.314083293563431,-3.814346046546126e-16,6.8358006780090586,6.835800678009057,-2.598608302191775e-16,16.74906243015822,16.535861164821526,-0.012729146256736403,0.0072,0.0084,0.008645851991443798,0.009999999999933062,1.0,0.9999999999992172,7.828182546631979e-13,1.0,0.9999999999989655,1.0345058143457209e-12,0.0,0.0,163.24750522949128
random_geometric,weighted,30,iid,0.3,1.0,0,14.907972626299276,0.2879483108657544,447.2391787889783,7702.554393995677,4.059822334380222,29.47119918859181,0.08999999999999998,1.5419764230904954e-16,0.0,1.0,40.251526091008046,40.25152609100805,1.7652566368628474e-16,124.78138118272992,124.78138118272996,3.416580562061167e-16,70.83335275072896,71.12853496007511,0.004167277107225646,0.0098,0.0092,0.010476816227090624,0.009999999999987741,0.1452,0.1477966913232135,-0.002596691323213496,0.1428,0.1441605927017854,-0.0013605927017854014,0.0,0.0,4.235687396662883
random_geometric,weighted,30,iid,0.3,1.75,0,14.907972626299276,0.2879483108657544,447.2391787889783,7702.554393995677,4.059822334380222,29.47119918859181,0.08999999999999998,1.5419764230904954e-16,0.0,1.0,40.251526091008046,40.25152609100805,1.7652566368628474e-16,124.78138118272992,124.78138118272996,3.416580562061167e-16,70.83335275072896,71.12853496007511,0.004167277107225646,0.0098,0.0092,0.010476816227090624,0.009999999999987741,0.7152,0.7175031641260419,-0.0023031641260419233,0.7102,0.7123770553223711,-0.002177055322371002,0.0,0.0,12.971792652280076
random_geometric,weighted,30,iid,0.3,3.0,0,14.907972626299276,0.2879483108657544,447.2391787889783,7702.554393995677,4.059822334380222,29.47119918859181,0.08999999999999998,1.5419764230904954e-16,0.0,1.0,40.251526091008046,40.25152609100805,1.7652566368628474e-16,124.78138118272992,124.78138118272996,3.416580562061167e-16,70.83335275072896,71.12853496007511,0.004167277107225646,0.0098,0.0092,0.010476816227090624,0.009999999999987741,0.9996,0.9992284175610062,0.0003715824389938227,0.9996,0.9991848850267769,0.0004151149732231074,0.0,0.0,38.12118656996594
random_geometric,weighted,30,iid,0.3,1.0,1,14.759072544139297,0.2923847691029672,442.77217632417893,7568.087839973886,4.695399654948019,24.27460464190118,0.08999999999999998,1.5419764230904954e-16,0.0,1.0,39.8494958691761,39.84949586917608,-5.34919742593063e-16,122.60302300757694,122.60302300757692,-1.1590949689979312e-16,69.84603902788193,70.38958135263536,0.007782006428975225,0.011,0.0094,0.010911101976438853,0.00999999999997403,0.1492,0.1537085426737271,-0.004508542673727106,0.141,0.14683472541997786,-0.005834725419977871,0.0,0.0,4.722580915917382
random_geometric,weighted,30,iid,0.3,1.75,1,14.759072544139297,0.2923847691029672,442.77217632417893,7568.087839973886,4.695399654948019,24.27460464190118,0.08999999999999998,1.5419764230904954e-16,0.0,1.0,39.8494958691761,39.84949586917608,-5.34919742593063e-16,122.60302300757694,122.60302300757692,-1.1590949689979312e-16,69.84603902788193,70.38958135263536,0.007782006428975225,0.011,0.0094,0.010911101976438853,0.00999999999997403,0.7068,0.7140306658340025,-0.007230665834002559,0.6962,0.704829751941897,-0.008629751941896968,0.0,0.0,14.462904054996983
random_geometric,weighted,30,iid,0.3,3.0,1,14.759072544139297,0.2923847691029672,442.77217632417893,7568.087839973886,4.695399654948019,24.27460464190118,0.08999999999999998,1.5419764230904954e-16,0.0,1.0,39.8494958691761,39.84949586917608,-5.34919742593063e-16,122.60302300757694,122.60302300757692,-1.1590949689979312e-16,69.84603902788193,70.38958135263536,0.007782006428975225,0.011,0.0094,0.010911101976438853,0.00999999999997403,0.9986,0.9987433831996559,-0.00014338319965589985,0.9982,0.9986109656146243,-0.00041096561462428127,0.0,0.0,42.503228243256444
random_geometric,weighted,30,iid,0.3,1.0,2,14.972850687618786,0.3663839594545851,449.1855206285636,8117.850531666886,2.5337741237397013,24.91629094769725,0.08999999999999998,1.5419764230904954e-16,0.0,1.0,40.426696856570715,40.426696856570715,0.0,131.50917861300357,131.50917861300348,-6.483587624109838e-16,72.82635480456584,72.1862871316141,-0.008788956617002274,0.0104,0.0116,0.009058715120512928,0.009999999999874998,0.1402,0.13865688262384454,0.0015431173761554506,0.1498,0.14592449008177008,0.003875509918229908,0.0,0.0,4.963858288046727
random_geometric,weighted,30,iid,0.3,1.75,2,14.972850687618786,0.3663839594545851,449.1855206285636,8117.850531666886,2.5337741237397013,24.91629094769725,0.08999999999999998,1.5419764230904954e-16,0.0,1.0,40.426696856570715,40.426696856570715,0.0,131.50917861300357,131.50917861300348,-6.483587624109838e-16,72.82635480456584,72.1862871316141,-0.008788956617002274,0.0104,0.0116,0.009058715120512928,0.009999999999874998,0.6524,0.6591133289806728,-0.006713328980672784,0.661,0.6685397054115043,-0.007539705411504283,0.0,0.0,15.201816007143103
random_geometric,weighted,30,iid,0.3,3.0,2,14.972850687618786,0.3663839594545851,449.1855206285636,8117.850531666886,2.5337741237397013,24.91629094769725,0.08999999999999998,1.5419764230904954e-16,0.0,1.0,40.426696856570715,40.426696856570715,0.0,131.50917861300357,131.50917861300348,-6.483587624109838e-16,72.82635480456584,72.1862871316141,-0.008788956617002274,0.0104,0.0116,0.009058715120512928,0.009999999999874998,0.9812,0.982958414460641,-0.0017584144606410668,0.9826,0.9842392023281618,-0.0016392023281617263,0.0,0.0,44.674724592420525
random_geometric,weighted,30,heteroscedastic,0.15,1.0,0,13.616559744527187,0.35857107384866055,408.4967923358156,6725.721669890179,3.1081356557774362,23.76281551411404,0.022500000000000003,0.45434452223505745,0.0,5.444444444444444,8.983862095349327,8.983862095349327,0.0,7.602354305920511,7.602354305920512,1.1682939047032252e-16,17.12230715513485,16.88375373182573,-0.013932317715581732,0.0064,0.0072,0.008697554793449969,0.009999999999832143,0.7632,0.7662456756393531,-0.003045675639353096,0.777,0.7784530549990777,-0.0014530549990776631,0.0,0.0,24.808355997837744
random_geometric,weighted,30,heteroscedastic,0.15,1.75,0,13.616559744527187,0.35857107384866055,408.4967923358156,6725.721669890179,3.1081356557774362,23.76281551411404,0.022500000000000003,0.45434452223505745,0.0,5.444444444444444,8.983862095349327,8.983862095349327,0.0,7.602354305920511,7.602354305920512,1.1682939047032252e-16,17.12230715513485,16.88375373182573,-0.013932317715581732,0.0064,0.0072,0.008697554793449969,0.009999999999832143,0.9932,0.9920495061581814,0.001150493841818534,0.9946,0.9929268765596788,0.0016731234403212225,0.0,0.0,75.9755902433781
random_geometric,weighted,30,heteroscedastic,0.15,3.0,0,13.616559744527187,0.35857107384866055,408.4967923358156,6725.721669890179,3.1081356557774362,23.76281551411404,0.022500000000000003,0.45434452223505745,0.0,5.444444444444444,8.983862095349327,8.983862095349327,0.0,7.602354305920511,7.602354305920512,1.1682939047032252e-16,17.12230715513485,16.88375373182573,-0.013932317715581732,0.0064,0.0072,0.008697554793449969,0.009999999999832143,1.0,0.9999999999921699,7.830069925773842e-12,1.0,0.9999999999928885,7.11153358423644e-12,0.0,0.0,223.2752039805397
random_geometric,weighted,30,heteroscedastic,0.15,1.0,1,13.70373505552769,0.3524727140206518,411.1120516658307,6787.319490063926,2.63344416836617,23.292930204554708,0.022500000000000006,0.45434452223505734,0.0,5.444444444444444,9.437628873126073,9.437628873126076,3.7644134205329456e-16,8.518211847653694,8.518211847653696,2.0853635377588556e-16,18.043718352719406,17.845665589525417,-0.010976272147594213,0.0084,0.0096,0.008981190958232244,0.00999999999990897,0.729,0.7336250091101886,-0.004625009110188594,0.7388,0.743978300492145,-0.0051783004921449605,0.0,0.0,26.47942198572409
random_geometric,weighted,30,heteroscedastic,0.15,1.75,1,13.70373505552769,0.3524727140206518,411.1120516658307,6787.319490063926,2.63344416836617,23.292930204554708,0.022500000000000006,0.45434452223505734,0.0,5.444444444444444,9.437628873126073,9.437628873126076,3.7644134205329456e-16,8.518211847653694,8.518211847653696,2.0853635377588556e-16,18.043718352719406,17.845665589525417,-0.010976272147594213,0.0084,0.0096,0.008981190958232244,0.00999999999990897,0.9982,0.9980536911604646,0.00014630883953536955,0.9982,0.9983681508130053,-0.00016815081300536328,0.0,0.0,81.09322983128001
random_geometric,weighted,30,heteroscedastic,0.15,3.0,1,13.70373505552769,0.3524727140206518,411.1120516658307,6787.319490063926,2.63344416836617,23.292930204554708,0.022500000000000006,0.45434452223505734,0.0,5.444444444444444,9.437628873126073,9.437628873126076,3.7644134205329456e-16,8.518211847653694,8.518211847653696,2.0853635377588556e-16,18.043718352719406,17.845665589525417,-0.010976272147594213,0.0084,0.0096,0.008981190958232244,0.00999999999990897,1.0,0.9999999999643293,3.567068862508904e-11,1.0,0.9999999999652632,3.473676901677436e-11,0.0,0.0,238.3147978715168
random_geometric,weighted,30,heteroscedastic,0.15,1.0,2,13.983053713721388,0.28456407695463454,419.49161141164166,6791.15298917152,2.9073126454827456,23.77253148963709,0.022500000000000003,0.45434452223505745,0.0,5.444444444444444,9.379503627235803,9.3795036272358,-1.893870837943003e-16,7.866761578168587,7.866761578168589,2.258053484587483e-16,17.42654998398907,17.30538808514755,-0.006952718636381875,0.008,0.0084,0.009300911159480119,0.00999999999966894,0.8124,0.8150452489947309,-0.002645248994730842,0.818,0.820973053946761,-0.0029730539467610617,0.0,0.0,24.34570128538164
random_geometric,weighted,30,heteroscedastic,0.15,1.75,2,13.983053713721388,0.28456407695463454,419.49161141164166,6791.15298917152,2.9073126454827456,23.77253148963709,0.022500000000000003,0.45434452223505745,0.0,5.444444444444444,9.379503627235803,9.3795036272358,-1.893870837943003e-16,7.866761578168587,7.866761578168589,2.258053484587483e-16,17.42654998398907,17.30538808514755,-0.006952718636381875,0.008,0.0084,0.009300911159480119,0.00999999999966894,0.995,0.9944295632062424,0.0005704367937575672,0.996,0.99473097749863,0.001269022501369954,0.0,0.0,74.55871018648125
random_geometric,weighted,30,heteroscedastic,0.15,3.0,2,13.983053713721388,0.28456407695463454,419.49161141164166,6791.15298917152,2.9073126454827456,23.77253148963709,0.022500000000000003,0.45434452223505745,0.0,5.444444444444444,9.379503627235803,9.3795036272358,-1.893870837943003e-16,7.866761578168587,7.866761578168589,2.258053484587483e-16,17.42654998398907,17.30538808514755,-0.006952718636381875,0.008,0.0084,0.009300911159480119,0.00999999999966894,1.0,0.9999999999980491,1.950883898871325e-12,1.0,0.9999999999984844,1.5155654509158012e-12,0.0,0.0,219.11131156843476
random_geometric,weighted,30,heteroscedastic,0.3,1.0,0,15.904598671546035,0.3234583447814865,477.13796014638103,8887.91097230812,4.466004371276811,25.38524310402643,0.09000000000000002,0.45434452223505734,0.0,5.444444444444444,43.365789594326515,43.36578959432651,-1.6384867943302928e-16,175.50271463580046,175.5027146358005,1.6194455732143028e-16,80.33399516636474,81.13756339096612,0.010002841548428627,0.0116,0.0106,0.011040536979233906,0.009999999996862019,0.1228,0.11817417852950389,0.0046258214704961165,0.1152,0.11121403077189691,0.003985969228103084,0.0,0.0,6.650841715207198
random_geometric,weighted,30,heteroscedastic,0.3,1.75,0,15.904598671546035,0.3234583447814865,477.13796014638103,8887.91097230812,4.466004371276811,25.38524310402643,0.09000000000000002,0.45434452223505734,0.0,5.444444444444444,43.365789594326515,43.36578959432651,-1.6384867943302928e-16,175.50271463580046,175.5027146358005,1.6194455732143028e-16,80.33399516636474,81.13756339096612,0.010002841548428627,0.0116,0.0106,0.011040536979233906,0.009999999996862019,0.63,0.6324925687138737,-0.0024925687138737107,0.6164,0.6202856963232452,-0.0038856963232452024,0.0,0.0,20.368202752822047
random_geometric,weighted,30,heteroscedastic,0.3,3.0,0,15.904598671546035,0.3234583447814865,477.13796014638103,8887.91097230812,4.466004371276811,25.38524310402643,0.09000000000000002,0.45434452223505734,0.0,5.444444444444444,43.365789594326515,43.36578959432651,-1.6384867943302928e-16,175.50271463580046,175.5027146358005,1.6194455732143028e-16,80.33399516636474,81.13756339096612,0.010002841548428627,0.0116,0.0106,0.011040536979233906,0.009999999996862019,0.9864,0.9851950103103166,0.0012049896896834111,0.9858,0.9840091489226216,0.0017908510773784192,0.0,0.0,59.85757543686478
random_geometric,weighted,30,heteroscedastic,0.3,1.0,1,15.534676721345004,0.30986615075588064,466.04030164035015,8444.954043265046,5.009451660804627,27.579233745924157,0.09000000000000004,0.45434452223505745,0.0,5.444444444444444,43.7351789791429,43.7351789791429,0.0,183.1827346497175,183.18273464971756,3.10309915230298e-16,82.48100408529157,82.40515408209808,-0.0009196057205494214,0.0082,0.0082,0.009908877685641748,0.009999999999224018,0.1012,0.10105838584218181,0.00014161415781818731,0.1012,0.10163523715935939,-0.0004352371593593918,0.0,0.0,7.493479242931201
random_geometric,weighted,30,heteroscedastic,0.3,1.75,1,15.534676721345004,0.30986615075588064,466.04030164035015,8444.954043265046,5.009451660804627,27.579233745924157,0.09000000000000004,0.45434452223505745,0.0,5.444444444444444,43.7351789791429,43.7351789791429,0.0,183.1827346497175,183.18273464971756,3.10309915230298e-16,82.48100408529157,82.40515408209808,-0.0009196057205494214,0.0082,0.0082,0.009908877685641748,0.009999999999224018,0.5902,0.5850797395460172,0.005120260453982728,0.5916,0.5863067621087374,0.00529323789126257,0.0,0.0,22.948780181476803
random_geometric,weighted,30,heteroscedastic,0.3,3.0,1,15.534676721345004,0.30986615075588064,466.04030164035015,8444.954043265046,5.009451660804627,27.579233745924157,0.09000000000000004,0.45434452223505745,0.0,5.444444444444444,43.7351789791429,43.7351789791429,0.0,183.1827346497175,183.18273464971756,3.10309915230298e-16,82.48100408529157,82.40515408209808,-0.0009196057205494214,0.0082,0.0082,0.009908877685641748,0.009999999999224018,0.9966,0.9961096878982989,0.0004903121017011403,0.9966,0.9961546550301548,0.00044534496984527383,0.0,0.0,67.44131318638082
random_geometric,weighted,30,heteroscedastic,0.3,1.0,2,15.241440011196625,0.33509803092960533,457.24320033589873,8235.05488484305,3.5181433589867934,24.236920950368916,0.08999999999999996,0.4543445222350575,0.0,5.444444444444445,41.1189475657955,41.11894756579549,-3.456035612891805e-16,154.64272113950474,154.64272113950466,-5.513685200501193e-16,78.66580208230353,76.32986794171507,-0.02969440441406177,0.0082,0.0114,0.0072903062299291,0.009999999999333042,0.0962,0.09860522370170553,-0.002405223701705539,0.1152,0.11896872601342308,-0.003768726013423082,0.0,0.0,6.527906938709578
random_geometric,weighted,30,heteroscedastic,0.3,1.75,2,15.241440011196625,0.33509803092960533,457.24320033589873,8235.05488484305,3.5181433589867934,24.236920950368916,0.08999999999999996,0.4543445222350575,0.0,5.444444444444445,41.1189475657955,41.11894756579549,-3.456035612891805e-16,154.64272113950474,154.64272113950466,-5.513685200501193e-16,78.66580208230353,76.32986794171507,-0.02969440441406177,0.0082,0.0114,0.0072903062299291,0.009999999999333042,0.5874,0.5965684379410844,-0.00916843794108435,0.623,0.6321970897009322,-0.009197089700932248,0.0,0.0,19.991714999798084
random_geometric,weighted,30,heteroscedastic,0.3,3.0,2,15.241440011196625,0.33509803092960533,457.24320033589873,8235.05488484305,3.5181433589867934,24.236920950368916,0.08999999999999996,0.4543445222350575,0.0,5.444444444444445,41.1189475657955,41.11894756579549,-3.456035612891805e-16,154.64272113950474,154.64272113950466,-5.513685200501193e-16,78.66580208230353,76.32986794171507,-0.02969440441406177,0.0082,0.0114,0.0072903062299291,0.009999999999333042,0.9804,0.9811171715479138,-0.0007171715479137308,0.9842,0.9846812694248256,-0.0004812694248256255,0.0,0.0,58.75116244838618
random_geometric,weighted,30,correlated,0.15,1.0,0,14.452602865396683,0.3575170124019486,433.5780859619005,7540.75929209037,2.8916631843926153,26.43738589704701,0.022500000000000003,0.010618156106402668,0.06885308260943197,4.344905588803359,8.60637516920417,8.60637516920417,0.0,5.8069941781845715,5.8069941781845715,0.0,15.35959427662367,15.267532951613552,-0.005993734167199271,0.0098,0.01,0.009344068611231215,0.009999999999959985,0.861,0.8566622842884508,0.004337715711549173,0.8652,0.8606521740315446,0.004547825968455377,0.0,0.0,32.20260665070279
random_geometric,weighted,30,correlated,0.15,1.75,0,14.452602865396683,0.3575170124019486,433.5780859619005,7540.75929209037,2.8916631843926153,26.43738589704701,0.022500000000000003,0.010618156106402668,0.06885308260943197,4.344905588803359,8.60637516920417,8.60637516920417,0.0,5.8069941781845715,5.8069941781845715,0.0,15.35959427662367,15.267532951613552,-0.005993734167199271,0.0098,0.01,0.009344068611231215,0.009999999999959985,1.0,0.9999232408140032,7.675918599681086e-05,1.0,0.9999315470606737,6.845293932633556e-05,0.0,0.0,98.62048286777728
random_geometric,weighted,30,correlated,0.15,3.0,0,14.452602865396683,0.3575170124019486,433.5780859619005,7540.75929209037,2.8916631843926153,26.43738589704701,0.022500000000000003,0.010618156106402668,0.06885308260943197,4.344905588803359,8.60637516920417,8.60637516920417,0.0,5.8069941781845715,5.8069941781845715,0.0,15.35959427662367,15.267532951613552,-0.005993734167199271,0.0098,0.01,0.009344068611231215,0.009999999999959985,1.0,0.9999999999991281,8.718581412381354e-13,1.0,0.9999999999990233,9.766631947627502e-13,0.0,0.0,289.82345985632503
random_geometric,weighted,30,correlated,0.15,1.0,1,12.758538660053889,0.32790714717278924,382.75615980161666,5829.725719748592,2.346865303229049,22.607705409720335,0.0225,0.013058390437743412,0.06809571867640485,4.3363363965079165,7.458990036548616,7.458990036548616,0.0,4.301950715626128,4.3019507156261305,6.193783786090087e-16,13.070560051073619,13.179579223516388,0.008340818757327428,0.0074,0.0066,0.01097827282323749,0.009999999999971088,0.8918,0.8877104329776101,0.004089567022389939,0.887,0.8830049933914311,0.003995006608568885,0.0,0.0,30.991336870746142
random_geometric,weighted,30,correlated,0.15,1.75,1,12.758538660053889,0.32790714717278924,382.75615980161666,5829.725719748592,2.346865303229049,22.607705409720335,0.0225,0.013058390437743412,0.06809571867640485,4.3363363965079165,7.458990036548616,7.458990036548616,0.0,4.301950715626128,4.3019507156261305,6.193783786090087e-16,13.070560051073619,13.179579223516388,0.008340818757327428,0.0074,0.0066,0.01097827282323749,0.009999999999971088,0.9998,0.9999802607687813,-0.00018026076878130404,0.9998,0.9999766075726101,-0.00017660757261006577,0.0,0.0,94.91096916666005
random_geometric,weighted,30,correlated,0.15,3.0,1,12.758538660053889,0.32790714717278924,382.75615980161666,5829.725719748592,2.346865303229049,22.607705409720335,0.0225,0.013058390437743412,0.06809571867640485,4.3363363965079165,7.458990036548616,7.458990036548616,0.0,4.301950715626128,4.3019507156261305,6.193783786090087e-16,13.070560051073619,13.179579223516388,0.008340818757327428,0.0074,0.0066,0.01097827282323749,0.009999999999971088,1.0,0.9999999999949275,5.072497977209878e-12,1.0,0.9999999999930991,6.900924276465048e-12,0.0,0.0,278.9220318367153
random_geometric,weighted,30,correlated,0.15,1.0,2,15.10135444453964,0.25666927122114536,453.04063333618916,7790.352039502028,3.228984567618139,23.560447282645427,0.02249999999999999,0.007912002549674198,0.06988754284128873,4.341809169421904,9.00909489897811,9.009094898978105,-5.915211880835244e-16,6.008832354658966,6.008832354658957,-1.4781214839709639e-15,15.65754846173665,15.723791070405609,0.0042307139480258285,0.0104,0.01,0.010501110446062834,0.009999999999990627,0.9294,0.9234749015216611,0.005925098478338886,0.9278,0.9213201002790675,0.006479899720932436,0.0,0.0,27.349577679189352
random_geometric,weighted,30,correlated,0.15,1.75,2,15.10135444453964,0.25666927122114536,453.04063333618916,7790.352039502028,3.228984567618139,23.560447282645427,0.02249999999999999,0.007912002549674198,0.06988754284128873,4.341809169421904,9.00909489897811,9.009094898978105,-5.915211880835244e-16,6.008832354658966,6.008832354658957,-1.4781214839709639e-15,15.65754846173665,15.723791070405609,0.0042307139480258285,0.0104,0.01,0.010501110446062834,0.009999999999990627,1.0,0.9999992742037905,7.25796209466445e-07,1.0,0.9999992022164329,7.977835670969213e-07,0.0,0.0,83.75808164251738
random_geometric,weighted,30,correlated,0.15,3.0,2,15.10135444453964,0.25666927122114536,453.04063333618916,7790.352039502028,3.228984567618139,23.560447282645427,0.02249999999999999,0.007912002549674198,0.06988754284128873,4.341809169421904,9.00909489897811,9.009094898978105,-5.915211880835244e-16,6.008832354658966,6.008832354658957,-1.4781214839709639e-15,15.65754846173665,15.723791070405609,0.0042307139480258285,0.0104,0.01,0.010501110446062834,0.009999999999990627,1.0,0.9999999999534251,4.657485508374748e-11,1.0,0.9999999999538328,4.616718118910512e-11,0.0,0.0,246.1461991127041
random_geometric,weighted,30,correlated,0.3,1.0,0,14.434854390859284,0.3128671794237371,433.04563172577855,7336.483241211521,3.7399603356874778,26.1153173377953,0.09,0.010566154387506898,0.06927329014492091,4.24510340096472,34.51329070590339,34.513290705903465,2.264626158068493e-15,90.66792610550837,90.66792610550877,4.388585347839804e-15,60.57097645610546,60.767426386885205,0.0032433013676460326,0.012,0.0112,0.010373594361875016,0.009999999999989295,0.1856,0.18415320106766492,0.0014467989323350694,0.1824,0.18093568156393117,0.00146431843606884,0.0,0.0,7.378118620703243
random_geometric,weighted,30,correlated,0.3,1.75,0,14.434854390859284,0.3128671794237371,433.04563172577855,7336.483241211521,3.7399603356874778,26.1153173377953,0.09,0.010566154387506898,0.06927329014492091,4.24510340096472,34.51329070590339,34.513290705903465,2.264626158068493e-15,90.66792610550837,90.66792610550877,4.388585347839804e-15,60.57097645610546,60.767426386885205,0.0032433013676460326,0.012,0.0112,0.010373594361875016,0.009999999999989295,0.7766,0.7817658053818229,-0.005165805381822985,0.7734,0.7784823673721732,-0.005082367372173269,0.0,0.0,22.595488275903687
random_geometric,weighted,30,correlated,0.3,3.0,0,14.434854390859284,0.3128671794237371,433.04563172577855,7336.483241211521,3.7399603356874778,26.1153173377953,0.09,0.010566154387506898,0.06927329014492091,4.24510340096472,34.51329070590339,34.513290705903465,2.264626158068493e-15,90.66792610550837,90.66792610550877,4.388585347839804e-15,60.57097645610546,60.767426386885205,0.0032433013676460326,0.012,0.0112,0.010373594361875016,0.009999999999989295,0.999,0.9989224222812526,7.757771874739028e-05,0.999,0.9988771729618481,0.0001228270381519181,0.0,0.0,66.40306758632917
random_geometric,weighted,30,correlated,0.3,1.0,1,16.742644467565775,0.2957820048652411,502.27933402697323,9663.692425946805,1.4401404086927383,25.474248689840806,0.09000000000000001,0.0074289968610023824,0.07009812281244479,4.246339874701846,40.71478849009746,40.71478849009747,1.7451711334148683e-16,124.66089498894748,124.66089498894756,6.839765453213832e-16,71.16696894779035,71.32053826582924,0.0021578735234818306,0.0102,0.01,0.01025185062109385,0.009999999999977194,0.1834,0.18381850538640518,-0.0004185053864051713,0.1822,0.1816220336886081,0.0005779663113918976,0.0,0.0,6.634822060421118
random_geometric,weighted,30,correlated,0.3,1.75,1,16.742644467565775,0.2957820048652411,502.27933402697323,9663.692425946805,1.4401404086927383,25.474248689840806,0.09000000000000001,0.0074289968610023824,0.07009812281244479,4.246339874701846,40.71478849009746,40.71478849009747,1.7451711334148683e-16,124.66089498894748,124.66089498894756,6.839765453213832e-16,71.16696894779035,71.32053826582924,0.0021578735234818306,0.0102,0.01,0.01025185062109385,0.009999999999977194,0.7846,0.7900781494250799,-0.005478149425079959,0.783,0.7880296756621158,-0.005029675662115762,0.0,0.0,20.31914256003967
random_geometric,weighted,30,correlated,0.3,3.0,1,16.742644467565775,0.2957820048652411,502.27933402697323,9663.692425946805,1.4401404086927383,25.474248689840806,0.09000000000000001,0.0074289968610023824,0.07009812281244479,4.246339874701846,40.71478849009746,40.71478849009747,1.7451711334148683e-16,124.66089498894748,124.66089498894756,6.839765453213832e-16,71.16696894779035,71.32053826582924,0.0021578735234818306,0.0102,0.01,0.01025185062109385,0.009999999999977194,0.97,0.9693785935859075,0.0006214064140924735,0.97,0.9693241367063741,0.0006758632936259001,0.0,0.0,59.71339854379007
random_geometric,weighted,30,correlated,0.3,1.0,2,16.942717394596016,0.296071457245364,508.28152183788046,9913.800291047923,6.428902067662904,28.754167287517603,0.08999999999999996,0.007403309450463456,0.07060328331738645,4.1524006202861345,41.17535457789832,41.17535457789834,5.176951672019102e-16,127.41354758980802,127.41354758980808,4.46133240429097e-16,72.10945310464051,72.23808601888487,0.0017838564668865226,0.0092,0.0088,0.01020579224749163,0.00999999999999246,0.1798,0.17949852041793868,0.0003014795820613092,0.178,0.17772928275024658,0.00027071724975341604,0.0,0.0,6.940869789040088
random_geometric,weighted,30,correlated,0.3,1.75,2,16.942717394596016,0.296071457245364,508.28152183788046,9913.800291047923,6.428902067662904,28.754167287517603,0.08999999999999996,0.007403309450463456,0.07060328331738645,4.1524006202861345,41.17535457789832,41.17535457789834,5.176951672019102e-16,127.41354758980802,127.41354758980808,4.46133240429097e-16,72.10945310464051,72.23808601888487,0.0017838564668865226,0.0092,0.0088,0.01020579224749163,0.00999999999999246,0.7744,0.7822542055967451,-0.0078542055967451,0.7724,0.7803767266772382,-0.007976726677238255,0.0,0.0,21.256413728935268
random_geometric,weighted,30,correlated,0.3,3.0,2,16.942717394596016,0.296071457245364,508.28152183788046,9913.800291047923,6.428902067662904,28.754167287517603,0.08999999999999996,0.007403309450463456,0.07060328331738645,4.1524006202861345,41.17535457789832,41.17535457789834,5.176951672019102e-16,127.41354758980802,127.41354758980808,4.46133240429097e-16,72.10945310464051,72.23808601888487,0.0017838564668865226,0.0092,0.0088,0.01020579224749163,0.00999999999999246,0.9996,0.999691271546769,-9.12715467689118e-05,0.9996,0.9996830034082465,-8.300340824640706e-05,0.0,0.0,62.46782810136077
random_geometric,weighted,60,iid,0.15,1.0,0,20.658763395229748,0.2892396632829066,1239.5258037137849,29080.923467128276,2.971058542608324,34.43174178875654,0.022499999999999996,1.5419764230904954e-16,0.0,1.0,27.889330583560156,27.88933058356015,-2.5477224475905554e-16,29.444435010467387,29.444435010467384,-1.2065823907089826e-16,42.56663431118127,42.15658114201843,-0.009633206284649212,0.0088,0.0092,0.008595872095208401,0.010000000000272846,0.6948,0.6980584965342113,-0.003258496534211286,0.7112,0.7132198663663484,-0.002019866366348322,0.0,0.0,13.84787208779086
random_geometric,weighted,60,iid,0.15,1.75,0,20.658763395229748,0.2892396632829066,1239.5258037137849,29080.923467128276,2.971058542608324,34.43174178875654,0.022499999999999996,1.5419764230904954e-16,0.0,1.0,27.889330583560156,27.88933058356015,-2.5477224475905554e-16,29.444435010467387,29.444435010467384,-1.2065823907089826e-16,42.56663431118127,42.15658114201843,-0.009633206284649212,0.0088,0.0092,0.008595872095208401,0.010000000000272846,0.9938,0.9924098624408174,0.0013901375591826026,0.9942,0.9929930994509353,0.0012069005490646934,0.0,0.0,42.409108268859505
random_geometric,weighted,60,iid,0.15,3.0,0,20.658763395229748,0.2892396632829066,1239.5258037137849,29080.923467128276,2.971058542608324,34.43174178875654,0.022499999999999996,1.5419764230904954e-16,0.0,1.0,27.889330583560156,27.88933058356015,-2.5477224475905554e-16,29.444435010467387,29.444435010467384,-1.2065823907089826e-16,42.56663431118127,42.15658114201843,-0.009633206284649212,0.0088,0.0092,0.008595872095208401,0.010000000000272846,1.0,0.9999999995211861,4.788138774358686e-10,1.0,0.999999999697337,3.026630057689772e-10,0.0,0.0,124.63084879011775
random_geometric,weighted,60,iid,0.15,1.0,1,22.093175649021866,0.4283847022400611,1325.590538941312,36103.4970960399,3.452396837251272,38.85911340164934,0.022499999999999996,1.5419764230904954e-16,0.0,1.0,29.825787126179513,29.82578712617951,-1.1911550443817508e-16,36.554790809740396,36.554790809740396,0.0,45.94220339392455,45.85532743515501,-0.0018909837219742039,0.0124,0.0126,0.009723086090252853,0.009999999971788187,0.6258,0.6277572373634103,-0.001957237363410247,0.6298,0.6302529391616091,-0.000452939161609045,0.0,0.0,16.722988095138763
random_geometric,weighted,60,iid,0.15,1.75,1,22.093175649021866,0.4283847022400611,1325.590538941312,36103.4970960399,3.452396837251272,38.85911340164934,0.022499999999999996,1.5419764230904954e-16,0.0,1.0,29.825787126179513,29.82578712617951,-1.1911550443817508e-16,36.554790809740396,36.554790809740396,0.0,45.94220339392455,45.85532743515501,-0.0018909837219742039,0.0124,0.0126,0.009723086090252853,0.009999999971788187,0.9786,0.9797043260361628,-0.0011043260361627283,0.9788,0.9800892215759308,-0.00128922157593081,0.0,0.0,51.21415104136246
random_geometric,weighted,60,iid,0.15,3.0,1,22.093175649021866,0.4283847022400611,1325.590538941312,36103.4970960399,3.452396837251272,38.85911340164934,0.022499999999999996,1.5419764230904954e-16,0.0,1.0,29.825787126179513,29.82578712617951,-1.1911550443817508e-16,36.554790809740396,36.554790809740396,0.0,45.94220339392455,45.85532743515501,-0.0018909837219742039,0.0124,0.0126,0.009723086090252853,0.009999999971788187,1.0,0.9999999999572322,4.2767789310005355e-11,1.0,0.9999999999610493,3.8950731529041605e-11,0.0,0.0,150.5068928562488
random_geometric,weighted,60,iid,0.15,1.0,2,19.32318135398942,0.31286773000616763,1159.3908812393652,25838.574557746815,3.1189614183576673,33.3974576010045,0.022499999999999996,1.5419764230904954e-16,0.0,1.0,26.086294827885713,26.086294827885716,1.3619081215791225e-16,26.16155673971865,26.16155673971865,0.0,40.12432619905947,39.55974549697587,-0.014070783376714498,0.0072,0.0092,0.008020950789649262,0.010000000000021658,0.6864,0.681007140599627,0.00539285940037304,0.7094,0.7029762433635695,0.006423756636430578,0.0,0.0,14.64676584046569
random_geometric,weighted,60,iid,0.15,1.75,2,19.32318135398942,0.31286773000616763,1159.3908812393652,25838.574557746815,3.1189614183576673,33.3974576010045,0.022499999999999996,1.5419764230904954e-16,0.0,1.0,26.086294827885713,26.086294827885716,1.3619081215791225e-16,26.16155673971865,26.16155673971865,0.0,40.12432619905947,39.55974549697587,-0.014070783376714498,0.0072,0.0092,0.008020950789649262,0.010000000000021658,0.986,0.9846044366209694,0.0013955633790305733,0.9872,0.9862287825495656,0.0009712174504343807,0.0,0.0,44.855720386426164
random_geometric,weighted,60,iid,0.15,3.0,2,19.32318135398942,0.31286773000616763,1159.3908812393652,25838.574557746815,3.1189614183576673,33.3974576010045,0.022499999999999996,1.5419764230904954e-16,0.0,1.0,26.086294827885713,26.086294827885716,1.3619081215791225e-16,26.16155673971865,26.16155673971865,0.0,40.12432619905947,39.55974549697587,-0.014070783376714498,0.0072,0.0092,0.008020950789649262,0.010000000000021658,1.0,0.9999999714592082,2.8540791841003e-08,1.0,0.9999999841414506,1.585854936259068e-08,0.0,0.0,131.8208925641912
random_geometric,weighted,60,iid,0.3,1.0,0,20.974410400167276,0.35019029848128314,1258.4646240100365,30994.3873650353,3.833333215870086,37.72522857078068,0.08999999999999998,1.5419764230904954e-16,0.0,1.0,113.26181616090327,113.26181616090328,1.2546906977911798e-16,502.1090753135719,502.109075313572,2.264186076513704e-16,172.23372004813766,172.4511353120938,0.001262326935140169,0.0114,0.0114,0.010192581547929402,0.010000000000001064,0.0906,0.08933284217607018,0.0012671578239298181,0.0888,0.08828413397441409,0.0005158660255859121,0.0,0.0,3.8753152155961392
random_geometric,weighted,60,iid,0.3,1.75,0,20.974410400167276,0.35019029848128314,1258.4646240100365,30994.3873650353,3.833333215870086,37.72522857078068,0.08999999999999998,1.5419764230904954e-16,0.0,1.0,113.26181616090327,113.26181616090328,1.2546906977911798e-16,502.1090753135719,502.109075313572,2.264186076513704e-16,172.23372004813766,172.4511353120938,0.001262326935140169,0.0114,0.0114,0.010192581547929402,0.010000000000001064,0.5102,0.5112769818339625,-0.0010769818339625425,0.5078,0.5090545667357058,-0.0012545667357057866,0.0,0.0,11.868152847763175
random_geometric,weighted,60,iid,0.3,3.0,0,20.974410400167276,0.35019029848128314,1258.4646240100365,30994.3873650353,3.833333215870086,37.72522857078068,0.08999999999999998,1.5419764230904954e-16,0.0,1.0,113.26181616090327,113.26181616090328,1.2546906977911798e-16,502.1090753135719,502.109075313572,2.264186076513704e-16,172.23372004813766,172.4511353120938,0.001262326935140169,0.0114,0.0114,0.010192581547929402,0.010000000000001064,0.9794,0.9737861593268186,0.005613840673181492,0.9792,0.9734494142454265,0.005750585754573434,0.0,0.0,34.87783694036525
random_geometric,weighted,60,iid,0.3,1.0,1,20.711382125386887,0.3138460990740003,1242.6829275232133,29606.199630304072,3.583646273766071,41.06474726421149,0.08999999999999998,1.5419764230904954e-16,0.0,1.0,111.84146347708916,111.84146347708916,0.0,479.6204340109259,479.6204340109259,0.0,170.4179513942711,169.6006698109761,-0.004795748197936042,0.0094,0.01,0.009288431149111931,0.010000000000048803,0.0812,0.08393884566047112,-0.002738845660471126,0.0844,0.08791769040791383,-0.0035176904079138316,0.0,0.0,3.9232576767592744
random_geometric,weighted,60,iid,0.3,1.75,1,20.711382125386887,0.3138460990740003,1242.6829275232133,29606.199630304072,3.583646273766071,41.06474726421149,0.08999999999999998,1.5419764230904954e-16,0.0,1.0,111.84146347708916,111.84146347708916,0.0,479.6204340109259,479.6204340109259,0.0,170.4179513942711,169.6006698109761,-0.004795748197936042,0.0094,0.01,0.009288431149111931,0.010000000000048803,0.5162,0.514740702384074,0.001459297615926003,0.526,0.5238334052816065,0.002166594718393533,0.0,0.0,12.014976635075275
random_geometric,weighted,60,iid,0.3,3.0,1,20.711382125386887,0.3138460990740003,1242.6829275232133,29606.199630304072,3.583646273766071,41.06474726421149,0.08999999999999998,1.5419764230904954e-16,0.0,1.0,111.84146347708916,111.84146347708916,0.0,479.6204340109259,479.6204340109259,0.0,170.4179513942711,169.6006698109761,-0.004795748197936042,0.0094,0.01,0.009288431149111931,0.010000000000048803,0.9756,0.9729455905592564,0.002654409440743577,0.9774,0.9737814652015039,0.0036185347984961647,0.0,0.0,35.30931909083347
random_geometric,weighted,60,iid,0.3,1.0,2,17.57450305803948,0.35802646700273794,1054.4701834823688,22034.53837418374,2.143249062163705,33.54356330087916,0.08999999999999998,1.5419764230904954e-16,0.0,1.0,94.90231651341318,94.90231651341318,0.0,356.95952166177665,356.95952166177653,-3.1848663734297486e-16,144.5166705276751,144.90204892361987,0.0026666708729009172,0.0106,0.0102,0.010406577453131893,0.010000000000000064,0.09,0.0893247004684661,0.0006752995315338906,0.0884,0.08714253376781998,0.001257466232180024,0.0,0.0,4.337777301521412
random_geometric,weighted,60,iid,0.3,1.75,2,17.57450305803948,0.35802646700273794,1054.4701834823688,22034.53837418374,2.143249062163705,33.54356330087916,0.08999999999999998,1.5419764230904954e-16,0.0,1.0,94.90231651341318,94.90231651341318,0.0,356.95952166177665,356.95952166177653,-3.1848663734297486e-16,144.5166705276751,144.90204892361987,0.0026666708729009172,0.0106,0.0102,0.010406577453131893,0.010000000000000064,0.5012,0.5079788086030315,-0.006778808603031483,0.4952,0.5032714635261779,-0.008071463526177935,0.0,0.0,13.284442985909326
random_geometric,weighted,60,iid,0.3,3.0,2,17.57450305803948,0.35802646700273794,1054.4701834823688,22034.53837418374,2.143249062163705,33.54356330087916,0.08999999999999998,1.5419764230904954e-16,0.0,1.0,94.90231651341318,94.90231651341318,0.0,356.95952166177665,356.95952166177653,-3.1848663734297486e-16,144.5166705276751,144.90204892361987,0.0026666708729009172,0.0106,0.0102,0.010406577453131893,0.010000000000000064,0.973,0.9695914711369791,0.0034085288630208987,0.9728,0.9688263112211075,0.003973688778892481,0.0,0.0,39.03999571369271
random_geometric,weighted,60,heteroscedastic,0.15,1.0,0,17.85430037282088,0.27261119419740776,1071.2580223692528,21700.45878139587,2.8847022657669874,32.28422320331656,0.0225,0.44754565287795367,0.0,5.444444444444444,24.61855836813381,24.618558368133808,-1.4431038672837655e-16,27.673784730590317,27.673784730590313,-1.2837830869130696e-16,38.69701576269579,38.802233426931174,0.002719012362106057,0.0068,0.0068,0.010380202593887777,0.009999999950241867,0.635,0.6315815601140979,0.0034184398859020693,0.6294,0.626855065225098,0.002544934774901919,0.0,0.0,23.721072446101832
random_geometric,weighted,60,heteroscedastic,0.15,1.75,0,17.85430037282088,0.27261119419740776,1071.2580223692528,21700.45878139587,2.8847022657669874,32.28422320331656,0.0225,0.44754565287795367,0.0,5.444444444444444,24.61855836813381,24.618558368133808,-1.4431038672837655e-16,27.673784730590317,27.673784730590313,-1.2837830869130696e-16,38.69701576269579,38.802233426931174,0.002719012362106057,0.0068,0.0068,0.010380202593887777,0.009999999950241867,0.9952,0.9970106285626131,-0.001810628562613159,0.995,0.9968911087463399,-0.001891108746339909,0.0,0.0,72.64578436618686
random_geometric,weighted,60,heteroscedastic,0.15,3.0,0,17.85430037282088,0.27261119419740776,1071.2580223692528,21700.45878139587,2.8847022657669874,32.28422320331656,0.0225,0.44754565287795367,0.0,5.444444444444444,24.61855836813381,24.618558368133808,-1.4431038672837655e-16,27.673784730590317,27.673784730590313,-1.2837830869130696e-16,38.69701576269579,38.802233426931174,0.002719012362106057,0.0068,0.0068,0.010380202593887777,0.009999999950241867,1.0,0.9999999999784743,2.152567013524731e-11,1.0,0.999999999979064,2.093603068686889e-11,0.0,0.0,213.4896520149165
random_geometric,weighted,60,heteroscedastic,0.15,1.0,1,19.79548801237632,0.328390955863163,1187.7292807425792,27339.50058563335,3.6767188659821173,35.08427706705909,0.022499999999999996,0.4475456528779538,0.0,5.444444444444444,26.924985611531756,26.924985611531753,-1.3194858225955383e-16,33.15078787730891,33.1507878773089,-2.1433660593220873e-16,41.86365302503927,42.48274792431237,0.014788363043779555,0.0114,0.0096,0.012190314546241199,0.0099999999290325,0.6366,0.639938000609082,-0.003338000609081959,0.6178,0.6160862920979575,0.001713707902042505,0.0,0.0,23.758640652701768
random_geometric,weighted,60,heteroscedastic,0.15,1.75,1,19.79548801237632,0.328390955863163,1187.7292807425792,27339.50058563335,3.6767188659821173,35.08427706705909,0.022499999999999996,0.4475456528779538,0.0,5.444444444444444,26.924985611531756,26.924985611531753,-1.3194858225955383e-16,33.15078787730891,33.1507878773089,-2.1433660593220873e-16,41.86365302503927,42.48274792431237,0.014788363043779555,0.0114,0.0096,0.012190314546241199,0.0099999999290325,0.9986,0.9983964554110344,0.00020354458896565397,0.9978,0.997959060992579,-0.00015906099257900763,0.0,0.0,72.76083699889915
random_geometric,weighted,60,heteroscedastic,0.15,3.0,1,19.79548801237632,0.328390955863163,1187.7292807425792,27339.50058563335,3.6767188659821173,35.08427706705909,0.022499999999999996,0.4475456528779538,0.0,5.444444444444444,26.924985611531756,26.924985611531753,-1.3194858225955383e-16,33.15078787730891,33.1507878773089,-2.1433660593220873e-16,41.86365302503927,42.48274792431237,0.014788363043779555,0.0114,0.0096,0.012190314546241199,0.0099999999290325,1.0,0.9999999999855474,1.44525502676629e-11,1.0,0.999999999990204,9.796052857780069e-12,0.0,0.0,213.82776587431593
random_geometric,weighted,60,heteroscedastic,0.15,1.0,2,19.142795848331957,0.30090132622729654,1148.5677508999174,25225.925534726222,3.222271853993483,33.70822359214375,0.0225,0.4475456528779538,0.0,5.444444444444444,25.815337568170076,25.81533756817008,1.3762026816108512e-16,29.86019614856231,29.860196148562316,2.3795648636230107e-16,40.295975405996295,40.530724014064596,0.005825609274949308,0.0112,0.0096,0.010834865061053911,0.010000000341238324,0.6352,0.6517469048698092,-0.016546904869809254,0.6234,0.642202871118802,-0.018802871118802078,0.0,0.0,22.259126386621645
random_geometric,weighted,60,heteroscedastic,0.15,1.75,2,19.142795848331957,0.30090132622729654,1148.5677508999174,25225.925534726222,3.222271853993483,33.70822359214375,0.0225,0.4475456528779538,0.0,5.444444444444444,25.815337568170076,25.81533756817008,1.3762026816108512e-16,29.86019614856231,29.860196148562316,2.3795648636230107e-16,40.295975405996295,40.530724014064596,0.005825609274949308,0.0112,0.0096,0.010834865061053911,0.010000000341238324,0.9962,0.9955208169698981,0.0006791830301018376,0.996,0.9952286363969365,0.0007713636030635129,0.0,0.0,68.16857455902878
random_geometric,weighted,60,heteroscedastic,0.15,3.0,2,19.142795848331957,0.30090132622729654,1148.5677508999174,25225.925534726222,3.222271853993483,33.70822359214375,0.0225,0.4475456528779538,0.0,5.444444444444444,25.815337568170076,25.81533756817008,1.3762026816108512e-16,29.86019614856231,29.860196148562316,2.3795648636230107e-16,40.295975405996295,40.530724014064596,0.005825609274949308,0.0112,0.0096,0.010834865061053911,0.010000000341238324,1.0,0.9999999999524802,4.751976590000595e-11,1.0,0.9999999999469433,5.305667016841653e-11,0.0,0.0,200.33213747959482
random_geometric,weighted,60,heteroscedastic,0.3,1.0,0,20.367929821723937,0.3432491193666616,1222.0757893034363,29130.697179502706,2.4312326565881626,34.21302365047507,0.09,0.4475456528779538,0.0,5.444444444444444,109.27967155448466,109.2796715544847,2.600823101507357e-16,549.5172995553496,549.5172995553497,2.0688491120044354e-16,170.5744285762731,172.64100084720513,0.012115369743173144,0.0096,0.0078,0.011767436451034119,0.009999999965541684,0.077,0.0795984298759537,-0.002598429875953698,0.0708,0.07120899502310865,-0.0004089950231086492,0.0,0.0,6.170137107075177
random_geometric,weighted,60,heteroscedastic,0.3,1.75,0,20.367929821723937,0.3432491193666616,1222.0757893034363,29130.697179502706,2.4312326565881626,34.21302365047507,0.09,0.4475456528779538,0.0,5.444444444444444,109.27967155448466,109.2796715544847,2.600823101507357e-16,549.5172995553496,549.5172995553497,2.0688491120044354e-16,170.5744285762731,172.64100084720513,0.012115369743173144,0.0096,0.0078,0.011767436451034119,0.009999999965541684,0.4654,0.47151442300863466,-0.006114423008634684,0.4444,0.45064940449315044,-0.006249404493150423,0.0,0.0,18.896044890417723
random_geometric,weighted,60,heteroscedastic,0.3,3.0,0,20.367929821723937,0.3432491193666616,1222.0757893034363,29130.697179502706,2.4312326565881626,34.21302365047507,0.09,0.4475456528779538,0.0,5.444444444444444,109.27967155448466,109.2796715544847,2.600823101507357e-16,549.5172995553496,549.5172995553497,2.0688491120044354e-16,170.5744285762731,172.64100084720513,0.012115369743173144,0.0096,0.0078,0.011767436451034119,0.009999999965541684,0.966,0.9668190828556713,-0.0008190828556713381,0.963,0.9628819563437271,0.00011804365627288149,0.0,0.0,55.53123396367659
random_geometric,weighted,60,heteroscedastic,0.3,1.0,1,18.067044122920734,0.30609159962997723,1084.022647375244,22586.745581632837,3.20935835922666,30.770490155404453,0.09000000000000001,0.4475456528779538,0.0,5.444444444444444,100.35289418024591,100.35289418024591,0.0,481.68221969426963,481.68221969426946,-3.540306235315515e-16,161.40379419981184,160.08830420485387,-0.008150304033927754,0.0092,0.0104,0.008962077688747072,0.009999999999918185,0.0608,0.058425490616298245,0.0023745093837017547,0.0642,0.06317329550043385,0.0010267044995661417,0.0,0.0,5.861551555367218
random_geometric,weighted,60,heteroscedastic,0.3,1.75,1,18.067044122920734,0.30609159962997723,1084.022647375244,22586.745581632837,3.20935835922666,30.770490155404453,0.09000000000000001,0.4475456528779538,0.0,5.444444444444444,100.35289418024591,100.35289418024591,0.0,481.68221969426963,481.68221969426946,-3.540306235315515e-16,161.40379419981184,160.08830420485387,-0.008150304033927754,0.0092,0.0104,0.008962077688747072,0.009999999999918185,0.3814,0.3915231629766459,-0.010123162976645894,0.3956,0.40599333154755385,-0.010393331547553841,0.0,0.0,17.95100163831211
random_geometric,weighted,60,heteroscedastic,0.3,3.0,1,18.067044122920734,0.30609159962997723,1084.022647375244,22586.745581632837,3.20935835922666,30.770490155404453,0.09000000000000001,0.4475456528779538,0.0,5.444444444444444,100.35289418024591,100.35289418024591,0.0,481.68221969426963,481.68221969426946,-3.540306235315515e-16,161.40379419981184,160.08830420485387,-0.008150304033927754,0.0092,0.0104,0.008962077688747072,0.009999999999918185,0.9736,0.9721422484617828,0.0014577515382172557,0.9758,0.9744366870259189,0.001363312974081099,0.0,0.0,52.75396399830497
random_geometric,weighted,60,heteroscedastic,0.3,1.0,2,20.578356542815857,0.345654276252182,1234.7013925689514,29786.43662045393,2.8447567201851167,39.351217794506994,0.08999999999999998,0.4475456528779538,0.0,5.444444444444444,108.20729272083189,108.20729272083187,-1.3132991647674921e-16,528.1528438072013,528.1528438072014,2.1525366956675264e-16,169.24201588881067,170.21638592588155,0.005757258514995646,0.0106,0.01,0.010819990560997583,0.009999999733695197,0.078,0.07873818828438477,-0.0007381882843847665,0.0742,0.07463993631082348,-0.00043993631082347995,0.0,0.0,5.780326522829585
random_geometric,weighted,60,heteroscedastic,0.3,1.75,2,20.578356542815857,0.345654276252182,1234.7013925689514,29786.43662045393,2.8447567201851167,39.351217794506994,0.08999999999999998,0.4475456528779538,0.0,5.444444444444444,108.20729272083189,108.20729272083187,-1.3132991647674921e-16,528.1528438072013,528.1528438072014,2.1525366956675264e-16,169.24201588881067,170.21638592588155,0.005757258514995646,0.0106,0.01,0.010819990560997583,0.009999999733695197,0.4986,0.4859485381723496,0.012651461827650368,0.4874,0.4759621473965409,0.011437852603459087,0.0,0.0,17.7022499761656
random_geometric,weighted,60,heteroscedastic,0.3,3.0,2,20.578356542815857,0.345654276252182,1234.7013925689514,29786.43662045393,2.8447567201851167,39.351217794506994,0.08999999999999998,0.4475456528779538,0.0,5.444444444444444,108.20729272083189,108.20729272083187,-1.3132991647674921e-16,528.1528438072013,528.1528438072014,2.1525366956675264e-16,169.24201588881067,170.21638592588155,0.005757258514995646,0.0106,0.01,0.010819990560997583,0.009999999733695197,0.9562,0.9594040014846836,-0.003204001484683583,0.954,0.9577379063796574,-0.0037379063796574297,0.0,0.0,52.02293870546627
random_geometric,weighted,60,correlated,0.15,1.0,0,17.512419775325053,0.30394894281407636,1050.7451865195032,21248.942190668495,1.81554241608734,32.19558229249482,0.0225,0.012670004771459782,0.03499227738297094,4.296454259695047,21.303984199867934,21.30398419986793,-1.6676287615827862e-16,17.055302297079237,17.055302297079233,-2.0830552381407581e-16,31.839446165597803,32.16561845439072,0.010244282739608092,0.0122,0.0114,0.01168813174158806,0.010000000001145315,0.7846,0.7849514420318542,-0.00035144203185422107,0.7696,0.7713686129736613,-0.0017686129736613765,0.0,0.0,28.175626775030327
random_geometric,weighted,60,correlated,0.15,1.75,0,17.512419775325053,0.30394894281407636,1050.7451865195032,21248.942190668495,1.81554241608734,32.19558229249482,0.0225,0.012670004771459782,0.03499227738297094,4.296454259695047,21.303984199867934,21.30398419986793,-1.6676287615827862e-16,17.055302297079237,17.055302297079233,-2.0830552381407581e-16,31.839446165597803,32.16561845439072,0.010244282739608092,0.0122,0.0114,0.01168813174158806,0.010000000001145315,0.9992,0.9992340938134671,-3.409381346708429e-05,0.9988,0.9990838422877864,-0.0002838422877863289,0.0,0.0,86.28785699853039
random_geometric,weighted,60,correlated,0.15,3.0,0,17.512419775325053,0.30394894281407636,1050.7451865195032,21248.942190668495,1.81554241608734,32.19558229249482,0.0225,0.012670004771459782,0.03499227738297094,4.296454259695047,21.303984199867934,21.30398419986793,-1.6676287615827862e-16,17.055302297079237,17.055302297079233,-2.0830552381407581e-16,31.839446165597803,32.16561845439072,0.010244282739608092,0.0122,0.0114,0.01168813174158806,0.010000000001145315,1.0,0.9999999999718878,2.8112179251138514e-11,1.0,0.9999999999730512,2.6948776543633812e-11,0.0,0.0,253.58064097527304
random_geometric,weighted,60,correlated,0.15,1.0,1,19.492955586976127,0.3362888315102172,1169.5773352185677,26634.397588479198,3.457690626163343,34.83146156766547,0.022500000000000003,0.006298393880208039,0.035136080551484566,4.2207746133187,24.1315699695754,24.131569969575416,7.361132498382185e-16,22.148307103760484,22.14830710376051,1.1228395757335823e-15,36.410671125021416,36.52788670139494,0.003219264373651553,0.0122,0.0116,0.010504667768140963,0.010000000000174536,0.7448,0.7449992717742512,-0.00019927177425116405,0.741,0.7406329984003466,0.00036700159965341594,0.0,0.0,23.249631196506634
random_geometric,weighted,60,correlated,0.15,1.75,1,19.492955586976127,0.3362888315102172,1169.5773352185677,26634.397588479198,3.457690626163343,34.83146156766547,0.022500000000000003,0.006298393880208039,0.035136080551484566,4.2207746133187,24.1315699695754,24.131569969575416,7.361132498382185e-16,22.148307103760484,22.14830710376051,1.1228395757335823e-15,36.410671125021416,36.52788670139494,0.003219264373651553,0.0122,0.0116,0.010504667768140963,0.010000000000174536,0.9984,0.9988733534494221,-0.0004733534494221203,0.9984,0.9988098789273665,-0.0004098789273665471,0.0,0.0,71.20199553930156
random_geometric,weighted,60,correlated,0.15,3.0,1,19.492955586976127,0.3362888315102172,1169.5773352185677,26634.397588479198,3.457690626163343,34.83146156766547,0.022500000000000003,0.006298393880208039,0.035136080551484566,4.2207746133187,24.1315699695754,24.131569969575416,7.361132498382185e-16,22.148307103760484,22.14830710376051,1.1228395757335823e-15,36.410671125021416,36.52788670139494,0.003219264373651553,0.0122,0.0116,0.010504667768140963,0.010000000000174536,1.0,0.9999999999959448,4.055200619745847e-12,1.0,0.9999999999963329,3.667066650336892e-12,0.0,0.0,209.24668076855968
random_geometric,weighted,60,correlated,0.15,1.0,2,20.78057819151123,0.3279976875439272,1246.8346914906738,30059.94805276038,2.5617791455433494,38.355712385010676,0.022500000000000006,0.007029773196155462,0.03514806351216688,4.401581051711495,25.72131269594392,25.721312695943936,6.906167116736504e-16,25.075066004946503,25.075066004946546,1.7001974845129413e-15,39.2770639731646,38.89512550183298,-0.009724211351250072,0.0084,0.01,0.008585842192464554,0.010000000000248921,0.739,0.7401749826547692,-0.00117498265476923,0.7544,0.7533524697085308,0.0010475302914692008,0.0,0.0,28.249797689898784
random_geometric,weighted,60,correlated,0.15,1.75,2,20.78057819151123,0.3279976875439272,1246.8346914906738,30059.94805276038,2.5617791455433494,38.355712385010676,0.022500000000000006,0.007029773196155462,0.03514806351216688,4.401581051711495,25.72131269594392,25.721312695943936,6.906167116736504e-16,25.075066004946503,25.075066004946546,1.7001974845129413e-15,39.2770639731646,38.89512550183298,-0.009724211351250072,0.0084,0.01,0.008585842192464554,0.010000000000248921,0.9836,0.9839398714385006,-0.0003398714385005608,0.9846,0.9847802773472684,-0.00018027734726833167,0.0,0.0,86.51500542531501
random_geometric,weighted,60,correlated,0.15,3.0,2,20.78057819151123,0.3279976875439272,1246.8346914906738,30059.94805276038,2.5617791455433494,38.355712385010676,0.022500000000000006,0.007029773196155462,0.03514806351216688,4.401581051711495,25.72131269594392,25.721312695943936,6.906167116736504e-16,25.075066004946503,25.075066004946546,1.7001974845129413e-15,39.2770639731646,38.89512550183298,-0.009724211351250072,0.0084,0.01,0.008585842192464554,0.010000000000248921,1.0,0.9999952025996331,4.797400366851612e-06,1.0,0.9999965527383189,3.44726168111098e-06,0.0,0.0,254.24817920908905
random_geometric,weighted,60,correlated,0.3,1.0,0,18.178712941335505,0.26603263508200203,1090.7227764801303,22402.416100096958,2.6256149804591473,32.915672565866906,0.09,0.007531484483958027,0.035219665638689474,4.214761540751219,89.16541999072453,89.16541999072453,0.0,291.79059926894075,291.7905992689405,-7.792357807718946e-16,134.35328615310456,133.9662708871985,-0.0028805790836037176,0.0092,0.0096,0.009555853803519032,0.010000000040950918,0.1018,0.10294125508939914,-0.0011412550893991347,0.1054,0.10577063943681317,-0.0003706394368131749,0.0,0.0,6.7802928270200145
random_geometric,weighted,60,correlated,0.3,1.75,0,18.178712941335505,0.26603263508200203,1090.7227764801303,22402.416100096958,2.6256149804591473,32.915672565866906,0.09,0.007531484483958027,0.035219665638689474,4.214761540751219,89.16541999072453,89.16541999072453,0.0,291.79059926894075,291.7905992689405,-7.792357807718946e-16,134.35328615310456,133.9662708871985,-0.0028805790836037176,0.0092,0.0096,0.009555853803519032,0.010000000040950918,0.6146,0.6090921386226984,0.005507861377301637,0.6206,0.6144982589067929,0.006101741093207158,0.0,0.0,20.76464678274879
random_geometric,weighted,60,correlated,0.3,3.0,0,18.178712941335505,0.26603263508200203,1090.7227764801303,22402.416100096958,2.6256149804591473,32.915672565866906,0.09,0.007531484483958027,0.035219665638689474,4.214761540751219,89.16541999072453,89.16541999072453,0.0,291.79059926894075,291.7905992689405,-7.792357807718946e-16,134.35328615310456,133.9662708871985,-0.0028805790836037176,0.0092,0.0096,0.009555853803519032,0.010000000040950918,0.9952,0.9952768276841766,-7.682768417660579e-05,0.9952,0.9954533114660138,-0.00025331146601381693,0.0,0.0,61.02263544318013
random_geometric,weighted,60,correlated,0.3,1.0,1,20.4160092118867,0.29437379377302353,1224.9605527132019,28497.469776846723,3.3816317846192305,35.447172875066975,0.09000000000000002,0.0063999759459623376,0.035424131431231826,4.110083197666412,101.11707073556913,101.1170707355691,-2.8107726246075217e-16,379.9355684814687,379.9355684814686,-2.9922662459848395e-16,153.31023797892414,152.323749662955,-0.006434588641788819,0.0092,0.01,0.009036614578706637,0.010000000006723797,0.0972,0.097820514100481,-0.0006205141004810011,0.1016,0.10391083281743015,-0.00231083281743015,0.0,0.0,6.891554185048065
random_geometric,weighted,60,correlated,0.3,1.75,1,20.4160092118867,0.29437379377302353,1224.9605527132019,28497.469776846723,3.3816317846192305,35.447172875066975,0.09000000000000002,0.0063999759459623376,0.035424131431231826,4.110083197666412,101.11707073556913,101.1170707355691,-2.8107726246075217e-16,379.9355684814687,379.9355684814686,-2.9922662459848395e-16,153.31023797892414,152.323749662955,-0.006434588641788819,0.0092,0.01,0.009036614578706637,0.010000000006723797,0.5882,0.5842358669807659,0.00396413301923404,0.5986,0.5961144360581,0.0024855639419000264,0.0,0.0,21.1053846917097
random_geometric,weighted,60,correlated,0.3,3.0,1,20.4160092118867,0.29437379377302353,1224.9605527132019,28497.469776846723,3.3816317846192305,35.447172875066975,0.09000000000000002,0.0063999759459623376,0.035424131431231826,4.110083197666412,101.11707073556913,101.1170707355691,-2.8107726246075217e-16,379.9355684814687,379.9355684814686,-2.9922662459848395e-16,153.31023797892414,152.323749662955,-0.006434588641788819,0.0092,0.01,0.009036614578706637,0.010000000006723797,0.9934,0.9924808200077463,0.0009191799922536603,0.9936,0.9930909376804931,0.000509062319506981,0.0,0.0,62.02398766543259
random_geometric,weighted,60,correlated,0.3,1.0,2,19.98080441566155,0.3281559243305877,1198.8482649396929,27836.75477910307,3.3177743342446657,33.6027058057666,0.09000000000000004,0.006625752875240898,0.03516807799712498,4.273119699530747,98.92059976559705,98.92059976559702,-2.8731840989391787e-16,370.4557532148449,370.4557532148447,-4.603255722243445e-16,150.79618438915767,149.5442518325394,-0.008302150095438927,0.011,0.0116,0.008780569552617745,0.010000000000294662,0.0954,0.09636047325941507,-0.0009604732594150761,0.1024,0.10407452545498716,-0.0016745254549871552,0.0,0.0,6.250677221559845
random_geometric,weighted,60,correlated,0.3,1.75,2,19.98080441566155,0.3281559243305877,1198.8482649396929,27836.75477910307,3.3177743342446657,33.6027058057666,0.09000000000000004,0.006625752875240898,0.03516807799712498,4.273119699530747,98.92059976559705,98.92059976559702,-2.8731840989391787e-16,370.4557532148449,370.4557532148447,-4.603255722243445e-16,150.79618438915767,149.5442518325394,-0.008302150095438927,0.011,0.0116,0.008780569552617745,0.010000000000294662,0.5702,0.5716880671043894,-0.0014880671043893123,0.5806,0.586164690164522,-0.00556469016452199,0.0,0.0,19.14269899102702
random_geometric,weighted,60,correlated,0.3,3.0,2,19.98080441566155,0.3281559243305877,1198.8482649396929,27836.75477910307,3.3177743342446657,33.6027058057666,0.09000000000000004,0.006625752875240898,0.03516807799712498,4.273119699530747,98.92059976559705,98.92059976559702,-2.8731840989391787e-16,370.4557532148449,370.4557532148447,-4.603255722243445e-16,150.79618438915767,149.5442518325394,-0.008302150095438927,0.011,0.0116,0.008780569552617745,0.010000000000294662,0.9736,0.9774883213866847,-0.003888321386684712,0.9764,0.9792411325762733,-0.0028411325762732753,0.0,0.0,56.256094994038605
barabasi_albert,unweighted,15,iid,0.15,1.0,0,4.8,0.3245367068207757,72.0,454.0,1.7117977217586606,9.719604828361046,0.022500000000000003,1.541976423090495e-16,0.0,1.0,1.62,1.6199999999999997,-2.741291418827547e-16,0.45967499999999994,0.4596749999999998,-3.622852095366803e-16,3.6076866831560244,3.6530629543239588,0.012577664069275272,0.01,0.0092,0.011027851621149665,0.009999999999767417,0.9204,0.9174488894173904,0.0029511105826095507,0.9146,0.9120114927984884,0.002588507201511603,0.0,0.0,15.295883613603609
barabasi_albert,unweighted,15,iid,0.15,1.75,0,4.8,0.3245367068207757,72.0,454.0,1.7117977217586606,9.719604828361046,0.022500000000000003,1.541976423090495e-16,0.0,1.0,1.62,1.6199999999999997,-2.741291418827547e-16,0.45967499999999994,0.4596749999999998,-3.622852095366803e-16,3.6076866831560244,3.6530629543239588,0.012577664069275272,0.01,0.0092,0.011027851621149665,0.009999999999767417,1.0,0.9999999022289673,9.77710327143555e-08,1.0,0.9999998765291529,1.2347084710206957e-07,0.0,0.0,46.84364356666106
barabasi_albert,unweighted,15,iid,0.15,3.0,0,4.8,0.3245367068207757,72.0,454.0,1.7117977217586606,9.719604828361046,0.022500000000000003,1.541976423090495e-16,0.0,1.0,1.62,1.6199999999999997,-2.741291418827547e-16,0.45967499999999994,0.4596749999999998,-3.622852095366803e-16,3.6076866831560244,3.6530629543239588,0.012577664069275272,0.01,0.0092,0.011027851621149665,0.009999999999767417,1.0,0.9999999999997055,2.9454216843305403e-13,1.0,0.9999999999996685,3.3151259515307174e-13,0.0,0.0,137.66295252243248
barabasi_albert,unweighted,15,iid,0.15,1.0,1,4.8,0.5281431483842096,72.0,514.0,0.9495993799199475,11.256973574341385,0.022500000000000003,1.541976423090495e-16,0.0,1.0,1.62,1.6199999999999997,-2.741291418827547e-16,0.5204249999999999,0.5204249999999997,-4.266601430081786e-16,3.8727376405742837,3.84221793098478,-0.007880655087437793,0.0084,0.0088,0.009436444434644253,0.010000000070371273,0.8196,0.8091166959541737,0.010483304045826314,0.8244,0.8138578255724339,0.010542174427566109,0.0,0.0,22.455880064342598
barabasi_albert,unweighted,15,iid,0.15,1.75,1,4.8,0.5281431483842096,72.0,514.0,0.9495993799199475,11.256973574341385,0.022500000000000003,1.541976423090495e-16,0.0,1.0,1.62,1.6199999999999997,-2.741291418827547e-16,0.5204249999999999,0.5204249999999997,-4.266601430081786e-16,3.8727376405742837,3.84221793098478,-0.007880655087437793,0.0084,0.0088,0.009436444434644253,0.010000000070371273,0.9872,0.9853302839850587,0.0018697160149412362,0.9882,0.9860672391641423,0.002132760835857672,0.0,0.0,68.77113269704923
barabasi_albert,unweighted,15,iid,0.15,3.0,1,4.8,0.5281431483842096,72.0,514.0,0.9495993799199475,11.256973574341385,0.022500000000000003,1.541976423090495e-16,0.0,1.0,1.62,1.6199999999999997,-2.741291418827547e-16,0.5204249999999999,0.5204249999999997,-4.266601430081786e-16,3.8727376405742837,3.84221793098478,-0.007880655087437793,0.0084,0.0088,0.009436444434644253,0.010000000070371273,1.0,0.9999999999995202,4.798383912429927e-13,1.0,0.9999999999995364,4.636291350834654e-13,0.0,0.0,202.1029205790834
barabasi_albert,unweighted,15,iid,0.15,1.0,2,4.8,0.3245367068207757,72.0,454.0,1.6848113085223515,9.990664741531942,0.022500000000000003,1.541976423090495e-16,0.0,1.0,1.62,1.6200000000000006,2.741291418827547e-16,0.4596749999999999,0.4596750000000004,1.086855628610041e-15,3.5537404864639557,3.6555159475489707,0.028638968285015002,0.0134,0.0116,0.012434756883897446,0.009999999999847187,0.9254,0.9291123906133969,-0.0037123906133968987,0.9132,0.9176788166855764,-0.00447881668557637,0.0,0.0,13.718186770210988
barabasi_albert,unweighted,15,iid,0.15,1.75,2,4.8,0.3245367068207757,72.0,454.0,1.6848113085223515,9.990664741531942,0.022500000000000003,1.541976423090495e-16,0.0,1.0,1.62,1.6200000000000006,2.741291418827547e-16,0.4596749999999999,0.4596750000000004,1.086855628610041e-15,3.5537404864639557,3.6555159475489707,0.028638968285015002,0.0134,0.0116,0.012434756883897446,0.009999999999847187,1.0,0.9999999399320335,6.006796648971857e-08,1.0,0.9999998984517551,1.0154824492403236e-07,0.0,0.0,42.011946983771146
barabasi_albert,unweighted,15,iid,0.15,3.0,2,4.8,0.3245367068207757,72.0,454.0,1.6848113085223515,9.990664741531942,0.022500000000000003,1.541976423090495e-16,0.0,1.0,1.62,1.6200000000000006,2.741291418827547e-16,0.4596749999999999,0.4596750000000004,1.086855628610041e-15,3.5537404864639557,3.6555159475489707,0.028638968285015002,0.0134,0.0116,0.012434756883897446,0.009999999999847187,1.0,0.9999999999996635,3.3650859876388495e-13,1.0,0.9999999999995346,4.654054919228656e-13,0.0,0.0,123.46368093189888
barabasi_albert,unweighted,15,iid,0.3,1.0,0,4.8,0.46398036356916844,72.0,492.0,1.6806298240786344,12.121176567849336,0.09000000000000001,1.541976423090495e-16,0.0,1.0,6.480000000000002,6.4799999999999995,-4.111937128241319e-16,7.970399999999999,7.9704,1.1143461052144502e-16,15.38603536130929,15.158783090184592,-0.014770034371307954,0.009,0.0096,0.008960359736073897,0.010000000034012302,0.1616,0.1695634029603837,-0.007963402960383698,0.1712,0.1787713076559793,-0.007571307655979298,0.0,0.0,4.665666391794886
barabasi_albert,unweighted,15,iid,0.3,1.75,0,4.8,0.46398036356916844,72.0,492.0,1.6806298240786344,12.121176567849336,0.09000000000000001,1.541976423090495e-16,0.0,1.0,6.480000000000002,6.4799999999999995,-4.111937128241319e-16,7.970399999999999,7.9704,1.1143461052144502e-16,15.38603536130929,15.158783090184592,-0.014770034371307954,0.009,0.0096,0.008960359736073897,0.010000000034012302,0.6948,0.710230358428243,-0.01543035842824303,0.7108,0.7237832381727032,-0.012983238172703193,0.0,0.0,14.288603324871836
barabasi_albert,unweighted,15,iid,0.3,3.0,0,4.8,0.46398036356916844,72.0,492.0,1.6806298240786344,12.121176567849336,0.09000000000000001,1.541976423090495e-16,0.0,1.0,6.480000000000002,6.4799999999999995,-4.111937128241319e-16,7.970399999999999,7.9704,1.1143461052144502e-16,15.38603536130929,15.158783090184592,-0.014770034371307954,0.009,0.0096,0.008960359736073897,0.010000000034012302,0.9998,0.9997995814268233,4.185731766748191e-07,0.9998,0.9998347981640319,-3.479816403184621e-05,0.0,0.0,41.99099752615397
barabasi_albert,unweighted,15,iid,0.3,1.0,1,4.8,0.4823265376162594,72.0,498.0,1.6658614502222582,11.283970977663103,0.09000000000000001,1.541976423090495e-16,0.0,1.0,6.48,6.4799999999999995,-1.3706457094137734e-16,8.067599999999999,8.067599999999999,0.0,15.202486363854023,15.195697023233585,-0.0004465940937517031,0.0106,0.0106,0.009967051773145608,0.010000000075970017,0.176,0.1823840918374558,-0.0063840918374558075,0.176,0.18266105450114975,-0.00666105450114976,0.0,0.0,5.4764127610827416
barabasi_albert,unweighted,15,iid,0.3,1.75,1,4.8,0.4823265376162594,72.0,498.0,1.6658614502222582,11.283970977663103,0.09000000000000001,1.541976423090495e-16,0.0,1.0,6.48,6.4799999999999995,-1.3706457094137734e-16,8.067599999999999,8.067599999999999,0.0,15.202486363854023,15.195697023233585,-0.0004465940937517031,0.0106,0.0106,0.009967051773145608,0.010000000075970017,0.686,0.6988071520772599,-0.012807152077259798,0.6868,0.6991929690566768,-0.012392969056676861,0.0,0.0,16.771514080815898
barabasi_albert,unweighted,15,iid,0.3,3.0,1,4.8,0.4823265376162594,72.0,498.0,1.6658614502222582,11.283970977663103,0.09000000000000001,1.541976423090495e-16,0.0,1.0,6.48,6.4799999999999995,-1.3706457094137734e-16,8.067599999999999,8.067599999999999,0.0,15.202486363854023,15.195697023233585,-0.0004465940937517031,0.0106,0.0106,0.009967051773145608,0.010000000075970017,0.9982,0.9984808074279633,-0.0002808074279633255,0.9982,0.9984878811032083,-0.0002878811032083206,0.0,0.0,49.28771484974467
barabasi_albert,unweighted,15,iid,0.3,1.0,2,4.8,0.5057539293342534,72.0,506.0,1.3949983961404007,13.060342100867356,0.09000000000000001,1.541976423090495e-16,0.0,1.0,6.479999999999999,6.4799999999999995,1.3706457094137737e-16,8.197199999999999,8.197199999999999,0.0,15.179356047907092,15.333499529655544,0.01015481033990933,0.009,0.0088,0.010745071900350567,0.01000000001732193,0.1852,0.18139429679444577,0.003805703205554234,0.1784,0.17515685208281534,0.0032431479171846633,0.0,0.0,4.878135745295329
barabasi_albert,unweighted,15,iid,0.3,1.75,2,4.8,0.5057539293342534,72.0,506.0,1.3949983961404007,13.060342100867356,0.09000000000000001,1.541976423090495e-16,0.0,1.0,6.479999999999999,6.4799999999999995,1.3706457094137737e-16,8.197199999999999,8.197199999999999,0.0,15.179356047907092,15.333499529655544,0.01015481033990933,0.009,0.0088,0.010745071900350567,0.01000000001732193,0.6956,0.7005695936031205,-0.004969593603120548,0.688,0.6920197188793252,-0.004019718879325285,0.0,0.0,14.939290719966943
barabasi_albert,unweighted,15,iid,0.3,3.0,2,4.8,0.5057539293342534,72.0,506.0,1.3949983961404007,13.060342100867356,0.09000000000000001,1.541976423090495e-16,0.0,1.0,6.479999999999999,6.4799999999999995,1.3706457094137737e-16,8.197199999999999,8.197199999999999,0.0,15.179356047907092,15.333499529655544,0.01015481033990933,0.009,0.0088,0.010745071900350567,0.01000000001732193,0.999,0.9984303757610562,0.0005696242389438,0.999,0.9982584718849948,0.0007415281150051634,0.0,0.0,43.90322170765796
barabasi_albert,unweighted,15,heteroscedastic,0.15,1.0,0,4.8,0.45133546692422005,72.0,488.0,1.602629344427181,10.460821325566748,0.022500000000000003,0.46819366839553894,0.0,5.444444444444444,1.5640471915875866,1.564047191587587,2.8393594019326853e-16,0.5321262169405602,0.5321262169405603,2.086390388747133e-16,3.854044773119115,3.8856244711526053,0.008193910525832479,0.0096,0.0092,0.010546230741814211,0.009999999990852826,0.811,0.8210318391949717,-0.010031839194971637,0.8046,0.8157395102912821,-0.011139510291282129,0.0,0.0,28.472062671297717
barabasi_albert,unweighted,15,heteroscedastic,0.15,1.75,0,4.8,0.45133546692422005,72.0,488.0,1.602629344427181,10.460821325566748,0.022500000000000003,0.46819366839553894,0.0,5.444444444444444,1.5640471915875866,1.564047191587587,2.8393594019326853e-16,0.5321262169405602,0.5321262169405603,2.086390388747133e-16,3.854044773119115,3.8856244711526053,0.008193910525832479,0.0096,0.0092,0.010546230741814211,0.009999999990852826,1.0,0.9998930582024954,0.00010694179750458943,1.0,0.9998813391948495,0.00011866080515055,0.0,0.0,87.19569193084928
barabasi_albert,unweighted,15,heteroscedastic,0.15,3.0,0,4.8,0.45133546692422005,72.0,488.0,1.602629344427181,10.460821325566748,0.022500000000000003,0.46819366839553894,0.0,5.444444444444444,1.5640471915875866,1.564047191587587,2.8393594019326853e-16,0.5321262169405602,0.5321262169405603,2.086390388747133e-16,3.854044773119115,3.8856244711526053,0.008193910525832479,0.0096,0.0092,0.010546230741814211,0.009999999990852826,1.0,0.9999999999999679,3.2085445411667024e-14,1.0,0.9999999999999706,2.942091015256665e-14,0.0,0.0,256.24856404167946
barabasi_albert,unweighted,15,heteroscedastic,0.15,1.0,1,4.8,0.5057539293342534,72.0,506.0,0.9114477846332205,11.241640468495603,0.02250000000000001,0.4681936683955388,0.0,5.444444444444445,1.4355219286996665,1.4355219286996668,1.5467865762675262e-16,0.422467605666114,0.42246760566611385,-3.941922444709021e-16,3.4991341308542525,3.470815307714748,-0.008093094485803858,0.009,0.0096,0.00945355180499785,0.009999999999953268,0.8404,0.838425484175405,0.001974515824595069,0.8436,0.8423084585534606,0.0012915414465394237,0.0,0.0,25.373976021224685
barabasi_albert,unweighted,15,heteroscedastic,0.15,1.75,1,4.8,0.5057539293342534,72.0,506.0,0.9114477846332205,11.241640468495603,0.02250000000000001,0.4681936683955388,0.0,5.444444444444445,1.4355219286996665,1.4355219286996668,1.5467865762675262e-16,0.422467605666114,0.42246760566611385,-3.941922444709021e-16,3.4991341308542525,3.470815307714748,-0.008093094485803858,0.009,0.0096,0.00945355180499785,0.009999999999953268,0.9878,0.9874644701434536,0.00033552985654639045,0.9882,0.9880387203313361,0.00016127966866386068,0.0,0.0,77.7078015650006
barabasi_albert,unweighted,15,heteroscedastic,0.15,3.0,1,4.8,0.5057539293342534,72.0,506.0,0.9114477846332205,11.241640468495603,0.02250000000000001,0.4681936683955388,0.0,5.444444444444445,1.4355219286996665,1.4355219286996668,1.5467865762675262e-16,0.422467605666114,0.42246760566611385,-3.941922444709021e-16,3.4991341308542525,3.470815307714748,-0.008093094485803858,0.009,0.0096,0.00945355180499785,0.009999999999953268,1.0,0.9999999998975273,1.0247269699448225e-10,1.0,0.9999999999069206,9.307943305003619e-11,0.0,0.0,228.36578419102216
barabasi_albert,unweighted,15,heteroscedastic,0.15,1.0,2,4.8,0.488288773090193,72.0,500.0,0.9547476555488333,11.252589119309933,0.022500000000000003,0.46819366839553894,0.0,5.444444444444445,1.4920287253141833,1.4920287253141833,0.0,0.45764638856241957,0.4576463885624194,-3.638911129986106e-16,3.5374082746177655,3.5801424774470947,0.012080653266959071,0.0078,0.0072,0.010902655470229783,0.010000000112663832,0.8466,0.8435187878272967,0.003081212172703296,0.8404,0.8373295403688522,0.003070459631147826,0.0,0.0,24.729429384434482
barabasi_albert,unweighted,15,heteroscedastic,0.15,1.75,2,4.8,0.488288773090193,72.0,500.0,0.9547476555488333,11.252589119309933,0.022500000000000003,0.46819366839553894,0.0,5.444444444444445,1.4920287253141833,1.4920287253141833,0.0,0.45764638856241957,0.4576463885624194,-3.638911129986106e-16,3.5374082746177655,3.5801424774470947,0.012080653266959071,0.0078,0.0072,0.010902655470229783,0.010000000112663832,0.9912,0.9890894159262484,0.0021105840737515313,0.9898,0.9882259586709647,0.0015740413290352695,0.0,0.0,75.73387748983058
barabasi_albert,unweighted,15,heteroscedastic,0.15,3.0,2,4.8,0.488288773090193,72.0,500.0,0.9547476555488333,11.252589119309933,0.022500000000000003,0.46819366839553894,0.0,5.444444444444445,1.4920287253141833,1.4920287253141833,0.0,0.45764638856241957,0.4576463885624194,-3.638911129986106e-16,3.5374082746177655,3.5801424774470947,0.012080653266959071,0.0078,0.0072,0.010902655470229783,0.010000000112663832,1.0,0.9999999999979156,2.0844437287337314e-12,1.0,0.9999999999969804,3.0195845823755008e-12,0.0,0.0,222.56486445991038
barabasi_albert,unweighted,15,heteroscedastic,0.3,1.0,0,4.8,0.4249182927993988,72.0,480.0,1.6205858284567203,10.55051406463888,0.08999999999999998,0.46819366839553883,0.0,5.444444444444444,6.604647345473195,6.604647345473195,0.0,9.911064540614868,9.911064540614865,-3.584593425097498e-16,17.350336718402055,16.646607493531107,-0.04055997507671196,0.0074,0.0102,0.007577055404001498,0.009999999983855812,0.1158,0.11786368845745097,-0.002063688457450974,0.1358,0.13875534249098095,-0.00295534249098095,0.0,0.0,6.495189902354022
barabasi_albert,unweighted,15,heteroscedastic,0.3,1.75,0,4.8,0.4249182927993988,72.0,480.0,1.6205858284567203,10.55051406463888,0.08999999999999998,0.46819366839553883,0.0,5.444444444444444,6.604647345473195,6.604647345473195,0.0,9.911064540614868,9.911064540614865,-3.584593425097498e-16,17.350336718402055,16.646607493531107,-0.04055997507671196,0.0074,0.0102,0.007577055404001498,0.009999999983855812,0.6032,0.5970099781204927,0.006190021879507235,0.644,0.6369561166976376,0.007043883302362386,0.0,0.0,19.891519075959188
barabasi_albert,unweighted,15,heteroscedastic,0.3,3.0,0,4.8,0.4249182927993988,72.0,480.0,1.6205858284567203,10.55051406463888,0.08999999999999998,0.46819366839553883,0.0,5.444444444444444,6.604647345473195,6.604647345473195,0.0,9.911064540614868,9.911064540614865,-3.584593425097498e-16,17.350336718402055,16.646607493531107,-0.04055997507671196,0.0074,0.0102,0.007577055404001498,0.009999999983855812,0.9984,0.9986613808347784,-0.0002613808347784463,0.9992,0.9991042702126417,9.572978735827853e-05,0.0,0.0,58.45670912118617
barabasi_albert,unweighted,15,heteroscedastic,0.3,1.0,1,4.8,0.3893846046910052,72.0,470.0,1.524143836144326,10.252359213847601,0.09000000000000001,0.46819366839553894,0.0,5.444444444444445,6.0323775327006945,6.0323775327006945,0.0,7.1101222373523445,7.110122237352346,2.49834922678028e-16,14.293034068631437,14.235714044974225,-0.004010346815237139,0.0094,0.0096,0.009709981245585086,0.009999999913718138,0.192,0.19399778861472064,-0.001997788614720636,0.1942,0.19688210437259762,-0.00268210437259761,0.0,0.0,5.7111036935200525
barabasi_albert,unweighted,15,heteroscedastic,0.3,1.75,1,4.8,0.3893846046910052,72.0,470.0,1.524143836144326,10.252359213847601,0.09000000000000001,0.46819366839553894,0.0,5.444444444444445,6.0323775327006945,6.0323775327006945,0.0,7.1101222373523445,7.110122237352346,2.49834922678028e-16,14.293034068631437,14.235714044974225,-0.004010346815237139,0.0094,0.0096,0.009709981245585086,0.009999999913718138,0.7632,0.7680245972409023,-0.00482459724090234,0.7664,0.7707266326847456,-0.004326632684745646,0.0,0.0,17.49025506140516
barabasi_albert,unweighted,15,heteroscedastic,0.3,3.0,1,4.8,0.3893846046910052,72.0,470.0,1.524143836144326,10.252359213847601,0.09000000000000001,0.46819366839553894,0.0,5.444444444444445,6.0323775327006945,6.0323775327006945,0.0,7.1101222373523445,7.110122237352346,2.49834922678028e-16,14.293034068631437,14.235714044974225,-0.004010346815237139,0.0094,0.0096,0.009709981245585086,0.009999999913718138,0.9988,0.9990416663663996,-0.00024166636639955108,0.9988,0.9990833097907117,-0.00028330979071167217,0.0,0.0,51.39993324168048
barabasi_albert,unweighted,15,heteroscedastic,0.3,1.0,2,4.8,0.5,72.0,504.0,0.9497489089435673,11.286313092706685,0.09000000000000001,0.4681936683955389,0.0,5.444444444444444,6.5691921005386,6.569192100538601,1.3520359978928073e-16,9.682823825313191,9.682823825313195,3.6690884218226373e-16,16.674952612473785,16.416307883628726,-0.015510972346127014,0.0096,0.0122,0.0089926502254975,0.010000000003354104,0.1416,0.13774573175310142,0.003854268246898579,0.1486,0.1457736506718092,0.0028263493281908136,0.0,0.0,7.717050696871593
barabasi_albert,unweighted,15,heteroscedastic,0.3,1.75,2,4.8,0.5,72.0,504.0,0.9497489089435673,11.286313092706685,0.09000000000000001,0.4681936683955389,0.0,5.444444444444444,6.5691921005386,6.569192100538601,1.3520359978928073e-16,9.682823825313191,9.682823825313195,3.6690884218226373e-16,16.674952612473785,16.416307883628726,-0.015510972346127014,0.0096,0.0122,0.0089926502254975,0.010000000003354104,0.6386,0.6363632289710331,0.0022367710289667997,0.6508,0.6500827165510744,0.0007172834489256319,0.0,0.0,23.633467759169253
barabasi_albert,unweighted,15,heteroscedastic,0.3,3.0,2,4.8,0.5,72.0,504.0,0.9497489089435673,11.286313092706685,0.09000000000000001,0.4681936683955389,0.0,5.444444444444444,6.5691921005386,6.569192100538601,1.3520359978928073e-16,9.682823825313191,9.682823825313195,3.6690884218226373e-16,16.674952612473785,16.416307883628726,-0.015510972346127014,0.0096,0.0122,0.0089926502254975,0.010000000003354104,0.9526,0.9530403154193146,-0.000440315419314552,0.9546,0.954815211149022,-0.00021521114902200988,0.0,0.0,69.45345627184433
barabasi_albert,unweighted,15,correlated,0.15,1.0,0,4.8,0.4249182927993988,72.0,480.0,1.5067596292969752,11.207253411948674,0.0225,0.02981969816365344,0.12264390292446227,5.402420293319814,1.2441023686409685,1.244102368640968,-3.5695552154215124e-16,0.26381190581610003,0.26381190581609987,-6.312582943465101e-16,2.7531414862941737,2.791253117687352,0.01384296142530547,0.0088,0.008,0.011117454497225343,0.010000000185450164,0.9776,0.9790474476389178,-0.0014474476389177982,0.9748,0.9768122742943303,-0.002012274294330263,0.0,0.0,29.909130377630632
barabasi_albert,unweighted,15,correlated,0.15,1.75,0,4.8,0.4249182927993988,72.0,480.0,1.5067596292969752,11.207253411948674,0.0225,0.02981969816365344,0.12264390292446227,5.402420293319814,1.2441023686409685,1.244102368640968,-3.5695552154215124e-16,0.26381190581610003,0.26381190581609987,-6.312582943465101e-16,2.7531414862941737,2.791253117687352,0.01384296142530547,0.0088,0.008,0.011117454497225343,0.010000000185450164,1.0,0.9999999999895284,1.0471623568264476e-11,1.0,0.9999999999854496,1.4550360916132377e-11,0.0,0.0,91.59671178149382
barabasi_albert,unweighted,15,correlated,0.15,3.0,0,4.8,0.4249182927993988,72.0,480.0,1.5067596292969752,11.207253411948674,0.0225,0.02981969816365344,0.12264390292446227,5.402420293319814,1.2441023686409685,1.244102368640968,-3.5695552154215124e-16,0.26381190581610003,0.26381190581609987,-6.312582943465101e-16,2.7531414862941737,2.791253117687352,0.01384296142530547,0.0088,0.008,0.011117454497225343,0.010000000185450164,1.0,0.9999999999995999,4.001243780749064e-13,1.0,0.9999999999996219,3.781419621873283e-13,0.0,0.0,269.1821733986757
barabasi_albert,unweighted,15,correlated,0.15,1.0,1,4.8,0.5651941652604391,72.0,528.0,1.2656118581366926,13.06729686475343,0.022500000000000003,0.04452304004792799,0.11948039773276205,5.305166480431296,1.2675262832838723,1.2675262832838712,-8.75897438393799e-16,0.30572481464799717,0.3057248146479967,-1.4525782290893667e-15,2.9276533429896934,2.9831098794511552,0.018942316580702192,0.0114,0.01,0.011417951354220635,0.010000000004067255,0.9348,0.9376560576431703,-0.0028560576431703177,0.9268,0.9307309017989609,-0.00393090179896094,0.0,0.0,33.54631532330119
barabasi_albert,unweighted,15,correlated,0.15,1.75,1,4.8,0.5651941652604391,72.0,528.0,1.2656118581366926,13.06729686475343,0.022500000000000003,0.04452304004792799,0.11948039773276205,5.305166480431296,1.2675262832838723,1.2675262832838712,-8.75897438393799e-16,0.30572481464799717,0.3057248146479967,-1.4525782290893667e-15,2.9276533429896934,2.9831098794511552,0.018942316580702192,0.0114,0.01,0.011417951354220635,0.010000000004067255,1.0,0.9999999661138744,3.3886125572202275e-08,1.0,0.9999999486629254,5.1337074591373266e-08,0.0,0.0,102.73559067760986
barabasi_albert,unweighted,15,correlated,0.15,3.0,1,4.8,0.5651941652604391,72.0,528.0,1.2656118581366926,13.06729686475343,0.022500000000000003,0.04452304004792799,0.11948039773276205,5.305166480431296,1.2675262832838723,1.2675262832838712,-8.75897438393799e-16,0.30572481464799717,0.3057248146479967,-1.4525782290893667e-15,2.9276533429896934,2.9831098794511552,0.018942316580702192,0.0114,0.01,0.011417951354220635,0.010000000004067255,1.0,0.9999999999999081,9.192646643896296e-14,1.0,0.9999999999999242,7.582823258189819e-14,0.0,0.0,301.91683790971075
barabasi_albert,unweighted,15,correlated,0.15,1.0,2,4.8,0.45770158481344664,72.0,490.0,1.813047999650236,10.79223310844913,0.0225,0.04040466463411253,0.12266584370504455,5.4457453942940335,1.2705700954300538,1.2705700954300545,5.242794688549832e-16,0.28014305349917834,0.28014305349917873,1.3870701192308682e-15,2.8544500294334414,2.8642885853914275,0.0034467431051644257,0.0094,0.0092,0.010271616603918454,0.009999999818772198,0.9506,0.9521682105300943,-0.0015682105300942606,0.9502,0.9512089166544471,-0.001008916654447023,0.0,0.0,30.640012520501234
barabasi_albert,unweighted,15,correlated,0.15,1.75,2,4.8,0.45770158481344664,72.0,490.0,1.813047999650236,10.79223310844913,0.0225,0.04040466463411253,0.12266584370504455,5.4457453942940335,1.2705700954300538,1.2705700954300545,5.242794688549832e-16,0.28014305349917834,0.28014305349917873,1.3870701192308682e-15,2.8544500294334414,2.8642885853914275,0.0034467431051644257,0.0094,0.0092,0.010271616603918454,0.009999999818772198,1.0,0.9999999662026112,3.379738877651306e-08,1.0,0.9999999636155821,3.638441792297442e-08,0.0,0.0,93.83503834403504
barabasi_albert,unweighted,15,correlated,0.15,3.0,2,4.8,0.45770158481344664,72.0,490.0,1.813047999650236,10.79223310844913,0.0225,0.04040466463411253,0.12266584370504455,5.4457453942940335,1.2705700954300538,1.2705700954300545,5.242794688549832e-16,0.28014305349917834,0.28014305349917873,1.3870701192308682e-15,2.8544500294334414,2.8642885853914275,0.0034467431051644257,0.0094,0.0092,0.010271616603918454,0.009999999818772198,1.0,0.9999999999999133,8.670841822322473e-14,1.0,0.9999999999999157,8.426592756904938e-14,0.0,0.0,275.7601126845111
barabasi_albert,unweighted,15,correlated,0.3,1.0,0,4.8,0.5114431288756103,72.0,508.0,0.9385801135799084,10.612047395964204,0.09,0.04832956002078417,0.11976513561501356,5.236009880137076,5.093629324553654,5.0936293245536515,-5.231113395425303e-16,4.710042743793526,4.71004274379352,-1.3199984110745943e-15,11.61965732787016,11.663750869625565,0.003794736842165321,0.008,0.0078,0.010294526610972021,0.009999999942889248,0.2912,0.28203488926370757,0.009165110736292448,0.2888,0.2791296391198977,0.009670360880102313,0.0,0.0,7.759250872097417
barabasi_albert,unweighted,15,correlated,0.3,1.75,0,4.8,0.5114431288756103,72.0,508.0,0.9385801135799084,10.612047395964204,0.09,0.04832956002078417,0.11976513561501356,5.236009880137076,5.093629324553654,5.0936293245536515,-5.231113395425303e-16,4.710042743793526,4.71004274379352,-1.3199984110745943e-15,11.61965732787016,11.663750869625565,0.003794736842165321,0.008,0.0078,0.010294526610972021,0.009999999942889248,0.8226,0.823255100865961,-0.0006551008659609892,0.8208,0.8210518159572776,-0.0002518159572776346,0.0,0.0,23.762705795798343
barabasi_albert,unweighted,15,correlated,0.3,3.0,0,4.8,0.5114431288756103,72.0,508.0,0.9385801135799084,10.612047395964204,0.09,0.04832956002078417,0.11976513561501356,5.236009880137076,5.093629324553654,5.0936293245536515,-5.231113395425303e-16,4.710042743793526,4.71004274379352,-1.3199984110745943e-15,11.61965732787016,11.663750869625565,0.003794736842165321,0.008,0.0078,0.010294526610972021,0.009999999942889248,0.987,0.9859689404308215,0.001031059569178483,0.9868,0.9856237929103426,0.0011762070896573773,0.0,0.0,69.83325784887676
barabasi_albert,unweighted,15,correlated,0.3,1.0,1,4.8,0.6236095644623236,72.0,552.0,0.9565422696564168,14.007907217167485,0.09000000000000002,0.04993789366514405,0.1177457844473433,5.251262918434532,5.129687408739469,5.129687408739468,-1.7314474526984474e-16,5.282844260800048,5.282844260800049,1.681250432254115e-16,11.731725061282496,12.364527695042781,0.05393943605520431,0.0148,0.0106,0.014191501193006273,0.009999999984282415,0.2588,0.2613437836323735,-0.0025437836323735086,0.2252,0.22525270611212575,-5.2706112125738835e-05,0.0,0.0,8.289384174352215
barabasi_albert,unweighted,15,correlated,0.3,1.75,1,4.8,0.6236095644623236,72.0,552.0,0.9565422696564168,14.007907217167485,0.09000000000000002,0.04993789366514405,0.1177457844473433,5.251262918434532,5.129687408739469,5.129687408739468,-1.7314474526984474e-16,5.282844260800048,5.282844260800049,1.681250432254115e-16,11.731725061282496,12.364527695042781,0.05393943605520431,0.0148,0.0106,0.014191501193006273,0.009999999984282415,0.8198,0.8173530982309031,0.0024469017690968986,0.7854,0.7826284710203113,0.0027715289796886866,0.0,0.0,25.386239033953657
barabasi_albert,unweighted,15,correlated,0.3,3.0,1,4.8,0.6236095644623236,72.0,552.0,0.9565422696564168,14.007907217167485,0.09000000000000002,0.04993789366514405,0.1177457844473433,5.251262918434532,5.129687408739469,5.129687408739468,-1.7314474526984474e-16,5.282844260800048,5.282844260800049,1.681250432254115e-16,11.731725061282496,12.364527695042781,0.05393943605520431,0.0148,0.0106,0.014191501193006273,0.009999999984282415,0.9862,0.9848138033936136,0.0013861966063863917,0.9824,0.9794415615429872,0.002958438457012824,0.0,0.0,74.60445756916992
barabasi_albert,unweighted,15,correlated,0.3,1.0,2,4.8,0.46398036356916844,72.0,492.0,1.6887696962645464,12.168219066343013,0.09000000000000002,0.04037797654973348,0.12280681785355763,5.546945047328933,5.071423787480902,5.071423787480903,1.7513393810484626e-16,4.49960419316997,4.499604193169971,1.9739034403255006e-16,11.508346797126176,11.517363280220382,0.0007834733566125245,0.009,0.009,0.010059142951884537,0.010000000149312571,0.273,0.27841200546822,-0.00541200546821996,0.2726,0.27775391780814546,-0.005153917808145447,0.0,0.0,8.00201250560502
barabasi_albert,unweighted,15,correlated,0.3,1.75,2,4.8,0.46398036356916844,72.0,492.0,1.6887696962645464,12.168219066343013,0.09000000000000002,0.04037797654973348,0.12280681785355763,5.546945047328933,5.071423787480902,5.071423787480903,1.7513393810484626e-16,4.49960419316997,4.499604193169971,1.9739034403255006e-16,11.508346797126176,11.517363280220382,0.0007834733566125245,0.009,0.009,0.010059142951884537,0.010000000149312571,0.872,0.8724622262767437,-0.00046222627674374905,0.8716,0.8720339338977465,-0.0004339338977464857,0.0,0.0,24.506163298415377
barabasi_albert,unweighted,15,correlated,0.3,3.0,2,4.8,0.46398036356916844,72.0,492.0,1.6887696962645464,12.168219066343013,0.09000000000000002,0.04037797654973348,0.12280681785355763,5.546945047328933,5.071423787480902,5.071423787480903,1.7513393810484626e-16,4.49960419316997,4.499604193169971,1.9739034403255006e-16,11.508346797126176,11.517363280220382,0.0007834733566125245,0.009,0.009,0.010059142951884537,0.010000000149312571,1.0,0.9999618600779634,3.813992203660632e-05,1.0,0.9999614182989239,3.8581701076068065e-05,0.0,0.0,72.0181125504452
barabasi_albert,unweighted,30,iid,0.15,1.0,0,5.4,0.5443310539518172,162.0,1296.0,1.4594114082777123,18.220687939714033,0.022499999999999996,1.5419764230904954e-16,0.0,1.0,3.644999999999999,3.644999999999999,0.0,1.312200000000001,1.3121999999999998,-8.460775984035633e-16,7.008372464242425,6.994943249079279,-0.0019161674456749872,0.0096,0.0098,0.009824930451750202,0.009999999999989073,0.6698,0.6843317953427341,-0.014531795342734188,0.6716,0.6865049920711876,-0.014904992071187673,0.0,0.0,13.134486875748397
barabasi_albert,unweighted,30,iid,0.15,1.75,0,5.4,0.5443310539518172,162.0,1296.0,1.4594114082777123,18.220687939714033,0.022499999999999996,1.5419764230904954e-16,0.0,1.0,3.644999999999999,3.644999999999999,0.0,1.312200000000001,1.3121999999999998,-8.460775984035633e-16,7.008372464242425,6.994943249079279,-0.0019161674456749872,0.0096,0.0098,0.009824930451750202,0.009999999999989073,0.9998,0.9998229645715035,-2.2964571503525377e-05,0.9998,0.9998287578179054,-2.875781790534493e-05,0.0,0.0,40.22436605697946
barabasi_albert,unweighted,30,iid,0.15,3.0,0,5.4,0.5443310539518172,162.0,1296.0,1.4594114082777123,18.220687939714033,0.022499999999999996,1.5419764230904954e-16,0.0,1.0,3.644999999999999,3.644999999999999,0.0,1.312200000000001,1.3121999999999998,-8.460775984035633e-16,7.008372464242425,6.994943249079279,-0.0019161674456749872,0.0096,0.0098,0.009824930451750202,0.009999999999989073,1.0,0.99999999999998,1.9984014443252818e-14,1.0,0.9999999999999776,2.2426505097428162e-14,0.0,0.0,118.21038188173557
barabasi_albert,unweighted,30,iid,0.15,1.0,1,5.4,0.5669611112693843,162.0,1318.0,1.4711130180467042,14.465383970964295,0.022499999999999996,1.5419764230904954e-16,0.0,1.0,3.644999999999999,3.644999999999999,0.0,1.3344750000000005,1.3344749999999992,-9.983458884956161e-16,7.121882508861792,6.99454928816822,-0.017879152111135038,0.0048,0.007,0.008404593051462517,0.009999999999769804,0.6286,0.6255421866611118,0.0030578133388882156,0.6474,0.6460291968526117,0.0013708031473882443,0.0,0.0,16.671362117967767
barabasi_albert,unweighted,30,iid,0.15,1.75,1,5.4,0.5669611112693843,162.0,1318.0,1.4711130180467042,14.465383970964295,0.022499999999999996,1.5419764230904954e-16,0.0,1.0,3.644999999999999,3.644999999999999,0.0,1.3344750000000005,1.3344749999999992,-9.983458884956161e-16,7.121882508861792,6.99454928816822,-0.017879152111135038,0.0048,0.007,0.008404593051462517,0.009999999999769804,1.0,0.999659292551086,0.0003407074489140127,1.0,0.9997500970289739,0.0002499029710261169,0.0,0.0,51.05604648627628
barabasi_albert,unweighted,30,iid,0.15,3.0,1,5.4,0.5669611112693843,162.0,1318.0,1.4711130180467042,14.465383970964295,0.022499999999999996,1.5419764230904954e-16,0.0,1.0,3.644999999999999,3.644999999999999,0.0,1.3344750000000005,1.3344749999999992,-9.983458884956161e-16,7.121882508861792,6.99454928816822,-0.017879152111135038,0.0048,0.007,0.008404593051462517,0.009999999999769804,1.0,0.9999999999973037,2.696287637604655e-12,1.0,0.9999999999976582,2.3417934258418427e-12,0.0,0.0,150.04225906170993
barabasi_albert,unweighted,30,iid,0.15,1.0,2,5.4,0.6245254256761352,162.0,1378.0,0.8964216352587433,17.353401162343687,0.022499999999999996,1.5419764230904954e-16,0.0,1.0,3.6449999999999996,3.644999999999999,-1.218351741701132e-16,1.3952250000000008,1.3952249999999995,-9.548765464711334e-16,7.061797614461566,7.117722270788632,0.007919323008144534,0.0124,0.0114,0.010737253159036009,0.009999999999937836,0.6394,0.6310852615261566,0.008314738473843342,0.6308,0.622470436663163,0.008329563336836987,0.0,0.0,19.5981121132769
barabasi_albert,unweighted,30,iid,0.15,1.75,2,5.4,0.6245254256761352,162.0,1378.0,0.8964216352587433,17.353401162343687,0.022499999999999996,1.5419764230904954e-16,0.0,1.0,3.6449999999999996,3.644999999999999,-1.218351741701132e-16,1.3952250000000008,1.3952249999999995,-9.548765464711334e-16,7.061797614461566,7.117722270788632,0.007919323008144534,0.0124,0.0114,0.010737253159036009,0.009999999999937836,0.9794,0.9783430572171022,0.0010569427828978073,0.9788,0.9778325749741089,0.0009674250258910888,0.0,0.0,60.01921834691052
barabasi_albert,unweighted,30,iid,0.15,3.0,2,5.4,0.6245254256761352,162.0,1378.0,0.8964216352587433,17.353401162343687,0.022499999999999996,1.5419764230904954e-16,0.0,1.0,3.6449999999999996,3.644999999999999,-1.218351741701132e-16,1.3952250000000008,1.3952249999999995,-9.548765464711334e-16,7.061797614461566,7.117722270788632,0.007919323008144534,0.0124,0.0114,0.010737253159036009,0.009999999999937836,1.0,0.9999998341775431,1.658224568767963e-07,1.0,0.999999780970225,2.1902977498378107e-07,0.0,0.0,176.38300901949216
barabasi_albert,unweighted,30,iid,0.3,1.0,0,5.4,0.5505951387895742,162.0,1302.0,1.534420315104165,15.43063823269766,0.08999999999999998,1.5419764230904954e-16,0.0,1.0,14.579999999999997,14.579999999999991,-3.655055225103397e-16,21.09240000000001,21.092399999999977,-1.5159215219322835e-15,27.45331098991447,27.899503051771283,0.016252759531290437,0.0138,0.012,0.01163664445692797,0.009999999999880549,0.1222,0.12620677474329292,-0.004006774743292918,0.1118,0.11649907310482256,-0.004699073104822565,0.0,0.0,4.2194536694656914
barabasi_albert,unweighted,30,iid,0.3,1.75,0,5.4,0.5505951387895742,162.0,1302.0,1.534420315104165,15.43063823269766,0.08999999999999998,1.5419764230904954e-16,0.0,1.0,14.579999999999997,14.579999999999991,-3.655055225103397e-16,21.09240000000001,21.092399999999977,-1.5159215219322835e-15,27.45331098991447,27.899503051771283,0.016252759531290437,0.0138,0.012,0.01163664445692797,0.009999999999880549,0.5306,0.5300663102083157,0.000533689791684222,0.513,0.5115998816205005,0.0014001183794994931,0.0,0.0,12.922076862738681
barabasi_albert,unweighted,30,iid,0.3,3.0,0,5.4,0.5505951387895742,162.0,1302.0,1.534420315104165,15.43063823269766,0.08999999999999998,1.5419764230904954e-16,0.0,1.0,14.579999999999997,14.579999999999991,-3.655055225103397e-16,21.09240000000001,21.092399999999977,-1.5159215219322835e-15,27.45331098991447,27.899503051771283,0.016252759531290437,0.0138,0.012,0.01163664445692797,0.009999999999880549,0.9918,0.9916230457988208,0.00017695420117924687,0.99,0.9899167227256717,8.327727432833054e-05,0.0,0.0,37.97508302519122
barabasi_albert,unweighted,30,iid,0.3,1.0,1,5.4,0.578932053713252,162.0,1330.0,1.7855888156006507,16.233278325205752,0.08999999999999998,1.5419764230904954e-16,0.0,1.0,14.579999999999998,14.579999999999995,-2.436703483402264e-16,21.546000000000006,21.54599999999999,-8.244485470158034e-16,27.57598491122163,28.09692273956797,0.01889099627895247,0.0116,0.0094,0.0118916867779576,0.009999999999874998,0.1298,0.12579198037644873,0.004008019623551268,0.1196,0.11486226557653655,0.004737734423463452,0.0,0.0,4.124832091664513
barabasi_albert,unweighted,30,iid,0.3,1.75,1,5.4,0.578932053713252,162.0,1330.0,1.7855888156006507,16.233278325205752,0.08999999999999998,1.5419764230904954e-16,0.0,1.0,14.579999999999998,14.579999999999995,-2.436703483402264e-16,21.546000000000006,21.54599999999999,-8.244485470158034e-16,27.57598491122163,28.09692273956797,0.01889099627895247,0.0116,0.0094,0.0118916867779576,0.009999999999874998,0.5086,0.5136884020087948,-0.00508840200879479,0.4858,0.49264344472860794,-0.006843444728607928,0.0,0.0,12.632298280722571
barabasi_albert,unweighted,30,iid,0.3,3.0,1,5.4,0.578932053713252,162.0,1330.0,1.7855888156006507,16.233278325205752,0.08999999999999998,1.5419764230904954e-16,0.0,1.0,14.579999999999998,14.579999999999995,-2.436703483402264e-16,21.546000000000006,21.54599999999999,-8.244485470158034e-16,27.57598491122163,28.09692273956797,0.01889099627895247,0.0116,0.0094,0.0118916867779576,0.009999999999874998,0.9916,0.9909339634222559,0.0006660365777441113,0.9896,0.9887727187975018,0.0008272812024981979,0.0,0.0,37.12348882498062
barabasi_albert,unweighted,30,iid,0.3,1.0,2,5.4,0.6153054713272647,162.0,1368.0,0.934310639760406,15.44985682328106,0.08999999999999998,1.5419764230904954e-16,0.0,1.0,14.579999999999998,14.579999999999998,0.0,22.161600000000007,22.161600000000004,-1.6030943969751731e-16,27.71190531538152,28.389475332946642,0.024450502766009175,0.014,0.0118,0.012438000008137107,0.009999999999920517,0.1218,0.12412095763863824,-0.002320957638638238,0.1096,0.11072920654269833,-0.0011292065426983244,0.0,0.0,4.359201255854305
barabasi_albert,unweighted,30,iid,0.3,1.75,2,5.4,0.6153054713272647,162.0,1368.0,0.934310639760406,15.44985682328106,0.08999999999999998,1.5419764230904954e-16,0.0,1.0,14.579999999999998,14.579999999999998,0.0,22.161600000000007,22.161600000000004,-1.6030943969751731e-16,27.71190531538152,28.389475332946642,0.024450502766009175,0.014,0.0118,0.012438000008137107,0.009999999999920517,0.5068,0.5079728083878513,-0.0011728083878512763,0.4788,0.48002439753393006,-0.001224397533930055,0.0,0.0,13.350053846053813
barabasi_albert,unweighted,30,iid,0.3,3.0,2,5.4,0.6153054713272647,162.0,1368.0,0.934310639760406,15.44985682328106,0.08999999999999998,1.5419764230904954e-16,0.0,1.0,14.579999999999998,14.579999999999998,0.0,22.161600000000007,22.161600000000004,-1.6030943969751731e-16,27.71190531538152,28.389475332946642,0.024450502766009175,0.014,0.0118,0.012438000008137107,0.009999999999920517,0.9626,0.9659417793137972,-0.0033417793137971996,0.9586,0.9626753468315025,-0.004075346831502458,0.0,0.0,39.23281130268875
barabasi_albert,unweighted,30,heteroscedastic,0.15,1.0,0,5.4,0.6635730691544043,162.0,1422.0,1.5006294520926902,21.145321095630365,0.02250000000000001,0.4543445222350574,0.0,5.444444444444444,3.8309234149780265,3.8309234149780265,0.0,2.0797566815930764,2.079756681593075,-6.405882194496339e-16,8.248985939280042,8.40176033100449,0.018520384547750023,0.0158,0.0146,0.011397457656073695,0.009999999936907089,0.4834,0.484413051751428,-0.001013051751428018,0.4612,0.4642484939360772,-0.003048493936077201,0.0,0.0,24.116506567891978
barabasi_albert,unweighted,30,heteroscedastic,0.15,1.75,0,5.4,0.6635730691544043,162.0,1422.0,1.5006294520926902,21.145321095630365,0.02250000000000001,0.4543445222350574,0.0,5.444444444444444,3.8309234149780265,3.8309234149780265,0.0,2.0797566815930764,2.079756681593075,-6.405882194496339e-16,8.248985939280042,8.40176033100449,0.018520384547750023,0.0158,0.0146,0.011397457656073695,0.009999999936907089,0.9968,0.9957837158053267,0.001016284194673367,0.996,0.9947850760836612,0.001214923916338817,0.0,0.0,73.85680136416917
barabasi_albert,unweighted,30,heteroscedastic,0.15,3.0,0,5.4,0.6635730691544043,162.0,1422.0,1.5006294520926902,21.145321095630365,0.02250000000000001,0.4543445222350574,0.0,5.444444444444444,3.8309234149780265,3.8309234149780265,0.0,2.0797566815930764,2.079756681593075,-6.405882194496339e-16,8.248985939280042,8.40176033100449,0.018520384547750023,0.0158,0.0146,0.011397457656073695,0.009999999936907089,1.0,0.9999999999999658,3.419486915845482e-14,1.0,0.9999999999999336,6.639133687258436e-14,0.0,0.0,217.04855911102777
barabasi_albert,unweighted,30,heteroscedastic,0.15,1.0,1,5.4,0.7792461154597283,162.0,1568.0,1.3283992775056113,22.07383083301954,0.022499999999999996,0.45434452223505734,0.0,5.444444444444445,3.4183848299860493,3.4183848299860493,0.0,1.4867104391443682,1.4867104391443677,-2.9870592023665676e-16,7.410024497548104,7.273169464487999,-0.018468904266833185,0.0086,0.01,0.008746596563513509,0.009999999995582154,0.5178,0.5139356189832729,0.0038643810167271475,0.5378,0.5356258275022286,0.0021741724977712984,0.0,0.0,20.27514987435885
barabasi_albert,unweighted,30,heteroscedastic,0.15,1.75,1,5.4,0.7792461154597283,162.0,1568.0,1.3283992775056113,22.07383083301954,0.022499999999999996,0.45434452223505734,0.0,5.444444444444445,3.4183848299860493,3.4183848299860493,0.0,1.4867104391443682,1.4867104391443677,-2.9870592023665676e-16,7.410024497548104,7.273169464487999,-0.018468904266833185,0.0086,0.01,0.008746596563513509,0.009999999995582154,0.9972,0.9965825766849296,0.00061742331507042,0.9974,0.9972811813038451,0.00011881869615482099,0.0,0.0,62.09264649022396
barabasi_albert,unweighted,30,heteroscedastic,0.15,3.0,1,5.4,0.7792461154597283,162.0,1568.0,1.3283992775056113,22.07383083301954,0.022499999999999996,0.45434452223505734,0.0,5.444444444444445,3.4183848299860493,3.4183848299860493,0.0,1.4867104391443682,1.4867104391443677,-2.9870592023665676e-16,7.410024497548104,7.273169464487999,-0.018468904266833185,0.0086,0.01,0.008746596563513509,0.009999999995582154,1.0,0.9999999999009936,9.900635866699758e-11,1.0,0.9999999999086993,9.130074474228422e-11,0.0,0.0,182.47634886922955
barabasi_albert,unweighted,30,heteroscedastic,0.15,1.0,2,5.4,0.556788754754552,162.0,1308.0,1.60069711053225,14.615760544412995,0.02250000000000001,0.4543445222350573,0.0,5.444444444444444,3.720592386494878,3.720592386494878,0.0,1.7164312146485732,1.7164312146485723,-5.174564597288411e-16,7.704766504822616,7.718394911257613,0.0017688279620760774,0.0102,0.0102,0.010142379394905587,0.009999999999990239,0.5488,0.5550152970765847,-0.006215297076584747,0.5462,0.553122019953188,-0.0069220199531879745,0.0,0.0,22.312709257024018
barabasi_albert,unweighted,30,heteroscedastic,0.15,1.75,2,5.4,0.556788754754552,162.0,1308.0,1.60069711053225,14.615760544412995,0.02250000000000001,0.4543445222350573,0.0,5.444444444444444,3.720592386494878,3.720592386494878,0.0,1.7164312146485732,1.7164312146485723,-5.174564597288411e-16,7.704766504822616,7.718394911257613,0.0017688279620760774,0.0102,0.0102,0.010142379394905587,0.009999999999990239,0.9982,0.9985507978478615,-0.000350797847861517,0.9982,0.998515802618705,-0.0003158026187050078,0.0,0.0,68.33267209963606
barabasi_albert,unweighted,30,heteroscedastic,0.15,3.0,2,5.4,0.556788754754552,162.0,1308.0,1.60069711053225,14.615760544412995,0.02250000000000001,0.4543445222350573,0.0,5.444444444444444,3.720592386494878,3.720592386494878,0.0,1.7164312146485732,1.7164312146485723,-5.174564597288411e-16,7.704766504822616,7.718394911257613,0.0017688279620760774,0.0102,0.0102,0.010142379394905587,0.009999999999990239,1.0,0.9999999999999312,6.88338275267597e-14,1.0,0.9999999999999313,6.872280522429719e-14,0.0,0.0,200.81438331321615
barabasi_albert,unweighted,30,heteroscedastic,0.3,1.0,0,5.4,0.5401146383759841,162.0,1292.0,1.5598695484709246,14.510019573831155,0.09000000000000002,0.45434452223505734,0.0,5.444444444444444,14.300989335693181,14.300989335693181,0.0,22.63068940436107,22.63068940436107,0.0,27.466675952307657,28.31921567114384,0.03103905693999918,0.014,0.0118,0.013078242535693674,0.009999999999621034,0.1216,0.12275770637450155,-0.0011577063745015492,0.1042,0.10541239712940104,-0.0012123971294010355,0.0,0.0,6.328618899456007
barabasi_albert,unweighted,30,heteroscedastic,0.3,1.75,0,5.4,0.5401146383759841,162.0,1292.0,1.5598695484709246,14.510019573831155,0.09000000000000002,0.45434452223505734,0.0,5.444444444444444,14.300989335693181,14.300989335693181,0.0,22.63068940436107,22.63068940436107,0.0,27.466675952307657,28.31921567114384,0.03103905693999918,0.014,0.0118,0.013078242535693674,0.009999999999621034,0.526,0.5177908362721343,0.008209163727865731,0.4914,0.4835586687124573,0.007841331287542719,0.0,0.0,19.381395379584024
barabasi_albert,unweighted,30,heteroscedastic,0.3,3.0,0,5.4,0.5401146383759841,162.0,1292.0,1.5598695484709246,14.510019573831155,0.09000000000000002,0.45434452223505734,0.0,5.444444444444444,14.300989335693181,14.300989335693181,0.0,22.63068940436107,22.63068940436107,0.0,27.466675952307657,28.31921567114384,0.03103905693999918,0.014,0.0118,0.013078242535693674,0.009999999999621034,0.9898,0.9894517479144845,0.00034825208551547693,0.9864,0.9857319992455327,0.0006680007544673794,0.0,0.0,56.95757009510406
barabasi_albert,unweighted,30,heteroscedastic,0.3,1.0,1,5.4,0.6059452440399025,162.0,1358.0,1.4312186909278126,20.127147102137847,0.09000000000000001,0.45434452223505745,0.0,5.444444444444444,14.035294205876617,14.035294205876616,-1.2656356278277977e-16,22.090698435159254,22.090698435159254,0.0,26.74520319311029,28.06517549300319,0.04935360895792079,0.0132,0.0092,0.01499477302707286,0.0099999999999692,0.1262,0.1254276097911241,0.0007723902088759005,0.0988,0.0990575313285568,-0.00025753132855679817,0.0,0.0,5.762691490426813
barabasi_albert,unweighted,30,heteroscedastic,0.3,1.75,1,5.4,0.6059452440399025,162.0,1358.0,1.4312186909278126,20.127147102137847,0.09000000000000001,0.45434452223505745,0.0,5.444444444444444,14.035294205876617,14.035294205876616,-1.2656356278277977e-16,22.090698435159254,22.090698435159254,0.0,26.74520319311029,28.06517549300319,0.04935360895792079,0.0132,0.0092,0.01499477302707286,0.0099999999999692,0.5276,0.5440941870176592,-0.016494187017659256,0.4744,0.48666676601913145,-0.012266766019131459,0.0,0.0,17.648242689432116
barabasi_albert,unweighted,30,heteroscedastic,0.3,3.0,1,5.4,0.6059452440399025,162.0,1358.0,1.4312186909278126,20.127147102137847,0.09000000000000001,0.45434452223505745,0.0,5.444444444444444,14.035294205876617,14.035294205876616,-1.2656356278277977e-16,22.090698435159254,22.090698435159254,0.0,26.74520319311029,28.06517549300319,0.04935360895792079,0.0132,0.0092,0.01499477302707286,0.0099999999999692,0.992,0.991857670709368,0.00014232929063195954,0.9882,0.9870550369645785,0.0011449630354214424,0.0,0.0,51.864223413841316
barabasi_albert,unweighted,30,heteroscedastic,0.3,1.0,2,5.4,0.7165813264657506,162.0,1486.0,1.2886132187920085,20.13198425361325,0.08999999999999998,0.45434452223505734,0.0,5.444444444444445,14.74448410853294,14.744484108532937,-2.409520504514954e-16,28.888774159964502,28.88877415996449,-3.689371164516937e-16,31.279137425575424,31.451209328176432,0.005501171603930268,0.0074,0.0066,0.010419474657037298,0.010000000130566511,0.0812,0.08341975187957251,-0.002219751879572518,0.0786,0.081360827947929,-0.0027608279479289927,0.0,0.0,6.673335333794445
barabasi_albert,unweighted,30,heteroscedastic,0.3,1.75,2,5.4,0.7165813264657506,162.0,1486.0,1.2886132187920085,20.13198425361325,0.08999999999999998,0.45434452223505734,0.0,5.444444444444445,14.74448410853294,14.744484108532937,-2.409520504514954e-16,28.888774159964502,28.88877415996449,-3.689371164516937e-16,31.279137425575424,31.451209328176432,0.005501171603930268,0.0074,0.0066,0.010419474657037298,0.010000000130566511,0.3726,0.3655749618788629,0.007025038121137084,0.3676,0.3605153159451974,0.007084684054802559,0.0,0.0,20.437089459745497
barabasi_albert,unweighted,30,heteroscedastic,0.3,3.0,2,5.4,0.7165813264657506,162.0,1486.0,1.2886132187920085,20.13198425361325,0.08999999999999998,0.45434452223505734,0.0,5.444444444444445,14.74448410853294,14.744484108532937,-2.409520504514954e-16,28.888774159964502,28.88877415996449,-3.689371164516937e-16,31.279137425575424,31.451209328176432,0.005501171603930268,0.0074,0.0066,0.010419474657037298,0.010000000130566511,0.9462,0.9458077294194481,0.0003922705805519122,0.9446,0.9434435535443103,0.0011564464556896858,0.0,0.0,60.06001800415004
barabasi_albert,unweighted,30,correlated,0.15,1.0,0,5.4,0.5769541454591566,162.0,1328.0,1.5147517122403815,14.70718844626198,0.0225,0.030452910723837098,0.06050985427529709,5.59969900701658,3.0145419868629397,3.014541986862942,7.365782460243665e-16,0.8504926224052639,0.8504926224052647,9.13771732716208e-16,5.792257026321266,5.67718691102526,-0.01986619633298426,0.0088,0.0104,0.008206151606428513,0.009999999999982134,0.7632,0.7610047021243797,0.002195297875620339,0.7846,0.7811991953330542,0.0034008046669458114,0.0,0.0,25.42492680560404
barabasi_albert,unweighted,30,correlated,0.15,1.75,0,5.4,0.5769541454591566,162.0,1328.0,1.5147517122403815,14.70718844626198,0.0225,0.030452910723837098,0.06050985427529709,5.59969900701658,3.0145419868629397,3.014541986862942,7.365782460243665e-16,0.8504926224052639,0.8504926224052647,9.13771732716208e-16,5.792257026321266,5.67718691102526,-0.01986619633298426,0.0088,0.0104,0.008206151606428513,0.009999999999982134,0.9998,0.9998926570011122,-9.265700111216191e-05,1.0,0.9999247227163308,7.527728366918396e-05,0.0,0.0,77.86383834216237
barabasi_albert,unweighted,30,correlated,0.15,3.0,0,5.4,0.5769541454591566,162.0,1328.0,1.5147517122403815,14.70718844626198,0.0225,0.030452910723837098,0.06050985427529709,5.59969900701658,3.0145419868629397,3.014541986862942,7.365782460243665e-16,0.8504926224052639,0.8504926224052647,9.13771732716208e-16,5.792257026321266,5.67718691102526,-0.01986619633298426,0.0088,0.0104,0.008206151606428513,0.009999999999982134,1.0,0.9999999999729101,2.708988589006367e-11,1.0,0.9999999999758272,2.417277489286107e-11,0.0,0.0,228.82434125043633
barabasi_albert,unweighted,30,correlated,0.15,1.0,1,5.4,0.7117795212542999,162.0,1480.0,0.9657035363420171,19.175840186989994,0.0225,0.040517599109643365,0.059356390973282526,5.464564392762153,3.05548631666421,3.0554863166642092,-2.906831606006939e-16,0.9984557542992318,0.9984557542992308,-1.000746120056098e-15,5.966757081080842,6.071523902101426,0.017558419020069403,0.0096,0.0088,0.011572691868965868,0.009999999932463532,0.729,0.7337056153815974,-0.004705615381597417,0.7092,0.7147953534110937,-0.005595353411093629,0.0,0.0,29.12498510166034
barabasi_albert,unweighted,30,correlated,0.15,1.75,1,5.4,0.7117795212542999,162.0,1480.0,0.9657035363420171,19.175840186989994,0.0225,0.040517599109643365,0.059356390973282526,5.464564392762153,3.05548631666421,3.0554863166642092,-2.906831606006939e-16,0.9984557542992318,0.9984557542992308,-1.000746120056098e-15,5.966757081080842,6.071523902101426,0.017558419020069403,0.0096,0.0088,0.011572691868965868,0.009999999932463532,0.9824,0.9834306765736034,-0.0010306765736033396,0.9814,0.9821912739068981,-0.0007912739068980379,0.0,0.0,89.19526687383483
barabasi_albert,unweighted,30,correlated,0.15,3.0,1,5.4,0.7117795212542999,162.0,1480.0,0.9657035363420171,19.175840186989994,0.0225,0.040517599109643365,0.059356390973282526,5.464564392762153,3.05548631666421,3.0554863166642092,-2.906831606006939e-16,0.9984557542992318,0.9984557542992308,-1.000746120056098e-15,5.966757081080842,6.071523902101426,0.017558419020069403,0.0096,0.0088,0.011572691868965868,0.009999999932463532,1.0,0.9999999999521236,4.787636953551555e-11,1.0,0.9999999998888306,1.1116940701327849e-10,0.0,0.0,262.12486591494314
barabasi_albert,unweighted,30,correlated,0.15,1.0,2,5.4,0.5401146383759841,162.0,1292.0,1.4394929471175626,14.593128308851572,0.02250000000000001,0.03484446315657359,0.06088476018006427,5.458779904401556,3.0056024848763707,3.00560248487637,-2.955076142534726e-16,0.8183918593087065,0.8183918593087061,-5.4263639697636245e-16,5.738618506904876,5.599044486736285,-0.024321885136753957,0.0096,0.012,0.007793022821976192,0.009999999999981413,0.7882,0.7875289282290585,0.0006710717709415004,0.8122,0.8117915947137888,0.00040840528621122196,0.0,0.0,25.972597211189413
barabasi_albert,unweighted,30,correlated,0.15,1.75,2,5.4,0.5401146383759841,162.0,1292.0,1.4394929471175626,14.593128308851572,0.02250000000000001,0.03484446315657359,0.06088476018006427,5.458779904401556,3.0056024848763707,3.00560248487637,-2.955076142534726e-16,0.8183918593087065,0.8183918593087061,-5.4263639697636245e-16,5.738618506904876,5.599044486736285,-0.024321885136753957,0.0096,0.012,0.007793022821976192,0.009999999999981413,1.0,0.9999979785018045,2.0214981955035682e-06,1.0,0.999998862097538,1.137902462033935e-06,0.0,0.0,79.54107895926761
barabasi_albert,unweighted,30,correlated,0.15,3.0,2,5.4,0.5401146383759841,162.0,1292.0,1.4394929471175626,14.593128308851572,0.02250000000000001,0.03484446315657359,0.06088476018006427,5.458779904401556,3.0056024848763707,3.00560248487637,-2.955076142534726e-16,0.8183918593087065,0.8183918593087061,-5.4263639697636245e-16,5.738618506904876,5.599044486736285,-0.024321885136753957,0.0096,0.012,0.007793022821976192,0.009999999999981413,1.0,0.9999999999869265,1.3073542248775993e-11,1.0,0.9999999999888163,1.1183720616259052e-11,0.0,0.0,233.75337490070478
barabasi_albert,unweighted,30,correlated,0.3,1.0,0,5.4,0.5379940387531092,162.0,1290.0,1.636460992888705,13.821559568383144,0.09,0.02914228599065642,0.06101226385609832,5.527723049485554,11.998983615780183,11.998983615780174,-7.402113780137662e-16,13.020005471579069,13.02000547157905,-1.3643287963878355e-15,22.151853550938792,22.338501312575744,0.008425830425781296,0.0112,0.011,0.010867988616204527,0.009999999999981135,0.1638,0.17454450057395085,-0.01074450057395085,0.1578,0.16812017865793966,-0.01032017865793966,0.0,0.0,6.058743662798636
barabasi_albert,unweighted,30,correlated,0.3,1.75,0,5.4,0.5379940387531092,162.0,1290.0,1.636460992888705,13.821559568383144,0.09,0.02914228599065642,0.06101226385609832,5.527723049485554,11.998983615780183,11.998983615780174,-7.402113780137662e-16,13.020005471579069,13.02000547157905,-1.3643287963878355e-15,22.151853550938792,22.338501312575744,0.008425830425781296,0.0112,0.011,0.010867988616204527,0.009999999999981135,0.6734,0.6721031995798806,0.0012968004201193706,0.663,0.6622143717835738,0.0007856282164262485,0.0,0.0,18.554902467320822
barabasi_albert,unweighted,30,correlated,0.3,3.0,0,5.4,0.5379940387531092,162.0,1290.0,1.636460992888705,13.821559568383144,0.09,0.02914228599065642,0.06101226385609832,5.527723049485554,11.998983615780183,11.998983615780174,-7.402113780137662e-16,13.020005471579069,13.02000547157905,-1.3643287963878355e-15,22.151853550938792,22.338501312575744,0.008425830425781296,0.0112,0.011,0.010867988616204527,0.009999999999981135,0.9994,0.9996014024850226,-0.00020140248502265035,0.9994,0.9995423788026104,-0.00014237880261047664,0.0,0.0,54.52869296518772
barabasi_albert,unweighted,30,correlated,0.3,1.0,1,5.4,0.6496455366381663,162.0,1406.0,1.5051265465738763,18.195782210880076,0.09000000000000004,0.03635942324427103,0.05974519572843231,5.484841305826898,12.108289735117244,12.108289735117241,-2.934116837736952e-16,14.687796623623044,14.687796623623031,-8.46587013317082e-16,23.33662232764936,23.404103639014956,0.002891648603561835,0.0096,0.0094,0.010264882731130465,0.010000000073917659,0.1534,0.14728931498595318,0.006110685014046824,0.1524,0.14548272503416879,0.006917274965831222,0.0,0.0,5.90265973482207
barabasi_albert,unweighted,30,correlated,0.3,1.75,1,5.4,0.6496455366381663,162.0,1406.0,1.5051265465738763,18.195782210880076,0.09000000000000004,0.03635942324427103,0.05974519572843231,5.484841305826898,12.108289735117244,12.108289735117241,-2.934116837736952e-16,14.687796623623044,14.687796623623031,-8.46587013317082e-16,23.33662232764936,23.404103639014956,0.002891648603561835,0.0096,0.0094,0.010264882731130465,0.010000000073917659,0.5762,0.5745980685402566,0.0016019314597434109,0.5722,0.5711640097685776,0.0010359902314224234,0.0,0.0,18.07689543789259
barabasi_albert,unweighted,30,correlated,0.3,3.0,1,5.4,0.6496455366381663,162.0,1406.0,1.5051265465738763,18.195782210880076,0.09000000000000004,0.03635942324427103,0.05974519572843231,5.484841305826898,12.108289735117244,12.108289735117241,-2.934116837736952e-16,14.687796623623044,14.687796623623031,-8.46587013317082e-16,23.33662232764936,23.404103639014956,0.002891648603561835,0.0096,0.0094,0.010264882731130465,0.010000000073917659,0.9986,0.9987232329267568,-0.00012323292675675557,0.9986,0.9986652697565198,-6.526975651977018e-05,0.0,0.0,53.12393761339863
barabasi_albert,unweighted,30,correlated,0.3,1.0,2,5.4,0.556788754754552,162.0,1308.0,0.9254034377949669,14.060278584827643,0.09000000000000001,0.030052540865051693,0.060445826187833944,5.687379937039083,12.062767496222238,12.062767496222223,-1.1780758204659497e-15,13.379520354204468,13.379520354204434,-2.5225702458009784e-15,23.074573452091983,22.532915548522617,-0.02347423256572737,0.0064,0.008,0.007857905509941143,0.00999999999993767,0.1528,0.1521162567551986,0.000683743244801388,0.173,0.16926312759562082,0.0037368724043791712,0.0,0.0,6.230526882827603
barabasi_albert,unweighted,30,correlated,0.3,1.75,2,5.4,0.556788754754552,162.0,1308.0,0.9254034377949669,14.060278584827643,0.09000000000000001,0.030052540865051693,0.060445826187833944,5.687379937039083,12.062767496222238,12.062767496222223,-1.1780758204659497e-15,13.379520354204468,13.379520354204434,-2.5225702458009784e-15,23.074573452091983,22.532915548522617,-0.02347423256572737,0.0064,0.008,0.007857905509941143,0.00999999999993767,0.6258,0.6171207092086839,0.00867929079131613,0.6548,0.6439260173666365,0.010873982633363588,0.0,0.0,19.080988578659536
barabasi_albert,unweighted,30,correlated,0.3,3.0,2,5.4,0.556788754754552,162.0,1308.0,0.9254034377949669,14.060278584827643,0.09000000000000001,0.030052540865051693,0.060445826187833944,5.687379937039083,12.062767496222238,12.062767496222223,-1.1780758204659497e-15,13.379520354204468,13.379520354204434,-2.5225702458009784e-15,23.074573452091983,22.532915548522617,-0.02347423256572737,0.0064,0.008,0.007857905509941143,0.00999999999993767,0.976,0.9755484491253308,0.0004515508746691932,0.9782,0.9771647251163104,0.0010352748836895964,0.0,0.0,56.07474194544843
barabasi_albert,unweighted,60,iid,0.15,1.0,0,5.7,0.7595363421270891,342.0,3416.0,1.3502249276484426,24.408902614306644,0.022499999999999996,1.5419764230904954e-16,0.0,1.0,7.694999999999999,7.695,1.1542279658221252e-16,3.4586999999999994,3.458700000000001,5.135908981409925e-16,12.952272519459724,13.010121066886466,0.004466285537138705,0.01,0.0094,0.010508074034981885,0.010000000040690682,0.4084,0.4051942649637601,0.0032057350362398873,0.4022,0.3993006292849292,0.0028993707150707926,0.0,0.0,12.817907156132613
barabasi_albert,unweighted,60,iid,0.15,1.75,0,5.7,0.7595363421270891,342.0,3416.0,1.3502249276484426,24.408902614306644,0.022499999999999996,1.5419764230904954e-16,0.0,1.0,7.694999999999999,7.695,1.1542279658221252e-16,3.4586999999999994,3.458700000000001,5.135908981409925e-16,12.952272519459724,13.010121066886466,0.004466285537138705,0.01,0.0094,0.010508074034981885,0.010000000040690682,0.9776,0.97810930802918,-0.0005093080291799224,0.9764,0.9768112911665219,-0.0004112911665218322,0.0,0.0,39.254840665656126
barabasi_albert,unweighted,60,iid,0.15,3.0,0,5.7,0.7595363421270891,342.0,3416.0,1.3502249276484426,24.408902614306644,0.022499999999999996,1.5419764230904954e-16,0.0,1.0,7.694999999999999,7.695,1.1542279658221252e-16,3.4586999999999994,3.458700000000001,5.135908981409925e-16,12.952272519459724,13.010121066886466,0.004466285537138705,0.01,0.0094,0.010508074034981885,0.010000000040690682,1.0,0.9999999999999324,6.761258219967203e-14,1.0,0.9999999999993584,6.41597885930878e-13,0.0,0.0,115.3611644051935
barabasi_albert,unweighted,60,iid,0.15,1.0,1,5.7,0.7622330889106734,342.0,3424.0,0.8893348393965351,29.14542347455552,0.022499999999999996,1.5419764230904954e-16,0.0,1.0,7.6949999999999985,7.6949999999999985,0.0,3.4668,3.4667999999999983,-5.1239091940701815e-16,12.823974349826628,13.041313306598687,0.016947862717379577,0.0132,0.0092,0.011980879358673535,0.010000000000191911,0.4316,0.4231129977789085,0.0084870022210915,0.4116,0.4014959068106801,0.01010409318931993,0.0,0.0,15.464761814307186
barabasi_albert,unweighted,60,iid,0.15,1.75,1,5.7,0.7622330889106734,342.0,3424.0,0.8893348393965351,29.14542347455552,0.022499999999999996,1.5419764230904954e-16,0.0,1.0,7.6949999999999985,7.6949999999999985,0.0,3.4668,3.4667999999999983,-5.1239091940701815e-16,12.823974349826628,13.041313306598687,0.016947862717379577,0.0132,0.0092,0.011980879358673535,0.010000000000191911,0.97,0.9679986230839348,0.0020013769160651673,0.9656,0.9633006268950012,0.0022993731049988364,0.0,0.0,47.36083305631576
barabasi_albert,unweighted,60,iid,0.15,3.0,1,5.7,0.7622330889106734,342.0,3424.0,0.8893348393965351,29.14542347455552,0.022499999999999996,1.5419764230904954e-16,0.0,1.0,7.6949999999999985,7.6949999999999985,0.0,3.4668,3.4667999999999983,-5.1239091940701815e-16,12.823974349826628,13.041313306598687,0.016947862717379577,0.0132,0.0092,0.011980879358673535,0.010000000000191911,0.9996,0.9995929294840616,7.070515938401023e-06,0.9996,0.9994460100708129,0.00015398992918713716,0.0,0.0,139.18285632876464
barabasi_albert,unweighted,60,iid,0.15,1.0,2,5.7,0.7063446364630664,342.0,3264.0,1.3530875291331048,25.220419523736375,0.022499999999999996,1.5419764230904954e-16,0.0,1.0,7.694999999999999,7.694999999999999,0.0,3.3048,3.3047999999999993,-2.6875406066936735e-16,12.556313548814144,12.847709434330632,0.023207120814851625,0.0138,0.0094,0.01295472229213468,0.010000000085851501,0.4696,0.4604385147751573,0.009161485224842725,0.4354,0.4280687602129168,0.007331239787083221,0.0,0.0,13.787778596213673
barabasi_albert,unweighted,60,iid,0.15,1.75,2,5.7,0.7063446364630664,342.0,3264.0,1.3530875291331048,25.220419523736375,0.022499999999999996,1.5419764230904954e-16,0.0,1.0,7.694999999999999,7.694999999999999,0.0,3.3048,3.3047999999999993,-2.6875406066936735e-16,12.556313548814144,12.847709434330632,0.023207120814851625,0.0138,0.0094,0.01295472229213468,0.010000000085851501,0.9876,0.9881475850606981,-0.0005475850606980748,0.9824,0.9837172461897233,-0.0013172461897232868,0.0,0.0,42.22507195090437
barabasi_albert,unweighted,60,iid,0.15,3.0,2,5.7,0.7063446364630664,342.0,3264.0,1.3530875291331048,25.220419523736375,0.022499999999999996,1.5419764230904954e-16,0.0,1.0,7.694999999999999,7.694999999999999,0.0,3.3048,3.3047999999999993,-2.6875406066936735e-16,12.556313548814144,12.847709434330632,0.023207120814851625,0.0138,0.0094,0.01295472229213468,0.010000000085851501,1.0,0.999999999999998,1.9984014443252818e-15,1.0,0.9999999999999296,7.038813976123492e-14,0.0,0.0,124.09000736592306
barabasi_albert,unweighted,60,iid,0.3,1.0,0,5.7,0.6819576044062038,342.0,3198.0,1.3160739812571685,23.338630126175765,0.08999999999999998,1.5419764230904954e-16,0.0,1.0,30.779999999999998,30.779999999999994,-1.1542279658221252e-16,51.80760000000002,51.807599999999965,-1.097202318980381e-15,52.422331904210345,51.162479564966986,-0.024032741266555007,0.0104,0.0132,0.007512394430083946,0.00999999999850043,0.0576,0.054787725895664795,0.0028122741043352037,0.0676,0.0653495486522878,0.002250451347712193,0.0,0.0,3.1447352985882717
barabasi_albert,unweighted,60,iid,0.3,1.75,0,5.7,0.6819576044062038,342.0,3198.0,1.3160739812571685,23.338630126175765,0.08999999999999998,1.5419764230904954e-16,0.0,1.0,30.779999999999998,30.779999999999994,-1.1542279658221252e-16,51.80760000000002,51.807599999999965,-1.097202318980381e-15,52.422331904210345,51.162479564966986,-0.024032741266555007,0.0104,0.0132,0.007512394430083946,0.00999999999850043,0.2902,0.2837474524402918,0.006452547559708199,0.3234,0.31417690741587356,0.009223092584126458,0.0,0.0,9.63075185192658
barabasi_albert,unweighted,60,iid,0.3,3.0,0,5.7,0.6819576044062038,342.0,3198.0,1.3160739812571685,23.338630126175765,0.08999999999999998,1.5419764230904954e-16,0.0,1.0,30.779999999999998,30.779999999999994,-1.1542279658221252e-16,51.80760000000002,51.807599999999965,-1.097202318980381e-15,52.422331904210345,51.162479564966986,-0.024032741266555007,0.0104,0.0132,0.007512394430083946,0.00999999999850043,0.8946,0.8839197868893744,0.010680213110625503,0.9132,0.9041651663165347,0.00903483368346536,0.0,0.0,28.302617687294443
barabasi_albert,unweighted,60,iid,0.3,1.0,1,5.7,0.7376075111220955,342.0,3352.0,1.4228122772599308,20.837156156490575,0.08999999999999998,1.5419764230904954e-16,0.0,1.0,30.78,30.779999999999994,-2.30845593164425e-16,54.302400000000034,54.302399999999984,-9.159446268158862e-16,52.19033267783965,51.58693679631123,-0.011561449229554856,0.0102,0.011,0.00872409049655637,0.00999999981920996,0.0566,0.06386918516730185,-0.00726918516730185,0.0622,0.06910567757849315,-0.006905677578493148,0.0,0.0,3.4797389636035136
barabasi_albert,unweighted,60,iid,0.3,1.75,1,5.7,0.7376075111220955,342.0,3352.0,1.4228122772599308,20.837156156490575,0.08999999999999998,1.5419764230904954e-16,0.0,1.0,30.78,30.779999999999994,-2.30845593164425e-16,54.302400000000034,54.302399999999984,-9.159446268158862e-16,52.19033267783965,51.58693679631123,-0.011561449229554856,0.0102,0.011,0.00872409049655637,0.00999999981920996,0.279,0.278777169138577,0.0002228308614230512,0.2956,0.29133067630232207,0.004269323697677907,0.0,0.0,10.656700576035757
barabasi_albert,unweighted,60,iid,0.3,3.0,1,5.7,0.7376075111220955,342.0,3352.0,1.4228122772599308,20.837156156490575,0.08999999999999998,1.5419764230904954e-16,0.0,1.0,30.78,30.779999999999994,-2.30845593164425e-16,54.302400000000034,54.302399999999984,-9.159446268158862e-16,52.19033267783965,51.58693679631123,-0.011561449229554856,0.0102,0.011,0.00872409049655637,0.00999999981920996,0.8766,0.8703486357835064,0.006251364216493638,0.8884,0.881559465083157,0.006840534916843,0.0,0.0,31.317650672431615
barabasi_albert,unweighted,60,iid,0.3,1.0,2,5.7,0.7762373172087741,342.0,3466.0,0.9556462501900553,26.272586541080106,0.08999999999999998,1.5419764230904954e-16,0.0,1.0,30.779999999999998,30.779999999999998,0.0,56.14919999999999,56.1492,1.265454780762861e-16,51.89117229704746,52.268652099965024,0.007274451244938263,0.0124,0.012,0.010825163867710375,0.00999999999874962,0.0636,0.06686142509935268,-0.003261425099352677,0.0596,0.06370782967546332,-0.0041078296754633176,0.0,0.0,3.307882282640611
barabasi_albert,unweighted,60,iid,0.3,1.75,2,5.7,0.7762373172087741,342.0,3466.0,0.9556462501900553,26.272586541080106,0.08999999999999998,1.5419764230904954e-16,0.0,1.0,30.779999999999998,30.779999999999998,0.0,56.14919999999999,56.1492,1.265454780762861e-16,51.89117229704746,52.268652099965024,0.007274451244938263,0.0124,0.012,0.010825163867710375,0.00999999999874962,0.2984,0.28895863282448686,0.009441367175513138,0.2886,0.28096852868117056,0.007631471318829464,0.0,0.0,10.130389490586873
barabasi_albert,unweighted,60,iid,0.3,3.0,2,5.7,0.7762373172087741,342.0,3466.0,0.9556462501900553,26.272586541080106,0.08999999999999998,1.5419764230904954e-16,0.0,1.0,30.779999999999998,30.779999999999998,0.0,56.14919999999999,56.1492,1.265454780762861e-16,51.89117229704746,52.268652099965024,0.007274451244938263,0.0124,0.012,0.010825163867710375,0.00999999999874962,0.8636,0.8633391309555035,0.0002608690444965145,0.8568,0.8564505695392259,0.0003494304607740695,0.0,0.0,29.770940543765494
barabasi_albert,unweighted,60,heteroscedastic,0.15,1.0,0,5.7,0.7178704985818644,342.0,3296.0,1.4183566373435939,26.219150280340855,0.022499999999999996,0.4475456528779538,0.0,5.444444444444444,7.183978803576419,7.1839788035764185,-1.2363321830208644e-16,2.7889978478826145,2.7889978478826145,0.0,11.786460423993525,11.821415129023006,0.002965666007610238,0.0116,0.0114,0.010368270708119298,0.010000000000592535,0.4788,0.48526073200108405,-0.006460732001084046,0.475,0.48096519027792656,-0.00596519027792658,0.0,0.0,18.773956388283615
barabasi_albert,unweighted,60,heteroscedastic,0.15,1.75,0,5.7,0.7178704985818644,342.0,3296.0,1.4183566373435939,26.219150280340855,0.022499999999999996,0.4475456528779538,0.0,5.444444444444444,7.183978803576419,7.1839788035764185,-1.2363321830208644e-16,2.7889978478826145,2.7889978478826145,0.0,11.786460423993525,11.821415129023006,0.002965666007610238,0.0116,0.0114,0.010368270708119298,0.010000000000592535,0.9916,0.9922463234903386,-0.0006463234903385517,0.991,0.9919164290987666,-0.0009164290987666579,0.0,0.0,57.49524143911856
barabasi_albert,unweighted,60,heteroscedastic,0.15,3.0,0,5.7,0.7178704985818644,342.0,3296.0,1.4183566373435939,26.219150280340855,0.022499999999999996,0.4475456528779538,0.0,5.444444444444444,7.183978803576419,7.1839788035764185,-1.2363321830208644e-16,2.7889978478826145,2.7889978478826145,0.0,11.786460423993525,11.821415129023006,0.002965666007610238,0.0116,0.0114,0.010368270708119298,0.010000000000592535,1.0,0.999999999996769,3.2309710462641306e-12,1.0,0.9999999999967832,3.2167601915489286e-12,0.0,0.0,168.9656074945525
barabasi_albert,unweighted,60,heteroscedastic,0.15,1.0,1,5.7,0.6975752755112646,342.0,3240.0,1.375895500326124,22.280724035172298,0.022499999999999996,0.4475456528779538,0.0,5.444444444444444,7.593528120927429,7.593528120927429,0.0,3.5312100779652327,3.531210077965231,-5.030447920628471e-16,12.918978848932253,12.932373825090002,0.0010368448090504773,0.008,0.008,0.010116498431781917,0.010000000287557653,0.3962,0.40531845626701557,-0.009118456267015573,0.3952,0.4040019404480988,-0.008801940448098788,0.0,0.0,19.89358706553069
barabasi_albert,unweighted,60,heteroscedastic,0.15,1.75,1,5.7,0.6975752755112646,342.0,3240.0,1.375895500326124,22.280724035172298,0.022499999999999996,0.4475456528779538,0.0,5.444444444444444,7.593528120927429,7.593528120927429,0.0,3.5312100779652327,3.531210077965231,-5.030447920628471e-16,12.918978848932253,12.932373825090002,0.0010368448090504773,0.008,0.008,0.010116498431781917,0.010000000287557653,0.9746,0.9759190385656237,-0.0013190385656236536,0.9744,0.9756122756583855,-0.0012122756583854422,0.0,0.0,60.92411038818773
barabasi_albert,unweighted,60,heteroscedastic,0.15,3.0,1,5.7,0.6975752755112646,342.0,3240.0,1.375895500326124,22.280724035172298,0.022499999999999996,0.4475456528779538,0.0,5.444444444444444,7.593528120927429,7.593528120927429,0.0,3.5312100779652327,3.531210077965231,-5.030447920628471e-16,12.918978848932253,12.932373825090002,0.0010368448090504773,0.008,0.008,0.010116498431781917,0.010000000287557653,1.0,0.9999999999822944,1.770561475211707e-11,1.0,0.999999999981284,1.8716028726828426e-11,0.0,0.0,179.04228358977616
barabasi_albert,unweighted,60,heteroscedastic,0.15,1.0,2,5.7,0.6511742516580074,342.0,3118.0,1.4872781201103658,19.934060288458504,0.022499999999999996,0.4475456528779538,0.0,5.444444444444444,8.054013326266647,8.054013326266649,2.2055548798348735e-16,4.245148695484642,4.245148695484642,0.0,14.001962605269041,13.996909454060246,-0.0003608887804694948,0.0112,0.0114,0.009961954112468807,0.010000000000000564,0.372,0.36541776325363273,0.006582236746367265,0.3722,0.36585241925288414,0.006347580747115833,0.0,0.0,20.270782685416997
barabasi_albert,unweighted,60,heteroscedastic,0.15,1.75,2,5.7,0.6511742516580074,342.0,3118.0,1.4872781201103658,19.934060288458504,0.022499999999999996,0.4475456528779538,0.0,5.444444444444444,8.054013326266647,8.054013326266649,2.2055548798348735e-16,4.245148695484642,4.245148695484642,0.0,14.001962605269041,13.996909454060246,-0.0003608887804694948,0.0112,0.0114,0.009961954112468807,0.010000000000000564,0.9586,0.9563078552547579,0.0022921447452420862,0.9588,0.9564805989368242,0.002319401063175741,0.0,0.0,62.079271974089565
barabasi_albert,unweighted,60,heteroscedastic,0.15,3.0,2,5.7,0.6511742516580074,342.0,3118.0,1.4872781201103658,19.934060288458504,0.022499999999999996,0.4475456528779538,0.0,5.444444444444444,8.054013326266647,8.054013326266649,2.2055548798348735e-16,4.245148695484642,4.245148695484642,0.0,14.001962605269041,13.996909454060246,-0.0003608887804694948,0.0112,0.0114,0.009961954112468807,0.010000000000000564,1.0,0.9999999999750335,2.4966473333165595e-11,1.0,0.9999999999753507,2.4649282615030188e-11,0.0,0.0,182.43704416875303
barabasi_albert,unweighted,60,heteroscedastic,0.3,1.0,0,5.7,0.8199447716414292,342.0,3602.0,1.4231278675618828,24.498508824092482,0.09,0.44754565287795367,0.0,5.444444444444444,33.834232205930924,33.834232205930924,0.0,96.93577580639595,96.93577580639592,-2.9320144388351515e-16,64.89080097070827,63.58479273516687,-0.020126246185972196,0.0104,0.0116,0.008312115707842627,0.010000000008147658,0.0358,0.03665765771836845,-0.0008576577183684528,0.0414,0.04171069617148233,-0.00031069617148232753,0.0,0.0,5.152155707588102
barabasi_albert,unweighted,60,heteroscedastic,0.3,1.75,0,5.7,0.8199447716414292,342.0,3602.0,1.4231278675618828,24.498508824092482,0.09,0.44754565287795367,0.0,5.444444444444444,33.834232205930924,33.834232205930924,0.0,96.93577580639595,96.93577580639592,-2.9320144388351515e-16,64.89080097070827,63.58479273516687,-0.020126246185972196,0.0104,0.0116,0.008312115707842627,0.010000000008147658,0.1558,0.15602044318010075,-0.00022044318010075448,0.1704,0.16871579590688057,0.0016842040931194235,0.0,0.0,15.778476854488561
barabasi_albert,unweighted,60,heteroscedastic,0.3,3.0,0,5.7,0.8199447716414292,342.0,3602.0,1.4231278675618828,24.498508824092482,0.09,0.44754565287795367,0.0,5.444444444444444,33.834232205930924,33.834232205930924,0.0,96.93577580639595,96.93577580639592,-2.9320144388351515e-16,64.89080097070827,63.58479273516687,-0.020126246185972196,0.0104,0.0116,0.008312115707842627,0.010000000008147658,0.6272,0.6300131264309222,-0.0028131264309222415,0.655,0.6591631975274262,-0.004163197527426221,0.0,0.0,46.36940136829291
barabasi_albert,unweighted,60,heteroscedastic,0.3,1.0,1,5.7,0.7669295787506805,342.0,3438.0,1.4262384262865022,24.316551885845758,0.09000000000000001,0.4475456528779538,0.0,5.444444444444444,30.530581948735087,30.530581948735083,-1.1636573730451586e-16,60.44721523172138,60.44721523172136,-3.526429131778545e-16,53.43302078537386,52.855684136992494,-0.010804866352220206,0.0102,0.011,0.008884670536615458,0.010000000000001119,0.0516,0.05669962116699291,-0.005099621166992911,0.0562,0.06090207947253168,-0.004702079472531678,0.0,0.0,4.721191953917718
barabasi_albert,unweighted,60,heteroscedastic,0.3,1.75,1,5.7,0.7669295787506805,342.0,3438.0,1.4262384262865022,24.316551885845758,0.09000000000000001,0.4475456528779538,0.0,5.444444444444444,30.530581948735087,30.530581948735083,-1.1636573730451586e-16,60.44721523172138,60.44721523172136,-3.526429131778545e-16,53.43302078537386,52.855684136992494,-0.010804866352220206,0.0102,0.011,0.008884670536615458,0.010000000000001119,0.239,0.24845204076940358,-0.009452040769403591,0.2494,0.25951948893660115,-0.01011948893660114,0.0,0.0,14.458650358873017
barabasi_albert,unweighted,60,heteroscedastic,0.3,3.0,1,5.7,0.7669295787506805,342.0,3438.0,1.4262384262865022,24.316551885845758,0.09000000000000001,0.4475456528779538,0.0,5.444444444444444,30.530581948735087,30.530581948735083,-1.1636573730451586e-16,60.44721523172138,60.44721523172136,-3.526429131778545e-16,53.43302078537386,52.855684136992494,-0.010804866352220206,0.0102,0.011,0.008884670536615458,0.010000000000001119,0.8436,0.8491905819239293,-0.00559058192392925,0.8548,0.8602036919577153,-0.005403691957715284,0.0,0.0,42.490727585259464
barabasi_albert,unweighted,60,heteroscedastic,0.3,1.0,2,5.7,0.788042887989456,342.0,3502.0,1.4361648427167801,25.360621638221225,0.09000000000000001,0.4475456528779538,0.0,5.444444444444444,30.8035233472852,30.803523347285196,-1.153346530767433e-16,63.223216463772644,63.223216463772644,0.0,53.111447784041054,53.878452741210445,0.014441424385344298,0.0116,0.01,0.011589756342060498,0.010000000000000286,0.0582,0.06427311076137183,-0.006073110761371833,0.0526,0.05856406679565006,-0.005964066795650057,0.0,0.0,5.784070314117536
barabasi_albert,unweighted,60,heteroscedastic,0.3,1.75,2,5.7,0.788042887989456,342.0,3502.0,1.4361648427167801,25.360621638221225,0.09000000000000001,0.4475456528779538,0.0,5.444444444444444,30.8035233472852,30.803523347285196,-1.153346530767433e-16,63.223216463772644,63.223216463772644,0.0,53.111447784041054,53.878452741210445,0.014441424385344298,0.0116,0.01,0.011589756342060498,0.010000000000000286,0.2634,0.2652082590587007,-0.0018082590587006897,0.2502,0.2513855188374808,-0.0011855188374808034,0.0,0.0,17.71371533698495
barabasi_albert,unweighted,60,heteroscedastic,0.3,3.0,2,5.7,0.788042887989456,342.0,3502.0,1.4361648427167801,25.360621638221225,0.09000000000000001,0.4475456528779538,0.0,5.444444444444444,30.8035233472852,30.803523347285196,-1.153346530767433e-16,63.223216463772644,63.223216463772644,0.0,53.111447784041054,53.878452741210445,0.014441424385344298,0.0116,0.01,0.011589756342060498,0.010000000000000286,0.8338,0.8379226821509448,-0.004122682150944801,0.817,0.8213949242845768,-0.004394924284576884,0.0,0.0,52.056632827057825
barabasi_albert,unweighted,60,correlated,0.15,1.0,0,5.7,0.6968395140202582,342.0,3238.0,1.552865863918973,21.399288058870376,0.022499999999999996,0.029402954200895982,0.029853744091251907,5.6386887763629625,6.5539119720332435,6.553911972033242,-2.7103764087468586e-16,2.231919496164106,2.2319194961641053,-1.989718762765851e-16,10.894606735150091,10.752467037683012,-0.013046794705171307,0.0064,0.0072,0.008528683777421942,0.010000000134876008,0.5012,0.5122080163921889,-0.011008016392188957,0.5212,0.5320587641766851,-0.010858764176685076,0.0,0.0,20.395623072445282
barabasi_albert,unweighted,60,correlated,0.15,1.75,0,5.7,0.6968395140202582,342.0,3238.0,1.552865863918973,21.399288058870376,0.022499999999999996,0.029402954200895982,0.029853744091251907,5.6386887763629625,6.5539119720332435,6.553911972033242,-2.7103764087468586e-16,2.231919496164106,2.2319194961641053,-1.989718762765851e-16,10.894606735150091,10.752467037683012,-0.013046794705171307,0.0064,0.0072,0.008528683777421942,0.010000000134876008,0.9986,0.9978522516335409,0.0007477483664591889,0.9992,0.998330303873901,0.0008696961260989955,0.0,0.0,62.46159565936366
barabasi_albert,unweighted,60,correlated,0.15,3.0,0,5.7,0.6968395140202582,342.0,3238.0,1.552865863918973,21.399288058870376,0.022499999999999996,0.029402954200895982,0.029853744091251907,5.6386887763629625,6.5539119720332435,6.553911972033242,-2.7103764087468586e-16,2.231919496164106,2.2319194961641053,-1.989718762765851e-16,10.894606735150091,10.752467037683012,-0.013046794705171307,0.0064,0.0072,0.008528683777421942,0.010000000134876008,1.0,0.9999999999942059,5.7941429432162295e-12,1.0,0.999999999992927,7.073008845281947e-12,0.0,0.0,183.56060765200752
barabasi_albert,unweighted,60,correlated,0.15,1.0,1,5.7,0.7622330889106734,342.0,3424.0,1.5037011446144721,24.393893237707907,0.0225,0.03243658615002823,0.029496211782322607,5.755632365237599,6.610727485080952,6.610727485080949,-4.0306233544094535e-16,2.424700150543239,2.4247001505432344,-1.8315221770847304e-15,11.090252410598891,11.057199862411247,-0.0029803242490726465,0.0088,0.0094,0.009667690118358663,0.009999999993994257,0.474,0.47306740305138545,0.000932596948614528,0.4772,0.4772949315878911,-9.493158789108946e-05,0.0,0.0,21.44879638508543
barabasi_albert,unweighted,60,correlated,0.15,1.75,1,5.7,0.7622330889106734,342.0,3424.0,1.5037011446144721,24.393893237707907,0.0225,0.03243658615002823,0.029496211782322607,5.755632365237599,6.610727485080952,6.610727485080949,-4.0306233544094535e-16,2.424700150543239,2.4247001505432344,-1.8315221770847304e-15,11.090252410598891,11.057199862411247,-0.0029803242490726465,0.0088,0.0094,0.009667690118358663,0.009999999993994257,0.9976,0.9965439065650792,0.0010560934349208573,0.9976,0.9967268113471992,0.0008731886528008381,0.0,0.0,65.68693892932413
barabasi_albert,unweighted,60,correlated,0.15,3.0,1,5.7,0.7622330889106734,342.0,3424.0,1.5037011446144721,24.393893237707907,0.0225,0.03243658615002823,0.029496211782322607,5.755632365237599,6.610727485080952,6.610727485080949,-4.0306233544094535e-16,2.424700150543239,2.4247001505432344,-1.8315221770847304e-15,11.090252410598891,11.057199862411247,-0.0029803242490726465,0.0088,0.0094,0.009667690118358663,0.009999999993994257,1.0,0.9999999999910989,8.90110207762973e-12,1.0,0.9999999999907867,9.213296792154324e-12,0.0,0.0,193.0391674657689
barabasi_albert,unweighted,60,correlated,0.15,1.0,2,5.7,0.7459063754381356,342.0,3376.0,1.5597085376735622,23.365409904059682,0.022500000000000006,0.03132485509729862,0.02947098947298336,5.693663688076744,6.59687482743999,6.596874827439988,-2.6927247914594594e-16,2.3696263642676034,2.3696263642676016,-7.496358354998642e-16,10.797293776535973,10.943904821207438,0.013578499178198805,0.012,0.0096,0.011695871119755508,0.009999999999178721,0.5228,0.5069819089982064,0.015818091001793655,0.5024,0.48715854029624794,0.015241459703752014,0.0,0.0,19.343990324619092
barabasi_albert,unweighted,60,correlated,0.15,1.75,2,5.7,0.7459063754381356,342.0,3376.0,1.5597085376735622,23.365409904059682,0.022500000000000006,0.03132485509729862,0.02947098947298336,5.693663688076744,6.59687482743999,6.596874827439988,-2.6927247914594594e-16,2.3696263642676034,2.3696263642676016,-7.496358354998642e-16,10.797293776535973,10.943904821207438,0.013578499178198805,0.012,0.0096,0.011695871119755508,0.009999999999178721,0.997,0.9978070822084651,-0.0008070822084651486,0.996,0.9971737654098487,-0.0011737654098487038,0.0,0.0,59.24097036914597
barabasi_albert,unweighted,60,correlated,0.15,3.0,2,5.7,0.7459063754381356,342.0,3376.0,1.5597085376735622,23.365409904059682,0.022500000000000006,0.03132485509729862,0.02947098947298336,5.693663688076744,6.59687482743999,6.596874827439988,-2.6927247914594594e-16,2.3696263642676034,2.3696263642676016,-7.496358354998642e-16,10.797293776535973,10.943904821207438,0.013578499178198805,0.012,0.0096,0.011695871119755508,0.009999999999178721,1.0,0.9999999999959762,4.023781308148955e-12,1.0,0.9999999999970199,2.980060642698845e-12,0.0,0.0,174.09591292157182
barabasi_albert,unweighted,60,correlated,0.3,1.0,0,5.7,0.8391150614698526,342.0,3664.0,1.4433885005709386,32.09538447363467,0.09,0.028225687657660533,0.02935268784358188,5.6234506423791775,26.25349522668964,26.25349522668964,0.0,41.809811686816374,41.80981168681632,-1.35957127208808e-15,46.21609840385832,45.427241465756296,-0.017068877844438828,0.0072,0.008,0.008410473129192186,0.00999999997830242,0.0644,0.0626448272474184,0.0017551727525815936,0.0708,0.06941470996591437,0.0013852900340856344,0.0,0.0,5.531134221726028
barabasi_albert,unweighted,60,correlated,0.3,1.75,0,5.7,0.8391150614698526,342.0,3664.0,1.4433885005709386,32.09538447363467,0.09,0.028225687657660533,0.02935268784358188,5.6234506423791775,26.25349522668964,26.25349522668964,0.0,41.809811686816374,41.80981168681632,-1.35957127208808e-15,46.21609840385832,45.427241465756296,-0.017068877844438828,0.0072,0.008,0.008410473129192186,0.00999999997830242,0.2808,0.2841574698676898,-0.0033574698676898107,0.3008,0.3040906005379182,-0.003290600537918187,0.0,0.0,16.93909855403596
barabasi_albert,unweighted,60,correlated,0.3,3.0,0,5.7,0.8391150614698526,342.0,3664.0,1.4433885005709386,32.09538447363467,0.09,0.028225687657660533,0.02935268784358188,5.6234506423791775,26.25349522668964,26.25349522668964,0.0,41.809811686816374,41.80981168681632,-1.35957127208808e-15,46.21609840385832,45.427241465756296,-0.017068877844438828,0.0072,0.008,0.008410473129192186,0.00999999997830242,0.923,0.9219845606749001,0.0010154393250999538,0.934,0.9340012107588559,-1.2107588558407656e-06,0.0,0.0,49.780207995534255
barabasi_albert,unweighted,60,correlated,0.3,1.0,1,5.7,0.7689335789758289,342.0,3444.0,1.2425157219417502,23.570393772931986,0.09000000000000001,0.03653045157099312,0.029386271218041483,5.655358772223673,26.40925593798147,26.40925593798147,0.0,38.954565375974745,38.954565375974724,-5.472088282096413e-16,43.90597159300305,44.228158695480104,0.007338115768480035,0.0086,0.0072,0.010858113541145187,0.009999999998684672,0.0874,0.08601319356634904,0.0013868064336509667,0.083,0.08215789011109932,0.0008421098889006828,0.0,0.0,5.3499526103897646
barabasi_albert,unweighted,60,correlated,0.3,1.75,1,5.7,0.7689335789758289,342.0,3444.0,1.2425157219417502,23.570393772931986,0.09000000000000001,0.03653045157099312,0.029386271218041483,5.655358772223673,26.40925593798147,26.40925593798147,0.0,38.954565375974745,38.954565375974724,-5.472088282096413e-16,43.90597159300305,44.228158695480104,0.007338115768480035,0.0086,0.0072,0.010858113541145187,0.009999999998684672,0.359,0.3661312181657866,-0.007131218165786601,0.3504,0.35717053508274366,-0.006770535082743667,0.0,0.0,16.384229869318652
barabasi_albert,unweighted,60,correlated,0.3,3.0,1,5.7,0.7689335789758289,342.0,3444.0,1.2425157219417502,23.570393772931986,0.09000000000000001,0.03653045157099312,0.029386271218041483,5.655358772223673,26.40925593798147,26.40925593798147,0.0,38.954565375974745,38.954565375974724,-5.472088282096413e-16,43.90597159300305,44.228158695480104,0.007338115768480035,0.0086,0.0072,0.010858113541145187,0.009999999998684672,0.934,0.9331103697614144,0.0008896302385856814,0.9296,0.9284163735664523,0.0011836264335476354,0.0,0.0,48.14957349350789
barabasi_albert,unweighted,60,correlated,0.3,1.0,2,5.7,0.754113918035453,342.0,3400.0,1.4940618090071869,22.088336344271315,0.09000000000000005,0.03489911072246483,0.029513120462194918,5.647668516967316,26.45489577161332,26.454895771613323,1.3429324044484198e-16,38.461854732396354,38.46185473239639,9.236979608807208e-16,43.96389728042663,44.00861037156052,0.001017041115547325,0.0092,0.0092,0.010119325932002932,0.009999999999674769,0.087,0.08674753170080715,0.00025246829919284286,0.0866,0.08620440173142017,0.00039559826857982205,0.0,0.0,4.904324789433275
barabasi_albert,unweighted,60,correlated,0.3,1.75,2,5.7,0.754113918035453,342.0,3400.0,1.4940618090071869,22.088336344271315,0.09000000000000005,0.03489911072246483,0.029513120462194918,5.647668516967316,26.45489577161332,26.454895771613323,1.3429324044484198e-16,38.461854732396354,38.46185473239639,9.236979608807208e-16,43.96389728042663,44.00861037156052,0.001017041115547325,0.0092,0.0092,0.010119325932002932,0.009999999999674769,0.354,0.3555674330250833,-0.0015674330250833313,0.3538,0.3542796259234186,-0.0004796259234186029,0.0,0.0,15.019494667639405
barabasi_albert,unweighted,60,correlated,0.3,3.0,2,5.7,0.754113918035453,342.0,3400.0,1.4940618090071869,22.088336344271315,0.09000000000000005,0.03489911072246483,0.029513120462194918,5.647668516967316,26.45489577161332,26.454895771613323,1.3429324044484198e-16,38.461854732396354,38.46185473239639,9.236979608807208e-16,43.96389728042663,44.00861037156052,0.001017041115547325,0.0092,0.0092,0.010119325932002932,0.009999999999674769,0.9564,0.9489324130051355,0.007467586994864495,0.956,0.9483622467133451,0.007637753286654836,0.0,0.0,44.13892310489947
barabasi_albert,weighted,15,iid,0.15,1.0,0,4.712143436087532,0.47612066019590227,70.68215154131298,484.2573672917927,0.6468205951783138,11.411719520353461,0.022500000000000003,1.541976423090495e-16,0.0,1.0,1.5903484096795422,1.5903484096795422,0.0,0.4903105843829402,0.4903105843829401,-1.1321630207334615e-16,3.6443253890050413,3.7358922854341787,0.025125883848186405,0.0112,0.0098,0.01197889006607683,0.010000000071779203,0.8552,0.8555445756801465,-0.0003445756801465638,0.8446,0.844145112379704,0.00045488762029599616,0.0,0.0,20.415136719358664
barabasi_albert,weighted,15,iid,0.15,1.75,0,4.712143436087532,0.47612066019590227,70.68215154131298,484.2573672917927,0.6468205951783138,11.411719520353461,0.022500000000000003,1.541976423090495e-16,0.0,1.0,1.5903484096795422,1.5903484096795422,0.0,0.4903105843829402,0.4903105843829401,-1.1321630207334615e-16,3.6443253890050413,3.7358922854341787,0.025125883848186405,0.0112,0.0098,0.01197889006607683,0.010000000071779203,0.9612,0.9618125070677157,-0.0006125070677156508,0.9582,0.9590432856054889,-0.0008432856054888527,0.0,0.0,62.52135620303591
barabasi_albert,weighted,15,iid,0.15,3.0,0,4.712143436087532,0.47612066019590227,70.68215154131298,484.2573672917927,0.6468205951783138,11.411719520353461,0.022500000000000003,1.541976423090495e-16,0.0,1.0,1.5903484096795422,1.5903484096795422,0.0,0.4903105843829402,0.4903105843829401,-1.1321630207334615e-16,3.6443253890050413,3.7358922854341787,0.025125883848186405,0.0112,0.0098,0.01197889006607683,0.010000000071779203,1.0,0.9999999961607062,3.839293771790153e-09,1.0,0.9999999900427848,9.957215163503008e-09,0.0,0.0,183.73623047422788
barabasi_albert,weighted,15,iid,0.15,1.0,1,4.687188876775186,0.489279466551248,70.30783315162779,484.2667955706419,1.57252899948147,11.240459413452696,0.022500000000000003,1.541976423090495e-16,0.0,1.0,1.5819262459116248,1.5819262459116246,-1.403634369800044e-16,0.49032013051527484,0.49032013051527445,-7.924986849111215e-16,3.7655565289095074,3.735160087567144,-0.00807223078687026,0.0114,0.0118,0.009420559972768694,0.010000000076967996,0.8124,0.8210531795187032,-0.008653179518703147,0.817,0.8265189603091071,-0.00951896030910715,0.0,0.0,16.858372507058018
barabasi_albert,weighted,15,iid,0.15,1.75,1,4.687188876775186,0.489279466551248,70.30783315162779,484.2667955706419,1.57252899948147,11.240459413452696,0.022500000000000003,1.541976423090495e-16,0.0,1.0,1.5819262459116248,1.5819262459116246,-1.403634369800044e-16,0.49032013051527484,0.49032013051527445,-7.924986849111215e-16,3.7655565289095074,3.735160087567144,-0.00807223078687026,0.0114,0.0118,0.009420559972768694,0.010000000076967996,1.0,0.9999927427397726,7.2572602274334486e-06,1.0,0.9999936856748444,6.314325155631906e-06,0.0,0.0,51.628765802865175
barabasi_albert,weighted,15,iid,0.15,3.0,1,4.687188876775186,0.489279466551248,70.30783315162779,484.2667955706419,1.57252899948147,11.240459413452696,0.022500000000000003,1.541976423090495e-16,0.0,1.0,1.5819262459116248,1.5819262459116246,-1.403634369800044e-16,0.49032013051527484,0.49032013051527445,-7.924986849111215e-16,3.7655565289095074,3.735160087567144,-0.00807223078687026,0.0114,0.0118,0.009420559972768694,0.010000000076967996,1.0,1.0,0.0,1.0,1.0,0.0,0.0,0.0,151.72535256352214
barabasi_albert,weighted,15,iid,0.15,1.0,2,4.946183245895318,0.4896945976599931,74.19274868842977,536.8739288635522,1.5943821241173783,12.368359628035478,0.022500000000000003,1.541976423090495e-16,0.0,1.0,1.6693368454896695,1.6693368454896698,1.3301366079887764e-16,0.5435848529743466,0.5435848529743468,4.084819577110444e-16,3.985666624896304,3.947219047667314,-0.009646460892847594,0.0098,0.0102,0.009320153192500846,0.010000000022319377,0.8486,0.8438163061264757,0.004783693873524286,0.854,0.850012819214463,0.003987180785536948,0.0,0.0,20.55596299254468
barabasi_albert,weighted,15,iid,0.15,1.75,2,4.946183245895318,0.4896945976599931,74.19274868842977,536.8739288635522,1.5943821241173783,12.368359628035478,0.022500000000000003,1.541976423090495e-16,0.0,1.0,1.6693368454896695,1.6693368454896698,1.3301366079887764e-16,0.5435848529743466,0.5435848529743468,4.084819577110444e-16,3.985666624896304,3.947219047667314,-0.009646460892847594,0.0098,0.0102,0.009320153192500846,0.010000000022319377,0.9998,0.9999938539053765,-0.0001938539053765176,0.9998,0.9999947758709941,-0.00019477587099403504,0.0,0.0,62.95263666466808
barabasi_albert,weighted,15,iid,0.15,3.0,2,4.946183245895318,0.4896945976599931,74.19274868842977,536.8739288635522,1.5943821241173783,12.368359628035478,0.022500000000000003,1.541976423090495e-16,0.0,1.0,1.6693368454896695,1.6693368454896698,1.3301366079887764e-16,0.5435848529743466,0.5435848529743468,4.084819577110444e-16,3.985666624896304,3.947219047667314,-0.009646460892847594,0.0098,0.0102,0.009320153192500846,0.010000000022319377,1.0,0.9999999999986351,1.3649081864741675e-12,1.0,0.9999999999987395,1.2605472221594027e-12,0.0,0.0,185.00366693290212
barabasi_albert,weighted,15,iid,0.3,1.0,0,4.589794938044121,0.46305065897459874,68.84692407066181,454.77924811920775,1.5364697877145423,11.67494655454709,0.09000000000000001,1.541976423090495e-16,0.0,1.0,6.196223166359563,6.196223166359562,-1.4334190293890792e-16,7.367423819531165,7.367423819531167,2.4110963111570945e-16,14.054437372389993,14.526327229899264,0.03357586255543046,0.0118,0.0098,0.012683493982156069,0.010000000066206716,0.2136,0.2038109948679587,0.009789005132041312,0.1922,0.18212601342079054,0.010073986579209465,0.0,0.0,4.637124027245845
barabasi_albert,weighted,15,iid,0.3,1.75,0,4.589794938044121,0.46305065897459874,68.84692407066181,454.77924811920775,1.5364697877145423,11.67494655454709,0.09000000000000001,1.541976423090495e-16,0.0,1.0,6.196223166359563,6.196223166359562,-1.4334190293890792e-16,7.367423819531165,7.367423819531167,2.4110963111570945e-16,14.054437372389993,14.526327229899264,0.03357586255543046,0.0118,0.0098,0.012683493982156069,0.010000000066206716,0.723,0.7347222752025109,-0.011722275202510901,0.699,0.7076221682217219,-0.008622168221721904,0.0,0.0,14.201192333440394
barabasi_albert,weighted,15,iid,0.3,3.0,0,4.589794938044121,0.46305065897459874,68.84692407066181,454.77924811920775,1.5364697877145423,11.67494655454709,0.09000000000000001,1.541976423090495e-16,0.0,1.0,6.196223166359563,6.196223166359562,-1.4334190293890792e-16,7.367423819531165,7.367423819531167,2.4110963111570945e-16,14.054437372389993,14.526327229899264,0.03357586255543046,0.0118,0.0098,0.012683493982156069,0.010000000066206716,0.9986,0.9994660661887452,-0.0008660661887451848,0.9984,0.9992064496660482,-0.000806449666048259,0.0,0.0,41.73411624521259
barabasi_albert,weighted,15,iid,0.3,1.0,1,5.120865293287882,0.44536135424874296,76.81297939931824,559.6061090848957,1.500554061821498,11.421954314052853,0.09000000000000001,1.541976423090495e-16,0.0,1.0,6.91316814593864,6.91316814593864,0.0,9.065618967175311,9.065618967175308,-3.9188870519091147e-16,16.208954485167588,16.085025923174992,-0.007645685112263088,0.0086,0.009,0.009435612370618518,0.009999999883117006,0.1956,0.18460394213579348,0.010996057864206515,0.2002,0.18956658710428814,0.010633412895711847,0.0,0.0,4.658659243589229
barabasi_albert,weighted,15,iid,0.3,1.75,1,5.120865293287882,0.44536135424874296,76.81297939931824,559.6061090848957,1.500554061821498,11.421954314052853,0.09000000000000001,1.541976423090495e-16,0.0,1.0,6.91316814593864,6.91316814593864,0.0,9.065618967175311,9.065618967175308,-3.9188870519091147e-16,16.208954485167588,16.085025923174992,-0.007645685112263088,0.0086,0.009,0.009435612370618518,0.009999999883117006,0.7034,0.7084432644569677,-0.005043264456967678,0.7102,0.7145829401181483,-0.004382940118148215,0.0,0.0,14.267143933492012
barabasi_albert,weighted,15,iid,0.3,3.0,1,5.120865293287882,0.44536135424874296,76.81297939931824,559.6061090848957,1.500554061821498,11.421954314052853,0.09000000000000001,1.541976423090495e-16,0.0,1.0,6.91316814593864,6.91316814593864,0.0,9.065618967175311,9.065618967175308,-3.9188870519091147e-16,16.208954485167588,16.085025923174992,-0.007645685112263088,0.0086,0.009,0.009435612370618518,0.009999999883117006,0.9958,0.9955320731428869,0.0002679268571130766,0.9964,0.9958282816272419,0.0005717183727580455,0.0,0.0,41.92793319230306
barabasi_albert,weighted,15,iid,0.3,1.0,2,4.8298591731032925,0.416641926459957,72.44788759654939,487.90981482080804,1.6966272169978822,11.420939437229686,0.09000000000000001,1.541976423090495e-16,0.0,1.0,6.5203098836894435,6.520309883689446,4.086516295438214e-16,7.90413900009709,7.904139000097089,-1.1236877535797577e-16,15.301120016368417,15.086161185360444,-0.014048568390942626,0.008,0.0092,0.008984423179859702,0.010000000152605215,0.1806,0.1778641040598279,0.002735895940172123,0.1916,0.1872149093290726,0.004385090670927405,0.0,0.0,4.060370144870364
barabasi_albert,weighted,15,iid,0.3,1.75,2,4.8298591731032925,0.416641926459957,72.44788759654939,487.90981482080804,1.6966272169978822,11.420939437229686,0.09000000000000001,1.541976423090495e-16,0.0,1.0,6.5203098836894435,6.520309883689446,4.086516295438214e-16,7.90413900009709,7.904139000097089,-1.1236877535797577e-16,15.301120016368417,15.086161185360444,-0.014048568390942626,0.008,0.0092,0.008984423179859702,0.010000000152605215,0.7246,0.7330190907870923,-0.008419090787092243,0.7368,0.7445784619233446,-0.007778461923344637,0.0,0.0,12.434883568665493
barabasi_albert,weighted,15,iid,0.3,3.0,2,4.8298591731032925,0.416641926459957,72.44788759654939,487.90981482080804,1.6966272169978822,11.420939437229686,0.09000000000000001,1.541976423090495e-16,0.0,1.0,6.5203098836894435,6.520309883689446,4.086516295438214e-16,7.90413900009709,7.904139000097089,-1.1236877535797577e-16,15.301120016368417,15.086161185360444,-0.014048568390942626,0.008,0.0092,0.008984423179859702,0.010000000152605215,0.9994,0.9989848300399952,0.0004151699600047909,0.9994,0.999132495486493,0.00026750451350698867,0.0,0.0,36.54333130383329
barabasi_albert,weighted,15,heteroscedastic,0.15,1.0,0,4.8823934914163525,0.4918340194508228,73.23590237124529,523.8804343298194,1.3543973530637412,12.533289834663435,0.022500000000000006,0.4681936683955389,0.0,5.444444444444444,1.7120619299282958,1.712061929928295,-3.890827797350723e-16,0.6727906838635573,0.6727906838635573,0.0,4.330598857939907,4.2944980589083235,-0.008336214047023682,0.0094,0.0104,0.009441862214311592,0.010000000016115895,0.771,0.7672504912746978,0.0037495087253022197,0.7754,0.7733199824155623,0.0020800175844376545,0.0,0.0,26.594657741037143
barabasi_albert,weighted,15,heteroscedastic,0.15,1.75,0,4.8823934914163525,0.4918340194508228,73.23590237124529,523.8804343298194,1.3543973530637412,12.533289834663435,0.022500000000000006,0.4681936683955389,0.0,5.444444444444444,1.7120619299282958,1.712061929928295,-3.890827797350723e-16,0.6727906838635573,0.6727906838635573,0.0,4.330598857939907,4.2944980589083235,-0.008336214047023682,0.0094,0.0104,0.009441862214311592,0.010000000016115895,0.9982,0.9986830912693158,-0.00048309126931578295,0.9982,0.9988214362938634,-0.0006214362938634643,0.0,0.0,81.44613933192622
barabasi_albert,weighted,15,heteroscedastic,0.15,3.0,0,4.8823934914163525,0.4918340194508228,73.23590237124529,523.8804343298194,1.3543973530637412,12.533289834663435,0.022500000000000006,0.4681936683955389,0.0,5.444444444444444,1.7120619299282958,1.712061929928295,-3.890827797350723e-16,0.6727906838635573,0.6727906838635573,0.0,4.330598857939907,4.2944980589083235,-0.008336214047023682,0.0094,0.0104,0.009441862214311592,0.010000000016115895,1.0,0.9999999999999978,2.220446049250313e-15,1.0,0.9999999999999979,2.1094237467877974e-15,0.0,0.0,239.35191966933425
barabasi_albert,weighted,15,heteroscedastic,0.15,1.0,1,4.783855907424798,0.5437642567511517,71.75783861137198,522.4082403509727,1.666357374817391,12.082223451429366,0.0225,0.468193668395539,0.0,5.444444444444445,1.6403440895260333,1.6403440895260337,2.7072930166644445e-16,0.6021616860756708,0.6021616860756712,7.374916407322801e-16,4.060235379459307,4.075054777049858,0.003649886325684968,0.0092,0.0086,0.010253848509585883,0.010000000019822153,0.7364,0.7472870004132391,-0.01088700041323909,0.7338,0.7445494374836213,-0.010749437483621338,0.0,0.0,32.8781594573324
barabasi_albert,weighted,15,heteroscedastic,0.15,1.75,1,4.783855907424798,0.5437642567511517,71.75783861137198,522.4082403509727,1.666357374817391,12.082223451429366,0.0225,0.468193668395539,0.0,5.444444444444445,1.6403440895260333,1.6403440895260337,2.7072930166644445e-16,0.6021616860756708,0.6021616860756712,7.374916407322801e-16,4.060235379459307,4.075054777049858,0.003649886325684968,0.0092,0.0086,0.010253848509585883,0.010000000019822153,1.0,0.9999522713750042,4.7728624995801994e-05,1.0,0.9999498815150194,5.011848498059912e-05,0.0,0.0,100.6893633380805
barabasi_albert,weighted,15,heteroscedastic,0.15,3.0,1,4.783855907424798,0.5437642567511517,71.75783861137198,522.4082403509727,1.666357374817391,12.082223451429366,0.0225,0.468193668395539,0.0,5.444444444444445,1.6403440895260333,1.6403440895260337,2.7072930166644445e-16,0.6021616860756708,0.6021616860756712,7.374916407322801e-16,4.060235379459307,4.075054777049858,0.003649886325684968,0.0092,0.0086,0.010253848509585883,0.010000000019822153,1.0,0.9999999999936775,6.3224980806353415e-12,1.0,0.9999999999935402,6.459832668781473e-12,0.0,0.0,295.9034351159916
barabasi_albert,weighted,15,heteroscedastic,0.15,1.0,2,4.8378471234705325,0.425074775815269,72.56770685205798,492.39743805818125,1.7587884674297727,10.568890598418283,0.02250000000000001,0.4681936683955388,0.0,5.444444444444445,1.7023471292439556,1.702347129243955,-3.9130316216466173e-16,0.7116714501209165,0.7116714501209161,-4.680065602335983e-16,4.458315788718349,4.451688428687204,-0.0014865165109918055,0.0076,0.0078,0.009907246702956618,0.009999999998915654,0.7498,0.7442194223396632,0.005580577660336816,0.7512,0.7454631824190051,0.0057368175809948685,0.0,0.0,28.348819611262932
barabasi_albert,weighted,15,heteroscedastic,0.15,1.75,2,4.8378471234705325,0.425074775815269,72.56770685205798,492.39743805818125,1.7587884674297727,10.568890598418283,0.02250000000000001,0.4681936683955388,0.0,5.444444444444445,1.7023471292439556,1.702347129243955,-3.9130316216466173e-16,0.7116714501209165,0.7116714501209161,-4.680065602335983e-16,4.458315788718349,4.451688428687204,-0.0014865165109918055,0.0076,0.0078,0.009907246702956618,0.009999999998915654,1.0,0.9999587847722509,4.121522774913622e-05,1.0,0.9999596239890578,4.0376010942200224e-05,0.0,0.0,86.81826005949273
barabasi_albert,weighted,15,heteroscedastic,0.15,3.0,2,4.8378471234705325,0.425074775815269,72.56770685205798,492.39743805818125,1.7587884674297727,10.568890598418283,0.02250000000000001,0.4681936683955388,0.0,5.444444444444445,1.7023471292439556,1.702347129243955,-3.9130316216466173e-16,0.7116714501209165,0.7116714501209161,-4.680065602335983e-16,4.458315788718349,4.451688428687204,-0.0014865165109918055,0.0076,0.0078,0.009907246702956618,0.009999999998915654,1.0,0.9999999999962895,3.710476370599736e-12,1.0,0.9999999999962161,3.7838621125274585e-12,0.0,0.0,255.1393765013664
barabasi_albert,weighted,15,heteroscedastic,0.3,1.0,0,5.025101926386607,0.40239274002002534,75.3765288957991,525.0920330781017,1.6611129478644615,11.0726681488192,0.09000000000000002,0.4681936683955388,0.0,5.444444444444444,6.600289411673936,6.600289411673938,2.691331741087606e-16,10.195555585008266,10.195555585008268,1.7422854738904453e-16,17.104769751883794,17.035704077572095,-0.004037802046653788,0.0096,0.01,0.009756158445806573,0.009999999999822318,0.1278,0.13112862017816365,-0.003328620178163655,0.1304,0.13328564617113184,-0.0028856461711318504,0.0,0.0,5.635407369151376
barabasi_albert,weighted,15,heteroscedastic,0.3,1.75,0,5.025101926386607,0.40239274002002534,75.3765288957991,525.0920330781017,1.6611129478644615,11.0726681488192,0.09000000000000002,0.4681936683955388,0.0,5.444444444444444,6.600289411673936,6.600289411673938,2.691331741087606e-16,10.195555585008266,10.195555585008268,1.7422854738904453e-16,17.104769751883794,17.035704077572095,-0.004037802046653788,0.0096,0.01,0.009756158445806573,0.009999999999822318,0.6628,0.6581714370038514,0.004628562996148555,0.6658,0.661494495036172,0.004305504963827977,0.0,0.0,17.258435068026085
barabasi_albert,weighted,15,heteroscedastic,0.3,3.0,0,5.025101926386607,0.40239274002002534,75.3765288957991,525.0920330781017,1.6611129478644615,11.0726681488192,0.09000000000000002,0.4681936683955388,0.0,5.444444444444444,6.600289411673936,6.600289411673938,2.691331741087606e-16,10.195555585008266,10.195555585008268,1.7422854738904453e-16,17.104769751883794,17.035704077572095,-0.004037802046653788,0.0096,0.01,0.009756158445806573,0.009999999999822318,0.997,0.9965651588046368,0.0004348411953631892,0.9974,0.9966888097330737,0.0007111902669262316,0.0,0.0,50.71866632236239
barabasi_albert,weighted,15,heteroscedastic,0.3,1.0,1,4.95824022863324,0.4812730928960662,74.3736034294986,535.2062838740379,1.3961521869805495,11.121353904434216,0.09000000000000004,0.4681936683955389,0.0,5.444444444444444,7.086412737419191,7.086412737419188,-3.7600621891955674e-16,11.925805206598158,11.925805206598156,-1.4895068371714225e-16,17.898394535158257,18.069280317350454,0.009547548069550164,0.0122,0.0112,0.010647334915054985,0.010000000003387466,0.1312,0.13832292764590634,-0.0071229276459063295,0.1282,0.1336844007952182,-0.005484400795218197,0.0,0.0,8.118120593498018
barabasi_albert,weighted,15,heteroscedastic,0.3,1.75,1,4.95824022863324,0.4812730928960662,74.3736034294986,535.2062838740379,1.3961521869805495,11.121353904434216,0.09000000000000004,0.4681936683955389,0.0,5.444444444444444,7.086412737419191,7.086412737419188,-3.7600621891955674e-16,11.925805206598158,11.925805206598156,-1.4895068371714225e-16,17.898394535158257,18.069280317350454,0.009547548069550164,0.0122,0.0112,0.010647334915054985,0.010000000003387466,0.57,0.5773795824437415,-0.007379582443741595,0.5616,0.5689653914694294,-0.007365391469429383,0.0,0.0,24.86174431758768
barabasi_albert,weighted,15,heteroscedastic,0.3,3.0,1,4.95824022863324,0.4812730928960662,74.3736034294986,535.2062838740379,1.3961521869805495,11.121353904434216,0.09000000000000004,0.4681936683955389,0.0,5.444444444444444,7.086412737419191,7.086412737419188,-3.7600621891955674e-16,11.925805206598158,11.925805206598156,-1.4895068371714225e-16,17.898394535158257,18.069280317350454,0.009547548069550164,0.0122,0.0112,0.010647334915054985,0.010000000003387466,0.994,0.9920137286669062,0.001986271333093814,0.9932,0.9914670215272978,0.0017329784727021513,0.0,0.0,73.06308534148214
barabasi_albert,weighted,15,heteroscedastic,0.3,1.0,2,4.702944174818837,0.5953244142675193,70.54416262228256,523.1125369971779,0.9935830173723846,11.81085430787086,0.09000000000000001,0.468193668395539,0.0,5.444444444444445,5.516257582209409,5.516257582209411,3.2202209793995366e-16,5.738041802529564,5.738041802529566,4.643631661807935e-16,12.74251078514982,12.773514360929124,0.002433082168973729,0.0094,0.0092,0.010186687152289875,0.009999999999868281,0.2462,0.24535238938469447,0.0008476106153055274,0.2448,0.24370361311717167,0.0010963868828283152,0.0,0.0,6.521324699385447
barabasi_albert,weighted,15,heteroscedastic,0.3,1.75,2,4.702944174818837,0.5953244142675193,70.54416262228256,523.1125369971779,0.9935830173723846,11.81085430787086,0.09000000000000001,0.468193668395539,0.0,5.444444444444445,5.516257582209409,5.516257582209411,3.2202209793995366e-16,5.738041802529564,5.738041802529566,4.643631661807935e-16,12.74251078514982,12.773514360929124,0.002433082168973729,0.0094,0.0092,0.010186687152289875,0.009999999999868281,0.7382,0.7416207507944803,-0.003420750794480343,0.736,0.7398934221217298,-0.003893422121729828,0.0,0.0,19.971556891867937
barabasi_albert,weighted,15,heteroscedastic,0.3,3.0,2,4.702944174818837,0.5953244142675193,70.54416262228256,523.1125369971779,0.9935830173723846,11.81085430787086,0.09000000000000001,0.468193668395539,0.0,5.444444444444445,5.516257582209409,5.516257582209411,3.2202209793995366e-16,5.738041802529564,5.738041802529566,4.643631661807935e-16,12.74251078514982,12.773514360929124,0.002433082168973729,0.0094,0.0092,0.010186687152289875,0.009999999999868281,0.9834,0.9843246100243592,-0.0009246100243591737,0.983,0.9840868567585123,-0.001086856758512278,0.0,0.0,58.69192229446903
barabasi_albert,weighted,15,correlated,0.15,1.0,0,4.713774298666537,0.4697141620046061,70.70661447999805,482.89469495193043,1.5277658153914198,11.783220852866243,0.022500000000000006,0.04037691813587078,0.1196889760218294,5.558438176354388,1.2096855354805354,1.209685535480534,-1.1013338512152731e-15,0.25908624240558925,0.2590862424055886,-2.571089103728973e-15,2.7373265484992024,2.7590285510412715,0.00792817450076159,0.0086,0.008,0.01060890781503343,0.010000000048065838,0.9648,0.9644569436086298,0.00034305639137022226,0.9634,0.9626279101579466,0.0007720898420534583,0.0,0.0,34.815044837156485
barabasi_albert,weighted,15,correlated,0.15,1.75,0,4.713774298666537,0.4697141620046061,70.70661447999805,482.89469495193043,1.5277658153914198,11.783220852866243,0.022500000000000006,0.04037691813587078,0.1196889760218294,5.558438176354388,1.2096855354805354,1.209685535480534,-1.1013338512152731e-15,0.25908624240558925,0.2590862424055886,-2.571089103728973e-15,2.7373265484992024,2.7590285510412715,0.00792817450076159,0.0086,0.008,0.01060890781503343,0.010000000048065838,1.0,0.9999999980351418,1.9648581650599795e-09,1.0,0.9999999976504641,2.3495358991709736e-09,0.0,0.0,106.62107481379172
barabasi_albert,weighted,15,correlated,0.15,3.0,0,4.713774298666537,0.4697141620046061,70.70661447999805,482.89469495193043,1.5277658153914198,11.783220852866243,0.022500000000000006,0.04037691813587078,0.1196889760218294,5.558438176354388,1.2096855354805354,1.209685535480534,-1.1013338512152731e-15,0.25908624240558925,0.2590862424055886,-2.571089103728973e-15,2.7373265484992024,2.7590285510412715,0.00792817450076159,0.0086,0.008,0.01060890781503343,0.010000000048065838,1.0,0.9999999999985492,1.4508394485801546e-12,1.0,0.99999999999854,1.4600542996845434e-12,0.0,0.0,313.33540353440833
barabasi_albert,weighted,15,correlated,0.15,1.0,1,4.630213778535878,0.5098099868197624,69.45320667803817,479.4764058601816,1.276663172715501,11.80413561747323,0.022500000000000003,0.04504369063187481,0.1195066497284319,5.55061084147858,1.2038879160892293,1.2038879160892304,9.221979968298556e-16,0.26330982128746594,0.2633098212874666,2.529847962062337e-15,2.749538543153915,2.7707959332567484,0.007731257361626116,0.0102,0.0098,0.010590541563506362,0.010000000049520119,0.947,0.944988741888876,0.0020112581111239036,0.9454,0.9425057035425416,0.002894296457458423,0.0,0.0,37.614055181910906
barabasi_albert,weighted,15,correlated,0.15,1.75,1,4.630213778535878,0.5098099868197624,69.45320667803817,479.4764058601816,1.276663172715501,11.80413561747323,0.022500000000000003,0.04504369063187481,0.1195066497284319,5.55061084147858,1.2038879160892293,1.2038879160892304,9.221979968298556e-16,0.26330982128746594,0.2633098212874666,2.529847962062337e-15,2.749538543153915,2.7707959332567484,0.007731257361626116,0.0102,0.0098,0.010590541563506362,0.010000000049520119,1.0,0.999999991449752,8.550247954097756e-09,1.0,0.9999999898213906,1.0178609399780214e-08,0.0,0.0,115.19304399460218
barabasi_albert,weighted,15,correlated,0.15,3.0,1,4.630213778535878,0.5098099868197624,69.45320667803817,479.4764058601816,1.276663172715501,11.80413561747323,0.022500000000000003,0.04504369063187481,0.1195066497284319,5.55061084147858,1.2038879160892293,1.2038879160892304,9.221979968298556e-16,0.26330982128746594,0.2633098212874666,2.529847962062337e-15,2.749538543153915,2.7707959332567484,0.007731257361626116,0.0102,0.0098,0.010590541563506362,0.010000000049520119,1.0,0.999999999944578,5.542200032238043e-11,1.0,0.9999999999465766,5.342337683345022e-11,0.0,0.0,338.52649663719814
barabasi_albert,weighted,15,correlated,0.15,1.0,2,4.348484268691025,0.4046876228318093,65.22726403036538,394.4167942193326,1.2147373677202429,9.636259259562182,0.022500000000000003,0.030787011332389494,0.12132593365831199,5.5311929506479025,1.108241424221713,1.108241424221711,-1.803218505145396e-15,0.2066678563375893,0.2066678563375886,-3.3575099809293196e-15,2.4716504876975747,2.4670579068238987,-0.0018581028735798809,0.011,0.0112,0.0098526967334705,0.0099999999998715,0.9774,0.9754867570238108,0.0019132429761892222,0.9774,0.9758053989217934,0.0015946010782066367,0.0,0.0,31.48752570293798
barabasi_albert,weighted,15,correlated,0.15,1.75,2,4.348484268691025,0.4046876228318093,65.22726403036538,394.4167942193326,1.2147373677202429,9.636259259562182,0.022500000000000003,0.030787011332389494,0.12132593365831199,5.5311929506479025,1.108241424221713,1.108241424221711,-1.803218505145396e-15,0.2066678563375893,0.2066678563375886,-3.3575099809293196e-15,2.4716504876975747,2.4670579068238987,-0.0018581028735798809,0.011,0.0112,0.0098526967334705,0.0099999999998715,1.0,0.9999999998372586,1.627413759308638e-10,1.0,0.9999999998443795,1.556205164732205e-10,0.0,0.0,96.43054746524756
barabasi_albert,weighted,15,correlated,0.15,3.0,2,4.348484268691025,0.4046876228318093,65.22726403036538,394.4167942193326,1.2147373677202429,9.636259259562182,0.022500000000000003,0.030787011332389494,0.12132593365831199,5.5311929506479025,1.108241424221713,1.108241424221711,-1.803218505145396e-15,0.2066678563375893,0.2066678563375886,-3.3575099809293196e-15,2.4716504876975747,2.4670579068238987,-0.0018581028735798809,0.011,0.0112,0.0098526967334705,0.0099999999998715,1.0,0.9999999999978743,2.1257440252497872e-12,1.0,0.9999999999978864,2.113642594281373e-12,0.0,0.0,283.3877313264418
barabasi_albert,weighted,15,correlated,0.3,1.0,0,4.351227127947208,0.48854247714484433,65.26840691920812,417.56886083548056,1.5102379206924854,12.961326968802386,0.08999999999999998,0.0372885166483727,0.12245226800686197,5.823457974595438,4.522729504563009,4.522729504563011,3.927621224324986e-16,3.6653741634818884,3.6653741634818884,0.0,10.15486566974046,10.458636258638151,0.029913796871077217,0.0142,0.011,0.012259080566190517,0.009999999981847973,0.2796,0.2842237913495407,-0.004623791349540662,0.256,0.25859730304697853,-0.0025973030469785274,0.0,0.0,8.458299252098596
barabasi_albert,weighted,15,correlated,0.3,1.75,0,4.351227127947208,0.48854247714484433,65.26840691920812,417.56886083548056,1.5102379206924854,12.961326968802386,0.08999999999999998,0.0372885166483727,0.12245226800686197,5.823457974595438,4.522729504563009,4.522729504563011,3.927621224324986e-16,3.6653741634818884,3.6653741634818884,0.0,10.15486566974046,10.458636258638151,0.029913796871077217,0.0142,0.011,0.012259080566190517,0.009999999981847973,0.9082,0.908459779265723,-0.0002597792657229592,0.8916,0.8940481603063433,-0.0024481603063433166,0.0,0.0,25.90354145955195
barabasi_albert,weighted,15,correlated,0.3,3.0,0,4.351227127947208,0.48854247714484433,65.26840691920812,417.56886083548056,1.5102379206924854,12.961326968802386,0.08999999999999998,0.0372885166483727,0.12245226800686197,5.823457974595438,4.522729504563009,4.522729504563011,3.927621224324986e-16,3.6653741634818884,3.6653741634818884,0.0,10.15486566974046,10.458636258638151,0.029913796871077217,0.0142,0.011,0.012259080566190517,0.009999999981847973,1.0,0.9999984888291604,1.511170839574305e-06,1.0,0.9999974910397982,2.5089602018191215e-06,0.0,0.0,76.12469326888734
barabasi_albert,weighted,15,correlated,0.3,1.0,1,4.577467931301855,0.4510558691421901,68.66201896952782,449.25458402870214,1.4536251595656862,10.406873645707298,0.09000000000000001,0.04427244466024491,0.12026241595161216,5.3078345791846715,4.732491171503033,4.732491171503032,-1.8767671983169088e-16,3.882581458066956,3.8825814580669515,-1.1437988221145113e-15,10.813887461797654,10.654806589652381,-0.014710794125355902,0.0082,0.009,0.008892630505889731,0.009999999999929954,0.2844,0.28819801941739603,-0.003798019417396048,0.2956,0.30053090583414516,-0.004930905834145183,0.0,0.0,8.317859486841611
barabasi_albert,weighted,15,correlated,0.3,1.75,1,4.577467931301855,0.4510558691421901,68.66201896952782,449.25458402870214,1.4536251595656862,10.406873645707298,0.09000000000000001,0.04427244466024491,0.12026241595161216,5.3078345791846715,4.732491171503033,4.732491171503032,-1.8767671983169088e-16,3.882581458066956,3.8825814580669515,-1.1437988221145113e-15,10.813887461797654,10.654806589652381,-0.014710794125355902,0.0082,0.009,0.008892630505889731,0.009999999999929954,0.857,0.8606624145689655,-0.003662414568965544,0.864,0.8688758473131681,-0.004875847313168147,0.0,0.0,25.473444678452434
barabasi_albert,weighted,15,correlated,0.3,3.0,1,4.577467931301855,0.4510558691421901,68.66201896952782,449.25458402870214,1.4536251595656862,10.406873645707298,0.09000000000000001,0.04427244466024491,0.12026241595161216,5.3078345791846715,4.732491171503033,4.732491171503032,-1.8767671983169088e-16,3.882581458066956,3.8825814580669515,-1.1437988221145113e-15,10.813887461797654,10.654806589652381,-0.014710794125355902,0.0082,0.009,0.008892630505889731,0.009999999999929954,1.0,0.9999179650665532,8.203493344682844e-05,1.0,0.9999337068189237,6.629318107631565e-05,0.0,0.0,74.86073538157449
barabasi_albert,weighted,15,correlated,0.3,1.0,2,5.109185547947774,0.3454864344810929,76.63778321921662,525.9792915783283,1.5583728959102345,10.455841144636981,0.09000000000000001,0.032323851763440326,0.12352831643297345,5.762317299014354,5.255675598811322,5.2556755988113295,1.3519531835655987e-15,4.453148591130254,4.453148591130266,2.7922935023027726e-15,11.470025781522503,11.478309465299677,0.0007222027164506057,0.0094,0.0094,0.010060027530028048,0.009999999998100806,0.3468,0.3368487580740911,0.009951241925908905,0.3466,0.3361561174785959,0.010443882521404102,0.0,0.0,7.504863068803587
barabasi_albert,weighted,15,correlated,0.3,1.75,2,5.109185547947774,0.3454864344810929,76.63778321921662,525.9792915783283,1.5583728959102345,10.455841144636981,0.09000000000000001,0.032323851763440326,0.12352831643297345,5.762317299014354,5.255675598811322,5.2556755988113295,1.3519531835655987e-15,4.453148591130254,4.453148591130266,2.7922935023027726e-15,11.470025781522503,11.478309465299677,0.0007222027164506057,0.0094,0.0094,0.010060027530028048,0.009999999998100806,0.9204,0.9155875465484636,0.004812453451536358,0.9198,0.915292066528662,0.004507933471337933,0.0,0.0,22.983643148210987
barabasi_albert,weighted,15,correlated,0.3,3.0,2,5.109185547947774,0.3454864344810929,76.63778321921662,525.9792915783283,1.5583728959102345,10.455841144636981,0.09000000000000001,0.032323851763440326,0.12352831643297345,5.762317299014354,5.255675598811322,5.2556755988113295,1.3519531835655987e-15,4.453148591130254,4.453148591130266,2.7922935023027726e-15,11.470025781522503,11.478309465299677,0.0007222027164506057,0.0094,0.0094,0.010060027530028048,0.009999999998100806,1.0,0.9999974276313798,2.5723686202239193e-06,1.0,0.9999973962083238,2.603791676158984e-06,0.0,0.0,67.5437676192323
barabasi_albert,weighted,30,iid,0.15,1.0,0,5.505790608875927,0.501543742399493,165.1737182662778,1322.6390879492637,1.2952610180850148,14.572466217638569,0.022499999999999996,1.5419764230904954e-16,0.0,1.0,3.71640866099125,3.71640866099125,0.0,1.339172076548629,1.3391720765486292,1.6580737368516082e-16,7.03617788823851,7.0509595779149805,0.002100812388666216,0.009,0.0086,0.01020549157192624,0.00999999999981499,0.6974,0.6967140567500992,0.0006859432499007889,0.6948,0.6944428472860122,0.0003571527139877295,0.0,0.0,14.547727627680066
barabasi_albert,weighted,30,iid,0.15,1.75,0,5.505790608875927,0.501543742399493,165.1737182662778,1322.6390879492637,1.2952610180850148,14.572466217638569,0.022499999999999996,1.5419764230904954e-16,0.0,1.0,3.71640866099125,3.71640866099125,0.0,1.339172076548629,1.3391720765486292,1.6580737368516082e-16,7.03617788823851,7.0509595779149805,0.002100812388666216,0.009,0.0086,0.01020549157192624,0.00999999999981499,0.999,0.9995355851402169,-0.0005355851402168987,0.999,0.9995201113530089,-0.0005201113530088897,0.0,0.0,44.5524158597702
barabasi_albert,weighted,30,iid,0.15,3.0,0,5.505790608875927,0.501543742399493,165.1737182662778,1322.6390879492637,1.2952610180850148,14.572466217638569,0.022499999999999996,1.5419764230904954e-16,0.0,1.0,3.71640866099125,3.71640866099125,0.0,1.339172076548629,1.3391720765486292,1.6580737368516082e-16,7.03617788823851,7.0509595779149805,0.002100812388666216,0.009,0.0086,0.01020549157192624,0.00999999999981499,1.0,0.9999999999891788,1.0821232798718938e-11,1.0,0.9999999999893061,1.0693890217794433e-11,0.0,0.0,130.92954864912062
barabasi_albert,weighted,30,iid,0.15,1.0,1,5.281947367292379,0.6578914571337648,158.4584210187714,1368.7420238102657,1.19173868164831,18.37965319779879,0.022499999999999996,1.5419764230904954e-16,0.0,1.0,3.5653144729223567,3.5653144729223554,-3.73674647683512e-16,1.3858512991078942,1.3858512991078937,-3.204450651638697e-16,6.939740753814473,7.051520854651481,0.01610724446378892,0.0088,0.0068,0.011501964854422675,0.009999999999939724,0.6116,0.6039345008591178,0.007665499140882215,0.5948,0.586951435602061,0.007848564397939017,0.0,0.0,18.168065574713232
barabasi_albert,weighted,30,iid,0.15,1.75,1,5.281947367292379,0.6578914571337648,158.4584210187714,1368.7420238102657,1.19173868164831,18.37965319779879,0.022499999999999996,1.5419764230904954e-16,0.0,1.0,3.5653144729223567,3.5653144729223554,-3.73674647683512e-16,1.3858512991078942,1.3858512991078937,-3.204450651638697e-16,6.939740753814473,7.051520854651481,0.01610724446378892,0.0088,0.0068,0.011501964854422675,0.009999999999939724,0.9974,0.9978459833945781,-0.0004459833945781311,0.997,0.9973387344415928,-0.00033873444159282506,0.0,0.0,55.63970082255927
barabasi_albert,weighted,30,iid,0.15,3.0,1,5.281947367292379,0.6578914571337648,158.4584210187714,1368.7420238102657,1.19173868164831,18.37965319779879,0.022499999999999996,1.5419764230904954e-16,0.0,1.0,3.5653144729223567,3.5653144729223554,-3.73674647683512e-16,1.3858512991078942,1.3858512991078937,-3.204450651638697e-16,6.939740753814473,7.051520854651481,0.01610724446378892,0.0088,0.0068,0.011501964854422675,0.009999999999939724,1.0,0.999999999988437,1.1562972801471005e-11,1.0,0.9999999999889444,1.1055600879217309e-11,0.0,0.0,163.5125901724191
barabasi_albert,weighted,30,iid,0.15,1.0,2,5.526062863309495,0.5461856190818463,165.78188589928484,1374.0048884743435,1.1879873053507668,15.943740545313707,0.022499999999999996,1.5419764230904954e-16,0.0,1.0,3.730092432733908,3.730092432733907,-2.3811163817437893e-16,1.3911799495802726,1.3911799495802717,-6.384353224527812e-16,7.25776557128173,7.149124544737059,-0.014968935752699662,0.0092,0.0102,0.008653459194905677,0.00999999999980733,0.6556,0.6484211603965434,0.007178839603456555,0.6714,0.6637280589968985,0.0076719410031015345,0.0,0.0,15.843723614901698
barabasi_albert,weighted,30,iid,0.15,1.75,2,5.526062863309495,0.5461856190818463,165.78188589928484,1374.0048884743435,1.1879873053507668,15.943740545313707,0.022499999999999996,1.5419764230904954e-16,0.0,1.0,3.730092432733908,3.730092432733907,-2.3811163817437893e-16,1.3911799495802726,1.3911799495802717,-6.384353224527812e-16,7.25776557128173,7.149124544737059,-0.014968935752699662,0.0092,0.0102,0.008653459194905677,0.00999999999980733,0.9944,0.9933979949406891,0.0010020050593108065,0.9962,0.9944215950039159,0.0017784049960840598,0.0,0.0,48.52140357063645
barabasi_albert,weighted,30,iid,0.15,3.0,2,5.526062863309495,0.5461856190818463,165.78188589928484,1374.0048884743435,1.1879873053507668,15.943740545313707,0.022499999999999996,1.5419764230904954e-16,0.0,1.0,3.730092432733908,3.730092432733907,-2.3811163817437893e-16,1.3911799495802726,1.3911799495802717,-6.384353224527812e-16,7.25776557128173,7.149124544737059,-0.014968935752699662,0.0092,0.0102,0.008653459194905677,0.00999999999980733,1.0,0.9999999999968371,3.1629143748546085e-12,1.0,0.9999999999971009,2.8991253842036713e-12,0.0,0.0,142.59351253411523
barabasi_albert,weighted,30,iid,0.3,1.0,0,5.405457380956679,0.5377729591055497,162.16372142870037,1304.4293702394202,1.349837123804468,16.354240263988803,0.08999999999999998,1.5419764230904954e-16,0.0,1.0,14.594734928583033,14.594734928583035,1.2171216867538632e-16,21.131755797878608,21.131755797878593,-6.724881193558282e-16,28.61128502662544,27.976258354325093,-0.022194972078653376,0.0076,0.01,0.008075504910538656,0.009999999999953935,0.1024,0.0997324019260146,0.0026675980739854083,0.1118,0.11206287088846272,-0.00026287088846271844,0.0,0.0,3.932783587977369
barabasi_albert,weighted,30,iid,0.3,1.75,0,5.405457380956679,0.5377729591055497,162.16372142870037,1304.4293702394202,1.349837123804468,16.354240263988803,0.08999999999999998,1.5419764230904954e-16,0.0,1.0,14.594734928583033,14.594734928583035,1.2171216867538632e-16,21.131755797878608,21.131755797878593,-6.724881193558282e-16,28.61128502662544,27.976258354325093,-0.022194972078653376,0.0076,0.01,0.008075504910538656,0.009999999999953935,0.492,0.49472064771114266,-0.0027206477111426652,0.521,0.5220502795290897,-0.0010502795290896483,0.0,0.0,12.044149738180696
barabasi_albert,weighted,30,iid,0.3,3.0,0,5.405457380956679,0.5377729591055497,162.16372142870037,1304.4293702394202,1.349837123804468,16.354240263988803,0.08999999999999998,1.5419764230904954e-16,0.0,1.0,14.594734928583033,14.594734928583035,1.2171216867538632e-16,21.131755797878608,21.131755797878593,-6.724881193558282e-16,28.61128502662544,27.976258354325093,-0.022194972078653376,0.0076,0.01,0.008075504910538656,0.009999999999953935,0.984,0.9860114021082184,-0.002011402108218374,0.9878,0.9887259888138252,-0.0009259888138252181,0.0,0.0,35.395052291796326
barabasi_albert,weighted,30,iid,0.3,1.0,1,5.330342637290067,0.6775356971160633,159.910279118702,1415.1763007867278,1.5817738411098716,22.794542092351918,0.08999999999999998,1.5419764230904954e-16,0.0,1.0,14.391925120683176,14.391925120683178,1.2342732640037025e-16,22.925856072744992,22.925856072744992,0.0,28.62749779725589,28.9410868694877,0.010954120910346189,0.011,0.0102,0.010916087100651506,0.009999999940394022,0.1002,0.09573800996600232,0.004461990033997679,0.096,0.09072003455843367,0.005279965441566337,0.0,0.0,3.293523744379132
barabasi_albert,weighted,30,iid,0.3,1.75,1,5.330342637290067,0.6775356971160633,159.910279118702,1415.1763007867278,1.5817738411098716,22.794542092351918,0.08999999999999998,1.5419764230904954e-16,0.0,1.0,14.391925120683176,14.391925120683178,1.2342732640037025e-16,22.925856072744992,22.925856072744992,0.0,28.62749779725589,28.9410868694877,0.010954120910346189,0.011,0.0102,0.010916087100651506,0.009999999940394022,0.458,0.45981346261311173,-0.001813462613111716,0.4444,0.44717612088072206,-0.002776120880722044,0.0,0.0,10.086416467161094
barabasi_albert,weighted,30,iid,0.3,3.0,1,5.330342637290067,0.6775356971160633,159.910279118702,1415.1763007867278,1.5817738411098716,22.794542092351918,0.08999999999999998,1.5419764230904954e-16,0.0,1.0,14.391925120683176,14.391925120683178,1.2342732640037025e-16,22.925856072744992,22.925856072744992,0.0,28.62749779725589,28.9410868694877,0.010954120910346189,0.011,0.0102,0.010916087100651506,0.009999999940394022,0.9786,0.9779585493819422,0.0006414506180578705,0.9776,0.9756945591816572,0.001905440818342874,0.0,0.0,29.64171369941219
barabasi_albert,weighted,30,iid,0.3,1.0,2,5.456502753844488,0.5308290076754119,163.69508261533463,1324.6494905266359,1.2960878225846268,16.825279286932513,0.08999999999999998,1.5419764230904954e-16,0.0,1.0,14.732557435380118,14.73255743538012,1.2057355603001714e-16,21.459321746531494,21.459321746531494,0.0,28.266969606933834,28.18107920206083,-0.003038543079337964,0.0072,0.0072,0.009716255487879855,0.00999999999992418,0.1126,0.1120898697036588,0.0005101302963411991,0.115,0.11387338400141823,0.0011266159985817703,0.0,0.0,3.661581676312069
barabasi_albert,weighted,30,iid,0.3,1.75,2,5.456502753844488,0.5308290076754119,163.69508261533463,1324.6494905266359,1.2960878225846268,16.825279286932513,0.08999999999999998,1.5419764230904954e-16,0.0,1.0,14.732557435380118,14.73255743538012,1.2057355603001714e-16,21.459321746531494,21.459321746531494,0.0,28.266969606933834,28.18107920206083,-0.003038543079337964,0.0072,0.0072,0.009716255487879855,0.00999999999992418,0.5314,0.5246661802322217,0.006733819767778315,0.5344,0.528243807798834,0.006156192201166033,0.0,0.0,11.213593883705714
barabasi_albert,weighted,30,iid,0.3,3.0,2,5.456502753844488,0.5308290076754119,163.69508261533463,1324.6494905266359,1.2960878225846268,16.825279286932513,0.08999999999999998,1.5419764230904954e-16,0.0,1.0,14.732557435380118,14.73255743538012,1.2057355603001714e-16,21.459321746531494,21.459321746531494,0.0,28.266969606933834,28.18107920206083,-0.003038543079337964,0.0072,0.0072,0.009716255487879855,0.00999999999992418,0.9806,0.9810402148504026,-0.000440214850402576,0.9808,0.9814964540360721,-0.0006964540360721028,0.0,0.0,32.954235086808616
barabasi_albert,weighted,30,heteroscedastic,0.15,1.0,0,5.661158183421979,0.4946414507933266,169.8347455026594,1389.6265321878727,1.4237027807494662,14.932743970065737,0.022500000000000006,0.45434452223505734,0.0,5.444444444444444,3.959045608699141,3.959045608699143,4.48683095617058e-16,1.8503864439343578,1.8503864439343578,0.0,8.177333085567112,8.039359067861705,-0.01687274032519589,0.0086,0.0096,0.008654836572621227,0.009999999999919351,0.59,0.5830058693552473,0.0069941306447526275,0.6106,0.6023976622469683,0.008202337753031697,0.0,0.0,23.902925242945287
barabasi_albert,weighted,30,heteroscedastic,0.15,1.75,0,5.661158183421979,0.4946414507933266,169.8347455026594,1389.6265321878727,1.4237027807494662,14.932743970065737,0.022500000000000006,0.45434452223505734,0.0,5.444444444444444,3.959045608699141,3.959045608699143,4.48683095617058e-16,1.8503864439343578,1.8503864439343578,0.0,8.177333085567112,8.039359067861705,-0.01687274032519589,0.0086,0.0096,0.008654836572621227,0.009999999999919351,0.998,0.9978593576170812,0.0001406423829187764,0.9986,0.9982823130541961,0.0003176869458039189,0.0,0.0,73.20270855651997
barabasi_albert,weighted,30,heteroscedastic,0.15,3.0,0,5.661158183421979,0.4946414507933266,169.8347455026594,1389.6265321878727,1.4237027807494662,14.932743970065737,0.022500000000000006,0.45434452223505734,0.0,5.444444444444444,3.959045608699141,3.959045608699143,4.48683095617058e-16,1.8503864439343578,1.8503864439343578,0.0,8.177333085567112,8.039359067861705,-0.01687274032519589,0.0086,0.0096,0.008654836572621227,0.009999999999919351,1.0,0.9999999999966325,3.367528478293025e-12,1.0,0.9999999999999084,9.159339953157541e-14,0.0,0.0,215.12632718650764
barabasi_albert,weighted,30,heteroscedastic,0.15,1.0,1,5.402924939059676,0.7018255847841283,162.08774817179028,1484.5235022824024,1.4193891501291742,20.926875171236592,0.022500000000000003,0.45434452223505745,0.0,5.444444444444444,3.8523777639004138,3.8523777639004133,-1.1527665173740282e-16,2.309372992803372,2.3093729928033726,1.9229860712581472e-16,8.457618755007157,8.767913271027336,0.03668816542912567,0.013,0.0104,0.012721726378788767,0.00999999997647727,0.468,0.46067924229572604,0.0073207577042739835,0.4282,0.42208623715882737,0.006113762841172654,0.0,0.0,25.706534699297997
barabasi_albert,weighted,30,heteroscedastic,0.15,1.75,1,5.402924939059676,0.7018255847841283,162.08774817179028,1484.5235022824024,1.4193891501291742,20.926875171236592,0.022500000000000003,0.45434452223505745,0.0,5.444444444444444,3.8523777639004138,3.8523777639004133,-1.1527665173740282e-16,2.309372992803372,2.3093729928033726,1.9229860712581472e-16,8.457618755007157,8.767913271027336,0.03668816542912567,0.013,0.0104,0.012721726378788767,0.00999999997647727,0.9816,0.9788327392297815,0.0027672607702184937,0.9768,0.9735879811805124,0.0032120188194876276,0.0,0.0,78.72626251660013
barabasi_albert,weighted,30,heteroscedastic,0.15,3.0,1,5.402924939059676,0.7018255847841283,162.08774817179028,1484.5235022824024,1.4193891501291742,20.926875171236592,0.022500000000000003,0.45434452223505745,0.0,5.444444444444444,3.8523777639004138,3.8523777639004133,-1.1527665173740282e-16,2.309372992803372,2.3093729928033726,1.9229860712581472e-16,8.457618755007157,8.767913271027336,0.03668816542912567,0.013,0.0104,0.012721726378788767,0.00999999997647727,1.0,0.9999999884416019,1.1558398127498037e-08,1.0,0.9999999675889047,3.241109525209396e-08,0.0,0.0,231.358812293682
barabasi_albert,weighted,30,heteroscedastic,0.15,1.0,2,5.257501186712832,0.6460648930682663,157.72503560138497,1340.5371005909385,1.3403718537522982,21.22049244162401,0.022500000000000003,0.45434452223505745,0.0,5.444444444444444,3.634697208576022,3.6346972085760227,2.4436104817878074e-16,1.6281857571738987,1.6281857571738994,4.091264229772693e-16,7.59014186622646,7.510424350827244,-0.01050277014635681,0.0084,0.0094,0.009179931869049973,0.009999999999977305,0.5534,0.5504080571089864,0.002991942891013566,0.565,0.5623923230707744,0.0026076769292255886,0.0,0.0,25.45571028157183
barabasi_albert,weighted,30,heteroscedastic,0.15,1.75,2,5.257501186712832,0.6460648930682663,157.72503560138497,1340.5371005909385,1.3403718537522982,21.22049244162401,0.022500000000000003,0.45434452223505745,0.0,5.444444444444444,3.634697208576022,3.6346972085760227,2.4436104817878074e-16,1.6281857571738987,1.6281857571738994,4.091264229772693e-16,7.59014186622646,7.510424350827244,-0.01050277014635681,0.0084,0.0094,0.009179931869049973,0.009999999999977305,0.9864,0.9885515650588742,-0.0021515650588741497,0.9882,0.9894599501145517,-0.0012599501145517111,0.0,0.0,77.95811273731373
barabasi_albert,weighted,30,heteroscedastic,0.15,3.0,2,5.257501186712832,0.6460648930682663,157.72503560138497,1340.5371005909385,1.3403718537522982,21.22049244162401,0.022500000000000003,0.45434452223505745,0.0,5.444444444444444,3.634697208576022,3.6346972085760227,2.4436104817878074e-16,1.6281857571738987,1.6281857571738994,4.091264229772693e-16,7.59014186622646,7.510424350827244,-0.01050277014635681,0.0084,0.0094,0.009179931869049973,0.009999999999977305,1.0,0.9999999999995948,4.0523140398818214e-13,1.0,0.9999999999995693,4.306555112520982e-13,0.0,0.0,229.10139253414647
barabasi_albert,weighted,30,heteroscedastic,0.3,1.0,0,5.4897040980445295,0.62472756404506,164.6911229413359,1439.9479082327541,1.4236891610728861,16.240208957553982,0.09000000000000002,0.45434452223505734,0.0,5.444444444444444,15.752793521110545,15.752793521110545,0.0,35.88613748925963,35.886137489259646,3.9599844701746385e-16,33.90887138021365,34.611668526037896,0.020726055371879527,0.0138,0.012,0.011608005958625489,0.010000000078600968,0.0728,0.07309524415608945,-0.000295244156089447,0.0642,0.06607102428515058,-0.0018710242851505826,0.0,0.0,6.622316876241221
barabasi_albert,weighted,30,heteroscedastic,0.3,1.75,0,5.4897040980445295,0.62472756404506,164.6911229413359,1439.9479082327541,1.4236891610728861,16.240208957553982,0.09000000000000002,0.45434452223505734,0.0,5.444444444444444,15.752793521110545,15.752793521110545,0.0,35.88613748925963,35.886137489259646,3.9599844701746385e-16,33.90887138021365,34.611668526037896,0.020726055371879527,0.0138,0.012,0.011608005958625489,0.010000000078600968,0.362,0.35499175834979385,0.007008241650206137,0.3424,0.3363328402282931,0.006067159771706909,0.0,0.0,20.280845433488743
barabasi_albert,weighted,30,heteroscedastic,0.3,3.0,0,5.4897040980445295,0.62472756404506,164.6911229413359,1439.9479082327541,1.4236891610728861,16.240208957553982,0.09000000000000002,0.45434452223505734,0.0,5.444444444444444,15.752793521110545,15.752793521110545,0.0,35.88613748925963,35.886137489259646,3.9599844701746385e-16,33.90887138021365,34.611668526037896,0.020726055371879527,0.0138,0.012,0.011608005958625489,0.010000000078600968,0.888,0.8919972100342538,-0.003997210034253795,0.879,0.8813681695566374,-0.002368169556637434,0.0,0.0,59.60085188617098
barabasi_albert,weighted,30,heteroscedastic,0.3,1.0,1,5.476686123300719,0.6329134431404453,164.30058369902156,1439.5138951334,1.2176762701276247,19.770548777220746,0.09000000000000004,0.4543445222350574,0.0,5.444444444444444,13.41609863330883,13.41609863330883,0.0,20.02914307237487,20.02914307237487,0.0,27.697304672056507,26.967275106476947,-0.026357422652612063,0.0096,0.0118,0.008025154256269429,0.009999999876923238,0.1034,0.09752900131335987,0.005870998686640136,0.1132,0.1110464766857839,0.002153523314216102,0.0,0.0,5.197789418768008
barabasi_albert,weighted,30,heteroscedastic,0.3,1.75,1,5.476686123300719,0.6329134431404453,164.30058369902156,1439.5138951334,1.2176762701276247,19.770548777220746,0.09000000000000004,0.4543445222350574,0.0,5.444444444444444,13.41609863330883,13.41609863330883,0.0,20.02914307237487,20.02914307237487,0.0,27.697304672056507,26.967275106476947,-0.026357422652612063,0.0096,0.0118,0.008025154256269429,0.009999999876923238,0.4674,0.47647561407918737,-0.009075614079187388,0.497,0.5039382475941622,-0.006938247594162172,0.0,0.0,15.918230094977027
barabasi_albert,weighted,30,heteroscedastic,0.3,3.0,1,5.476686123300719,0.6329134431404453,164.30058369902156,1439.5138951334,1.2176762701276247,19.770548777220746,0.09000000000000004,0.4543445222350574,0.0,5.444444444444444,13.41609863330883,13.41609863330883,0.0,20.02914307237487,20.02914307237487,0.0,27.697304672056507,26.967275106476947,-0.026357422652612063,0.0096,0.0118,0.008025154256269429,0.009999999876923238,0.9688,0.969449738320181,-0.0006497383201810036,0.974,0.9752440006533013,-0.0012440006533013248,0.0,0.0,46.780104768912075
barabasi_albert,weighted,30,heteroscedastic,0.3,1.0,2,5.479530605613115,0.6003436167481659,164.38591816839343,1405.768238838845,0.7770277032381988,15.486326333573906,0.09000000000000001,0.45434452223505745,0.0,5.444444444444444,14.699972050034376,14.699972050034376,0.0,24.883021050139938,24.88302105013993,-2.8555324304405723e-16,29.255943539980244,29.503910701837395,0.008475787544445005,0.0118,0.0112,0.010759934197122178,0.009999999999624476,0.1126,0.10660829693226923,0.00599170306773078,0.109,0.10227290247296479,0.0067270975270352085,0.0,0.0,7.21759000830099
barabasi_albert,weighted,30,heteroscedastic,0.3,1.75,2,5.479530605613115,0.6003436167481659,164.38591816839343,1405.768238838845,0.7770277032381988,15.486326333573906,0.09000000000000001,0.45434452223505745,0.0,5.444444444444444,14.699972050034376,14.699972050034376,0.0,24.883021050139938,24.88302105013993,-2.8555324304405723e-16,29.255943539980244,29.503910701837395,0.008475787544445005,0.0118,0.0112,0.010759934197122178,0.009999999999624476,0.4618,0.4608040360633355,0.0009959639366645123,0.4532,0.4518536687427101,0.00134633125728989,0.0,0.0,22.10386940042178
barabasi_albert,weighted,30,heteroscedastic,0.3,3.0,2,5.479530605613115,0.6003436167481659,164.38591816839343,1405.768238838845,0.7770277032381988,15.486326333573906,0.09000000000000001,0.45434452223505745,0.0,5.444444444444444,14.699972050034376,14.699972050034376,0.0,24.883021050139938,24.88302105013993,-2.8555324304405723e-16,29.255943539980244,29.503910701837395,0.008475787544445005,0.0118,0.0112,0.010759934197122178,0.009999999999624476,0.9514,0.9522652677501021,-0.0008652677501020944,0.95,0.9506926965578767,-0.0006926965578767375,0.0,0.0,64.95831007470889
barabasi_albert,weighted,30,correlated,0.15,1.0,0,5.314333550294198,0.5947038851306271,159.43000650882595,1317.7583822925326,1.468717412169675,17.89772273901105,0.022500000000000003,0.039250400508329446,0.060089479139294445,5.601291714094908,2.943711247852608,2.9437112478526104,7.543015813354975e-16,0.8295160194508076,0.8295160194508078,2.676797068633334e-16,5.547526955227023,5.620926793440103,0.013231091764938679,0.009,0.0082,0.011264990363274163,0.009999999870199006,0.8024,0.8045469080147399,-0.0021469080147399344,0.791,0.7919989321186572,-0.000998932118657203,0.0,0.0,28.972626097460704
barabasi_albert,weighted,30,correlated,0.15,1.75,0,5.314333550294198,0.5947038851306271,159.43000650882595,1317.7583822925326,1.468717412169675,17.89772273901105,0.022500000000000003,0.039250400508329446,0.060089479139294445,5.601291714094908,2.943711247852608,2.9437112478526104,7.543015813354975e-16,0.8295160194508076,0.8295160194508078,2.676797068633334e-16,5.547526955227023,5.620926793440103,0.013231091764938679,0.009,0.0082,0.011264990363274163,0.009999999870199006,1.0,0.9999833511216577,1.664887834229578e-05,1.0,0.9999782832442783,2.171675572171239e-05,0.0,0.0,88.72866742347341
barabasi_albert,weighted,30,correlated,0.15,3.0,0,5.314333550294198,0.5947038851306271,159.43000650882595,1317.7583822925326,1.468717412169675,17.89772273901105,0.022500000000000003,0.039250400508329446,0.060089479139294445,5.601291714094908,2.943711247852608,2.9437112478526104,7.543015813354975e-16,0.8295160194508076,0.8295160194508078,2.676797068633334e-16,5.547526955227023,5.620926793440103,0.013231091764938679,0.009,0.0082,0.011264990363274163,0.009999999870199006,1.0,0.9999999999984575,1.5425438704141925e-12,1.0,0.9999999999983351,1.6648904477278847e-12,0.0,0.0,260.75363487714634
barabasi_albert,weighted,30,correlated,0.15,1.0,1,5.253837658363504,0.6320613584504704,157.6151297509051,1325.9968423660214,1.3881670716808006,19.553484827588782,0.022500000000000003,0.03350832887456511,0.059468846988003116,5.760997390437599,2.8859486353983517,2.885948635398352,1.5387980382012735e-16,0.8287279232602636,0.8287279232602636,0.0,5.662446551441852,5.602268798442043,-0.01062751806186784,0.0096,0.0098,0.009108096700824742,0.009999999960713102,0.7664,0.7687567364059645,-0.0023567364059645657,0.777,0.7789922516414427,-0.001992251641442677,0.0,0.0,29.566477879186095
barabasi_albert,weighted,30,correlated,0.15,1.75,1,5.253837658363504,0.6320613584504704,157.6151297509051,1325.9968423660214,1.3881670716808006,19.553484827588782,0.022500000000000003,0.03350832887456511,0.059468846988003116,5.760997390437599,2.8859486353983517,2.885948635398352,1.5387980382012735e-16,0.8287279232602636,0.8287279232602636,0.0,5.662446551441852,5.602268798442043,-0.01062751806186784,0.0096,0.0098,0.009108096700824742,0.009999999960713102,0.9998,0.9999594504046339,-0.00015945040463383187,0.9998,0.9999672678283902,-0.00016726782839016074,0.0,0.0,90.54733850500739
barabasi_albert,weighted,30,correlated,0.15,3.0,1,5.253837658363504,0.6320613584504704,157.6151297509051,1325.9968423660214,1.3881670716808006,19.553484827588782,0.022500000000000003,0.03350832887456511,0.059468846988003116,5.760997390437599,2.8859486353983517,2.885948635398352,1.5387980382012735e-16,0.8287279232602636,0.8287279232602636,0.0,5.662446551441852,5.602268798442043,-0.01062751806186784,0.0096,0.0098,0.009108096700824742,0.009999999960713102,1.0,0.9999999999456729,5.43270983754951e-11,1.0,0.9999999999457855,5.4214521760798107e-11,0.0,0.0,266.0983009126749
barabasi_albert,weighted,30,correlated,0.15,1.0,2,5.335581198569247,0.5710689000027152,160.0674359570774,1306.0554256012847,1.5384360601743585,16.403955462020967,0.0225,0.037495262719368094,0.060006729283329195,5.828075799970205,2.9381657648770014,2.9381657648770005,-3.022900989173109e-16,0.8064194237273279,0.8064194237273276,-4.130194506576839e-16,5.489262717625561,5.545858207599376,0.010310217033717784,0.008,0.0068,0.011019533653984115,0.010000000143008725,0.8138,0.813146844215364,0.0006531557846359837,0.8038,0.8040461974335614,-0.00024619743356146806,0.0,0.0,30.837959687178856
barabasi_albert,weighted,30,correlated,0.15,1.75,2,5.335581198569247,0.5710689000027152,160.0674359570774,1306.0554256012847,1.5384360601743585,16.403955462020967,0.0225,0.037495262719368094,0.060006729283329195,5.828075799970205,2.9381657648770014,2.9381657648770005,-3.022900989173109e-16,0.8064194237273279,0.8064194237273276,-4.130194506576839e-16,5.489262717625561,5.545858207599376,0.010310217033717784,0.008,0.0068,0.011019533653984115,0.010000000143008725,1.0,0.99997506912853,2.493087147004136e-05,1.0,0.999969370706051,3.062929394903602e-05,0.0,0.0,94.4412515419852
barabasi_albert,weighted,30,correlated,0.15,3.0,2,5.335581198569247,0.5710689000027152,160.0674359570774,1306.0554256012847,1.5384360601743585,16.403955462020967,0.0225,0.037495262719368094,0.060006729283329195,5.828075799970205,2.9381657648770014,2.9381657648770005,-3.022900989173109e-16,0.8064194237273279,0.8064194237273276,-4.130194506576839e-16,5.489262717625561,5.545858207599376,0.010310217033717784,0.008,0.0068,0.011019533653984115,0.010000000143008725,1.0,0.9999999999356148,6.43851638670867e-11,1.0,0.99999999993897,6.102995886436702e-11,0.0,0.0,277.5416371846096
barabasi_albert,weighted,30,correlated,0.3,1.0,0,5.717220686832135,0.558214314015728,171.51662060496406,1481.50838520869,1.7024159963109216,14.987146777662785,0.09,0.038170025473445064,0.05999649253463056,5.635481280504919,12.658836478938206,12.65883647893821,4.2097632962296877e-16,14.757432470250947,14.757432470250965,1.2037031800627604e-15,23.35019409917384,23.67794229469552,0.01403620861264167,0.0122,0.0104,0.011465987633181018,0.009999999999960318,0.185,0.18064244669446416,0.004357553305535833,0.1714,0.16996431506122622,0.0014356849387737736,0.0,0.0,7.752166271174059
barabasi_albert,weighted,30,correlated,0.3,1.75,0,5.717220686832135,0.558214314015728,171.51662060496406,1481.50838520869,1.7024159963109216,14.987146777662785,0.09,0.038170025473445064,0.05999649253463056,5.635481280504919,12.658836478938206,12.65883647893821,4.2097632962296877e-16,14.757432470250947,14.757432470250965,1.2037031800627604e-15,23.35019409917384,23.67794229469552,0.01403620861264167,0.0122,0.0104,0.011465987633181018,0.009999999999960318,0.6662,0.6583665399804962,0.007833460019503802,0.6512,0.6430956575343234,0.008104342465676595,0.0,0.0,23.741009205470554
barabasi_albert,weighted,30,correlated,0.3,3.0,0,5.717220686832135,0.558214314015728,171.51662060496406,1481.50838520869,1.7024159963109216,14.987146777662785,0.09,0.038170025473445064,0.05999649253463056,5.635481280504919,12.658836478938206,12.65883647893821,4.2097632962296877e-16,14.757432470250947,14.757432470250965,1.2037031800627604e-15,23.35019409917384,23.67794229469552,0.01403620861264167,0.0122,0.0104,0.011465987633181018,0.009999999999960318,0.9978,0.9978242095715808,-2.4209571580779965e-05,0.9972,0.997379641973274,-0.0001796419732740251,0.0,0.0,69.7694964405665
barabasi_albert,weighted,30,correlated,0.3,1.0,1,5.30421393300932,0.5938623041627353,159.1264179902796,1311.078775015851,1.4941286688739057,17.11439953812886,0.09000000000000002,0.03307521527117176,0.060081528474115416,5.929602982065778,11.712515303739554,11.71251530373955,-3.033262784865857e-16,13.085326335229869,13.085326335229853,-1.2217663621853729e-15,21.919628884860504,22.298050222224834,0.017264039430234083,0.0124,0.0114,0.011705829118740407,0.010000000240404927,0.17,0.16374494366066894,0.006255056339331072,0.159,0.1516681168388872,0.007331883161112801,0.0,0.0,8.255460332217403
barabasi_albert,weighted,30,correlated,0.3,1.75,1,5.30421393300932,0.5938623041627353,159.1264179902796,1311.078775015851,1.4941286688739057,17.11439953812886,0.09000000000000002,0.03307521527117176,0.060081528474115416,5.929602982065778,11.712515303739554,11.71251530373955,-3.033262784865857e-16,13.085326335229869,13.085326335229853,-1.2217663621853729e-15,21.919628884860504,22.298050222224834,0.017264039430234083,0.0124,0.0114,0.011705829118740407,0.010000000240404927,0.6504,0.6572531978812909,-0.006853197881290907,0.6314,0.6372030417262062,-0.005803041726206271,0.0,0.0,25.282347267415794
barabasi_albert,weighted,30,correlated,0.3,3.0,1,5.30421393300932,0.5938623041627353,159.1264179902796,1311.078775015851,1.4941286688739057,17.11439953812886,0.09000000000000002,0.03307521527117176,0.060081528474115416,5.929602982065778,11.712515303739554,11.71251530373955,-3.033262784865857e-16,13.085326335229869,13.085326335229853,-1.2217663621853729e-15,21.919628884860504,22.298050222224834,0.017264039430234083,0.0124,0.0114,0.011705829118740407,0.010000000240404927,0.9988,0.9990030772546891,-0.00020307725468904358,0.9988,0.9987120257588717,8.797424112827468e-05,0.0,0.0,74.29914298995661
barabasi_albert,weighted,30,correlated,0.3,1.0,2,5.186362032817729,0.5751739546410137,155.59086098453187,1236.6027097114843,1.5019240707804302,14.420937055678548,0.09,0.03552369382953895,0.05972469573643135,5.7036870162259214,11.455528527582231,11.455528527582237,4.651963901420695e-16,12.278353198861389,12.278353198861408,1.5914125385491236e-15,21.53552243934442,21.543644210353904,0.00037713368841457224,0.011,0.011,0.010037049605912396,0.009999999999962927,0.162,0.16706319119735163,-0.00506319119735163,0.1612,0.16679047004178094,-0.005590470041780926,0.0,0.0,7.211990248440415
barabasi_albert,weighted,30,correlated,0.3,1.75,2,5.186362032817729,0.5751739546410137,155.59086098453187,1236.6027097114843,1.5019240707804302,14.420937055678548,0.09,0.03552369382953895,0.05972469573643135,5.7036870162259214,11.455528527582231,11.455528527582237,4.651963901420695e-16,12.278353198861389,12.278353198861408,1.5914125385491236e-15,21.53552243934442,21.543644210353904,0.00037713368841457224,0.011,0.011,0.010037049605912396,0.009999999999962927,0.63,0.6336374930414863,-0.003637493041486306,0.629,0.6332062692547958,-0.004206269254795836,0.0,0.0,22.086720135848775
barabasi_albert,weighted,30,correlated,0.3,3.0,2,5.186362032817729,0.5751739546410137,155.59086098453187,1236.6027097114843,1.5019240707804302,14.420937055678548,0.09,0.03552369382953895,0.05972469573643135,5.7036870162259214,11.455528527582231,11.455528527582237,4.651963901420695e-16,12.278353198861389,12.278353198861408,1.5914125385491236e-15,21.53552243934442,21.543644210353904,0.00037713368841457224,0.011,0.011,0.010037049605912396,0.009999999999962927,0.9984,0.9979626346218213,0.0004373653781786224,0.9984,0.9979521374771484,0.0004478625228515609,0.0,0.0,64.90791223596375
barabasi_albert,weighted,60,iid,0.15,1.0,0,5.602774940873331,0.7307224137328775,336.1664964523999,3247.9097728185056,1.2009726713372537,23.407667989339675,0.022499999999999996,1.5419764230904954e-16,0.0,1.0,7.563746170178996,7.563746170178997,1.1742573054631028e-16,3.2885086449787377,3.288508644978738,1.350427375424868e-16,12.562101233305189,12.71589637299587,0.012242787797548754,0.0114,0.0096,0.011469186406791787,0.010000000045635338,0.4142,0.4288715291223415,-0.014671529122341487,0.3984,0.4122733010840399,-0.013873301084039946,0.0,0.0,13.807901447401882
barabasi_albert,weighted,60,iid,0.15,1.75,0,5.602774940873331,0.7307224137328775,336.1664964523999,3247.9097728185056,1.2009726713372537,23.407667989339675,0.022499999999999996,1.5419764230904954e-16,0.0,1.0,7.563746170178996,7.563746170178997,1.1742573054631028e-16,3.2885086449787377,3.288508644978738,1.350427375424868e-16,12.562101233305189,12.71589637299587,0.012242787797548754,0.0114,0.0096,0.011469186406791787,0.010000000045635338,0.9736,0.9735736521932569,2.63478067431544e-05,0.9704,0.9699389477627973,0.00046105223720271926,0.0,0.0,42.28669818266825
barabasi_albert,weighted,60,iid,0.15,3.0,0,5.602774940873331,0.7307224137328775,336.1664964523999,3247.9097728185056,1.2009726713372537,23.407667989339675,0.022499999999999996,1.5419764230904954e-16,0.0,1.0,7.563746170178996,7.563746170178997,1.1742573054631028e-16,3.2885086449787377,3.288508644978738,1.350427375424868e-16,12.562101233305189,12.71589637299587,0.012242787797548754,0.0114,0.0096,0.011469186406791787,0.010000000045635338,1.0,0.999999999993116,6.884048886490746e-12,1.0,0.9999999999921644,7.835621040896967e-12,0.0,0.0,124.27111302661693
barabasi_albert,weighted,60,iid,0.15,1.0,1,5.870484629034184,0.7125429006787367,352.22907774205106,3504.7844506082956,1.3415714746964875,23.53981459796701,0.022499999999999996,1.5419764230904954e-16,0.0,1.0,7.925154249196147,7.925154249196148,1.1207080540927183e-16,3.5485942562408996,3.548594256240898,-5.005804302016717e-16,13.320780371498492,13.283816766638092,-0.0027748828394084488,0.0104,0.0108,0.009688276968861043,0.010000000035266077,0.4204,0.41902481586665685,0.0013751841333431436,0.4244,0.42306184883291276,0.0013381511670872426,0.0,0.0,12.423772612667445
barabasi_albert,weighted,60,iid,0.15,1.75,1,5.870484629034184,0.7125429006787367,352.22907774205106,3504.7844506082956,1.3415714746964875,23.53981459796701,0.022499999999999996,1.5419764230904954e-16,0.0,1.0,7.925154249196147,7.925154249196148,1.1207080540927183e-16,3.5485942562408996,3.548594256240898,-5.005804302016717e-16,13.320780371498492,13.283816766638092,-0.0027748828394084488,0.0104,0.0108,0.009688276968861043,0.010000000035266077,0.9746,0.9776250929701786,-0.003025092970178611,0.9756,0.978312213011381,-0.002712213011381026,0.0,0.0,38.04780362629404
barabasi_albert,weighted,60,iid,0.15,3.0,1,5.870484629034184,0.7125429006787367,352.22907774205106,3504.7844506082956,1.3415714746964875,23.53981459796701,0.022499999999999996,1.5419764230904954e-16,0.0,1.0,7.925154249196147,7.925154249196148,1.1207080540927183e-16,3.5485942562408996,3.548594256240898,-5.005804302016717e-16,13.320780371498492,13.283816766638092,-0.0027748828394084488,0.0104,0.0108,0.009688276968861043,0.010000000035266077,1.0,0.9999999999958101,4.189870672632878e-12,1.0,0.999999999996108,3.891997835125949e-12,0.0,0.0,111.81395351400697
barabasi_albert,weighted,60,iid,0.15,1.0,2,5.767588533230912,0.6879688795301108,346.05531199385473,3320.5201100251084,1.2336734140413315,21.878918450040963,0.022499999999999996,1.5419764230904954e-16,0.0,1.0,7.786244519861731,7.786244519861729,-3.422105807624563e-16,3.3620266114004207,3.362026611400421,1.320897366916086e-16,12.927271748934832,12.949400722295167,0.0017118053824588537,0.0086,0.0084,0.010202460967779658,0.010000000001049225,0.4534,0.44036376619979883,0.013036233800201191,0.4496,0.4379714571151184,0.011628542884881576,0.0,0.0,12.435672128123544
barabasi_albert,weighted,60,iid,0.15,1.75,2,5.767588533230912,0.6879688795301108,346.05531199385473,3320.5201100251084,1.2336734140413315,21.878918450040963,0.022499999999999996,1.5419764230904954e-16,0.0,1.0,7.786244519861731,7.786244519861729,-3.422105807624563e-16,3.3620266114004207,3.362026611400421,1.320897366916086e-16,12.927271748934832,12.949400722295167,0.0017118053824588537,0.0086,0.0084,0.010202460967779658,0.010000000001049225,0.9666,0.9694942383738308,-0.0028942383738307376,0.9662,0.9689547345665519,-0.002754734566551953,0.0,0.0,38.084245892378355
barabasi_albert,weighted,60,iid,0.15,3.0,2,5.767588533230912,0.6879688795301108,346.05531199385473,3320.5201100251084,1.2336734140413315,21.878918450040963,0.022499999999999996,1.5419764230904954e-16,0.0,1.0,7.786244519861731,7.786244519861729,-3.422105807624563e-16,3.3620266114004207,3.362026611400421,1.320897366916086e-16,12.927271748934832,12.949400722295167,0.0017118053824588537,0.0086,0.0084,0.010202460967779658,0.010000000001049225,1.0,0.9999999999971599,2.840061519293613e-12,1.0,0.9999999999969195,3.080535826427422e-12,0.0,0.0,111.9210491531119
barabasi_albert,weighted,60,iid,0.3,1.0,0,5.690709047216877,0.7909319287122066,341.4425428330126,3525.168080497389,1.4759893045133183,25.676179089790804,0.08999999999999998,1.5419764230904954e-16,0.0,1.0,30.72982885497113,30.729828854971128,-1.1561124194890472e-16,57.10772290405772,57.107722904057724,1.244214792023538e-16,52.57116501947354,52.47853786707814,-0.001761938362238886,0.0122,0.0122,0.00980985961665587,0.009999999820984262,0.0582,0.06187141814354945,-0.003671418143549446,0.059,0.0625953108999454,-0.0035953108999454003,0.0,0.0,3.6910227022216597
barabasi_albert,weighted,60,iid,0.3,1.75,0,5.690709047216877,0.7909319287122066,341.4425428330126,3525.168080497389,1.4759893045133183,25.676179089790804,0.08999999999999998,1.5419764230904954e-16,0.0,1.0,30.72982885497113,30.729828854971128,-1.1561124194890472e-16,57.10772290405772,57.107722904057724,1.244214792023538e-16,52.57116501947354,52.47853786707814,-0.001761938362238886,0.0122,0.0122,0.00980985961665587,0.009999999820984262,0.2716,0.2742586207896143,-0.002658620789614319,0.2736,0.27613610946631073,-0.002536109466310721,0.0,0.0,11.303757025553832
barabasi_albert,weighted,60,iid,0.3,3.0,0,5.690709047216877,0.7909319287122066,341.4425428330126,3525.168080497389,1.4759893045133183,25.676179089790804,0.08999999999999998,1.5419764230904954e-16,0.0,1.0,30.72982885497113,30.729828854971128,-1.1561124194890472e-16,57.10772290405772,57.107722904057724,1.244214792023538e-16,52.57116501947354,52.47853786707814,-0.001761938362238886,0.0122,0.0122,0.00980985961665587,0.009999999820984262,0.8404,0.8386453225643584,0.0017546774356416162,0.8422,0.8404802212731123,0.0017197787268876663,0.0,0.0,33.21920431999494
barabasi_albert,weighted,60,iid,0.3,1.0,1,5.829121097089958,0.8175823189156051,349.7472658253975,3787.27363405228,1.3648121686204062,27.078361501141394,0.08999999999999998,1.5419764230904954e-16,0.0,1.0,31.47725392428578,31.477253924285776,-1.1286606154863658e-16,61.353832871646944,61.353832871646915,-4.632426060465141e-16,53.60292442761053,54.21408139296061,0.011401560117777333,0.0116,0.0086,0.011267831982383458,0.009999999879462484,0.0636,0.06505919890745505,-0.0014591989074550504,0.0592,0.06053017875879734,-0.0013301787587973388,0.0,0.0,3.7843327804555007
barabasi_albert,weighted,60,iid,0.3,1.75,1,5.829121097089958,0.8175823189156051,349.7472658253975,3787.27363405228,1.3648121686204062,27.078361501141394,0.08999999999999998,1.5419764230904954e-16,0.0,1.0,31.47725392428578,31.477253924285776,-1.1286606154863658e-16,61.353832871646944,61.353832871646915,-4.632426060465141e-16,53.60292442761053,54.21408139296061,0.011401560117777333,0.0116,0.0086,0.011267831982383458,0.009999999879462484,0.279,0.2731243278839697,0.0058756721160303504,0.2658,0.26080454148194293,0.00499545851805705,0.0,0.0,11.58951914014497
barabasi_albert,weighted,60,iid,0.3,3.0,1,5.829121097089958,0.8175823189156051,349.7472658253975,3787.27363405228,1.3648121686204062,27.078361501141394,0.08999999999999998,1.5419764230904954e-16,0.0,1.0,31.47725392428578,31.477253924285776,-1.1286606154863658e-16,61.353832871646944,61.353832871646915,-4.632426060465141e-16,53.60292442761053,54.21408139296061,0.011401560117777333,0.0116,0.0086,0.011267831982383458,0.009999999879462484,0.8342,0.846325206520114,-0.012125206520113951,0.824,0.8346177164654782,-0.010617716465478266,0.0,0.0,34.0589950240995
barabasi_albert,weighted,60,iid,0.3,1.0,2,5.671349389415701,0.7636824533158337,340.28096336494207,3420.013208138388,1.4623145910563298,26.124598159279017,0.08999999999999998,1.5419764230904954e-16,0.0,1.0,30.625286702844786,30.62528670284478,-2.3201178250327946e-16,55.404213971841884,55.40421397184187,-2.5649411292838475e-16,51.41700763594863,52.03930096431061,0.012102869400102977,0.0088,0.0078,0.011392140217527713,0.010000000000005838,0.0626,0.06724811747840918,-0.0046481174784091805,0.0576,0.0620559739807094,-0.0044559739807094045,0.0,0.0,3.8314040863744716
barabasi_albert,weighted,60,iid,0.3,1.75,2,5.671349389415701,0.7636824533158337,340.28096336494207,3420.013208138388,1.4623145910563298,26.124598159279017,0.08999999999999998,1.5419764230904954e-16,0.0,1.0,30.625286702844786,30.62528670284478,-2.3201178250327946e-16,55.404213971841884,55.40421397184187,-2.5649411292838475e-16,51.41700763594863,52.03930096431061,0.012102869400102977,0.0088,0.0078,0.011392140217527713,0.010000000000005838,0.2876,0.2928981712003224,-0.005298171200322388,0.2762,0.27896976971322657,-0.0027697697132265664,0.0,0.0,11.73367501452182
barabasi_albert,weighted,60,iid,0.3,3.0,2,5.671349389415701,0.7636824533158337,340.28096336494207,3420.013208138388,1.4623145910563298,26.124598159279017,0.08999999999999998,1.5419764230904954e-16,0.0,1.0,30.625286702844786,30.62528670284478,-2.3201178250327946e-16,55.404213971841884,55.40421397184187,-2.5649411292838475e-16,51.41700763594863,52.03930096431061,0.012102869400102977,0.0088,0.0078,0.011392140217527713,0.010000000000005838,0.8756,0.8815035034323226,-0.005903503432322599,0.8632,0.8703366521485171,-0.007136652148517109,0.0,0.0,34.48263677737024
barabasi_albert,weighted,60,heteroscedastic,0.15,1.0,0,5.7255631224850845,0.6575813858919942,343.53378734910507,3191.3440848952664,1.4435235383172307,24.119831284827193,0.022500000000000003,0.44754565287795367,0.0,5.444444444444444,8.005980498324739,8.005980498324737,-2.2187873674835398e-16,4.059930754260728,4.059930754260729,2.1876688876233147e-16,13.536582999317393,13.729462947179915,0.014248791432243174,0.0112,0.008,0.011688362935333818,0.010000000000008169,0.4012,0.4058229447569196,-0.0046229447569196,0.3814,0.3878924779246855,-0.006492477924685491,0.0,0.0,19.996008117611286
barabasi_albert,weighted,60,heteroscedastic,0.15,1.75,0,5.7255631224850845,0.6575813858919942,343.53378734910507,3191.3440848952664,1.4435235383172307,24.119831284827193,0.022500000000000003,0.44754565287795367,0.0,5.444444444444444,8.005980498324739,8.005980498324737,-2.2187873674835398e-16,4.059930754260728,4.059930754260729,2.1876688876233147e-16,13.536582999317393,13.729462947179915,0.014248791432243174,0.0112,0.008,0.011688362935333818,0.010000000000008169,0.9752,0.9725828175061185,0.0026171824938814314,0.9702,0.9679607752755478,0.002239224724452149,0.0,0.0,61.237774860184565
barabasi_albert,weighted,60,heteroscedastic,0.15,3.0,0,5.7255631224850845,0.6575813858919942,343.53378734910507,3191.3440848952664,1.4435235383172307,24.119831284827193,0.022500000000000003,0.44754565287795367,0.0,5.444444444444444,8.005980498324739,8.005980498324737,-2.2187873674835398e-16,4.059930754260728,4.059930754260729,2.1876688876233147e-16,13.536582999317393,13.729462947179915,0.014248791432243174,0.0112,0.008,0.011688362935333818,0.010000000000008169,1.0,0.9999999999127122,8.72878436197766e-11,1.0,0.9999999998681933,1.3180667668422075e-10,0.0,0.0,179.96407305850158
barabasi_albert,weighted,60,heteroscedastic,0.15,1.0,1,5.476801383169473,0.7220265148840649,328.6080829901684,3080.622818152194,1.3056796969149738,19.77810168893004,0.022500000000000003,0.4475456528779538,0.0,5.444444444444444,7.235713458206411,7.235713458206411,0.0,3.1552173406653923,3.1552173406653927,1.4074758151411853e-16,12.525941609969937,12.21653350439958,-0.024701384950101157,0.0082,0.012,0.007425500938440299,0.010000000000001452,0.3838,0.3882382901776786,-0.0044382901776786055,0.415,0.4177547991910887,-0.0027547991910887304,0.0,0.0,17.50455530916786
barabasi_albert,weighted,60,heteroscedastic,0.15,1.75,1,5.476801383169473,0.7220265148840649,328.6080829901684,3080.622818152194,1.3056796969149738,19.77810168893004,0.022500000000000003,0.4475456528779538,0.0,5.444444444444444,7.235713458206411,7.235713458206411,0.0,3.1552173406653923,3.1552173406653927,1.4074758151411853e-16,12.525941609969937,12.21653350439958,-0.024701384950101157,0.0082,0.012,0.007425500938440299,0.010000000000001452,0.9486,0.9477895196057009,0.0008104803942990957,0.9608,0.9588999310079832,0.001900068992016779,0.0,0.0,53.607700634326555
barabasi_albert,weighted,60,heteroscedastic,0.15,3.0,1,5.476801383169473,0.7220265148840649,328.6080829901684,3080.622818152194,1.3056796969149738,19.77810168893004,0.022500000000000003,0.4475456528779538,0.0,5.444444444444444,7.235713458206411,7.235713458206411,0.0,3.1552173406653923,3.1552173406653927,1.4074758151411853e-16,12.525941609969937,12.21653350439958,-0.024701384950101157,0.0082,0.012,0.007425500938440299,0.010000000000001452,1.0,0.9999999981011414,1.8988586258927853e-09,1.0,0.9999999991271584,8.728415767933484e-10,0.0,0.0,157.54099778251071
barabasi_albert,weighted,60,heteroscedastic,0.15,1.0,2,5.620131478085762,0.7180620775989035,337.2078886851457,3232.7540947384587,1.4447788185275598,22.064107109789262,0.022500000000000006,0.4475456528779537,0.0,5.444444444444444,7.232509212220378,7.232509212220377,-1.228036347605916e-16,3.3182713475156826,3.3182713475156813,-4.01494480114662e-16,12.528629944882065,12.514550743221625,-0.001123762272681014,0.0088,0.0088,0.009882723425707896,0.009999999996565312,0.3998,0.3946358563345855,0.005164143665414511,0.4008,0.3959701950485746,0.004829804951425376,0.0,0.0,19.84420238330437
barabasi_albert,weighted,60,heteroscedastic,0.15,1.75,2,5.620131478085762,0.7180620775989035,337.2078886851457,3232.7540947384587,1.4447788185275598,22.064107109789262,0.022500000000000006,0.4475456528779537,0.0,5.444444444444444,7.232509212220378,7.232509212220377,-1.228036347605916e-16,3.3182713475156826,3.3182713475156813,-4.01494480114662e-16,12.528629944882065,12.514550743221625,-0.001123762272681014,0.0088,0.0088,0.009882723425707896,0.009999999996565312,0.9606,0.9656903931943334,-0.005090393194333354,0.9612,0.9661032617536028,-0.004903261753602783,0.0,0.0,60.77286979886963
barabasi_albert,weighted,60,heteroscedastic,0.15,3.0,2,5.620131478085762,0.7180620775989035,337.2078886851457,3232.7540947384587,1.4447788185275598,22.064107109789262,0.022500000000000006,0.4475456528779537,0.0,5.444444444444444,7.232509212220378,7.232509212220377,-1.228036347605916e-16,3.3182713475156826,3.3182713475156813,-4.01494480114662e-16,12.528629944882065,12.514550743221625,-0.001123762272681014,0.0088,0.0088,0.009882723425707896,0.009999999996565312,1.0,0.9999999999746172,2.538280696740003e-11,1.0,0.9999999999755966,2.4403368215075716e-11,0.0,0.0,178.5978214497393
barabasi_albert,weighted,60,heteroscedastic,0.3,1.0,0,5.778729217970741,0.8182614883277237,346.7237530782445,3725.3982477657423,1.2678228886207021,27.1017514422999,0.09000000000000002,0.4475456528779537,0.0,5.444444444444444,33.21722752579501,33.21722752579501,0.0,84.74912915725146,84.74912915725145,-1.6768142465315313e-16,59.944529328271756,60.50601725489927,0.009366791814356581,0.0092,0.0082,0.010929376311246464,0.010000000001535392,0.0548,0.05051627877754614,0.004283721222453858,0.0508,0.047597903375548284,0.003202096624451714,0.0,0.0,6.445151014610537
barabasi_albert,weighted,60,heteroscedastic,0.3,1.75,0,5.778729217970741,0.8182614883277237,346.7237530782445,3725.3982477657423,1.2678228886207021,27.1017514422999,0.09000000000000002,0.4475456528779537,0.0,5.444444444444444,33.21722752579501,33.21722752579501,0.0,84.74912915725146,84.74912915725145,-1.6768142465315313e-16,59.944529328271756,60.50601725489927,0.009366791814356581,0.0092,0.0082,0.010929376311246464,0.010000000001535392,0.2024,0.2093861803511977,-0.0069861803511976905,0.1952,0.20192289855500473,-0.006722898555004714,0.0,0.0,19.738274982244768
barabasi_albert,weighted,60,heteroscedastic,0.3,3.0,0,5.778729217970741,0.8182614883277237,346.7237530782445,3725.3982477657423,1.2678228886207021,27.1017514422999,0.09000000000000002,0.4475456528779537,0.0,5.444444444444444,33.21722752579501,33.21722752579501,0.0,84.74912915725146,84.74912915725145,-1.6768142465315313e-16,59.944529328271756,60.50601725489927,0.009366791814356581,0.0092,0.0082,0.010929376311246464,0.010000000001535392,0.7242,0.7265623688736169,-0.00236236887361696,0.7158,0.7151351437621581,0.0006648562378418488,0.0,0.0,58.00635913149482
barabasi_albert,weighted,60,heteroscedastic,0.3,1.0,1,5.9115278132914515,0.7582785110546216,354.69166879748707,3696.9019318546557,1.4466860526922725,23.991611641657013,0.08999999999999998,0.44754565287795367,0.0,5.444444444444444,32.40370595722829,32.4037059572283,2.1927823215591163e-16,78.37489260779799,78.37489260779799,0.0,59.20266591279444,59.175125956332614,-0.00046518101908432614,0.0112,0.0112,0.009958058116760371,0.009999999884871213,0.048,0.04639007199754581,0.0016099280024541932,0.048,0.04653173972721955,0.00146826027278045,0.0,0.0,4.497789454727184
barabasi_albert,weighted,60,heteroscedastic,0.3,1.75,1,5.9115278132914515,0.7582785110546216,354.69166879748707,3696.9019318546557,1.4466860526922725,23.991611641657013,0.08999999999999998,0.44754565287795367,0.0,5.444444444444444,32.40370595722829,32.4037059572283,2.1927823215591163e-16,78.37489260779799,78.37489260779799,0.0,59.20266591279444,59.175125956332614,-0.00046518101908432614,0.0112,0.0112,0.009958058116760371,0.009999999884871213,0.2132,0.21678597698474317,-0.0035859769847431666,0.2132,0.21716219520279934,-0.003962195202799335,0.0,0.0,13.774480205102005
barabasi_albert,weighted,60,heteroscedastic,0.3,3.0,1,5.9115278132914515,0.7582785110546216,354.69166879748707,3696.9019318546557,1.4466860526922725,23.991611641657013,0.08999999999999998,0.44754565287795367,0.0,5.444444444444444,32.40370595722829,32.4037059572283,2.1927823215591163e-16,78.37489260779799,78.37489260779799,0.0,59.20266591279444,59.175125956332614,-0.00046518101908432614,0.0112,0.0112,0.009958058116760371,0.009999999884871213,0.7476,0.7586473487090011,-0.011047348709001037,0.748,0.759243464234202,-0.011243464234201972,0.0,0.0,40.480105092544655
barabasi_albert,weighted,60,heteroscedastic,0.3,1.0,2,5.858492626949496,0.7333173494614799,351.50955761696974,3558.207561266477,1.0867974086889407,26.353337280201544,0.08999999999999998,0.4475456528779538,0.0,5.444444444444444,31.82170033695344,31.82170033695344,0.0,75.83472893901299,75.83472893901303,5.621773129813851e-16,58.62820701678563,58.329344143426965,-0.0050975953140286,0.0098,0.01,0.009556363428890102,0.009999999991334219,0.043,0.04255360914654047,0.0004463908534595232,0.0442,0.044078722991804646,0.00012127700819535708,0.0,0.0,4.966697101209795
barabasi_albert,weighted,60,heteroscedastic,0.3,1.75,2,5.858492626949496,0.7333173494614799,351.50955761696974,3558.207561266477,1.0867974086889407,26.353337280201544,0.08999999999999998,0.4475456528779538,0.0,5.444444444444444,31.82170033695344,31.82170033695344,0.0,75.83472893901299,75.83472893901303,5.621773129813851e-16,58.62820701678563,58.329344143426965,-0.0050975953140286,0.0098,0.01,0.009556363428890102,0.009999999991334219,0.2234,0.22339836620018386,1.6337998161308764e-06,0.2268,0.22766921969418535,-0.0008692196941853525,0.0,0.0,15.210509872454997
barabasi_albert,weighted,60,heteroscedastic,0.3,3.0,2,5.858492626949496,0.7333173494614799,351.50955761696974,3558.207561266477,1.0867974086889407,26.353337280201544,0.08999999999999998,0.4475456528779538,0.0,5.444444444444444,31.82170033695344,31.82170033695344,0.0,75.83472893901299,75.83472893901303,5.621773129813851e-16,58.62820701678563,58.329344143426965,-0.0050975953140286,0.0098,0.01,0.009556363428890102,0.009999999991334219,0.7548,0.744340261867308,0.010459738132692076,0.7616,0.750236786409168,0.011363213590832033,0.0,0.0,44.70027391088817
barabasi_albert,weighted,60,correlated,0.15,1.0,0,5.709733452816436,0.7364014005524752,342.58400716898615,3388.2270165296995,1.352554026360736,26.67854623674127,0.0225,0.03494099850753493,0.029397932560700408,5.746528354663631,6.531492231004103,6.531492231004107,5.439359878491861e-16,2.320646343108765,2.320646343108767,9.56822247320881e-16,10.979558980829164,10.879785692841983,-0.009087185392545409,0.0076,0.0084,0.00901764022658913,0.009999999868345044,0.4878,0.49227793365305245,-0.004477933653052435,0.503,0.5055616193170774,-0.002561619317077435,0.0,0.0,26.016648232499545
barabasi_albert,weighted,60,correlated,0.15,1.75,0,5.709733452816436,0.7364014005524752,342.58400716898615,3388.2270165296995,1.352554026360736,26.67854623674127,0.0225,0.03494099850753493,0.029397932560700408,5.746528354663631,6.531492231004103,6.531492231004107,5.439359878491861e-16,2.320646343108765,2.320646343108767,9.56822247320881e-16,10.979558980829164,10.879785692841983,-0.009087185392545409,0.0076,0.0084,0.00901764022658913,0.009999999868345044,0.9908,0.9900895623853202,0.0007104376146798153,0.9918,0.9911816568224829,0.0006183431775170778,0.0,0.0,79.67598521202989
barabasi_albert,weighted,60,correlated,0.15,3.0,0,5.709733452816436,0.7364014005524752,342.58400716898615,3388.2270165296995,1.352554026360736,26.67854623674127,0.0225,0.03494099850753493,0.029397932560700408,5.746528354663631,6.531492231004103,6.531492231004107,5.439359878491861e-16,2.320646343108765,2.320646343108767,9.56822247320881e-16,10.979558980829164,10.879785692841983,-0.009087185392545409,0.0076,0.0084,0.00901764022658913,0.009999999868345044,1.0,0.9999999999946181,5.381917134172909e-12,1.0,0.999999999995408,4.59199345215211e-12,0.0,0.0,234.14983409249592
barabasi_albert,weighted,60,correlated,0.15,1.0,1,5.736148712617811,0.751423647713627,344.1689227570687,3461.7824231024315,1.353432543835655,25.610460161181123,0.02249999999999999,0.03583265045648359,0.029285897741319226,5.640217928758766,6.535730585713514,6.535730585713512,-2.717916254509018e-16,2.3584278123302886,2.3584278123302864,-9.41494175756162e-16,10.934686997062387,10.933496237767296,-0.00010889742846885649,0.0078,0.0078,0.009987775140902266,0.009999999951256722,0.5018,0.5046891921855782,-0.002889192185578149,0.502,0.5048495008068072,-0.002849500806807237,0.0,0.0,29.0373381909027
barabasi_albert,weighted,60,correlated,0.15,1.75,1,5.736148712617811,0.751423647713627,344.1689227570687,3461.7824231024315,1.353432543835655,25.610460161181123,0.02249999999999999,0.03583265045648359,0.029285897741319226,5.640217928758766,6.535730585713514,6.535730585713512,-2.717916254509018e-16,2.3584278123302886,2.3584278123302864,-9.41494175756162e-16,10.934686997062387,10.933496237767296,-0.00010889742846885649,0.0078,0.0078,0.009987775140902266,0.009999999951256722,0.9954,0.9937045033873155,0.0016954966126844218,0.9954,0.9937144787877805,0.0016855212122194319,0.0,0.0,88.92684820963952
barabasi_albert,weighted,60,correlated,0.15,3.0,1,5.736148712617811,0.751423647713627,344.1689227570687,3461.7824231024315,1.353432543835655,25.610460161181123,0.02249999999999999,0.03583265045648359,0.029285897741319226,5.640217928758766,6.535730585713514,6.535730585713512,-2.717916254509018e-16,2.3584278123302886,2.3584278123302864,-9.41494175756162e-16,10.934686997062387,10.933496237767296,-0.00010889742846885649,0.0078,0.0078,0.009987775140902266,0.009999999951256722,1.0,0.9999999999992677,7.323031070427533e-13,1.0,0.9999999999992646,7.354117315117037e-13,0.0,0.0,261.33604371812436
barabasi_albert,weighted,60,correlated,0.15,1.0,2,5.801304837798592,0.8263700729152229,348.0782902679155,3779.681563329597,1.4691534514106765,30.634524237423065,0.0225,0.03856083408418516,0.028871729691361064,5.742542199944945,6.687082739790694,6.6870827397906965,3.9846004046658106e-16,2.6686312930091893,2.668631293009188,-4.992325590426179e-16,11.126981821582582,11.449292140296974,0.028966553903163446,0.0154,0.0112,0.013411902371791962,0.00999999990233591,0.4646,0.4819278217766036,-0.01732782177660358,0.428,0.44222264565492914,-0.014222645654929145,0.0,0.0,28.509692243256602
barabasi_albert,weighted,60,correlated,0.15,1.75,2,5.801304837798592,0.8263700729152229,348.0782902679155,3779.681563329597,1.4691534514106765,30.634524237423065,0.0225,0.03856083408418516,0.028871729691361064,5.742542199944945,6.687082739790694,6.6870827397906965,3.9846004046658106e-16,2.6686312930091893,2.668631293009188,-4.992325590426179e-16,11.126981821582582,11.449292140296974,0.028966553903163446,0.0154,0.0112,0.013411902371791962,0.00999999990233591,0.9892,0.9893119032627639,-0.00011190326276389051,0.9838,0.9843525387530062,-0.0005525387530062043,0.0,0.0,87.31093249497336
barabasi_albert,weighted,60,correlated,0.15,3.0,2,5.801304837798592,0.8263700729152229,348.0782902679155,3779.681563329597,1.4691534514106765,30.634524237423065,0.0225,0.03856083408418516,0.028871729691361064,5.742542199944945,6.687082739790694,6.6870827397906965,3.9846004046658106e-16,2.6686312930091893,2.668631293009188,-4.992325590426179e-16,11.126981821582582,11.449292140296974,0.028966553903163446,0.0154,0.0112,0.013411902371791962,0.00999999990233591,1.0,0.9999999999961483,3.8516967393320556e-12,1.0,0.9999999999991727,8.273381979506667e-13,0.0,0.0,256.5872301893094
barabasi_albert,weighted,60,correlated,0.3,1.0,0,5.941405562527296,0.9075158190804955,356.4843337516378,4263.121946791383,1.4139027350773627,35.3407377925148,0.09,0.03904158824473807,0.028603947769418263,5.689542937313226,27.37964241412115,27.379642414121133,-6.487874503737448e-16,49.0763426083138,49.07634260831371,-1.882180919349213e-15,48.155328400791845,48.41607501894504,0.0054146991997027745,0.0082,0.0064,0.01052839470870398,0.01000000007696733,0.0746,0.06838476116668707,0.0062152388333129305,0.072,0.06634720731529108,0.005652792684708918,0.0,0.0,6.854218541754689
barabasi_albert,weighted,60,correlated,0.3,1.75,0,5.941405562527296,0.9075158190804955,356.4843337516378,4263.121946791383,1.4139027350773627,35.3407377925148,0.09,0.03904158824473807,0.028603947769418263,5.689542937313226,27.37964241412115,27.379642414121133,-6.487874503737448e-16,49.0763426083138,49.07634260831371,-1.882180919349213e-15,48.155328400791845,48.41607501894504,0.0054146991997027745,0.0082,0.0064,0.01052839470870398,0.01000000007696733,0.2778,0.2805729802085118,-0.0027729802085117994,0.2706,0.2747770639803106,-0.004177063980310591,0.0,0.0,20.99104428412374
barabasi_albert,weighted,60,correlated,0.3,3.0,0,5.941405562527296,0.9075158190804955,356.4843337516378,4263.121946791383,1.4139027350773627,35.3407377925148,0.09,0.03904158824473807,0.028603947769418263,5.689542937313226,27.37964241412115,27.379642414121133,-6.487874503737448e-16,49.0763426083138,49.07634260831371,-1.882180919349213e-15,48.155328400791845,48.41607501894504,0.0054146991997027745,0.0082,0.0064,0.01052839470870398,0.01000000007696733,0.8892,0.8932902650632404,-0.004090265063240395,0.8848,0.8888221396140117,-0.004022139614011655,0.0,0.0,61.687966875792206
barabasi_albert,weighted,60,correlated,0.3,1.0,1,5.615903518749331,0.7392900506659904,336.95421112495984,3289.6211528362223,1.2193711803937126,23.818556898410804,0.09,0.03642597850029077,0.029206179257165586,5.6979318780238986,25.546791142220528,25.546791142220524,-1.3906692464906179e-16,35.640242783122105,35.64024278312206,-1.1961917432783374e-15,42.66228296733367,42.56017590291868,-0.0023933802251785317,0.0098,0.01,0.009730096573709934,0.009999999957411465,0.0912,0.08307382431828314,0.008126175681716863,0.092,0.08435538576937524,0.007644614230624763,0.0,0.0,6.917187609938987
barabasi_albert,weighted,60,correlated,0.3,1.75,1,5.615903518749331,0.7392900506659904,336.95421112495984,3289.6211528362223,1.2193711803937126,23.818556898410804,0.09,0.03642597850029077,0.029206179257165586,5.6979318780238986,25.546791142220528,25.546791142220524,-1.3906692464906179e-16,35.640242783122105,35.64024278312206,-1.1961917432783374e-15,42.66228296733367,42.56017590291868,-0.0023933802251785317,0.0098,0.01,0.009730096573709934,0.009999999957411465,0.379,0.3721891876941497,0.006810812305850289,0.3828,0.37531454871104614,0.007485451288953837,0.0,0.0,21.18388705543815
barabasi_albert,weighted,60,correlated,0.3,3.0,1,5.615903518749331,0.7392900506659904,336.95421112495984,3289.6211528362223,1.2193711803937126,23.818556898410804,0.09,0.03642597850029077,0.029206179257165586,5.6979318780238986,25.546791142220528,25.546791142220524,-1.3906692464906179e-16,35.640242783122105,35.64024278312206,-1.1961917432783374e-15,42.66228296733367,42.56017590291868,-0.0023933802251785317,0.0098,0.01,0.009730096573709934,0.009999999957411465,0.9398,0.9393918347667949,0.00040816523320508225,0.941,0.9405745320512451,0.00042546794875486516,0.0,0.0,62.254688489450885
barabasi_albert,weighted,60,correlated,0.3,1.0,2,5.8576627782819,0.6437396695543323,351.45976669691396,3302.4242883624825,1.1784903936550473,18.940324560598867,0.09000000000000001,0.035871704048001406,0.02962114932565597,5.646505758851596,26.596028925531694,26.59602892553169,-1.3358060666680813e-16,34.86253598756677,34.86253598756674,-1.0190634668882165e-15,43.24866170984677,42.87165815231014,-0.008717114995740937,0.011,0.012,0.008932788164791705,0.009999999999956044,0.0916,0.09400250367385068,-0.002402503673850684,0.0994,0.09977531220999161,-0.0003753122099916101,0.0,0.0,6.677807404066021
barabasi_albert,weighted,60,correlated,0.3,1.75,2,5.8576627782819,0.6437396695543323,351.45976669691396,3302.4242883624825,1.1784903936550473,18.940324560598867,0.09000000000000001,0.035871704048001406,0.02962114932565597,5.646505758851596,26.596028925531694,26.59602892553169,-1.3358060666680813e-16,34.86253598756677,34.86253598756674,-1.0190634668882165e-15,43.24866170984677,42.87165815231014,-0.008717114995740937,0.011,0.012,0.008932788164791705,0.009999999999956044,0.4316,0.42329670860035146,0.008303291399648527,0.4432,0.4351354991717415,0.008064500828258492,0.0,0.0,20.45078517495219
barabasi_albert,weighted,60,correlated,0.3,3.0,2,5.8576627782819,0.6437396695543323,351.45976669691396,3302.4242883624825,1.1784903936550473,18.940324560598867,0.09000000000000001,0.035871704048001406,0.02962114932565597,5.646505758851596,26.596028925531694,26.59602892553169,-1.3358060666680813e-16,34.86253598756677,34.86253598756674,-1.0190634668882165e-15,43.24866170984677,42.87165815231014,-0.008717114995740937,0.011,0.012,0.008932788164791705,0.009999999999956044,0.957,0.9564983686434232,0.0005016313565767705,0.9612,0.9603548305063268,0.0008451694936733034,0.0,0.0,60.10026663659419
