graph_type,num_sensors,noise,amplitude,num_edges,mean_degree,degree_std,degree_cv,min_degree,max_degree,trace_L,trace_L2,lambda_2,lambda_max,tau,pfa,observed_pd,gesnr_mean,predicted_pd_mean,mean_local_gesnr,median_local_gesnr,predicted_pd_local,residual_mean,residual_local,star_center_observed_pd,star_center_predicted_pd,star_leaf_observed_pd,star_leaf_predicted_pd,repetition
star,15,0.15,0.75,14,1.8666666666666667,3.2427697352040816,1.737198072430758,1.0,14.0,28.0,238.0,0.999999999999998,15.000000000000002,2.4858881661557626,0.007333333333333333,0.1035,2.1389631597324934,0.3134844544022334,2.1104118211271348,1.1458731212852642,0.1430115606137187,-0.2099844544022334,-0.0395115606137187,0.9806949806949807,0.9875788582362991,0.04276931301790965,0.08453978031854405,0
star,15,0.15,0.75,14,1.8666666666666667,3.2427697352040816,1.737198072430758,1.0,14.0,28.0,238.0,0.999999999999998,15.000000000000002,2.3908485201443748,0.011666666666666667,0.1,2.1389631597324934,0.3134844544022334,2.0433782435319467,1.1458731212852642,0.13894788476308884,-0.21348445440223338,-0.03894788476308883,0.9875518672199171,0.9875788582362991,0.04309656823623304,0.08453978031854405,1
star,15,0.15,0.75,14,1.8666666666666667,3.2427697352040816,1.737198072430758,1.0,14.0,28.0,238.0,0.999999999999998,15.000000000000002,2.4820255599904635,0.012,0.10125,2.1389631597324934,0.3134844544022334,2.1141359087713116,1.1458731212852642,0.14323732038319814,-0.21223445440223337,-0.041987320383198135,0.9923076923076923,0.9875788582362991,0.0393048128342246,0.08453978031854405,2
star,15,0.15,0.75,14,1.8666666666666667,3.2427697352040816,1.737198072430758,1.0,14.0,28.0,238.0,0.999999999999998,15.000000000000002,2.569209176921026,0.009666666666666667,0.09725,2.1389631597324934,0.3134844544022334,2.0955154705504264,1.1458731212852642,0.14210852153580095,-0.21623445440223338,-0.044858521535800944,1.0,0.9875788582362992,0.03578104138851802,0.08453978031854406,3
star,15,0.15,0.75,14,1.8666666666666667,3.2427697352040816,1.737198072430758,1.0,14.0,28.0,238.0,0.999999999999998,15.000000000000002,2.5966782268058295,0.011,0.09575,2.1389631597324934,0.3134844544022334,2.1551008728572603,1.1458731212852642,0.14572067784747197,-0.21773445440223338,-0.04997067784747197,0.985239852398524,0.9875788582362993,0.031107535532314292,0.08453978031854406,4
star,15,0.15,0.75,14,1.8666666666666667,3.2427697352040816,1.737198072430758,1.0,14.0,28.0,238.0,0.999999999999998,15.000000000000002,2.5661852741096416,0.011,0.097,2.1389631597324934,0.3134844544022334,2.106687733482958,1.1458731212852642,0.14278580084423928,-0.21648445440223338,-0.04578580084423928,0.9883720930232558,0.987578858236299,0.035542490646712985,0.08453978031854405,5
star,15,0.15,0.75,14,1.8666666666666667,3.2427697352040816,1.737198072430758,1.0,14.0,28.0,238.0,0.999999999999998,15.000000000000002,2.591784771454442,0.008666666666666666,0.098,2.1389631597324934,0.3134844544022334,2.2072380998757395,1.1458731212852642,0.14888131462018414,-0.21548445440223338,-0.05088131462018414,0.9859649122807017,0.9875788582362993,0.02987886944818304,0.08453978031854406,6
star,15,0.15,0.75,14,1.8666666666666667,3.2427697352040816,1.737198072430758,1.0,14.0,28.0,238.0,0.999999999999998,15.000000000000002,2.483571450443042,0.011,0.101,2.1389631597324934,0.3134844544022334,2.1141359087713116,1.1458731212852642,0.14323732038319814,-0.21248445440223337,-0.042237320383198135,0.9846153846153847,0.9875788582362991,0.039572192513368985,0.08453978031854405,7
star,15,0.15,0.75,14,1.8666666666666667,3.2427697352040816,1.737198072430758,1.0,14.0,28.0,238.0,0.999999999999998,15.000000000000002,2.5783610509804906,0.008333333333333333,0.1,2.1389631597324934,0.3134844544022334,2.1551008728572603,1.1458731212852642,0.14572067784747197,-0.21348445440223338,-0.04572067784747197,0.985239852398524,0.9875788582362993,0.0356663984982569,0.08453978031854406,8
star,15,0.15,0.75,14,1.8666666666666667,3.2427697352040816,1.737198072430758,1.0,14.0,28.0,238.0,0.999999999999998,15.000000000000002,2.61747317831185,0.007333333333333333,0.09975,2.1389631597324934,0.3134844544022334,2.166273135789791,1.1458731212852642,0.14639795715591028,-0.21373445440223338,-0.046647957155910275,0.9890510948905109,0.9875788582362991,0.03435319377348363,0.08453978031854405,9
star,15,0.15,0.75,14,1.8666666666666667,3.2427697352040816,1.737198072430758,1.0,14.0,28.0,238.0,0.999999999999998,15.000000000000002,2.6886829150804146,0.009333333333333334,0.091,2.1389631597324934,0.3134844544022334,2.196065836943208,1.1458731212852642,0.1482040353117458,-0.22248445440223338,-0.05720403531174581,0.9858156028368794,0.9875788582362991,0.023130715438407747,0.08453978031854406,10
star,15,0.15,0.75,14,1.8666666666666667,3.2427697352040816,1.737198072430758,1.0,14.0,28.0,238.0,0.999999999999998,15.000000000000002,2.54112684399835,0.010333333333333333,0.08525,2.1389631597324934,0.3134844544022334,2.002413279445999,1.1458731212852642,0.13646452729881497,-0.2282344544022334,-0.05121452729881497,0.9695652173913043,0.9875788582362992,0.03129973474801061,0.08453978031854406,11
star,15,0.15,0.75,14,1.8666666666666667,3.2427697352040816,1.737198072430758,1.0,14.0,28.0,238.0,0.999999999999998,15.000000000000002,2.4116097310659232,0.011,0.104,2.1389631597324934,0.3134844544022334,2.132756346992197,1.1458731212852642,0.14436611923059536,-0.2094844544022334,-0.04036611923059537,0.9849056603773585,0.9875788582362992,0.041499330655957165,0.08453978031854406,12
star,15,0.15,0.75,14,1.8666666666666667,3.2427697352040816,1.737198072430758,1.0,14.0,28.0,238.0,0.999999999999998,15.000000000000002,2.640073000189133,0.008,0.09575,2.1389631597324934,0.3134844544022334,2.140204522280552,1.1458731212852642,0.1448176387695542,-0.21773445440223338,-0.049067638769554195,0.9887640449438202,0.9875788582362992,0.031877846236271094,0.08453978031854406,13
star,15,0.15,0.75,14,1.8666666666666667,3.2427697352040816,1.737198072430758,1.0,14.0,28.0,238.0,0.999999999999998,15.000000000000002,2.53507236445943,0.011666666666666667,0.09725,2.1389631597324934,0.3134844544022334,2.158824960501437,1.1458731212852642,0.14594643761695142,-0.21623445440223338,-0.048696437616951416,0.9926470588235294,0.9875788582362991,0.0319206008583691,0.08453978031854406,14
star,15,0.15,0.75,14,1.8666666666666667,3.2427697352040816,1.737198072430758,1.0,14.0,28.0,238.0,0.999999999999998,15.000000000000002,2.545085185696949,0.012333333333333333,0.096,2.1389631597324934,0.3134844544022334,2.0992395581946033,1.1458731212852642,0.1423342813052804,-0.21748445440223338,-0.04633428130528039,0.98828125,0.9875788582362991,0.03498931623931624,0.08453978031854406,15
star,15,0.15,0.75,14,1.8666666666666667,3.2427697352040816,1.737198072430758,1.0,14.0,28.0,238.0,0.999999999999998,15.000000000000002,2.4957037667163355,0.011,0.09525,2.1389631597324934,0.3134844544022334,2.0694468570411866,1.1458731212852642,0.1405282031494449,-0.21823445440223338,-0.04527820314944489,0.9919354838709677,0.9875788582362991,0.035980810234541576,0.08453978031854405,16
star,15,0.15,0.75,14,1.8666666666666667,3.2427697352040816,1.737198072430758,1.0,14.0,28.0,238.0,0.999999999999998,15.000000000000002,2.646987092187001,0.009666666666666667,0.10325,2.1389631597324934,0.3134844544022334,2.2482030639616877,1.1458731212852642,0.15136467208445795,-0.21023445440223337,-0.04811467208445795,0.9864864864864865,0.9875788582362991,0.03266738660907127,0.08453978031854406,17
star,15,0.15,0.75,14,1.8666666666666667,3.2427697352040816,1.737198072430758,1.0,14.0,28.0,238.0,0.999999999999998,15.000000000000002,2.6268828976059266,0.008666666666666666,0.09875,2.1389631597324934,0.3134844544022334,2.151376785213083,1.1458731212852642,0.14549491807799253,-0.21473445440223338,-0.046744918077992526,0.9925925925925926,0.9875788582362992,0.034048257372654156,0.08453978031854406,18
star,15,0.15,0.75,14,1.8666666666666667,3.2427697352040816,1.737198072430758,1.0,14.0,28.0,238.0,0.999999999999998,15.000000000000002,2.449888342059589,0.011666666666666667,0.10425,2.1389631597324934,0.3134844544022334,2.158824960501437,1.1458731212852642,0.14594643761695142,-0.20923445440223337,-0.04169643761695142,0.9926470588235294,0.9875788582362991,0.039431330472103,0.08453978031854406,19
star,15,0.15,1.25,14,1.8666666666666667,3.2427697352040816,1.737198072430758,1.0,14.0,28.0,238.0,0.999999999999998,15.000000000000002,2.578979238637139,0.011666666666666667,0.27125,5.941564332590258,0.862041573191857,5.924323186089439,3.1829808924590672,0.5874465162331878,-0.590791573191857,-0.3161965162331878,1.0,0.9990817173016192,0.21954484605087016,0.5582408058494837,0
star,15,0.15,1.25,14,1.8666666666666667,3.2427697352040816,1.737198072430758,1.0,14.0,28.0,238.0,0.999999999999998,15.000000000000002,2.621536304723933,0.008,0.24675,5.941564332590258,0.862041573191857,5.613982549074681,3.1829808924590672,0.5841402093972967,-0.615291573191857,-0.3373902093972967,1.0,0.9990817173016192,0.199734395750332,0.5582408058494838,1
star,15,0.15,1.25,14,1.8666666666666667,3.2427697352040816,1.737198072430758,1.0,14.0,28.0,238.0,0.999999999999998,15.000000000000002,2.606398953730627,0.009333333333333334,0.27075,5.941564332590258,0.862041573191857,5.903633810288456,3.1829808924590672,0.5872260957774618,-0.5912915731918571,-0.3164760957774618,1.0,0.9990817173016193,0.2194273481402194,0.5582408058494837,2
star,15,0.15,1.25,14,1.8666666666666667,3.2427697352040816,1.737198072430758,1.0,14.0,28.0,238.0,0.999999999999998,15.000000000000002,2.512216726163246,0.011,0.303,5.941564332590258,0.862041573191857,5.965701937691407,3.1829808924590672,0.5878873571446399,-0.559041573191857,-0.2848873571446399,1.0,0.9990817173016192,0.25274725274725274,0.5582408058494838,3
star,15,0.15,1.25,14,1.8666666666666667,3.2427697352040816,1.737198072430758,1.0,14.0,28.0,238.0,0.999999999999998,15.000000000000002,2.4060198734845764,0.008333333333333333,0.32825,5.941564332590258,0.862041573191857,5.9760466255919,3.1829808924590672,0.587997567372503,-0.533791573191857,-0.259747567372503,1.0,0.9990817173016193,0.27962466487935655,0.5582408058494837,4
star,15,0.15,1.25,14,1.8666666666666667,3.2427697352040816,1.737198072430758,1.0,14.0,28.0,238.0,0.999999999999998,15.000000000000002,2.687254958152424,0.009,0.2355,5.941564332590258,0.862041573191857,6.0174253771938675,3.1829808924590672,0.5884384082839551,-0.6265415731918571,-0.3529384082839551,1.0,0.9990817173016191,0.17928073000536768,0.5582408058494837,5
star,15,0.15,1.25,14,1.8666666666666667,3.2427697352040816,1.737198072430758,1.0,14.0,28.0,238.0,0.999999999999998,15.000000000000002,2.475297585869907,0.01,0.301,5.941564332590258,0.862041573191857,6.048459440895344,3.1829808924590672,0.5887690389675443,-0.561041573191857,-0.2877690389675443,1.0,0.9990817173016191,0.24899274778404512,0.5582408058494839,6
star,15,0.15,1.25,14,1.8666666666666667,3.2427697352040816,1.737198072430758,1.0,14.0,28.0,238.0,0.999999999999998,15.000000000000002,2.4580775433674007,0.012,0.32475,5.941564332590258,0.862041573191857,6.172595695701248,3.1829808924590672,0.5900915617019007,-0.537291573191857,-0.2653415617019007,1.0,0.9990817173016192,0.2721638372406359,0.5582408058494838,7
star,15,0.15,1.25,14,1.8666666666666667,3.2427697352040816,1.737198072430758,1.0,14.0,28.0,238.0,0.999999999999998,15.000000000000002,2.5276258737024673,0.013,0.291,5.941564332590258,0.862041573191857,6.058804128795835,3.1829808924590672,0.5888792491954072,-0.571041573191857,-0.29787924919540726,1.0,0.9990817173016193,0.23804406233207953,0.5582408058494838,8
star,15,0.15,1.25,14,1.8666666666666667,3.2427697352040816,1.737198072430758,1.0,14.0,28.0,238.0,0.999999999999998,15.000000000000002,2.4557255229482666,0.014333333333333333,0.3225,5.941564332590258,0.862041573191857,6.131216944099279,3.1829808924590672,0.5896507207904486,-0.539541573191857,-0.26715072079044855,1.0,0.9990817173016191,0.27052489905787347,0.5582408058494837,9
star,15,0.15,1.25,14,1.8666666666666667,3.2427697352040816,1.737198072430758,1.0,14.0,28.0,238.0,0.999999999999998,15.000000000000002,2.4610109232485113,0.010333333333333333,0.31625,5.941564332590258,0.862041573191857,6.038114752994852,3.1829808924590672,0.5886588287396812,-0.545791573191857,-0.27240882873968125,1.0,0.9990817173016192,0.26557465091299676,0.5582408058494838,10
star,15,0.15,1.25,14,1.8666666666666667,3.2427697352040816,1.737198072430758,1.0,14.0,28.0,238.0,0.999999999999998,15.000000000000002,2.489582496703406,0.011,0.31375,5.941564332590258,0.862041573191857,6.120872256198787,3.1829808924590672,0.5895405105625854,-0.5482915731918571,-0.2757905105625854,1.0,0.9990817173016193,0.26130247578040905,0.5582408058494838,11
star,15,0.15,1.25,14,1.8666666666666667,3.2427697352040816,1.737198072430758,1.0,14.0,28.0,238.0,0.999999999999998,15.000000000000002,2.5838505408199794,0.013,0.26725,5.941564332590258,0.862041573191857,5.831220994985012,3.1829808924590672,0.5864546241824204,-0.594791573191857,-0.31920462418242046,1.0,0.9990817173016192,0.2171474358974359,0.5582408058494837,12
star,15,0.15,1.25,14,1.8666666666666667,3.2427697352040816,1.737198072430758,1.0,14.0,28.0,238.0,0.999999999999998,15.000000000000002,2.575256199418071,0.010333333333333333,0.28275,5.941564332590258,0.862041573191857,6.110527568298296,3.1829808924590672,0.5894303003347224,-0.5792915731918571,-0.30668030033472243,1.0,0.999081717301619,0.22814097390368576,0.5582408058494837,13
star,15,0.15,1.25,14,1.8666666666666667,3.2427697352040816,1.737198072430758,1.0,14.0,28.0,238.0,0.999999999999998,15.000000000000002,2.3762024732976643,0.014333333333333333,0.3405,5.941564332590258,0.862041573191857,5.810531619184029,3.1829808924590672,0.5862342037266944,-0.521541573191857,-0.2457342037266944,1.0,0.9990817173016192,0.29578216764548854,0.5582408058494837,14
star,15,0.15,1.25,14,1.8666666666666667,3.2427697352040816,1.737198072430758,1.0,14.0,28.0,238.0,0.999999999999998,15.000000000000002,2.344281267034697,0.013,0.36525,5.941564332590258,0.862041573191857,6.089838192497311,3.1829808924590672,0.5892098798789964,-0.496791573191857,-0.2239598798789964,1.0,0.9990817173016193,0.3172895939768755,0.5582408058494837,15
star,15,0.15,1.25,14,1.8666666666666667,3.2427697352040816,1.737198072430758,1.0,14.0,28.0,238.0,0.999999999999998,15.000000000000002,2.5983955451311194,0.009666666666666667,0.268,5.941564332590258,0.862041573191857,5.789842243383044,3.1829808924590672,0.5860137832709683,-0.594041573191857,-0.3180137832709683,1.0,0.9990817173016192,0.21878335112059766,0.5582408058494837,16
star,15,0.15,1.25,14,1.8666666666666667,3.2427697352040816,1.737198072430758,1.0,14.0,28.0,238.0,0.999999999999998,15.000000000000002,2.5830451192644084,0.009,0.265,5.941564332590258,0.862041573191857,5.676050676477632,3.1829808924590672,0.584801470764475,-0.597041573191857,-0.31980147076447496,1.0,0.9990817173016193,0.21787709497206703,0.5582408058494837,17
star,15,0.15,1.25,14,1.8666666666666667,3.2427697352040816,1.737198072430758,1.0,14.0,28.0,238.0,0.999999999999998,15.000000000000002,2.385456267520071,0.011333333333333334,0.34375,5.941564332590258,0.862041573191857,6.048459440895344,3.1829808924590672,0.5887690389675443,-0.518291573191857,-0.2450190389675443,1.0,0.9990817173016191,0.29492344883158744,0.5582408058494839,18
star,15,0.15,1.25,14,1.8666666666666667,3.2427697352040816,1.737198072430758,1.0,14.0,28.0,238.0,0.999999999999998,15.000000000000002,2.414534631711656,0.009666666666666667,0.334,5.941564332590258,0.862041573191857,5.986391313492391,3.1829808924590672,0.588107777600366,-0.5280415731918571,-0.254107777600366,1.0,0.9990817173016192,0.2855993563958166,0.5582408058494837,19
star,15,0.15,1.75,14,1.8666666666666667,3.2427697352040816,1.737198072430758,1.0,14.0,28.0,238.0,0.999999999999998,15.000000000000002,2.2822041492947216,0.02,0.9905,11.645466091876907,0.9722295085819187,11.733326974445088,6.2386425492197715,0.8846132700228234,0.018270491418081347,0.10588672997717663,1.0,0.9998359792116536,0.9898096004290694,0.8762396164454104,0
star,15,0.15,1.75,14,1.8666666666666667,3.2427697352040816,1.737198072430758,1.0,14.0,28.0,238.0,0.999999999999998,15.000000000000002,2.598361574796875,0.006,0.9435,11.645466091876907,0.9722295085819187,11.368366385315731,6.2386425492197715,0.8840570863903752,-0.028729508581918695,0.05944291360962484,1.0,0.9998359792116538,0.9396850813984521,0.8762396164454103,1
star,15,0.15,1.75,14,1.8666666666666667,3.2427697352040816,1.737198072430758,1.0,14.0,28.0,238.0,0.999999999999998,15.000000000000002,2.5007047037827586,0.009666666666666667,0.96175,11.645466091876907,0.9722295085819187,11.55084667988041,6.2386425492197715,0.8843351782065992,-0.010479508581918706,0.07741482179340076,1.0,0.9998359792116537,0.9590690208667737,0.8762396164454104,2
star,15,0.15,1.75,14,1.8666666666666667,3.2427697352040816,1.737198072430758,1.0,14.0,28.0,238.0,0.999999999999998,15.000000000000002,2.550428560568657,0.008666666666666666,0.95475,11.645466091876907,0.9722295085819187,12.219941093284229,6.2386425492197715,0.8853548481994208,-0.017479508581918712,0.0693951518005792,1.0,0.9998359792116536,0.9511470985155196,0.8762396164454104,3
star,15,0.15,1.75,14,1.8666666666666667,3.2427697352040816,1.737198072430758,1.0,14.0,28.0,238.0,0.999999999999998,15.000000000000002,2.603541075310694,0.011,0.9415,11.645466091876907,0.9722295085819187,11.449468738455588,6.2386425492197715,0.8841806827531414,-0.030729508581918696,0.05731931724685857,1.0,0.9998359792116537,0.9374833021640395,0.8762396164454104,4
star,15,0.15,1.75,14,1.8666666666666667,3.2427697352040816,1.737198072430758,1.0,14.0,28.0,238.0,0.999999999999998,15.000000000000002,2.397223915827904,0.011333333333333334,0.97725,11.645466091876907,0.9722295085819187,11.97663403386466,6.2386425492197715,0.8849840591111221,0.005020491418081252,0.09226594088887785,1.0,0.9998359792116538,0.975517890772128,0.8762396164454104,5
star,15,0.15,1.75,14,1.8666666666666667,3.2427697352040816,1.737198072430758,1.0,14.0,28.0,238.0,0.999999999999998,15.000000000000002,2.615207179109875,0.011,0.94225,11.645466091876907,0.9722295085819187,11.854980504154874,6.2386425492197715,0.8847986645669726,-0.029979508581918668,0.057451335433027384,1.0,0.9998359792116537,0.9379532634971797,0.8762396164454103,6
star,15,0.15,1.75,14,1.8666666666666667,3.2427697352040816,1.737198072430758,1.0,14.0,28.0,238.0,0.999999999999998,15.000000000000002,2.3673233813405954,0.012666666666666666,0.9815,11.645466091876907,0.9722295085819187,12.138838740144372,6.2386425492197715,0.8852312518366545,0.00927049141808134,0.09626874816334552,1.0,0.9998359792116538,0.9800485306012402,0.8762396164454104,7
star,15,0.15,1.75,14,1.8666666666666667,3.2427697352040816,1.737198072430758,1.0,14.0,28.0,238.0,0.999999999999998,15.000000000000002,2.5114806595560464,0.016,0.9575,11.645466091876907,0.9722295085819187,12.057736387004516,6.2386425492197715,0.8851076554738884,-0.014729508581918682,0.07239234452611165,1.0,0.9998359792116536,0.9542149205494209,0.8762396164454104,8
star,15,0.15,1.75,14,1.8666666666666667,3.2427697352040816,1.737198072430758,1.0,14.0,28.0,238.0,0.999999999999998,15.000000000000002,2.5699606944552915,0.012666666666666666,0.94225,11.645466091876907,0.9722295085819187,11.692775797875157,6.2386425492197715,0.8845514718414401,-0.029979508581918668,0.057698528158559914,1.0,0.9998359792116537,0.9380863039399625,0.8762396164454104,9
star,15,0.15,1.75,14,1.8666666666666667,3.2427697352040816,1.737198072430758,1.0,14.0,28.0,238.0,0.999999999999998,15.000000000000002,2.4943302428712433,0.011,0.9585,11.645466091876907,0.9722295085819187,11.733326974445088,6.2386425492197715,0.8846132700228234,-0.013729508581918681,0.0738867299771766,1.0,0.9998359792116536,0.9554840439796192,0.8762396164454104,10
star,15,0.15,1.75,14,1.8666666666666667,3.2427697352040816,1.737198072430758,1.0,14.0,28.0,238.0,0.999999999999998,15.000000000000002,2.39997234320818,0.012333333333333333,0.97225,11.645466091876907,0.9722295085819187,11.429193150170624,6.2386425492197715,0.8841497836624499,2.049141808124766e-05,0.08810021633755005,1.0,0.9998359792116535,0.9703525641025641,0.8762396164454104,11
star,15,0.15,1.75,14,1.8666666666666667,3.2427697352040816,1.737198072430758,1.0,14.0,28.0,238.0,0.999999999999998,15.000000000000002,2.5768965757008373,0.009,0.94825,11.645466091876907,0.9722295085819187,11.652224621305232,6.2386425492197715,0.884489673660057,-0.023979508581918663,0.063760326339943,1.0,0.9998359792116536,0.9445486204125368,0.8762396164454104,12
star,15,0.15,1.75,14,1.8666666666666667,3.2427697352040816,1.737198072430758,1.0,14.0,28.0,238.0,0.999999999999998,15.000000000000002,2.6224890954593825,0.011,0.9375,11.645466091876907,0.9722295085819187,11.956358445579692,6.2386425492197715,0.8849531600204305,-0.0347295085819187,0.05254683997956955,1.0,0.9998359792116538,0.9327595481441635,0.8762396164454105,13
star,15,0.15,1.75,14,1.8666666666666667,3.2427697352040816,1.737198072430758,1.0,14.0,28.0,238.0,0.999999999999998,15.000000000000002,2.487273597278376,0.012666666666666666,0.95775,11.645466091876907,0.9722295085819187,11.79415373929998,6.2386425492197715,0.8847059672948979,-0.01447950858191871,0.07304403270510207,1.0,0.9998359792116539,0.9546430488459474,0.8762396164454104,14
star,15,0.15,1.75,14,1.8666666666666667,3.2427697352040816,1.737198072430758,1.0,14.0,28.0,238.0,0.999999999999998,15.000000000000002,2.7242319326170743,0.007666666666666666,0.9165,11.645466091876907,0.9722295085819187,11.93608285729473,6.2386425492197715,0.8849222609297389,-0.05572950858191872,0.03157773907026107,1.0,0.9998359792116539,0.9101909115353589,0.8762396164454105,15
star,15,0.15,1.75,14,1.8666666666666667,3.2427697352040816,1.737198072430758,1.0,14.0,28.0,238.0,0.999999999999998,15.000000000000002,2.621319099500571,0.005333333333333333,0.93075,11.645466091876907,0.9722295085819187,11.307539620460837,6.2386425492197715,0.8839643891183007,-0.041479508581918734,0.0467856108816993,1.0,0.9998359792116537,0.9261333333333334,0.8762396164454104,16
star,15,0.15,1.75,14,1.8666666666666667,3.2427697352040816,1.737198072430758,1.0,14.0,28.0,238.0,0.999999999999998,15.000000000000002,2.3546560005927057,0.007666666666666666,0.98,11.645466091876907,0.9722295085819187,11.753602562730052,6.2386425492197715,0.884644169113515,0.007770491418081282,0.09535583088648503,1.0,0.9998359792116538,0.9785407725321889,0.8762396164454104,17
star,15,0.15,1.75,14,1.8666666666666667,3.2427697352040816,1.737198072430758,1.0,14.0,28.0,238.0,0.999999999999998,15.000000000000002,2.47610556034365,0.01,0.961,11.645466091876907,0.9722295085819187,11.875256092439837,6.2386425492197715,0.8848295636576643,-0.011229508581918735,0.07617043634233567,1.0,0.9998359792116537,0.9580870499731328,0.8762396164454105,18
star,15,0.15,1.75,14,1.8666666666666667,3.2427697352040816,1.737198072430758,1.0,14.0,28.0,238.0,0.999999999999998,15.000000000000002,2.301897604057324,0.013666666666666667,0.98675,11.645466091876907,0.9722295085819187,11.753602562730052,6.2386425492197715,0.884644169113515,0.014520491418081316,0.10210583088648506,1.0,0.9998359792116538,0.9857832618025751,0.8762396164454104,19
star,15,0.15,2.5,14,1.8666666666666667,3.2427697352040816,1.737198072430758,1.0,14.0,28.0,238.0,0.999999999999998,15.000000000000002,2.6559594715646297,0.005333333333333333,1.0,23.766257330361032,0.9954240491140938,23.573156489551856,12.731923569836269,0.9792283358095447,0.0045759508859062326,0.020771664190455286,1.0,0.999973599197561,1.0,0.9777742804302885,0
star,15,0.15,2.5,14,1.8666666666666667,3.2427697352040816,1.737198072430758,1.0,14.0,28.0,238.0,0.999999999999998,15.000000000000002,2.3679473189747653,0.010333333333333333,1.0,23.766257330361032,0.9954240491140938,23.614535241153828,12.731923569836269,0.9792338856392366,0.0045759508859062326,0.020766114360763366,1.0,0.999973599197561,1.0,0.9777742804302884,1
star,15,0.15,2.5,14,1.8666666666666667,3.2427697352040816,1.737198072430758,1.0,14.0,28.0,238.0,0.999999999999998,15.000000000000002,2.561457788873396,0.009666666666666667,1.0,23.766257330361032,0.9954240491140938,22.8697177123184,12.731923569836269,0.9791339887047839,0.0045759508859062326,0.020866011295216147,1.0,0.999973599197561,1.0,0.9777742804302884,2
star,15,0.15,2.5,14,1.8666666666666667,3.2427697352040816,1.737198072430758,1.0,14.0,28.0,238.0,0.999999999999998,15.000000000000002,2.56851792211135,0.011333333333333334,1.0,23.766257330361032,0.9954240491140938,23.36626273154202,12.731923569836269,0.9792005866610857,0.0045759508859062326,0.02079941333891433,1.0,0.9999735991975609,1.0,0.9777742804302885,3
star,15,0.15,2.5,14,1.8666666666666667,3.2427697352040816,1.737198072430758,1.0,14.0,28.0,238.0,0.999999999999998,15.000000000000002,2.4298060252068536,0.012333333333333333,1.0,23.766257330361032,0.9954240491140938,23.73867149595972,12.731923569836269,0.9792505351283118,0.0045759508859062326,0.02074946487168816,1.0,0.999973599197561,1.0,0.9777742804302884,4
star,15,0.15,2.5,14,1.8666666666666667,3.2427697352040816,1.737198072430758,1.0,14.0,28.0,238.0,0.999999999999998,15.000000000000002,2.727110493985923,0.007333333333333333,1.0,23.766257330361032,0.9954240491140938,24.40073152159121,12.731923569836269,0.979339332403381,0.0045759508859062326,0.020660667596618998,1.0,0.9999735991975607,1.0,0.9777742804302885,5
star,15,0.15,2.5,14,1.8666666666666667,3.2427697352040816,1.737198072430758,1.0,14.0,28.0,238.0,0.999999999999998,15.000000000000002,2.615246026473722,0.007,1.0,23.766257330361032,0.9954240491140938,23.73867149595973,12.731923569836269,0.979250535128312,0.0045759508859062326,0.02074946487168805,1.0,0.999973599197561,1.0,0.9777742804302884,6
star,15,0.15,2.5,14,1.8666666666666667,3.2427697352040816,1.737198072430758,1.0,14.0,28.0,238.0,0.999999999999998,15.000000000000002,2.528629789647792,0.007333333333333333,1.0,23.766257330361032,0.9954240491140938,23.614535241153824,12.731923569836269,0.9792338856392365,0.0045759508859062326,0.020766114360763477,1.0,0.999973599197561,1.0,0.9777742804302884,7
star,15,0.15,2.5,14,1.8666666666666667,3.2427697352040816,1.737198072430758,1.0,14.0,28.0,238.0,0.999999999999998,15.000000000000002,2.4647533082568978,0.014333333333333333,1.0,23.766257330361032,0.9954240491140938,23.945565253969566,12.731923569836269,0.9792782842767711,0.0045759508859062326,0.020721715723228895,1.0,0.999973599197561,1.0,0.9777742804302885,8
star,15,0.15,2.5,14,1.8666666666666667,3.2427697352040816,1.737198072430758,1.0,14.0,28.0,238.0,0.999999999999998,15.000000000000002,2.42556144660122,0.012666666666666666,1.0,23.766257330361032,0.9954240491140938,23.076611470328245,12.731923569836269,0.9791617378532429,0.0045759508859062326,0.020838262146757103,1.0,0.999973599197561,1.0,0.9777742804302884,9
star,15,0.15,2.5,14,1.8666666666666667,3.2427697352040816,1.737198072430758,1.0,14.0,28.0,238.0,0.999999999999998,15.000000000000002,2.3842070155095354,0.013,1.0,23.766257330361032,0.9954240491140938,23.82142899916366,12.731923569836269,0.9792616347876956,0.0045759508859062326,0.020738365212304433,1.0,0.9999735991975609,1.0,0.9777742804302884,10
star,15,0.15,2.5,14,1.8666666666666667,3.2427697352040816,1.737198072430758,1.0,14.0,28.0,238.0,0.999999999999998,15.000000000000002,2.6121050695076846,0.010333333333333333,1.0,23.766257330361032,0.9954240491140938,23.159368973532175,12.731923569836269,0.9791728375126265,0.0045759508859062326,0.020827162487373485,1.0,0.9999735991975609,1.0,0.9777742804302885,11
star,15,0.15,2.5,14,1.8666666666666667,3.2427697352040816,1.737198072430758,1.0,14.0,28.0,238.0,0.999999999999998,15.000000000000002,2.56042563991321,0.010666666666666666,1.0,23.766257330361032,0.9954240491140938,23.573156489551856,12.731923569836269,0.9792283358095447,0.0045759508859062326,0.020771664190455286,1.0,0.999973599197561,1.0,0.9777742804302885,12
star,15,0.15,2.5,14,1.8666666666666667,3.2427697352040816,1.737198072430758,1.0,14.0,28.0,238.0,0.999999999999998,15.000000000000002,2.6414758000597525,0.007333333333333333,1.0,23.766257330361032,0.9954240491140938,23.159368973532175,12.731923569836269,0.9791728375126265,0.0045759508859062326,0.020827162487373485,1.0,0.9999735991975609,1.0,0.9777742804302885,13
star,15,0.15,2.5,14,1.8666666666666667,3.2427697352040816,1.737198072430758,1.0,14.0,28.0,238.0,0.999999999999998,15.000000000000002,2.603112402978755,0.008666666666666666,1.0,23.766257330361032,0.9954240491140938,23.242126476736114,12.731923569836269,0.9791839371720102,0.0045759508859062326,0.020816062827989756,1.0,0.999973599197561,1.0,0.9777742804302884,14
star,15,0.15,2.5,14,1.8666666666666667,3.2427697352040816,1.737198072430758,1.0,14.0,28.0,238.0,0.999999999999998,15.000000000000002,2.7277110261853204,0.005666666666666667,1.0,23.766257330361032,0.9954240491140938,24.566246527999084,12.731923569836269,0.9793615317221483,0.0045759508859062326,0.02063846827785165,1.0,0.9999735991975609,1.0,0.9777742804302885,15
star,15,0.15,2.5,14,1.8666666666666667,3.2427697352040816,1.737198072430758,1.0,14.0,28.0,238.0,0.999999999999998,15.000000000000002,2.5917372207842586,0.007,1.0,23.766257330361032,0.9954240491140938,24.06970150877547,12.731923569836269,0.9792949337658466,0.0045759508859062326,0.020705066234153358,1.0,0.9999735991975607,1.0,0.9777742804302885,16
star,15,0.15,2.5,14,1.8666666666666667,3.2427697352040816,1.737198072430758,1.0,14.0,28.0,238.0,0.999999999999998,15.000000000000002,2.4796520779538973,0.011,1.0,23.766257330361032,0.9954240491140938,24.814519037610893,12.731923569836269,0.9793948307002993,0.0045759508859062326,0.020605169299700687,1.0,0.9999735991975608,1.0,0.9777742804302884,17
star,15,0.15,2.5,14,1.8666666666666667,3.2427697352040816,1.737198072430758,1.0,14.0,28.0,238.0,0.999999999999998,15.000000000000002,2.604086163845764,0.009,1.0,23.766257330361032,0.9954240491140938,23.324883979940047,12.731923569836269,0.9791950368313938,0.0045759508859062326,0.02080496316860625,1.0,0.9999735991975611,1.0,0.9777742804302884,18
star,15,0.15,2.5,14,1.8666666666666667,3.2427697352040816,1.737198072430758,1.0,14.0,28.0,238.0,0.999999999999998,15.000000000000002,2.6127615410192138,0.011666666666666667,1.0,23.766257330361032,0.9954240491140938,24.359352769989243,12.731923569836269,0.9793337825736893,0.0045759508859062326,0.020666217426310696,1.0,0.9999735991975607,1.0,0.9777742804302885,19
star,15,0.25,0.75,14,1.8666666666666667,3.2427697352040816,1.737198072430758,1.0,14.0,28.0,238.0,0.999999999999998,15.000000000000002,6.819268887049937,0.009333333333333334,0.059,0.7700267375036975,0.03229204867771324,0.7691329564690949,0.4125143236626951,0.06299282484154616,0.026707951322286753,-0.003992824841546158,0.6390977443609023,0.8531628302830654,0.017675415104445636,0.006703263661191532,0
star,15,0.25,0.75,14,1.8666666666666667,3.2427697352040816,1.737198072430758,1.0,14.0,28.0,238.0,0.999999999999998,15.000000000000002,6.9198440234395715,0.01,0.05875,0.7700267375036975,0.03229204867771324,0.7718142995729023,0.4125143236626951,0.0634160546248571,0.026457951322286753,-0.004666054624857099,0.664179104477612,0.8531628302830654,0.01527331189710611,0.006703263661191531,1
star,15,0.25,0.75,14,1.8666666666666667,3.2427697352040816,1.737198072430758,1.0,14.0,28.0,238.0,0.999999999999998,15.000000000000002,6.464020010679874,0.014666666666666666,0.067,0.7700267375036975,0.03229204867771324,0.7664516133652873,0.4125143236626951,0.06256959505823521,0.03470795132228676,0.00443040494176479,0.6818181818181818,0.8531628302830654,0.023554603854389723,0.006703263661191531,2
star,15,0.25,0.75,14,1.8666666666666667,3.2427697352040816,1.737198072430758,1.0,14.0,28.0,238.0,0.999999999999998,15.000000000000002,6.761813900119524,0.012,0.0585,0.7700267375036975,0.03229204867771324,0.7811990004362286,0.4125143236626951,0.06489735886644536,0.02620795132228676,-0.006397358866445359,0.6181818181818182,0.8531628302830655,0.017181208053691274,0.006703263661191531,3
star,15,0.25,0.75,14,1.8666666666666667,3.2427697352040816,1.737198072430758,1.0,14.0,28.0,238.0,0.999999999999998,15.000000000000002,6.725314187866522,0.010666666666666666,0.062,0.7700267375036975,0.03229204867771324,0.7919243728514588,0.4125143236626951,0.06659027799968911,0.029707951322286756,-0.004590277999689113,0.6678445229681979,0.8531628302830655,0.015873015873015872,0.006703263661191531,4
star,15,0.25,0.75,14,1.8666666666666667,3.2427697352040816,1.737198072430758,1.0,14.0,28.0,238.0,0.999999999999998,15.000000000000002,7.087573532846399,0.011,0.061,0.7700267375036975,0.03229204867771324,0.7946057159552663,0.4125143236626951,0.06701350778300005,0.028707951322286755,-0.006013507783000055,0.6666666666666666,0.8531628302830656,0.014535666218034994,0.006703263661191532,5
star,15,0.25,0.75,14,1.8666666666666667,3.2427697352040816,1.737198072430758,1.0,14.0,28.0,238.0,0.999999999999998,15.000000000000002,6.746451660421529,0.013333333333333334,0.06225,0.7700267375036975,0.03229204867771324,0.7382975107753084,0.4125143236626951,0.058125682333470374,0.029957951322286756,0.0041243176665296255,0.6831275720164609,0.8531628302830653,0.022092094756454617,0.006703263661191533,6
star,15,0.25,0.75,14,1.8666666666666667,3.2427697352040816,1.737198072430758,1.0,14.0,28.0,238.0,0.999999999999998,15.000000000000002,6.669248046491882,0.011,0.064,0.7700267375036975,0.03229204867771324,0.7677922849171912,0.4125143236626951,0.06278120994989068,0.03170795132228676,0.0012187900501093168,0.6490566037735849,0.8531628302830653,0.02248995983935743,0.006703263661191532,7
star,15,0.25,0.75,14,1.8666666666666667,3.2427697352040816,1.737198072430758,1.0,14.0,28.0,238.0,0.999999999999998,15.000000000000002,7.010716004961491,0.011333333333333334,0.05275,0.7700267375036975,0.03229204867771324,0.7369568392234046,0.4125143236626951,0.05791406744181491,0.020457951322286755,-0.005164067441814912,0.5991735537190083,0.8531628302830652,0.017562533262373604,0.006703263661191531,8
star,15,0.25,0.75,14,1.8666666666666667,3.2427697352040816,1.737198072430758,1.0,14.0,28.0,238.0,0.999999999999998,15.000000000000002,6.634067540518054,0.01,0.06475,0.7700267375036975,0.03229204867771324,0.7543855693981534,0.4125143236626951,0.060665061033336,0.03245795132228676,0.004084938966664002,0.6666666666666666,0.8531628302830654,0.02376502002670227,0.006703263661191532,9
star,15,0.25,0.75,14,1.8666666666666667,3.2427697352040816,1.737198072430758,1.0,14.0,28.0,238.0,0.999999999999998,15.000000000000002,6.904645905564883,0.012666666666666666,0.06225,0.7700267375036975,0.03229204867771324,0.7959463875071702,0.4125143236626951,0.06722512267465552,0.029957951322286756,-0.004975122674655524,0.6328671328671329,0.8531628302830656,0.01830910070005385,0.006703263661191531,10
star,15,0.25,0.75,14,1.8666666666666667,3.2427697352040816,1.737198072430758,1.0,14.0,28.0,238.0,0.999999999999998,15.000000000000002,7.331376101165991,0.009333333333333334,0.054,0.7700267375036975,0.03229204867771324,0.8080124314743039,0.4125143236626951,0.06912965669955475,0.021707951322286756,-0.015129656699554746,0.5796610169491525,0.8531628302830656,0.012145748987854251,0.006703263661191532,11
star,15,0.25,0.75,14,1.8666666666666667,3.2427697352040816,1.737198072430758,1.0,14.0,28.0,238.0,0.999999999999998,15.000000000000002,7.03739437781618,0.009,0.065,0.7700267375036975,0.03229204867771324,0.7986277306109776,0.4125143236626951,0.06764835245796645,0.03270795132228676,-0.002648352457966449,0.6770833333333334,0.8531628302830655,0.017510775862068964,0.006703263661191532,12
star,15,0.25,0.75,14,1.8666666666666667,3.2427697352040816,1.737198072430758,1.0,14.0,28.0,238.0,0.999999999999998,15.000000000000002,6.395918782799338,0.012333333333333333,0.06475,0.7700267375036975,0.03229204867771324,0.7610889271576723,0.4125143236626951,0.06172313549161334,0.03245795132228676,0.0030268645083866633,0.6961538461538461,0.8531628302830654,0.02085561497326203,0.006703263661191532,13
star,15,0.25,0.75,14,1.8666666666666667,3.2427697352040816,1.737198072430758,1.0,14.0,28.0,238.0,0.999999999999998,15.000000000000002,7.433560717879625,0.007666666666666666,0.05225,0.7700267375036975,0.03229204867771324,0.7503635547424422,0.4125143236626951,0.06003021635836959,0.019957951322286754,-0.0077802163583695905,0.5753968253968254,0.8531628302830654,0.017075773745997867,0.006703263661191532,14
star,15,0.25,0.75,14,1.8666666666666667,3.2427697352040816,1.737198072430758,1.0,14.0,28.0,238.0,0.999999999999998,15.000000000000002,7.294560596609691,0.008333333333333333,0.0535,0.7700267375036975,0.03229204867771324,0.7543855693981535,0.4125143236626951,0.06066506103333599,0.021207951322286756,-0.007165061033335994,0.615686274509804,0.8531628302830654,0.015220293724966623,0.006703263661191532,15
star,15,0.25,0.75,14,1.8666666666666667,3.2427697352040816,1.737198072430758,1.0,14.0,28.0,238.0,0.999999999999998,15.000000000000002,6.613193343245187,0.011,0.058,0.7700267375036975,0.03229204867771324,0.7704736280209986,0.4125143236626951,0.06320443973320161,0.02570795132228676,-0.005204439733201609,0.5955056179775281,0.8531628302830654,0.019555317439057057,0.006703263661191531,16
star,15,0.25,0.75,14,1.8666666666666667,3.2427697352040816,1.737198072430758,1.0,14.0,28.0,238.0,0.999999999999998,15.000000000000002,6.78098484975584,0.011,0.06325,0.7700267375036975,0.03229204867771324,0.7946057159552663,0.4125143236626951,0.06701350778300005,0.030957951322286757,-0.003763507783000053,0.6491228070175439,0.8531628302830656,0.018304172274562585,0.006703263661191532,17
star,15,0.25,0.75,14,1.8666666666666667,3.2427697352040816,1.737198072430758,1.0,14.0,28.0,238.0,0.999999999999998,15.000000000000002,6.889455346026519,0.013666666666666667,0.06175,0.7700267375036975,0.03229204867771324,0.7503635547424421,0.4125143236626951,0.060030216358369595,0.029457951322286756,0.001719783641630404,0.6190476190476191,0.8531628302830654,0.024279615795090716,0.006703263661191532,18
star,15,0.25,0.75,14,1.8666666666666667,3.2427697352040816,1.737198072430758,1.0,14.0,28.0,238.0,0.999999999999998,15.000000000000002,7.598868664898333,0.006666666666666667,0.05425,0.7700267375036975,0.03229204867771324,0.7664516133652873,0.4125143236626951,0.06256959505823521,0.021957951322286756,-0.008319595058235214,0.6022727272727273,0.8531628302830654,0.015524625267665952,0.006703263661191531,19
star,15,0.25,1.25,14,1.8666666666666667,3.2427697352040816,1.737198072430758,1.0,14.0,28.0,238.0,0.999999999999998,15.000000000000002,6.716858163006793,0.011,0.10025,2.138963159732493,0.31348445440223327,2.091791382906249,1.1458731212852642,0.14188276176632153,-0.21323445440223326,-0.041632761766321524,0.9881889763779528,0.9875788582362992,0.0400427122263748,0.08453978031854406,0
star,15,0.25,1.25,14,1.8666666666666667,3.2427697352040816,1.737198072430758,1.0,14.0,28.0,238.0,0.999999999999998,15.000000000000002,6.862156852060473,0.011666666666666667,0.0985,2.138963159732493,0.31348445440223327,2.091791382906249,1.1458731212852642,0.1418827617663215,-0.21498445440223327,-0.0433827617663215,0.9881889763779528,0.9875788582362992,0.03817405232247731,0.08453978031854406,1
star,15,0.25,1.25,14,1.8666666666666667,3.2427697352040816,1.737198072430758,1.0,14.0,28.0,238.0,0.999999999999998,15.000000000000002,6.969789169110332,0.014333333333333333,0.10675,2.138963159732493,0.31348445440223327,2.259375326894219,1.1458731212852642,0.15204195139289622,-0.20673445440223326,-0.045291951392896226,0.9966555183946488,0.9875788582362992,0.03485544447446636,0.08453978031854407,2
star,15,0.25,1.25,14,1.8666666666666667,3.2427697352040816,1.737198072430758,1.0,14.0,28.0,238.0,0.999999999999998,15.000000000000002,6.802668632196121,0.011,0.10525,2.138963159732493,0.31348445440223327,2.188617661654854,1.1458731212852642,0.14775251577278692,-0.20823445440223326,-0.04250251577278692,1.0,0.987578858236299,0.03790322580645161,0.08453978031854406,3
star,15,0.25,1.25,14,1.8666666666666667,3.2427697352040816,1.737198072430758,1.0,14.0,28.0,238.0,0.999999999999998,15.000000000000002,7.204344020511453,0.011666666666666667,0.099,2.138963159732493,0.31348445440223327,2.1811694863664997,1.1458731212852642,0.14730099623382806,-0.21448445440223327,-0.04830099623382805,1.0,0.9875788582362992,0.03170338527673294,0.08453978031854406,4
star,15,0.25,1.25,14,1.8666666666666667,3.2427697352040816,1.737198072430758,1.0,14.0,28.0,238.0,0.999999999999998,15.000000000000002,7.040807989814183,0.008666666666666666,0.09325,2.138963159732493,0.31348445440223327,2.0694468570411866,1.1458731212852642,0.1405282031494449,-0.22023445440223327,-0.04727820314944489,0.9879032258064516,0.9875788582362991,0.03411513859275053,0.08453978031854405,5
star,15,0.25,1.25,14,1.8666666666666667,3.2427697352040816,1.737198072430758,1.0,14.0,28.0,238.0,0.999999999999998,15.000000000000002,7.262341645526899,0.009333333333333334,0.09075,2.138963159732493,0.31348445440223327,2.084343207617895,1.1458731212852642,0.14143124222736264,-0.22273445440223327,-0.050681242227362644,0.9920634920634921,0.9875788582362991,0.03014941302027748,0.08453978031854406,6
star,15,0.25,1.25,14,1.8666666666666667,3.2427697352040816,1.737198072430758,1.0,14.0,28.0,238.0,0.999999999999998,15.000000000000002,7.631691494903087,0.006666666666666667,0.085,2.138963159732493,0.31348445440223327,2.1141359087713116,1.1458731212852642,0.14323732038319814,-0.22848445440223325,-0.058237320383198135,0.9884615384615385,0.9875788582362991,0.02219251336898396,0.08453978031854405,7
star,15,0.25,1.25,14,1.8666666666666667,3.2427697352040816,1.737198072430758,1.0,14.0,28.0,238.0,0.999999999999998,15.000000000000002,7.050048083024973,0.013333333333333334,0.093,2.138963159732493,0.31348445440223327,2.0619986817528324,1.1458731212852642,0.140076683610486,-0.22048445440223327,-0.047076683610486,0.983739837398374,0.9875788582362992,0.03462972828982419,0.08453978031854406,8
star,15,0.25,1.25,14,1.8666666666666667,3.2427697352040816,1.737198072430758,1.0,14.0,28.0,238.0,0.999999999999998,15.000000000000002,6.927018158464889,0.015333333333333332,0.11625,2.138963159732493,0.31348445440223327,2.292892115691813,1.1458731212852642,0.1540737893182112,-0.19723445440223325,-0.03782378931821119,0.9967532467532467,0.9875788582362991,0.04279523293607801,0.08453978031854406,9
star,15,0.25,1.25,14,1.8666666666666667,3.2427697352040816,1.737198072430758,1.0,14.0,28.0,238.0,0.999999999999998,15.000000000000002,7.35320952928547,0.011666666666666667,0.09525,2.138963159732493,0.31348445440223327,2.229582625740802,1.1458731212852642,0.15023587323706072,-0.21823445440223327,-0.05498587323706072,0.993127147766323,0.9875788582362992,0.02480452952278242,0.08453978031854406,10
star,15,0.25,1.25,14,1.8666666666666667,3.2427697352040816,1.737198072430758,1.0,14.0,28.0,238.0,0.999999999999998,15.000000000000002,7.129664612904616,0.009333333333333334,0.0935,2.138963159732493,0.31348445440223327,2.158824960501437,1.1458731212852642,0.14594643761695142,-0.21998445440223327,-0.05244643761695142,0.9889705882352942,0.9875788582362991,0.028165236051502146,0.08453978031854406,11
star,15,0.25,1.25,14,1.8666666666666667,3.2427697352040816,1.737198072430758,1.0,14.0,28.0,238.0,0.999999999999998,15.000000000000002,7.1396536540539355,0.008333333333333333,0.0975,2.138963159732493,0.31348445440223327,2.151376785213083,1.1458731212852642,0.14549491807799253,-0.21598445440223327,-0.04799491807799253,0.9888888888888889,0.9875788582362992,0.032975871313672925,0.08453978031854406,12
star,15,0.25,1.25,14,1.8666666666666667,3.2427697352040816,1.737198072430758,1.0,14.0,28.0,238.0,0.999999999999998,15.000000000000002,7.490079240036508,0.008,0.09275,2.138963159732493,0.31348445440223327,2.192341749299031,1.1458731212852642,0.14797827554226636,-0.22073445440223327,-0.055228275542266364,0.9928825622775801,0.9875788582362992,0.024737832750739448,0.08453978031854406,13
star,15,0.25,1.25,14,1.8666666666666667,3.2427697352040816,1.737198072430758,1.0,14.0,28.0,238.0,0.999999999999998,15.000000000000002,6.940971108128216,0.010666666666666666,0.096,2.138963159732493,0.31348445440223327,2.0433782435319467,1.1458731212852642,0.13894788476308884,-0.21748445440223327,-0.042947884763088834,0.995850622406639,0.9875788582362991,0.03830806065442937,0.08453978031854405,14
star,15,0.25,1.25,14,1.8666666666666667,3.2427697352040816,1.737198072430758,1.0,14.0,28.0,238.0,0.999999999999998,15.000000000000002,6.870876813204769,0.012666666666666666,0.10275,2.138963159732493,0.31348445440223327,2.2072380998757395,1.1458731212852642,0.14888131462018414,-0.21073445440223326,-0.04613131462018415,0.9929824561403509,0.9875788582362993,0.034454912516823685,0.08453978031854406,15
star,15,0.25,1.25,14,1.8666666666666667,3.2427697352040816,1.737198072430758,1.0,14.0,28.0,238.0,0.999999999999998,15.000000000000002,7.05917098710484,0.011333333333333334,0.09275,2.138963159732493,0.31348445440223327,2.0992395581946033,1.1458731212852642,0.1423342813052804,-0.22073445440223327,-0.04958428130528039,0.984375,0.9875788582362991,0.03178418803418803,0.08453978031854406,16
star,15,0.25,1.25,14,1.8666666666666667,3.2427697352040816,1.737198072430758,1.0,14.0,28.0,238.0,0.999999999999998,15.000000000000002,7.47923032269416,0.010666666666666666,0.083,2.138963159732493,0.31348445440223327,2.0210337176668847,1.1458731212852642,0.13759332614621217,-0.23048445440223325,-0.054593326146212165,0.9957446808510638,0.9875788582362992,0.02602921646746348,0.08453978031854406,17
star,15,0.25,1.25,14,1.8666666666666667,3.2427697352040816,1.737198072430758,1.0,14.0,28.0,238.0,0.999999999999998,15.000000000000002,6.621062362775719,0.016,0.1115,2.138963159732493,0.31348445440223327,2.2295826257408025,1.1458731212852642,0.15023587323706072,-0.20198445440223328,-0.03873587323706072,0.9896907216494846,0.9875788582362992,0.04259908331086546,0.08453978031854406,18
star,15,0.25,1.25,14,1.8666666666666667,3.2427697352040816,1.737198072430758,1.0,14.0,28.0,238.0,0.999999999999998,15.000000000000002,6.977648099186622,0.009333333333333334,0.10775,2.138963159732493,0.31348445440223327,2.2705475898267506,1.1458731212852642,0.15271923070133456,-0.20573445440223326,-0.04496923070133456,0.9768211920529801,0.9875788582362992,0.03677663601946998,0.08453978031854406,19
star,15,0.25,1.75,14,1.8666666666666667,3.2427697352040816,1.737198072430758,1.0,14.0,28.0,238.0,0.999999999999998,15.000000000000002,6.993252601627469,0.01,0.1635,4.192367793075687,0.7189759566134465,4.202100075452471,2.2459113177191177,0.38498262287344154,-0.5554759566134465,-0.22148262287344153,1.0,0.9977601927223017,0.10342979635584137,0.3409782314695042,0
star,15,0.25,1.75,14,1.8666666666666667,3.2427697352040816,1.737198072430758,1.0,14.0,28.0,238.0,0.999999999999998,15.000000000000002,7.284650868667873,0.008333333333333333,0.14175,4.192367793075687,0.7189759566134465,4.143706381191772,2.2459113177191177,0.3836690589509359,-0.5772259566134466,-0.2419190589509359,1.0,0.9977601927223018,0.08208556149732621,0.3409782314695041,1
star,15,0.25,1.75,14,1.8666666666666667,3.2427697352040816,1.737198072430758,1.0,14.0,28.0,238.0,0.999999999999998,15.000000000000002,6.859910510111275,0.013666666666666667,0.15875,4.192367793075687,0.7189759566134465,4.180202440104709,2.2459113177191177,0.3844900364025019,-0.5602259566134464,-0.2257400364025019,1.0,0.9977601927223017,0.09906291834002677,0.3409782314695041,2
star,15,0.25,1.75,14,1.8666666666666667,3.2427697352040816,1.737198072430758,1.0,14.0,28.0,238.0,0.999999999999998,15.000000000000002,6.852191123765278,0.012333333333333333,0.1745,4.192367793075687,0.7189759566134465,4.151005592974359,2.2459113177191177,0.3838332544412491,-0.5444759566134465,-0.20933325444124912,1.0,0.9977601927223018,0.11687617009895694,0.3409782314695042,3
star,15,0.25,1.75,14,1.8666666666666667,3.2427697352040816,1.737198072430758,1.0,14.0,28.0,238.0,0.999999999999998,15.000000000000002,6.923345570531049,0.008333333333333333,0.17775,4.192367793075687,0.7189759566134465,4.165604016539534,2.2459113177191177,0.38416164542187553,-0.5412259566134465,-0.20641164542187554,1.0,0.9977601927223018,0.11988225849611989,0.3409782314695041,4
star,15,0.25,1.75,14,1.8666666666666667,3.2427697352040816,1.737198072430758,1.0,14.0,28.0,238.0,0.999999999999998,15.000000000000002,6.8215864201668985,0.012333333333333333,0.169,4.192367793075687,0.7189759566134465,4.143706381191772,2.2459113177191177,0.3836690589509359,-0.5499759566134464,-0.21466905895093588,1.0,0.9977601927223018,0.11122994652406418,0.3409782314695041,5
star,15,0.25,1.75,14,1.8666666666666667,3.2427697352040816,1.737198072430758,1.0,14.0,28.0,238.0,0.999999999999998,15.000000000000002,6.872835505160042,0.012666666666666666,0.169,4.192367793075687,0.7189759566134465,4.158304804756947,2.2459113177191177,0.3839974499315623,-0.5499759566134464,-0.2149974499315623,1.0,0.9977601927223018,0.11075441412520064,0.3409782314695041,6
star,15,0.25,1.75,14,1.8666666666666667,3.2427697352040816,1.737198072430758,1.0,14.0,28.0,238.0,0.999999999999998,15.000000000000002,7.090857281301438,0.008,0.1565,4.192367793075687,0.7189759566134465,4.282391405060929,2.2459113177191177,0.3867887732668867,-0.5624759566134465,-0.2302887732668867,1.0,0.9977601927223017,0.09325450147809729,0.3409782314695041,7
star,15,0.25,1.75,14,1.8666666666666667,3.2427697352040816,1.737198072430758,1.0,14.0,28.0,238.0,0.999999999999998,15.000000000000002,6.371209444578707,0.015333333333333332,0.20925,4.192367793075687,0.7189759566134465,4.070714263365901,2.2459113177191177,0.38202710404780393,-0.5097259566134464,-0.17277710404780394,1.0,0.9977601927223018,0.15653333333333333,0.3409782314695041,8
star,15,0.25,1.75,14,1.8666666666666667,3.2427697352040816,1.737198072430758,1.0,14.0,28.0,238.0,0.999999999999998,15.000000000000002,6.6377795874553325,0.011,0.185,4.192367793075687,0.7189759566134465,4.245895346147992,2.2459113177191177,0.3859677958153207,-0.5339759566134465,-0.2009677958153207,1.0,0.9977601927223018,0.12506709608158884,0.3409782314695041,9
star,15,0.25,1.75,14,1.8666666666666667,3.2427697352040816,1.737198072430758,1.0,14.0,28.0,238.0,0.999999999999998,15.000000000000002,6.330222119900168,0.015,0.19575,4.192367793075687,0.7189759566134465,4.078013475148488,2.2459113177191177,0.3821912995381171,-0.5232259566134465,-0.18644129953811708,1.0,0.9977601927223018,0.14190450786876502,0.3409782314695041,10
star,15,0.25,1.75,14,1.8666666666666667,3.2427697352040816,1.737198072430758,1.0,14.0,28.0,238.0,0.999999999999998,15.000000000000002,6.563197309487848,0.013,0.19875,4.192367793075687,0.7189759566134465,4.3261866757564515,2.2459113177191177,0.3877739462087659,-0.5202259566134465,-0.18902394620876586,1.0,0.9977601927223018,0.13728129205921938,0.34097823146950407,11
star,15,0.25,1.75,14,1.8666666666666667,3.2427697352040816,1.737198072430758,1.0,14.0,28.0,238.0,0.999999999999998,15.000000000000002,7.186289228601635,0.008333333333333333,0.1525,4.192367793075687,0.7189759566134465,4.296989828626102,2.2459113177191177,0.3871171642475131,-0.5664759566134465,-0.23461716424751308,1.0,0.9977601927223018,0.08846464103253562,0.3409782314695041,12
star,15,0.25,1.75,14,1.8666666666666667,3.2427697352040816,1.737198072430758,1.0,14.0,28.0,238.0,0.999999999999998,15.000000000000002,7.239796785197283,0.012,0.1485,4.192367793075687,0.7189759566134465,4.114509534061424,2.2459113177191177,0.3830122769896831,-0.5704759566134465,-0.2345122769896831,1.0,0.9977601927223018,0.09027777777777778,0.3409782314695041,13
star,15,0.25,1.75,14,1.8666666666666667,3.2427697352040816,1.737198072430758,1.0,14.0,28.0,238.0,0.999999999999998,15.000000000000002,7.031323809741217,0.009666666666666667,0.17175,4.192367793075687,0.7189759566134465,4.333485887539038,2.2459113177191177,0.3879381416990791,-0.5472259566134465,-0.21618814169907907,1.0,0.9977601927223017,0.10796984383414109,0.3409782314695041,14
star,15,0.25,1.75,14,1.8666666666666667,3.2427697352040816,1.737198072430758,1.0,14.0,28.0,238.0,0.999999999999998,15.000000000000002,6.941343215920962,0.007333333333333333,0.173,4.192367793075687,0.7189759566134465,4.194800863669883,2.2459113177191177,0.3848184273831283,-0.5459759566134466,-0.21181842738312834,1.0,0.9977601927223017,0.11384945084382535,0.3409782314695041,15
star,15,0.25,1.75,14,1.8666666666666667,3.2427697352040816,1.737198072430758,1.0,14.0,28.0,238.0,0.999999999999998,15.000000000000002,7.15862221533238,0.007,0.15775,4.192367793075687,0.7189759566134465,4.165604016539534,2.2459113177191177,0.38416164542187553,-0.5612259566134465,-0.22641164542187553,1.0,0.9977601927223018,0.09847471233609847,0.3409782314695041,16
star,15,0.25,1.75,14,1.8666666666666667,3.2427697352040816,1.737198072430758,1.0,14.0,28.0,238.0,0.999999999999998,15.000000000000002,7.151830894365091,0.009666666666666667,0.154,4.192367793075687,0.7189759566134465,4.1364071694091855,2.2459113177191177,0.3835048634606227,-0.5649759566134465,-0.22950486346062268,1.0,0.9977601927223018,0.0954290296712109,0.3409782314695041,17
star,15,0.25,1.75,14,1.8666666666666667,3.2427697352040816,1.737198072430758,1.0,14.0,28.0,238.0,0.999999999999998,15.000000000000002,6.896929234647235,0.012333333333333333,0.16475,4.192367793075687,0.7189759566134465,4.143706381191772,2.2459113177191177,0.3836690589509359,-0.5542259566134464,-0.21891905895093589,1.0,0.9977601927223018,0.10668449197860963,0.3409782314695041,18
star,15,0.25,1.75,14,1.8666666666666667,3.2427697352040816,1.737198072430758,1.0,14.0,28.0,238.0,0.999999999999998,15.000000000000002,6.812769086471708,0.009333333333333334,0.17425,4.192367793075687,0.7189759566134465,4.216698499017644,2.2459113177191177,0.3853110138540679,-0.5447259566134465,-0.21106101385406792,1.0,0.9977601927223015,0.11447721179624665,0.3409782314695042,19
star,15,0.25,2.5,14,1.8666666666666667,3.2427697352040816,1.737198072430758,1.0,14.0,28.0,238.0,0.999999999999998,15.000000000000002,7.48326298535814,0.009333333333333334,0.56125,8.555852638929972,0.9408175448610763,8.382061882201706,4.583492485141057,0.7778487147442175,-0.37956754486107624,-0.21659871474421744,1.0,0.9996388512931342,0.5313751668891856,0.7627468496387505,0
star,15,0.25,2.5,14,1.8666666666666667,3.2427697352040816,1.737198072430758,1.0,14.0,28.0,238.0,0.999999999999998,15.000000000000002,6.84657954590667,0.01,0.69475,8.555852638929972,0.9408175448610763,8.262891077588037,4.583492485141057,0.7773749307409087,-0.2460675448610763,-0.08262493074090871,1.0,0.9996388512931343,0.6746602717825739,0.7627468496387504,1
star,15,0.25,2.5,14,1.8666666666666667,3.2427697352040816,1.737198072430758,1.0,14.0,28.0,238.0,0.999999999999998,15.000000000000002,7.744645617186147,0.007,0.5025,8.555852638929972,0.9408175448610763,8.009653117783996,4.583492485141057,0.7763681397338775,-0.4383175448610763,-0.2738681397338776,1.0,0.9996388512931343,0.47214854111405835,0.7627468496387505,2
star,15,0.25,2.5,14,1.8666666666666667,3.2427697352040816,1.737198072430758,1.0,14.0,28.0,238.0,0.999999999999998,15.000000000000002,7.413164239180904,0.007333333333333333,0.5885,8.555852638929972,0.9408175448610763,8.411854583355122,4.583492485141057,0.7779671607450446,-0.35231754486107625,-0.18946716074504455,1.0,0.9996388512931345,0.560245792145338,0.7627468496387505,3
star,15,0.25,2.5,14,1.8666666666666667,3.2427697352040816,1.737198072430758,1.0,14.0,28.0,238.0,0.999999999999998,15.000000000000002,7.148162746823239,0.008333333333333333,0.625,8.555852638929972,0.9408175448610763,8.24799472701133,4.583492485141057,0.7773157077404951,-0.31581754486107627,-0.15231570774049508,1.0,0.9996388512931343,0.6004262120404902,0.7627468496387504,4
star,15,0.25,2.5,14,1.8666666666666667,3.2427697352040816,1.737198072430758,1.0,14.0,28.0,238.0,0.999999999999998,15.000000000000002,7.11772781472311,0.013666666666666667,0.63,8.555852638929972,0.9408175448610763,8.471439985661954,4.583492485141057,0.778204052746699,-0.31081754486107627,-0.148204052746699,1.0,0.9996388512931343,0.6041722385664616,0.7627468496387504,5
star,15,0.25,2.5,14,1.8666666666666667,3.2427697352040816,1.737198072430758,1.0,14.0,28.0,238.0,0.999999999999998,15.000000000000002,7.084074667260528,0.008666666666666666,0.648,8.555852638929972,0.9408175448610763,8.53102538796879,4.583492485141057,0.7784409447483533,-0.29281754486107625,-0.13044094474835333,1.0,0.9996388512931345,0.6230254350736278,0.7627468496387504,6
star,15,0.25,2.5,14,1.8666666666666667,3.2427697352040816,1.737198072430758,1.0,14.0,28.0,238.0,0.999999999999998,15.000000000000002,7.02971690262028,0.011666666666666667,0.667,8.555852638929972,0.9408175448610763,8.60550714085233,4.583492485141057,0.7787370597504214,-0.27381754486107623,-0.11173705975042136,1.0,0.9996388512931343,0.6428954423592493,0.7627468496387505,7
star,15,0.25,2.5,14,1.8666666666666667,3.2427697352040816,1.737198072430758,1.0,14.0,28.0,238.0,0.999999999999998,15.000000000000002,6.471933566431975,0.013333333333333334,0.7725,8.555852638929972,0.9408175448610763,8.963019554693334,4.583492485141057,0.7801584117603477,-0.1683175448610763,-0.007658411760347761,1.0,0.9996388512931343,0.7544522396114409,0.7627468496387504,8
star,15,0.25,2.5,14,1.8666666666666667,3.2427697352040816,1.737198072430758,1.0,14.0,28.0,238.0,0.999999999999998,15.000000000000002,6.794862112357238,0.014,0.69475,8.555852638929972,0.9408175448610763,8.769366997196125,4.583492485141057,0.7793885127549709,-0.2460675448610763,-0.08463851275497092,1.0,0.9996388512931345,0.6716859370798601,0.7627468496387504,9
star,15,0.25,2.5,14,1.8666666666666667,3.2427697352040816,1.737198072430758,1.0,14.0,28.0,238.0,0.999999999999998,15.000000000000002,7.2727205354144235,0.008666666666666666,0.60275,8.555852638929972,0.9408175448610763,8.024549468360703,4.583492485141057,0.7764273627342911,-0.33806754486107626,-0.17367736273429113,1.0,0.9996388512931343,0.5784027593526134,0.7627468496387504,10
star,15,0.25,2.5,14,1.8666666666666667,3.2427697352040816,1.737198072430758,1.0,14.0,28.0,238.0,0.999999999999998,15.000000000000002,7.300048405799295,0.007666666666666666,0.596,8.555852638929972,0.9408175448610763,8.441647284508539,4.583492485141057,0.7780856067458719,-0.3448175448610763,-0.18208560674587193,1.0,0.9996388512931343,0.5680299385191125,0.7627468496387504,11
star,15,0.25,2.5,14,1.8666666666666667,3.2427697352040816,1.737198072430758,1.0,14.0,28.0,238.0,0.999999999999998,15.000000000000002,7.074677759863266,0.008666666666666666,0.646,8.555852638929972,0.9408175448610763,8.679988893735874,4.583492485141057,0.7790331747524893,-0.29481754486107625,-0.13303317475248932,1.0,0.9996388512931343,0.6198657718120806,0.7627468496387504,12
star,15,0.25,2.5,14,1.8666666666666667,3.2427697352040816,1.737198072430758,1.0,14.0,28.0,238.0,0.999999999999998,15.000000000000002,6.996509658253076,0.013666666666666667,0.66075,8.555852638929972,0.9408175448610763,8.9034341523865,4.583492485141057,0.7799215197586933,-0.2800675448610763,-0.11917151975869333,1.0,0.9996388512931345,0.6342318059299191,0.7627468496387505,13
star,15,0.25,2.5,14,1.8666666666666667,3.2427697352040816,1.737198072430758,1.0,14.0,28.0,238.0,0.999999999999998,15.000000000000002,7.12982459479738,0.013666666666666667,0.648,8.555852638929972,0.9408175448610763,8.694885244312584,4.583492485141057,0.7790923977529031,-0.29281754486107625,-0.13109239775290304,1.0,0.9996388512931343,0.6219119226638024,0.7627468496387505,14
star,15,0.25,2.5,14,1.8666666666666667,3.2427697352040816,1.737198072430758,1.0,14.0,28.0,238.0,0.999999999999998,15.000000000000002,6.916439921603366,0.006333333333333333,0.667,8.555852638929972,0.9408175448610763,7.96496406605387,4.583492485141057,0.7761904707326368,-0.27381754486107623,-0.10919047073263677,1.0,0.9996388512931345,0.6469652796183408,0.7627468496387505,15
star,15,0.25,2.5,14,1.8666666666666667,3.2427697352040816,1.737198072430758,1.0,14.0,28.0,238.0,0.999999999999998,15.000000000000002,7.166765729937949,0.007666666666666666,0.62925,8.555852638929972,0.9408175448610763,8.456543635085247,4.583492485141057,0.7781448297462855,-0.3115675448610763,-0.14889482974628554,1.0,0.9996388512931343,0.603475935828877,0.7627468496387505,16
star,15,0.25,2.5,14,1.8666666666666667,3.2427697352040816,1.737198072430758,1.0,14.0,28.0,238.0,0.999999999999998,15.000000000000002,6.864679763140749,0.014666666666666666,0.699,8.555852638929972,0.9408175448610763,7.994756767207286,4.583492485141057,0.776308916733464,-0.24181754486107632,-0.07730891673346407,1.0,0.9996388512931343,0.6807212940864492,0.7627468496387504,17
star,15,0.25,2.5,14,1.8666666666666667,3.2427697352040816,1.737198072430758,1.0,14.0,28.0,238.0,0.999999999999998,15.000000000000002,7.1900763070656435,0.008666666666666666,0.626,8.555852638929972,0.9408175448610763,8.471439985661956,4.583492485141057,0.778204052746699,-0.31481754486107627,-0.15220405274669901,1.0,0.9996388512931343,0.5998930195239369,0.7627468496387504,18
star,15,0.25,2.5,14,1.8666666666666667,3.2427697352040816,1.737198072430758,1.0,14.0,28.0,238.0,0.999999999999998,15.000000000000002,6.673743320799123,0.014,0.7325,8.555852638929972,0.9408175448610763,8.337372830471578,4.583492485141057,0.7776710457429767,-0.20831754486107623,-0.0451710457429767,1.0,0.9996388512931343,0.7145144076840982,0.7627468496387504,19
star,15,0.35,0.75,14,1.8666666666666667,3.2427697352040816,1.737198072430758,1.0,14.0,28.0,238.0,0.999999999999998,15.000000000000002,12.9857145505947,0.02,0.0325,0.39287078444066204,0.005920618787596176,0.3677901941839589,0.21046649166464038,0.03040647116264057,0.026579381212403826,0.0020935288373594325,0.3347826086956522,0.5090888364547145,0.014058355437665782,0.0012030377363336927,0
star,15,0.35,0.75,14,1.8666666666666667,3.2427697352040816,1.737198072430758,1.0,14.0,28.0,238.0,0.999999999999998,15.000000000000002,13.634211449190342,0.012333333333333333,0.03125,0.39287078444066204,0.005920618787596176,0.41225124054811424,0.21046649166464038,0.038659615391814256,0.025329381212403825,-0.007409615391814256,0.29152542372881357,0.5090888364547144,0.010526315789473684,0.0012030377363336927,1
star,15,0.35,0.75,14,1.8666666666666667,3.2427697352040816,1.737198072430758,1.0,14.0,28.0,238.0,0.999999999999998,15.000000000000002,14.246665842089797,0.006333333333333333,0.02825,0.39287078444066204,0.005920618787596176,0.4054110795690134,0.21046649166464038,0.0373899008950183,0.022329381212403826,-0.009139900895018298,0.28421052631578947,0.5090888364547143,0.008613728129205921,0.0012030377363336927,2
star,15,0.35,0.75,14,1.8666666666666667,3.2427697352040816,1.737198072430758,1.0,14.0,28.0,238.0,0.999999999999998,15.000000000000002,13.650838220488025,0.010666666666666666,0.03775,0.39287078444066204,0.005920618787596176,0.4115672244502041,0.21046649166464038,0.03853264394213465,0.03182938121240382,-0.0007826439421346545,0.3163265306122449,0.5090888364547144,0.015650296815974095,0.0012030377363336927,3
star,15,0.35,0.75,14,1.8666666666666667,3.2427697352040816,1.737198072430758,1.0,14.0,28.0,238.0,0.999999999999998,15.000000000000002,14.762743991080251,0.007333333333333333,0.0275,0.39287078444066204,0.005920618787596176,0.3705262585755993,0.21046649166464038,0.030914356961358948,0.021579381212403825,-0.0034143569613589476,0.24786324786324787,0.5090888364547145,0.013807753584705257,0.001203037736333693,4
star,15,0.35,0.75,14,1.8666666666666667,3.2427697352040816,1.737198072430758,1.0,14.0,28.0,238.0,0.999999999999998,15.000000000000002,15.204784780040132,0.007666666666666666,0.02,0.39287078444066204,0.005920618787596176,0.3794184678484303,0.21046649166464038,0.032564985807193685,0.014079381212403826,-0.012564985807193684,0.20242914979757085,0.5090888364547144,0.007993605115907274,0.0012030377363336927,5
star,15,0.35,0.75,14,1.8666666666666667,3.2427697352040816,1.737198072430758,1.0,14.0,28.0,238.0,0.999999999999998,15.000000000000002,13.41908333396888,0.014333333333333333,0.0395,0.39287078444066204,0.005920618787596176,0.3876266610233513,0.21046649166464038,0.03408864320334883,0.03357938121240382,0.005411356796651168,0.3552123552123552,0.5090888364547143,0.01764234161988773,0.0012030377363336931,6
star,15,0.35,0.75,14,1.8666666666666667,3.2427697352040816,1.737198072430758,1.0,14.0,28.0,238.0,0.999999999999998,15.000000000000002,13.22973576612564,0.011,0.03225,0.39287078444066204,0.005920618787596176,0.37668240345679,0.21046649166464038,0.03205710000847531,0.026329381212403826,0.00019289999152469206,0.2839506172839506,0.5090888364547145,0.015970188980569604,0.001203037736333693,7
star,15,0.35,0.75,14,1.8666666666666667,3.2427697352040816,1.737198072430758,1.0,14.0,28.0,238.0,0.999999999999998,15.000000000000002,13.51851720263483,0.010333333333333333,0.03625,0.39287078444066204,0.005920618787596176,0.3821545322400706,0.21046649166464038,0.03307287160591207,0.030329381212403823,0.0031771283940879302,0.3784860557768924,0.5090888364547144,0.013336889837289943,0.001203037736333693,8
star,15,0.35,0.75,14,1.8666666666666667,3.2427697352040816,1.737198072430758,1.0,14.0,28.0,238.0,0.999999999999998,15.000000000000002,14.020001605651244,0.007333333333333333,0.0325,0.39287078444066204,0.005920618787596176,0.3965188702961823,0.21046649166464038,0.03573927204918357,0.026579381212403826,-0.0032392720491835683,0.3161764705882353,0.5090888364547143,0.011802575107296138,0.001203037736333693,9
star,15,0.35,0.75,14,1.8666666666666667,3.2427697352040816,1.737198072430758,1.0,14.0,28.0,238.0,0.999999999999998,15.000000000000002,14.27446836323302,0.009333333333333334,0.0335,0.39287078444066204,0.005920618787596176,0.3992549346878227,0.21046649166464038,0.036247157847901945,0.027579381212403827,-0.002747157847901943,0.3115942028985507,0.5090888364547143,0.01288936627282492,0.0012030377363336927,10
star,15,0.35,0.75,14,1.8666666666666667,3.2427697352040816,1.737198072430758,1.0,14.0,28.0,238.0,0.999999999999998,15.000000000000002,14.714645282843376,0.007,0.02375,0.39287078444066204,0.005920618787596176,0.3876266610233513,0.21046649166464038,0.03408864320334883,0.017829381212403825,-0.010338643203348832,0.23938223938223938,0.5090888364547143,0.008821170809943865,0.0012030377363336931,11
star,15,0.35,0.75,14,1.8666666666666667,3.2427697352040816,1.737198072430758,1.0,14.0,28.0,238.0,0.999999999999998,15.000000000000002,14.471855017404364,0.007333333333333333,0.02875,0.39287078444066204,0.005920618787596176,0.38078650004425046,0.21046649166464038,0.03281892870655288,0.022829381212403826,-0.004068928706552882,0.26506024096385544,0.5090888364547144,0.013063183151159691,0.001203037736333693,12
star,15,0.35,0.75,14,1.8666666666666667,3.2427697352040816,1.737198072430758,1.0,14.0,28.0,238.0,0.999999999999998,15.000000000000002,13.597884929711638,0.010666666666666666,0.03125,0.39287078444066204,0.005920618787596176,0.3903627254149916,0.21046649166464038,0.034596529002067215,0.025329381212403825,-0.0033465290020672153,0.30038022813688214,0.5090888364547144,0.01230933904201231,0.0012030377363336927,13
star,15,0.35,0.75,14,1.8666666666666667,3.2427697352040816,1.737198072430758,1.0,14.0,28.0,238.0,0.999999999999998,15.000000000000002,13.37227239788886,0.009,0.041,0.39287078444066204,0.005920618787596176,0.40404304737319324,0.21046649166464038,0.037135957995659115,0.03507938121240382,0.003864042004340887,0.38515901060070673,0.5090888364547143,0.014796879203658865,0.0012030377363336927,14
star,15,0.35,0.75,14,1.8666666666666667,3.2427697352040816,1.737198072430758,1.0,14.0,28.0,238.0,0.999999999999998,15.000000000000002,13.146458710676542,0.017,0.0405,0.39287078444066204,0.005920618787596176,0.4060950956669235,0.21046649166464038,0.0375168723446979,0.03457938121240382,0.0029831276553020994,0.33916083916083917,0.5090888364547144,0.017501346257404415,0.001203037736333693,15
star,15,0.35,0.75,14,1.8666666666666667,3.2427697352040816,1.737198072430758,1.0,14.0,28.0,238.0,0.999999999999998,15.000000000000002,13.222736436776938,0.011333333333333334,0.03175,0.39287078444066204,0.005920618787596176,0.39378280590454207,0.21046649166464038,0.03523138625046519,0.025829381212403826,-0.0034813862504651863,0.2947761194029851,0.5090888364547143,0.012861736334405145,0.001203037736333693,16
star,15,0.35,0.75,14,1.8666666666666667,3.2427697352040816,1.737198072430758,1.0,14.0,28.0,238.0,0.999999999999998,15.000000000000002,14.314989245853585,0.009333333333333334,0.0275,0.39287078444066204,0.005920618787596176,0.37805043565261015,0.21046649166464038,0.0323110429078345,0.021579381212403825,-0.0048110429078345,0.30612244897959184,0.5090888364547144,0.009320905459387484,0.001203037736333693,17
star,15,0.35,0.75,14,1.8666666666666667,3.2427697352040816,1.737198072430758,1.0,14.0,28.0,238.0,0.999999999999998,15.000000000000002,13.387651460265628,0.011666666666666667,0.0335,0.39287078444066204,0.005920618787596176,0.393782805904542,0.21046649166464038,0.03523138625046519,0.027579381212403827,-0.0017313862504651847,0.31343283582089554,0.5090888364547143,0.01339764201500536,0.001203037736333693,18
star,15,0.35,0.75,14,1.8666666666666667,3.2427697352040816,1.737198072430758,1.0,14.0,28.0,238.0,0.999999999999998,15.000000000000002,13.991149551908512,0.011,0.0325,0.39287078444066204,0.005920618787596176,0.3876266610233513,0.21046649166464038,0.03408864320334883,0.026579381212403826,-0.0015886432033488315,0.3088803088803089,0.5090888364547143,0.013365410318096765,0.0012030377363336931,19
star,15,0.35,1.25,14,1.8666666666666667,3.2427697352040816,1.737198072430758,1.0,14.0,28.0,238.0,0.999999999999998,15.000000000000002,13.336267279530787,0.01,0.0755,1.0913077345573945,0.07535874285430526,1.0995412616618678,0.58462914351289,0.0784064667040875,0.0001412571456947398,-0.002906466704087507,0.8154981549815498,0.9341704175232944,0.02172164119066774,0.016214986234255095,0
star,15,0.35,1.25,14,1.8666666666666667,3.2427697352040816,1.737198072430758,1.0,14.0,28.0,238.0,0.999999999999998,15.000000000000002,13.761788890416327,0.009666666666666667,0.071,1.0913077345573945,0.07535874285430526,1.076740725064865,0.58462914351289,0.0756526004102204,-0.004358742854305264,-0.004652600410220406,0.7953667953667953,0.9341704175232947,0.020850040096230954,0.016214986234255095,1
star,15,0.35,1.25,14,1.8666666666666667,3.2427697352040816,1.737198072430758,1.0,14.0,28.0,238.0,0.999999999999998,15.000000000000002,13.408084375303336,0.013,0.07525,1.0913077345573945,0.07535874285430526,1.0805408144976987,0.58462914351289,0.07611157812586491,-0.00010874285430526043,-0.0008615781258649174,0.8314176245210728,0.9341704175232945,0.02246589997325488,0.01621498623425509,2
star,15,0.35,1.25,14,1.8666666666666667,3.2427697352040816,1.737198072430758,1.0,14.0,28.0,238.0,0.999999999999998,15.000000000000002,13.734609714363192,0.009333333333333334,0.0805,1.0913077345573945,0.07535874285430526,1.1280419324081208,0.58462914351289,0.08184879957142141,0.005141257145694744,-0.001348799571421408,0.8181818181818182,0.9341704175232948,0.023694130317716746,0.01621498623425509,3
star,15,0.35,1.25,14,1.8666666666666667,3.2427697352040816,1.737198072430758,1.0,14.0,28.0,238.0,0.999999999999998,15.000000000000002,13.305939311549277,0.012,0.0775,1.0913077345573945,0.07535874285430526,1.0824408592141155,0.58462914351289,0.07634106698368717,0.0021412571456947416,0.001158933016312827,0.8320610687022901,0.9341704175232947,0.024612092027822365,0.016214986234255095,4
star,15,0.35,1.25,14,1.8666666666666667,3.2427697352040816,1.737198072430758,1.0,14.0,28.0,238.0,0.999999999999998,15.000000000000002,13.06774305153686,0.018,0.082,1.0913077345573945,0.07535874285430526,1.124241842975287,0.58462914351289,0.08138982185577688,0.006641257145694746,0.0006101781442231224,0.823943661971831,0.9341704175232945,0.02529601722282024,0.016214986234255095,5
star,15,0.35,1.25,14,1.8666666666666667,3.2427697352040816,1.737198072430758,1.0,14.0,28.0,238.0,0.999999999999998,15.000000000000002,12.599589564689085,0.01633333333333333,0.083,1.0913077345573945,0.07535874285430526,1.0786407697812819,0.58462914351289,0.07588208926804264,0.0076412571456947465,0.007117910731957361,0.8923076923076924,0.9341704175232947,0.026737967914438502,0.016214986234255095,6
star,15,0.35,1.25,14,1.8666666666666667,3.2427697352040816,1.737198072430758,1.0,14.0,28.0,238.0,0.999999999999998,15.000000000000002,13.805684942684014,0.01,0.07925,1.0913077345573945,0.07535874285430526,1.129941977124538,0.58462914351289,0.08207828842924367,0.003891257145694743,-0.0028282884292436666,0.8257839721254355,0.9341704175232947,0.02154591974144896,0.016214986234255095,7
star,15,0.35,1.25,14,1.8666666666666667,3.2427697352040816,1.737198072430758,1.0,14.0,28.0,238.0,0.999999999999998,15.000000000000002,14.483088143113916,0.011,0.0675,1.0913077345573945,0.07535874285430526,1.074840680348448,0.58462914351289,0.07542311155239813,-0.007858742854305253,-0.007923111552398124,0.8023255813953488,0.9341704175232947,0.016835916622127203,0.016214986234255095,8
star,15,0.35,1.25,14,1.8666666666666667,3.2427697352040816,1.737198072430758,1.0,14.0,28.0,238.0,0.999999999999998,15.000000000000002,13.953699878264533,0.009666666666666667,0.07525,1.0913077345573945,0.07535874285430526,1.1242418429752872,0.58462914351289,0.08138982185577688,-0.00010874285430526043,-0.0061398218557768836,0.8133802816901409,0.9341704175232945,0.01883745963401507,0.016214986234255095,9
star,15,0.35,1.25,14,1.8666666666666667,3.2427697352040816,1.737198072430758,1.0,14.0,28.0,238.0,0.999999999999998,15.000000000000002,13.852917121924852,0.008,0.0735,1.0913077345573945,0.07535874285430526,1.0843409039305325,0.58462914351289,0.07657055584150943,-0.001858742854305262,-0.003070555841509434,0.8174904942965779,0.9341704175232945,0.02113995183302114,0.016214986234255095,10
star,15,0.35,1.25,14,1.8666666666666667,3.2427697352040816,1.737198072430758,1.0,14.0,28.0,238.0,0.999999999999998,15.000000000000002,14.27742090043011,0.009,0.067,1.0913077345573945,0.07535874285430526,1.0919410827962002,0.58462914351289,0.07748851127279847,-0.008358742854305254,-0.01048851127279847,0.7490636704119851,0.9341704175232944,0.018215912135012054,0.01621498623425509,11
star,15,0.35,1.25,14,1.8666666666666667,3.2427697352040816,1.737198072430758,1.0,14.0,28.0,238.0,0.999999999999998,15.000000000000002,14.243256905209588,0.007666666666666666,0.07725,1.0913077345573945,0.07535874285430526,1.1223417982588704,0.58462914351289,0.08116033299795462,0.0018912571456947413,-0.003910332997954624,0.8480565371024735,0.9341704175232947,0.018563357546408393,0.016214986234255095,12
star,15,0.35,1.25,14,1.8666666666666667,3.2427697352040816,1.737198072430758,1.0,14.0,28.0,238.0,0.999999999999998,15.000000000000002,14.897744742744766,0.004,0.06625,1.0913077345573945,0.07535874285430526,1.042539920169361,0.58462914351289,0.07152180096941972,-0.009108742854305255,-0.005271800969419718,0.8547717842323651,0.9341704175232944,0.015695663740356476,0.016214986234255095,13
star,15,0.35,1.25,14,1.8666666666666667,3.2427697352040816,1.737198072430758,1.0,14.0,28.0,238.0,0.999999999999998,15.000000000000002,12.819752995466331,0.009,0.077,1.0913077345573945,0.07535874285430526,1.0710405909156142,0.58462914351289,0.07496413383675361,0.0016412571456947411,0.002035866163246386,0.8359375,0.9341704175232944,0.025106837606837608,0.016214986234255095,14
star,15,0.35,1.25,14,1.8666666666666667,3.2427697352040816,1.737198072430758,1.0,14.0,28.0,238.0,0.999999999999998,15.000000000000002,12.902999549066324,0.011666666666666667,0.0795,1.0913077345573945,0.07535874285430526,1.0881409933633663,0.58462914351289,0.07702953355715396,0.004141257145694743,0.002470466442846042,0.8377358490566038,0.9341704175232945,0.02570281124497992,0.016214986234255095,15
star,15,0.35,1.25,14,1.8666666666666667,3.2427697352040816,1.737198072430758,1.0,14.0,28.0,238.0,0.999999999999998,15.000000000000002,14.79968548296899,0.006,0.07,1.0913077345573945,0.07535874285430526,1.0824408592141155,0.58462914351289,0.07634106698368717,-0.005358742854305251,-0.006341066983687166,0.8435114503816794,0.9341704175232947,0.015783841626538255,0.016214986234255095,16
star,15,0.35,1.25,14,1.8666666666666667,3.2427697352040816,1.737198072430758,1.0,14.0,28.0,238.0,0.999999999999998,15.000000000000002,13.44344294779929,0.014333333333333333,0.0745,1.0913077345573945,0.07535874285430526,1.0710405909156142,0.58462914351289,0.07496413383675361,-0.0008587428543052611,-0.0004641338367536163,0.79296875,0.9341704175232944,0.025373931623931624,0.016214986234255095,17
star,15,0.35,1.25,14,1.8666666666666667,3.2427697352040816,1.737198072430758,1.0,14.0,28.0,238.0,0.999999999999998,15.000000000000002,14.11883050800535,0.011,0.07575,1.0913077345573945,0.07535874285430526,1.1109415299603689,0.58462914351289,0.07978339985102108,0.00039125714569474,-0.00403339985102108,0.8194945848375451,0.9341704175232948,0.0204136449100188,0.016214986234255095,18
star,15,0.35,1.25,14,1.8666666666666667,3.2427697352040816,1.737198072430758,1.0,14.0,28.0,238.0,0.999999999999998,15.000000000000002,13.114681574537535,0.012666666666666666,0.076,1.0913077345573945,0.07535874285430526,1.1128415746767857,0.58462914351289,0.08001288870884334,0.0006412571456947402,-0.004012888708843337,0.8057553956834532,0.9341704175232947,0.021493820526598602,0.016214986234255095,19
star,15,0.35,1.75,14,1.8666666666666667,3.2427697352040816,1.737198072430758,1.0,14.0,28.0,238.0,0.999999999999998,15.000000000000002,13.00322342421705,0.010666666666666666,0.111,2.1389631597324934,0.3134844544022334,2.151376785213083,1.1458731212852642,0.14549491807799253,-0.2024844544022334,-0.03449491807799253,0.9851851851851852,0.9875788582362992,0.04772117962466488,0.08453978031854406,0
star,15,0.35,1.75,14,1.8666666666666667,3.2427697352040816,1.737198072430758,1.0,14.0,28.0,238.0,0.999999999999998,15.000000000000002,14.409758354096558,0.009666666666666667,0.09225,2.1389631597324934,0.3134844544022334,2.0992395581946033,1.1458731212852642,0.1423342813052804,-0.22123445440223338,-0.05008428130528039,1.0,0.9875788582362991,0.030181623931623932,0.08453978031854406,1
star,15,0.35,1.75,14,1.8666666666666667,3.2427697352040816,1.737198072430758,1.0,14.0,28.0,238.0,0.999999999999998,15.000000000000002,14.42007025342507,0.008,0.0965,2.1389631597324934,0.3134844544022334,2.199789924587385,1.1458731212852642,0.14842979508122522,-0.21698445440223338,-0.05192979508122522,0.9929328621908127,0.9875788582362993,0.02824858757062147,0.08453978031854407,2
star,15,0.35,1.75,14,1.8666666666666667,3.2427697352040816,1.737198072430758,1.0,14.0,28.0,238.0,0.999999999999998,15.000000000000002,12.92256231844992,0.013,0.10875,2.1389631597324934,0.3134844544022334,2.1476526975689056,1.1458731212852642,0.1452691583085131,-0.20473445440223337,-0.036519158308513114,0.9925650557620818,0.9875788582362992,0.0450281425891182,0.08453978031854406,3
star,15,0.35,1.75,14,1.8666666666666667,3.2427697352040816,1.737198072430758,1.0,14.0,28.0,238.0,0.999999999999998,15.000000000000002,13.417169094492065,0.009666666666666667,0.111,2.1389631597324934,0.3134844544022334,2.29661620333599,1.1458731212852642,0.15429954908769064,-0.2024844544022334,-0.04329954908769064,0.9870550161812298,0.9875788582362992,0.03765917095638038,0.08453978031854405,4
star,15,0.35,1.75,14,1.8666666666666667,3.2427697352040816,1.737198072430758,1.0,14.0,28.0,238.0,0.999999999999998,15.000000000000002,12.750677547988092,0.014333333333333333,0.1065,2.1389631597324934,0.3134844544022334,2.106687733482958,1.1458731212852642,0.14278580084423928,-0.2069844544022334,-0.03628580084423928,0.9922480620155039,0.987578858236299,0.045430251202565476,0.08453978031854405,5
star,15,0.35,1.75,14,1.8666666666666667,3.2427697352040816,1.737198072430758,1.0,14.0,28.0,238.0,0.999999999999998,15.000000000000002,13.421692796764102,0.011666666666666667,0.1065,2.1389631597324934,0.3134844544022334,2.1960658369432084,1.1458731212852642,0.14820403531174584,-0.2069844544022334,-0.04170403531174584,0.9822695035460993,0.9875788582362991,0.040075309306078534,0.08453978031854406,6
star,15,0.35,1.75,14,1.8666666666666667,3.2427697352040816,1.737198072430758,1.0,14.0,28.0,238.0,0.999999999999998,15.000000000000002,14.09428089101717,0.007333333333333333,0.0905,2.1389631597324934,0.3134844544022334,2.0992395581946033,1.1458731212852642,0.1423342813052804,-0.22298445440223338,-0.051834281305280394,0.97265625,0.9875788582362991,0.030181623931623932,0.08453978031854406,7
star,15,0.35,1.75,14,1.8666666666666667,3.2427697352040816,1.737198072430758,1.0,14.0,28.0,238.0,0.999999999999998,15.000000000000002,13.399250388219848,0.011333333333333334,0.098,2.1389631597324934,0.3134844544022334,2.106687733482958,1.1458731212852642,0.14278580084423928,-0.21548445440223338,-0.044785800844239276,0.9922480620155039,0.987578858236299,0.036344200962052375,0.08453978031854405,8
star,15,0.35,1.75,14,1.8666666666666667,3.2427697352040816,1.737198072430758,1.0,14.0,28.0,238.0,0.999999999999998,15.000000000000002,14.252914782443218,0.009,0.087,2.1389631597324934,0.3134844544022334,2.024757805311061,1.1458731212852642,0.13781908591569164,-0.2264844544022334,-0.05081908591569165,0.9915254237288136,0.9875788582362992,0.03028692879914984,0.08453978031854406,9
star,15,0.35,1.75,14,1.8666666666666667,3.2427697352040816,1.737198072430758,1.0,14.0,28.0,238.0,0.999999999999998,15.000000000000002,14.21902165555684,0.008666666666666666,0.09825,2.1389631597324934,0.3134844544022334,2.132756346992197,1.1458731212852642,0.14436611923059536,-0.21523445440223338,-0.04611611923059536,0.9924528301886792,0.9875788582362992,0.03480589022757698,0.08453978031854406,10
star,15,0.35,1.75,14,1.8666666666666667,3.2427697352040816,1.737198072430758,1.0,14.0,28.0,238.0,0.999999999999998,15.000000000000002,13.346297108817899,0.012666666666666666,0.10475,2.1389631597324934,0.3134844544022334,2.158824960501437,1.1458731212852642,0.14594643761695142,-0.20873445440223337,-0.04119643761695142,0.9889705882352942,0.9875788582362991,0.040236051502145924,0.08453978031854406,11
star,15,0.35,1.75,14,1.8666666666666667,3.2427697352040816,1.737198072430758,1.0,14.0,28.0,238.0,0.999999999999998,15.000000000000002,13.458547623450373,0.009666666666666667,0.10525,2.1389631597324934,0.3134844544022334,2.117859996415489,1.1458731212852642,0.1434630801526776,-0.20823445440223337,-0.03821308015267762,0.9923371647509579,0.9875788582362991,0.04332709280556298,0.08453978031854406,12
star,15,0.35,1.75,14,1.8666666666666667,3.2427697352040816,1.737198072430758,1.0,14.0,28.0,238.0,0.999999999999998,15.000000000000002,13.625454400590163,0.009666666666666667,0.1055,2.1389631597324934,0.3134844544022334,2.1848935740106765,1.1458731212852642,0.14752675600330747,-0.2079844544022334,-0.04202675600330748,0.989247311827957,0.9875788582362992,0.03923676431066918,0.08453978031854406,13
star,15,0.35,1.75,14,1.8666666666666667,3.2427697352040816,1.737198072430758,1.0,14.0,28.0,238.0,0.999999999999998,15.000000000000002,14.382128917910425,0.011,0.0965,2.1389631597324934,0.3134844544022334,2.1327563469921973,1.1458731212852642,0.14436611923059536,-0.21698445440223338,-0.04786611923059536,0.9924528301886792,0.9875788582362992,0.03293172690763052,0.08453978031854406,14
star,15,0.35,1.75,14,1.8666666666666667,3.2427697352040816,1.737198072430758,1.0,14.0,28.0,238.0,0.999999999999998,15.000000000000002,13.150128895656541,0.011333333333333334,0.11175,2.1389631597324934,0.3134844544022334,2.1811694863664997,1.1458731212852642,0.14730099623382806,-0.20173445440223337,-0.035550996233828056,1.0,0.9875788582362992,0.045405695862439546,0.08453978031854406,15
star,15,0.35,1.75,14,1.8666666666666667,3.2427697352040816,1.737198072430758,1.0,14.0,28.0,238.0,0.999999999999998,15.000000000000002,13.7617737983843,0.011333333333333334,0.09975,2.1389631597324934,0.3134844544022334,2.125308171703843,1.1458731212852642,0.14391459969163645,-0.21373445440223338,-0.04416459969163644,0.9961977186311787,0.9875788582362991,0.03666042279903666,0.08453978031854406,16
star,15,0.35,1.75,14,1.8666666666666667,3.2427697352040816,1.737198072430758,1.0,14.0,28.0,238.0,0.999999999999998,15.000000000000002,14.129786824664887,0.008333333333333333,0.09375,2.1389631597324934,0.3134844544022334,2.1811694863664997,1.1458731212852642,0.14730099623382806,-0.21973445440223338,-0.05355099623382806,0.9928057553956835,0.9875788582362992,0.026598602901665772,0.08453978031854406,17
star,15,0.35,1.75,14,1.8666666666666667,3.2427697352040816,1.737198072430758,1.0,14.0,28.0,238.0,0.999999999999998,15.000000000000002,14.196018636367123,0.008333333333333333,0.08725,2.1389631597324934,0.3134844544022334,1.9912410165134675,1.1458731212852642,0.13578724799037667,-0.2262344544022334,-0.048537247990376675,0.9911894273127754,0.9875788582362992,0.032865094089583886,0.08453978031854406,18
star,15,0.35,1.75,14,1.8666666666666667,3.2427697352040816,1.737198072430758,1.0,14.0,28.0,238.0,0.999999999999998,15.000000000000002,13.573329115295778,0.008333333333333333,0.08875,2.1389631597324934,0.3134844544022334,2.0322059805994153,1.1458731212852642,0.1382706054546505,-0.22473445440223339,-0.04952060545465051,0.9747899159663865,0.9875788582362993,0.03269537480063796,0.08453978031854406,19
star,15,0.35,2.5,14,1.8666666666666667,3.2427697352040816,1.737198072430758,1.0,14.0,28.0,238.0,0.999999999999998,15.000000000000002,14.020549986282406,0.009,0.16625,4.365230938229578,0.7394009491990441,4.3145630791251275,2.33851657405156,0.4057665645986044,-0.5731509491990441,-0.23951656459860438,1.0,0.9979799133734059,0.10828877005347594,0.364596652651693,0
star,15,0.35,2.5,14,1.8666666666666667,3.2427697352040816,1.737198072430758,1.0,14.0,28.0,238.0,0.999999999999998,15.000000000000002,14.450136020732705,0.006666666666666667,0.1535,4.365230938229578,0.7394009491990441,4.451366298707144,2.33851657405156,0.408616789271852,-0.5859009491990441,-0.255116789271852,1.0,0.9979799133734059,0.09027404621171413,0.364596652651693,1
star,15,0.35,2.5,14,1.8666666666666667,3.2427697352040816,1.737198072430758,1.0,14.0,28.0,238.0,0.999999999999998,15.000000000000002,14.041600679732184,0.008,0.1625,4.365230938229578,0.7394009491990441,4.436165940975808,2.33851657405156,0.40830009764149117,-0.5769009491990441,-0.24580009764149116,1.0,0.9979799133734059,0.1004296455424275,0.364596652651693,2
star,15,0.35,2.5,14,1.8666666666666667,3.2427697352040816,1.737198072430758,1.0,14.0,28.0,238.0,0.999999999999998,15.000000000000002,14.34100567468087,0.010333333333333333,0.14925,4.365230938229578,0.7394009491990441,4.519767908498152,2.33851657405156,0.41004190160847587,-0.5901509491990441,-0.2607919016084759,1.0,0.9979799133734059,0.08349043899811473,0.364596652651693,3
star,15,0.35,2.5,14,1.8666666666666667,3.2427697352040816,1.737198072430758,1.0,14.0,28.0,238.0,0.999999999999998,15.000000000000002,14.45112565853058,0.008333333333333333,0.145,4.365230938229578,0.7394009491990441,4.299362721393792,2.33851657405156,0.4054498729682435,-0.5944009491990441,-0.2604498729682435,1.0,0.997979913373406,0.08605024051309461,0.36459665265169294,4
star,15,0.35,2.5,14,1.8666666666666667,3.2427697352040816,1.737198072430758,1.0,14.0,28.0,238.0,0.999999999999998,15.000000000000002,14.426672024622656,0.007333333333333333,0.148,4.365230938229578,0.7394009491990441,4.428565762110141,2.33851657405156,0.4081417518263108,-0.5914009491990441,-0.26014175182631083,1.0,0.9979799133734059,0.0851006711409396,0.36459665265169294,5
star,15,0.35,2.5,14,1.8666666666666667,3.2427697352040816,1.737198072430758,1.0,14.0,28.0,238.0,0.999999999999998,15.000000000000002,13.994432498980002,0.009666666666666667,0.16225,4.365230938229578,0.7394009491990441,4.405765225513138,2.33851657405156,0.40766671438076946,-0.5771509491990441,-0.24541671438076945,1.0,0.997979913373406,0.10112660944206009,0.364596652651693,6
star,15,0.35,2.5,14,1.8666666666666667,3.2427697352040816,1.737198072430758,1.0,14.0,28.0,238.0,0.999999999999998,15.000000000000002,12.990845072386652,0.012666666666666666,0.20675,4.365230938229578,0.7394009491990441,4.413365404378807,2.33851657405156,0.4078250601959499,-0.5326509491990441,-0.2010750601959499,1.0,0.997979913373406,0.14864502280654682,0.36459665265169294,7
star,15,0.35,2.5,14,1.8666666666666667,3.2427697352040816,1.737198072430758,1.0,14.0,28.0,238.0,0.999999999999998,15.000000000000002,13.511834596407544,0.009,0.1795,4.365230938229578,0.7394009491990441,4.33736361572213,2.33851657405156,0.4062416020441456,-0.5599009491990441,-0.22674160204414562,1.0,0.9979799133734057,0.12175541878512175,0.36459665265169294,8
star,15,0.35,2.5,14,1.8666666666666667,3.2427697352040816,1.737198072430758,1.0,14.0,28.0,238.0,0.999999999999998,15.000000000000002,14.236132607268695,0.006666666666666667,0.14725,4.365230938229578,0.7394009491990441,4.27656218479679,2.33851657405156,0.40497483552270225,-0.5921509491990441,-0.25772483552270226,1.0,0.9979799133734057,0.08918558077436582,0.36459665265169294,9
star,15,0.35,2.5,14,1.8666666666666667,3.2427697352040816,1.737198072430758,1.0,14.0,28.0,238.0,0.999999999999998,15.000000000000002,13.56635782675053,0.008666666666666666,0.18725,4.365230938229578,0.7394009491990441,4.398165046647471,2.33851657405156,0.4075083685655891,-0.5521509491990441,-0.22025836856558909,1.0,0.9979799133734057,0.1281844998659158,0.364596652651693,10
star,15,0.35,2.5,14,1.8666666666666667,3.2427697352040816,1.737198072430758,1.0,14.0,28.0,238.0,0.999999999999998,15.000000000000002,13.942250756895552,0.011666666666666667,0.168,4.365230938229578,0.7394009491990441,4.451366298707144,2.33851657405156,0.408616789271852,-0.571400949199044,-0.240616789271852,1.0,0.9979799133734059,0.10585706609349813,0.364596652651693,11
star,15,0.35,2.5,14,1.8666666666666667,3.2427697352040816,1.737198072430758,1.0,14.0,28.0,238.0,0.999999999999998,15.000000000000002,13.060323843586207,0.013666666666666667,0.2025,4.365230938229578,0.7394009491990441,4.610970054886162,2.33851657405156,0.41194205139064105,-0.5369009491990441,-0.20944205139064104,1.0,0.997979913373406,0.13807079167792488,0.36459665265169294,12
star,15,0.35,2.5,14,1.8666666666666667,3.2427697352040816,1.737198072430758,1.0,14.0,28.0,238.0,0.999999999999998,15.000000000000002,14.094110657153589,0.010333333333333333,0.1525,4.365230938229578,0.7394009491990441,4.284162363662457,2.33851657405156,0.4051331813378827,-0.5869009491990441,-0.2526331813378827,1.0,0.9979799133734061,0.09455128205128205,0.36459665265169294,13
star,15,0.35,2.5,14,1.8666666666666667,3.2427697352040816,1.737198072430758,1.0,14.0,28.0,238.0,0.999999999999998,15.000000000000002,13.919771666842205,0.009,0.17425,4.365230938229578,0.7394009491990441,4.6489709492145,2.33851657405156,0.4127337804665432,-0.5651509491990441,-0.2384837804665432,1.0,0.997979913373406,0.10633116883116883,0.36459665265169294,14
star,15,0.35,2.5,14,1.8666666666666667,3.2427697352040816,1.737198072430758,1.0,14.0,28.0,238.0,0.999999999999998,15.000000000000002,13.818411646093828,0.011333333333333334,0.175,4.365230938229578,0.7394009491990441,4.451366298707144,2.33851657405156,0.408616789271852,-0.564400949199044,-0.23361678927185203,1.0,0.9979799133734059,0.11337990327780763,0.364596652651693,15
star,15,0.35,2.5,14,1.8666666666666667,3.2427697352040816,1.737198072430758,1.0,14.0,28.0,238.0,0.999999999999998,15.000000000000002,14.009515821548458,0.007333333333333333,0.16725,4.365230938229578,0.7394009491990441,4.33736361572213,2.33851657405156,0.4062416020441456,-0.5721509491990441,-0.2389916020441456,1.0,0.9979799133734057,0.10864329676210864,0.36459665265169294,16
star,15,0.35,2.5,14,1.8666666666666667,3.2427697352040816,1.737198072430758,1.0,14.0,28.0,238.0,0.999999999999998,15.000000000000002,14.954622405632065,0.007333333333333333,0.1365,4.365230938229578,0.7394009491990441,4.253761648199786,2.33851657405156,0.4044997980771609,-0.602900949199044,-0.2679997980771609,1.0,0.9979799133734059,0.0784418356456777,0.36459665265169294,17
star,15,0.35,2.5,14,1.8666666666666667,3.2427697352040816,1.737198072430758,1.0,14.0,28.0,238.0,0.999999999999998,15.000000000000002,13.88300782146166,0.009,0.162,4.365230938229578,0.7394009491990441,4.223360932737116,2.33851657405156,0.4038664148164392,-0.5774009491990441,-0.2418664148164392,1.0,0.9979799133734061,0.10660980810234541,0.3645966526516929,18
star,15,0.35,2.5,14,1.8666666666666667,3.2427697352040816,1.737198072430758,1.0,14.0,28.0,238.0,0.999999999999998,15.000000000000002,14.206234589211364,0.007333333333333333,0.1765,4.365230938229578,0.7394009491990441,4.808574705393519,2.33851657405156,0.41605904258533216,-0.5629009491990441,-0.23955904258533217,1.0,0.9979799133734059,0.1036734693877551,0.364596652651693,19
star,30,0.15,0.75,29,1.9333333333333333,5.026153819992203,2.5997347344787256,1.0,29.0,58.0,928.0,0.9999999999999982,30.0,5.244554310478809,0.009333333333333334,0.04575,1.1219093348196885,0.08044422061331276,1.1002448786990324,0.5802979318032871,0.0470526229871559,-0.03469422061331276,-0.001302622987155902,0.9921875,0.9889957706499505,0.014462809917355372,0.015914006535493262,0
star,30,0.15,0.75,29,1.9333333333333333,5.026153819992203,2.5997347344787256,1.0,29.0,58.0,928.0,0.9999999999999982,30.0,5.1895873123566645,0.005333333333333333,0.046,1.1219093348196885,0.08044422061331276,1.1164932207895242,0.5802979318032871,0.04802570475127036,-0.03444422061331276,-0.0020257047512703616,0.9696969696969697,0.9889957706499508,0.014477766287487074,0.015914006535493266,1
star,30,0.15,0.75,29,1.9333333333333333,5.026153819992203,2.5997347344787256,1.0,29.0,58.0,928.0,0.9999999999999982,30.0,5.110465915632542,0.011666666666666667,0.05175,1.1219093348196885,0.08044422061331276,1.1043069642216554,0.5802979318032871,0.047295893428184514,-0.02869422061331276,0.004454106571815483,0.9922480620155039,0.9889957706499508,0.02040816326530612,0.015914006535493266,2
star,30,0.15,0.75,29,1.9333333333333333,5.026153819992203,2.5997347344787256,1.0,29.0,58.0,928.0,0.9999999999999982,30.0,4.79507819569263,0.013666666666666667,0.05875,1.1219093348196885,0.08044422061331276,1.1489899049705083,0.5802979318032871,0.049971868279499274,-0.021694220613312762,0.008778131720500723,1.0,0.9889957706499507,0.02461139896373057,0.015914006535493262,3
star,30,0.15,0.75,29,1.9333333333333333,5.026153819992203,2.5997347344787256,1.0,29.0,58.0,928.0,0.9999999999999982,30.0,5.010885534153814,0.007666666666666666,0.04875,1.1219093348196885,0.08044422061331276,1.1002448786990324,0.5802979318032871,0.0470526229871559,-0.03169422061331276,0.0016973770128441007,0.984375,0.9889957706499505,0.017820247933884297,0.015914006535493262,4
star,30,0.15,0.75,29,1.9333333333333333,5.026153819992203,2.5997347344787256,1.0,29.0,58.0,928.0,0.9999999999999982,30.0,4.842675712321271,0.014333333333333333,0.06125,1.1219093348196885,0.08044422061331276,1.1652382470610005,0.5802979318032871,0.050944950043613726,-0.01919422061331276,0.010305049956386272,0.9861111111111112,0.9889957706499507,0.02671161825726141,0.015914006535493266,5
star,30,0.15,0.75,29,1.9333333333333333,5.026153819992203,2.5997347344787256,1.0,29.0,58.0,928.0,0.9999999999999982,30.0,5.066847028974359,0.01,0.0455,1.1219093348196885,0.08044422061331276,1.0880586221311632,0.5802979318032871,0.04632281166407006,-0.03494422061331276,-0.0008228116640700625,1.0,0.9889957706499505,0.014709677419354838,0.015914006535493262,6
star,30,0.15,0.75,29,1.9333333333333333,5.026153819992203,2.5997347344787256,1.0,29.0,58.0,928.0,0.9999999999999982,30.0,5.180545841198481,0.010333333333333333,0.05575,1.1219093348196885,0.08044422061331276,1.1733624181062465,0.5802979318032871,0.05143149092567097,-0.024694220613312758,0.004318509074329034,0.9794520547945206,0.9889957706499507,0.02075765438505449,0.015914006535493262,7
star,30,0.15,0.75,29,1.9333333333333333,5.026153819992203,2.5997347344787256,1.0,29.0,58.0,928.0,0.9999999999999982,30.0,4.89192832351467,0.009666666666666667,0.05825,1.1219093348196885,0.08044422061331276,1.1733624181062465,0.5802979318032871,0.05143149092567096,-0.022194220613312755,0.006818509074329043,0.9726027397260274,0.9889957706499507,0.02361183186299948,0.015914006535493262,8
star,30,0.15,0.75,29,1.9333333333333333,5.026153819992203,2.5997347344787256,1.0,29.0,58.0,928.0,0.9999999999999982,30.0,5.295529179506327,0.01,0.04525,1.1219093348196885,0.08044422061331276,1.1002448786990324,0.5802979318032871,0.0470526229871559,-0.03519422061331276,-0.0018026229871559024,0.96875,0.9889957706499505,0.014721074380165289,0.015914006535493262,9
star,30,0.15,0.75,29,1.9333333333333333,5.026153819992203,2.5997347344787256,1.0,29.0,58.0,928.0,0.9999999999999982,30.0,5.716136641318974,0.005,0.05225,1.1219093348196885,0.08044422061331276,1.2058591022872307,0.5802979318032871,0.05337765445389988,-0.02819422061331276,-0.0011276544538998817,0.987012987012987,0.9889957706499507,0.014820592823712949,0.015914006535493266,10
star,30,0.15,0.75,29,1.9333333333333333,5.026153819992203,2.5997347344787256,1.0,29.0,58.0,928.0,0.9999999999999982,30.0,5.187617346964998,0.011,0.04875,1.1219093348196885,0.08044422061331276,1.0961827931764092,0.5802979318032871,0.04680935254612729,-0.03169422061331276,0.001940647453872714,1.0,0.9889957706499505,0.017557449005938548,0.015914006535493262,11
star,30,0.15,0.75,29,1.9333333333333333,5.026153819992203,2.5997347344787256,1.0,29.0,58.0,928.0,0.9999999999999982,30.0,4.865138756743292,0.013333333333333334,0.055,1.1219093348196885,0.08044422061331276,1.1246173918347704,0.5802979318032871,0.048512245633327594,-0.025444220613312758,0.006487754366672406,0.9925373134328358,0.9889957706499508,0.022503879979306775,0.015914006535493266,12
star,30,0.15,0.75,29,1.9333333333333333,5.026153819992203,2.5997347344787256,1.0,29.0,58.0,928.0,0.9999999999999982,30.0,5.038846819483072,0.009,0.04625,1.1219093348196885,0.08044422061331276,1.0555619379501793,0.5802979318032871,0.04437664813584115,-0.03419422061331276,0.001873351864158851,0.9914529914529915,0.9889957706499505,0.017769765645119753,0.015914006535493262,13
star,30,0.15,0.75,29,1.9333333333333333,5.026153819992203,2.5997347344787256,1.0,29.0,58.0,928.0,0.9999999999999982,30.0,5.05669821600686,0.011666666666666667,0.0475,1.1219093348196885,0.08044422061331276,1.0718102800406715,0.5802979318032871,0.04534972989995561,-0.03294422061331276,0.002150270100044392,0.9834710743801653,0.9889957706499505,0.018303686517143595,0.015914006535493262,14
star,30,0.15,0.75,29,1.9333333333333333,5.026153819992203,2.5997347344787256,1.0,29.0,58.0,928.0,0.9999999999999982,30.0,5.010263489424838,0.007333333333333333,0.051,1.1219093348196885,0.08044422061331276,1.0799344510859172,0.5802979318032871,0.045836270782012835,-0.029444220613312762,0.005163729217987162,0.975609756097561,0.9889957706499505,0.02166623678101625,0.015914006535493262,15
star,30,0.15,0.75,29,1.9333333333333333,5.026153819992203,2.5997347344787256,1.0,29.0,58.0,928.0,0.9999999999999982,30.0,4.932361798428724,0.013,0.04775,1.1219093348196885,0.08044422061331276,1.059624023472802,0.5802979318032871,0.044619918576869755,-0.03269422061331276,0.003130081423130246,0.9830508474576272,0.9889957706499505,0.019319938176197836,0.015914006535493262,16
star,30,0.15,0.75,29,1.9333333333333333,5.026153819992203,2.5997347344787256,1.0,29.0,58.0,928.0,0.9999999999999982,30.0,5.32568160740832,0.007,0.0515,1.1219093348196885,0.08044422061331276,1.1855486746741155,0.5802979318032871,0.052161302248756806,-0.02894422061331276,-0.0006613022487568093,0.9932885906040269,0.9889957706499507,0.01506102311088029,0.015914006535493266,17
star,30,0.15,0.75,29,1.9333333333333333,5.026153819992203,2.5997347344787256,1.0,29.0,58.0,928.0,0.9999999999999982,30.0,4.983159703806107,0.009,0.04425,1.1219093348196885,0.08044422061331276,1.0839965366085402,0.5802979318032871,0.04607954122304145,-0.03619422061331276,-0.0018295412230414504,0.9919354838709677,0.9889957706499505,0.01393188854489164,0.015914006535493266,18
star,30,0.15,0.75,29,1.9333333333333333,5.026153819992203,2.5997347344787256,1.0,29.0,58.0,928.0,0.9999999999999982,30.0,5.059107004058477,0.015,0.052,1.1219093348196885,0.08044422061331276,1.1408657339252621,0.5802979318032871,0.04948532739744205,-0.02844422061331276,0.0025146726025579505,1.0,0.9889957706499508,0.018125323666494046,0.015914006535493262,19
star,30,0.15,1.25,29,1.9333333333333333,5.026153819992203,2.5997347344787256,1.0,29.0,58.0,928.0,0.9999999999999982,30.0,5.052190350063301,0.012,0.07475,3.1164148189435794,0.5448549713619593,2.9434000652022276,1.6119386994535754,0.2053241564378601,-0.4701049713619593,-0.13057415643786008,1.0,0.999187547708814,0.04662545079855744,0.18119332692472961,0
star,30,0.15,1.25,29,1.9333333333333333,5.026153819992203,2.5997347344787256,1.0,29.0,58.0,928.0,0.9999999999999982,30.0,5.271486584297774,0.010333333333333333,0.066,3.1164148189435794,0.5448549713619593,2.8418479271366524,1.6119386994535754,0.20348366944109592,-0.47885497136195926,-0.1374836694410959,1.0,0.9991875477088139,0.0398355178617322,0.18119332692472961,1
star,30,0.15,1.25,29,1.9333333333333333,5.026153819992203,2.5997347344787256,1.0,29.0,58.0,928.0,0.9999999999999982,30.0,5.12894094664306,0.011,0.07725,3.1164148189435794,0.5448549713619593,3.180355054021903,1.6119386994535754,0.20961862609697654,-0.4676049713619593,-0.13236862609697653,1.0,0.9991875477088137,0.04403004403004403,0.18119332692472961,2
star,30,0.15,1.25,29,1.9333333333333333,5.026153819992203,2.5997347344787256,1.0,29.0,58.0,928.0,0.9999999999999982,30.0,5.2166452980993405,0.011333333333333334,0.071,3.1164148189435794,0.5448549713619593,3.1013700577486785,1.6119386994535754,0.20818713621060436,-0.47385497136195925,-0.13718713621060435,1.0,0.9991875477088137,0.03929679420889348,0.18119332692472961,3
star,30,0.15,1.25,29,1.9333333333333333,5.026153819992203,2.5997347344787256,1.0,29.0,58.0,928.0,0.9999999999999982,30.0,4.786320867997388,0.012,0.097,3.1164148189435794,0.5448549713619593,3.2819071920874787,1.6119386994535754,0.2114591130937407,-0.4478549713619593,-0.11445911309374071,1.0,0.9991875477088138,0.06230529595015576,0.18119332692472961,4
star,30,0.15,1.25,29,1.9333333333333333,5.026153819992203,2.5997347344787256,1.0,29.0,58.0,928.0,0.9999999999999982,30.0,5.201392273259556,0.007666666666666666,0.07825,3.1164148189435794,0.5448549713619593,3.3383250465683543,1.6119386994535754,0.2124816058697208,-0.4666049713619593,-0.13423160586972083,1.0,0.9991875477088139,0.041590850012997144,0.18119332692472964,5
star,30,0.15,1.25,29,1.9333333333333333,5.026153819992203,2.5997347344787256,1.0,29.0,58.0,928.0,0.9999999999999982,30.0,5.034323706525983,0.01,0.08575,3.1164148189435794,0.5448549713619593,3.1577879122295536,1.6119386994535754,0.20920962898658452,-0.45910497136195927,-0.12345962898658451,1.0,0.9991875477088138,0.05332643023556821,0.18119332692472961,6
star,30,0.15,1.25,29,1.9333333333333333,5.026153819992203,2.5997347344787256,1.0,29.0,58.0,928.0,0.9999999999999982,30.0,5.113339308946264,0.010333333333333333,0.08025,3.1164148189435794,0.5448549713619593,3.3608921883607037,1.6119386994535754,0.21289060298011286,-0.4646049713619593,-0.13264060298011288,1.0,0.9991875477088137,0.04317295188556567,0.18119332692472961,7
star,30,0.15,1.25,29,1.9333333333333333,5.026153819992203,2.5997347344787256,1.0,29.0,58.0,928.0,0.9999999999999982,30.0,5.229563132235219,0.008,0.07625,3.1164148189435794,0.5448549713619593,3.259340050295129,1.6119386994535754,0.2110501159833487,-0.4686049713619593,-0.13480011598334868,1.0,0.9991875477088138,0.041255838090295795,0.18119332692472964,8
star,30,0.15,1.25,29,1.9333333333333333,5.026153819992203,2.5997347344787256,1.0,29.0,58.0,928.0,0.9999999999999982,30.0,4.6220035745621155,0.013666666666666667,0.09625,3.1164148189435794,0.5448549713619593,2.8869822107213525,1.6119386994535754,0.20430166366188,-0.44860497136195926,-0.10805166366187999,1.0,0.999187547708814,0.06997684589657834,0.18119332692472961,9
star,30,0.15,1.25,29,1.9333333333333333,5.026153819992203,2.5997347344787256,1.0,29.0,58.0,928.0,0.9999999999999982,30.0,5.040263282254215,0.010333333333333333,0.08575,3.1164148189435794,0.5448549713619593,3.2706236211913033,1.6119386994535754,0.2112546145385447,-0.45910497136195927,-0.12550461453854467,1.0,0.9991875477088137,0.0508694523747729,0.18119332692472961,10
star,30,0.15,1.25,29,1.9333333333333333,5.026153819992203,2.5997347344787256,1.0,29.0,58.0,928.0,0.9999999999999982,30.0,4.898170656147423,0.011333333333333334,0.09225,3.1164148189435794,0.5448549713619593,3.2367729085027785,1.6119386994535754,0.21064111887295667,-0.45260497136195926,-0.11839111887295667,1.0,0.9991875477088138,0.058350622406639005,0.18119332692472961,11
star,30,0.15,1.25,29,1.9333333333333333,5.026153819992203,2.5997347344787256,1.0,29.0,58.0,928.0,0.9999999999999982,30.0,5.241178578461173,0.008333333333333333,0.08675,3.1164148189435794,0.5448549713619593,3.270623621191304,1.6119386994535754,0.2112546145385447,-0.45810497136195927,-0.1245046145385447,1.0,0.9991875477088137,0.051907604464053986,0.18119332692472961,12
star,30,0.15,1.25,29,1.9333333333333333,5.026153819992203,2.5997347344787256,1.0,29.0,58.0,928.0,0.9999999999999982,30.0,5.1666380303148465,0.011333333333333334,0.079,3.1164148189435794,0.5448549713619593,3.180355054021904,1.6119386994535754,0.20961862609697654,-0.46585497136195925,-0.13061862609697655,1.0,0.9991875477088137,0.04584304584304584,0.18119332692472961,13
star,30,0.15,1.25,29,1.9333333333333333,5.026153819992203,2.5997347344787256,1.0,29.0,58.0,928.0,0.9999999999999982,30.0,5.000920274613233,0.013,0.0775,3.1164148189435794,0.5448549713619593,3.022385061475453,1.6119386994535754,0.20675564632423224,-0.46735497136195925,-0.12925564632423225,1.0,0.999187547708814,0.04774193548387097,0.18119332692472961,14
star,30,0.15,1.25,29,1.9333333333333333,5.026153819992203,2.5997347344787256,1.0,29.0,58.0,928.0,0.9999999999999982,30.0,5.282083776894322,0.008333333333333333,0.08175,3.1164148189435794,0.5448549713619593,3.2819071920874787,1.6119386994535754,0.2114591130937407,-0.4631049713619593,-0.12970911309374072,1.0,0.9991875477088138,0.04646936656282451,0.18119332692472961,15
star,30,0.15,1.25,29,1.9333333333333333,5.026153819992203,2.5997347344787256,1.0,29.0,58.0,928.0,0.9999999999999982,30.0,5.263511492892029,0.006333333333333333,0.07475,3.1164148189435794,0.5448549713619593,3.1352207704372033,1.6119386994535754,0.20880063187619244,-0.4701049713619593,-0.13405063187619243,1.0,0.9991875477088136,0.04243208279430789,0.18119332692472964,16
star,30,0.15,1.25,29,1.9333333333333333,5.026153819992203,2.5997347344787256,1.0,29.0,58.0,928.0,0.9999999999999982,30.0,4.782263248572796,0.015666666666666666,0.0915,3.1164148189435794,0.5448549713619593,2.898265781617528,1.6119386994535754,0.20450616221707602,-0.45335497136195924,-0.11300616221707602,1.0,0.999187547708814,0.06484817292846114,0.18119332692472961,17
star,30,0.15,1.25,29,1.9333333333333333,5.026153819992203,2.5997347344787256,1.0,29.0,58.0,928.0,0.9999999999999982,30.0,4.980549960375249,0.014333333333333333,0.0815,3.1164148189435794,0.5448549713619593,3.2029221958142533,1.6119386994535754,0.21002762320736854,-0.46335497136195924,-0.12852762320736855,1.0,0.9991875477088138,0.04793988079813423,0.18119332692472961,18
star,30,0.15,1.25,29,1.9333333333333333,5.026153819992203,2.5997347344787256,1.0,29.0,58.0,928.0,0.9999999999999982,30.0,4.8141893637732025,0.017666666666666667,0.10175,3.1164148189435794,0.5448549713619593,3.2142057667104282,1.6119386994535754,0.2102321217625646,-0.44310497136195925,-0.1084821217625646,1.0,0.9991875477088138,0.06868843960601348,0.18119332692472964,19
star,30,0.15,1.75,29,1.9333333333333333,5.026153819992203,2.5997347344787256,1.0,29.0,58.0,928.0,0.9999999999999982,30.0,4.825578336558492,0.014333333333333333,0.2785,6.108173045129415,0.8702499232682295,6.100801112143914,3.1593998509290078,0.5683797652172218,-0.5917499232682295,-0.28987976521722175,1.0,0.9998548949337298,0.25368502715283164,0.5535397879086376,0
star,30,0.15,1.75,29,1.9333333333333333,5.026153819992203,2.5997347344787256,1.0,29.0,58.0,928.0,0.9999999999999982,30.0,5.392260612845456,0.008666666666666666,0.16325,6.108173045129415,0.8702499232682295,5.813295725709374,3.1593998509290078,0.5669292411193904,-0.7069999232682295,-0.40367924111939035,1.0,0.9998548949337297,0.13737113402061857,0.5535397879086377,1
star,30,0.15,1.75,29,1.9333333333333333,5.026153819992203,2.5997347344787256,1.0,29.0,58.0,928.0,0.9999999999999982,30.0,5.011231427324244,0.011666666666666667,0.2395,6.108173045129415,0.8702499232682295,5.901758921535387,3.1593998509290078,0.5673755562264154,-0.6307499232682294,-0.32787555622641545,1.0,0.9998548949337298,0.21517027863777088,0.5535397879086376,2
star,30,0.15,1.75,29,1.9333333333333333,5.026153819992203,2.5997347344787256,1.0,29.0,58.0,928.0,0.9999999999999982,30.0,4.921061348298603,0.010333333333333333,0.25725,6.108173045129415,0.8702499232682295,6.233495905882934,3.1593998509290078,0.5690492378777594,-0.6129999232682295,-0.3117992378777594,1.0,0.9998548949337298,0.2305102305102305,0.5535397879086377,3
star,30,0.15,1.75,29,1.9333333333333333,5.026153819992203,2.5997347344787256,1.0,29.0,58.0,928.0,0.9999999999999982,30.0,5.122310725559117,0.008,0.21375,6.108173045129415,0.8702499232682295,6.5210012923174725,3.1593998509290078,0.570499761975591,-0.6564999232682295,-0.35674976197559105,1.0,0.9998548949337296,0.18269230769230768,0.5535397879086376,4
star,30,0.15,1.75,29,1.9333333333333333,5.026153819992203,2.5997347344787256,1.0,29.0,58.0,928.0,0.9999999999999982,30.0,5.100616749524573,0.009333333333333334,0.22225,6.108173045129415,0.8702499232682295,5.92387472049189,3.1593998509290078,0.5674871350031717,-0.6479999232682294,-0.3452371350031717,1.0,0.9998548949337298,0.19716129032258065,0.5535397879086377,5
star,30,0.15,1.75,29,1.9333333333333333,5.026153819992203,2.5997347344787256,1.0,29.0,58.0,928.0,0.9999999999999982,30.0,4.809199155869849,0.009666666666666667,0.27375,6.108173045129415,0.8702499232682295,6.587348689186982,3.1593998509290078,0.5708344983058599,-0.5964999232682295,-0.29708449830585987,1.0,0.9998548949337298,0.2444733420026008,0.5535397879086377,6
star,30,0.15,1.75,29,1.9333333333333333,5.026153819992203,2.5997347344787256,1.0,29.0,58.0,928.0,0.9999999999999982,30.0,5.265773003861815,0.006666666666666667,0.196,6.108173045129415,0.8702499232682295,5.8132957257093745,3.1593998509290078,0.5669292411193904,-0.6742499232682295,-0.37092924111939035,1.0,0.9998548949337297,0.1711340206185567,0.5535397879086377,7
star,30,0.15,1.75,29,1.9333333333333333,5.026153819992203,2.5997347344787256,1.0,29.0,58.0,928.0,0.9999999999999982,30.0,4.967753604522567,0.013666666666666667,0.2435,6.108173045129415,0.8702499232682295,6.078685313187411,3.1593998509290078,0.5682681864404656,-0.6267499232682294,-0.3247681864404656,1.0,0.9998548949337297,0.21768355739400208,0.5535397879086377,8
star,30,0.15,1.75,29,1.9333333333333333,5.026153819992203,2.5997347344787256,1.0,29.0,58.0,928.0,0.9999999999999982,30.0,4.874839986350554,0.011333333333333334,0.2555,6.108173045129415,0.8702499232682295,6.078685313187411,3.1593998509290078,0.5682681864404656,-0.6147499232682294,-0.3127681864404656,1.0,0.9998548949337297,0.23009307135470528,0.5535397879086377,9
star,30,0.15,1.75,29,1.9333333333333333,5.026153819992203,2.5997347344787256,1.0,29.0,58.0,928.0,0.9999999999999982,30.0,4.960527830234485,0.011,0.23725,6.108173045129415,0.8702499232682295,5.525790339274834,3.1593998509290078,0.5654787170215587,-0.6329999232682295,-0.32822871702155876,1.0,0.9998548949337298,0.21628564089391214,0.5535397879086376,10
star,30,0.15,1.75,29,1.9333333333333333,5.026153819992203,2.5997347344787256,1.0,29.0,58.0,928.0,0.9999999999999982,30.0,5.030344574363505,0.012333333333333333,0.2335,6.108173045129415,0.8702499232682295,6.078685313187411,3.1593998509290078,0.5682681864404656,-0.6367499232682294,-0.3347681864404656,1.0,0.9998548949337297,0.20734229576008273,0.5535397879086377,11
star,30,0.15,1.75,29,1.9333333333333333,5.026153819992203,2.5997347344787256,1.0,29.0,58.0,928.0,0.9999999999999982,30.0,5.1539486812148665,0.008666666666666666,0.21425,6.108173045129415,0.8702499232682295,6.299843302752442,3.1593998509290078,0.5693839742080283,-0.6559999232682294,-0.35513397420802834,1.0,0.9998548949337298,0.18532918610679108,0.5535397879086377,12
star,30,0.15,1.75,29,1.9333333333333333,5.026153819992203,2.5997347344787256,1.0,29.0,58.0,928.0,0.9999999999999982,30.0,5.329638016322073,0.009,0.18925,6.108173045129415,0.8702499232682295,5.92387472049189,3.1593998509290078,0.5674871350031717,-0.6809999232682294,-0.3782371350031717,1.0,0.9998548949337298,0.1630967741935484,0.5535397879086377,13
star,30,0.15,1.75,29,1.9333333333333333,5.026153819992203,2.5997347344787256,1.0,29.0,58.0,928.0,0.9999999999999982,30.0,4.921580910093548,0.013,0.24725,6.108173045129415,0.8702499232682295,6.5210012923174725,3.1593998509290078,0.5704997619755912,-0.6229999232682295,-0.3232497619755912,1.0,0.9998548949337296,0.21751559251559252,0.5535397879086376,14
star,30,0.15,1.75,29,1.9333333333333333,5.026153819992203,2.5997347344787256,1.0,29.0,58.0,928.0,0.9999999999999982,30.0,4.86981735644234,0.01,0.26,6.108173045129415,0.8702499232682295,5.968106318404896,3.1593998509290078,0.5677102925566841,-0.6102499232682295,-0.30771029255668414,1.0,0.9998548949337299,0.23573457268267492,0.5535397879086376,15
star,30,0.15,1.75,29,1.9333333333333333,5.026153819992203,2.5997347344787256,1.0,29.0,58.0,928.0,0.9999999999999982,30.0,4.9285716462380815,0.011333333333333334,0.256,6.108173045129415,0.8702499232682295,6.277727503795939,3.1593998509290078,0.5692723954312722,-0.6142499232682295,-0.31327239543127217,1.0,0.9998548949337296,0.22881575537704069,0.5535397879086377,16
star,30,0.15,1.75,29,1.9333333333333333,5.026153819992203,2.5997347344787256,1.0,29.0,58.0,928.0,0.9999999999999982,30.0,4.945250334332889,0.012666666666666666,0.24125,6.108173045129415,0.8702499232682295,5.63636933405735,3.1593998509290078,0.5660366109053401,-0.6289999232682295,-0.3247866109053401,1.0,0.9998548949337297,0.21939300411522633,0.5535397879086377,17
star,30,0.15,1.75,29,1.9333333333333333,5.026153819992203,2.5997347344787256,1.0,29.0,58.0,928.0,0.9999999999999982,30.0,5.234314021350194,0.009,0.20825,6.108173045129415,0.8702499232682295,5.945990519448393,3.1593998509290078,0.567598713779928,-0.6619999232682294,-0.359348713779928,1.0,0.9998548949337299,0.18249870934434692,0.5535397879086376,18
star,30,0.15,1.75,29,1.9333333333333333,5.026153819992203,2.5997347344787256,1.0,29.0,58.0,928.0,0.9999999999999982,30.0,4.993920612221222,0.012,0.2455,6.108173045129415,0.8702499232682295,5.990222117361399,3.1593998509290078,0.5678218713334404,-0.6247499232682294,-0.3223218713334404,1.0,0.9998548949337297,0.22055785123966942,0.5535397879086376,19
star,30,0.15,2.5,29,1.9333333333333333,5.026153819992203,2.5997347344787256,1.0,29.0,58.0,928.0,0.9999999999999982,30.0,4.870373168521098,0.010666666666666666,0.99825,12.465659275774318,0.9765671980824531,13.353300186273417,6.4477547978143015,0.8895019837683519,0.0216828019175469,0.10874801623164809,1.0,0.9999766442448126,0.9981804003119313,0.8851082683919812,0
star,30,0.15,2.5,29,1.9333333333333333,5.026153819992203,2.5997347344787256,1.0,29.0,58.0,928.0,0.9999999999999982,30.0,5.334399498814437,0.008666666666666666,0.98775,12.465659275774318,0.9765671980824531,12.360345947410012,6.4477547978143015,0.8888702077011614,0.011182801917546947,0.09887979229883859,1.0,0.9999766442448126,0.9873352287412768,0.8851082683919812,1
star,30,0.15,2.5,29,1.9333333333333333,5.026153819992203,2.5997347344787256,1.0,29.0,58.0,928.0,0.9999999999999982,30.0,5.391750280997255,0.009,0.9865,12.465659275774318,0.9765671980824531,12.270077380240613,6.4477547978143015,0.8888127735132351,0.009932801917546974,0.09768722648676498,1.0,0.9999766442448126,0.9860501162490313,0.8851082683919812,2
star,30,0.15,2.5,29,1.9333333333333333,5.026153819992203,2.5997347344787256,1.0,29.0,58.0,928.0,0.9999999999999982,30.0,4.959903594332156,0.010666666666666666,0.99875,12.465659275774318,0.9765671980824531,12.856823066841715,6.4477547978143015,0.8891860957347567,0.022182801917546957,0.10956390426524332,1.0,0.9999766442448124,0.9987039917055469,0.8851082683919812,3
star,30,0.15,2.5,29,1.9333333333333333,5.026153819992203,2.5997347344787256,1.0,29.0,58.0,928.0,0.9999999999999982,30.0,5.075306293181307,0.012333333333333333,0.99475,12.465659275774318,0.9765671980824531,12.270077380240613,6.4477547978143015,0.8888127735132351,0.018182801917546954,0.10593722648676496,1.0,0.9999766442448126,0.9945750452079566,0.8851082683919812,4
star,30,0.15,2.5,29,1.9333333333333333,5.026153819992203,2.5997347344787256,1.0,29.0,58.0,928.0,0.9999999999999982,30.0,4.985541768826463,0.011333333333333334,0.9965,12.465659275774318,0.9765671980824531,12.405480230994714,6.4477547978143015,0.8888989247951246,0.019932801917546983,0.1076010752048755,1.0,0.9999766442448125,0.9963805584281282,0.8851082683919812,5
star,30,0.15,2.5,29,1.9333333333333333,5.026153819992203,2.5997347344787256,1.0,29.0,58.0,928.0,0.9999999999999982,30.0,5.3022317865811885,0.007666666666666666,0.9925,12.465659275774318,0.9765671980824531,12.360345947410014,6.4477547978143015,0.8888702077011614,0.01593280191754698,0.10362979229883862,1.0,0.9999766442448126,0.9922460584130266,0.8851082683919812,6
star,30,0.15,2.5,29,1.9333333333333333,5.026153819992203,2.5997347344787256,1.0,29.0,58.0,928.0,0.9999999999999982,30.0,4.895332628673712,0.014333333333333333,0.99825,12.465659275774318,0.9765671980824531,12.044405962317112,6.4477547978143015,0.8886691880434189,0.0216828019175469,0.10958081195658109,1.0,0.9999766442448125,0.9981940144478845,0.8851082683919812,7
star,30,0.15,2.5,29,1.9333333333333333,5.026153819992203,2.5997347344787256,1.0,29.0,58.0,928.0,0.9999999999999982,30.0,5.172524499045977,0.012,0.99275,12.465659275774318,0.9765671980824531,11.77360026080891,6.4477547978143015,0.8884968854796398,0.016182801917546952,0.10425311452036023,1.0,0.9999766442448124,0.9925296239052035,0.8851082683919812,8
star,30,0.15,2.5,29,1.9333333333333333,5.026153819992203,2.5997347344787256,1.0,29.0,58.0,928.0,0.9999999999999982,30.0,4.867569228643772,0.011,0.99775,12.465659275774318,0.9765671980824531,12.992225917595814,6.4477547978143015,0.8892722470166463,0.021182801917546956,0.10847775298335371,1.0,0.9999766442448126,0.9976653696498055,0.8851082683919811,9
star,30,0.15,2.5,29,1.9333333333333333,5.026153819992203,2.5997347344787256,1.0,29.0,58.0,928.0,0.9999999999999982,30.0,5.1493130000516825,0.008666666666666666,0.995,12.465659275774318,0.9765671980824531,13.443568753442815,6.4477547978143015,0.8895594179562784,0.018432801917546926,0.10544058204372164,1.0,0.9999766442448126,0.9947984395318595,0.8851082683919812,10
star,30,0.15,2.5,29,1.9333333333333333,5.026153819992203,2.5997347344787256,1.0,29.0,58.0,928.0,0.9999999999999982,30.0,5.294107679281681,0.007333333333333333,0.98775,12.465659275774318,0.9765671980824531,12.901957350426413,6.4477547978143015,0.88921481282872,0.011182801917546947,0.09853518717128007,1.0,0.9999766442448124,0.9872958257713249,0.8851082683919811,11
star,30,0.15,2.5,29,1.9333333333333333,5.026153819992203,2.5997347344787256,1.0,29.0,58.0,928.0,0.9999999999999982,30.0,5.11769887141301,0.010666666666666666,0.99575,12.465659275774318,0.9765671980824531,11.863868827978314,6.4477547978143015,0.8885543196675662,0.019182801917546954,0.10719568033243387,1.0,0.9999766442448125,0.9956185567010309,0.8851082683919812,12
star,30,0.15,2.5,29,1.9333333333333333,5.026153819992203,2.5997347344787256,1.0,29.0,58.0,928.0,0.9999999999999982,30.0,4.906878066784552,0.008,0.99725,12.465659275774318,0.9765671980824531,11.638197410054811,6.4477547978143015,0.8884107341977501,0.0206828019175469,0.1088392658022499,1.0,0.9999766442448125,0.9971685971685972,0.8851082683919812,13
star,30,0.15,2.5,29,1.9333333333333333,5.026153819992203,2.5997347344787256,1.0,29.0,58.0,928.0,0.9999999999999982,30.0,5.146297378011734,0.010666666666666666,0.995,12.465659275774318,0.9765671980824531,11.863868827978314,6.4477547978143015,0.8885543196675663,0.018432801917546926,0.10644568033243373,1.0,0.9999766442448125,0.9948453608247423,0.8851082683919812,14
star,30,0.15,2.5,29,1.9333333333333333,5.026153819992203,2.5997347344787256,1.0,29.0,58.0,928.0,0.9999999999999982,30.0,5.558143714647217,0.007,0.977,12.465659275774318,0.9765671980824531,12.586017365333513,6.4477547978143015,0.8890137931709776,0.00043280191754691,0.08798620682902236,1.0,0.9999766442448125,0.9761904761904762,0.8851082683919812,15
star,30,0.15,2.5,29,1.9333333333333333,5.026153819992203,2.5997347344787256,1.0,29.0,58.0,928.0,0.9999999999999982,30.0,5.6784697540214175,0.004666666666666667,0.96475,12.465659275774318,0.9765671980824531,12.586017365333513,6.4477547978143015,0.8890137931709775,-0.011817198082453073,0.07573620682902249,1.0,0.9999766442448125,0.9635093167701864,0.8851082683919812,16
star,30,0.15,2.5,29,1.9333333333333333,5.026153819992203,2.5997347344787256,1.0,29.0,58.0,928.0,0.9999999999999982,30.0,5.019938910265036,0.009333333333333334,0.99675,12.465659275774318,0.9765671980824531,13.849777305705116,6.4477547978143015,0.8898178718019473,0.020182801917546955,0.10693212819805276,1.0,0.9999766442448125,0.9966110531803962,0.8851082683919812,17
star,30,0.15,2.5,29,1.9333333333333333,5.026153819992203,2.5997347344787256,1.0,29.0,58.0,928.0,0.9999999999999982,30.0,5.6249698142774625,0.005333333333333333,0.9695,12.465659275774318,0.9765671980824531,13.263031619104014,6.4477547978143015,0.8894445495804256,-0.007067198082453041,0.0800554504195744,1.0,0.9999766442448125,0.9683034554429722,0.8851082683919811,18
star,30,0.15,2.5,29,1.9333333333333333,5.026153819992203,2.5997347344787256,1.0,29.0,58.0,928.0,0.9999999999999982,30.0,5.47758897551171,0.007666666666666666,0.98325,12.465659275774318,0.9765671980824531,12.586017365333513,6.4477547978143015,0.8890137931709776,0.006682801917546888,0.09423620682902234,1.0,0.9999766442448125,0.9826604554865425,0.8851082683919812,19
star,30,0.25,0.75,29,1.9333333333333333,5.026153819992203,2.5997347344787256,1.0,29.0,58.0,928.0,0.9999999999999982,30.0,14.411121447407865,0.009,0.03725,0.4038873605350878,0.006352356058773507,0.4282598736708259,0.20890725544918337,0.033680909224951636,0.03089764394122649,0.0035690907750483628,0.68,0.8678613433055969,0.012207792207792207,0.0011803728321992093,0
star,30,0.25,0.75,29,1.9333333333333333,5.026153819992203,2.5997347344787256,1.0,29.0,58.0,928.0,0.9999999999999982,30.0,13.739213674636988,0.012333333333333333,0.03725,0.4038873605350878,0.006352356058773507,0.4019375594842288,0.20890725544918337,0.029780844857821342,0.03089764394122649,0.007469155142178656,0.6439393939393939,0.867861343305597,0.016546018614270942,0.0011803728321992093,1
star,30,0.25,0.75,29,1.9333333333333333,5.026153819992203,2.5997347344787256,1.0,29.0,58.0,928.0,0.9999999999999982,30.0,13.791683780027176,0.017333333333333333,0.03325,0.4038873605350878,0.006352356058773507,0.4063246118486617,0.20890725544918337,0.03043085558567639,0.026897643941226495,0.0028191444143236127,0.6370370370370371,0.867861343305597,0.012160413971539457,0.0011803728321992093,2
star,30,0.25,0.75,29,1.9333333333333333,5.026153819992203,2.5997347344787256,1.0,29.0,58.0,928.0,0.9999999999999982,30.0,14.305354087114148,0.01,0.03475,0.4038873605350878,0.006352356058773507,0.4063246118486617,0.20890725544918337,0.03043085558567639,0.028397643941226496,0.004319144414323614,0.6666666666666666,0.867861343305597,0.012677878395860284,0.0011803728321992093,3
star,30,0.25,0.75,29,1.9333333333333333,5.026153819992203,2.5997347344787256,1.0,29.0,58.0,928.0,0.9999999999999982,30.0,13.783438295612113,0.015,0.03775,0.4038873605350878,0.006352356058773507,0.39608815633165173,0.20890725544918337,0.028914163887347938,0.03139764394122649,0.008835836112652061,0.7421875,0.8678613433055969,0.014462809917355372,0.0011803728321992091,4
star,30,0.25,0.75,29,1.9333333333333333,5.026153819992203,2.5997347344787256,1.0,29.0,58.0,928.0,0.9999999999999982,30.0,15.162857658329724,0.006,0.0295,0.4038873605350878,0.006352356058773507,0.4136363657893832,0.20890725544918337,0.031514206798768145,0.02314764394122649,-0.0020142067987681464,0.5785714285714286,0.8678613433055969,0.009585492227979275,0.0011803728321992091,5
star,30,0.25,0.75,29,1.9333333333333333,5.026153819992203,2.5997347344787256,1.0,29.0,58.0,928.0,0.9999999999999982,30.0,14.411615537548009,0.012666666666666666,0.03725,0.4038873605350878,0.006352356058773507,0.42533517209453736,0.20890725544918337,0.03324756873971493,0.03089764394122649,0.004002431260285065,0.7364864864864865,0.8678613433055968,0.010384215991692628,0.001180372832199209,6
star,30,0.25,0.75,29,1.9333333333333333,5.026153819992203,2.5997347344787256,1.0,29.0,58.0,928.0,0.9999999999999982,30.0,14.110408151905517,0.008333333333333333,0.034,0.4038873605350878,0.006352356058773507,0.4077869626368059,0.20890725544918337,0.03064752582829474,0.027647643941226496,0.0033524741717052622,0.6838235294117647,0.867861343305597,0.011128364389233954,0.0011803728321992093,7
star,30,0.25,0.75,29,1.9333333333333333,5.026153819992203,2.5997347344787256,1.0,29.0,58.0,928.0,0.9999999999999982,30.0,13.00984806374181,0.017333333333333333,0.0385,0.4038873605350878,0.006352356058773507,0.4107116642130945,0.20890725544918337,0.03108086631353144,0.03214764394122649,0.0074191336864685604,0.6739130434782609,0.867861343305597,0.01579492490937338,0.0011803728321992093,8
star,30,0.25,0.75,29,1.9333333333333333,5.026153819992203,2.5997347344787256,1.0,29.0,58.0,928.0,0.9999999999999982,30.0,14.339643035098305,0.009,0.0345,0.4038873605350878,0.006352356058773507,0.3858517008146417,0.20890725544918337,0.0273974721890195,0.028147643941226496,0.007102527810980502,0.7107438016528925,0.8678613433055969,0.013405516885795308,0.0011803728321992091,9
star,30,0.25,0.75,29,1.9333333333333333,5.026153819992203,2.5997347344787256,1.0,29.0,58.0,928.0,0.9999999999999982,30.0,14.324628260909895,0.008333333333333333,0.0345,0.4038873605350878,0.006352356058773507,0.41217401500123885,0.20890725544918337,0.031297536556149794,0.028147643941226496,0.003202463443850209,0.6187050359712231,0.867861343305597,0.013468013468013467,0.0011803728321992093,10
star,30,0.25,0.75,29,1.9333333333333333,5.026153819992203,2.5997347344787256,1.0,29.0,58.0,928.0,0.9999999999999982,30.0,13.767299174274957,0.007333333333333333,0.02475,0.4038873605350878,0.006352356058773507,0.36830349135691026,0.20890725544918337,0.024797429277599304,0.018397643941226494,-4.7429277599302794e-05,0.5229357798165137,0.8678613433055967,0.01079414032382421,0.0011803728321992091,11
star,30,0.25,0.75,29,1.9333333333333333,5.026153819992203,2.5997347344787256,1.0,29.0,58.0,928.0,0.9999999999999982,30.0,13.998779220676465,0.009666666666666667,0.036,0.4038873605350878,0.006352356058773507,0.40047520869608455,0.20890725544918337,0.029564174615202995,0.02964764394122649,0.0064358253847970025,0.6870229007633588,0.867861343305597,0.01395709485655208,0.0011803728321992091,12
star,30,0.25,0.75,29,1.9333333333333333,5.026153819992203,2.5997347344787256,1.0,29.0,58.0,928.0,0.9999999999999982,30.0,13.887903482225635,0.007333333333333333,0.038,0.4038873605350878,0.006352356058773507,0.4048622610605174,0.20890725544918337,0.03021418534305804,0.03164764394122649,0.007785814656941958,0.7238805970149254,0.8678613433055972,0.014226590791515779,0.0011803728321992091,13
star,30,0.25,0.75,29,1.9333333333333333,5.026153819992203,2.5997347344787256,1.0,29.0,58.0,928.0,0.9999999999999982,30.0,13.107089277749953,0.012666666666666666,0.039,0.4038873605350878,0.006352356058773507,0.42825987367082596,0.20890725544918337,0.033680909224951636,0.03264764394122649,0.005319090775048364,0.66,0.8678613433055969,0.014805194805194806,0.0011803728321992093,14
star,30,0.25,0.75,29,1.9333333333333333,5.026153819992203,2.5997347344787256,1.0,29.0,58.0,928.0,0.9999999999999982,30.0,14.43216390852979,0.008333333333333333,0.0285,0.4038873605350878,0.006352356058773507,0.3858517008146417,0.20890725544918337,0.0273974721890195,0.022147643941226494,0.0011025278109805005,0.6363636363636364,0.8678613433055969,0.009538540861046661,0.0011803728321992091,15
star,30,0.25,0.75,29,1.9333333333333333,5.026153819992203,2.5997347344787256,1.0,29.0,58.0,928.0,0.9999999999999982,30.0,13.140284017949384,0.016,0.04725,0.4038873605350878,0.006352356058773507,0.40778696263680597,0.20890725544918337,0.03064752582829474,0.0408976439412265,0.01660247417170526,0.7647058823529411,0.867861343305597,0.02199792960662526,0.0011803728321992093,16
star,30,0.25,0.75,29,1.9333333333333333,5.026153819992203,2.5997347344787256,1.0,29.0,58.0,928.0,0.9999999999999982,30.0,12.690862639527513,0.013,0.0405,0.4038873605350878,0.006352356058773507,0.39316345475536313,0.20890725544918337,0.028480823402111246,0.03414764394122649,0.012019176597888755,0.7301587301587301,0.8678613433055967,0.018069179143004648,0.0011803728321992093,17
star,30,0.25,0.75,29,1.9333333333333333,5.026153819992203,2.5997347344787256,1.0,29.0,58.0,928.0,0.9999999999999982,30.0,14.992813291300982,0.008666666666666666,0.03325,0.4038873605350878,0.006352356058773507,0.4209481197301045,0.20890725544918337,0.03259755801185989,0.026897643941226495,0.000652441988140115,0.6551724137931034,0.867861343305597,0.009857328145265888,0.0011803728321992091,18
star,30,0.25,0.75,29,1.9333333333333333,5.026153819992203,2.5997347344787256,1.0,29.0,58.0,928.0,0.9999999999999982,30.0,14.120544463518192,0.009666666666666667,0.03175,0.4038873605350878,0.006352356058773507,0.3917011039672189,0.20890725544918337,0.028264153159492895,0.025397643941226494,0.0034858468405071057,0.696,0.8678613433055967,0.01032258064516129,0.0011803728321992093,19
star,30,0.25,1.25,29,1.9333333333333333,5.026153819992203,2.5997347344787256,1.0,29.0,58.0,928.0,0.9999999999999982,30.0,14.619135009748561,0.008333333333333333,0.05025,1.1219093348196885,0.08044422061331276,1.1530519904931311,0.5802979318032871,0.05021513872052787,-0.030194220613312756,3.486127947213008e-05,0.9929078014184397,0.9889957706499504,0.01580720393884426,0.015914006535493262,0
star,30,0.25,1.25,29,1.9333333333333333,5.026153819992203,2.5997347344787256,1.0,29.0,58.0,928.0,0.9999999999999982,30.0,14.616240015309492,0.012,0.045,1.1219093348196885,0.08044422061331276,1.0677481945180483,0.5802979318032871,0.045106459458926974,-0.03544422061331276,-0.000106459458926976,0.9916666666666667,0.9889957706499503,0.015721649484536082,0.015914006535493262,1
star,30,0.25,1.25,29,1.9333333333333333,5.026153819992203,2.5997347344787256,1.0,29.0,58.0,928.0,0.9999999999999982,30.0,14.180236673950025,0.010333333333333333,0.04725,1.1219093348196885,0.08044422061331276,1.0921207076537862,0.5802979318032871,0.04656608210509867,-0.03319422061331276,0.0006839178949013328,0.9920634920634921,0.9889957706499503,0.016520392359318535,0.015914006535493262,2
star,30,0.25,1.25,29,1.9333333333333333,5.026153819992203,2.5997347344787256,1.0,29.0,58.0,928.0,0.9999999999999982,30.0,13.384130972994983,0.011666666666666667,0.06075,1.1219093348196885,0.08044422061331276,1.2261695299003454,0.5802979318032871,0.054594006659042946,-0.01969422061331276,0.006155993340957053,1.0,0.9889957706499504,0.02186930486852382,0.015914006535493266,3
star,30,0.25,1.25,29,1.9333333333333333,5.026153819992203,2.5997347344787256,1.0,29.0,58.0,928.0,0.9999999999999982,30.0,13.41151233650545,0.014,0.05625,1.1219093348196885,0.08044422061331276,1.1571140760157546,0.5802979318032871,0.0504584091615565,-0.024194220613312757,0.005791590838443501,0.9859154929577465,0.9889957706499504,0.022032141005702437,0.015914006535493266,4
star,30,0.25,1.25,29,1.9333333333333333,5.026153819992203,2.5997347344787256,1.0,29.0,58.0,928.0,0.9999999999999982,30.0,13.48955841470761,0.009666666666666667,0.055,1.1219093348196885,0.08044422061331276,1.1246173918347704,0.5802979318032871,0.04851224563332758,-0.025444220613312758,0.00648775436667242,1.0,0.9889957706499504,0.02224521469218831,0.015914006535493266,5
star,30,0.25,1.25,29,1.9333333333333333,5.026153819992203,2.5997347344787256,1.0,29.0,58.0,928.0,0.9999999999999982,30.0,14.471109862285948,0.009,0.053,1.1219093348196885,0.08044422061331276,1.1408657339252621,0.5802979318032871,0.04948532739744204,-0.02744422061331276,0.0035146726025579583,0.9782608695652174,0.9889957706499504,0.01993785603314345,0.015914006535493262,6
star,30,0.25,1.25,29,1.9333333333333333,5.026153819992203,2.5997347344787256,1.0,29.0,58.0,928.0,0.9999999999999982,30.0,13.76064822795891,0.009333333333333334,0.052,1.1219093348196885,0.08044422061331276,1.1571140760157543,0.5802979318032871,0.05045840916155649,-0.02844422061331276,0.0015415908384435045,0.9929577464788732,0.9889957706499504,0.017366511145671334,0.015914006535493266,7
star,30,0.25,1.25,29,1.9333333333333333,5.026153819992203,2.5997347344787256,1.0,29.0,58.0,928.0,0.9999999999999982,30.0,14.437933248744507,0.011666666666666667,0.04675,1.1219093348196885,0.08044422061331276,1.0677481945180483,0.5802979318032871,0.045106459458926974,-0.03369422061331276,0.0016435405410730256,0.9916666666666667,0.9889957706499503,0.01752577319587629,0.015914006535493262,8
star,30,0.25,1.25,29,1.9333333333333333,5.026153819992203,2.5997347344787256,1.0,29.0,58.0,928.0,0.9999999999999982,30.0,14.293546879390234,0.006333333333333333,0.048,1.1219093348196885,0.08044422061331276,1.108369049744278,0.5802979318032871,0.04753916386921313,-0.03244422061331276,0.0004608361307868736,0.9923076923076923,0.9889957706499504,0.01627906976744186,0.015914006535493262,9
star,30,0.25,1.25,29,1.9333333333333333,5.026153819992203,2.5997347344787256,1.0,29.0,58.0,928.0,0.9999999999999982,30.0,14.29599806454952,0.011,0.05275,1.1219093348196885,0.08044422061331276,1.1774245036288693,0.5802979318032871,0.05167476136669957,-0.02769422061331276,0.0010752386333004252,1.0,0.9889957706499504,0.016610433428497273,0.015914006535493262,10
star,30,0.25,1.25,29,1.9333333333333333,5.026153819992203,2.5997347344787256,1.0,29.0,58.0,928.0,0.9999999999999982,30.0,13.597065011608285,0.008666666666666666,0.04775,1.1219093348196885,0.08044422061331276,0.9946306551108339,0.5802979318032871,0.04072759152041192,-0.03269422061331276,0.007022408479588078,1.0,0.9889957706499503,0.022832221652129298,0.015914006535493262,11
star,30,0.25,1.25,29,1.9333333333333333,5.026153819992203,2.5997347344787256,1.0,29.0,58.0,928.0,0.9999999999999982,30.0,14.010080393328046,0.012,0.0525,1.1219093348196885,0.08044422061331276,1.1043069642216552,0.5802979318032871,0.047295893428184514,-0.02794422061331276,0.005204106571815484,0.9844961240310077,0.9889957706499504,0.021441487987600105,0.015914006535493266,12
star,30,0.25,1.25,29,1.9333333333333333,5.026153819992203,2.5997347344787256,1.0,29.0,58.0,928.0,0.9999999999999982,30.0,14.828695931112653,0.007333333333333333,0.052,1.1219093348196885,0.08044422061331276,1.2017970167646077,0.5802979318032871,0.05313438401287126,-0.02844422061331276,-0.0011343840128712618,0.9738562091503268,0.9889957706499504,0.015336625942292695,0.015914006535493262,13
star,30,0.25,1.25,29,1.9333333333333333,5.026153819992203,2.5997347344787256,1.0,29.0,58.0,928.0,0.9999999999999982,30.0,13.356918167853697,0.015,0.05,1.1219093348196885,0.08044422061331276,1.051499852427556,0.5802979318032871,0.04413337769481252,-0.030444220613312756,0.005866622305187481,0.9827586206896551,0.9889957706499503,0.022142121524201853,0.015914006535493262,14
star,30,0.25,1.25,29,1.9333333333333333,5.026153819992203,2.5997347344787256,1.0,29.0,58.0,928.0,0.9999999999999982,30.0,13.514582588541304,0.010333333333333333,0.0515,1.1219093348196885,0.08044422061331276,1.1002448786990322,0.5802979318032871,0.0470526229871559,-0.02894422061331276,0.004447377012844096,0.9921875,0.9889957706499503,0.020402892561983473,0.015914006535493262,15
star,30,0.25,1.25,29,1.9333333333333333,5.026153819992203,2.5997347344787256,1.0,29.0,58.0,928.0,0.9999999999999982,30.0,14.867480705329001,0.008666666666666666,0.0505,1.1219093348196885,0.08044422061331276,1.1814865891514923,0.5802979318032871,0.051918031807728186,-0.029944220613312755,-0.001418031807728183,0.9864864864864865,0.9889957706499504,0.014537902388369679,0.015914006535493262,16
star,30,0.25,1.25,29,1.9333333333333333,5.026153819992203,2.5997347344787256,1.0,29.0,58.0,928.0,0.9999999999999982,30.0,13.172300562293517,0.01633333333333333,0.0555,1.1219093348196885,0.08044422061331276,1.059624023472802,0.5802979318032871,0.04461991857686975,-0.024944220613312758,0.010880081423130253,1.0,0.9889957706499503,0.026790314270994334,0.015914006535493262,17
star,30,0.25,1.25,29,1.9333333333333333,5.026153819992203,2.5997347344787256,1.0,29.0,58.0,928.0,0.9999999999999982,30.0,13.314663327797776,0.013666666666666667,0.0555,1.1219093348196885,0.08044422061331276,1.1246173918347704,0.5802979318032871,0.04851224563332758,-0.024944220613312758,0.00698775436667242,0.9776119402985075,0.9889957706499504,0.02353854112778065,0.015914006535493266,18
star,30,0.25,1.25,29,1.9333333333333333,5.026153819992203,2.5997347344787256,1.0,29.0,58.0,928.0,0.9999999999999982,30.0,14.476329316236207,0.006666666666666667,0.05275,1.1219093348196885,0.08044422061331276,1.1124311352669014,0.5802979318032871,0.04778243431024174,-0.02769422061331276,0.004967565689758258,0.9694656488549618,0.9889957706499504,0.02171103644352546,0.015914006535493262,19
star,30,0.25,1.75,29,1.9333333333333333,5.026153819992203,2.5997347344787256,1.0,29.0,58.0,928.0,0.9999999999999982,30.0,13.107435196446463,0.012666666666666666,0.0715,2.198942296246589,0.3289230700154924,2.1485182746257623,1.1373839463344426,0.11212702268803706,-0.2574230700154924,-0.04062702268803707,1.0,0.9980180242895751,0.041053446940356314,0.08307766632258513,0
star,30,0.25,1.75,29,1.9333333333333333,5.026153819992203,2.5997347344787256,1.0,29.0,58.0,928.0,0.9999999999999982,30.0,13.15909296789582,0.013,0.06975,2.198942296246589,0.3289230700154924,2.2122117756204913,1.1373839463344426,0.11395690340397102,-0.2591730700154924,-0.044206903403971015,1.0,0.998018024289575,0.037257438551099614,0.08307766632258515,1
star,30,0.25,1.75,29,1.9333333333333333,5.026153819992203,2.5997347344787256,1.0,29.0,58.0,928.0,0.9999999999999982,30.0,13.321058757155484,0.013,0.07475,2.198942296246589,0.3289230700154924,2.331637089985608,1.1373839463344426,0.11738792974634725,-0.25417307001549244,-0.04263792974634725,1.0,0.998018024289575,0.0387012987012987,0.08307766632258516,2
star,30,0.25,1.75,29,1.9333333333333333,5.026153819992203,2.5997347344787256,1.0,29.0,58.0,928.0,0.9999999999999982,30.0,13.786501861467983,0.010666666666666666,0.06225,2.198942296246589,0.3289230700154924,2.052978023133669,1.1373839463344426,0.10938220161413609,-0.26667307001549245,-0.04713220161413609,1.0,0.998018024289575,0.03449163449163449,0.08307766632258513,3
star,30,0.25,1.75,29,1.9333333333333333,5.026153819992203,2.5997347344787256,1.0,29.0,58.0,928.0,0.9999999999999982,30.0,13.434904556732212,0.011333333333333334,0.07175,2.198942296246589,0.3289230700154924,2.124633211752739,1.1373839463344426,0.11144081741956181,-0.25717307001549244,-0.03969081741956182,1.0,0.998018024289575,0.04205366357069144,0.08307766632258515,4
star,30,0.25,1.75,29,1.9333333333333333,5.026153819992203,2.5997347344787256,1.0,29.0,58.0,928.0,0.9999999999999982,30.0,14.380915858425004,0.006333333333333333,0.06525,2.198942296246589,0.3289230700154924,2.3953305909803366,1.1373839463344426,0.11921781046228122,-0.26367307001549245,-0.05396781046228122,1.0,0.998018024289575,0.02680895366996356,0.08307766632258513,5
star,30,0.25,1.75,29,1.9333333333333333,5.026153819992203,2.5997347344787256,1.0,29.0,58.0,928.0,0.9999999999999982,30.0,13.858777054583614,0.011666666666666667,0.06525,2.198942296246589,0.3289230700154924,2.1485182746257623,1.1373839463344426,0.11212702268803706,-0.26367307001549245,-0.04687702268803706,1.0,0.9980180242895751,0.034598502452878904,0.08307766632258513,6
star,30,0.25,1.75,29,1.9333333333333333,5.026153819992203,2.5997347344787256,1.0,29.0,58.0,928.0,0.9999999999999982,30.0,14.189757723523954,0.009333333333333334,0.055,2.198942296246589,0.3289230700154924,2.092786461255375,1.1373839463344426,0.11052587706159482,-0.27392307001549243,-0.05552587706159482,1.0,0.9980180242895749,0.02577319587628866,0.08307766632258515,7
star,30,0.25,1.75,29,1.9333333333333333,5.026153819992203,2.5997347344787256,1.0,29.0,58.0,928.0,0.9999999999999982,30.0,15.150746989445109,0.007333333333333333,0.05325,2.198942296246589,0.3289230700154924,2.108709836504057,1.1373839463344426,0.11098334724057833,-0.2756730700154924,-0.05773334724057833,1.0,0.998018024289575,0.023465703971119134,0.08307766632258515,8
star,30,0.25,1.75,29,1.9333333333333333,5.026153819992203,2.5997347344787256,1.0,29.0,58.0,928.0,0.9999999999999982,30.0,14.413291564706142,0.007333333333333333,0.05875,2.198942296246589,0.3289230700154924,2.1405565870014214,1.1373839463344426,0.11189828759854532,-0.2701730700154924,-0.05314828759854533,1.0,0.9980180242895751,0.02813629323696438,0.08307766632258516,9
star,30,0.25,1.75,29,1.9333333333333333,5.026153819992203,2.5997347344787256,1.0,29.0,58.0,928.0,0.9999999999999982,30.0,13.400519276793588,0.013,0.066,2.198942296246589,0.3289230700154924,2.0848247736310337,1.1373839463344426,0.11029714197210308,-0.2629230700154924,-0.04429714197210308,1.0,0.9980180242895751,0.03736150476681268,0.08307766632258515,10
star,30,0.25,1.75,29,1.9333333333333333,5.026153819992203,2.5997347344787256,1.0,29.0,58.0,928.0,0.9999999999999982,30.0,14.124882984191466,0.01,0.0645,2.198942296246589,0.3289230700154924,2.228135150869173,1.1373839463344426,0.11441437358295455,-0.2644230700154924,-0.049914373582954544,1.0,0.9980180242895748,0.03132280610924152,0.08307766632258515,11
star,30,0.25,1.75,29,1.9333333333333333,5.026153819992203,2.5997347344787256,1.0,29.0,58.0,928.0,0.9999999999999982,30.0,13.655396777423459,0.016,0.06475,2.198942296246589,0.3289230700154924,2.172403337498786,1.1373839463344426,0.1128132279565123,-0.2641730700154924,-0.0480632279565123,1.0,0.9980180242895749,0.03333333333333333,0.08307766632258515,12
star,30,0.25,1.75,29,1.9333333333333333,5.026153819992203,2.5997347344787256,1.0,29.0,58.0,928.0,0.9999999999999982,30.0,13.432890572830182,0.011666666666666667,0.06275,2.198942296246589,0.3289230700154924,2.037054647884987,1.1373839463344426,0.10892473143515258,-0.2661730700154924,-0.04617473143515258,1.0,0.9980180242895749,0.03550295857988166,0.08307766632258515,13
star,30,0.25,1.75,29,1.9333333333333333,5.026153819992203,2.5997347344787256,1.0,29.0,58.0,928.0,0.9999999999999982,30.0,14.048070737441963,0.010666666666666666,0.057,2.198942296246589,0.3289230700154924,2.0848247736310332,1.1373839463344426,0.11029714197210308,-0.27192307001549243,-0.05329714197210308,1.0,0.9980180242895751,0.028085544962638494,0.08307766632258515,14
star,30,0.25,1.75,29,1.9333333333333333,5.026153819992203,2.5997347344787256,1.0,29.0,58.0,928.0,0.9999999999999982,30.0,14.086819783761435,0.011,0.0575,2.198942296246589,0.3289230700154924,2.188326712747468,1.1373839463344426,0.11327069813549581,-0.27142307001549243,-0.05577069813549581,1.0,0.998018024289575,0.025336091003102378,0.08307766632258515,15
star,30,0.25,1.75,29,1.9333333333333333,5.026153819992203,2.5997347344787256,1.0,29.0,58.0,928.0,0.9999999999999982,30.0,14.38570786753245,0.006333333333333333,0.05375,2.198942296246589,0.3289230700154924,2.0768630860066923,1.1373839463344426,0.11006840688261132,-0.2751730700154924,-0.056318406882611326,1.0,0.9980180242895751,0.02498712004121587,0.08307766632258515,16
star,30,0.25,1.75,29,1.9333333333333333,5.026153819992203,2.5997347344787256,1.0,29.0,58.0,928.0,0.9999999999999982,30.0,13.663966894432196,0.009333333333333334,0.06425,2.198942296246589,0.3289230700154924,2.1485182746257623,1.1373839463344426,0.11212702268803706,-0.26467307001549245,-0.04787702268803706,1.0,0.9980180242895751,0.03356571133488252,0.08307766632258513,17
star,30,0.25,1.75,29,1.9333333333333333,5.026153819992203,2.5997347344787256,1.0,29.0,58.0,928.0,0.9999999999999982,30.0,14.976065036864414,0.008666666666666666,0.058,2.198942296246589,0.3289230700154924,2.299790339488243,1.1373839463344426,0.11647298938838026,-0.27092307001549243,-0.058472989388380255,1.0,0.9980180242895749,0.022314478463933574,0.08307766632258513,18
star,30,0.25,1.75,29,1.9333333333333333,5.026153819992203,2.5997347344787256,1.0,29.0,58.0,928.0,0.9999999999999982,30.0,13.150756600163886,0.011,0.0705,2.198942296246589,0.3289230700154924,2.220173463244832,1.1373839463344426,0.11418563849346279,-0.2584230700154924,-0.0436856384934628,1.0,0.9980180242895749,0.03778467908902691,0.08307766632258515,19
star,30,0.25,2.5,29,1.9333333333333333,5.026153819992203,2.5997347344787256,1.0,29.0,58.0,928.0,0.9999999999999982,30.0,14.636167253253204,0.006,0.0995,4.487637339278754,0.7528138927866977,4.270992778072193,2.3211917272131486,0.37938122649060163,-0.6533138927866977,-0.27988122649060165,1.0,0.999680493557261,0.07164948453608247,0.3601967130761689,0
star,30,0.25,2.5,29,1.9333333333333333,5.026153819992203,2.5997347344787256,1.0,29.0,58.0,928.0,0.9999999999999982,30.0,14.338385447070053,0.007666666666666666,0.11875,4.487637339278754,0.7528138927866977,4.64470464615351,2.3211917272131486,0.3830582582283679,-0.6340638927866977,-0.2643082582283679,1.0,0.9996804935572615,0.08607726212081929,0.3601967130761689,1
star,30,0.25,2.5,29,1.9333333333333333,5.026153819992203,2.5997347344787256,1.0,29.0,58.0,928.0,0.9999999999999982,30.0,15.200890609421888,0.004333333333333333,0.097,4.487637339278754,0.7528138927866977,4.17350272552924,2.3211917272131486,0.37842200081988,-0.6558138927866978,-0.28142200081988,1.0,0.9996804935572611,0.07050952135872363,0.36019671307616885,2
star,30,0.25,2.5,29,1.9333333333333333,5.026153819992203,2.5997347344787256,1.0,29.0,58.0,928.0,0.9999999999999982,30.0,15.283774946366373,0.004666666666666667,0.09,4.487637339278754,0.7528138927866977,4.205999409710224,2.3211917272131486,0.37874174271012057,-0.6628138927866978,-0.28874174271012054,1.0,0.9996804935572612,0.06282183316168898,0.3601967130761689,3
star,30,0.25,2.5,29,1.9333333333333333,5.026153819992203,2.5997347344787256,1.0,29.0,58.0,928.0,0.9999999999999982,30.0,14.01250459961246,0.010333333333333333,0.11825,4.487637339278754,0.7528138927866977,4.368482830615145,2.3211917272131486,0.3803404521613233,-0.6345638927866978,-0.2620904521613233,1.0,0.9996804935572612,0.08957150232318017,0.36019671307616896,4
star,30,0.25,2.5,29,1.9333333333333333,5.026153819992203,2.5997347344787256,1.0,29.0,58.0,928.0,0.9999999999999982,30.0,15.343133804772688,0.007333333333333333,0.0995,4.487637339278754,0.7528138927866977,4.5309662515200655,2.3211917272131486,0.38193916161252606,-0.6533138927866977,-0.282439161612526,1.0,0.9996804935572614,0.06780538302277432,0.3601967130761689,5
star,30,0.25,2.5,29,1.9333333333333333,5.026153819992203,2.5997347344787256,1.0,29.0,58.0,928.0,0.9999999999999982,30.0,14.066671373708672,0.013,0.1115,4.487637339278754,0.7528138927866977,4.482221225248589,2.3211917272131486,0.3814595487771652,-0.6413138927866977,-0.2699595487771652,1.0,0.9996804935572613,0.08094129816395139,0.3601967130761689,6
star,30,0.25,2.5,29,1.9333333333333333,5.026153819992203,2.5997347344787256,1.0,29.0,58.0,928.0,0.9999999999999982,30.0,14.044478098183575,0.01,0.13525,4.487637339278754,0.7528138927866977,4.5147179094295735,2.3211917272131486,0.38177929066740574,-0.6175638927866978,-0.24652929066740573,1.0,0.9996804935572613,0.10504527813712808,0.36019671307616896,7
star,30,0.25,2.5,29,1.9333333333333333,5.026153819992203,2.5997347344787256,1.0,29.0,58.0,928.0,0.9999999999999982,30.0,13.533363877240006,0.011666666666666667,0.13825,4.487637339278754,0.7528138927866977,4.64470464615351,2.3211917272131486,0.3830582582283679,-0.6145638927866978,-0.2448082582283679,1.0,0.9996804935572615,0.10630023334197562,0.3601967130761689,8
star,30,0.25,2.5,29,1.9333333333333333,5.026153819992203,2.5997347344787256,1.0,29.0,58.0,928.0,0.9999999999999982,30.0,15.272962798061815,0.01,0.10275,4.487637339278754,0.7528138927866977,4.937174803782366,2.3211917272131486,0.3859359352405328,-0.6500638927866977,-0.2831859352405328,1.0,0.9996804935572613,0.06512112529304506,0.3601967130761689,9
star,30,0.25,2.5,29,1.9333333333333333,5.026153819992203,2.5997347344787256,1.0,29.0,58.0,928.0,0.9999999999999982,30.0,13.461379568582247,0.015,0.13025,4.487637339278754,0.7528138927866977,4.0272676467148125,2.3211917272131486,0.3769831623137976,-0.6225638927866978,-0.24673316231379758,1.0,0.9996804935572611,0.10680359435173299,0.36019671307616885,10
star,30,0.25,2.5,29,1.9333333333333333,5.026153819992203,2.5997347344787256,1.0,29.0,58.0,928.0,0.9999999999999982,30.0,13.461188505975363,0.013333333333333334,0.13925,4.487637339278754,0.7528138927866977,4.417227856886622,2.3211917272131486,0.3808200649966841,-0.6135638927866978,-0.24157006499668407,1.0,0.9996804935572612,0.11056574528545596,0.3601967130761689,11
star,30,0.25,2.5,29,1.9333333333333333,5.026153819992203,2.5997347344787256,1.0,29.0,58.0,928.0,0.9999999999999982,30.0,13.07665543088974,0.009333333333333334,0.1525,4.487637339278754,0.7528138927866977,4.319737804343669,2.3211917272131486,0.37986083932596243,-0.6003138927866978,-0.22736083932596243,1.0,0.9996804935572611,0.12561258705184422,0.36019671307616885,12
star,30,0.25,2.5,29,1.9333333333333333,5.026153819992203,2.5997347344787256,1.0,29.0,58.0,928.0,0.9999999999999982,30.0,15.001781480892138,0.006333333333333333,0.09825,4.487637339278754,0.7528138927866977,4.5472145936105575,2.3211917272131486,0.3820990325576463,-0.6545638927866977,-0.2838490325576463,1.0,0.9996804935572614,0.06626973854517215,0.3601967130761689,13
star,30,0.25,2.5,29,1.9333333333333333,5.026153819992203,2.5997347344787256,1.0,29.0,58.0,928.0,0.9999999999999982,30.0,14.616344191756053,0.009333333333333334,0.103,4.487637339278754,0.7528138927866977,4.449724541067605,2.3211917272131486,0.3811398068869247,-0.6498138927866978,-0.27813980688692475,1.0,0.9996804935572613,0.07262858619798397,0.36019671307616885,14
star,30,0.25,2.5,29,1.9333333333333333,5.026153819992203,2.5997347344787256,1.0,29.0,58.0,928.0,0.9999999999999982,30.0,13.235737435754483,0.017333333333333333,0.135,4.487637339278754,0.7528138927866977,4.660952988244002,2.3211917272131486,0.3832181291734882,-0.6178138927866977,-0.24821812917348818,1.0,0.9996804935572613,0.10269709543568464,0.36019671307616896,15
star,30,0.25,2.5,29,1.9333333333333333,5.026153819992203,2.5997347344787256,1.0,29.0,58.0,928.0,0.9999999999999982,30.0,13.671737745465448,0.014666666666666666,0.1315,4.487637339278754,0.7528138927866977,4.660952988244002,2.3211917272131486,0.3832181291734882,-0.6213138927866977,-0.2517181291734882,1.0,0.9996804935572613,0.09906639004149377,0.36019671307616896,16
star,30,0.25,2.5,29,1.9333333333333333,5.026153819992203,2.5997347344787256,1.0,29.0,58.0,928.0,0.9999999999999982,30.0,13.930781425265849,0.01,0.121,4.487637339278754,0.7528138927866977,4.287241120162685,2.3211917272131486,0.3795410974357219,-0.6318138927866978,-0.2585410974357219,1.0,0.999680493557261,0.09358081979891725,0.3601967130761689,17
star,30,0.25,2.5,29,1.9333333333333333,5.026153819992203,2.5997347344787256,1.0,29.0,58.0,928.0,0.9999999999999982,30.0,14.348221443554024,0.01,0.111,4.487637339278754,0.7528138927866977,4.465972883158097,2.3211917272131486,0.38129967783204494,-0.6418138927866978,-0.27029967783204495,1.0,0.9996804935572613,0.08066184074457083,0.3601967130761689,18
star,30,0.25,2.5,29,1.9333333333333333,5.026153819992203,2.5997347344787256,1.0,29.0,58.0,928.0,0.9999999999999982,30.0,13.71854471595219,0.009333333333333334,0.1465,4.487637339278754,0.7528138927866977,4.80718806705843,2.3211917272131486,0.3846569676795707,-0.6063138927866978,-0.2381569676795707,1.0,0.9996804935572613,0.11255523784767352,0.36019671307616896,19
star,30,0.35,0.75,29,1.9333333333333333,5.026153819992203,2.5997347344787256,1.0,29.0,58.0,928.0,0.9999999999999982,30.0,28.872255964866223,0.009666666666666667,0.0205,0.20606497986484074,0.0011397298144360988,0.20730847543299064,0.10658533441284866,0.018416779719317603,0.019360270185563903,0.0020832202806823977,0.37037037037037035,0.5396449472203712,0.008279430789133247,0.0002108799489056464,0
star,30,0.35,0.75,29,1.9333333333333333,5.026153819992203,2.5997347344787256,1.0,29.0,58.0,928.0,0.9999999999999982,30.0,26.822142506387376,0.010333333333333333,0.02325,0.20606497986484074,0.0011397298144360988,0.21700774086455984,0.10658533441284866,0.020169940437949868,0.022110270185563902,0.0030800595620501317,0.34459459459459457,0.539644947220371,0.010903426791277258,0.0002108799489056464,1
star,30,0.35,0.75,29,1.9333333333333333,5.026153819992203,2.5997347344787256,1.0,29.0,58.0,928.0,0.9999999999999982,30.0,29.349665969604636,0.008666666666666666,0.016,0.20606497986484074,0.0011397298144360988,0.19910140468320128,0.10658533441284866,0.016933336034321077,0.014860270185563901,-0.0009333360343210771,0.3064516129032258,0.5396449472203707,0.006707946336429308,0.00021087994890564639,2
star,30,0.35,0.75,29,1.9333333333333333,5.026153819992203,2.5997347344787256,1.0,29.0,58.0,928.0,0.9999999999999982,30.0,28.954274336620543,0.006,0.0195,0.20606497986484074,0.0011397298144360988,0.21327725416011015,0.10658533441284866,0.019495647853860536,0.018360270185563903,4.352146139464247e-06,0.2517482517482518,0.5396449472203712,0.010889292196007259,0.0002108799489056464,3
star,30,0.35,0.75,29,1.9333333333333333,5.026153819992203,2.5997347344787256,1.0,29.0,58.0,928.0,0.9999999999999982,30.0,28.615553022884008,0.013,0.01675,0.20606497986484074,0.0011397298144360988,0.20059359936498114,0.10658533441284866,0.01720305306795681,0.015610270185563902,-0.0004530530679568087,0.29365079365079366,0.5396449472203707,0.007743933918430563,0.0002108799489056464,4
star,30,0.35,0.75,29,1.9333333333333333,5.026153819992203,2.5997347344787256,1.0,29.0,58.0,928.0,0.9999999999999982,30.0,27.30768970855924,0.010666666666666666,0.02325,0.20606497986484074,0.0011397298144360988,0.19910140468320128,0.10658533441284866,0.016933336034321077,0.022110270185563902,0.006316663965678922,0.28225806451612906,0.5396449472203707,0.014963880288957688,0.00021087994890564639,5
star,30,0.35,0.75,29,1.9333333333333333,5.026153819992203,2.5997347344787256,1.0,29.0,58.0,928.0,0.9999999999999982,30.0,27.284035691181064,0.009,0.022,0.20606497986484074,0.0011397298144360988,0.20432408606943084,0.10658533441284866,0.017877345652046142,0.0208602701855639,0.004122654347953857,0.33587786259541985,0.539644947220371,0.011372447660894288,0.0002108799489056464,6
star,30,0.35,0.75,29,1.9333333333333333,5.026153819992203,2.5997347344787256,1.0,29.0,58.0,928.0,0.9999999999999982,30.0,28.047416974638182,0.009,0.0195,0.20606497986484074,0.0011397298144360988,0.21551554618277993,0.10658533441284866,0.019900223404314136,0.018360270185563903,-0.0004002234043141359,0.3013698630136986,0.539644947220371,0.008822003113648157,0.00021087994890564639,7
star,30,0.35,0.75,29,1.9333333333333333,5.026153819992203,2.5997347344787256,1.0,29.0,58.0,928.0,0.9999999999999982,30.0,28.292262852993737,0.009,0.02225,0.20606497986484074,0.0011397298144360988,0.202085794046761,0.10658533441284866,0.017472770101592542,0.0211102701855639,0.004777229898407457,0.2734375,0.5396449472203708,0.013946280991735538,0.0002108799489056464,8
star,30,0.35,0.75,29,1.9333333333333333,5.026153819992203,2.5997347344787256,1.0,29.0,58.0,928.0,0.9999999999999982,30.0,27.628543440831642,0.006,0.02275,0.20606497986484074,0.0011397298144360988,0.2125311568192202,0.10658533441284866,0.019360789337042668,0.021610270185563902,0.0033892106629573315,0.31690140845070425,0.5396449472203712,0.011923276308968377,0.0002108799489056464,9
star,30,0.35,0.75,29,1.9333333333333333,5.026153819992203,2.5997347344787256,1.0,29.0,58.0,928.0,0.9999999999999982,30.0,26.562286455651293,0.012666666666666666,0.02375,0.20606497986484074,0.0011397298144360988,0.20730847543299064,0.10658533441284866,0.018416779719317607,0.022610270185563903,0.005333220280682394,0.34074074074074073,0.5396449472203712,0.012677878395860284,0.0002108799489056464,10
star,30,0.35,0.75,29,1.9333333333333333,5.026153819992203,2.5997347344787256,1.0,29.0,58.0,928.0,0.9999999999999982,30.0,27.822781882474743,0.011,0.02025,0.20606497986484074,0.0011397298144360988,0.2013396967058711,0.10658533441284866,0.017337911584774674,0.019110270185563903,0.0029120884152253265,0.31496062992125984,0.5396449472203706,0.010586108959462949,0.0002108799489056464,11
star,30,0.35,0.75,29,1.9333333333333333,5.026153819992203,2.5997347344787256,1.0,29.0,58.0,928.0,0.9999999999999982,30.0,27.949224796097443,0.008333333333333333,0.02625,0.20606497986484074,0.0011397298144360988,0.21999213022811961,0.10658533441284866,0.020709374505221333,0.0251102701855639,0.005540625494778666,0.34210526315789475,0.5396449472203709,0.013773388773388774,0.0002108799489056464,12
star,30,0.35,0.75,29,1.9333333333333333,5.026153819992203,2.5997347344787256,1.0,29.0,58.0,928.0,0.9999999999999982,30.0,27.894830518808885,0.010333333333333333,0.021,0.20606497986484074,0.0011397298144360988,0.1938787232969717,0.10658533441284866,0.015989326416596013,0.019860270185563904,0.0050106735834039885,0.36752136752136755,0.539644947220371,0.010558846252897245,0.00021087994890564639,13
star,30,0.35,0.75,29,1.9333333333333333,5.026153819992203,2.5997347344787256,1.0,29.0,58.0,928.0,0.9999999999999982,30.0,27.50482011557516,0.009,0.02325,0.20606497986484074,0.0011397298144360988,0.2050701834103208,0.10658533441284866,0.018012204168864007,0.022110270185563902,0.005237795831135993,0.3787878787878788,0.5396449472203712,0.011116856256463288,0.0002108799489056464,14
star,30,0.35,0.75,29,1.9333333333333333,5.026153819992203,2.5997347344787256,1.0,29.0,58.0,928.0,0.9999999999999982,30.0,27.396645904321304,0.012333333333333333,0.0185,0.20606497986484074,0.0011397298144360988,0.21476944884189003,0.10658533441284866,0.019765364887496268,0.0173602701855639,-0.001265364887496269,0.22758620689655173,0.539644947220371,0.010635538261997406,0.00021087994890564639,15
star,30,0.35,0.75,29,1.9333333333333333,5.026153819992203,2.5997347344787256,1.0,29.0,58.0,928.0,0.9999999999999982,30.0,27.057596312296784,0.011666666666666667,0.023,0.20606497986484074,0.0011397298144360988,0.21999213022811961,0.10658533441284866,0.020709374505221333,0.021860270185563902,0.002290625494778667,0.3026315789473684,0.5396449472203709,0.011954261954261955,0.0002108799489056464,16
star,30,0.35,0.75,29,1.9333333333333333,5.026153819992203,2.5997347344787256,1.0,29.0,58.0,928.0,0.9999999999999982,30.0,27.977796253007764,0.009333333333333334,0.02325,0.20606497986484074,0.0011397298144360988,0.2125311568192202,0.10658533441284866,0.019360789337042668,0.022110270185563902,0.003889210662957332,0.31690140845070425,0.5396449472203712,0.012441679626749611,0.0002108799489056464,17
star,30,0.35,0.75,29,1.9333333333333333,5.026153819992203,2.5997347344787256,1.0,29.0,58.0,928.0,0.9999999999999982,30.0,27.10319964149859,0.009666666666666667,0.0225,0.20606497986484074,0.0011397298144360988,0.20283189138765095,0.10658533441284866,0.017607628618410406,0.0213602701855639,0.004892371381589593,0.37209302325581395,0.5396449472203712,0.0108499095840868,0.00021087994890564639,18
star,30,0.35,0.75,29,1.9333333333333333,5.026153819992203,2.5997347344787256,1.0,29.0,58.0,928.0,0.9999999999999982,30.0,26.78734150942788,0.014,0.022,0.20606497986484074,0.0011397298144360988,0.1976092100014214,0.10658533441284866,0.016663619000685345,0.0208602701855639,0.0053363809993146535,0.2540983606557377,0.5396449472203708,0.014698298091799896,0.00021087994890564639,19
star,30,0.35,1.25,29,1.9333333333333333,5.026153819992203,2.5997347344787256,1.0,29.0,58.0,928.0,0.9999999999999982,30.0,28.492429731902305,0.010666666666666666,0.0395,0.5724027218467799,0.015373858380865945,0.5882918318842509,0.2960703733690241,0.03595799336294462,0.024126141619134053,0.003542006637055381,0.8368794326241135,0.941317756900336,0.010365379632029024,0.0028779916374270737,0
star,30,0.35,1.25,29,1.9333333333333333,5.026153819992203,2.5997347344787256,1.0,29.0,58.0,928.0,0.9999999999999982,30.0,28.470850292955728,0.007666666666666666,0.0435,0.5724027218467799,0.015373858380865945,0.5737843835891687,0.2960703733690241,0.03431572377373453,0.02812614161913405,0.00918427622626547,0.8134328358208955,0.9413177569003359,0.016813243662700466,0.0028779916374270732,1
star,30,0.35,1.25,29,1.9333333333333333,5.026153819992203,2.5997347344787256,1.0,29.0,58.0,928.0,0.9999999999999982,30.0,26.386180432844224,0.014333333333333333,0.046,0.5724027218467799,0.015373858380865945,0.5779293688163352,0.2960703733690241,0.03478494365636598,0.030626141619134052,0.011215056343634018,0.8529411764705882,0.9413177569003361,0.017598343685300208,0.0028779916374270732,2
star,30,0.35,1.25,29,1.9333333333333333,5.026153819992203,2.5997347344787256,1.0,29.0,58.0,928.0,0.9999999999999982,30.0,25.737563690264157,0.011666666666666667,0.04125,0.5724027218467799,0.015373858380865945,0.5530594574533371,0.2960703733690241,0.03196962436057725,0.025876141619134055,0.009280375639422751,0.8467741935483871,0.9413177569003359,0.015479876160990712,0.0028779916374270732,3
star,30,0.35,1.25,29,1.9333333333333333,5.026153819992203,2.5997347344787256,1.0,29.0,58.0,928.0,0.9999999999999982,30.0,28.53702486666102,0.009,0.042,0.5724027218467799,0.015373858380865945,0.5986542949521667,0.2960703733690241,0.03713104306952326,0.026626141619134056,0.004868956930476745,0.8424657534246576,0.941317756900336,0.01167618059159315,0.0028779916374270732,4
star,30,0.35,1.25,29,1.9333333333333333,5.026153819992203,2.5997347344787256,1.0,29.0,58.0,928.0,0.9999999999999982,30.0,27.07807513713901,0.009666666666666667,0.04425,0.5724027218467799,0.015373858380865945,0.5737843835891688,0.2960703733690241,0.03431572377373453,0.02887614161913405,0.00993427622626547,0.8582089552238806,0.9413177569003359,0.01603724780134506,0.0028779916374270732,5
star,30,0.35,1.25,29,1.9333333333333333,5.026153819992203,2.5997347344787256,1.0,29.0,58.0,928.0,0.9999999999999982,30.0,24.29462427336549,0.016,0.04725,0.5724027218467799,0.015373858380865945,0.503319634727341,0.2960703733690241,0.026338985768999797,0.03187614161913405,0.020911014231000204,0.91,0.9413177569003359,0.025128205128205128,0.0028779916374270732,6
star,30,0.35,1.25,29,1.9333333333333333,5.026153819992203,2.5997347344787256,1.0,29.0,58.0,928.0,0.9999999999999982,30.0,27.751459522916985,0.008,0.0395,0.5724027218467799,0.015373858380865945,0.5489144722261707,0.2960703733690241,0.0315004044779458,0.024126141619134053,0.007999595522054204,0.8278688524590164,0.941317756900336,0.014698298091799896,0.0028779916374270732,7
star,30,0.35,1.25,29,1.9333333333333333,5.026153819992203,2.5997347344787256,1.0,29.0,58.0,928.0,0.9999999999999982,30.0,27.695992860536315,0.008666666666666666,0.039,0.5724027218467799,0.015373858380865945,0.5717118909755856,0.2960703733690241,0.034081113832418804,0.023626141619134053,0.004918886167581196,0.7744360902255639,0.941317756900336,0.013705715024566847,0.0028779916374270737,8
star,30,0.35,1.25,29,1.9333333333333333,5.026153819992203,2.5997347344787256,1.0,29.0,58.0,928.0,0.9999999999999982,30.0,27.653266602756673,0.011,0.0375,0.5724027218467799,0.015373858380865945,0.577929368816335,0.2960703733690241,0.03478494365636598,0.02212614161913405,0.0027150563436340175,0.7573529411764706,0.9413177569003361,0.012163561076604554,0.0028779916374270732,9
star,30,0.35,1.25,29,1.9333333333333333,5.026153819992203,2.5997347344787256,1.0,29.0,58.0,928.0,0.9999999999999982,30.0,28.82251939884502,0.006666666666666667,0.042,0.5724027218467799,0.015373858380865945,0.577929368816335,0.2960703733690241,0.03478494365636598,0.026626141619134056,0.0072150563436340215,0.8676470588235294,0.9413177569003361,0.012939958592132506,0.0028779916374270732,10
star,30,0.35,1.25,29,1.9333333333333333,5.026153819992203,2.5997347344787256,1.0,29.0,58.0,928.0,0.9999999999999982,30.0,25.652496269451163,0.014666666666666666,0.04475,0.5724027218467799,0.015373858380865945,0.5924368171114172,0.2960703733690241,0.036427213245576066,0.02937614161913405,0.008322786754423932,0.8601398601398601,0.9413177569003359,0.014519056261343012,0.0028779916374270732,11
star,30,0.35,1.25,29,1.9333333333333333,5.026153819992203,2.5997347344787256,1.0,29.0,58.0,928.0,0.9999999999999982,30.0,27.081124745934673,0.010666666666666666,0.03975,0.5724027218467799,0.015373858380865945,0.5447694869990044,0.2960703733690241,0.031031184595314343,0.024376141619134054,0.008718815404685658,0.7833333333333333,0.941317756900336,0.01675257731958763,0.0028779916374270732,12
star,30,0.35,1.25,29,1.9333333333333333,5.026153819992203,2.5997347344787256,1.0,29.0,58.0,928.0,0.9999999999999982,30.0,28.330453197866728,0.008333333333333333,0.037,0.5724027218467799,0.015373858380865945,0.5385520091582549,0.2960703733690241,0.030327354771367162,0.02162614161913405,0.006672645228632836,0.8205128205128205,0.9413177569003359,0.013391707442698944,0.0028779916374270737,13
star,30,0.35,1.25,29,1.9333333333333333,5.026153819992203,2.5997347344787256,1.0,29.0,58.0,928.0,0.9999999999999982,30.0,27.49794115747478,0.008,0.04325,0.5724027218467799,0.015373858380865945,0.5675669057484193,0.2960703733690241,0.03361189394978734,0.02787614161913405,0.009638106050212654,0.8396946564885496,0.941317756900336,0.016283277332644095,0.0028779916374270732,14
star,30,0.35,1.25,29,1.9333333333333333,5.026153819992203,2.5997347344787256,1.0,29.0,58.0,928.0,0.9999999999999982,30.0,27.885959197765718,0.009666666666666667,0.03975,0.5724027218467799,0.015373858380865945,0.5717118909755856,0.2960703733690241,0.034081113832418804,0.024376141619134054,0.005668886167581197,0.8120300751879699,0.941317756900336,0.013188518231186967,0.0028779916374270737,15
star,30,0.35,1.25,29,1.9333333333333333,5.026153819992203,2.5997347344787256,1.0,29.0,58.0,928.0,0.9999999999999982,30.0,28.847678990147035,0.007666666666666666,0.03825,0.5724027218467799,0.015373858380865945,0.5924368171114172,0.2960703733690241,0.036427213245576066,0.022876141619134052,0.001822786754423933,0.7902097902097902,0.9413177569003359,0.010370754472387866,0.0028779916374270732,16
star,30,0.35,1.25,29,1.9333333333333333,5.026153819992203,2.5997347344787256,1.0,29.0,58.0,928.0,0.9999999999999982,30.0,29.263252100721452,0.005333333333333333,0.03625,0.5724027218467799,0.015373858380865945,0.5841468466570846,0.2960703733690241,0.03548877348031316,0.02087614161913405,0.000761226519686839,0.7769784172661871,0.941317756900336,0.009583009583009583,0.0028779916374270732,17
star,30,0.35,1.25,29,1.9333333333333333,5.026153819992203,2.5997347344787256,1.0,29.0,58.0,928.0,0.9999999999999982,30.0,27.12214627699273,0.014666666666666666,0.049,0.5724027218467799,0.015373858380865945,0.5945093097250003,0.2960703733690241,0.036661823186891804,0.033626141619134055,0.012338176813108198,0.8402777777777778,0.9413177569003361,0.01945020746887967,0.0028779916374270732,18
star,30,0.35,1.25,29,1.9333333333333333,5.026153819992203,2.5997347344787256,1.0,29.0,58.0,928.0,0.9999999999999982,30.0,26.120525530295527,0.015333333333333332,0.04525,0.5724027218467799,0.015373858380865945,0.5737843835891687,0.2960703733690241,0.03431572377373453,0.02987614161913405,0.010934276226265471,0.8582089552238806,0.9413177569003359,0.017071908949818936,0.0028779916374270732,19
star,30,0.35,1.75,29,1.9333333333333333,5.026153819992203,2.5997347344787256,1.0,29.0,58.0,928.0,0.9999999999999982,30.0,26.784970601190054,0.013,0.06275,1.1219093348196885,0.08044422061331276,1.2221074443777227,0.5802979318032871,0.05435073621801433,-0.01769422061331276,0.008399263781985668,0.9936708860759493,0.9889957706499507,0.024466423737636647,0.015914006535493262,0
star,30,0.35,1.75,29,1.9333333333333333,5.026153819992203,2.5997347344787256,1.0,29.0,58.0,928.0,0.9999999999999982,30.0,28.24479152049572,0.008666666666666666,0.05425,1.1219093348196885,0.08044422061331276,1.1774245036288693,0.5802979318032871,0.05167476136669958,-0.02619422061331276,0.0025752386333004196,1.0,0.9889957706499507,0.018167661562418894,0.015914006535493262,1
star,30,0.35,1.75,29,1.9333333333333333,5.026153819992203,2.5997347344787256,1.0,29.0,58.0,928.0,0.9999999999999982,30.0,26.727237532660254,0.013333333333333334,0.05475,1.1219093348196885,0.08044422061331276,1.1246173918347704,0.5802979318032871,0.048512245633327594,-0.02569422061331276,0.006237754366672406,0.9701492537313433,0.9889957706499508,0.023021210553543715,0.015914006535493266,2
star,30,0.35,1.75,29,1.9333333333333333,5.026153819992203,2.5997347344787256,1.0,29.0,58.0,928.0,0.9999999999999982,30.0,27.768556671676137,0.009666666666666667,0.05,1.1219093348196885,0.08044422061331276,1.1489899049705083,0.5802979318032871,0.049971868279499274,-0.030444220613312756,2.8131720500729207e-05,0.9928571428571429,0.9889957706499507,0.015803108808290157,0.015914006535493262,3
star,30,0.35,1.75,29,1.9333333333333333,5.026153819992203,2.5997347344787256,1.0,29.0,58.0,928.0,0.9999999999999982,30.0,28.69336940365753,0.008333333333333333,0.0465,1.1219093348196885,0.08044422061331276,1.0839965366085402,0.5802979318032871,0.04607954122304145,-0.03394422061331276,0.0004204587769585516,1.0,0.9889957706499505,0.015995872033023734,0.015914006535493266,4
star,30,0.35,1.75,29,1.9333333333333333,5.026153819992203,2.5997347344787256,1.0,29.0,58.0,928.0,0.9999999999999982,30.0,27.311469172590026,0.008666666666666666,0.04975,1.1219093348196885,0.08044422061331276,1.1043069642216556,0.5802979318032871,0.047295893428184514,-0.030694220613312756,0.0024541065718154884,0.9922480620155039,0.9889957706499508,0.01834151382071816,0.015914006535493266,5
star,30,0.35,1.75,29,1.9333333333333333,5.026153819992203,2.5997347344787256,1.0,29.0,58.0,928.0,0.9999999999999982,30.0,26.977200708887814,0.011,0.0495,1.1219093348196885,0.08044422061331276,1.1489899049705086,0.5802979318032871,0.049971868279499274,-0.030944220613312756,-0.00047186827949927124,0.9857142857142858,0.9889957706499507,0.015544041450777202,0.015914006535493262,6
star,30,0.35,1.75,29,1.9333333333333333,5.026153819992203,2.5997347344787256,1.0,29.0,58.0,928.0,0.9999999999999982,30.0,27.747266175656907,0.012666666666666666,0.0495,1.1219093348196885,0.08044422061331276,1.0758723655632942,0.5802979318032871,0.04559300034098422,-0.030944220613312756,0.003906999659015781,0.9918032786885246,0.9889957706499505,0.019855595667870037,0.015914006535493262,7
star,30,0.35,1.75,29,1.9333333333333333,5.026153819992203,2.5997347344787256,1.0,29.0,58.0,928.0,0.9999999999999982,30.0,27.098564716739553,0.014666666666666666,0.052,1.1219093348196885,0.08044422061331276,1.1205553063121472,0.5802979318032871,0.04826897519229897,-0.02844422061331276,0.0037310248077010305,1.0,0.9889957706499508,0.019394879751745538,0.015914006535493262,8
star,30,0.35,1.75,29,1.9333333333333333,5.026153819992203,2.5997347344787256,1.0,29.0,58.0,928.0,0.9999999999999982,30.0,26.16278319425169,0.009666666666666667,0.05925,1.1219093348196885,0.08044422061331276,1.1489899049705083,0.5802979318032871,0.049971868279499274,-0.02119422061331276,0.009278131720500724,0.9928571428571429,0.9889957706499507,0.02538860103626943,0.015914006535493262,9
star,30,0.35,1.75,29,1.9333333333333333,5.026153819992203,2.5997347344787256,1.0,29.0,58.0,928.0,0.9999999999999982,30.0,27.022811568961522,0.014666666666666666,0.04675,1.1219093348196885,0.08044422061331276,1.0839965366085402,0.5802979318032871,0.04607954122304145,-0.03369422061331276,0.0006704587769585518,1.0,0.9889957706499505,0.016253869969040248,0.015914006535493266,10
star,30,0.35,1.75,29,1.9333333333333333,5.026153819992203,2.5997347344787256,1.0,29.0,58.0,928.0,0.9999999999999982,30.0,25.83939022729652,0.014333333333333333,0.05325,1.1219093348196885,0.08044422061331276,1.1043069642216554,0.5802979318032871,0.04729589342818452,-0.02719422061331276,0.005954106571815478,0.9922480620155039,0.9889957706499508,0.021958150348747093,0.015914006535493266,11
star,30,0.35,1.75,29,1.9333333333333333,5.026153819992203,2.5997347344787256,1.0,29.0,58.0,928.0,0.9999999999999982,30.0,26.04577791080165,0.01,0.05775,1.1219093348196885,0.08044422061331276,1.1489899049705083,0.5802979318032871,0.04997186827949928,-0.022694220613312756,0.007778131720500722,1.0,0.9889957706499507,0.023575129533678758,0.015914006535493262,12
star,30,0.35,1.75,29,1.9333333333333333,5.026153819992203,2.5997347344787256,1.0,29.0,58.0,928.0,0.9999999999999982,30.0,29.344963511620854,0.008666666666666666,0.04,1.1219093348196885,0.08044422061331276,1.0718102800406715,0.5802979318032871,0.04534972989995561,-0.04044422061331276,-0.0053497298999556075,0.9834710743801653,0.9889957706499505,0.010569734467646301,0.015914006535493262,13
star,30,0.35,1.75,29,1.9333333333333333,5.026153819992203,2.5997347344787256,1.0,29.0,58.0,928.0,0.9999999999999982,30.0,28.409035029316094,0.007333333333333333,0.0455,1.1219093348196885,0.08044422061331276,1.1083690497442782,0.5802979318032871,0.04753916386921313,-0.03494422061331276,-0.0020391638692131286,0.9846153846153847,0.9889957706499508,0.013953488372093023,0.015914006535493262,14
star,30,0.35,1.75,29,1.9333333333333333,5.026153819992203,2.5997347344787256,1.0,29.0,58.0,928.0,0.9999999999999982,30.0,26.985057148171656,0.011666666666666667,0.0555,1.1219093348196885,0.08044422061331276,1.1571140760157546,0.5802979318032871,0.0504584091615565,-0.024944220613312758,0.005041590838443501,0.971830985915493,0.9889957706499507,0.02177293934681182,0.015914006535493266,15
star,30,0.35,1.75,29,1.9333333333333333,5.026153819992203,2.5997347344787256,1.0,29.0,58.0,928.0,0.9999999999999982,30.0,27.587077309679945,0.008333333333333333,0.05425,1.1219093348196885,0.08044422061331276,1.1449278194478851,0.5802979318032871,0.04972859783847066,-0.02619422061331276,0.004521402161529339,0.9568345323741008,0.9889957706499508,0.021756021756021756,0.015914006535493266,16
star,30,0.35,1.75,29,1.9333333333333333,5.026153819992203,2.5997347344787256,1.0,29.0,58.0,928.0,0.9999999999999982,30.0,27.052463002418147,0.01,0.0515,1.1219093348196885,0.08044422061331276,1.0677481945180483,0.5802979318032871,0.04510645945892699,-0.02894422061331276,0.006393540541073009,0.9916666666666667,0.9889957706499505,0.022422680412371134,0.015914006535493262,17
star,30,0.35,1.75,29,1.9333333333333333,5.026153819992203,2.5997347344787256,1.0,29.0,58.0,928.0,0.9999999999999982,30.0,27.591398875448167,0.007666666666666666,0.04575,1.1219093348196885,0.08044422061331276,1.0839965366085402,0.5802979318032871,0.04607954122304145,-0.03469422061331276,-0.00032954122304144906,0.9758064516129032,0.9889957706499505,0.015995872033023734,0.015914006535493266,18
star,30,0.35,1.75,29,1.9333333333333333,5.026153819992203,2.5997347344787256,1.0,29.0,58.0,928.0,0.9999999999999982,30.0,28.494976556079706,0.010333333333333333,0.05025,1.1219093348196885,0.08044422061331276,1.1408657339252626,0.5802979318032871,0.04948532739744205,-0.030194220613312756,0.0007646726025579559,0.9927536231884058,0.9889957706499508,0.016571724495080268,0.015914006535493262,19
star,30,0.35,2.5,29,1.9333333333333333,5.026153819992203,2.5997347344787256,1.0,29.0,58.0,928.0,0.9999999999999982,30.0,27.872897696439864,0.011,0.062,2.2896108873871195,0.3521526693689823,2.3448773570826704,1.1842814934760963,0.12304890098625651,-0.2901526693689823,-0.06104890098625651,1.0,0.9982124974877312,0.027979274611398965,0.09130721613905275,0
star,30,0.35,2.5,29,1.9333333333333333,5.026153819992203,2.5997347344787256,1.0,29.0,58.0,928.0,0.9999999999999982,30.0,27.567586221410217,0.009333333333333334,0.066,2.2896108873871195,0.3521526693689823,2.2951375343566753,1.1842814934760963,0.12168854306423349,-0.2861526693689823,-0.05568854306423349,1.0,0.9982124974877312,0.03362648732540093,0.09130721613905275,1
star,30,0.35,2.5,29,1.9333333333333333,5.026153819992203,2.5997347344787256,1.0,29.0,58.0,928.0,0.9999999999999982,30.0,27.09833774369863,0.016,0.05475,2.2896108873871195,0.3521526693689823,2.15420803663302,1.1842814934760963,0.11783419561850161,-0.2974026693689823,-0.06308419561850162,1.0,0.9982124974877313,0.026268349214524853,0.09130721613905277,2
star,30,0.35,2.5,29,1.9333333333333333,5.026153819992203,2.5997347344787256,1.0,29.0,58.0,928.0,0.9999999999999982,30.0,27.59575926603881,0.01,0.06475,2.2896108873871195,0.3521526693689823,2.270267622993677,1.1842814934760963,0.12100836410322198,-0.2874026693689823,-0.05625836410322198,1.0,0.9982124974877311,0.03308348410441975,0.09130721613905277,3
star,30,0.35,2.5,29,1.9333333333333333,5.026153819992203,2.5997347344787256,1.0,29.0,58.0,928.0,0.9999999999999982,30.0,27.936036526760326,0.005,0.06075,2.2896108873871195,0.3521526693689823,2.2868475639023425,1.1842814934760963,0.12146181674389632,-0.2914026693689823,-0.06071181674389632,1.0,0.9982124974877313,0.028445823635893458,0.09130721613905277,4
star,30,0.35,2.5,29,1.9333333333333333,5.026153819992203,2.5997347344787256,1.0,29.0,58.0,928.0,0.9999999999999982,30.0,27.20255885489957,0.007,0.0615,2.2896108873871195,0.3521526693689823,2.195657888904683,1.1842814934760963,0.11896782722018745,-0.2906526693689823,-0.05746782722018745,1.0,0.9982124974877313,0.03197524497163486,0.09130721613905277,5
star,30,0.35,2.5,29,1.9333333333333333,5.026153819992203,2.5997347344787256,1.0,29.0,58.0,928.0,0.9999999999999982,30.0,28.44201393425344,0.006333333333333333,0.057,2.2896108873871195,0.3521526693689823,2.1624980070873523,1.1842814934760963,0.11806092193883878,-0.2951526693689823,-0.06106092193883878,1.0,0.9982124974877312,0.02833590932509016,0.09130721613905277,6
star,30,0.35,2.5,29,1.9333333333333333,5.026153819992203,2.5997347344787256,1.0,29.0,58.0,928.0,0.9999999999999982,30.0,29.311750264375977,0.005666666666666667,0.0595,2.2896108873871195,0.3521526693689823,2.270267622993677,1.1842814934760963,0.12100836410322198,-0.2926526693689823,-0.06150836410322198,1.0,0.9982124974877311,0.027655724993538383,0.09130721613905277,7
star,30,0.35,2.5,29,1.9333333333333333,5.026153819992203,2.5997347344787256,1.0,29.0,58.0,928.0,0.9999999999999982,30.0,27.930051753957574,0.009333333333333334,0.06275,2.2896108873871195,0.3521526693689823,2.1624980070873523,1.1842814934760963,0.11806092193883878,-0.2894026693689823,-0.055310921938838783,1.0,0.9982124974877312,0.03426069036579083,0.09130721613905277,8
star,30,0.35,2.5,29,1.9333333333333333,5.026153819992203,2.5997347344787256,1.0,29.0,58.0,928.0,0.9999999999999982,30.0,28.291853914599585,0.013666666666666667,0.0615,2.2896108873871195,0.3521526693689823,2.2122378298133483,1.1842814934760963,0.1194212798608618,-0.2906526693689823,-0.057921279860861805,1.0,0.9982124974877313,0.03147574819401445,0.09130721613905277,9
star,30,0.35,2.5,29,1.9333333333333333,5.026153819992203,2.5997347344787256,1.0,29.0,58.0,928.0,0.9999999999999982,30.0,29.4892773394741,0.006666666666666667,0.0565,2.2896108873871195,0.3521526693689823,2.245397711630679,1.1842814934760963,0.12032818514221047,-0.2956526693689823,-0.06382818514221048,1.0,0.9982124974877314,0.0253099173553719,0.09130721613905277,10
star,30,0.35,2.5,29,1.9333333333333333,5.026153819992203,2.5997347344787256,1.0,29.0,58.0,928.0,0.9999999999999982,30.0,27.72074600255374,0.008,0.06075,2.2896108873871195,0.3521526693689823,2.3117174752653407,1.1842814934760963,0.12214199570490783,-0.2914026693689823,-0.06139199570490783,1.0,0.9982124974877313,0.02769151138716356,0.09130721613905275,11
star,30,0.35,2.5,29,1.9333333333333333,5.026153819992203,2.5997347344787256,1.0,29.0,58.0,928.0,0.9999999999999982,30.0,28.653245480110293,0.009,0.05175,2.2896108873871195,0.3521526693689823,2.145918066178687,1.1842814934760963,0.11760746929816444,-0.3004026693689823,-0.06585746929816444,1.0,0.9982124974877313,0.023429454170957775,0.09130721613905277,12
star,30,0.35,2.5,29,1.9333333333333333,5.026153819992203,2.5997347344787256,1.0,29.0,58.0,928.0,0.9999999999999982,30.0,27.892726972786118,0.007666666666666666,0.07425,2.2896108873871195,0.3521526693689823,2.56041658889532,1.1842814934760963,0.12894378531502293,-0.27790266936898234,-0.05469378531502293,1.0,0.9982124974877312,0.0341679707876891,0.09130721613905275,13
star,30,0.35,2.5,29,1.9333333333333333,5.026153819992203,2.5997347344787256,1.0,29.0,58.0,928.0,0.9999999999999982,30.0,29.479158129627145,0.007666666666666666,0.05525,2.2896108873871195,0.3521526693689823,2.2122378298133483,1.1842814934760963,0.11942127986086179,-0.2969026693689823,-0.0641712798608618,1.0,0.9982124974877313,0.02502579979360165,0.09130721613905277,14
star,30,0.35,2.5,29,1.9333333333333333,5.026153819992203,2.5997347344787256,1.0,29.0,58.0,928.0,0.9999999999999982,30.0,27.887883753761052,0.011,0.06675,2.2896108873871195,0.3521526693689823,2.31171747526534,1.1842814934760963,0.12214199570490783,-0.2854026693689823,-0.055391995704907826,1.0,0.9982124974877313,0.03390269151138716,0.09130721613905275,15
star,30,0.35,2.5,29,1.9333333333333333,5.026153819992203,2.5997347344787256,1.0,29.0,58.0,928.0,0.9999999999999982,30.0,26.009395717957506,0.011333333333333334,0.07375,2.2896108873871195,0.3521526693689823,2.3448773570826704,1.1842814934760963,0.1230489009862565,-0.27840266936898234,-0.0492989009862565,1.0,0.9982124974877312,0.04015544041450777,0.09130721613905275,16
star,30,0.35,2.5,29,1.9333333333333333,5.026153819992203,2.5997347344787256,1.0,29.0,58.0,928.0,0.9999999999999982,30.0,28.368799810402894,0.009666666666666667,0.069,2.2896108873871195,0.3521526693689823,2.43606703208033,1.1842814934760963,0.12554289050996537,-0.2831526693689823,-0.05654289050996536,1.0,0.9982124974877311,0.03247596778383996,0.09130721613905275,17
star,30,0.35,2.5,29,1.9333333333333333,5.026153819992203,2.5997347344787256,1.0,29.0,58.0,928.0,0.9999999999999982,30.0,28.304874632889014,0.007333333333333333,0.06425,2.2896108873871195,0.3521526693689823,2.411197120717332,1.1842814934760963,0.12486271154895386,-0.28790266936898234,-0.060612711548953854,1.0,0.9982124974877312,0.02829698857736241,0.09130721613905275,18
star,30,0.35,2.5,29,1.9333333333333333,5.026153819992203,2.5997347344787256,1.0,29.0,58.0,928.0,0.9999999999999982,30.0,27.58968077821669,0.009,0.069,2.2896108873871195,0.3521526693689823,2.419487091171665,1.1842814934760963,0.12508943786929103,-0.2831526693689823,-0.05608943786929102,1.0,0.9982124974877313,0.032978447156582706,0.09130721613905275,19
star,60,0.15,0.75,59,1.9666666666666666,7.425107556272989,3.775478418443893,1.0,59.0,118.0,3658.0,0.9999999999999981,60.0,10.464257672534861,0.010666666666666666,0.03275,0.574822709149008,0.015538256956662196,0.6143783057446855,0.2922827334655973,0.02153545732570947,0.017211743043337807,0.01121454267429053,0.9868421052631579,0.9896559796008879,0.014271151885830785,0.002784906945252394,0
star,60,0.15,0.75,59,1.9666666666666666,7.425107556272989,3.775478418443893,1.0,59.0,118.0,3658.0,0.9999999999999981,60.0,10.65325465057663,0.010333333333333333,0.02425,0.574822709149008,0.015538256956662196,0.5677592097569228,0.2922827334655973,0.018821561875906476,0.008711743043337805,0.005428438124093524,0.9846153846153847,0.9896559796008882,0.008386277001270648,0.002784906945252394,1
star,60,0.15,0.75,59,1.9666666666666666,7.425107556272989,3.775478418443893,1.0,59.0,118.0,3658.0,0.9999999999999981,60.0,9.931232404830153,0.011333333333333334,0.02775,0.574822709149008,0.015538256956662196,0.5550449108511694,0.2922827334655973,0.01808140857141475,0.012211743043337804,0.009668591428585251,1.0,0.9896559796008885,0.01244286439817166,0.0027849069452523943,2
star,60,0.15,0.75,59,1.9666666666666666,7.425107556272989,3.775478418443893,1.0,59.0,118.0,3658.0,0.9999999999999981,60.0,10.744239818107438,0.007666666666666666,0.02875,0.574822709149008,0.015538256956662196,0.571997309392174,0.2922827334655973,0.019068279644070384,0.013211743043337805,0.009681720355929617,0.9545454545454546,0.9896559796008882,0.013218098627351297,0.0027849069452523943,3
star,60,0.15,0.75,59,1.9666666666666666,7.425107556272989,3.775478418443893,1.0,59.0,118.0,3658.0,0.9999999999999981,60.0,10.168877947333463,0.012,0.03225,0.574822709149008,0.015538256956662196,0.627092604650439,0.2922827334655973,0.0222756106302012,0.016711743043337807,0.0099743893697988,0.9873417721518988,0.9896559796008877,0.013006885998469778,0.0027849069452523943,4
star,60,0.15,0.75,59,1.9666666666666666,7.425107556272989,3.775478418443893,1.0,59.0,118.0,3658.0,0.9999999999999981,60.0,9.918571800635569,0.012,0.03125,0.574822709149008,0.015538256956662196,0.5635211101216716,0.2922827334655973,0.018574844107742565,0.015711743043337806,0.012675155892257435,1.0,0.9896559796008882,0.015497967479674796,0.0027849069452523943,5
star,60,0.15,0.75,59,1.9666666666666666,7.425107556272989,3.775478418443893,1.0,59.0,118.0,3658.0,0.9999999999999981,60.0,11.232823181971346,0.006,0.0285,0.574822709149008,0.015538256956662196,0.5804735086626763,0.2922827334655973,0.0195617151803982,0.012961743043337805,0.0089382848196018,1.0,0.989655979600888,0.011698880976602238,0.0027849069452523943,6
star,60,0.15,0.75,59,1.9666666666666666,7.425107556272989,3.775478418443893,1.0,59.0,118.0,3658.0,0.9999999999999981,60.0,10.439410886363302,0.01,0.0275,0.574822709149008,0.015538256956662196,0.5889497079331786,0.2922827334655973,0.02005515071672602,0.011961743043337804,0.007444849283273981,1.0,0.9896559796008879,0.010178117048346057,0.0027849069452523943,7
star,60,0.15,0.75,59,1.9666666666666666,7.425107556272989,3.775478418443893,1.0,59.0,118.0,3658.0,0.9999999999999981,60.0,11.006177768050948,0.009666666666666667,0.0285,0.574822709149008,0.015538256956662196,0.5804735086626763,0.2922827334655973,0.019561715180398197,0.012961743043337805,0.008938284819601804,0.9852941176470589,0.989655979600888,0.011953204476093592,0.0027849069452523943,8
star,60,0.15,0.75,59,1.9666666666666666,7.425107556272989,3.775478418443893,1.0,59.0,118.0,3658.0,0.9999999999999981,60.0,10.517692410844331,0.007666666666666666,0.029,0.574822709149008,0.015538256956662196,0.5889497079331786,0.2922827334655973,0.02005515071672602,0.013461743043337806,0.008944849283273982,1.0,0.9896559796008879,0.011704834605597965,0.0027849069452523943,9
star,60,0.15,0.75,59,1.9666666666666666,7.425107556272989,3.775478418443893,1.0,59.0,118.0,3658.0,0.9999999999999981,60.0,9.884478866931437,0.013666666666666667,0.02975,0.574822709149008,0.015538256956662196,0.5550449108511694,0.2922827334655973,0.018081408571414746,0.014211743043337803,0.011668591428585253,0.9838709677419355,0.9896559796008885,0.014728288471305232,0.0027849069452523943,10
star,60,0.15,0.75,59,1.9666666666666666,7.425107556272989,3.775478418443893,1.0,59.0,118.0,3658.0,0.9999999999999981,60.0,10.255354053694175,0.009,0.02825,0.574822709149008,0.015538256956662196,0.5804735086626763,0.2922827334655973,0.0195617151803982,0.012711743043337805,0.0086882848196018,0.9705882352941176,0.989655979600888,0.011953204476093592,0.0027849069452523943,11
star,60,0.15,0.75,59,1.9666666666666666,7.425107556272989,3.775478418443893,1.0,59.0,118.0,3658.0,0.9999999999999981,60.0,10.273714336162827,0.011333333333333334,0.028,0.574822709149008,0.015538256956662196,0.6016640068389321,0.2922827334655973,0.020795304021217747,0.012461743043337805,0.007204695978782254,1.0,0.9896559796008881,0.009931245225362872,0.002784906945252394,12
star,60,0.15,0.75,59,1.9666666666666666,7.425107556272989,3.775478418443893,1.0,59.0,118.0,3658.0,0.9999999999999981,60.0,10.12795035963336,0.014333333333333333,0.03025,0.574822709149008,0.015538256956662196,0.5847116082979275,0.2922827334655973,0.019808432948562108,0.014711743043337803,0.010441567051437891,1.0,0.989655979600888,0.013228186212159756,0.002784906945252394,13
star,60,0.15,0.75,59,1.9666666666666666,7.425107556272989,3.775478418443893,1.0,59.0,118.0,3658.0,0.9999999999999981,60.0,10.652053990096404,0.004333333333333333,0.02975,0.574822709149008,0.015538256956662196,0.5847116082979275,0.2922827334655973,0.01980843294856211,0.014211743043337803,0.009941567051437887,0.9855072463768116,0.989655979600888,0.012973798015772068,0.002784906945252394,14
star,60,0.15,0.75,59,1.9666666666666666,7.425107556272989,3.775478418443893,1.0,59.0,118.0,3658.0,0.9999999999999981,60.0,10.494713508620304,0.008333333333333333,0.0295,0.574822709149008,0.015538256956662196,0.571997309392174,0.2922827334655973,0.019068279644070384,0.013961743043337803,0.010431720355929614,1.0,0.9896559796008882,0.013218098627351297,0.0027849069452523943,15
star,60,0.15,0.75,59,1.9666666666666666,7.425107556272989,3.775478418443893,1.0,59.0,118.0,3658.0,0.9999999999999981,60.0,10.034127937337631,0.010666666666666666,0.024,0.574822709149008,0.015538256956662196,0.5041877152281554,0.2922827334655973,0.01512079535344784,0.008461743043337805,0.00887920464655216,0.98,0.9896559796008882,0.01189873417721519,0.002784906945252394,16
star,60,0.15,0.75,59,1.9666666666666666,7.425107556272989,3.775478418443893,1.0,59.0,118.0,3658.0,0.9999999999999981,60.0,9.93609329528994,0.010333333333333333,0.035,0.574822709149008,0.015538256956662196,0.6440450031914436,0.2922827334655973,0.023262481702856833,0.01946174304333781,0.01173751829714317,0.9879518072289156,0.989655979600888,0.014807250446770488,0.0027849069452523943,17
star,60,0.15,0.75,59,1.9666666666666666,7.425107556272989,3.775478418443893,1.0,59.0,118.0,3658.0,0.9999999999999981,60.0,10.610089672614032,0.007666666666666666,0.02875,0.574822709149008,0.015538256956662196,0.571997309392174,0.2922827334655973,0.01906827964407038,0.013211743043337805,0.00968172035592962,0.9848484848484849,0.9896559796008882,0.012709710218607015,0.0027849069452523943,18
star,60,0.15,0.75,59,1.9666666666666666,7.425107556272989,3.775478418443893,1.0,59.0,118.0,3658.0,0.9999999999999981,60.0,10.60454179816519,0.007,0.0265,0.574822709149008,0.015538256956662196,0.5931878075684298,0.2922827334655973,0.020301868484889928,0.010961743043337803,0.006198131515110072,0.9577464788732394,0.9896559796008878,0.009671672181216595,0.002784906945252394,19
star,60,0.15,1.25,59,1.9666666666666666,7.425107556272989,3.775478418443893,1.0,59.0,118.0,3658.0,0.9999999999999981,60.0,10.336028234580914,0.009666666666666667,0.036,1.5967297476361333,0.17761948666571056,1.4711564251101734,0.8118964818488814,0.05028255293329096,-0.14161948666571056,-0.014282552933290962,1.0,0.9992367634231973,0.02231237322515213,0.03680855805818072,0
star,60,0.15,1.25,59,1.9666666666666666,7.425107556272989,3.775478418443893,1.0,59.0,118.0,3658.0,0.9999999999999981,60.0,10.81075455356839,0.006333333333333333,0.03425,1.5967297476361333,0.17761948666571056,1.5182464210574085,0.8118964818488814,0.05124498113865597,-0.14336948666571056,-0.016994981138655968,1.0,0.9992367634231974,0.01954314720812183,0.03680855805818072,1
star,60,0.15,1.25,59,1.9666666666666666,7.425107556272989,3.775478418443893,1.0,59.0,118.0,3658.0,0.9999999999999981,60.0,9.910447195359506,0.008333333333333333,0.04175,1.5967297476361333,0.17761948666571056,1.6712889078859225,0.8118964818488814,0.054372872806092286,-0.13586948666571055,-0.012622872806092283,1.0,0.9992367634231974,0.02393684746625923,0.03680855805818073,2
star,60,0.15,1.25,59,1.9666666666666666,7.425107556272989,3.775478418443893,1.0,59.0,118.0,3658.0,0.9999999999999981,60.0,10.556830918249613,0.010666666666666666,0.0365,1.5967297476361333,0.17761948666571056,1.647743909912305,0.8118964818488814,0.05389165870340978,-0.14111948666571056,-0.01739165870340978,1.0,0.9992367634231974,0.019088826673453806,0.03680855805818073,3
star,60,0.15,1.25,59,1.9666666666666666,7.425107556272989,3.775478418443893,1.0,59.0,118.0,3658.0,0.9999999999999981,60.0,9.9787654546094,0.010333333333333333,0.042,1.5967297476361333,0.17761948666571056,1.6241989119386877,0.8118964818488814,0.05341044460072727,-0.13561948666571055,-0.011410444600727265,1.0,0.9992367634231974,0.025184431442381073,0.03680855805818072,4
star,60,0.15,1.25,59,1.9666666666666666,7.425107556272989,3.775478418443893,1.0,59.0,118.0,3658.0,0.9999999999999981,60.0,9.420984158627425,0.01633333333333333,0.0435,1.5967297476361333,0.17761948666571056,1.541791419031026,0.8118964818488814,0.051726195241338487,-0.13411948666571055,-0.00822619524133849,1.0,0.9992367634231974,0.028440832910106652,0.03680855805818072,5
star,60,0.15,1.25,59,1.9666666666666666,7.425107556272989,3.775478418443893,1.0,59.0,118.0,3658.0,0.9999999999999981,60.0,10.52260887188214,0.008666666666666666,0.0335,1.5967297476361333,0.17761948666571056,1.6241989119386877,0.8118964818488814,0.05341044460072726,-0.14411948666571056,-0.01991044460072726,1.0,0.9992367634231974,0.016535232765199696,0.03680855805818072,6
star,60,0.15,1.25,59,1.9666666666666666,7.425107556272989,3.775478418443893,1.0,59.0,118.0,3658.0,0.9999999999999981,60.0,10.065586208519557,0.008666666666666666,0.03575,1.5967297476361333,0.17761948666571056,1.5064739220705996,0.8118964818488814,0.05100437408731472,-0.14186948666571056,-0.015254374087314726,1.0,0.9992367634231973,0.021314387211367674,0.03680855805818072,7
star,60,0.15,1.25,59,1.9666666666666666,7.425107556272989,3.775478418443893,1.0,59.0,118.0,3658.0,0.9999999999999981,60.0,9.985402210165072,0.010333333333333333,0.03825,1.5967297476361333,0.17761948666571056,1.6241989119386877,0.8118964818488814,0.05341044460072727,-0.13936948666571056,-0.015160444600727269,1.0,0.9992367634231974,0.021368608496565758,0.03680855805818072,8
star,60,0.15,1.25,59,1.9666666666666666,7.425107556272989,3.775478418443893,1.0,59.0,118.0,3658.0,0.9999999999999981,60.0,10.28095520401469,0.007666666666666666,0.038,1.5967297476361333,0.17761948666571056,1.6124264129518788,0.8118964818488814,0.05316983754938602,-0.13961948666571056,-0.015169837549386021,1.0,0.9992367634231973,0.021363173957273652,0.03680855805818072,9
star,60,0.15,1.25,59,1.9666666666666666,7.425107556272989,3.775478418443893,1.0,59.0,118.0,3658.0,0.9999999999999981,60.0,10.536438396159138,0.010333333333333333,0.03625,1.5967297476361333,0.17761948666571056,1.541791419031026,0.8118964818488814,0.051726195241338487,-0.14136948666571056,-0.015476195241338489,1.0,0.9992367634231974,0.021076688674454037,0.03680855805818072,10
star,60,0.15,1.25,59,1.9666666666666666,7.425107556272989,3.775478418443893,1.0,59.0,118.0,3658.0,0.9999999999999981,60.0,9.800355710971536,0.011666666666666667,0.0425,1.5967297476361333,0.17761948666571056,1.6124264129518788,0.8118964818488814,0.053169837549386006,-0.13511948666571055,-0.010669837549386003,1.0,0.9992367634231973,0.025940996948118005,0.03680855805818072,11
star,60,0.15,1.25,59,1.9666666666666666,7.425107556272989,3.775478418443893,1.0,59.0,118.0,3658.0,0.9999999999999981,60.0,9.77839610092562,0.014666666666666666,0.04425,1.5967297476361333,0.17761948666571056,1.6124264129518788,0.8118964818488814,0.053169837549386006,-0.13336948666571058,-0.008919837549386009,1.0,0.9992367634231973,0.027721261444557478,0.03680855805818072,12
star,60,0.15,1.25,59,1.9666666666666666,7.425107556272989,3.775478418443893,1.0,59.0,118.0,3658.0,0.9999999999999981,60.0,10.586947925790312,0.008666666666666666,0.0325,1.5967297476361333,0.17761948666571056,1.6124264129518788,0.8118964818488814,0.053169837549386006,-0.14511948666571056,-0.020669837549386005,1.0,0.9992367634231973,0.015768056968463885,0.03680855805818072,13
star,60,0.15,1.25,59,1.9666666666666666,7.425107556272989,3.775478418443893,1.0,59.0,118.0,3658.0,0.9999999999999981,60.0,10.428009393407313,0.008333333333333333,0.03675,1.5967297476361333,0.17761948666571056,1.5771089159914522,0.8118964818488814,0.05244801639536224,-0.14086948666571056,-0.015698016395362245,1.0,0.9992367634231973,0.020838627700127066,0.03680855805818072,14
star,60,0.15,1.25,59,1.9666666666666666,7.425107556272989,3.775478418443893,1.0,59.0,118.0,3658.0,0.9999999999999981,60.0,9.60524728208598,0.011666666666666667,0.04325,1.5967297476361333,0.17761948666571056,1.647743909912305,0.8118964818488814,0.05389165870340978,-0.13436948666571058,-0.01064165870340978,1.0,0.9992367634231974,0.025960804275897174,0.03680855805818073,15
star,60,0.15,1.25,59,1.9666666666666666,7.425107556272989,3.775478418443893,1.0,59.0,118.0,3658.0,0.9999999999999981,60.0,10.566660797567154,0.006,0.0355,1.5967297476361333,0.17761948666571056,1.4829289240969823,0.8118964818488814,0.050523159984632214,-0.14211948666571056,-0.015023159984632217,1.0,0.9992367634231973,0.02155718995688562,0.03680855805818072,16
star,60,0.15,1.25,59,1.9666666666666666,7.425107556272989,3.775478418443893,1.0,59.0,118.0,3658.0,0.9999999999999981,60.0,9.630938120171596,0.011333333333333334,0.03775,1.5967297476361333,0.17761948666571056,1.5300189200442171,0.8118964818488814,0.05148558818999723,-0.13986948666571056,-0.013735588189997233,1.0,0.9992367634231974,0.02284843869002285,0.03680855805818072,17
star,60,0.15,1.25,59,1.9666666666666666,7.425107556272989,3.775478418443893,1.0,59.0,118.0,3658.0,0.9999999999999981,60.0,9.989929876813285,0.012666666666666666,0.04175,1.5967297476361333,0.17761948666571056,1.5653364170046433,0.8118964818488814,0.052207409344020995,-0.13586948666571055,-0.010457409344020993,1.0,0.9992367634231973,0.02616869918699187,0.03680855805818072,18
star,60,0.15,1.25,59,1.9666666666666666,7.425107556272989,3.775478418443893,1.0,59.0,118.0,3658.0,0.9999999999999981,60.0,9.948968982135623,0.012666666666666666,0.045,1.5967297476361333,0.17761948666571056,1.6359714109254964,0.8118964818488814,0.053651051652068515,-0.13261948666571055,-0.008651051652068517,1.0,0.9992367634231974,0.027989821882951654,0.03680855805818072,19
star,60,0.15,1.75,59,1.9666666666666666,7.425107556272989,3.775478418443893,1.0,59.0,118.0,3658.0,0.9999999999999981,60.0,10.36300343724431,0.009333333333333334,0.05675,3.1295903053668215,0.5475328096174836,2.837318397187649,1.5913171044238075,0.1874703000831796,-0.4907828096174836,-0.1307203000831796,1.0,0.9998636904410618,0.043841865179929045,0.17635290447260546,0
star,60,0.15,1.75,59,1.9666666666666666,7.425107556272989,3.775478418443893,1.0,59.0,118.0,3658.0,0.9999999999999981,60.0,10.25371986845568,0.009333333333333334,0.06675,3.1295903053668215,0.5475328096174836,3.552615435626151,1.5913171044238075,0.19385250867443518,-0.48078280961748365,-0.12710250867443518,1.0,0.9998636904410619,0.04648786717752235,0.17635290447260546,1
star,60,0.15,1.75,59,1.9666666666666666,7.425107556272989,3.775478418443893,1.0,59.0,118.0,3658.0,0.9999999999999981,60.0,9.812150130707417,0.013,0.0685,3.1295903053668215,0.5475328096174836,3.2988003574705536,1.5913171044238075,0.19158785401302192,-0.4790328096174836,-0.12308785401302191,1.0,0.999863690441062,0.05094243504839532,0.1763529044726055,2
star,60,0.15,1.75,59,1.9666666666666666,7.425107556272989,3.775478418443893,1.0,59.0,118.0,3658.0,0.9999999999999981,60.0,11.244846723399526,0.006666666666666667,0.039,3.1295903053668215,0.5475328096174836,2.9757629852725205,1.5913171044238075,0.1887055662621323,-0.5085328096174836,-0.1497055662621323,1.0,0.9998636904410619,0.024365482233502538,0.17635290447260546,3
star,60,0.15,1.75,59,1.9666666666666666,7.425107556272989,3.775478418443893,1.0,59.0,118.0,3658.0,0.9999999999999981,60.0,9.803133427060645,0.011666666666666667,0.06425,3.1295903053668215,0.5475328096174836,2.952688887258375,1.5913171044238075,0.1884996885656402,-0.4832828096174836,-0.1242496885656402,1.0,0.9998636904410619,0.050241055569652374,0.17635290447260546,4
star,60,0.15,1.75,59,1.9666666666666666,7.425107556272989,3.775478418443893,1.0,59.0,118.0,3658.0,0.9999999999999981,60.0,10.307995516058755,0.009,0.05975,3.1295903053668215,0.5475328096174836,3.206503965413973,1.5913171044238075,0.19076434322705346,-0.48778280961748366,-0.13101434322705346,1.0,0.9998636904410619,0.04300254452926209,0.17635290447260546,5
star,60,0.15,1.75,59,1.9666666666666666,7.425107556272989,3.775478418443893,1.0,59.0,118.0,3658.0,0.9999999999999981,60.0,10.389503995976227,0.01,0.0535,3.1295903053668215,0.5475328096174836,3.0680593773291016,1.5913171044238075,0.18952907704810076,-0.49403280961748364,-0.13602907704810077,1.0,0.999863690441062,0.038109756097560975,0.17635290447260546,6
star,60,0.15,1.75,59,1.9666666666666666,7.425107556272989,3.775478418443893,1.0,59.0,118.0,3658.0,0.9999999999999981,60.0,10.45465014039416,0.010666666666666666,0.059,3.1295903053668215,0.5475328096174836,3.1142075733573917,1.5913171044238075,0.18994083244108498,-0.48853280961748363,-0.13094083244108498,1.0,0.999863690441062,0.043213014743263854,0.17635290447260546,7
star,60,0.15,1.75,59,1.9666666666666666,7.425107556272989,3.775478418443893,1.0,59.0,118.0,3658.0,0.9999999999999981,60.0,9.048229449472812,0.008666666666666666,0.08975,3.1295903053668215,0.5475328096174836,3.021911181300811,1.5913171044238075,0.18911732165511655,-0.45778280961748363,-0.09936732165511655,1.0,0.9998636904410618,0.07541899441340782,0.17635290447260546,8
star,60,0.15,1.75,59,1.9666666666666666,7.425107556272989,3.775478418443893,1.0,59.0,118.0,3658.0,0.9999999999999981,60.0,9.817286552850215,0.013,0.0715,3.1295903053668215,0.5475328096174836,3.2295780634281184,1.5913171044238075,0.19097022092354557,-0.4760328096174836,-0.11947022092354558,1.0,0.9998636904410618,0.054721303130567577,0.17635290447260546,9
star,60,0.15,1.75,59,1.9666666666666666,7.425107556272989,3.775478418443893,1.0,59.0,118.0,3658.0,0.9999999999999981,60.0,10.348438079558894,0.01,0.04975,3.1295903053668215,0.5475328096174836,2.9296147892442304,1.5913171044238075,0.1882938108691481,-0.4977828096174836,-0.13854381086914808,1.0,0.9998636904410619,0.03576864535768645,0.17635290447260543,10
star,60,0.15,1.75,59,1.9666666666666666,7.425107556272989,3.775478418443893,1.0,59.0,118.0,3658.0,0.9999999999999981,60.0,9.82968264091646,0.010333333333333333,0.06625,3.1295903053668215,0.5475328096174836,3.0680593773291016,1.5913171044238075,0.18952907704810076,-0.4812828096174836,-0.12327907704810076,1.0,0.999863690441062,0.051067073170731704,0.17635290447260546,11
star,60,0.15,1.75,59,1.9666666666666666,7.425107556272989,3.775478418443893,1.0,59.0,118.0,3658.0,0.9999999999999981,60.0,10.405993635592786,0.009333333333333334,0.05475,3.1295903053668215,0.5475328096174836,3.160355769385682,1.5913171044238075,0.19035258783406925,-0.4927828096174836,-0.13560258783406925,1.0,0.9998636904410619,0.0384028484231943,0.17635290447260546,12
star,60,0.15,1.75,59,1.9666666666666666,7.425107556272989,3.775478418443893,1.0,59.0,118.0,3658.0,0.9999999999999981,60.0,10.303468362115018,0.009333333333333334,0.053,3.1295903053668215,0.5475328096174836,3.044985279314956,1.5913171044238075,0.18932319935160866,-0.49453280961748364,-0.13632319935160866,1.0,0.9998636904410618,0.037846075692151385,0.17635290447260543,13
star,60,0.15,1.75,59,1.9666666666666666,7.425107556272989,3.775478418443893,1.0,59.0,118.0,3658.0,0.9999999999999981,60.0,10.636691481009532,0.008666666666666666,0.04925,3.1295903053668215,0.5475328096174836,2.88346659321594,1.5913171044238075,0.18788205547616385,-0.4982828096174836,-0.13863205547616386,1.0,0.999863690441062,0.03575050709939148,0.17635290447260546,14
star,60,0.15,1.75,59,1.9666666666666666,7.425107556272989,3.775478418443893,1.0,59.0,118.0,3658.0,0.9999999999999981,60.0,10.621257024998586,0.008666666666666666,0.05325,3.1295903053668215,0.5475328096174836,3.160355769385682,1.5913171044238075,0.19035258783406922,-0.4942828096174836,-0.13710258783406923,1.0,0.9998636904410619,0.036876907426246185,0.17635290447260546,15
star,60,0.15,1.75,59,1.9666666666666666,7.425107556272989,3.775478418443893,1.0,59.0,118.0,3658.0,0.9999999999999981,60.0,9.57364022438762,0.009666666666666667,0.077,3.1295903053668215,0.5475328096174836,3.321874455484699,1.5913171044238075,0.19179373170951403,-0.4705328096174836,-0.11479373170951403,1.0,0.9998636904410619,0.05936305732484076,0.17635290447260546,16
star,60,0.15,1.75,59,1.9666666666666666,7.425107556272989,3.775478418443893,1.0,59.0,118.0,3658.0,0.9999999999999981,60.0,10.171159372954092,0.010333333333333333,0.06075,3.1295903053668215,0.5475328096174836,2.9757629852725205,1.5913171044238075,0.18870556626213233,-0.48678280961748366,-0.12795556626213234,1.0,0.9998636904410619,0.046446700507614215,0.17635290447260546,17
star,60,0.15,1.75,59,1.9666666666666666,7.425107556272989,3.775478418443893,1.0,59.0,118.0,3658.0,0.9999999999999981,60.0,11.24981520154008,0.007,0.043,3.1295903053668215,0.5475328096174836,3.0449852793149565,1.5913171044238075,0.18932319935160866,-0.5045328096174836,-0.14632319935160865,1.0,0.9998636904410618,0.027686055372110743,0.17635290447260543,18
star,60,0.15,1.75,59,1.9666666666666666,7.425107556272989,3.775478418443893,1.0,59.0,118.0,3658.0,0.9999999999999981,60.0,10.190720563053324,0.008,0.055,3.1295903053668215,0.5475328096174836,2.998837083286666,1.5913171044238075,0.18891144395862444,-0.49253280961748364,-0.13391144395862445,1.0,0.9998636904410619,0.04036557501904037,0.17635290447260546,19
star,60,0.15,2.5,59,1.9666666666666666,7.425107556272989,3.775478418443893,1.0,59.0,118.0,3658.0,0.9999999999999981,60.0,9.515780967496271,0.012333333333333333,0.27875,6.386918990544533,0.8826164067549559,6.449705651807515,3.2475859273955257,0.5781840457717894,-0.603866406754956,-0.2994340457717894,1.0,0.9999780601100124,0.26627670396744657,0.5708895409460013,0
star,60,0.15,2.5,59,1.9666666666666666,7.425107556272989,3.775478418443893,1.0,59.0,118.0,3658.0,0.9999999999999981,60.0,10.417229422044159,0.010333333333333333,0.1755,6.386918990544533,0.8826164067549559,5.602085724757282,3.2475859273955257,0.5762531474355514,-0.7071164067549559,-0.40075314743555146,1.0,0.9999780601100124,0.1650632911392405,0.5708895409460013,1
star,60,0.15,2.5,59,1.9666666666666666,7.425107556272989,3.775478418443893,1.0,59.0,118.0,3658.0,0.9999999999999981,60.0,10.212069640247607,0.008,0.19925,6.386918990544533,0.8826164067549559,7.344415574804982,3.2475859273955257,0.5802222162378186,-0.6833664067549559,-0.3809722162378185,1.0,0.9999780601100126,0.18144646051622795,0.5708895409460012,2
star,60,0.15,2.5,59,1.9666666666666666,7.425107556272989,3.775478418443893,1.0,59.0,118.0,3658.0,0.9999999999999981,60.0,10.420977522930768,0.008,0.17525,6.386918990544533,0.8826164067549559,6.2142556720713396,3.2475859273955257,0.5776476851228345,-0.7073664067549559,-0.40239768512283447,1.0,0.9999780601100122,0.1620523241046482,0.5708895409460013,3
star,60,0.15,2.5,59,1.9666666666666666,7.425107556272989,3.775478418443893,1.0,59.0,118.0,3658.0,0.9999999999999981,60.0,10.76833077278704,0.006666666666666667,0.16325,6.386918990544533,0.8826164067549559,6.543885643701985,3.2475859273955257,0.5783985900313714,-0.7193664067549559,-0.4151485900313714,1.0,0.9999780601100123,0.14834605597964376,0.5708895409460013,4
star,60,0.15,2.5,59,1.9666666666666666,7.425107556272989,3.775478418443893,1.0,59.0,118.0,3658.0,0.9999999999999981,60.0,11.031803566192622,0.007,0.14275,6.386918990544533,0.8826164067549559,6.68515563154369,3.2475859273955257,0.5787204064207444,-0.7398664067549559,-0.4359704064207444,1.0,0.9999780601100127,0.12681436210847977,0.5708895409460012,5
star,60,0.15,2.5,59,1.9666666666666666,7.425107556272989,3.775478418443893,1.0,59.0,118.0,3658.0,0.9999999999999981,60.0,10.10221593680714,0.010333333333333333,0.2055,6.386918990544533,0.8826164067549559,6.779335623438161,3.2475859273955257,0.5789349506803264,-0.6771164067549559,-0.3734349506803264,1.0,0.9999780601100126,0.19031847133757962,0.5708895409460013,6
star,60,0.15,2.5,59,1.9666666666666666,7.425107556272989,3.775478418443893,1.0,59.0,118.0,3658.0,0.9999999999999981,60.0,9.901430800135612,0.010666666666666666,0.22725,6.386918990544533,0.8826164067549559,6.355525659913044,3.2475859273955257,0.5779695015122075,-0.6553664067549558,-0.3507195015122075,1.0,0.9999780601100124,0.21428571428571427,0.5708895409460012,7
star,60,0.15,2.5,59,1.9666666666666666,7.425107556272989,3.775478418443893,1.0,59.0,118.0,3658.0,0.9999999999999981,60.0,10.083062972048301,0.011333333333333334,0.209,6.386918990544533,0.8826164067549559,6.40261565586028,3.2475859273955257,0.5780767736419985,-0.6736164067549559,-0.36907677364199853,1.0,0.9999780601100124,0.1955250444952962,0.5708895409460012,8
star,60,0.15,2.5,59,1.9666666666666666,7.425107556272989,3.775478418443893,1.0,59.0,118.0,3658.0,0.9999999999999981,60.0,9.629557014168594,0.011666666666666667,0.2675,6.386918990544533,0.8826164067549559,6.826425619385395,3.2475859273955257,0.5790422228101174,-0.6151164067549559,-0.3115422228101174,1.0,0.9999780601100126,0.2533129459734964,0.5708895409460013,9
star,60,0.15,2.5,59,1.9666666666666666,7.425107556272989,3.775478418443893,1.0,59.0,118.0,3658.0,0.9999999999999981,60.0,10.435134253148252,0.008333333333333333,0.1925,6.386918990544533,0.8826164067549559,7.391505570752217,3.2475859273955257,0.5803294883676094,-0.6901164067549559,-0.38782948836760944,1.0,0.9999780601100128,0.1743353783231084,0.5708895409460013,10
star,60,0.15,2.5,59,1.9666666666666666,7.425107556272989,3.775478418443893,1.0,59.0,118.0,3658.0,0.9999999999999981,60.0,10.229782050166717,0.009666666666666667,0.197,6.386918990544533,0.8826164067549559,6.68515563154369,3.2475859273955257,0.5787204064207445,-0.6856164067549559,-0.3817204064207445,1.0,0.9999780601100127,0.18207282913165265,0.5708895409460012,11
star,60,0.15,2.5,59,1.9666666666666666,7.425107556272989,3.775478418443893,1.0,59.0,118.0,3658.0,0.9999999999999981,60.0,9.882503136572842,0.009333333333333334,0.22675,6.386918990544533,0.8826164067549559,5.931715696387929,3.2475859273955257,0.5770040523440885,-0.6558664067549559,-0.35025405234408846,1.0,0.9999780601100126,0.2155718995688562,0.5708895409460013,12
star,60,0.15,2.5,59,1.9666666666666666,7.425107556272989,3.775478418443893,1.0,59.0,118.0,3658.0,0.9999999999999981,60.0,11.2452937073212,0.007666666666666666,0.13175,6.386918990544533,0.8826164067549559,6.120075680176869,3.2475859273955257,0.5774331408632525,-0.7508664067549559,-0.44568314086325245,1.0,0.9999780601100123,0.1183041381061183,0.5708895409460013,13
star,60,0.15,2.5,59,1.9666666666666666,7.425107556272989,3.775478418443893,1.0,59.0,118.0,3658.0,0.9999999999999981,60.0,10.886211039512114,0.008333333333333333,0.1485,6.386918990544533,0.8826164067549559,6.355525659913044,3.2475859273955257,0.5779695015122075,-0.7341164067549559,-0.42946950151220753,1.0,0.9999780601100124,0.13421453990849008,0.5708895409460012,14
star,60,0.15,2.5,59,1.9666666666666666,7.425107556272989,3.775478418443893,1.0,59.0,118.0,3658.0,0.9999999999999981,60.0,9.402905949586012,0.012333333333333333,0.28525,6.386918990544533,0.8826164067549559,6.9676956072271015,3.2475859273955257,0.5793640391994905,-0.5973664067549559,-0.29411403919949053,1.0,0.9999780601100124,0.270849273144606,0.5708895409460012,15
star,60,0.15,2.5,59,1.9666666666666666,7.425107556272989,3.775478418443893,1.0,59.0,118.0,3658.0,0.9999999999999981,60.0,9.831132700031601,0.010333333333333333,0.21925,6.386918990544533,0.8826164067549559,6.261345668018574,3.2475859273955257,0.5777549572526255,-0.6633664067549558,-0.3585049572526255,1.0,0.9999780601100126,0.20655487804878048,0.5708895409460013,16
star,60,0.15,2.5,59,1.9666666666666666,7.425107556272989,3.775478418443893,1.0,59.0,118.0,3658.0,0.9999999999999981,60.0,9.9987281882157,0.012333333333333333,0.22075,6.386918990544533,0.8826164067549559,6.590975639649219,3.2475859273955257,0.5785058621611624,-0.6618664067549559,-0.3577558621611624,1.0,0.9999780601100123,0.20666836345125986,0.5708895409460013,17
star,60,0.15,2.5,59,1.9666666666666666,7.425107556272989,3.775478418443893,1.0,59.0,118.0,3658.0,0.9999999999999981,60.0,9.643189953828381,0.01,0.25675,6.386918990544533,0.8826164067549559,6.59097563964922,3.2475859273955257,0.5785058621611624,-0.625866406754956,-0.3217558621611624,1.0,0.9999780601100123,0.24331891066429118,0.5708895409460013,18
star,60,0.15,2.5,59,1.9666666666666666,7.425107556272989,3.775478418443893,1.0,59.0,118.0,3658.0,0.9999999999999981,60.0,10.092712008858916,0.013666666666666667,0.20675,6.386918990544533,0.8826164067549559,6.21425567207134,3.2475859273955257,0.5776476851228345,-0.6758664067549559,-0.3708976851228345,1.0,0.9999780601100122,0.19405638811277623,0.5708895409460013,19
star,60,0.25,0.75,59,1.9666666666666666,7.425107556272989,3.775478418443893,1.0,59.0,118.0,3658.0,0.9999999999999981,60.0,29.748680616601064,0.010666666666666666,0.0225,0.2069361752936429,0.0011520954830297296,0.24406192809844302,0.10522178404761502,0.020102683397682813,0.02134790451697027,0.0023973166023171857,0.5934065934065934,0.8748696119490127,0.00920951650038373,0.00020404167392456095,0
star,60,0.25,0.75,59,1.9666666666666666,7.425107556272989,3.775478418443893,1.0,59.0,118.0,3658.0,0.9999999999999981,60.0,28.297430005320937,0.009333333333333334,0.01975,0.2069361752936429,0.0011520954830297296,0.21049617898725384,0.10522178404761502,0.01529202276116983,0.01859790451697027,0.004457977238830171,0.6231884057971014,0.874869611949013,0.009157975069956754,0.00020404167392456095,1
star,60,0.25,0.75,59,1.9666666666666666,7.425107556272989,3.775478418443893,1.0,59.0,118.0,3658.0,0.9999999999999981,60.0,27.96147485797626,0.009,0.025,0.2069361752936429,0.0011520954830297296,0.20286759964380174,0.10522178404761502,0.01419869079832597,0.023847904516970272,0.010801309201674032,0.640625,0.8748696119490128,0.014989837398373984,0.00020404167392456095,2
star,60,0.25,0.75,59,1.9666666666666666,7.425107556272989,3.775478418443893,1.0,59.0,118.0,3658.0,0.9999999999999981,60.0,27.3165154439735,0.009666666666666667,0.0255,0.2069361752936429,0.0011520954830297296,0.22117619006808678,0.10522178404761502,0.016822687509151234,0.02434790451697027,0.008677312490848764,0.7368421052631579,0.8748696119490127,0.011722731906218144,0.00020404167392456093,3
star,60,0.25,0.75,59,1.9666666666666666,7.425107556272989,3.775478418443893,1.0,59.0,118.0,3658.0,0.9999999999999981,60.0,27.88223704242136,0.010333333333333333,0.02425,0.2069361752936429,0.0011520954830297296,0.20286759964380174,0.10522178404761502,0.01419869079832597,0.02309790451697027,0.010051309201674031,0.71875,0.8748696119490128,0.012957317073170731,0.00020404167392456095,4
star,60,0.25,0.75,59,1.9666666666666666,7.425107556272989,3.775478418443893,1.0,59.0,118.0,3658.0,0.9999999999999981,60.0,25.920272412673224,0.015,0.028,0.2069361752936429,0.0011520954830297296,0.19371330443165927,0.10522178404761502,0.012886692442913336,0.02684790451697027,0.015113307557086664,0.7413793103448276,0.8748696119490129,0.01750380517503805,0.00020404167392456095,5
star,60,0.25,0.75,59,1.9666666666666666,7.425107556272989,3.775478418443893,1.0,59.0,118.0,3658.0,0.9999999999999981,60.0,29.846281749927225,0.010666666666666666,0.0265,0.2069361752936429,0.0011520954830297296,0.24711335983582386,0.10522178404761502,0.02054001618282036,0.02534790451697027,0.0059599838171796385,0.6559139784946236,0.8748696119490127,0.011517788584591758,0.00020404167392456093,6
star,60,0.25,0.75,59,1.9666666666666666,7.425107556272989,3.775478418443893,1.0,59.0,118.0,3658.0,0.9999999999999981,60.0,28.64625541077879,0.014333333333333333,0.01825,0.2069361752936429,0.0011520954830297296,0.18913615682558801,0.10522178404761502,0.012230693265207024,0.01709790451697027,0.006019306734792975,0.6181818181818182,0.8748696119490132,0.00988593155893536,0.00020404167392456095,7
star,60,0.25,0.75,59,1.9666666666666666,7.425107556272989,3.775478418443893,1.0,59.0,118.0,3658.0,0.9999999999999981,60.0,29.517359766779645,0.007333333333333333,0.02075,0.2069361752936429,0.0011520954830297296,0.2013418837751113,0.10522178404761502,0.013980024405757198,0.01959790451697027,0.0067699755942428035,0.6507936507936508,0.8748696119490132,0.010668021336042673,0.00020404167392456093,8
star,60,0.25,0.75,59,1.9666666666666666,7.425107556272989,3.775478418443893,1.0,59.0,118.0,3658.0,0.9999999999999981,60.0,28.412095310034026,0.007333333333333333,0.02125,0.2069361752936429,0.0011520954830297296,0.19218758856296886,0.10522178404761502,0.012668026050344566,0.020097904516970272,0.008581973949655436,0.7192982456140351,0.8748696119490129,0.011159015977681968,0.00020404167392456093,9
star,60,0.25,0.75,59,1.9666666666666666,7.425107556272989,3.775478418443893,1.0,59.0,118.0,3658.0,0.9999999999999981,60.0,28.86154165839228,0.006333333333333333,0.02125,0.2069361752936429,0.0011520954830297296,0.21659904246201553,0.10522178404761502,0.016166688331444915,0.020097904516970272,0.005083311668555086,0.589041095890411,0.8748696119490128,0.0106951871657754,0.00020404167392456093,10
star,60,0.25,0.75,59,1.9666666666666666,7.425107556272989,3.775478418443893,1.0,59.0,118.0,3658.0,0.9999999999999981,60.0,28.802689656775513,0.008,0.02525,0.2069361752936429,0.0011520954830297296,0.2181247583307059,0.10522178404761502,0.016385354724013687,0.024097904516970272,0.008864645275986315,0.6756756756756757,0.8748696119490128,0.012990320937340805,0.00020404167392456095,11
star,60,0.25,0.75,59,1.9666666666666666,7.425107556272989,3.775478418443893,1.0,59.0,118.0,3658.0,0.9999999999999981,60.0,29.274531664360854,0.01,0.022,0.2069361752936429,0.0011520954830297296,0.207444747249873,0.10522178404761502,0.014854689976032285,0.02084790451697027,0.007145310023967713,0.7313432835820896,0.8748696119490129,0.009916094584286803,0.00020404167392456093,12
star,60,0.25,0.75,59,1.9666666666666666,7.425107556272989,3.775478418443893,1.0,59.0,118.0,3658.0,0.9999999999999981,60.0,26.594504891158945,0.017,0.02875,0.2069361752936429,0.0011520954830297296,0.20591903138118262,0.10522178404761502,0.014636023583463513,0.02759790451697027,0.014113976416536488,0.6818181818181818,0.8748696119490129,0.017793594306049824,0.00020404167392456093,13
star,60,0.25,0.75,59,1.9666666666666666,7.425107556272989,3.775478418443893,1.0,59.0,118.0,3658.0,0.9999999999999981,60.0,29.635920254699926,0.005666666666666667,0.019,0.2069361752936429,0.0011520954830297296,0.19371330443165927,0.10522178404761502,0.012886692442913336,0.01784790451697027,0.006113307557086663,0.6379310344827587,0.8748696119490129,0.00989345509893455,0.00020404167392456095,14
star,60,0.25,0.75,59,1.9666666666666666,7.425107556272989,3.775478418443893,1.0,59.0,118.0,3658.0,0.9999999999999981,60.0,28.827658601741437,0.008,0.0225,0.2069361752936429,0.0011520954830297296,0.22727905354284844,0.10522178404761502,0.017697353079426322,0.02134790451697027,0.004802646920573677,0.6125,0.8748696119490129,0.010459183673469388,0.00020404167392456093,15
star,60,0.25,0.75,59,1.9666666666666666,7.425107556272989,3.775478418443893,1.0,59.0,118.0,3658.0,0.9999999999999981,60.0,27.23584326661822,0.012,0.023,0.2069361752936429,0.0011520954830297296,0.19676473616904008,0.10522178404761502,0.013324025228050882,0.02184790451697027,0.009675974771949118,0.7333333333333333,0.874869611949013,0.012182741116751269,0.00020404167392456093,16
star,60,0.25,0.75,59,1.9666666666666666,7.425107556272989,3.775478418443893,1.0,59.0,118.0,3658.0,0.9999999999999981,60.0,29.62348839223317,0.009333333333333334,0.01675,0.2069361752936429,0.0011520954830297296,0.189136156825588,0.10522178404761502,0.01223069326520702,0.015597904516970271,0.004519306734792981,0.6727272727272727,0.8748696119490132,0.0076045627376425855,0.00020404167392456095,17
star,60,0.25,0.75,59,1.9666666666666666,7.425107556272989,3.775478418443893,1.0,59.0,118.0,3658.0,0.9999999999999981,60.0,29.41029770087115,0.01,0.02375,0.2069361752936429,0.0011520954830297296,0.2242276218054676,0.10522178404761502,0.017260020294288775,0.02259790451697027,0.0064899797057112255,0.7051282051282052,0.8748696119490126,0.010198878123406425,0.00020404167392456093,18
star,60,0.25,0.75,59,1.9666666666666666,7.425107556272989,3.775478418443893,1.0,59.0,118.0,3658.0,0.9999999999999981,60.0,26.88352264380136,0.013666666666666667,0.028,0.2069361752936429,0.0011520954830297296,0.20439331551249215,0.10522178404761502,0.014417357190894741,0.02684790451697027,0.01358264280910526,0.6461538461538462,0.8748696119490128,0.017789072426937738,0.00020404167392456093,19
star,60,0.25,1.25,59,1.9666666666666666,7.425107556272989,3.775478418443893,1.0,59.0,118.0,3658.0,0.9999999999999981,60.0,28.551317182551696,0.011,0.03075,0.574822709149008,0.015538256956662196,0.5719973093921739,0.2922827334655973,0.01906827964407038,0.015211743043337804,0.011681720355929619,0.9848484848484849,0.9896559796008882,0.014743263853584139,0.0027849069452523943,0
star,60,0.25,1.25,59,1.9666666666666666,7.425107556272989,3.775478418443893,1.0,59.0,118.0,3658.0,0.9999999999999981,60.0,28.563953944378046,0.013,0.03025,0.574822709149008,0.015538256956662196,0.576235409027425,0.2922827334655973,0.019314997412234292,0.014711743043337803,0.010935002587765707,0.9850746268656716,0.9896559796008881,0.01398423595219934,0.002784906945252394,1
star,60,0.25,1.25,59,1.9666666666666666,7.425107556272989,3.775478418443893,1.0,59.0,118.0,3658.0,0.9999999999999981,60.0,29.93140931710267,0.009666666666666667,0.02525,0.574822709149008,0.015538256956662196,0.5635211101216716,0.2922827334655973,0.018574844107742565,0.009711743043337806,0.006675155892257437,0.984375,0.9896559796008882,0.009654471544715448,0.0027849069452523943,2
star,60,0.25,1.25,59,1.9666666666666666,7.425107556272989,3.775478418443893,1.0,59.0,118.0,3658.0,0.9999999999999981,60.0,28.278595623569345,0.009333333333333334,0.028,0.574822709149008,0.015538256956662196,0.5465687115806669,0.2922827334655973,0.01758797303508693,0.012461743043337805,0.010412026964913071,0.9833333333333333,0.9896559796008884,0.013451776649746193,0.0027849069452523948,3
star,60,0.25,1.25,59,1.9666666666666666,7.425107556272989,3.775478418443893,1.0,59.0,118.0,3658.0,0.9999999999999981,60.0,26.81205051850204,0.013666666666666667,0.033,0.574822709149008,0.015538256956662196,0.550806811215918,0.2922827334655973,0.017834690803250838,0.017461743043337807,0.015165309196749164,1.0,0.9896559796008884,0.018024879411018026,0.002784906945252394,4
star,60,0.25,1.25,59,1.9666666666666666,7.425107556272989,3.775478418443893,1.0,59.0,118.0,3658.0,0.9999999999999981,60.0,30.81017991661665,0.006333333333333333,0.02275,0.574822709149008,0.015538256956662196,0.5677592097569227,0.2922827334655973,0.018821561875906476,0.0072117430433378035,0.003928438124093523,1.0,0.9896559796008882,0.006607369758576874,0.002784906945252394,5
star,60,0.25,1.25,59,1.9666666666666666,7.425107556272989,3.775478418443893,1.0,59.0,118.0,3658.0,0.9999999999999981,60.0,27.341874534921818,0.010666666666666666,0.0335,0.574822709149008,0.015538256956662196,0.5931878075684297,0.2922827334655973,0.020301868484889928,0.017961743043337808,0.013198131515110074,1.0,0.9896559796008878,0.016034614405701197,0.002784906945252394,6
star,60,0.25,1.25,59,1.9666666666666666,7.425107556272989,3.775478418443893,1.0,59.0,118.0,3658.0,0.9999999999999981,60.0,28.299208356549016,0.011666666666666667,0.02825,0.574822709149008,0.015538256956662196,0.5423306119454158,0.2922827334655973,0.017341255266923022,0.012711743043337805,0.010908744733076979,0.9830508474576272,0.9896559796008884,0.01395584876934788,0.0027849069452523943,7
star,60,0.25,1.25,59,1.9666666666666666,7.425107556272989,3.775478418443893,1.0,59.0,118.0,3658.0,0.9999999999999981,60.0,28.94871561061665,0.008666666666666666,0.0245,0.574822709149008,0.015538256956662196,0.5296163130396623,0.2922827334655973,0.016601101962431294,0.008961743043337805,0.007898898037568707,1.0,0.9896559796008882,0.010649087221095335,0.0027849069452523948,8
star,60,0.25,1.25,59,1.9666666666666666,7.425107556272989,3.775478418443893,1.0,59.0,118.0,3658.0,0.9999999999999981,60.0,28.27875199823754,0.009,0.02925,0.574822709149008,0.015538256956662196,0.5550449108511692,0.2922827334655973,0.018081408571414746,0.013711743043337806,0.011168591428585256,1.0,0.9896559796008885,0.013966480446927373,0.0027849069452523943,9
star,60,0.25,1.25,59,1.9666666666666666,7.425107556272989,3.775478418443893,1.0,59.0,118.0,3658.0,0.9999999999999981,60.0,31.228129059510287,0.008666666666666666,0.02475,0.574822709149008,0.015538256956662196,0.5847116082979273,0.2922827334655973,0.019808432948562108,0.009211743043337805,0.004941567051437893,0.9855072463768116,0.989655979600888,0.007886034088018317,0.002784906945252394,10
star,60,0.25,1.25,59,1.9666666666666666,7.425107556272989,3.775478418443893,1.0,59.0,118.0,3658.0,0.9999999999999981,60.0,30.95239526992568,0.009333333333333334,0.02425,0.574822709149008,0.015538256956662196,0.5804735086626763,0.2922827334655973,0.019561715180398204,0.008711743043337805,0.004688284819601797,0.9852941176470589,0.989655979600888,0.0076297049847405905,0.0027849069452523943,11
star,60,0.25,1.25,59,1.9666666666666666,7.425107556272989,3.775478418443893,1.0,59.0,118.0,3658.0,0.9999999999999981,60.0,30.650670449790276,0.008333333333333333,0.02375,0.574822709149008,0.015538256956662196,0.5169020141339089,0.2922827334655973,0.015860948657939564,0.008211743043337804,0.007889051342060437,1.0,0.9896559796008884,0.010640993159361541,0.002784906945252394,12
star,60,0.25,1.25,59,1.9666666666666666,7.425107556272989,3.775478418443893,1.0,59.0,118.0,3658.0,0.9999999999999981,60.0,26.5838541034691,0.015666666666666666,0.02975,0.574822709149008,0.015538256956662196,0.576235409027425,0.2922827334655973,0.019314997412234292,0.014211743043337803,0.010435002587765706,1.0,0.9896559796008881,0.013221459445715738,0.002784906945252394,13
star,60,0.25,1.25,59,1.9666666666666666,7.425107556272989,3.775478418443893,1.0,59.0,118.0,3658.0,0.9999999999999981,60.0,28.368027629347164,0.009666666666666667,0.0295,0.574822709149008,0.015538256956662196,0.5677592097569227,0.2922827334655973,0.018821561875906476,0.013961743043337803,0.010678438124093522,1.0,0.9896559796008882,0.013468869123252859,0.002784906945252394,14
star,60,0.25,1.25,59,1.9666666666666666,7.425107556272989,3.775478418443893,1.0,59.0,118.0,3658.0,0.9999999999999981,60.0,29.425394657409793,0.011666666666666667,0.02625,0.574822709149008,0.015538256956662196,0.5804735086626762,0.2922827334655973,0.019561715180398204,0.010711743043337803,0.006688284819601795,0.9852941176470589,0.989655979600888,0.009664292980671414,0.0027849069452523943,15
star,60,0.25,1.25,59,1.9666666666666666,7.425107556272989,3.775478418443893,1.0,59.0,118.0,3658.0,0.9999999999999981,60.0,28.488955204827647,0.009666666666666667,0.02875,0.574822709149008,0.015538256956662196,0.6059021064741832,0.2922827334655973,0.021042021789381655,0.013211743043337805,0.007707978210618346,0.9864864864864865,0.989655979600888,0.010697911360163017,0.0027849069452523943,16
star,60,0.25,1.25,59,1.9666666666666666,7.425107556272989,3.775478418443893,1.0,59.0,118.0,3658.0,0.9999999999999981,60.0,27.66945485624845,0.011,0.03125,0.574822709149008,0.015538256956662196,0.5974259072036809,0.2922827334655973,0.020548586253053835,0.015711743043337806,0.010701413746946165,0.9861111111111112,0.9896559796008881,0.01374745417515275,0.002784906945252394,17
star,60,0.25,1.25,59,1.9666666666666666,7.425107556272989,3.775478418443893,1.0,59.0,118.0,3658.0,0.9999999999999981,60.0,29.577621453606223,0.009333333333333334,0.02075,0.574822709149008,0.015538256956662196,0.49571151595765306,0.2922827334655973,0.014627359817120022,0.005211743043337805,0.006122640182879979,1.0,0.9896559796008882,0.008856275303643725,0.0027849069452523943,18
star,60,0.25,1.25,59,1.9666666666666666,7.425107556272989,3.775478418443893,1.0,59.0,118.0,3658.0,0.9999999999999981,60.0,27.89103220569087,0.010333333333333333,0.03025,0.574822709149008,0.015538256956662196,0.6143783057446855,0.2922827334655973,0.02153545732570947,0.014711743043337803,0.008714542674290528,0.9736842105263158,0.9896559796008879,0.011977573904179408,0.002784906945252394,19
star,60,0.25,1.75,59,1.9666666666666666,7.425107556272989,3.775478418443893,1.0,59.0,118.0,3658.0,0.9999999999999981,60.0,29.280855875538457,0.011333333333333334,0.033,1.1266525099320557,0.08124702537081352,1.087888025268292,0.5728741575925707,0.030638152470770823,-0.04824702537081352,0.002361847529229178,1.0,0.9981379538989892,0.017775520568816656,0.015405804149656172,0
star,60,0.25,1.75,59,1.9666666666666666,7.425107556272989,3.775478418443893,1.0,59.0,118.0,3658.0,0.9999999999999981,60.0,28.835611354745488,0.007333333333333333,0.035,1.1266525099320557,0.08124702537081352,1.212488154544676,0.5728741575925707,0.034323398032330824,-0.046247025370813516,0.0006766019676691798,1.0,0.9981379538989891,0.016059138414478716,0.015405804149656172,1
star,60,0.25,1.75,59,1.9666666666666666,7.425107556272989,3.775478418443893,1.0,59.0,118.0,3658.0,0.9999999999999981,60.0,24.00852244304104,0.025666666666666667,0.0515,1.1266525099320557,0.08124702537081352,1.0712746746981072,0.5728741575925707,0.030146786395896158,-0.029747025370813522,0.02135321360410384,1.0,0.9981379538989892,0.03705583756345178,0.015405804149656172,2
star,60,0.25,1.75,59,1.9666666666666666,7.425107556272989,3.775478418443893,1.0,59.0,118.0,3658.0,0.9999999999999981,60.0,30.849178915012626,0.007,0.02775,1.1266525099320557,0.08124702537081352,1.0712746746981074,0.5728741575925707,0.030146786395896158,-0.05349702537081352,-0.0023967863958961576,1.0,0.9981379538989892,0.012944162436548223,0.015405804149656172,3
star,60,0.25,1.75,59,1.9666666666666666,7.425107556272989,3.775478418443893,1.0,59.0,118.0,3658.0,0.9999999999999981,60.0,26.552639281601408,0.017666666666666667,0.03675,1.1266525099320557,0.08124702537081352,1.1294214016937534,0.5728741575925707,0.03186656765795749,-0.04449702537081352,0.0048834323420425055,1.0,0.998137953898989,0.020340706839562676,0.015405804149656172,4
star,60,0.25,1.75,59,1.9666666666666666,7.425107556272989,3.775478418443893,1.0,59.0,118.0,3658.0,0.9999999999999981,60.0,31.892002958034826,0.007333333333333333,0.0275,1.1266525099320557,0.08124702537081352,1.0629679994130152,0.5728741575925707,0.029901103358458827,-0.05374702537081352,-0.0024011033584588268,1.0,0.9981379538989891,0.012940877949758945,0.015405804149656172,5
star,60,0.25,1.75,59,1.9666666666666666,7.425107556272989,3.775478418443893,1.0,59.0,118.0,3658.0,0.9999999999999981,60.0,27.08053251614383,0.014666666666666666,0.038,1.1266525099320557,0.08124702537081352,1.1626481028341222,0.5728741575925707,0.032849299807706824,-0.04324702537081352,0.0051507001922931755,1.0,0.9981379538989891,0.02061593280733011,0.015405804149656173,6
star,60,0.25,1.75,59,1.9666666666666666,7.425107556272989,3.775478418443893,1.0,59.0,118.0,3658.0,0.9999999999999981,60.0,27.999206069121783,0.010666666666666666,0.03375,1.1266525099320557,0.08124702537081352,1.1294214016937534,0.5728741575925707,0.03186656765795749,-0.04749702537081352,0.0018834323420425098,1.0,0.998137953898989,0.017289600813628275,0.015405804149656172,7
star,60,0.25,1.75,59,1.9666666666666666,7.425107556272989,3.775478418443893,1.0,59.0,118.0,3658.0,0.9999999999999981,60.0,28.97533478889748,0.009,0.033,1.1266525099320557,0.08124702537081352,1.2207948298297684,0.5728741575925707,0.03456908106976815,-0.04824702537081352,-0.0015690810697681495,1.0,0.9981379538989891,0.013768485466598673,0.015405804149656172,8
star,60,0.25,1.75,59,1.9666666666666666,7.425107556272989,3.775478418443893,1.0,59.0,118.0,3658.0,0.9999999999999981,60.0,27.92963018546625,0.009,0.038,1.1266525099320557,0.08124702537081352,1.187568128689399,0.5728741575925707,0.03358634892001882,-0.04324702537081352,0.004413651079981179,1.0,0.9981379538989891,0.019867549668874173,0.015405804149656172,9
star,60,0.25,1.75,59,1.9666666666666666,7.425107556272989,3.775478418443893,1.0,59.0,118.0,3658.0,0.9999999999999981,60.0,29.072593706912293,0.008,0.03625,1.1266525099320557,0.08124702537081352,1.1875681286893993,0.5728741575925707,0.03358634892001882,-0.04499702537081352,0.0026636510799811774,1.0,0.9981379538989891,0.018084564442180335,0.015405804149656172,10
star,60,0.25,1.75,59,1.9666666666666666,7.425107556272989,3.775478418443893,1.0,59.0,118.0,3658.0,0.9999999999999981,60.0,29.22677744461022,0.010333333333333333,0.0295,1.1266525099320557,0.08124702537081352,1.0878880252682919,0.5728741575925707,0.030638152470770823,-0.05174702537081352,-0.001138152470770825,1.0,0.9981379538989892,0.014220416455053326,0.015405804149656172,11
star,60,0.25,1.75,59,1.9666666666666666,7.425107556272989,3.775478418443893,1.0,59.0,118.0,3658.0,0.9999999999999981,60.0,28.8565927797228,0.010333333333333333,0.0325,1.1266525099320557,0.08124702537081352,1.1460347522639378,0.5728741575925707,0.032357933732832155,-0.04874702537081352,0.0001420662671678466,1.0,0.9981379538989891,0.015517679979648945,0.01540580414965617,12
star,60,0.25,1.75,59,1.9666666666666666,7.425107556272989,3.775478418443893,1.0,59.0,118.0,3658.0,0.9999999999999981,60.0,28.615300613579997,0.006666666666666667,0.035,1.1266525099320557,0.08124702537081352,1.187568128689399,0.5728741575925707,0.03358634892001882,-0.046247025370813516,0.0014136510799811833,1.0,0.9981379538989891,0.016811003565970453,0.015405804149656172,13
star,60,0.25,1.75,59,1.9666666666666666,7.425107556272989,3.775478418443893,1.0,59.0,118.0,3658.0,0.9999999999999981,60.0,30.139870174855886,0.010333333333333333,0.033,1.1266525099320557,0.08124702537081352,1.1958748039744915,0.5728741575925707,0.033832031957456155,-0.04824702537081352,-0.000832031957456153,1.0,0.9981379538989891,0.014522292993630573,0.015405804149656172,14
star,60,0.25,1.75,59,1.9666666666666666,7.425107556272989,3.775478418443893,1.0,59.0,118.0,3658.0,0.9999999999999981,60.0,29.52935522349498,0.009333333333333334,0.028,1.1266525099320557,0.08124702537081352,1.1294214016937534,0.5728741575925707,0.03186656765795749,-0.05324702537081352,-0.003866567657957492,1.0,0.998137953898989,0.011441647597254004,0.015405804149656172,15
star,60,0.25,1.75,59,1.9666666666666666,7.425107556272989,3.775478418443893,1.0,59.0,118.0,3658.0,0.9999999999999981,60.0,27.438322378211414,0.014333333333333333,0.03975,1.1266525099320557,0.08124702537081352,1.146034752263938,0.5728741575925707,0.032357933732832155,-0.04149702537081352,0.007392066267167846,1.0,0.9981379538989891,0.022894937674891886,0.01540580414965617,16
star,60,0.25,1.75,59,1.9666666666666666,7.425107556272989,3.775478418443893,1.0,59.0,118.0,3658.0,0.9999999999999981,60.0,29.464958964579868,0.009,0.0335,1.1266525099320557,0.08124702537081352,1.2041814792595837,0.5728741575925707,0.03407771499489348,-0.04774702537081352,-0.0005777149948934801,1.0,0.9981379538989891,0.014780835881753314,0.015405804149656172,17
star,60,0.25,1.75,59,1.9666666666666666,7.425107556272989,3.775478418443893,1.0,59.0,118.0,3658.0,0.9999999999999981,60.0,25.599493564219156,0.017,0.046,1.1266525099320557,0.08124702537081352,1.1958748039744915,0.5728741575925707,0.033832031957456155,-0.03524702537081352,0.012167968042543845,1.0,0.9981379538989891,0.027770700636942675,0.015405804149656172,18
star,60,0.25,1.75,59,1.9666666666666666,7.425107556272989,3.775478418443893,1.0,59.0,118.0,3658.0,0.9999999999999981,60.0,29.625849250173587,0.008333333333333333,0.02925,1.1266525099320557,0.08124702537081352,1.0629679994130152,0.5728741575925707,0.029901103358458827,-0.05199702537081352,-0.0006511033584588252,1.0,0.9981379538989891,0.014717076884039584,0.015405804149656172,19
star,60,0.25,2.5,59,1.9666666666666666,7.425107556272989,3.775478418443893,1.0,59.0,118.0,3658.0,0.9999999999999981,60.0,30.005183896707564,0.009333333333333334,0.0355,2.299290836596032,0.3546213330137634,2.1354176506996536,1.1691309338623892,0.1015912276458007,-0.31912133301376344,-0.0660912276458007,1.0,0.9996998571870892,0.02155718995688562,0.08860817111933518,0
star,60,0.25,2.5,59,1.9666666666666666,7.425107556272989,3.775478418443893,1.0,59.0,118.0,3658.0,0.9999999999999981,60.0,29.930528491523205,0.007333333333333333,0.0335,2.299290836596032,0.3546213330137634,1.9658936652896073,1.1691309338623892,0.09931349843063131,-0.32112133301376344,-0.0658134984306313,1.0,0.9996998571870893,0.02200860106248419,0.0886081711193352,1
star,60,0.25,2.5,59,1.9666666666666666,7.425107556272989,3.775478418443893,1.0,59.0,118.0,3658.0,0.9999999999999981,60.0,29.931815203276074,0.008666666666666666,0.03725,2.299290836596032,0.3546213330137634,2.0167508609126212,1.1691309338623892,0.09999681719518214,-0.3173713330137634,-0.06274681719518213,1.0,0.9996998571870893,0.025063291139240506,0.0886081711193352,2
star,60,0.25,2.5,59,1.9666666666666666,7.425107556272989,3.775478418443893,1.0,59.0,118.0,3658.0,0.9999999999999981,60.0,26.31178555463844,0.010333333333333333,0.0535,2.299290836596032,0.3546213330137634,2.1015128536176446,1.1691309338623892,0.10113568180276683,-0.3011213330137634,-0.04763568180276683,1.0,0.9996998571870892,0.0403041825095057,0.0886081711193352,3
star,60,0.25,2.5,59,1.9666666666666666,7.425107556272989,3.775478418443893,1.0,59.0,118.0,3658.0,0.9999999999999981,60.0,30.71175025555414,0.004333333333333333,0.03775,2.299290836596032,0.3546213330137634,2.3049416361097,1.1691309338623892,0.10386895686097009,-0.3168713330137634,-0.06611895686097008,1.0,0.9996998571870895,0.02135774218154081,0.0886081711193352,4
star,60,0.25,2.5,59,1.9666666666666666,7.425107556272989,3.775478418443893,1.0,59.0,118.0,3658.0,0.9999999999999981,60.0,28.63630686283015,0.012333333333333333,0.04275,2.299290836596032,0.3546213330137634,2.3218940346507053,1.1691309338623892,0.10409672978248702,-0.3118713330137634,-0.061346729782487015,1.0,0.9996998571870896,0.02619532044760936,0.0886081711193352,5
star,60,0.25,2.5,59,1.9666666666666666,7.425107556272989,3.775478418443893,1.0,59.0,118.0,3658.0,0.9999999999999981,60.0,29.068800661085227,0.009333333333333334,0.048,2.299290836596032,0.3546213330137634,2.1523700492406586,1.1691309338623892,0.10181900056731763,-0.30662133301376343,-0.05381900056731763,1.0,0.9996998571870892,0.033992897006595635,0.0886081711193352,6
star,60,0.25,2.5,59,1.9666666666666666,7.425107556272989,3.775478418443893,1.0,59.0,118.0,3658.0,0.9999999999999981,60.0,27.23599258207878,0.01633333333333333,0.04875,2.299290836596032,0.3546213330137634,2.271036839027691,1.1691309338623892,0.1034134110179362,-0.3058713330137634,-0.0546634110179362,1.0,0.9996998571870893,0.03303684879288437,0.0886081711193352,7
star,60,0.25,2.5,59,1.9666666666666666,7.425107556272989,3.775478418443893,1.0,59.0,118.0,3658.0,0.9999999999999981,60.0,27.939107460877484,0.010333333333333333,0.04725,2.299290836596032,0.3546213330137634,2.3049416361097,1.1691309338623892,0.10386895686097009,-0.3073713330137634,-0.056618956860970085,1.0,0.9996998571870895,0.031019577930333078,0.0886081711193352,8
star,60,0.25,2.5,59,1.9666666666666666,7.425107556272989,3.775478418443893,1.0,59.0,118.0,3658.0,0.9999999999999981,60.0,27.441108460786314,0.012333333333333333,0.05325,2.299290836596032,0.3546213330137634,2.372751230273719,1.1691309338623892,0.10478004854703783,-0.3013713330137634,-0.051530048547037834,1.0,0.9996998571870899,0.03614151183507254,0.08860817111933518,9
star,60,0.25,2.5,59,1.9666666666666666,7.425107556272989,3.775478418443893,1.0,59.0,118.0,3658.0,0.9999999999999981,60.0,27.233576284943013,0.014333333333333333,0.053,2.299290836596032,0.3546213330137634,2.1862748463226676,1.1691309338623892,0.10227454641035152,-0.3016213330137634,-0.049274546410351526,1.0,0.9996998571870892,0.03857868020304569,0.0886081711193352,10
star,60,0.25,2.5,59,1.9666666666666666,7.425107556272989,3.775478418443893,1.0,59.0,118.0,3658.0,0.9999999999999981,60.0,26.428165072139514,0.012333333333333333,0.04875,2.299290836596032,0.3546213330137634,2.33884643319171,1.1691309338623892,0.10432450270400398,-0.3058713330137634,-0.05557450270400398,1.0,0.9996998571870896,0.03205291274484864,0.0886081711193352,11
star,60,0.25,2.5,59,1.9666666666666666,7.425107556272989,3.775478418443893,1.0,59.0,118.0,3658.0,0.9999999999999981,60.0,25.516629358712372,0.015,0.064,2.299290836596032,0.3546213330137634,2.457513222978742,1.1691309338623892,0.10591891315462253,-0.2906213330137634,-0.041918913154622525,1.0,0.9996998571870895,0.045871559633027525,0.0886081711193352,12
star,60,0.25,2.5,59,1.9666666666666666,7.425107556272989,3.775478418443893,1.0,59.0,118.0,3658.0,0.9999999999999981,60.0,26.760971236520064,0.013,0.05475,2.299290836596032,0.3546213330137634,2.372751230273719,1.1691309338623892,0.10478004854703783,-0.2998713330137634,-0.05003004854703783,1.0,0.9996998571870899,0.03766861796894884,0.08860817111933518,13
star,60,0.25,2.5,59,1.9666666666666666,7.425107556272989,3.775478418443893,1.0,59.0,118.0,3658.0,0.9999999999999981,60.0,27.560973901937725,0.012666666666666666,0.04675,2.299290836596032,0.3546213330137634,2.3557988317327143,1.1691309338623892,0.10455227562552091,-0.3078713330137634,-0.05780227562552091,1.0,0.9996998571870898,0.029770992366412213,0.0886081711193352,14
star,60,0.25,2.5,59,1.9666666666666666,7.425107556272989,3.775478418443893,1.0,59.0,118.0,3658.0,0.9999999999999981,60.0,27.292576545793562,0.014666666666666666,0.05325,2.299290836596032,0.3546213330137634,2.1015128536176446,1.1691309338623892,0.10113568180276682,-0.3013713330137634,-0.04788568180276682,1.0,0.9996998571870892,0.04005069708491762,0.0886081711193352,15
star,60,0.25,2.5,59,1.9666666666666666,7.425107556272989,3.775478418443893,1.0,59.0,118.0,3658.0,0.9999999999999981,60.0,28.79720336222368,0.010333333333333333,0.044,2.299290836596032,0.3546213330137634,2.372751230273719,1.1691309338623892,0.10478004854703783,-0.31062133301376343,-0.060780048547037835,1.0,0.9996998571870899,0.026724357342835327,0.08860817111933518,16
star,60,0.25,2.5,59,1.9666666666666666,7.425107556272989,3.775478418443893,1.0,59.0,118.0,3658.0,0.9999999999999981,60.0,30.123834757035958,0.007,0.04075,2.299290836596032,0.3546213330137634,2.4236084258967328,1.1691309338623892,0.10546336731158866,-0.3138713330137634,-0.06471336731158867,1.0,0.9996998571870893,0.022669383596535916,0.0886081711193352,17
star,60,0.25,2.5,59,1.9666666666666666,7.425107556272989,3.775478418443893,1.0,59.0,118.0,3658.0,0.9999999999999981,60.0,26.16736245704137,0.015333333333333332,0.05575,2.299290836596032,0.3546213330137634,2.3897036288147238,1.1691309338623892,0.10500782146855478,-0.2988713330137634,-0.04925782146855478,1.0,0.9996998571870892,0.03844195519348269,0.08860817111933518,18
star,60,0.25,2.5,59,1.9666666666666666,7.425107556272989,3.775478418443893,1.0,59.0,118.0,3658.0,0.9999999999999981,60.0,28.89300244797938,0.007333333333333333,0.04275,2.299290836596032,0.3546213330137634,2.3049416361097,1.1691309338623892,0.10386895686097009,-0.3118713330137634,-0.06111895686097008,1.0,0.9996998571870895,0.026442918891431477,0.0886081711193352,19
star,60,0.35,0.75,59,1.9666666666666666,7.425107556272989,3.775478418443893,1.0,59.0,118.0,3658.0,0.9999999999999981,60.0,55.94147320246617,0.011,0.01725,0.10557968127226679,0.00020582326254847913,0.10272545090566905,0.05368458369776278,0.008779270480606876,0.01704417673745152,0.008470729519393125,0.31746031746031744,0.5551377941964735,0.012446024892049785,3.642389841241969e-05,0
star,60,0.35,0.75,59,1.9666666666666666,7.425107556272989,3.775478418443893,1.0,59.0,118.0,3658.0,0.9999999999999981,60.0,53.69888345380701,0.013666666666666667,0.0185,0.10557968127226679,0.00020582326254847913,0.10817443615099197,0.05368458369776278,0.009750697878628483,0.01829417673745152,0.008749302121371516,0.4142857142857143,0.5551377941964734,0.011450381679389313,3.6423898412419695e-05,1
star,60,0.35,0.75,59,1.9666666666666666,7.425107556272989,3.775478418443893,1.0,59.0,118.0,3658.0,0.9999999999999981,60.0,54.96983047620238,0.009,0.01875,0.10557968127226679,0.00020582326254847913,0.09805489212396369,0.05368458369776278,0.007946618425159783,0.01854417673745152,0.010803381574840216,0.3684210526315789,0.5551377941964731,0.013695155972609688,3.642389841241969e-05,2
star,60,0.35,0.75,59,1.9666666666666666,7.425107556272989,3.775478418443893,1.0,59.0,118.0,3658.0,0.9999999999999981,60.0,57.44865350013259,0.01,0.0155,0.10557968127226679,0.00020582326254847913,0.10739600968737442,0.05368458369776278,0.009611922536053967,0.015294176737451521,0.005888077463946033,0.2898550724637681,0.5551377941964734,0.010684304248282879,3.642389841241969e-05,3
star,60,0.35,0.75,59,1.9666666666666666,7.425107556272989,3.775478418443893,1.0,59.0,118.0,3658.0,0.9999999999999981,60.0,56.371177490860866,0.009666666666666667,0.01725,0.10557968127226679,0.00020582326254847913,0.10350387736928662,0.05368458369776278,0.00891804582318139,0.01704417673745152,0.008331954176818611,0.25,0.5551377941964731,0.013465447154471545,3.642389841241969e-05,4
star,60,0.35,0.75,59,1.9666666666666666,7.425107556272989,3.775478418443893,1.0,59.0,118.0,3658.0,0.9999999999999981,60.0,53.7410118814762,0.010333333333333333,0.015,0.10557968127226679,0.00020582326254847913,0.08871377456055297,0.05368458369776278,0.006281314314265602,0.014794176737451521,0.008718685685734397,0.35555555555555557,0.555137794196473,0.011125158027812896,3.642389841241969e-05,5
star,60,0.35,0.75,59,1.9666666666666666,7.425107556272989,3.775478418443893,1.0,59.0,118.0,3658.0,0.9999999999999981,60.0,57.21211998300258,0.007666666666666666,0.014,0.10557968127226679,0.00020582326254847913,0.10661758322375683,0.05368458369776278,0.00947314719347945,0.013794176737451522,0.00452685280652055,0.3088235294117647,0.5551377941964732,0.008901322482197355,3.642389841241969e-05,6
star,60,0.35,0.75,59,1.9666666666666666,7.425107556272989,3.775478418443893,1.0,59.0,118.0,3658.0,0.9999999999999981,60.0,57.073253561490155,0.008,0.01475,0.10557968127226679,0.00020582326254847913,0.12218611249610806,0.05368458369776278,0.012248654044969755,0.01454417673745152,0.0025013459550302444,0.3181818181818182,0.5551377941964731,0.007924335378323108,3.6423898412419695e-05,7
star,60,0.35,0.75,59,1.9666666666666666,7.425107556272989,3.775478418443893,1.0,59.0,118.0,3658.0,0.9999999999999981,60.0,55.929863528084276,0.009666666666666667,0.01325,0.10557968127226679,0.00020582326254847913,0.10194702444205149,0.05368458369776278,0.00864049513803236,0.013044176737451521,0.00460950486196764,0.3064516129032258,0.5551377941964734,0.008633824276282377,3.642389841241969e-05,8
star,60,0.35,0.75,59,1.9666666666666666,7.425107556272989,3.775478418443893,1.0,59.0,118.0,3658.0,0.9999999999999981,60.0,55.07426951338451,0.007666666666666666,0.022,0.10557968127226679,0.00020582326254847913,0.11673712725078514,0.05368458369776278,0.011277226646948147,0.02179417673745152,0.010722773353051851,0.38271604938271603,0.5551377941964732,0.014544526664965552,3.642389841241969e-05,9
star,60,0.35,0.75,59,1.9666666666666666,7.425107556272989,3.775478418443893,1.0,59.0,118.0,3658.0,0.9999999999999981,60.0,57.16380650628744,0.008666666666666666,0.01425,0.10557968127226679,0.00020582326254847913,0.10739600968737442,0.05368458369776278,0.009611922536053967,0.014044176737451522,0.0046380774639460335,0.3333333333333333,0.5551377941964734,0.008649198677181379,3.642389841241969e-05,10
star,60,0.35,0.75,59,1.9666666666666666,7.425107556272989,3.775478418443893,1.0,59.0,118.0,3658.0,0.9999999999999981,60.0,52.7856324607147,0.012,0.0165,0.10557968127226679,0.00020582326254847913,0.10194702444205149,0.05368458369776278,0.00864049513803236,0.01629417673745152,0.007859504861967641,0.3064516129032258,0.5551377941964734,0.011934992381919756,3.642389841241969e-05,11
star,60,0.35,0.75,59,1.9666666666666666,7.425107556272989,3.775478418443893,1.0,59.0,118.0,3658.0,0.9999999999999981,60.0,55.45150439762929,0.01,0.0185,0.10557968127226679,0.00020582326254847913,0.09883331858758126,0.05368458369776278,0.0080853937677343,0.01829417673745152,0.0104146062322657,0.43103448275862066,0.5551377941964732,0.012430238457635717,3.642389841241969e-05,12
star,60,0.35,0.75,59,1.9666666666666666,7.425107556272989,3.775478418443893,1.0,59.0,118.0,3658.0,0.9999999999999981,60.0,57.95098212299655,0.01,0.015,0.10557968127226679,0.00020582326254847913,0.10973128907822709,0.05368458369776278,0.010028248563777513,0.014794176737451521,0.004971751436222487,0.375,0.5551377941964731,0.00840122199592668,3.642389841241969e-05,13
star,60,0.35,0.75,59,1.9666666666666666,7.425107556272989,3.775478418443893,1.0,59.0,118.0,3658.0,0.9999999999999981,60.0,58.933723926273835,0.009666666666666667,0.01625,0.10557968127226679,0.00020582326254847913,0.10194702444205149,0.05368458369776278,0.00864049513803236,0.01604417673745152,0.007609504861967641,0.3064516129032258,0.5551377941964734,0.011681056373793804,3.642389841241969e-05,14
star,60,0.35,0.75,59,1.9666666666666666,7.425107556272989,3.775478418443893,1.0,59.0,118.0,3658.0,0.9999999999999981,60.0,52.91138899011052,0.014,0.01925,0.10557968127226679,0.00020582326254847913,0.10895286261460954,0.05368458369776278,0.009889473221202998,0.01904417673745152,0.009360526778797002,0.4647887323943662,0.5551377941964734,0.0111987783150929,3.642389841241969e-05,15
star,60,0.35,0.75,59,1.9666666666666666,7.425107556272989,3.775478418443893,1.0,59.0,118.0,3658.0,0.9999999999999981,60.0,51.65772739011644,0.013,0.0175,0.10557968127226679,0.00020582326254847913,0.09104905395140565,0.05368458369776278,0.006697640341989148,0.01729417673745152,0.010802359658010853,0.3958333333333333,0.5551377941964731,0.012904858299595142,3.642389841241969e-05,16
star,60,0.35,0.75,59,1.9666666666666666,7.425107556272989,3.775478418443893,1.0,59.0,118.0,3658.0,0.9999999999999981,60.0,59.68716432599833,0.007666666666666666,0.01425,0.10557968127226679,0.00020582326254847913,0.10895286261460953,0.05368458369776278,0.009889473221202994,0.014044176737451522,0.004360526778797006,0.23943661971830985,0.5551377941964734,0.010180707559175363,3.642389841241969e-05,17
star,60,0.35,0.75,59,1.9666666666666666,7.425107556272989,3.775478418443893,1.0,59.0,118.0,3658.0,0.9999999999999981,60.0,52.42691320747714,0.016,0.0215,0.10557968127226679,0.00020582326254847913,0.1058391567601393,0.05368458369776278,0.009334371850904934,0.021294176737451518,0.012165628149095064,0.3880597014925373,0.5551377941964732,0.015255530129672006,3.642389841241969e-05,18
star,60,0.35,0.75,59,1.9666666666666666,7.425107556272989,3.775478418443893,1.0,59.0,118.0,3658.0,0.9999999999999981,60.0,55.1713476202945,0.013666666666666667,0.016,0.10557968127226679,0.00020582326254847913,0.1058391567601393,0.05368458369776278,0.009334371850904936,0.01579417673745152,0.006665628149095064,0.3880597014925373,0.5551377941964732,0.00966183574879227,3.642389841241969e-05,19
star,60,0.35,1.25,59,1.9666666666666666,7.425107556272989,3.775478418443893,1.0,59.0,118.0,3658.0,0.9999999999999981,60.0,52.55197269654582,0.011,0.02725,0.2932768924229633,0.002809160026352599,0.27021240461207263,0.1491238436048966,0.013716719415688939,0.0244408399736474,0.013533280584311061,0.875,0.9446784451999661,0.015212981744421906,0.000498195925851334,0
star,60,0.35,1.25,59,1.9666666666666666,7.425107556272989,3.775478418443893,1.0,59.0,118.0,3658.0,0.9999999999999981,60.0,59.638092622633366,0.007666666666666666,0.02675,0.2932768924229633,0.002809160026352599,0.3069714320606797,0.1491238436048966,0.017729485475103928,0.0239408399736474,0.009020514524896071,0.8356164383561644,0.9446784451999661,0.011713776419658773,0.0004981959258513339,1
star,60,0.35,1.25,59,1.9666666666666666,7.425107556272989,3.775478418443893,1.0,59.0,118.0,3658.0,0.9999999999999981,60.0,55.03173706146863,0.01,0.02475,0.2932768924229633,0.002809160026352599,0.30264684059613767,0.1491238436048966,0.01725739535046687,0.021940839973647402,0.007492604649533132,0.8309859154929577,0.9446784451999665,0.010180707559175363,0.000498195925851334,2
star,60,0.35,1.25,59,1.9666666666666666,7.425107556272989,3.775478418443893,1.0,59.0,118.0,3658.0,0.9999999999999981,60.0,59.57570389420976,0.006,0.023,0.2932768924229633,0.002809160026352599,0.2831861790056987,0.1491238436048966,0.01513298978960011,0.0201908399736474,0.00786701021039989,0.8870967741935484,0.9446784451999664,0.009395632300660234,0.0004981959258513339,3
star,60,0.35,1.25,59,1.9666666666666666,7.425107556272989,3.775478418443893,1.0,59.0,118.0,3658.0,0.9999999999999981,60.0,57.23827237685841,0.006666666666666667,0.02225,0.2932768924229633,0.002809160026352599,0.2875107704702407,0.1491238436048966,0.015605079914237166,0.0194408399736474,0.006644920085762833,0.84375,0.9446784451999661,0.008892276422764227,0.0004981959258513339,4
star,60,0.35,1.25,59,1.9666666666666666,7.425107556272989,3.775478418443893,1.0,59.0,118.0,3658.0,0.9999999999999981,60.0,57.77369096272525,0.007666666666666666,0.02525,0.2932768924229633,0.002809160026352599,0.29183536193478266,0.1491238436048966,0.016077170038874225,0.022440839973647403,0.009172829961125777,0.8484848484848485,0.9446784451999662,0.011438739196746314,0.0004981959258513339,5
star,60,0.35,1.25,59,1.9666666666666666,7.425107556272989,3.775478418443893,1.0,59.0,118.0,3658.0,0.9999999999999981,60.0,54.740776566741616,0.010666666666666666,0.02625,0.2932768924229633,0.002809160026352599,0.3004845448638666,0.1491238436048966,0.01702135028814834,0.0234408399736474,0.00922864971185166,0.8142857142857143,0.9446784451999664,0.012213740458015267,0.0004981959258513339,6
star,60,0.35,1.25,59,1.9666666666666666,7.425107556272989,3.775478418443893,1.0,59.0,118.0,3658.0,0.9999999999999981,60.0,54.6025273624288,0.012,0.024,0.2932768924229633,0.002809160026352599,0.3112960235252217,0.1491238436048966,0.018201575599740984,0.021190839973647402,0.005798424400259017,0.8533333333333334,0.9446784451999661,0.008152866242038216,0.0004981959258513339,7
star,60,0.35,1.25,59,1.9666666666666666,7.425107556272989,3.775478418443893,1.0,59.0,118.0,3658.0,0.9999999999999981,60.0,56.45031094358943,0.006,0.02,0.2932768924229633,0.002809160026352599,0.27021240461207263,0.1491238436048966,0.013716719415688937,0.0171908399736474,0.0062832805843110635,0.7857142857142857,0.9446784451999661,0.009127789046653144,0.000498195925851334,8
star,60,0.35,1.25,59,1.9666666666666666,7.425107556272989,3.775478418443893,1.0,59.0,118.0,3658.0,0.9999999999999981,60.0,57.37343334130838,0.01,0.02225,0.2932768924229633,0.002809160026352599,0.27886158754115664,0.1491238436048966,0.014660899664963055,0.0194408399736474,0.007589100335036944,0.8333333333333334,0.9446784451999662,0.009898477157360405,0.0004981959258513339,9
star,60,0.35,1.25,59,1.9666666666666666,7.425107556272989,3.775478418443893,1.0,59.0,118.0,3658.0,0.9999999999999981,60.0,55.13418993945973,0.009666666666666667,0.0215,0.2932768924229633,0.002809160026352599,0.26805010887980163,0.1491238436048966,0.01348067435337041,0.0186908399736474,0.008019325646629587,0.8363636363636363,0.9446784451999665,0.010139416983523447,0.0004981959258513339,10
star,60,0.35,1.25,59,1.9666666666666666,7.425107556272989,3.775478418443893,1.0,59.0,118.0,3658.0,0.9999999999999981,60.0,55.65731210477367,0.009333333333333334,0.022,0.2932768924229633,0.002809160026352599,0.2658878131475307,0.1491238436048966,0.013244629291051881,0.0191908399736474,0.008755370708948117,0.8703703703703703,0.9446784451999664,0.010390268626457172,0.0004981959258513339,11
star,60,0.35,1.25,59,1.9666666666666666,7.425107556272989,3.775478418443893,1.0,59.0,118.0,3658.0,0.9999999999999981,60.0,54.46351551392305,0.011666666666666667,0.02375,0.2932768924229633,0.002809160026352599,0.2810238832734277,0.1491238436048966,0.014896944727281583,0.0209408399736474,0.008853055272718418,0.819672131147541,0.9446784451999664,0.011424219345011425,0.0004981959258513339,12
star,60,0.35,1.25,59,1.9666666666666666,7.425107556272989,3.775478418443893,1.0,59.0,118.0,3658.0,0.9999999999999981,60.0,53.56280196522825,0.008333333333333333,0.02925,0.2932768924229633,0.002809160026352599,0.2810238832734277,0.1491238436048966,0.014896944727281583,0.026440839973647403,0.014353055272718419,0.8524590163934426,0.9446784451999664,0.0165016501650165,0.0004981959258513339,13
star,60,0.35,1.25,59,1.9666666666666666,7.425107556272989,3.775478418443893,1.0,59.0,118.0,3658.0,0.9999999999999981,60.0,54.38508786373213,0.009333333333333334,0.02675,0.2932768924229633,0.002809160026352599,0.3069714320606797,0.1491238436048966,0.017729485475103925,0.0239408399736474,0.009020514524896075,0.821917808219178,0.9446784451999661,0.011968423733129615,0.0004981959258513339,14
star,60,0.35,1.25,59,1.9666666666666666,7.425107556272989,3.775478418443893,1.0,59.0,118.0,3658.0,0.9999999999999981,60.0,57.75523972649853,0.007666666666666666,0.01875,0.2932768924229633,0.002809160026352599,0.2572386302184466,0.1491238436048966,0.012300449041777765,0.0159408399736474,0.006449550958222234,0.78,0.9446784451999661,0.009113924050632912,0.0004981959258513339,15
star,60,0.35,1.25,59,1.9666666666666666,7.425107556272989,3.775478418443893,1.0,59.0,118.0,3658.0,0.9999999999999981,60.0,56.44026712495807,0.010333333333333333,0.02325,0.2932768924229633,0.002809160026352599,0.2831861790056987,0.1491238436048966,0.01513298978960011,0.0204408399736474,0.00811701021039989,0.7258064516129032,0.9446784451999664,0.01218892839004571,0.0004981959258513339,16
star,60,0.35,1.25,59,1.9666666666666666,7.425107556272989,3.775478418443893,1.0,59.0,118.0,3658.0,0.9999999999999981,60.0,54.70879988996546,0.009666666666666667,0.02625,0.2932768924229633,0.002809160026352599,0.3156206149897637,0.1491238436048966,0.01867366572437804,0.0234408399736474,0.00757633427562196,0.7402597402597403,0.9446784451999662,0.012235534030079022,0.000498195925851334,17
star,60,0.35,1.25,59,1.9666666666666666,7.425107556272989,3.775478418443893,1.0,59.0,118.0,3658.0,0.9999999999999981,60.0,56.63111486370856,0.010333333333333333,0.02075,0.2932768924229633,0.002809160026352599,0.2788615875411567,0.1491238436048966,0.014660899664963055,0.017940839973647402,0.006089100335036946,0.8,0.9446784451999662,0.008883248730964468,0.0004981959258513339,18
star,60,0.35,1.25,59,1.9666666666666666,7.425107556272989,3.775478418443893,1.0,59.0,118.0,3658.0,0.9999999999999981,60.0,56.78989341906778,0.012333333333333333,0.02275,0.2932768924229633,0.002809160026352599,0.3069714320606797,0.1491238436048966,0.017729485475103928,0.0199408399736474,0.005020514524896071,0.7808219178082192,0.9446784451999661,0.008658008658008658,0.0004981959258513339,19
star,60,0.35,1.75,59,1.9666666666666666,7.425107556272989,3.775478418443893,1.0,59.0,118.0,3658.0,0.9999999999999981,60.0,54.15933909921459,0.01,0.02925,0.574822709149008,0.015538256956662196,0.5635211101216717,0.29228273346559736,0.018574844107742565,0.013711743043337806,0.010675155892257437,1.0,0.9896559796008882,0.013465447154471545,0.0027849069452523943,0
star,60,0.35,1.75,59,1.9666666666666666,7.425107556272989,3.775478418443893,1.0,59.0,118.0,3658.0,0.9999999999999981,60.0,55.43290686324186,0.009666666666666667,0.033,0.574822709149008,0.015538256956662196,0.6270926046504391,0.29228273346559736,0.022275610630201198,0.017461743043337807,0.010724389369798804,0.9873417721518988,0.9896559796008877,0.013771996939556235,0.0027849069452523943,1
star,60,0.35,1.75,59,1.9666666666666666,7.425107556272989,3.775478418443893,1.0,59.0,118.0,3658.0,0.9999999999999981,60.0,55.017128589609534,0.009333333333333334,0.03225,0.574822709149008,0.015538256956662196,0.6228545050151881,0.29228273346559736,0.02202889286203729,0.016711743043337807,0.01022110713796271,1.0,0.9896559796008878,0.013003569607343193,0.002784906945252394,2
star,60,0.35,1.75,59,1.9666666666666666,7.425107556272989,3.775478418443893,1.0,59.0,118.0,3658.0,0.9999999999999981,60.0,54.90977403129268,0.012,0.034,0.574822709149008,0.015538256956662196,0.6186164053799369,0.29228273346559736,0.02178217509387338,0.018461743043337808,0.012217824906126624,0.987012987012987,0.9896559796008878,0.015294417537598776,0.0027849069452523943,3
star,60,0.35,1.75,59,1.9666666666666666,7.425107556272989,3.775478418443893,1.0,59.0,118.0,3658.0,0.9999999999999981,60.0,56.14817843958869,0.009666666666666667,0.02825,0.574822709149008,0.015538256956662196,0.5635211101216717,0.29228273346559736,0.018574844107742565,0.012711743043337805,0.009675155892257436,1.0,0.9896559796008882,0.012449186991869919,0.0027849069452523943,4
star,60,0.35,1.75,59,1.9666666666666666,7.425107556272989,3.775478418443893,1.0,59.0,118.0,3658.0,0.9999999999999981,60.0,54.46511779401793,0.012,0.0325,0.574822709149008,0.015538256956662196,0.5974259072036809,0.29228273346559736,0.020548586253053835,0.016961743043337807,0.011951413746946166,0.9861111111111112,0.9896559796008881,0.015020366598778005,0.002784906945252394,5
star,60,0.35,1.75,59,1.9666666666666666,7.425107556272989,3.775478418443893,1.0,59.0,118.0,3658.0,0.9999999999999981,60.0,57.03632585378974,0.009666666666666667,0.026,0.574822709149008,0.015538256956662196,0.5126639144986579,0.29228273346559736,0.015614230889775656,0.010461743043337803,0.010385769110224343,0.9807692307692307,0.9896559796008884,0.01342451874366768,0.0027849069452523948,6
star,60,0.35,1.75,59,1.9666666666666666,7.425107556272989,3.775478418443893,1.0,59.0,118.0,3658.0,0.9999999999999981,60.0,55.990757413821456,0.012333333333333333,0.0295,0.574822709149008,0.015538256956662196,0.6016640068389322,0.29228273346559736,0.020795304021217747,0.013961743043337803,0.008704695978782252,0.9863013698630136,0.9896559796008881,0.011713776419658773,0.002784906945252394,7
star,60,0.35,1.75,59,1.9666666666666666,7.425107556272989,3.775478418443893,1.0,59.0,118.0,3658.0,0.9999999999999981,60.0,55.60131489614122,0.012666666666666666,0.03075,0.574822709149008,0.015538256956662196,0.5550449108511695,0.29228273346559736,0.01808140857141475,0.015211743043337804,0.01266859142858525,0.9838709677419355,0.9896559796008885,0.01574403250380904,0.0027849069452523943,8
star,60,0.35,1.75,59,1.9666666666666666,7.425107556272989,3.775478418443893,1.0,59.0,118.0,3658.0,0.9999999999999981,60.0,56.68410005628876,0.008666666666666666,0.02975,0.574822709149008,0.015538256956662196,0.597425907203681,0.29228273346559736,0.020548586253053835,0.014211743043337803,0.009201413746946163,1.0,0.9896559796008881,0.011965376782077392,0.002784906945252394,9
star,60,0.35,1.75,59,1.9666666666666666,7.425107556272989,3.775478418443893,1.0,59.0,118.0,3658.0,0.9999999999999981,60.0,54.546973427141936,0.014333333333333333,0.03,0.574822709149008,0.015538256956662196,0.5719973093921741,0.29228273346559736,0.01906827964407038,0.014461743043337803,0.010931720355929618,1.0,0.9896559796008882,0.013726487036095577,0.0027849069452523943,10
star,60,0.35,1.75,59,1.9666666666666666,7.425107556272989,3.775478418443893,1.0,59.0,118.0,3658.0,0.9999999999999981,60.0,56.60931349176451,0.007666666666666666,0.03225,0.574822709149008,0.015538256956662196,0.622854505015188,0.29228273346559736,0.02202889286203729,0.016711743043337807,0.01022110713796271,0.9871794871794872,0.9896559796008878,0.013258541560428353,0.002784906945252394,11
star,60,0.35,1.75,59,1.9666666666666666,7.425107556272989,3.775478418443893,1.0,59.0,118.0,3658.0,0.9999999999999981,60.0,53.886342328128336,0.010666666666666666,0.03625,0.574822709149008,0.015538256956662196,0.5804735086626764,0.29228273346559736,0.019561715180398204,0.020711743043337803,0.016688284819601794,0.9705882352941176,0.989655979600888,0.020091556459816886,0.0027849069452523943,12
star,60,0.35,1.75,59,1.9666666666666666,7.425107556272989,3.775478418443893,1.0,59.0,118.0,3658.0,0.9999999999999981,60.0,57.409776794863895,0.011,0.03,0.574822709149008,0.015538256956662196,0.5889497079331787,0.29228273346559736,0.02005515071672602,0.014461743043337803,0.00994484928327398,0.9857142857142858,0.9896559796008879,0.012977099236641221,0.0027849069452523943,13
star,60,0.35,1.75,59,1.9666666666666666,7.425107556272989,3.775478418443893,1.0,59.0,118.0,3658.0,0.9999999999999981,60.0,51.30929607403371,0.013666666666666667,0.0355,0.574822709149008,0.015538256956662196,0.5296163130396625,0.29228273346559736,0.016601101962431294,0.019961743043337803,0.018898898037568702,0.9821428571428571,0.9896559796008882,0.022058823529411766,0.0027849069452523948,14
star,60,0.35,1.75,59,1.9666666666666666,7.425107556272989,3.775478418443893,1.0,59.0,118.0,3658.0,0.9999999999999981,60.0,53.30796535503448,0.013333333333333334,0.034,0.574822709149008,0.015538256956662196,0.5465687115806671,0.29228273346559736,0.017587973035086926,0.018461743043337808,0.016412026964913076,1.0,0.9896559796008884,0.019289340101522844,0.0027849069452523948,15
star,60,0.35,1.75,59,1.9666666666666666,7.425107556272989,3.775478418443893,1.0,59.0,118.0,3658.0,0.9999999999999981,60.0,55.23942253038827,0.011666666666666667,0.0255,0.574822709149008,0.015538256956662196,0.5253782134044114,0.29228273346559736,0.016354384194267383,0.009961743043337802,0.009145615805732615,0.9818181818181818,0.9896559796008885,0.012167300380228136,0.0027849069452523943,16
star,60,0.35,1.75,59,1.9666666666666666,7.425107556272989,3.775478418443893,1.0,59.0,118.0,3658.0,0.9999999999999981,60.0,55.12069083548142,0.007333333333333333,0.0325,0.574822709149008,0.015538256956662196,0.6313307042856904,0.29228273346559736,0.022522328398365106,0.016961743043337807,0.009977671601634895,1.0,0.9896559796008881,0.012755102040816327,0.002784906945252394,17
star,60,0.35,1.75,59,1.9666666666666666,7.425107556272989,3.775478418443893,1.0,59.0,118.0,3658.0,0.9999999999999981,60.0,57.112249557692806,0.007,0.0265,0.574822709149008,0.015538256956662196,0.5380925123101649,0.29228273346559736,0.01709453749875911,0.010961743043337803,0.009405462501240889,0.9827586206896551,0.9896559796008882,0.012430238457635717,0.0027849069452523943,18
star,60,0.35,1.75,59,1.9666666666666666,7.425107556272989,3.775478418443893,1.0,59.0,118.0,3658.0,0.9999999999999981,60.0,56.206365334606765,0.008,0.0295,0.574822709149008,0.015538256956662196,0.5592830104864206,0.29228273346559736,0.018328126339578657,0.013961743043337803,0.011171873660421341,1.0,0.9896559796008885,0.01397002794005588,0.0027849069452523943,19
star,60,0.35,2.5,59,1.9666666666666666,7.425107556272989,3.775478418443893,1.0,59.0,118.0,3658.0,0.9999999999999981,60.0,54.686253940139736,0.013,0.04025,1.1731075696918531,0.08931289811592846,1.253833277029971,0.5964953744195864,0.03570059601101058,-0.04906289811592846,0.004549403988989419,1.0,0.9983206792993113,0.02166156982670744,0.01705657808799558,0
star,60,0.35,2.5,59,1.9666666666666666,7.425107556272989,3.775478418443893,1.0,59.0,118.0,3658.0,0.9999999999999981,60.0,53.231711582895144,0.010333333333333333,0.0355,1.1731075696918531,0.08931289811592846,1.1846398135972989,0.5964953744195864,0.03373806780858795,-0.053812898115928466,0.0017619321914120467,1.0,0.9983206792993113,0.018819938962360123,0.01705657808799558,1
star,60,0.35,2.5,59,1.9666666666666666,7.425107556272989,3.775478418443893,1.0,59.0,118.0,3658.0,0.9999999999999981,60.0,54.057505029600385,0.007666666666666666,0.0305,1.1731075696918531,0.08931289811592846,1.0030069720865347,0.5964953744195864,0.02858643127722854,-0.058812898115928464,0.0019135687227714582,1.0,0.9983206792993112,0.018972931950417403,0.017056578087995575,2
star,60,0.35,2.5,59,1.9666666666666666,7.425107556272989,3.775478418443893,1.0,59.0,118.0,3658.0,0.9999999999999981,60.0,53.73823816481649,0.011333333333333334,0.038,1.1731075696918531,0.08931289811592846,1.1586922648100466,0.5964953744195864,0.03300211973267946,-0.051312898115928464,0.004997880267320537,1.0,0.9983206792993113,0.02210927573062262,0.01705657808799558,3
star,60,0.35,2.5,59,1.9666666666666666,7.425107556272989,3.775478418443893,1.0,59.0,118.0,3658.0,0.9999999999999981,60.0,56.62778109210545,0.007666666666666666,0.03275,1.1731075696918531,0.08931289811592846,1.1413938989518788,0.5964953744195864,0.032511487682073806,-0.05656289811592846,0.00023851231792619554,1.0,0.9983206792993113,0.017272034544069087,0.017056578087995575,4
star,60,0.35,2.5,59,1.9666666666666666,7.425107556272989,3.775478418443893,1.0,59.0,118.0,3658.0,0.9999999999999981,60.0,55.48529890772423,0.013666666666666667,0.03575,1.1731075696918531,0.08931289811592846,1.227885728242719,0.5964953744195864,0.034964647935102094,-0.053562898115928466,0.0007853520648979026,1.0,0.9983206792993113,0.017825311942959002,0.017056578087995575,5
star,60,0.35,2.5,59,1.9666666666666666,7.425107556272989,3.775478418443893,1.0,59.0,118.0,3658.0,0.9999999999999981,60.0,53.787628277395555,0.014333333333333333,0.0365,1.1731075696918531,0.08931289811592846,1.219236545313635,0.5964953744195864,0.03471933190979926,-0.052812898115928465,0.001780668090200735,1.0,0.9983206792993113,0.01883910386965377,0.01705657808799558,6
star,60,0.35,2.5,59,1.9666666666666666,7.425107556272989,3.775478418443893,1.0,59.0,118.0,3658.0,0.9999999999999981,60.0,56.2948431587575,0.009333333333333334,0.0365,1.1731075696918531,0.08931289811592846,1.1240955330937108,0.5964953744195864,0.032020855631468136,-0.052812898115928465,0.004479144368531862,1.0,0.9983206792993113,0.02157908098502158,0.01705657808799558,7
star,60,0.35,2.5,59,1.9666666666666666,7.425107556272989,3.775478418443893,1.0,59.0,118.0,3658.0,0.9999999999999981,60.0,54.12909976726584,0.011333333333333334,0.0335,1.1731075696918531,0.08931289811592846,1.1586922648100466,0.5964953744195864,0.03300211973267946,-0.05581289811592846,0.0004978802673205399,1.0,0.9983206792993113,0.017534942820838628,0.01705657808799558,8
star,60,0.35,2.5,59,1.9666666666666666,7.425107556272989,3.775478418443893,1.0,59.0,118.0,3658.0,0.9999999999999981,60.0,52.572933022409586,0.013666666666666667,0.0405,1.1731075696918531,0.08931289811592846,1.2624824599590552,0.5964953744195864,0.03594591203631341,-0.04881289811592846,0.004554087963686594,1.0,0.9983206792993113,0.021667091511598267,0.017056578087995575,9
star,60,0.35,2.5,59,1.9666666666666666,7.425107556272989,3.775478418443893,1.0,59.0,118.0,3658.0,0.9999999999999981,60.0,53.76957401008275,0.011,0.0405,1.1731075696918531,0.08931289811592846,1.1154463501646268,0.5964953744195864,0.03177553960616532,-0.04881289811592846,0.008724460393834683,1.0,0.9983206792993113,0.025888324873096447,0.01705657808799558,10
star,60,0.35,2.5,59,1.9666666666666666,7.425107556272989,3.775478418443893,1.0,59.0,118.0,3658.0,0.9999999999999981,60.0,52.37012856352417,0.012666666666666666,0.03475,1.1731075696918531,0.08931289811592846,1.1586922648100466,0.5964953744195864,0.03300211973267946,-0.05456289811592846,0.001747880267320541,1.0,0.9983206792993113,0.01880559085133418,0.01705657808799558,11
star,60,0.35,2.5,59,1.9666666666666666,7.425107556272989,3.775478418443893,1.0,59.0,118.0,3658.0,0.9999999999999981,60.0,57.249158970811294,0.006333333333333333,0.03125,1.1731075696918531,0.08931289811592846,1.184639813597299,0.5964953744195864,0.03373806780858794,-0.05806289811592846,-0.002488067808587943,1.0,0.9983206792993113,0.01449643947100712,0.01705657808799558,12
star,60,0.35,2.5,59,1.9666666666666666,7.425107556272989,3.775478418443893,1.0,59.0,118.0,3658.0,0.9999999999999981,60.0,56.03263399865455,0.011666666666666667,0.033,1.1731075696918531,0.08931289811592846,1.210587362384551,0.5964953744195864,0.03447401588449644,-0.05631289811592846,-0.0014740158844964366,1.0,0.9983206792993113,0.015525579027742428,0.017056578087995575,13
star,60,0.35,2.5,59,1.9666666666666666,7.425107556272989,3.775478418443893,1.0,59.0,118.0,3658.0,0.9999999999999981,60.0,57.268672067834046,0.01,0.034,1.1731075696918531,0.08931289811592846,1.2538332770299707,0.5964953744195864,0.035700596011010576,-0.05531289811592846,-0.001700596011010573,1.0,0.9983206792993113,0.01529051987767584,0.01705657808799558,14
star,60,0.35,2.5,59,1.9666666666666666,7.425107556272989,3.775478418443893,1.0,59.0,118.0,3658.0,0.9999999999999981,60.0,56.73386858891151,0.011,0.036,1.1731075696918531,0.08931289811592846,1.219236545313635,0.5964953744195864,0.03471933190979926,-0.053312898115928466,0.0012806680902007345,1.0,0.9983206792993113,0.018329938900203666,0.01705657808799558,15
star,60,0.35,2.5,59,1.9666666666666666,7.425107556272989,3.775478418443893,1.0,59.0,118.0,3658.0,0.9999999999999981,60.0,56.05512826302647,0.007,0.03675,1.1731075696918531,0.08931289811592846,1.210587362384551,0.5964953744195864,0.03447401588449644,-0.052562898115928465,0.00227598411550356,1.0,0.9983206792993113,0.01934334436243319,0.017056578087995575,16
star,60,0.35,2.5,59,1.9666666666666666,7.425107556272989,3.775478418443893,1.0,59.0,118.0,3658.0,0.9999999999999981,60.0,58.80972819056757,0.008,0.031,1.1731075696918531,0.08931289811592846,1.227885728242719,0.5964953744195864,0.034964647935102094,-0.05831289811592846,-0.003964647935102095,1.0,0.9983206792993113,0.012987012987012988,0.017056578087995575,17
star,60,0.35,2.5,59,1.9666666666666666,7.425107556272989,3.775478418443893,1.0,59.0,118.0,3658.0,0.9999999999999981,60.0,54.8828195379508,0.012333333333333333,0.0325,1.1731075696918531,0.08931289811592846,1.1932889965263829,0.5964953744195864,0.03398338383389077,-0.05681289811592846,-0.0014833838338907668,1.0,0.9983206792993113,0.015517679979648945,0.01705657808799558,18
star,60,0.35,2.5,59,1.9666666666666666,7.425107556272989,3.775478418443893,1.0,59.0,118.0,3658.0,0.9999999999999981,60.0,53.7558816154293,0.010666666666666666,0.041,1.1731075696918531,0.08931289811592846,1.219236545313635,0.5964953744195864,0.03471933190979926,-0.04831289811592846,0.006280668090200739,1.0,0.9983206792993113,0.023421588594704685,0.01705657808799558,19
erdos_renyi,15,0.15,0.75,29,3.8666666666666667,1.0873004286866728,0.2811983867293119,2.0,6.0,58.0,300.0,1.071901325153486,7.799754145091084,2.8042438989838367,0.016666666666666666,0.66625,3.9464001411506753,0.686661585194074,3.967152762582589,4.08248290463863,0.6516734043584183,-0.020411585194074044,0.014576595641581758,,,,,0
erdos_renyi,15,0.15,0.75,28,3.7333333333333334,1.7307673314329557,0.4635983923481131,1.0,8.0,56.0,310.0,0.6611438884298108,9.525987690166794,3.113404131249489,0.007,0.49825,3.7483568682116615,0.6576214687557265,3.739236982081414,3.0120724833843706,0.5825495757784654,-0.15937146875572644,-0.08429957577846542,,,,,1
erdos_renyi,15,0.15,0.75,31,4.133333333333334,1.6275407487644937,0.3937598585720549,1.0,7.0,62.0,358.0,0.8865931470783431,8.551035611268018,3.321745376698876,0.006,0.55825,3.861747979218336,0.6745923742859896,3.8885310700419464,3.7371754637596797,0.6135220166026273,-0.11634237428598959,-0.05527201660262726,,,,,2
erdos_renyi,15,0.15,0.75,35,4.666666666666667,1.349897115421106,0.289263667590237,2.0,7.0,70.0,424.0,1.155400693957295,9.037261816999038,3.493441954382327,0.010666666666666666,0.6305,4.0063497818367635,0.6949079967244637,4.0053481943913045,4.292517623396532,0.6551429307366311,-0.06440799672446373,-0.024642930736631152,,,,,3
erdos_renyi,15,0.15,0.75,25,3.3333333333333335,1.2995725793078619,0.38987177379235854,1.0,6.0,50.0,242.0,0.2821920602951699,7.650575678570947,2.6373260699612477,0.009666666666666667,0.5645,3.787878787878788,0.6636430784432764,3.801704545454546,4.545454545454546,0.6024577373995298,-0.09914307844327641,-0.03795773739952979,,,,,4
erdos_renyi,15,0.15,0.75,34,4.533333333333333,1.359738536958076,0.2999423243289873,2.0,7.0,68.0,404.0,1.1405565984696944,8.838991494679831,3.470098433253552,0.008,0.612,3.9870527534716538,0.6922803721234795,3.975326127726149,4.397484654564324,0.6465593243277633,-0.0802803721234795,-0.03455932432776332,,,,,5
erdos_renyi,15,0.15,0.75,28,3.7333333333333334,1.5260697523012794,0.40876868365212843,1.0,6.0,56.0,300.0,0.7629319402224979,8.075483683224862,2.8351420265862894,0.011666666666666667,0.56675,3.8103173776627215,0.6670108505948257,3.7831858766923108,3.0618621784789726,0.5915749180207865,-0.1002608505948257,-0.02482491802078657,,,,,6
erdos_renyi,15,0.15,0.75,32,4.266666666666667,1.569146972791976,0.36776882174811937,2.0,7.0,64.0,374.0,1.0983043988132994,8.867317389909504,3.284583089595128,0.007,0.57,3.9001195953446963,0.6801256352127248,3.909565197489672,3.656362120635653,0.61953763712866,-0.11012563521272489,-0.049537637128659995,,,,,7
erdos_renyi,15,0.15,0.75,29,3.8666666666666667,1.4544949486180951,0.3761624867115763,2.0,7.0,58.0,314.0,0.9991636215662257,8.407188644401357,2.8946519668339534,0.012333333333333333,0.623,3.857419941593507,0.6739616921725675,3.8677285638512133,3.9904344223381107,0.6126031720119361,-0.05096169217256752,0.01039682798806385,,,,,8
erdos_renyi,15,0.15,0.75,37,4.933333333333334,1.8427033281447005,0.373520944894196,2.0,9.0,74.0,490.0,1.436482122286269,10.725766573324591,3.7087213797702168,0.01633333333333333,0.6035,3.9397388174996295,0.685730035440139,3.925297545144943,3.992978531249624,0.620427176266554,-0.08223003544013896,-0.016927176266553934,,,,,9
erdos_renyi,15,0.15,0.75,33,4.4,1.4966629547095767,0.34015067152490375,2.0,9.0,66.0,390.0,1.2598018815781944,10.3314693823183,3.5001318969128676,0.008,0.5655,3.9386318072168813,0.6855749280057276,3.9507162457162965,3.580574370197165,0.6400389292968266,-0.12007492800572761,-0.0745389292968266,,,,,10
erdos_renyi,15,0.15,0.75,29,3.8666666666666667,1.14697670227235,0.2966319057600905,2.0,6.0,58.0,302.0,0.9495848737205957,8.328693364017592,2.9491077679267192,0.008333333333333333,0.608,3.933310884060604,0.6848282056247562,3.935175815945288,4.068942293855797,0.6435161256004094,-0.07682820562475623,-0.0355161256004094,,,,,11
erdos_renyi,15,0.15,0.75,28,3.7333333333333334,1.6519348924485155,0.44248256047728096,1.0,7.0,56.0,306.0,0.5782833531642473,9.110760325729258,2.96443386233056,0.007333333333333333,0.556,3.7727763894540693,0.6613556412994519,3.7913876301252594,3.0316953129541626,0.590569410655185,-0.10535564129945185,-0.03456941065518493,,,,,12
erdos_renyi,15,0.15,0.75,34,4.533333333333333,1.4079141387961918,0.31056929532268934,3.0,7.0,68.0,406.0,1.477386571381554,8.841450609152064,3.5587119197372927,0.007,0.57225,3.9772203026137127,0.6909317718567453,3.985262476019733,3.509312031717982,0.6452262034611271,-0.11868177185674522,-0.0729762034611271,,,,,13
erdos_renyi,15,0.15,0.75,26,3.466666666666667,1.2036980056845192,0.34722057856284205,1.0,6.0,52.0,254.0,0.5420584377402532,7.418541402364737,2.7297044472761884,0.006,0.57625,3.845211540803161,0.6721754576640776,3.8627738050520213,4.436782547080569,0.6232927466135878,-0.09592545766407756,-0.04704274661358776,,,,,14
erdos_renyi,15,0.15,0.75,24,3.2,1.2220201853215573,0.38188130791298663,1.0,6.0,48.0,224.0,0.7470683758390023,7.505692154639969,2.5580897706367782,0.008666666666666666,0.54775,3.779644730092272,0.662398008855741,3.784074001260349,3.543416934461505,0.6011737490507233,-0.114648008855741,-0.053423749050723335,,,,,15
erdos_renyi,15,0.15,0.75,29,3.8666666666666667,1.8571184369578826,0.48028925093738345,1.0,7.0,58.0,334.0,0.7957492552307578,8.71732005998439,2.9937750265459844,0.014,0.5535,3.740145623914995,0.6563559067848892,3.7431280676237204,3.8691161626706845,0.5674713879055289,-0.1028559067848892,-0.013971387905528876,,,,,16
erdos_renyi,15,0.15,0.75,38,5.066666666666666,1.7688665548562132,0.3491183989847789,2.0,8.0,76.0,508.0,1.653273127990611,10.233912097070984,3.8358069779281565,0.008333333333333333,0.606,3.9738867658750037,0.690473051093239,3.959638290299992,3.921598782113491,0.6309429312223006,-0.084473051093239,-0.024942931222300624,,,,,17
erdos_renyi,15,0.15,0.75,24,3.2,0.9797958971132712,0.30618621784789724,2.0,5.0,48.0,216.0,0.3930491971756877,6.323127920691536,2.557244171983136,0.007333333333333333,0.556,3.8490017945975055,0.6727311605577383,3.8580228925535938,3.6084391824351614,0.6272589601214507,-0.11673116055773824,-0.07125896012145061,,,,,18
erdos_renyi,15,0.15,0.75,35,4.666666666666667,1.8499249234015478,0.3964124835860459,2.0,10.0,70.0,448.0,1.5219801874974046,11.300547033309332,3.6648329773578783,0.01,0.5685,3.8975597778895223,0.6797597482427861,3.885519102147114,3.3407655239053047,0.6183397670987669,-0.11125974824278606,-0.04983976709876692,,,,,19
erdos_renyi,15,0.15,1.25,34,4.533333333333333,1.8571184369578824,0.4096584787407094,1.0,9.0,68.0,428.0,0.7576617816181048,10.403897177347016,3.53495488172812,0.009666666666666667,0.94275,10.760148851314145,0.9662076019299954,10.607449680115348,11.867811233067071,0.9130713335483684,-0.023457601929995464,0.02967866645163153,,,,,0
erdos_renyi,15,0.15,1.25,30,4.0,1.3165611772087666,0.32914029430219166,2.0,7.0,60.0,326.0,1.1056301919899503,8.578163169048633,3.0004620961940702,0.013,0.99,10.878617360943853,0.9671112491511805,10.896975027740442,10.878617360943853,0.9502056041847143,0.022888750848819472,0.039794395815285655,,,,,1
erdos_renyi,15,0.15,1.25,27,3.6,1.3063945294843617,0.36288736930121157,2.0,6.0,54.0,274.0,0.7710764533608268,7.666778596368664,2.7886871892821765,0.011333333333333334,0.98325,10.679470721459513,0.9655726515334877,10.706169398263162,11.866078579399458,0.9412479309091037,0.017677348466512255,0.04200206909089621,,,,,2
erdos_renyi,15,0.15,1.25,27,3.6,1.3063945294843617,0.36288736930121157,2.0,6.0,54.0,274.0,0.6432034805740365,7.884617089184543,2.726417357250777,0.012,0.9895,10.679470721459513,0.9655726515334877,10.741026004090148,8.899558934549594,0.9418220134776235,0.023927348466512344,0.047677986522376536,,,,,3
erdos_renyi,15,0.15,1.25,36,4.8,1.7204650534085253,0.35843021946010944,1.0,8.0,72.0,462.0,0.7999493839562419,9.657379581755063,3.7938686918483944,0.009666666666666667,0.943,10.965861582662818,0.9677556847126139,10.973857523400177,11.422772481940434,0.9204292022647261,-0.024755684712613912,0.022570797735273818,,,,,4
erdos_renyi,15,0.15,1.25,31,4.133333333333334,1.4544949486180951,0.3518939391817972,2.0,7.0,62.0,350.0,1.2961357637097226,9.1495966334689,3.306148371130114,0.008333333333333333,0.98625,10.848980243783375,0.9668883187166476,10.860572904124513,10.499013139145202,0.9439476835411156,0.01936168128335236,0.04230231645888438,,,,,5
erdos_renyi,15,0.15,1.25,30,4.0,1.632993161855452,0.408248290463863,1.0,6.0,60.0,340.0,0.653741231215121,8.087312126860676,3.120257964704119,0.014,0.90925,10.652291511769034,0.9653550700021807,10.750825208252898,10.652291511769034,0.8922494105320073,-0.05610507000218068,0.017000589467992655,,,,,6
erdos_renyi,15,0.15,1.25,25,3.3333333333333335,1.3498971154211057,0.40496913462633166,1.0,6.0,50.0,244.0,0.4440042937153458,7.740191287079845,2.673653665732074,0.009666666666666667,0.92375,10.478674310476682,0.9639197892243521,10.36209905877263,9.430806879429014,0.9014238638751679,-0.040169789224352104,0.02232613612483203,,,,,7
erdos_renyi,15,0.15,1.25,29,3.8666666666666667,1.14697670227235,0.2966319057600905,2.0,6.0,58.0,302.0,1.1092517457624982,7.755489307642507,3.051101699693605,0.009,0.9875,10.925863566835012,0.9674624043165634,10.851925610800823,11.30261748293277,0.9493447982238318,0.02003759568343666,0.03815520177616827,,,,,8
erdos_renyi,15,0.15,1.25,26,3.466666666666667,1.2578641509408806,0.3628454281560232,1.0,6.0,52.0,256.0,0.6889233877931203,7.7063759002180054,2.7475829938410157,0.008,0.951,10.639338142853147,0.9652507100767866,10.621179657080488,9.207119546699838,0.9272975654238139,-0.014250710076786688,0.023702434576186038,,,,,9
erdos_renyi,15,0.15,1.25,32,4.266666666666667,1.730767331432956,0.40564859330459907,2.0,8.0,64.0,382.0,1.097914466593015,9.412159966004657,3.286176755253439,0.009333333333333334,0.97625,10.71962378210995,0.9658906854754717,10.733023311837588,10.049647295728079,0.9305339028625067,0.010359314524528207,0.04571609713749325,,,,,10
erdos_renyi,15,0.15,1.25,27,3.6,1.6653327995729064,0.4625924443258073,2.0,8.0,54.0,290.0,0.920078139170323,9.451561026178945,2.9145816411375995,0.009,0.98175,10.380684981717495,0.9630736384475223,10.488817116943721,8.650570818097913,0.9333740231181208,0.01867636155247776,0.048375976881879224,,,,,11
erdos_renyi,15,0.15,1.25,36,4.8,1.7587874611030558,0.36641405439646996,1.0,9.0,72.0,464.0,0.8087142418733128,10.448649722552446,3.630117449151726,0.011666666666666667,0.9405,10.942202738310213,0.9675826489914069,10.943342551095455,11.398127852406471,0.9137181165464292,-0.027082648991406888,0.0267818834535708,,,,,12
erdos_renyi,15,0.15,1.25,33,4.4,1.3564659966250536,0.30828772650569397,2.0,8.0,66.0,384.0,1.1276115307128658,9.56138610486714,3.4786228021679637,0.010666666666666666,0.985,11.025786390774106,0.968188337306403,11.085927043814689,10.023442173431004,0.9527615516017027,0.016811662693597018,0.03223844839829726,,,,,13
erdos_renyi,15,0.15,1.25,40,5.333333333333333,1.8135294011647258,0.3400367627183861,2.0,8.0,80.0,556.0,1.6724634770705746,9.775696070869614,4.19288840040966,0.007,0.9695,11.106669331556798,0.9687597857382351,11.25018832432551,12.4950029980014,0.9401770467106603,0.0007402142617649599,0.02932295328933976,,,,,14
erdos_renyi,15,0.15,1.25,22,2.933333333333333,1.2364824660660938,0.42152811343162294,1.0,5.0,44.0,196.0,0.5431237789145473,7.04298514829624,2.3646666511387413,0.007666666666666666,0.93575,10.288590731550295,0.9622534680038771,10.181320481593506,10.52242233908553,0.9062549261398678,-0.02650346800387715,0.02949507386013217,,,,,15
erdos_renyi,15,0.15,1.25,33,4.4,2.0591260281974,0.4679831882266818,1.0,8.0,66.0,420.0,0.5703264291254002,9.858142271067477,3.3771861342924026,0.011333333333333334,0.937,10.542668267730413,0.9644581263961378,10.40549377720142,9.58424387975492,0.897817948329142,-0.02745812639613776,0.03918205167085809,,,,,16
erdos_renyi,15,0.15,1.25,33,4.4,1.9595917942265426,0.4453617714151233,1.0,10.0,66.0,414.0,0.8854363663415421,11.162892867299401,3.496981778800626,0.007,0.95425,10.618789604758438,0.9650842745767849,10.709893992844716,9.653445095234943,0.9226278084534713,-0.010834274576784875,0.03162219154652879,,,,,17
erdos_renyi,15,0.15,1.25,29,3.8666666666666667,1.8571184369578826,0.48028925093738345,1.0,8.0,58.0,334.0,0.6766816308471493,9.361536997317991,3.037613972794632,0.01,0.9035,10.389293399763876,0.9631490538013618,10.330405810019522,10.747544896307456,0.8816234238501225,-0.05964905380136187,0.02187657614987748,,,,,18
erdos_renyi,15,0.15,1.25,32,4.266666666666667,1.569146972791976,0.36776882174811937,2.0,8.0,64.0,374.0,1.151469735270983,9.472194102398129,3.3181713397507986,0.009666666666666667,0.98125,10.833665542624159,0.9667723099543956,10.878312093981457,10.156561446210148,0.9412147497183697,0.014477690045604397,0.04003525028163024,,,,,19
erdos_renyi,15,0.15,1.75,38,5.066666666666666,1.806162291219209,0.35647939958273867,2.0,8.0,76.0,510.0,1.667929024098614,10.15044816787921,3.8628964850259977,0.009666666666666667,1.0,21.59314129630645,0.9941578537366106,21.570056523539016,21.309021016091894,0.9884156793337393,0.005842146263389414,0.011584320666260695,,,,,0
erdos_renyi,15,0.15,1.75,23,3.066666666666667,1.6110727964792764,0.5253498249388945,1.0,8.0,46.0,226.0,0.7950133121670315,9.172422213709346,2.4667190779976957,0.011666666666666667,0.99925,19.633192938302116,0.9925578722388925,19.896213702394043,19.206384396165113,0.9767734584711493,0.0066921277611075025,0.022476541528850702,,,,,1
erdos_renyi,15,0.15,1.75,24,3.2,1.1661903789690602,0.3644344934278313,1.0,5.0,48.0,222.0,0.5112738705659379,7.112711889771109,2.4865197707892244,0.013666666666666667,0.99775,20.670551907498872,0.9934711834095029,20.618875527730125,19.37864241328019,0.9830372221530561,0.004278816590497114,0.014712777846943914,,,,,2
erdos_renyi,15,0.15,1.75,32,4.266666666666667,1.7688665548562132,0.414578098794425,1.0,9.0,64.0,384.0,0.854348165814723,10.289607461196274,3.3628240992808722,0.008,0.99325,20.955676437253086,0.9936948337294587,20.848033021178914,19.645946659924768,0.9766852653539082,-0.0004448337294586935,0.01656473464609176,,,,,3
erdos_renyi,15,0.15,1.75,31,4.133333333333334,1.8571184369578824,0.4493028476511005,1.0,8.0,62.0,370.0,0.7044463029570924,9.43883963951138,3.2251741622110828,0.009666666666666667,0.99575,20.68131501778693,0.9934798241317624,20.76971096100811,20.014175823664768,0.9761247783555907,0.002270175868237634,0.019625221644409274,,,,,4
erdos_renyi,15,0.15,1.75,31,4.133333333333334,1.7074997966487597,0.4131047895117967,2.0,7.0,62.0,362.0,1.001295140887702,8.650362457066961,3.218763694846645,0.012,1.0,20.908589039804554,0.9936586386175673,20.943577202915513,20.234118425617307,0.9852992018369185,0.006341361382432686,0.014700798163081452,,,,,5
erdos_renyi,15,0.15,1.75,32,4.266666666666667,1.5260697523012796,0.3576725981956124,1.0,7.0,64.0,372.0,0.7658541153156698,8.707406281318457,3.2712187442632636,0.009333333333333334,0.99325,21.290988551248333,0.9939444831585821,21.119246788129864,19.96030176679531,0.9783305302437211,-0.0006944831585821154,0.014919469756278891,,,,,6
erdos_renyi,15,0.15,1.75,30,4.0,1.591644851508443,0.39791121287711073,1.0,6.0,60.0,338.0,0.8456925881514206,8.443777673314727,3.095826977007435,0.012,0.99675,20.94017094017094,0.9936829466802781,20.84201388888889,20.94017094017094,0.9779160603606044,0.003067053319721902,0.018833939639395614,,,,,7
erdos_renyi,15,0.15,1.75,36,4.8,2.1664102412362563,0.45133546692422005,1.0,9.0,72.0,488.0,0.9057065881582333,10.384663680959726,3.6586266733581216,0.011,0.99,20.912690389039675,0.9936618026779186,20.735150361257723,21.784052488582997,0.9703634686658075,-0.003661802677918602,0.01963653133419252,,,,,8
erdos_renyi,15,0.15,1.75,24,3.2,1.2754084313139327,0.39856513478560396,1.0,5.0,48.0,226.0,0.6761588103225,7.19460085993494,2.505480733522151,0.013,0.998,20.48681002257612,0.9933211923211692,20.68687652670284,19.206384396165113,0.9782592697386804,0.004678807678830776,0.019740730261319617,,,,,9
erdos_renyi,15,0.15,1.75,22,2.933333333333333,1.3888444437333107,0.4734696967272651,1.0,6.0,44.0,202.0,0.2146821280828374,7.784579279689522,2.36598058379151,0.013666666666666667,0.9995,19.863890574932746,0.9927756205711473,20.09864564536377,20.315342633453945,0.9832629308337546,0.006724379428852734,0.016237069166245455,,,,,10
erdos_renyi,15,0.15,1.75,37,4.933333333333334,1.5260697523012796,0.3093384633043134,3.0,8.0,74.0,474.0,1.4629179637637457,9.835873929221638,3.715463732708286,0.010666666666666666,1.0,21.80870466412846,0.9943037530181256,21.748657048245803,22.103416889319384,0.9914346006742683,0.005696246981874431,0.008565399325731748,,,,,11
erdos_renyi,15,0.15,1.75,28,3.7333333333333334,1.4360439485692011,0.38465462908103604,2.0,7.0,56.0,296.0,1.0268953444842925,8.565229833888443,2.849391852289755,0.010666666666666666,1.0,20.88476023916206,0.9936402120583936,20.940235383547332,16.782396620755225,0.9892565634658347,0.00635978794160641,0.010743436534165318,,,,,12
erdos_renyi,15,0.15,1.75,26,3.466666666666667,1.4079141387961915,0.4061290784989014,1.0,7.0,52.0,262.0,0.5947081912772497,8.53157390637452,2.796042266192539,0.007333333333333333,0.997,20.612943855299303,0.9934246641787143,20.693710918963095,23.78416598688381,0.9814757389994263,0.0035753358212856634,0.015524261000573691,,,,,13
erdos_renyi,15,0.15,1.75,32,4.266666666666667,1.9136933459209764,0.44852187795022885,1.0,7.0,64.0,392.0,0.7011363819265624,9.210338667096169,3.328116045611272,0.009,0.989,20.74074074074074,0.9935272473431614,20.63298611111111,24.305555555555557,0.9626233251284915,-0.004527247343161456,0.02637667487150852,,,,,14
erdos_renyi,15,0.15,1.75,26,3.466666666666667,1.7074997966487597,0.4925480182640653,1.0,6.0,52.0,276.0,0.5937464732076789,8.140442324426386,2.729703505761979,0.011666666666666667,0.99575,20.083348521974923,0.9929746491471078,20.272112687169443,17.379820836324452,0.9717667098972169,0.0027753508528922666,0.023983290102783106,,,,,15
erdos_renyi,15,0.15,1.75,31,4.133333333333334,1.499629583893599,0.3628136090065158,1.0,7.0,62.0,352.0,0.7214354583409657,8.794124028047015,3.1632890306824586,0.010666666666666666,0.99475,21.203506130260326,0.9938806907454221,21.181276648026987,20.519522061542247,0.9792416637648387,0.0008693092545779546,0.015508336235161346,,,,,16
erdos_renyi,15,0.15,1.75,31,4.133333333333334,1.2036980056845192,0.29121725943980303,3.0,6.0,62.0,340.0,1.2669026872995397,8.659159555843315,3.0606278166226986,0.011666666666666667,1.0,21.574441075169553,0.9941449535399739,21.681008374835212,20.878491363067308,0.9918576695843719,0.005855046460026103,0.008142330415628063,,,,,17
erdos_renyi,15,0.15,1.75,37,4.933333333333334,1.3888444437333107,0.2815225223783738,3.0,8.0,74.0,468.0,1.8711225935125666,9.468434599645633,3.742089518925643,0.01,1.0,21.948058827501708,0.9943953941316334,21.93767798886708,22.24465421706254,0.9921396325941249,0.005604605868366641,0.007860367405875146,,,,,18
erdos_renyi,15,0.15,1.75,28,3.7333333333333334,1.5691469727919758,0.4203072248549935,1.0,6.0,56.0,302.0,0.7965810099576026,8.085988729292373,2.923584711859074,0.011,0.99775,20.676254915445014,0.9934757638120051,20.679947103822776,22.15313026654823,0.9792913020068915,0.00427423618799494,0.018458697993108508,,,,,19
erdos_renyi,15,0.15,2.5,27,3.6,1.6653327995729064,0.4625924443258073,1.0,7.0,54.0,290.0,0.6587377119508763,8.657291417636689,2.857978714620877,0.008333333333333333,1.0,41.52273992686998,0.9988998493165012,41.39009784099249,34.60228327239165,0.9963718580159836,0.0011001506834987795,0.0036281419840163975,,,,,0
erdos_renyi,15,0.15,2.5,32,4.266666666666667,1.7688665548562132,0.414578098794425,2.0,7.0,64.0,384.0,1.2896887511858492,9.011229950005632,3.2343857691349203,0.012,1.0,42.766686606638956,0.9989798625185814,42.56705305001812,40.093768693724016,0.9976367024308228,0.0010201374814186037,0.002363297569177192,,,,,1
erdos_renyi,15,0.15,2.5,21,2.8,1.1075498483890769,0.3955535172818132,1.0,6.0,42.0,178.0,0.27141740567893413,7.265013276825273,2.1978815833886296,0.009,1.0,41.22213977802512,0.998879211444658,41.155889910524714,44.16657833359834,0.9975463835789153,0.0011207885553420338,0.002453616421084659,,,,,2
erdos_renyi,15,0.15,2.5,23,3.066666666666667,1.4360439485692011,0.46827520062039163,1.0,6.0,46.0,218.0,0.3976263036876269,7.865885464622032,2.4972891196933675,0.009666666666666667,1.0,40.796304740900894,0.9988490433708032,40.76082969330011,39.90942855088131,0.9960546252395075,0.001150956629196842,0.003945374760492504,,,,,3
erdos_renyi,15,0.15,2.5,34,4.533333333333333,1.9618585292749546,0.43276291086947527,1.0,9.0,68.0,434.0,0.815578314997043,10.424113483171089,3.5282489368641357,0.008333333333333333,1.0,42.742044319023044,0.9989783572666984,42.434835875480054,47.1419606459813,0.9925423128229063,0.001021642733301631,0.007457687177093719,,,,,4
erdos_renyi,15,0.15,2.5,33,4.4,1.451436070471816,0.32987183419814,2.0,7.0,66.0,388.0,1.0806116380451911,8.955161831818925,3.223366137600727,0.010333333333333333,1.0,43.87522080441734,0.9990445081827952,43.244514505353834,39.88656436765212,0.998019776651872,0.0009554918172047788,0.001980223348127974,,,,,5
erdos_renyi,15,0.15,2.5,41,5.466666666666667,2.0933757957476775,0.38293459678311176,3.0,9.0,82.0,596.0,1.9781078519785265,10.352290540040336,4.212099026753651,0.009666666666666667,1.0,43.98270796463552,0.9990504707547033,44.492263727640456,48.273703863624355,0.9981762686566836,0.0009495292452966764,0.0018237313433163704,,,,,6
erdos_renyi,15,0.15,2.5,30,4.0,1.4142135623730951,0.3535533905932738,2.0,7.0,60.0,330.0,0.8607869698208446,9.082298412195957,3.111233666944974,0.005333333333333333,1.0,43.249941342306826,0.9990087690731688,43.45808168501667,43.249941342306826,0.9980833250040039,0.000991230926831177,0.001916674995996126,,,,,7
erdos_renyi,15,0.15,2.5,30,4.0,1.3662601021279464,0.3415650255319866,1.0,6.0,60.0,328.0,0.7790463741997177,8.499685017312794,3.1553344672265706,0.007333333333333333,1.0,43.3816005246128,0.9990164468789889,43.31652812382588,43.3816005246128,0.9966893448043284,0.0009835531210110604,0.0033106551956716412,,,,,8
erdos_renyi,15,0.15,2.5,29,3.8666666666666667,1.6275407487644937,0.42091571088736907,1.0,8.0,58.0,322.0,0.6684918321015041,9.291505404721395,3.177076292540642,0.008,1.0,42.32444774247023,0.9989523724275988,42.3363058851567,43.78391145772782,0.9965418241878209,0.0010476275724011774,0.0034581758121791095,,,,,9
erdos_renyi,15,0.15,2.5,32,4.266666666666667,1.3888444437333105,0.3255104164999947,2.0,7.0,64.0,366.0,1.1926822655195328,8.992826849744604,3.228200111822408,0.013333333333333334,1.0,43.80570494545617,0.9990406242268874,44.42257825142636,51.33481048295644,0.9982416766279487,0.0009593757731125585,0.0017583233720512847,,,,,10
erdos_renyi,15,0.15,2.5,29,3.8666666666666667,1.3097921802925665,0.33873935697221547,1.0,6.0,58.0,308.0,0.6396660916164402,8.355963091703845,3.0830330704289635,0.005666666666666667,1.0,43.27567769765931,0.9990102764424841,43.27381236672407,44.76794244585446,0.9969088520608803,0.0009897235575159202,0.003091147939119687,,,,,11
erdos_renyi,15,0.15,2.5,28,3.7333333333333334,1.1813363431112902,0.31642937761909556,2.0,6.0,56.0,286.0,0.8619536355830494,7.485289549996686,2.9268125588252665,0.008666666666666666,1.0,43.36069681518248,0.999015233395982,43.17099376661606,34.84341708362878,0.9984095209577987,0.000984766604018028,0.0015904790422013315,,,,,12
erdos_renyi,15,0.15,2.5,26,3.466666666666667,1.5860503004493758,0.45751450974501223,1.0,7.0,52.0,270.0,0.6375183271778214,8.565749712106372,2.577489925545722,0.019,1.0,41.43932798411228,0.9988941759296652,41.71525812477573,35.86095690932793,0.9966233090635548,0.001105824070334771,0.0033766909364452147,,,,,13
erdos_renyi,15,0.15,2.5,34,4.533333333333333,1.359738536958076,0.2999423243289873,2.0,7.0,68.0,404.0,1.2418489020983814,8.646621078609643,3.65065350468624,0.005666666666666667,1.0,44.300586149685046,0.9990678044987208,44.282670471462744,48.86094060627027,0.9984022853495982,0.0009321955012792094,0.0015977146504018158,,,,,14
erdos_renyi,15,0.15,2.5,33,4.4,1.2,0.2727272727272727,2.0,6.0,66.0,378.0,1.0654567667263901,8.545489928060043,3.4017233465458006,0.01,1.0,44.45179245547994,0.9990758955645269,44.469472145661086,50.51340051759083,0.9985202141428203,0.0009241044354730832,0.0014797858571796718,,,,,15
erdos_renyi,15,0.15,2.5,34,4.533333333333333,1.7074997966487595,0.3766543669078146,2.0,9.0,68.0,420.0,1.4666943295442405,10.485181725570708,3.3927095766922957,0.015,1.0,43.44857225488897,0.9990203206938689,43.58195298221556,38.33697551901968,0.9980426563638275,0.000979679306131076,0.001957343636172504,,,,,16
erdos_renyi,15,0.15,2.5,27,3.6,1.1430952132988164,0.31752644813856007,2.0,6.0,54.0,268.0,0.75839272818626,7.68967611462623,2.769204873529623,0.011,1.0,43.19342127906801,0.9990054474956546,42.79748158400989,35.99451773255667,0.9984373119637442,0.0009945525043454362,0.0015626880362558104,,,,,17
erdos_renyi,15,0.15,2.5,28,3.7333333333333334,2.2939534045447005,0.614451804788759,1.0,9.0,56.0,344.0,0.6814288080993055,10.159472239249661,3.061035026275617,0.014333333333333333,1.0,39.53666638252714,0.9987529121160524,39.366341011727414,31.770535485959307,0.9928299916737306,0.0012470878839475619,0.00717000832626935,,,,,18
erdos_renyi,15,0.15,2.5,30,4.0,1.505545305418162,0.3763863263545405,1.0,7.0,60.0,334.0,0.7743975780566491,8.621867391406223,3.0989776543792,0.007,1.0,42.990179585229825,0.9989933746983692,42.95256317809275,42.990179585229825,0.9964228175489661,0.0010066253016307591,0.003577182451033889,,,,,19
erdos_renyi,15,0.25,0.75,34,4.533333333333333,2.0612833111653743,0.45469484805118554,2.0,9.0,68.0,440.0,1.5290353297086814,10.469728074692718,9.774531394505017,0.012666666666666666,0.13875,1.3753677194250138,0.12845124419684606,1.3820928630530849,1.2135597524338357,0.14779658822371888,0.010298755803153953,-0.009046588223718871,,,,,0
erdos_renyi,15,0.25,0.75,34,4.533333333333333,1.627540748764494,0.35901634163922663,1.0,7.0,68.0,416.0,0.7298751765907748,8.884655229290365,9.760265038188363,0.007333333333333333,0.1445,1.4144855003743342,0.13670798657272898,1.4242880929045023,1.560094301883457,0.1556682299226805,0.007792013427271011,-0.011168229922680517,,,,,1
erdos_renyi,15,0.25,0.75,31,4.133333333333334,1.3097921802925665,0.31688520490949185,2.0,7.0,62.0,344.0,0.9547987323550928,9.05543856614969,8.787756250384374,0.011333333333333334,0.14,1.4182367040932236,0.13751038769448826,1.4073139939931503,1.372487132993442,0.1461066541583674,0.002489612305511757,-0.006106654158367392,,,,,2
erdos_renyi,15,0.25,0.75,31,4.133333333333334,1.2578641509408803,0.30432197200182587,2.0,6.0,62.0,342.0,1.3135340002225864,8.62363503100496,8.775169073236272,0.008,0.157,1.4223775499974831,0.13839824807926907,1.4335328900569393,1.3764944032233706,0.15197606065381483,0.018601751920730936,0.005023939346185169,,,,,3
erdos_renyi,15,0.25,0.75,27,3.6,1.5405626677721789,0.42793407438116077,1.0,7.0,54.0,284.0,0.666602256758526,8.482692312558324,7.987727512424231,0.007333333333333333,0.1245,1.3594738004406364,0.12515568803078353,1.3568303791620016,1.1328948337005302,0.14368055939187002,-0.00065568803078353,-0.019180559391870022,,,,,4
erdos_renyi,15,0.25,0.75,28,3.7333333333333334,1.6519348924485155,0.44248256047728096,1.0,7.0,56.0,306.0,0.7922430605157555,8.798292448763622,8.046670255479077,0.011333333333333334,0.15175,1.3581995002034648,0.12489298310275002,1.357077772937672,1.455213750217998,0.14580982010147614,0.02685701689724998,0.005940179898523856,,,,,5
erdos_renyi,15,0.25,0.75,33,4.4,1.4047538337136984,0.31926223493493144,2.0,6.0,66.0,386.0,1.0624809322232798,8.561786974175966,9.422792804077831,0.007,0.1505,1.4252351864824153,0.13901225543551757,1.4156796323912262,1.2956683513476501,0.14991856373068135,0.011487744564482427,0.0005814362693186415,,,,,6
erdos_renyi,15,0.25,0.75,28,3.7333333333333334,0.8537498983243799,0.2286830084797446,2.0,5.0,56.0,276.0,0.9921034013679348,7.303866091448935,7.887037273435752,0.011,0.152,1.4301109716746978,0.14006230559462696,1.4305578813533462,1.5322617553657476,0.14756075542070102,0.01193769440537304,0.004439244579298979,,,,,7
erdos_renyi,15,0.25,0.75,35,4.666666666666667,2.1186998109427604,0.4540071023448772,1.0,9.0,70.0,464.0,0.8824631468744503,10.260424096185538,9.927061066292012,0.013333333333333334,0.149,1.3787175450270868,0.1291502539945415,1.3857588524891893,1.181757895737503,0.15222007617272562,0.019849746005458496,-0.0032200761727256277,,,,,8
erdos_renyi,15,0.25,0.75,36,4.8,1.2220201853215573,0.2545875386086578,2.0,7.0,72.0,440.0,1.4186562580561557,8.674729878182992,10.160209783532848,0.011666666666666667,0.1465,1.4562717029206027,0.1457474019777763,1.4608983994767568,1.5169496905422948,0.1552869984237127,0.0007525980222236883,-0.008786998423712722,,,,,9
erdos_renyi,15,0.25,0.75,34,4.533333333333333,2.0286832072937253,0.4475036486677335,1.0,10.0,68.0,438.0,0.6077250160039234,11.137323702541961,9.892458373392977,0.011,0.1335,1.3785042519349513,0.12910570036869548,1.359473798015776,1.2163272811190746,0.14352613852565393,0.004394299631304527,-0.010026138525653927,,,,,10
erdos_renyi,15,0.25,0.75,30,4.0,1.505545305418162,0.3763863263545405,2.0,7.0,60.0,334.0,0.5919175080940264,8.768118895270895,8.635212211228472,0.013,0.13225,1.3928818185614462,0.1321227447077331,1.3733814731015859,1.3928818185614462,0.14442373337067324,0.0001272552922668979,-0.012173733370673234,,,,,11
erdos_renyi,15,0.25,0.75,31,4.133333333333334,1.5860503004493758,0.38372184688291344,2.0,7.0,62.0,356.0,1.0657306587277118,8.69088547947168,8.917697318910095,0.010333333333333333,0.13475,1.3941289415323024,0.13238575694442858,1.38145248684216,1.3491570401925506,0.14763921048104023,0.0023642430555714244,-0.01288921048104022,,,,,12
erdos_renyi,15,0.25,0.75,36,4.8,1.32664991614216,0.27638539919628335,3.0,7.0,72.0,444.0,1.6091218128171134,8.553232501289788,9.9452755959535,0.010666666666666666,0.1495,1.4496970792622923,0.1443106321329593,1.4414670281352304,1.5101011242315547,0.15242499234188311,0.0051893678670406895,-0.0029249923418831203,,,,,13
erdos_renyi,15,0.25,0.75,35,4.666666666666667,1.3984117975602022,0.29965967090575757,3.0,7.0,70.0,426.0,1.7527769735513299,9.059401307522325,10.164483707771097,0.007333333333333333,0.1285,1.4388962906378164,0.1419619326002453,1.4302115237407524,1.5416745971119463,0.15147554335712915,-0.013461932600245308,-0.022975543357129147,,,,,14
erdos_renyi,15,0.25,0.75,43,5.733333333333333,1.339983416149452,0.2337180377004858,3.0,8.0,86.0,606.0,2.420522196685013,10.128905834586394,11.38994508525492,0.016,0.183,1.4821712732232792,0.1514582865211168,1.4957219379159745,1.5511094719778502,0.1615162279461258,0.03154171347888321,0.021483772053874195,,,,,15
erdos_renyi,15,0.25,0.75,35,4.666666666666667,1.7763883459298975,0.3806546455564066,2.0,9.0,70.0,444.0,1.1614357218663625,10.252704983470355,9.790476356906712,0.015666666666666666,0.15675,1.409427715949451,0.13562899906684875,1.3920112163166474,1.5101011242315547,0.14692556440890497,0.02112100093315125,0.009824435591095027,,,,,16
erdos_renyi,15,0.25,0.75,33,4.4,2.0912516188477497,0.475284458829034,1.0,7.0,66.0,422.0,0.8331337573835207,9.234460876616549,10.009282431751714,0.006666666666666667,0.12775,1.3630882138265983,0.12590205352744485,1.368044898240513,1.548963879348407,0.15405090115348152,0.0018479464725551509,-0.02630090115348152,,,,,17
erdos_renyi,15,0.25,0.75,33,4.4,1.5832456116050557,0.3598285480920581,2.0,7.0,66.0,394.0,1.406250572179761,8.740570678545078,9.328470075255787,0.009666666666666667,0.14675,1.410691589760611,0.13589831092047572,1.4052411904365358,1.2824468997823737,0.15050424808976026,0.010851689079524274,-0.0037542480897602704,,,,,18
erdos_renyi,15,0.25,0.75,37,4.933333333333334,0.8537498983243799,0.17305741182250942,3.0,6.0,74.0,450.0,1.938773508989113,9.05593646800805,10.352522185384489,0.009333333333333334,0.136,1.4800000000000002,0.15097644357077286,1.4865749999999998,1.5,0.15646676553583058,-0.014976443570772852,-0.020466765535830572,,,,,19
erdos_renyi,15,0.25,1.25,37,4.933333333333334,1.8061622912192088,0.3661139779498396,2.0,8.0,74.0,488.0,1.5460002721955353,10.087150664405154,10.36725552355466,0.008333333333333333,0.59575,3.94780379793096,0.6868574869909733,3.971543969418517,3.2009219983223995,0.6273890014830192,-0.09110748699097326,-0.031639001483019236,,,,,0
erdos_renyi,15,0.25,1.25,35,4.666666666666667,1.4907119849998598,0.3194382824999699,2.0,7.0,70.0,430.0,1.274777083034238,8.935808142127046,9.918903221346477,0.006666666666666667,0.61275,3.9783003135777624,0.6910802268135808,3.957698401239592,4.26246462169046,0.6379540210511874,-0.07833022681358082,-0.025204021051187353,,,,,1
erdos_renyi,15,0.25,1.25,32,4.266666666666667,2.048305532764962,0.480071609241788,1.0,8.0,64.0,400.0,0.8308816709335485,9.428418040240446,9.586895206526291,0.009,0.51725,3.7712361663282534,0.6611214144511598,3.7337447755340922,4.419417382415922,0.5602268742430586,-0.1438714144511598,-0.04297687424305863,,,,,2
erdos_renyi,15,0.25,1.25,30,4.0,1.7126976771553504,0.4281744192888376,2.0,7.0,60.0,344.0,0.9661132099818213,8.895837797851067,8.735420822352735,0.009,0.54575,3.8124642583151167,0.6673311499117216,3.8310500215744026,2.8593481937363374,0.5903471302937121,-0.12158114991172164,-0.04459713029371215,,,,,3
erdos_renyi,15,0.25,1.25,34,4.533333333333333,1.8571184369578824,0.4096584787407094,1.0,9.0,68.0,428.0,0.7904110084405546,10.17732225128198,9.889430206094177,0.01,0.56675,3.8736535864730914,0.6763203671075073,3.879563756467159,4.272412043904145,0.6125844612205537,-0.10957036710750734,-0.04583446122055368,,,,,4
erdos_renyi,15,0.25,1.25,24,3.2,1.1075498483890767,0.3461093276215864,1.0,5.0,48.0,220.0,0.6393137453648778,7.024264665760487,7.008342483048716,0.011,0.5655,3.8138503569823694,0.6675377681135821,3.794483148138319,3.575484709670971,0.6143299340860734,-0.10203776811358212,-0.04882993408607339,,,,,5
erdos_renyi,15,0.25,1.25,34,4.533333333333333,1.9618585292749549,0.4327629108694753,1.0,9.0,68.0,434.0,0.9376688411269495,10.464779468684558,9.80030142032923,0.009666666666666667,0.56525,3.846783988712074,0.6724061251207017,3.824014421720065,3.3942211665106536,0.596579556053556,-0.10715612512070172,-0.03132955605355592,,,,,6
erdos_renyi,15,0.25,1.25,30,4.0,1.7126976771553504,0.4281744192888376,1.0,8.0,60.0,344.0,0.6791307580265574,9.390828659914492,8.881835913952317,0.008,0.53275,3.8124642583151167,0.6673311499117216,3.8224719769931945,3.8124642583151167,0.5963733697375864,-0.13458114991172165,-0.06362336973758642,,,,,7
erdos_renyi,15,0.25,1.25,33,4.4,1.4966629547095767,0.34015067152490375,2.0,7.0,66.0,390.0,1.4727451528754527,9.103940612869216,9.079555691448013,0.014,0.62825,3.9386318072168813,0.6855749280057276,3.934379875152272,3.5805743701971644,0.6303518875191008,-0.05732492800572764,-0.002101887519100787,,,,,8
erdos_renyi,15,0.25,1.25,31,4.133333333333334,1.4996295838935991,0.3628136090065159,1.0,8.0,62.0,352.0,0.7797628974340476,9.43962589402441,8.67785541154326,0.014,0.621,3.894521534129447,0.6793248781000895,3.874891889300166,3.768891807222045,0.6266760302128814,-0.05832487810008946,-0.005676030212881433,,,,,9
erdos_renyi,15,0.25,1.25,27,3.6,1.9595917942265424,0.5443310539518174,1.0,7.0,54.0,306.0,0.3615193118531444,8.524038726743658,7.922534685186572,0.008,0.52275,3.638034375544995,0.6401952095282761,3.6784569797177173,3.031695312954162,0.5414724856879655,-0.11744520952827608,-0.018722485687965418,,,,,10
erdos_renyi,15,0.25,1.25,27,3.6,1.781385228784985,0.49482923021805136,1.0,7.0,54.0,296.0,0.4867668640657793,8.29594539799121,7.826615654140052,0.013666666666666667,0.5265,3.6989772143705393,0.6499349748191389,3.747783163726817,3.0824810119754495,0.5605474600836247,-0.1234349748191389,-0.03404746008362469,,,,,11
erdos_renyi,15,0.25,1.25,26,3.466666666666667,1.2036980056845192,0.34722057856284205,1.0,6.0,52.0,254.0,0.6833066007294961,7.767341434184953,7.478276621664332,0.013333333333333334,0.58275,3.84521154080316,0.6721754576640774,3.8283887403121466,4.436782547080569,0.6177402815131073,-0.08942545766407739,-0.034990281513107346,,,,,12
erdos_renyi,15,0.25,1.25,33,4.4,1.624807680927192,0.36927447293799814,1.0,7.0,66.0,396.0,0.8636171883196961,9.067494229480221,9.378483558511814,0.011,0.604,3.9086797998528584,0.6813458373830076,3.8989081003532267,4.441681590741884,0.6218088232218899,-0.0773458373830076,-0.017808823221889925,,,,,13
erdos_renyi,15,0.25,1.25,30,4.0,1.591644851508443,0.39791121287711073,2.0,7.0,60.0,338.0,0.8418947911692619,8.79087316768583,9.229481328879789,0.005333333333333333,0.5015,3.8461538461538463,0.6723137087919228,3.8644230769230767,3.8461538461538463,0.6036299557731377,-0.1708137087919228,-0.10212995577313777,,,,,14
erdos_renyi,15,0.25,1.25,28,3.7333333333333334,1.339983416149452,0.358924129325746,1.0,5.0,56.0,292.0,0.6507156632539349,7.801818984398117,7.715703331146708,0.012333333333333333,0.63325,3.862160813477717,0.6746524626350112,3.864402246092682,4.13802944301184,0.6155535828894891,-0.04140246263501124,0.017696417110510843,,,,,15
erdos_renyi,15,0.25,1.25,31,4.133333333333334,1.7461067804945059,0.42244518882931587,1.0,8.0,62.0,364.0,0.7880556391884409,9.35226969447545,8.778798188110445,0.017,0.5985,3.8297881360823562,0.6699035205463195,3.8686265117365783,4.632808229131882,0.6032517339468506,-0.07140352054631949,-0.004751733946850578,,,,,16
erdos_renyi,15,0.25,1.25,32,4.266666666666667,1.6519348924485155,0.3871722404176208,2.0,9.0,64.0,378.0,1.1339385221311085,10.325017424313764,8.934342808174728,0.01,0.5955,3.8794291597509756,0.6771550073097863,3.877686447433119,3.6369648372665395,0.6175841110088499,-0.08165500730978625,-0.022084111008849883,,,,,17
erdos_renyi,15,0.25,1.25,34,4.533333333333333,1.14697670227235,0.2530095666777243,3.0,7.0,68.0,396.0,1.5034015223068402,9.08851609156429,9.609448268848901,0.007333333333333333,0.62325,4.027124642272642,0.6977087256345063,4.039487322700206,4.441681590741884,0.6664930971392458,-0.07445872563450628,-0.04324309713924579,,,,,18
erdos_renyi,15,0.25,1.25,24,3.2,1.32664991614216,0.41457809879442503,1.0,5.0,48.0,228.0,0.41887869893346497,6.932785626433279,6.7577707514615994,0.012666666666666666,0.57575,3.746343246326776,0.6573115815833477,3.7088798138635073,3.5121967934313525,0.5766338267253407,-0.0815615815833477,-0.0008838267253407084,,,,,19
erdos_renyi,15,0.25,1.75,34,4.533333333333333,1.0873004286866728,0.23984568279853077,3.0,7.0,68.0,394.0,1.6745520094744333,8.723148977178763,9.54941930066381,0.01,0.95975,7.9131723519904975,0.9286517165883907,7.889898315661114,8.727763623518932,0.9112115919133894,0.03109828341160925,0.048538408086610585,,,,,0
erdos_renyi,15,0.25,1.75,32,4.266666666666667,0.9977753031397179,0.23385358667337136,3.0,6.0,64.0,352.0,1.09272567932975,8.19816313252784,9.005148389978103,0.008333333333333333,0.9625,7.879496471632223,0.9279247117682771,7.87411009709107,7.387027942155209,0.9122058942826263,0.034575288231722956,0.050294105717373694,,,,,1
erdos_renyi,15,0.25,1.75,29,3.8666666666666667,1.4544949486180951,0.3761624867115763,2.0,6.0,58.0,314.0,1.196809225558981,8.581318160230994,8.4432859163191,0.012333333333333333,0.9,7.560543085523274,0.9205194048469881,7.597368144517419,7.821251467782697,0.8667237039126487,-0.02051940484698811,0.033276296087351276,,,,,2
erdos_renyi,15,0.25,1.75,31,4.133333333333334,1.4079141387961918,0.34062438841843345,2.0,6.0,62.0,348.0,0.9700684666130406,8.71037056947547,8.817903971529212,0.009,0.92175,7.677006187975696,0.9233367075646696,7.593271100320557,7.429360827073253,0.8764618833281301,-0.0015867075646696094,0.04528811667186983,,,,,3
erdos_renyi,15,0.25,1.75,33,4.4,1.2543258481484518,0.2850740563973754,2.0,6.0,66.0,380.0,1.3022139355310918,8.428114114244071,9.27888603287737,0.008666666666666666,0.9415,7.820633976185927,0.9266298908774401,7.818856559373156,7.109667251078115,0.8960652805188046,0.014870109122559927,0.045434719481195374,,,,,4
erdos_renyi,15,0.25,1.75,34,4.533333333333333,1.9618585292749549,0.4327629108694753,2.0,9.0,68.0,434.0,1.4127013469199179,10.445555655136104,9.755906585646116,0.01,0.86275,7.539696617875665,0.920000559834152,7.5840477744514025,8.315841857951101,0.8406633922233521,-0.05725055983415195,0.02208660777664795,,,,,5
erdos_renyi,15,0.25,1.75,29,3.8666666666666667,1.1469767022723503,0.2966319057600906,2.0,6.0,58.0,302.0,1.1178325877790625,8.104432003127132,8.053072793735659,0.009,0.949,7.709289332758784,0.9240939202752396,7.704969472356805,7.975126895957362,0.8920032312683824,0.024906079724760333,0.05699676873161752,,,,,6
erdos_renyi,15,0.25,1.75,30,4.0,1.2649110640673518,0.31622776601683794,2.0,6.0,60.0,324.0,1.24083380971111,8.109836027940009,8.382366179071031,0.009,0.9345,7.699607172920184,0.9238678781013957,7.751579521337395,7.699607172920184,0.8878718231330222,0.010632121898604296,0.046628176866977844,,,,,7
erdos_renyi,15,0.25,1.75,34,4.533333333333333,1.3097921802925665,0.28892474565277204,3.0,7.0,68.0,402.0,1.677914495297133,8.839938657285122,9.47320695527299,0.011,0.95425,7.834038640136164,0.9269274877158495,7.806677108120983,6.912387035414263,0.902478094988523,0.027322512284150502,0.05177190501147699,,,,,8
erdos_renyi,15,0.25,1.75,25,3.3333333333333335,1.1352924243950933,0.340587727318528,2.0,5.0,50.0,236.0,0.590652784922887,7.407458692562217,6.8947885249080265,0.014333333333333333,0.93325,7.518026046169641,0.9194563902386755,7.5217850591927276,6.766223441552677,0.8785649670442961,0.013793609761324488,0.05468503295570393,,,,,9
erdos_renyi,15,0.25,1.75,30,4.0,1.591644851508443,0.39791121287711073,1.0,6.0,60.0,338.0,0.7259008007882428,7.9195399890155365,8.652950231672085,0.008333333333333333,0.85625,7.538461538461538,0.9199696781175185,7.529509615384615,7.538461538461538,0.828098808788234,-0.06371967811751855,0.028151191211765902,,,,,10
erdos_renyi,15,0.25,1.75,26,3.466666666666667,1.8571184369578824,0.5357072414301584,1.0,8.0,52.0,284.0,0.37655181294311096,9.147416037240687,7.952673998826922,0.007,0.81825,7.127447003133213,0.9087415068501558,7.023790622438608,6.167982983480665,0.8047785612420694,-0.09049150685015572,0.013471438757930665,,,,,11
erdos_renyi,15,0.25,1.75,33,4.4,1.4966629547095767,0.34015067152490375,3.0,9.0,66.0,390.0,1.3370032968282657,10.391647228806566,9.644551427985174,0.010666666666666666,0.941,7.719718342145088,0.9243363933457731,7.718841101424388,7.017925765586442,0.9005604120247954,0.016663606654226837,0.04043958797520453,,,,,12
erdos_renyi,15,0.25,1.75,32,4.266666666666667,1.6918103387266026,0.3965180481390475,2.0,9.0,64.0,380.0,1.0648312043847705,10.276840797285068,9.185700546453518,0.01,0.9225,7.583645067816655,0.9210891415765526,7.596235103573774,7.109667251078115,0.879410391699406,0.0014108584234473476,0.04308960830059394,,,,,13
erdos_renyi,15,0.25,1.75,34,4.533333333333333,1.746106780494506,0.38517061334437636,2.0,7.0,68.0,422.0,1.2128632937591646,9.149029561238418,9.465143674945171,0.011,0.908,7.646144660724285,0.9226033470564221,7.639257508364441,8.43324778756355,0.8645163677167101,-0.014603347056422078,0.043483632283289886,,,,,14
erdos_renyi,15,0.25,1.75,30,4.0,1.4142135623730951,0.3535533905932738,1.0,7.0,60.0,330.0,0.8346182315650433,8.501792347937092,8.268628853331137,0.013666666666666667,0.91475,7.629289652782925,0.9221988519001193,7.647886046311584,7.629289652782925,0.8643717765407511,-0.0074488519001193465,0.050378223459248805,,,,,15
erdos_renyi,15,0.25,1.75,29,3.8666666666666667,1.627540748764494,0.4209157108873691,2.0,8.0,58.0,322.0,0.7731892649558189,9.501600288982004,8.992604892942829,0.004333333333333333,0.8575,7.466032581771747,0.9181304481781755,7.452677394179353,7.723481981143187,0.8584714145296404,-0.06063044817817542,-0.0009714145296403354,,,,,16
erdos_renyi,15,0.25,1.75,28,3.7333333333333334,1.339983416149452,0.358924129325746,1.0,6.0,56.0,292.0,0.5270122388287131,7.765357201351363,8.18693305154971,0.005666666666666667,0.8865,7.569835194416325,0.9207492246725109,7.507316466248154,8.110537708303205,0.8549102607169334,-0.0342492246725109,0.03158973928306652,,,,,17
erdos_renyi,15,0.25,1.75,27,3.6,1.7435595774162693,0.4843221048378526,1.0,7.0,54.0,294.0,0.7633815381154468,9.10058356314836,8.239817753631394,0.008,0.82775,7.274613391789285,0.9129899183560782,7.354432066504751,6.06217782649107,0.8175699110768399,-0.08523991835607825,0.010180088923160135,,,,,18
erdos_renyi,15,0.25,1.75,29,3.8666666666666667,1.359738536958076,0.3516565181788127,2.0,7.0,58.0,310.0,1.1263708388860236,8.701596735585955,8.746471669769223,0.005666666666666667,0.9,7.609164442469672,0.9217121601501755,7.600964911820459,5.903662067433366,0.8797454641398134,-0.02171216015017552,0.020254535860186662,,,,,19
erdos_renyi,15,0.25,2.5,37,4.933333333333334,1.9821424996424677,0.4017856418194191,2.0,8.0,74.0,498.0,1.606505969062386,10.241391638822588,10.457186830914466,0.008666666666666666,0.997,15.631864846270457,0.9867379675282486,15.60704397979158,15.843106263111949,0.9648037821151343,0.010262032471751392,0.03219621788486571,,,,,0
erdos_renyi,15,0.25,2.5,35,4.666666666666667,1.776388345929897,0.3806546455564065,2.0,8.0,70.0,444.0,1.353001602644304,10.134145974137407,9.932905397910313,0.012,0.9995,15.660307954993902,0.9867987492410805,15.736931604630836,13.423121104280487,0.9755312412993444,0.012701250758919591,0.023968758700655624,,,,,1
erdos_renyi,15,0.25,2.5,36,4.8,1.6812693617224654,0.35026445035884696,2.0,8.0,72.0,460.0,1.389755934271873,9.630232725173672,9.90697677190536,0.013,0.99875,15.825131361498888,0.9871434980512362,15.914147725407318,13.18760946791574,0.9759300841654619,0.011606501948763781,0.02281991583453813,,,,,2
erdos_renyi,15,0.25,2.5,23,3.066666666666667,0.9977753031397177,0.3253615118933862,1.0,5.0,46.0,202.0,0.6889522070398852,6.66424323680706,6.559928810764043,0.012,0.99375,15.257236916553168,0.9859000118539779,15.293721613527532,14.925557853149838,0.9700321403110268,0.007849988146022113,0.02371785968897322,,,,,3
erdos_renyi,15,0.25,2.5,31,4.133333333333334,1.5434449203720302,0.37341409363839434,2.0,7.0,62.0,354.0,0.9987421929970296,8.35204701404215,8.705326131462444,0.012666666666666666,0.99825,15.534017912058465,0.9865258935552439,15.544979416633502,15.032920560056578,0.9727607764145637,0.011724106444756077,0.02548922358543626,,,,,4
erdos_renyi,15,0.25,2.5,34,4.533333333333333,1.9618585292749546,0.43276291086947527,1.0,9.0,68.0,434.0,0.8005246670101116,10.262442534289235,9.784074212220585,0.007,0.9705,15.387135954848295,0.9861986453230451,15.337636896170016,16.971105832553267,0.9515073569930667,-0.015698645323045102,0.018992643006933374,,,,,5
erdos_renyi,15,0.25,2.5,28,3.7333333333333334,1.2892719737209144,0.3453407072466735,1.0,5.0,56.0,290.0,0.5677517834366317,7.228582733395189,7.812121836292744,0.015,0.98825,15.50182290603146,0.9864550892103727,15.438154704810259,16.609095970747994,0.9619242080746051,0.0017949107896272354,0.02632579192539486,,,,,6
erdos_renyi,15,0.25,2.5,29,3.8666666666666667,1.4544949486180954,0.37616248671157637,2.0,6.0,58.0,314.0,1.2867853269987288,8.165621078821049,8.821336950399703,0.007666666666666666,0.998,15.42967976637403,0.9862945513944952,15.34421796249562,11.971303267014333,0.9739539767265737,0.01170544860550482,0.02404602327342631,,,,,7
erdos_renyi,15,0.25,2.5,33,4.4,1.624807680927192,0.36927447293799814,1.0,7.0,66.0,396.0,0.8233617924943666,8.588494529110235,9.443840705878472,0.011,0.97325,15.634719199411434,0.9867440846009959,15.61517580041217,14.21338109037403,0.9548549853738885,-0.013494084600995992,0.018395014626111483,,,,,8
erdos_renyi,15,0.25,2.5,27,3.6,1.1430952132988166,0.3175264481385602,1.0,5.0,54.0,268.0,0.5156568874787523,7.083939524216497,7.593372400643555,0.008333333333333333,0.98925,15.549631660464481,0.9865600477042317,15.602543601531341,17.277368511627202,0.9678935658809726,0.002689952295768294,0.021356434119027323,,,,,9
erdos_renyi,15,0.25,2.5,30,4.0,1.7126976771553504,0.4281744192888376,2.0,8.0,60.0,344.0,0.9212735913779488,9.70995140063921,9.12168867534373,0.006666666666666667,0.999,15.249857033260467,0.9858827786894425,15.24127898867926,15.249857033260467,0.9696178744512469,0.01311722131055748,0.02938212554875308,,,,,10
erdos_renyi,15,0.25,2.5,30,4.0,1.7126976771553504,0.4281744192888376,1.0,7.0,60.0,344.0,0.6784462583656795,8.993335347850936,8.732885770621305,0.011,0.95575,15.249857033260467,0.9858827786894425,15.167889051706693,15.249857033260467,0.9410542238624473,-0.03013277868944253,0.014695776137552685,,,,,11
erdos_renyi,15,0.25,2.5,36,4.8,1.3759844960366863,0.28666343667430966,2.0,7.0,72.0,446.0,1.539934883079079,9.299319318202565,9.838729644556258,0.012666666666666666,0.9995,16.071588724378202,0.9876361752948464,15.97951191397812,16.741238254560628,0.9783490777749496,0.01186382470515368,0.02115092222505044,,,,,12
erdos_renyi,15,0.25,2.5,28,3.7333333333333334,1.2364824660660938,0.33120066055341796,1.0,6.0,56.0,288.0,0.6987186089638217,8.214332576165186,7.9791425582293725,0.007666666666666666,0.98775,15.555555555555555,0.9865729745623725,15.669791666666667,16.666666666666668,0.9664604672050062,0.0011770254376275435,0.021289532794993793,,,,,13
erdos_renyi,15,0.25,2.5,25,3.3333333333333335,1.4452988925785866,0.43358966777357594,1.0,7.0,50.0,248.0,0.4669948627076604,8.265745850037902,7.285600091290398,0.012666666666666666,0.99,14.967108502231245,0.9851999881248368,14.880299272918304,13.470397652008119,0.962568031009736,0.004800011875163213,0.02743196899026401,,,,,14
erdos_renyi,15,0.25,2.5,31,4.133333333333334,1.7838784213679537,0.4315834890406339,2.0,7.0,62.0,366.0,1.4429028988582715,9.190803472269309,8.7726888332426,0.009333333333333334,0.99875,15.27723959972784,0.9859465752784354,15.487609653086999,14.784425419091457,0.9684114257695591,0.012803424721564594,0.03033857423044095,,,,,15
erdos_renyi,15,0.25,2.5,33,4.4,1.9252705437591533,0.4375614872179894,1.0,9.0,66.0,412.0,0.8229971329403112,10.290564963750246,9.758989272541344,0.008666666666666666,0.96725,15.328126314415591,0.9860640785673597,15.360350216326577,13.934660285832354,0.9531864419268685,-0.018814078567359616,0.014063558073131532,,,,,16
erdos_renyi,15,0.25,2.5,32,4.266666666666667,1.4817407180595248,0.34728298079520115,2.0,7.0,64.0,370.0,1.3588787050292885,8.798578544321087,9.006905844685571,0.009333333333333334,0.99925,15.684578604667898,0.9868503105078316,15.73175487625225,14.704292441876154,0.9758655122364751,0.012399689492168409,0.023384487763524864,,,,,17
erdos_renyi,15,0.25,2.5,24,3.2,1.1661903789690602,0.3644344934278313,1.0,5.0,48.0,222.0,0.4513523393572136,7.428947075937797,6.848643684169809,0.01,0.991,15.186527932039985,0.985733691931271,15.16042608715679,14.237369936287486,0.9668058291942137,0.005266308068728964,0.02419417080578634,,,,,18
erdos_renyi,15,0.25,2.5,33,4.4,1.451436070471816,0.32987183419814,1.0,7.0,66.0,388.0,0.6485997025818429,8.629886493545794,9.577230313562357,0.008666666666666666,0.97275,15.79507948959024,0.9870815762686982,15.734950493806002,14.359163172354762,0.9603795908679112,-0.014331576268698187,0.012370409132088755,,,,,19
erdos_renyi,15,0.35,0.75,25,3.3333333333333335,1.4452988925785866,0.43358966777357594,2.0,6.0,50.0,248.0,0.6823399480717253,7.811804530907406,14.86249187294565,0.008,0.04675,0.6872651863269449,0.024333103693546024,0.6910623264814014,0.6185386676942505,0.03282762552198636,0.022416896306453975,0.013922374478013637,,,,,0
erdos_renyi,15,0.35,0.75,36,4.8,1.4696938456699067,0.30618621784789724,2.0,7.0,72.0,450.0,1.6687805017943036,9.445177627718166,19.63286766079858,0.011,0.0605,0.7346938775510204,0.028737530031236674,0.7332397959183674,0.7653061224489798,0.033247435872696615,0.03176246996876332,0.027252564127303383,,,,,1
erdos_renyi,15,0.35,0.75,27,3.6,1.451436070471816,0.4031766862421711,1.0,6.0,54.0,280.0,0.361948785108782,7.640781308016734,15.70740349620012,0.009333333333333334,0.0465,0.6985458636021413,0.025342770361931603,0.7016990220142344,0.5821215530017845,0.03273041391835544,0.021157229638068396,0.01376958608164456,,,,,2
erdos_renyi,15,0.35,0.75,28,3.7333333333333334,1.8785337071473827,0.5031786715573346,1.0,9.0,56.0,318.0,0.6418902496466083,10.182479758287666,16.454156833363392,0.010666666666666666,0.0465,0.6797585020441237,0.023674264800952992,0.6720960457152783,0.728312680761561,0.03318390214781999,0.022825735199047008,0.013316097852180013,,,,,3
erdos_renyi,15,0.35,0.75,28,3.7333333333333334,1.6918103387266028,0.4531634835874829,1.0,6.0,56.0,308.0,0.6091186847621562,8.147186806695847,15.414841555628941,0.015333333333333332,0.0755,0.6907053977360403,0.024638519826317883,0.6971653433086162,0.7400414975743289,0.03392827613466909,0.05086148017368211,0.04157172386533091,,,,,4
erdos_renyi,15,0.35,0.75,32,4.266666666666667,1.4360439485692011,0.33657280044590654,2.0,7.0,64.0,368.0,1.4288120144642815,9.275146157791546,17.94995098652141,0.01,0.052,0.7221646832076595,0.0275332866261469,0.7199784424674801,0.6770293905071808,0.032519001890757876,0.0244667133738531,0.01948099810924212,,,,,5
erdos_renyi,15,0.35,0.75,36,4.8,1.7204650534085253,0.35843021946010944,1.0,7.0,72.0,462.0,0.8445993863804222,9.454087564733499,19.564069420207538,0.014,0.06,0.7250896230168883,0.02781179224309982,0.727015642328027,0.755301690642592,0.03386131948285072,0.03218820775690018,0.02613868051714928,,,,,6
erdos_renyi,15,0.35,0.75,31,4.133333333333334,1.7074997966487597,0.4131047895117967,1.0,7.0,62.0,362.0,0.8759482611581716,8.724946738412697,18.23325522165347,0.008,0.0475,0.7053709755202703,0.025965101578884705,0.7038208659168084,0.8532713413551656,0.03321196668147628,0.021534898421115296,0.01428803331852372,,,,,7
erdos_renyi,15,0.35,0.75,28,3.7333333333333334,1.6519348924485158,0.442482560477281,1.0,6.0,56.0,306.0,0.7600018277550642,8.171170591913707,16.436465806359706,0.009333333333333334,0.04975,0.6929589286752372,0.02483977154697301,0.6922474083466869,0.7424559950091828,0.03307495238409486,0.024910228453026994,0.016675047615905145,,,,,8
erdos_renyi,15,0.35,0.75,32,4.266666666666667,2.112397269033981,0.4950931099298393,1.0,8.0,64.0,404.0,0.7312765663607514,9.509690733241627,17.90817563005199,0.012,0.06225,0.6892384111643676,0.024508015547294648,0.6847287457788195,0.6461610104665947,0.03421332270336423,0.03774198445270535,0.028036677296635767,,,,,9
erdos_renyi,15,0.35,0.75,33,4.4,1.6248076809271923,0.3692744729379982,1.0,8.0,66.0,396.0,0.7926880871874582,9.301925271528313,18.50545157816365,0.010333333333333333,0.05925,0.7179207795648107,0.027132031659958616,0.7119653003706934,0.652655254149828,0.03275668468548871,0.03211796834004138,0.02649331531451129,,,,,10
erdos_renyi,15,0.35,0.75,24,3.2,1.8330302779823362,0.57282196186948,1.0,6.0,48.0,252.0,0.5487130226065294,8.679794142501198,14.643448308961357,0.009,0.0475,0.654517327132468,0.021534976049012302,0.6552843396252014,0.818146658915585,0.03377845617930591,0.0259650239509877,0.013721543820694092,,,,,11
erdos_renyi,15,0.35,0.75,26,3.466666666666667,1.2036980056845192,0.34722057856284205,1.0,5.0,52.0,254.0,0.6298062647213176,7.339308038610857,14.603340768103726,0.006666666666666667,0.05625,0.7062633442291519,0.026047109663978052,0.7098965258557153,0.6111894325059969,0.03182787852172941,0.03020289033602195,0.024422121478270595,,,,,12
erdos_renyi,15,0.35,0.75,27,3.6,1.4047538337136987,0.3902093982538052,2.0,6.0,54.0,278.0,0.7586675928032036,8.016508197291579,15.374323278027498,0.01,0.054,0.7010541153477312,0.025570474054515294,0.7036343839667195,0.584211762789776,0.03249521541873409,0.028429525945484705,0.02150478458126591,,,,,13
erdos_renyi,15,0.35,0.75,26,3.466666666666667,1.2036980056845192,0.34722057856284205,2.0,6.0,52.0,254.0,0.35600624883869086,7.834863372462793,14.806603499980636,0.010666666666666666,0.051,0.7062633442291519,0.026047109663978052,0.7023075904020993,0.6111894325059969,0.031058266046452093,0.024952890336021945,0.019941733953547904,,,,,14
erdos_renyi,15,0.35,0.75,31,4.133333333333334,1.9955506062794355,0.4827945015192182,1.0,9.0,62.0,378.0,0.6939978431301118,10.22390386728941,18.342299773979715,0.006333333333333333,0.0515,0.6902810813587515,0.02460073137983038,0.6884718769116419,0.6680139497020176,0.03430806862820832,0.026899268620169618,0.017191931371791674,,,,,15
erdos_renyi,15,0.35,0.75,27,3.6,1.4514360704718163,0.4031766862421712,1.0,6.0,54.0,280.0,0.7381158155074983,8.075064454730864,14.982841841660122,0.012333333333333333,0.06375,0.6985458636021413,0.025342770361931603,0.6858847198243525,0.5821215530017845,0.03132432125669417,0.0384072296380684,0.03242567874330583,,,,,16
erdos_renyi,15,0.35,0.75,41,5.466666666666667,1.7074997966487597,0.31234752377721214,2.0,9.0,82.0,574.0,0.982571729910785,10.626634758684311,22.640716826962535,0.008666666666666666,0.05825,0.7408633095960971,0.029341296794210815,0.7387739847138521,0.8131426568737651,0.033996719484526434,0.02890870320578919,0.02425328051547357,,,,,17
erdos_renyi,15,0.35,0.75,30,4.0,1.96638416050035,0.4915960401250875,1.0,8.0,60.0,358.0,0.7980933083281585,9.626469584385921,17.17457137766886,0.012,0.05875,0.686419983139533,0.024258402853796737,0.6911820217725635,0.686419983139533,0.034778636637994,0.03449159714620326,0.023971363362005997,,,,,18
erdos_renyi,15,0.35,0.75,26,3.466666666666667,1.3097921802925665,0.3778246673920865,1.0,6.0,52.0,258.0,0.6590280660281044,7.999601265471914,14.94839756691354,0.01,0.05475,0.7007670478918232,0.025544354379609238,0.7029064088313006,0.6064330222140777,0.032069909259769123,0.029205645620390762,0.022680090740230877,,,,,19
erdos_renyi,15,0.35,1.25,26,3.466666666666667,1.499629583893599,0.4325854568923843,1.0,6.0,52.0,266.0,0.6173795496010215,8.018714414351253,14.709686164407323,0.012,0.2445,1.9170798645941431,0.25648257562970045,1.8984620697552959,1.659011421283393,0.2676791433173242,-0.011982575629700454,-0.02317914331732418,,,,,0
erdos_renyi,15,0.35,1.25,30,4.0,1.2649110640673518,0.31622776601683794,1.0,6.0,60.0,324.0,0.670623190925175,8.006322295712948,17.236646514715876,0.009333333333333334,0.223,2.004270921730577,0.27879739335031745,2.003519320134928,2.004270921730577,0.28848463673320157,-0.05579739335031744,-0.06548463673320157,,,,,1
erdos_renyi,15,0.35,1.25,37,4.933333333333334,2.14372469210847,0.43453878894090603,2.0,9.0,74.0,508.0,1.490876019630226,10.402884500049673,19.913903310515593,0.01633333333333333,0.2875,1.974138162424479,0.27106485060323077,1.9793069363294749,1.6006525641279556,0.27571748665936924,0.01643514939676921,0.01178251334063074,,,,,2
erdos_renyi,15,0.35,1.25,27,3.6,1.7048949136725897,0.47358192046460823,2.0,8.0,54.0,292.0,0.597322759643122,9.30483852230587,16.13809217428762,0.007666666666666666,0.19525,1.9001155605666615,0.2521661167097155,1.909352233430527,1.5834296338055511,0.2564457194315718,-0.0569161167097155,-0.06119571943157179,,,,,3
erdos_renyi,15,0.35,1.25,33,4.4,1.5405626677721793,0.3501278790391316,1.0,7.0,66.0,392.0,0.879669148887509,8.879957816145795,18.613266901660502,0.010666666666666666,0.242,2.004373177842566,0.2788236629591228,2.0121173469387754,1.8221574344023326,0.28967564343494745,-0.036823662959122816,-0.04767564343494746,,,,,4
erdos_renyi,15,0.35,1.25,36,4.8,1.4696938456699067,0.30618621784789724,2.0,8.0,72.0,450.0,1.5744628990871106,9.718754701369264,19.75223872553567,0.012,0.28125,2.0408163265306127,0.2881958347350646,2.050914115646259,2.1258503401360547,0.294190790384228,-0.006945834735064604,-0.012940790384228018,,,,,5
erdos_renyi,15,0.35,1.25,26,3.466666666666667,1.0873004286866728,0.3136443544288479,2.0,6.0,52.0,250.0,0.8898456607149942,7.89801140253951,14.45638868790398,0.012666666666666666,0.241,1.9774750821426714,0.2719202448955901,1.961978522604727,1.7112765133926964,0.27108058846207134,-0.030920244895590088,-0.030080588462071345,,,,,6
erdos_renyi,15,0.35,1.25,33,4.4,1.451436070471816,0.32987183419814,2.0,8.0,66.0,388.0,1.4400081280553947,9.30335315454289,17.641392228066074,0.013666666666666667,0.27575,2.014678506325286,0.28147198376143323,2.0324214136253094,1.831525914841169,0.28494587944521776,-0.005721983761433236,-0.00919587944521777,,,,,7
erdos_renyi,15,0.35,1.25,28,3.7333333333333334,1.6519348924485153,0.4424825604772809,1.0,7.0,56.0,306.0,0.534328101385449,8.363220686993628,16.3723459067165,0.004333333333333333,0.226,1.92488591298677,0.2584720054672992,1.9284521078702055,2.0623777639143968,0.27322915400075065,-0.0324720054672992,-0.047229154000750645,,,,,8
erdos_renyi,15,0.35,1.25,33,4.4,1.540562667772179,0.35012787903913156,2.0,7.0,66.0,392.0,1.3038541974950886,8.800164088023674,19.389824592615923,0.007333333333333333,0.214,2.004373177842566,0.2788236629591228,1.9878598760932948,2.2776967930029155,0.28062382310188416,-0.06482366295912281,-0.06662382310188417,,,,,9
erdos_renyi,15,0.35,1.25,31,4.133333333333334,1.7074997966487597,0.4131047895117967,1.0,7.0,62.0,362.0,0.7703705842670676,8.920575925524911,17.59228918896994,0.009666666666666667,0.244,1.9593638208896396,0.26728064765624365,1.9513841537158556,1.8961585363448124,0.27784984433350374,-0.023280647656243658,-0.03384984433350374,,,,,10
erdos_renyi,15,0.35,1.25,26,3.466666666666667,1.3597385369580761,0.3922322702763681,2.0,6.0,52.0,260.0,0.5634424731643415,7.472850149558007,14.787264514121011,0.008666666666666666,0.24375,1.9390738522094189,0.26209274496447804,1.9511464514335117,2.2373929063954834,0.272863962417148,-0.018342744964478047,-0.029113962417148004,,,,,11
erdos_renyi,15,0.35,1.25,36,4.8,1.6,0.33333333333333337,2.0,8.0,72.0,456.0,1.0409058925387242,9.539074986753631,20.610462226900022,0.006333333333333333,0.2395,2.0273454444873122,0.28472939744392745,2.0233329899617645,2.1118181713409503,0.28798647334738536,-0.045229397443927455,-0.04848647334738537,,,,,12
erdos_renyi,15,0.35,1.25,37,4.933333333333334,1.3888444437333107,0.2815225223783738,3.0,8.0,74.0,468.0,1.7677915102257569,9.768819072109583,20.417794755165808,0.009,0.25225,2.056773526109073,0.29230454927700833,2.0595529497930047,2.0845677629483848,0.29287594156491875,-0.040054549277008356,-0.04062594156491878,,,,,13
erdos_renyi,15,0.35,1.25,33,4.4,1.8903262505010432,0.4296196023866007,1.0,8.0,66.0,410.0,0.8280764429024914,9.58547639183077,17.73715290213246,0.016666666666666666,0.287,1.9598809320064698,0.26741300810675844,1.9412843345266355,2.2271374227346246,0.27596595044127026,0.019586991893241534,0.01103404955872972,,,,,14
erdos_renyi,15,0.35,1.25,33,4.4,1.9595917942265426,0.4453617714151233,2.0,8.0,66.0,414.0,1.2566300785996753,10.409339259653596,18.0160999432532,0.016,0.2725,1.9503899274046113,0.26498476723561326,1.945403134976588,1.77308175218601,0.26850876165112103,0.007515232764386759,0.003991238348878989,,,,,15
erdos_renyi,15,0.35,1.25,34,4.533333333333333,1.4996295838935991,0.330800643505941,2.0,7.0,68.0,410.0,1.256917268784859,9.372628696764654,18.60189810792088,0.010666666666666666,0.27575,2.0192712632793928,0.28265278784664233,2.0219067092296292,2.2271374227346246,0.289948898866875,-0.006902787846642333,-0.014198898866875032,,,,,16
erdos_renyi,15,0.35,1.25,33,4.4,1.3063945294843615,0.29690784761008215,3.0,7.0,66.0,382.0,1.4836815602170519,8.718746045517832,17.62733789576912,0.015333333333333332,0.28175,2.030438943422612,0.28552524830601234,2.0343613822905877,2.307316981162059,0.2881930765807365,-0.0037752483060123354,-0.0064430765807365065,,,,,17
erdos_renyi,15,0.35,1.25,23,3.066666666666667,1.2364824660660938,0.40320080415198706,2.0,6.0,46.0,210.0,0.8315010162180548,7.3252541163722,13.565317209099957,0.008666666666666666,0.20775,1.9086481018551247,0.2543359290040548,1.899364188533601,1.8671557518147959,0.25470326373289404,-0.04658592900405478,-0.046953263732894046,,,,,18
erdos_renyi,15,0.35,1.25,33,4.4,1.4047538337136984,0.31926223493493144,2.0,7.0,66.0,386.0,1.4400691475591492,8.946980003938219,18.251351443949265,0.009666666666666667,0.26675,2.019891137305011,0.2828121819581122,2.029072460656397,2.2953308378466026,0.29052745418987136,-0.01606218195811221,-0.023777454189871372,,,,,19
erdos_renyi,15,0.35,1.75,26,3.466666666666667,1.3097921802925665,0.3778246673920865,1.0,6.0,52.0,258.0,0.5028857895434646,7.7667546094886575,14.600186563838648,0.010333333333333333,0.574,3.81528726074437,0.6677518123137788,3.7983202380703864,4.402254531628119,0.6094073697228344,-0.09375181231377883,-0.035407369722834425,,,,,0
erdos_renyi,15,0.35,1.75,33,4.4,1.9252705437591535,0.4375614872179894,1.0,8.0,66.0,412.0,0.9062444979365731,9.563846864778048,18.522149492014425,0.012333333333333333,0.562,3.832031578603898,0.6702350550575934,3.804379987099199,3.4836650714580886,0.5890681906561683,-0.10823505505759334,-0.02706819065616828,,,,,1
erdos_renyi,15,0.35,1.75,26,3.466666666666667,1.4996295838935991,0.43258545689238437,1.0,7.0,52.0,266.0,0.552848642985665,8.548756008349601,15.416912593662003,0.007333333333333333,0.49925,3.7574765346045207,0.65902118134601,3.7152952475453778,3.2516623857154503,0.5773446838894549,-0.15977118134600993,-0.0780946838894549,,,,,2
erdos_renyi,15,0.35,1.75,33,4.4,1.6653327995729061,0.37848472717566045,2.0,7.0,66.0,398.0,1.0454852946702933,9.009581054271283,18.48796900882257,0.01,0.58275,3.898846627545848,0.679943741528246,3.9037201858302804,3.54440602504168,0.6139225039445407,-0.097193741528246,-0.03117250394454074,,,,,3
erdos_renyi,15,0.35,1.75,30,4.0,1.7888543819998317,0.4472135954999579,2.0,9.0,60.0,348.0,1.044398303926126,10.372796796501099,17.809765089864428,0.007,0.523,3.7904902178945172,0.6640369143968877,3.8092057633453704,3.7904902178945172,0.586769602702454,-0.1410369143968877,-0.06376960270245402,,,,,4
erdos_renyi,15,0.35,1.75,32,4.266666666666667,1.6110727964792764,0.3775951866748304,1.0,8.0,64.0,376.0,0.9114997804331921,9.442823483999497,17.705699914142944,0.008666666666666666,0.58675,3.8897331066105223,0.6786381780498915,3.889809077960261,4.558280984309206,0.6200777001407874,-0.09188817804989147,-0.03332770014078745,,,,,5
erdos_renyi,15,0.35,1.75,22,2.933333333333333,1.1234866364235145,0.3830068078716527,1.0,5.0,44.0,192.0,0.41058677037075175,6.587210609013588,13.10009370446958,0.009333333333333334,0.51975,3.7422759959187446,0.6566847324912217,3.7724693590676353,3.8273277230987164,0.6006325297727542,-0.13693473249122168,-0.08088252977275412,,,,,6
erdos_renyi,15,0.35,1.75,30,4.0,1.7888543819998317,0.4472135954999579,1.0,8.0,60.0,348.0,0.7507215560051835,9.395966403011556,17.163353005385176,0.009,0.55025,3.7904902178945172,0.6640369143968877,3.801624782909583,3.7904902178945172,0.5879942270929365,-0.1137869143968877,-0.037744227092936455,,,,,7
erdos_renyi,15,0.35,1.75,25,3.3333333333333335,1.1352924243950933,0.340587727318528,1.0,5.0,50.0,236.0,0.7501967314202823,6.936367719937157,13.909882861349587,0.013333333333333334,0.59125,3.835727574576348,0.6707804552294631,3.81664482989283,3.4521548171187133,0.616600424111039,-0.079530455229463,-0.02535042411103894,,,,,8
erdos_renyi,15,0.35,1.75,35,4.666666666666667,1.577621275493231,0.3380617018914066,1.0,8.0,70.0,434.0,0.8463418399390821,9.851191991804443,19.52480775138612,0.009666666666666667,0.5965,3.9599246942624298,0.688543482668886,3.948115633120611,4.242776458138318,0.6383024425771247,-0.09204348266888596,-0.04180244257712462,,,,,9
erdos_renyi,15,0.35,1.75,31,4.133333333333334,1.4079141387961918,0.34062438841843345,2.0,7.0,62.0,348.0,1.1275294150305417,8.670329421285471,16.6654618563606,0.014333333333333333,0.62775,3.9168398918243352,0.6825042174418138,3.942583637887535,3.7904902178945172,0.6313684086197517,-0.054754217441813746,-0.003618408619751712,,,,,10
erdos_renyi,15,0.35,1.75,31,4.133333333333334,1.359738536958076,0.3289690008769538,2.0,7.0,62.0,346.0,1.224423869286846,8.589245267501479,16.701920145028673,0.016666666666666666,0.6375,3.928143926560146,0.6841012060266884,3.9294902662123943,3.801429606348528,0.6339813811206766,-0.04660120602668849,0.0035186188793233653,,,,,11
erdos_renyi,15,0.35,1.75,24,3.2,1.6,0.5,1.0,6.0,48.0,240.0,0.560917667649887,7.875727878306596,14.284173575932131,0.011666666666666667,0.493,3.651483716701108,0.6423689472575602,3.6474899063859665,3.423265984407289,0.5458497272753348,-0.14936894725756023,-0.05284972727533477,,,,,12
erdos_renyi,15,0.35,1.75,25,3.3333333333333335,0.9428090415820634,0.282842712474619,2.0,5.0,50.0,230.0,0.8856665243930583,7.277343541797109,14.233911758630503,0.006,0.58025,3.8854367010013084,0.6780206586363358,3.879220002279706,3.4968930309011776,0.6377312590717169,-0.09777065863633572,-0.05748125907171686,,,,,13
erdos_renyi,15,0.35,1.75,35,4.666666666666667,2.1186998109427604,0.4540071023448772,1.0,8.0,70.0,464.0,0.7658040874043938,9.80528926489239,19.63903236610292,0.011666666666666667,0.58425,3.829770958408575,0.6699009806390426,3.8138363756709106,4.1033260268663305,0.5922887101191878,-0.08565098063904253,-0.008038710119187775,,,,,14
erdos_renyi,15,0.35,1.75,28,3.7333333333333334,1.8427033281447005,0.49358124861018765,1.0,8.0,56.0,316.0,0.3286957504212899,9.294991122699733,16.081831696702896,0.011,0.54125,3.7126006594867405,0.6520738374491591,3.728677546271125,3.9777864208786506,0.5648416963984658,-0.11082383744915913,-0.02359169639846581,,,,,15
erdos_renyi,15,0.35,1.75,31,4.133333333333334,1.14697670227235,0.2774943634529879,2.0,6.0,62.0,338.0,1.3728474167448808,8.385357987796931,17.314479776991796,0.009666666666666667,0.5945,3.9743589743589753,0.6905380769090667,3.945673076923077,3.8461538461538467,0.6474072757780334,-0.09603807690906663,-0.052907275778033336,,,,,16
erdos_renyi,15,0.35,1.75,23,3.066666666666667,1.4360439485692011,0.46827520062039163,1.0,6.0,46.0,218.0,0.4384300829661704,8.087787013631205,13.323929660033306,0.012,0.5425,3.671667426681081,0.6456052417634732,3.7217537595124366,3.591848569579318,0.5745594388204672,-0.10310524176347324,-0.032059438820467245,,,,,17
erdos_renyi,15,0.35,1.75,33,4.4,1.3564659966250536,0.30828772650569397,2.0,7.0,66.0,384.0,1.2574126005580488,8.636644590672415,18.844859114686106,0.007333333333333333,0.5805,3.969283100678678,0.6898382996341627,3.973117067310015,3.6084391824351614,0.6443827981846306,-0.10933829963416264,-0.06388279818463061,,,,,18
erdos_renyi,15,0.35,1.75,27,3.6,1.8903262505010434,0.5250906251391787,1.0,8.0,54.0,302.0,0.776792197484265,9.336862907158531,15.995823693792977,0.012666666666666666,0.498,3.6620480644702185,0.6440667206337974,3.6417033530009393,3.0517067203918486,0.5479437907828931,-0.14606672063379744,-0.04994379078289313,,,,,19
erdos_renyi,15,0.35,2.5,29,3.8666666666666667,1.024152766382481,0.2648670947540899,2.0,6.0,58.0,298.0,1.049521419107364,7.6673656040608975,16.584301152296,0.008333333333333333,0.9465,8.080859079949722,0.9321287682029301,8.120740906012406,8.359509393051436,0.9082309043901979,0.014371231797069894,0.03826909560980207,,,,,0
erdos_renyi,15,0.35,2.5,40,5.333333333333333,1.577621275493231,0.29580398915498085,3.0,10.0,80.0,544.0,2.229143421917483,11.262123698788788,21.649867086269314,0.01,0.97025,8.249511055657583,0.9353996261966181,8.262529815292295,7.733916614678986,0.9161546725249419,0.03485037380338185,0.054095327475058075,,,,,1
erdos_renyi,15,0.35,2.5,29,3.8666666666666667,1.3097921802925665,0.33873935697221547,1.0,6.0,58.0,308.0,0.6877923105029936,8.182849786857787,15.980954985308276,0.012666666666666666,0.91375,7.948593862835385,0.9294058136810133,7.951848674977493,8.222683306381432,0.8712172055769555,-0.01565581368101332,0.04253279442304447,,,,,2
erdos_renyi,15,0.35,2.5,33,4.4,1.8903262505010436,0.4296196023866008,1.0,9.0,66.0,410.0,0.7142590925296125,10.182559825892739,17.696288736326043,0.014666666666666666,0.89425,7.839523728025879,0.9270487949399744,7.774045887797482,7.126839752750799,0.8455139703728509,-0.032798794939974396,0.04873602962714907,,,,,3
erdos_renyi,15,0.35,2.5,32,4.266666666666667,1.6918103387266026,0.3965180481390475,1.0,8.0,64.0,380.0,0.790772029482067,9.420597213059656,18.52544276934279,0.006666666666666667,0.887,7.89634013725183,0.928289575459943,7.966821141992534,7.40281887867359,0.8647919064921337,-0.04128957545994294,0.022208093507866344,,,,,4
erdos_renyi,15,0.35,2.5,21,2.8,1.3759844960366863,0.49142303429881656,1.0,7.0,42.0,188.0,0.2772933370342731,8.391869371015439,12.601627598288,0.008,0.8635,7.367294616134239,0.9155310378271295,7.441625356457738,7.893529945858114,0.846398891763445,-0.05203103782712948,0.017101108236555085,,,,,5
erdos_renyi,15,0.35,2.5,30,4.0,1.5491933384829668,0.3872983346207417,2.0,7.0,60.0,336.0,1.009797316283281,8.716162459327801,16.550911386726504,0.010333333333333333,0.9325,7.872619896025098,0.9277750360731396,7.9100148405312165,7.872619896025098,0.8791197291869146,0.004724963926860393,0.053380270813085384,,,,,6
erdos_renyi,15,0.35,2.5,32,4.266666666666667,1.5260697523012794,0.35767259819561237,2.0,8.0,64.0,372.0,1.5309941316066493,9.514837836572237,17.798496645740983,0.012333333333333333,0.94525,7.980795375311746,0.9300820912406157,7.951023267564,7.481995664354762,0.8938316322751386,0.015167908759384341,0.051418367724861413,,,,,7
erdos_renyi,15,0.35,2.5,30,4.0,1.3165611772087666,0.32914029430219166,1.0,5.0,60.0,326.0,0.6632594107771882,8.120921111275528,16.180866424681845,0.011,0.90125,7.992453571305688,0.9303247818789143,7.963480927109707,9.99056696413211,0.8665566003150454,-0.029074781878914324,0.03469339968495455,,,,,8
erdos_renyi,15,0.35,2.5,32,4.266666666666667,0.9285592184789414,0.2176310668310019,3.0,6.0,64.0,350.0,1.0710030518986047,8.20463521473301,17.376722292301547,0.011333333333333334,0.97425,8.227798051901548,0.9349906050388457,8.260259286403189,7.7135606736577005,0.9221469262749304,0.03925939496115427,0.052103073725069504,,,,,9
erdos_renyi,15,0.35,2.5,29,3.8666666666666667,1.2036980056845192,0.311301208366686,3.0,7.0,58.0,304.0,1.107439637608338,8.520264521704426,16.477506999589572,0.011,0.96125,8.00071634828591,0.9304961039220979,7.90053496470069,6.207452339187344,0.9095391266670724,0.030753896077902132,0.051710873332927676,,,,,10
erdos_renyi,15,0.35,2.5,26,3.466666666666667,1.667999467092907,0.48115369243064626,1.0,6.0,52.0,274.0,0.5383549721462111,7.886720700605934,16.062111080434118,0.006333333333333333,0.75875,7.55554391178088,0.9203953923225022,7.465821827828482,8.717935282824092,0.7877415033668681,-0.1616453923225022,-0.028991503366868066,,,,,11
erdos_renyi,15,0.35,2.5,37,4.933333333333334,2.0483055327649624,0.41519706745235724,2.0,10.0,74.0,502.0,1.516874818424302,11.2981342262963,20.095225004897948,0.012666666666666666,0.9275,7.943603032183239,0.9293002130600698,7.943871397150542,8.050949019104634,0.8787081540901038,-0.001800213060069833,0.04879184590989616,,,,,12
erdos_renyi,15,0.35,2.5,23,3.066666666666667,0.9977753031397177,0.3253615118933862,2.0,5.0,46.0,202.0,0.5344771462053869,7.015430327084872,13.088610115662332,0.013,0.93675,7.784304549261821,0.9258151196298512,7.8346486928141115,7.615080537321346,0.8974206309075455,0.01093488037014878,0.039329369092454436,,,,,13
erdos_renyi,15,0.35,2.5,33,4.4,1.6653327995729061,0.37848472717566045,1.0,7.0,66.0,398.0,0.8841033931385867,9.116738313195404,19.07845374427396,0.007,0.87875,7.956829852134384,0.929579615225945,7.94733590742445,7.23348168375853,0.8587199829964054,-0.05082961522594498,0.020030017003594636,,,,,14
erdos_renyi,15,0.35,2.5,27,3.6,1.781385228784985,0.49482923021805136,1.0,7.0,54.0,296.0,0.8326681387897348,8.816005325002303,15.662625282951575,0.008666666666666666,0.85675,7.548933090552121,0.9202310024947945,7.525866906108767,6.290777575460101,0.8343701076868905,-0.06348100249479449,0.02237989231310955,,,,,15
erdos_renyi,15,0.35,2.5,30,4.0,1.6733200530681511,0.4183300132670378,1.0,7.0,60.0,342.0,0.7090237915368023,9.033241066922114,17.651768427411895,0.006666666666666667,0.8965,7.8032562541007415,0.9262416617015503,7.803256254100742,5.852442190575556,0.8642570658915061,-0.029741661701550348,0.03224293410849388,,,,,16
erdos_renyi,15,0.35,2.5,25,3.3333333333333335,1.4452988925785866,0.43358966777357594,1.0,7.0,50.0,248.0,0.44831294875819855,8.312879608161323,14.618128014367828,0.01,0.881,7.636279848077167,0.9223669489903888,7.527271953245865,6.872651863269449,0.8535894793787467,-0.04136694899038884,0.027410520621253265,,,,,17
erdos_renyi,15,0.35,2.5,27,3.6,1.540562667772179,0.4279340743811608,1.0,6.0,54.0,284.0,0.43044836792202074,8.242530333205437,15.520046610439838,0.012,0.881,7.706767576194085,0.9240351334342003,7.689641426024765,6.422306313495071,0.8499254776480154,-0.04303513343420029,0.0310745223519846,,,,,18
erdos_renyi,15,0.35,2.5,35,4.666666666666667,1.4907119849998598,0.3194382824999699,1.0,7.0,70.0,430.0,0.8581776692483495,9.105121827820973,19.209591861321833,0.008666666666666666,0.925,8.118980231791353,0.9328872756705708,8.185671855123925,8.69890739120502,0.8805687812190319,-0.007887275670570792,0.04443121878096812,,,,,19
erdos_renyi,30,0.15,0.75,57,3.8,1.7009801096230766,0.4476263446376517,1.0,7.0,114.0,634.0,0.33774260723157495,8.879322146364236,4.910223591511699,0.006333333333333333,0.381,2.667865792433219,0.44570149499070466,2.67646614926409,2.808279781508652,0.4164587106241221,-0.06470149499070466,-0.03545871062412209,,,,,0
erdos_renyi,30,0.15,0.75,65,4.333333333333333,1.7950549357115013,0.41424344670265417,1.0,7.0,130.0,790.0,0.5132642937973432,9.205599461430884,5.5342701041838644,0.004,0.428,2.725420779394233,0.4592415189095132,2.7487965037713455,3.1447162839164227,0.44245245862488963,-0.03124151890951321,-0.014452458624889641,,,,,1
erdos_renyi,30,0.15,0.75,62,4.133333333333334,1.8749814813900312,0.45362455194920104,1.0,8.0,124.0,742.0,0.5347147751199621,10.570771058224505,5.357772563917257,0.009333333333333334,0.38275,2.6823996801976864,0.44914118904146766,2.6951627109341105,2.595870658255825,0.4136511568854094,-0.06639118904146768,-0.030901156885409398,,,,,2
erdos_renyi,30,0.15,0.75,67,4.466666666666667,1.8749814813900312,0.41977197344552936,1.0,9.0,134.0,838.0,0.7702722898878428,10.758146219197673,5.705357872146361,0.008333333333333333,0.406,2.727636825498676,0.45975843872842254,2.760358289655311,3.053324804662697,0.43956214294876794,-0.05375843872842251,-0.033562142948767915,,,,,3
erdos_renyi,30,0.15,0.75,61,4.066666666666666,1.9310331143946984,0.47484420845771275,1.0,8.0,122.0,730.0,0.5462838364894391,10.228643460340624,5.096522208472836,0.013333333333333334,0.43375,2.6607382731669196,0.44400967920754286,2.662919206177713,2.6171196129510688,0.41157047688692483,-0.010259679207542838,0.022179523113075195,,,,,4
erdos_renyi,30,0.15,0.75,83,5.533333333333333,1.7074997966487595,0.3085843005991734,2.0,9.0,166.0,1172.0,1.3085304319202773,11.163731077563595,6.579090263825805,0.01,0.50125,2.857248664003262,0.48939299890101595,2.8516546530647013,2.581851202412586,0.4653339955379731,0.011857001098984021,0.03591600446202686,,,,,5
erdos_renyi,30,0.15,0.75,72,4.8,1.8147543451754933,0.37807382191156114,2.0,9.0,144.0,934.0,1.0856584947649037,11.121431591717473,6.002077916406483,0.010666666666666666,0.42775,2.776468880296485,0.4710634400225678,2.7539100706440767,2.892155083642172,0.43741333944586136,-0.04331344002256776,-0.00966333944586134,,,,,6
erdos_renyi,30,0.15,0.75,47,3.1333333333333333,1.4313940369055924,0.4568278841188061,1.0,6.0,94.0,450.0,0.3159667732674454,8.065034419100037,4.026969525758659,0.011333333333333334,0.38725,2.611111111111111,0.43214167939259146,2.5829166666666667,2.5000000000000004,0.4027521377096195,-0.04489167939259148,-0.015502137709619501,,,,,7
erdos_renyi,30,0.15,0.75,56,3.7333333333333334,1.412641340027806,0.37838607322173373,1.0,6.0,112.0,590.0,0.31649646030936973,8.28419132726508,4.7000748077089005,0.010666666666666666,0.4195,2.717038378784716,0.45728321773132025,2.713884673523627,2.9111125486979104,0.4385348304889653,-0.03778321773132026,-0.019034830488965315,,,,,8
erdos_renyi,30,0.15,0.75,48,3.2,1.446835627614047,0.4521361336293897,1.0,6.0,96.0,466.0,0.27285899918397305,8.10262893628263,4.083670504189126,0.015333333333333332,0.3945,2.620487128321674,0.43439551089899975,2.5959200614936586,2.456706682801569,0.407562202495297,-0.03989551089899973,-0.013062202495296993,,,,,9
erdos_renyi,30,0.15,0.75,65,4.333333333333333,2.14993539954628,0.4961389383568339,1.0,10.0,130.0,832.0,0.5388216533692517,11.967318374909354,5.5880698389750405,0.008666666666666666,0.389,2.6557393299962424,0.44282117871142757,2.6566075524695107,3.064314611534126,0.41129629964986264,-0.05382117871142755,-0.022296299649862628,,,,,10
erdos_renyi,30,0.15,0.75,62,4.133333333333334,1.5434449203720302,0.37341409363839434,1.0,7.0,124.0,708.0,0.6852684911780237,8.837062581567489,5.187304275487145,0.005,0.424,2.746052351172459,0.4640411332880474,2.75347112163732,2.6574700172636696,0.4419689551987345,-0.040041133288047426,-0.017968955198734538,,,,,11
erdos_renyi,30,0.15,0.75,62,4.133333333333334,1.4079141387961918,0.34062438841843345,2.0,7.0,124.0,696.0,0.9461921346445743,9.073604219137776,5.348863966997238,0.006333333333333333,0.39125,2.7696240483309698,0.4694888000774227,2.7796192641505515,2.680281337094487,0.4469056866484627,-0.07823880007742273,-0.05565568664846271,,,,,12
erdos_renyi,30,0.15,0.75,64,4.266666666666667,1.412641340027806,0.33108781406901705,2.0,7.0,128.0,734.0,0.7874272039855779,9.174908617848793,5.267670309580878,0.008666666666666666,0.4435,2.7839773385166966,0.47278694620130224,2.777180518842583,2.609978754859403,0.4490200150070947,-0.029286946201302233,-0.005520015007094703,,,,,13
erdos_renyi,30,0.15,0.75,59,3.933333333333333,1.8607047649270483,0.4730605334560293,1.0,9.0,118.0,686.0,0.6134737435597473,10.661525956097508,4.944051583713647,0.010666666666666666,0.4015,2.6547504651838576,0.4425858879357718,2.6373146040777775,2.0248096768351456,0.3998929039558835,-0.04108588793577178,0.0016070960441165183,,,,,14
erdos_renyi,30,0.15,0.75,60,4.0,1.7126976771553504,0.4281744192888376,1.0,8.0,120.0,688.0,0.6305280058343401,10.115283037668117,5.127625952681368,0.011,0.39325,2.6958193300859605,0.4523049707682532,2.6922810672152226,2.6958193300859605,0.41937597813025945,-0.05905497076825322,-0.026125978130259464,,,,,15
erdos_renyi,30,0.15,0.75,82,5.466666666666667,2.0450482200237294,0.3740941865897066,1.0,10.0,164.0,1186.0,0.9056017359968475,12.004587043667696,6.730559312802314,0.010666666666666666,0.45625,2.8061136713733714,0.47784482998995853,2.7893454311419936,2.566567382353693,0.4524441707891432,-0.02159482998995854,0.003805829210856815,,,,,16
erdos_renyi,30,0.15,0.75,66,4.4,1.6248076809271923,0.3692744729379982,1.0,8.0,132.0,792.0,0.5452297874139602,10.4497350632491,5.566289053606682,0.007666666666666666,0.411,2.7638539919628333,0.4681588562280185,2.78442585974392,2.51259453814803,0.4458419933025328,-0.05715885622801853,-0.03484199330253285,,,,,17
erdos_renyi,30,0.15,0.75,67,4.466666666666667,1.8749814813900312,0.41977197344552936,1.0,8.0,134.0,838.0,0.34065316427950726,10.446409068339353,5.675494771530186,0.008666666666666666,0.4235,2.727636825498676,0.45975843872842254,2.724176390720058,3.053324804662697,0.4318584774362989,-0.03625843872842255,-0.008358477436298917,,,,,18
erdos_renyi,30,0.15,0.75,61,4.066666666666666,1.6719914938645934,0.41114544931096564,1.0,7.0,122.0,702.0,0.3746915444090872,9.309285636955048,5.167816815137799,0.01,0.4105,2.713282606141754,0.456404256953919,2.7206774132445593,2.668802563418119,0.42854407398241173,-0.04590425695391903,-0.018044073982411757,,,,,19
erdos_renyi,30,0.15,1.25,69,4.6,1.836663641860788,0.3992747047523453,1.0,8.0,138.0,874.0,0.6043538696137376,9.955903632681277,5.765715523203706,0.008333333333333333,0.86525,7.640550058613622,0.9224693978506721,7.560822579741132,8.304945715884372,0.817901926970612,-0.057219397850672093,0.04734807302938793,,,,,0
erdos_renyi,30,0.15,1.25,53,3.533333333333333,0.9910712498212336,0.2804918631569529,2.0,6.0,106.0,510.0,0.641576350298445,7.64835365081721,4.276997690483945,0.013666666666666667,0.9755,7.6828443119242875,0.9234743902431238,7.66852957841858,6.523169698803641,0.898774577881728,0.0520256097568762,0.07672542211827205,,,,,1
erdos_renyi,30,0.15,1.25,57,3.8,1.6411378166788229,0.43187837281021657,1.0,7.0,114.0,628.0,0.3318749569343915,9.19391547324309,4.985184203530222,0.006333333333333333,0.89175,7.446055771999241,0.9176132416412957,7.475448097415027,7.837953444209727,0.8427262660693862,-0.02586324164129561,0.04902373393061388,,,,,2
erdos_renyi,30,0.15,1.25,63,4.2,1.5790292376436015,0.37595934229609557,1.0,8.0,126.0,730.0,0.7083387806856656,9.430296641016708,5.459025216749506,0.007333333333333333,0.903,7.6332655377739504,0.9222945219091253,7.655983589969706,7.269776702641858,0.8616300123975648,-0.019294521909125284,0.041369987602435265,,,,,3
erdos_renyi,30,0.15,1.25,63,4.2,1.7587874611030563,0.4187589193102515,1.0,9.0,126.0,748.0,0.4905382865529866,10.40098146363032,5.296403889518871,0.010666666666666666,0.88425,7.540862145760697,0.9200296878805241,7.532333789762515,7.181773472153044,0.8334154471544408,-0.0357796878805241,0.050834552845559156,,,,,4
erdos_renyi,30,0.15,1.25,64,4.266666666666667,1.3399834161494522,0.31405861316002787,1.0,7.0,128.0,728.0,0.6560309463592614,8.944617086687979,5.398262804558585,0.008,0.933,7.765072864606803,0.9253788860971922,7.7934335799521435,7.2797558105688775,0.8800437076562803,0.007621113902807841,0.05295629234371979,,,,,5
erdos_renyi,30,0.15,1.25,65,4.333333333333333,2.1186998109427604,0.4889307256021755,1.0,10.0,130.0,828.0,0.5933664918965684,11.483477464867047,5.479224365019958,0.011,0.872,7.394851196040366,0.9162674562662813,7.337967725301595,6.8260164886526455,0.817134816203692,-0.04426745626628126,0.054865183796308004,,,,,6
erdos_renyi,30,0.15,1.25,65,4.333333333333333,1.3249737942901194,0.3057631832977199,1.0,8.0,130.0,746.0,0.5192495756025164,9.55157925560139,5.45621663484973,0.01,0.9515,7.7906769097459145,0.9259589094959302,7.797269020977238,7.191394070534691,0.8893640552625562,0.02554109050406983,0.06213594473744377,,,,,7
erdos_renyi,30,0.15,1.25,53,3.533333333333333,1.4772346537440226,0.41808527936151585,1.0,7.0,106.0,546.0,0.5498442717975741,8.629834672758044,4.554726853533553,0.006666666666666667,0.8885,7.425245192464475,0.9170697963729808,7.400377626018016,6.304453465300027,0.841315920492563,-0.02856979637298085,0.04718407950743697,,,,,8
erdos_renyi,30,0.15,1.25,57,3.8,1.869046102516825,0.49185423750442764,1.0,8.0,114.0,652.0,0.3364940938089792,9.467302859480997,5.046231691439255,0.009666666666666667,0.83675,7.307726900564247,0.9139093759903605,7.3255154463090415,7.692344105857102,0.8048900418392423,-0.07715937599036049,0.031859958160757706,,,,,9
erdos_renyi,30,0.15,1.25,54,3.6,1.3808210118138653,0.3835613921705181,1.0,9.0,108.0,554.0,0.7094184978334753,10.373731999829822,4.509335186512566,0.011666666666666667,0.94575,7.510522101576371,0.9192668052270515,7.487051720008945,6.258768417980309,0.8739308780416231,0.02648319477294847,0.07181912195837692,,,,,10
erdos_renyi,30,0.15,1.25,56,3.7333333333333334,1.5040685563571303,0.40287550616708845,1.0,7.0,112.0,598.0,0.5497090649343959,8.811738297119119,4.61472426058437,0.013,0.907,7.4966750440068175,0.9189153940691647,7.554238798809013,8.032151832864448,0.8479429624475001,-0.011915394069164642,0.059057037552499914,,,,,11
erdos_renyi,30,0.15,1.25,74,4.933333333333334,2.031966753883756,0.41188515281427485,1.0,9.0,148.0,1002.0,0.7635970336581209,11.00132986520251,6.14983763529605,0.012666666666666666,0.90925,7.652954124779862,0.9227659652889102,7.653988307769698,7.7563724237633735,0.8521049978076062,-0.013515965288910192,0.05714500219239382,,,,,12
erdos_renyi,30,0.15,1.25,50,3.3333333333333335,1.3984117975602022,0.41952353926806063,1.0,6.0,100.0,492.0,0.41541630743344915,8.595710749742196,4.1617240468841565,0.013,0.918,7.37936010489975,0.9158545337641988,7.347075404440812,6.641424094409774,0.8462951612179741,0.002145466235801252,0.07170483878202594,,,,,13
erdos_renyi,30,0.15,1.25,59,3.933333333333333,1.7499206331208916,0.4448950762171759,1.0,8.0,118.0,674.0,0.6989289597489706,10.031971987552108,4.881400120050797,0.013666666666666667,0.91,7.439663873024943,0.9174468316749711,7.403568893640988,7.565759870872824,0.8428060859005004,-0.007446831674971066,0.0671939140994996,,,,,14
erdos_renyi,30,0.15,1.25,59,3.933333333333333,1.730767331432956,0.4400255927371922,1.0,7.0,118.0,672.0,0.4508082674413389,9.158036512778722,5.06560279980464,0.008,0.8665,7.450726576344648,0.9177345605079746,7.449621595708324,7.577010077638625,0.8271156022694828,-0.05123456050797459,0.03938439773051727,,,,,15
erdos_renyi,30,0.15,1.25,72,4.8,1.9390719429665317,0.4039733214513608,1.0,10.0,144.0,948.0,0.8706119970310251,11.57889699643597,6.061790709111164,0.011666666666666667,0.9275,7.655253536243756,0.9228207746422663,7.620166957535971,7.974222433587246,0.8624852484199643,0.004679225357733685,0.06501475158003567,,,,,16
erdos_renyi,30,0.15,1.25,74,4.933333333333334,1.8061622912192088,0.3661139779498396,2.0,9.0,148.0,976.0,0.9591955889850664,10.955465089052593,6.103176859951527,0.015333333333333332,0.94575,7.754218989752745,0.9251311670850333,7.78513107896865,7.859005732857511,0.8807391032171513,0.02061883291496669,0.06501089678284866,,,,,17
erdos_renyi,30,0.15,1.25,56,3.7333333333333334,1.3888444437333105,0.37201190457142247,1.0,7.0,112.0,588.0,0.6451246662237459,8.81723101607441,4.58066347173326,0.018,0.9305,7.560153527108574,0.920509750515003,7.549859568064967,8.100164493330615,0.8630411728257253,0.009990249484997049,0.06745882717427465,,,,,18
erdos_renyi,30,0.15,1.25,64,4.266666666666667,1.8061622912192088,0.42331928700450205,1.0,8.0,128.0,772.0,0.6016111918455912,10.494818932205334,5.484947912827186,0.007666666666666666,0.8855,7.540542200878336,0.9200216934576144,7.527876446400297,7.069258313323439,0.837625236601506,-0.034521693457614466,0.04787476339849395,,,,,19
erdos_renyi,30,0.15,1.75,66,4.4,1.9252705437591535,0.4375614872179894,1.0,8.0,132.0,824.0,0.718894199308554,10.475992352515734,5.461391258107616,0.008,0.9675,14.752568914737614,0.9846511152819059,14.659527144877622,16.764282857656376,0.9365841701360296,-0.017151115281905827,0.030915829863970457,,,,,0
erdos_renyi,30,0.15,1.75,56,3.7333333333333334,1.8427033281447003,0.4935812486101876,1.0,8.0,112.0,632.0,0.34516113247290536,9.876653649353258,4.880723084921553,0.008,0.96175,14.292783333986158,0.9833763205205236,14.423587824319512,15.313696429270882,0.9338423103489247,-0.0216263205205236,0.027907689651075263,,,,,1
erdos_renyi,30,0.15,1.75,61,4.066666666666666,1.6918103387266026,0.4160189357524433,1.0,8.0,122.0,704.0,0.3039014772627979,9.70045080936063,5.011293048565426,0.014,0.9885,14.751318083030544,0.9846478333630997,14.750713520814026,14.509493196423488,0.9625920230102272,0.003852166636900356,0.025907976989772874,,,,,2
erdos_renyi,30,0.15,1.75,56,3.7333333333333334,1.8245242911205344,0.4887118636930003,1.0,7.0,112.0,630.0,0.5625366171251188,9.217732480150675,4.799045111258819,0.011,0.977,14.3154523146608,0.9834425329440147,14.240360098278092,11.503488467138142,0.9434345312877462,-0.006442532944014756,0.03356546871225374,,,,,3
erdos_renyi,30,0.15,1.75,66,4.4,1.7435595774162693,0.3962635403218794,2.0,7.0,132.0,804.0,0.8595473988378785,10.342730356901155,5.6293280311585425,0.009666666666666667,0.99925,14.934931448944837,0.9851194137131666,14.903534149876032,13.57721040813167,0.9677648865486258,0.014130586286833391,0.03148511345137417,,,,,4
erdos_renyi,30,0.15,1.75,55,3.6666666666666665,1.757523510195209,0.47932459368960245,1.0,9.0,110.0,606.0,0.430332438469936,10.409647084045389,4.624131347472807,0.01,0.99375,14.335528213238362,0.98350086784403,14.285028057032637,11.729068538104116,0.9607393651098836,0.010249132155970009,0.033010634890116464,,,,,5
erdos_renyi,30,0.15,1.75,50,3.3333333333333335,1.3249737942901194,0.3974921382870358,1.0,5.0,100.0,486.0,0.2325952555448498,7.935404214286569,4.284594939480397,0.009,0.9845,14.552553081425753,0.9841137546258688,14.613309990540703,13.097297773283175,0.9561547985873485,0.0003862453741312333,0.02834520141265151,,,,,6
erdos_renyi,30,0.15,1.75,69,4.6,2.259793500890439,0.4912594567153129,1.0,11.0,138.0,926.0,0.7581752639590744,12.537211097913131,5.757881459665606,0.012333333333333333,0.97375,14.548925491871529,0.984103770566083,14.681763507232095,15.814049447686447,0.9415288290872442,-0.010353770566082998,0.03222117091275578,,,,,7
erdos_renyi,30,0.15,1.75,56,3.7333333333333334,1.8061622912192088,0.4837934708622881,1.0,7.0,112.0,628.0,0.5434322483333134,8.760123332626243,4.621119510836523,0.015333333333333332,0.9655,14.338229500607662,0.9835086953606451,14.216930639430648,15.362388750651066,0.9240673797950248,-0.01800869536064509,0.04143262020497518,,,,,8
erdos_renyi,30,0.15,1.75,62,4.133333333333334,1.8024674446127702,0.4360808333740573,1.0,9.0,124.0,734.0,0.5951835837099243,10.456462626961187,5.236523899012452,0.009666666666666667,0.978,14.683547143079384,0.9844685581950574,14.621082859869912,14.209884332012304,0.9521582948470925,-0.006468558195057428,0.025841705152907513,,,,,9
erdos_renyi,30,0.15,1.75,63,4.2,1.7009801096230768,0.40499526419597065,1.0,9.0,126.0,742.0,0.6859984938537594,10.56932447353585,5.1987318534356115,0.014,0.98875,14.839727263029134,0.9848774350067773,14.835310677534183,14.133073583837271,0.9608445993031892,0.003872564993222749,0.0279054006968108,,,,,10
erdos_renyi,30,0.15,1.75,64,4.266666666666667,1.9310331143946984,0.45258588618625745,2.0,9.0,128.0,786.0,0.5876280933721625,10.457312149961073,5.500467965665517,0.009,0.9985,14.647247610643316,0.9843713442568292,14.735932117660884,13.73179463497811,0.9666860099135248,0.014128655743170904,0.03181399008647523,,,,,11
erdos_renyi,30,0.15,1.75,66,4.4,2.3180451534284954,0.5268284439610217,1.0,9.0,132.0,874.0,0.34009396929728647,11.179992362140057,5.600004256483297,0.008666666666666666,0.944,14.324370370757366,0.9834684813843533,14.313789869915329,16.27769360313337,0.9156662899916127,-0.03946848138435333,0.028333710008387247,,,,,12
erdos_renyi,30,0.15,1.75,66,4.4,1.540562667772179,0.35012787903913156,2.0,8.0,132.0,784.0,0.7334263151727722,9.912673395428774,5.311620454043152,0.013666666666666667,1.0,15.124228375378935,0.9855848978817244,15.127665700009702,13.749298523071758,0.9742608077774119,0.014415102118275569,0.025739192222588136,,,,,13
erdos_renyi,30,0.15,1.75,58,3.8666666666666667,1.8024674446127702,0.4661553736067509,1.0,8.0,116.0,662.0,0.4988942352137343,9.698918260096708,5.023703863188585,0.011333333333333334,0.96225,14.463930329806544,0.9838673413847031,14.539055485183338,14.962686548075734,0.9368603305856641,-0.02161734138470306,0.025389669414335958,,,,,14
erdos_renyi,30,0.15,1.75,57,3.8,1.6812693617224657,0.44243930571643836,1.0,7.0,114.0,632.0,0.4494974896382472,9.150310332069571,4.801762606423095,0.010666666666666666,0.98025,14.548011607807338,0.9841012539558965,14.597781121202468,15.313696429270882,0.9466832897618608,-0.003851253955896583,0.033566710238139175,,,,,15
erdos_renyi,30,0.15,1.75,54,3.6,1.42828568570857,0.3967460238079361,1.0,7.0,108.0,558.0,0.5622691150280208,8.647304887423834,4.650900557006992,0.010666666666666666,0.9885,14.667766332186616,0.9844263984278838,14.674896496375874,16.29751814687402,0.9582707633657339,0.0040736015721162255,0.030229236634266132,,,,,16
erdos_renyi,30,0.15,1.75,55,3.6666666666666665,1.349897115421106,0.3681537587512107,1.0,7.0,110.0,568.0,0.4674213433406128,9.058280293545945,4.847956334106284,0.008,0.99225,14.807298929779789,0.9847937717557762,14.691532774510604,12.11506276072892,0.9680683153005705,0.0074562282442237615,0.024181684699429495,,,,,17
erdos_renyi,30,0.15,1.75,53,3.533333333333333,1.6069294390925266,0.4547913506865642,1.0,6.0,106.0,558.0,0.3639452718943585,8.162110942312948,4.711477762117673,0.008333333333333333,0.9575,14.396141029738715,0.9836752798277899,14.641282865197946,16.29751814687402,0.9373421420437429,-0.026175279827789888,0.02015785795625713,,,,,18
erdos_renyi,30,0.15,1.75,64,4.266666666666667,1.9482185594936607,0.45661372488132673,1.0,10.0,128.0,788.0,0.7046072940411597,11.87150325779609,5.357231324494984,0.010333333333333333,0.972,14.628647923634986,0.9843212066023436,14.512361601273279,13.7143574284078,0.9484879773783139,-0.012321206602343593,0.023512022621686057,,,,,19
erdos_renyi,30,0.15,2.5,55,3.6666666666666665,1.8499249234015476,0.504524979109513,1.0,8.0,110.0,616.0,0.5342559248113145,9.816199749767586,4.7961533769977125,0.006666666666666667,1.0,29.017739376296696,0.9972505221128928,29.101495124041918,23.741786762424574,0.9881858072743321,0.002749477887107221,0.01181419272566786,,,,,0
erdos_renyi,30,0.15,2.5,57,3.8,1.7587874611030558,0.46283880555343576,1.0,9.0,114.0,640.0,0.5189457216736995,10.344508409196704,5.098880460434558,0.007333333333333333,1.0,29.503674703122226,0.9973646992101404,29.52696707788785,31.05649968749708,0.990804071709948,0.0026353007898596292,0.009195928290052002,,,,,1
erdos_renyi,30,0.15,2.5,55,3.6666666666666665,1.6599866130651644,0.4527236217450448,1.0,9.0,110.0,596.0,0.6369487406710665,10.368701459484562,4.759671364993761,0.008,1.0,29.500596805548213,0.9973639969211062,29.543506764538108,32.18246924241624,0.9930317444458542,0.0026360030788937783,0.006968255554145819,,,,,2
erdos_renyi,30,0.15,2.5,66,4.4,1.781385228784985,0.4048602792693147,1.0,8.0,132.0,808.0,0.5344882512180197,10.040581897061877,5.453053459866913,0.011666666666666667,1.0,30.40391414530523,0.9975594480508471,30.391821679451976,27.639921950277476,0.9895268784240256,0.002440551949152936,0.010473121575974353,,,,,3
erdos_renyi,30,0.15,2.5,58,3.8666666666666667,1.7269111795984826,0.4466149602409869,1.0,8.0,116.0,654.0,0.5581429529036587,9.953514332736338,4.812142830794965,0.009666666666666667,1.0,29.69821600864926,0.9974085659080183,29.921592676472933,30.722292422740612,0.9924039934234529,0.0025914340919817036,0.007596006576547132,,,,,4
erdos_renyi,30,0.15,2.5,65,4.333333333333333,2.086996778999804,0.4816146413076471,1.0,10.0,130.0,824.0,0.4437559472523992,11.764893077463823,5.498130382607911,0.011666666666666667,1.0,29.651112537351413,0.9973980382415649,29.833580922196656,27.370257726785923,0.9886658483737005,0.0026019617584350785,0.011334151626299471,,,,,5
erdos_renyi,30,0.15,2.5,61,4.066666666666666,1.7113996870657913,0.4208359886227356,1.0,10.0,122.0,706.0,0.5880034833750829,11.308317685940025,5.183840364635473,0.011,1.0,30.06205927791974,0.997487926450841,30.040498374749102,29.569238634019417,0.99095746773992,0.002512073549159055,0.009042532260080005,,,,,6
erdos_renyi,30,0.15,2.5,56,3.7333333333333334,1.5477582354991863,0.4145780987944249,1.0,7.0,112.0,602.0,0.37459176829607543,9.399420816380239,4.602172250844531,0.015333333333333332,1.0,29.886910547627,0.997450151261735,29.481969594448216,32.0216898724575,0.9926929780348765,0.002549848738265026,0.00730702196512345,,,,,7
erdos_renyi,30,0.15,2.5,63,4.2,1.973153144926499,0.46979836783964257,1.0,8.0,126.0,772.0,0.5948178125899986,10.033802654635878,5.29701713329681,0.013666666666666667,1.0,29.690884915958442,0.9974069312945025,29.989561079696358,35.3462915666172,0.9851350994269542,0.00259306870549747,0.014864900573045792,,,,,8
erdos_renyi,30,0.15,2.5,63,4.2,1.6206994374857624,0.385880818448991,1.0,8.0,126.0,734.0,0.6074299312909173,10.160220400484874,5.352639544986217,0.006333333333333333,0.99975,30.44975214002637,0.9975688222829854,30.315628231790537,28.999763942882254,0.9934717879810046,0.0021811777170146485,0.006278212018995477,,,,,9
erdos_renyi,30,0.15,2.5,55,3.6666666666666665,1.757523510195209,0.47932459368960245,1.0,7.0,110.0,606.0,0.3523310325176257,9.008804493850603,4.82088303393853,0.009,1.0,29.256180027017066,0.9973073875545663,29.17905009785493,23.93687456755942,0.990770492124526,0.0026926124454337286,0.009229507875474052,,,,,10
erdos_renyi,30,0.15,2.5,68,4.533333333333333,1.746106780494506,0.38517061334437636,1.0,9.0,136.0,844.0,0.6834531932866245,10.678731148477034,5.8526618089598275,0.005,1.0,30.64989081367038,0.9976091716269319,30.91807735828999,27.044021306179747,0.9934432599599903,0.0023908283730681434,0.006556740040009723,,,,,11
erdos_renyi,30,0.15,2.5,73,4.866666666666666,1.9447936194419762,0.39961512728259785,1.0,8.0,146.0,970.0,0.768764545418026,10.440345886467222,6.241308201340221,0.011333333333333334,1.0,30.692215250568967,0.9976175852148363,30.67224428859086,31.5330978601736,0.9914425932989218,0.0023824147851636557,0.008557406701078185,,,,,12
erdos_renyi,30,0.15,2.5,76,5.066666666666666,2.031966753883756,0.4010460698454782,1.0,9.0,152.0,1046.0,0.8219064310855355,11.125471782080444,6.289905564796176,0.011,1.0,30.770814516614426,0.997633101038742,30.955034524575733,36.43912245388551,0.9868060150032829,0.0023668989612579683,0.01319398499671709,,,,,13
erdos_renyi,30,0.15,2.5,54,3.6,1.5832456116050557,0.439790447668071,1.0,7.0,108.0,572.0,0.464893225070494,8.948399596625883,4.663262479074205,0.01,1.0,29.565619799454133,0.997378778253542,29.2063153921691,24.63801649954511,0.9898010460631488,0.002621221746457958,0.010198953936851218,,,,,14
erdos_renyi,30,0.15,2.5,55,3.6666666666666665,1.9888578520235063,0.5424157778245926,1.0,11.0,110.0,632.0,0.5745539728092514,12.310141748774203,4.661122387887739,0.013333333333333334,1.0,28.648071551357088,0.9971590126304397,29.010079000960598,23.43933126929217,0.9885187443849234,0.0028409873695602883,0.011481255615076624,,,,,15
erdos_renyi,30,0.15,2.5,76,5.066666666666666,2.308438625757438,0.45561288666265226,1.0,13.0,152.0,1082.0,0.9358091052377935,14.437182020064451,6.402623681002124,0.010333333333333333,1.0,30.25458528686891,0.9975285585870723,30.013245256208855,23.885198910685983,0.9906155647158168,0.002471441412927655,0.009384435284183201,,,,,16
erdos_renyi,30,0.15,2.5,57,3.8,1.661324772583615,0.4371907296272671,1.0,7.0,114.0,630.0,0.33967253465847,8.934977369558485,4.890358169047615,0.010666666666666666,1.0,29.73690896267003,0.9974171696077845,29.801469357128454,31.302009434389504,0.9884636644324936,0.0025828303922155182,0.01153633556750644,,,,,17
erdos_renyi,30,0.15,2.5,67,4.466666666666667,1.8571184369578826,0.4157727843935558,1.0,10.0,134.0,836.0,0.4537764440101402,11.289305276943914,5.607543998522607,0.008333333333333333,0.99975,30.34330666572476,0.9975469760911342,30.379537479653983,33.96638805864712,0.9913872244812665,0.002203023908865842,0.008362775518733545,,,,,18
erdos_renyi,30,0.15,2.5,65,4.333333333333333,1.7950549357115013,0.41424344670265417,1.0,8.0,130.0,790.0,0.6529784859005199,9.656259388801947,5.496145184072101,0.012333333333333333,1.0,30.282453104380366,0.9975343642447224,30.36048865661089,27.95303363481265,0.9920795780255646,0.0024656357552775843,0.007920421974435432,,,,,19
erdos_renyi,30,0.25,0.75,60,4.0,1.4375905768565218,0.35939764421413045,1.0,7.0,120.0,662.0,0.5287143262616808,8.77343273427677,14.134023598339155,0.009333333333333334,0.07825,0.9893694778727629,0.05962144314431587,0.9797231254635035,0.9893694778727629,0.06894793041917918,0.018628556855684132,0.009302069580820818,,,,,0
erdos_renyi,30,0.25,0.75,56,3.7333333333333334,1.7499206331208916,0.46872874101452455,1.0,8.0,112.0,622.0,0.4949654496359919,9.509625016299998,13.519092612840645,0.010666666666666666,0.07575,0.9526406015678878,0.05441612269837433,0.952555544371319,1.0206863588227368,0.07144822830269758,0.02133387730162567,0.00430177169730242,,,,,1
erdos_renyi,30,0.25,0.75,63,4.2,1.7204650534085255,0.40963453652583937,2.0,8.0,126.0,744.0,0.8052549185752471,9.72382004876174,14.93826296546074,0.009,0.08025,0.979919351520252,0.05825829476554917,0.982602464030367,0.9332565252573828,0.07274102801735159,0.021991705234450834,0.00750897198264841,,,,,2
erdos_renyi,30,0.25,0.75,57,3.8,1.4,0.3684210526315789,1.0,7.0,114.0,606.0,0.543643177908514,8.70585987066101,13.031112806077397,0.016,0.09375,0.9823693322526383,0.05861011422062946,0.9753247100674057,1.034072981318567,0.06885225155303007,0.03513988577937054,0.02489774844696993,,,,,3
erdos_renyi,30,0.25,0.75,59,3.933333333333333,2.1281186266016485,0.5410471084580463,1.0,9.0,118.0,718.0,0.3479741882751072,10.80182739238566,14.76322337473105,0.009333333333333334,0.06675,0.9341702707255893,0.05189318474355518,0.9351598578767819,0.7125027488585004,0.07360760846864095,0.014856815256444826,-0.006857608468640947,,,,,4
erdos_renyi,30,0.25,0.75,52,3.466666666666667,1.3840359661351131,0.3992411440774365,1.0,7.0,104.0,522.0,0.4713885788257167,8.90103652962111,12.339022840597986,0.012666666666666666,0.076,0.9656157585206698,0.05622644388061008,0.963340990628001,0.8356290217967335,0.06870782634047799,0.01977355611938992,0.0072921736595220055,,,,,5
erdos_renyi,30,0.25,0.75,51,3.4,1.42828568570857,0.42008402520840293,1.0,6.0,102.0,510.0,0.4661602262574017,8.593681257523674,12.167098439699004,0.008333333333333333,0.08925,0.9581231653602786,0.05517724435718588,0.9604480230409325,0.8454027929649518,0.06937550689606518,0.03407275564281412,0.019874493103934812,,,,,6
erdos_renyi,30,0.25,0.75,61,4.066666666666666,1.8427033281447003,0.4531237692159099,1.0,8.0,122.0,720.0,0.4355029675866352,9.902934915995981,13.846921967274199,0.012666666666666666,0.11,0.9644946863513555,0.05606879536100758,0.966471109888961,0.9486832980505138,0.072407811110354,0.05393120463899242,0.037592188889645994,,,,,7
erdos_renyi,30,0.25,0.75,51,3.4,1.5187714333192688,0.44669748038802026,1.0,7.0,102.0,518.0,0.17126936455286146,8.873552566496096,11.952770728281346,0.011,0.0975,0.950695741981836,0.05414746996327902,0.9473403452454298,0.83884918410162,0.06889964826498005,0.04335253003672098,0.028600351735019958,,,,,8
erdos_renyi,30,0.25,0.75,70,4.666666666666667,1.8318175552045448,0.3925323332581167,1.0,8.0,140.0,894.0,0.6148204048093796,10.034903100400001,16.560415041665124,0.010666666666666666,0.091,0.9932659166648444,0.060188282088881565,0.997221243440135,1.0642134821409048,0.07403027376098575,0.030811717911118433,0.016969726239014243,,,,,9
erdos_renyi,30,0.25,0.75,76,5.066666666666666,1.8961950204437188,0.37424901719283926,1.0,9.0,152.0,1030.0,0.8043197654356278,10.919671732084264,18.445621970089622,0.004,0.0655,1.0046880402654483,0.0618660032258111,1.0037130962790066,0.9914684607882714,0.07424463985981646,0.003633996774188901,-0.008744639859816453,,,,,10
erdos_renyi,30,0.25,0.75,61,4.066666666666666,1.730767331432956,0.42559852412285804,1.0,9.0,122.0,708.0,0.5824865135497813,10.639988865159932,14.250815764761104,0.011333333333333334,0.088,0.9726340263185029,0.057218668886802486,0.9638045821861444,0.956689206214921,0.07025567837620922,0.03078133111319751,0.017744321623790776,,,,,11
erdos_renyi,30,0.25,0.75,65,4.333333333333333,1.6599866130651642,0.3830738337842687,1.0,8.0,130.0,776.0,0.6035176547254683,10.173913747408012,15.10199807164153,0.009333333333333334,0.09,0.9899625110052787,0.059707535046233814,0.9982248904240535,0.9138115486202573,0.07380522614281355,0.030292464953766182,0.016194773857186442,,,,,12
erdos_renyi,30,0.25,0.75,64,4.266666666666667,1.569146972791976,0.36776882174811937,2.0,7.0,128.0,748.0,0.6896093574593113,9.157793733795147,14.549163332583952,0.011333333333333334,0.0975,0.9928083647904368,0.060121574448121703,0.9919551701019451,0.9307578419910345,0.07182189708110968,0.0373784255518783,0.02567810291889032,,,,,13
erdos_renyi,30,0.25,0.75,55,3.6666666666666665,1.7950549357115013,0.4895604370122277,1.0,7.0,110.0,610.0,0.320889512728269,9.597599570543982,13.339498766032957,0.009,0.07875,0.9447872516178827,0.05333562434924281,0.9379160716061161,1.030677001764963,0.07094676744521883,0.025414375650757187,0.007803232554781173,,,,,14
erdos_renyi,30,0.25,0.75,66,4.4,1.4742229591663987,0.33505067253781784,2.0,7.0,132.0,778.0,1.0870373963124478,9.424058950598491,15.263776732494488,0.011333333333333334,0.08775,1.0038998505955197,0.06174946249280837,1.0049265663518105,0.9126362278141088,0.07184334408147276,0.026000537507191626,0.015906655918527232,,,,,15
erdos_renyi,30,0.25,0.75,52,3.466666666666667,1.2310790208412925,0.3551189483196036,1.0,7.0,104.0,510.0,0.23734968502785034,8.447503576394547,12.101604513621202,0.011666666666666667,0.08975,0.9769098940928334,0.05782765139938084,0.9813012919340679,0.8454027929649518,0.06829380526147207,0.031922348600619155,0.02145619473852793,,,,,16
erdos_renyi,30,0.25,0.75,60,4.0,1.6733200530681511,0.4183300132670378,1.0,7.0,120.0,684.0,0.5903131194156043,9.28393588468165,14.014649367504502,0.007666666666666666,0.09275,0.9733285267845753,0.05731735171804573,0.9642644048788939,0.9733285267845753,0.07060445137898444,0.03543264828195427,0.02214554862101556,,,,,17
erdos_renyi,30,0.25,0.75,66,4.4,1.5405626677721789,0.3501278790391315,2.0,8.0,132.0,784.0,0.8267167506059095,9.939608004111262,15.15601865203869,0.009333333333333334,0.08525,1.0000510191066887,0.06118201460537179,1.001301082880572,0.9091372900969896,0.07166616961780059,0.02406798539462822,0.013583830382199416,,,,,18
erdos_renyi,30,0.25,0.75,55,3.6666666666666665,1.679947089113887,0.45816738794015105,1.0,8.0,110.0,598.0,0.3082369771098909,9.49824433268698,13.191396335085397,0.009,0.07575,0.9542196377442964,0.05463476041673763,0.9567136208884011,0.7807251581544243,0.07078031771610985,0.02111523958326237,0.0049696822838901505,,,,,19
erdos_renyi,30,0.25,1.25,62,4.133333333333334,1.6069294390925268,0.3887732513933532,2.0,7.0,124.0,714.0,0.9693050098354271,9.545021393037763,14.868611489725396,0.0036666666666666666,0.39075,2.7344899741289765,0.4613549074245585,2.761559219639003,2.6462806201248155,0.4351710702221897,-0.0706049074245585,-0.04442107022218972,,,,,0
erdos_renyi,30,0.25,1.25,59,3.933333333333333,1.4360439485692011,0.365095919127763,2.0,7.0,118.0,644.0,0.5367131748649399,8.768580963034845,13.988967712500868,0.009,0.40325,2.7399512118288176,0.46262483039035185,2.7559149106265495,2.786391062876764,0.43912636870152794,-0.05937483039035185,-0.03587636870152794,,,,,1
erdos_renyi,30,0.25,1.25,64,4.266666666666667,1.8785337071473827,0.4402813376126678,2.0,9.0,128.0,780.0,0.9879989642806665,10.973445302684837,15.12910952778261,0.007666666666666666,0.385,2.7006383122231115,0.45343819039931865,2.6869241332938536,2.531848417709167,0.41642058316684427,-0.06843819039931864,-0.03142058316684426,,,,,2
erdos_renyi,30,0.25,1.25,71,4.733333333333333,1.6719914938645934,0.3532376395488578,3.0,9.0,142.0,898.0,1.0869524375115627,10.784637717841443,16.621079864196105,0.01,0.42375,2.7922476375828014,0.474680701468575,2.7986875044934236,2.3596458909150435,0.4443313426982717,-0.05093070146857498,-0.020581342698271665,,,,,3
erdos_renyi,30,0.25,1.25,60,4.0,1.390443574307614,0.3476108935769035,1.0,7.0,120.0,658.0,0.4730112789807253,9.030365658352343,14.278108350830832,0.006333333333333333,0.40525,2.756589232099856,0.4664810910028486,2.7788142327836614,2.756589232099856,0.4535814537161307,-0.061231091002848625,-0.04833145371613068,,,,,4
erdos_renyi,30,0.25,1.25,61,4.066666666666666,1.18133634311129,0.29049254338802216,1.0,6.0,122.0,660.0,0.47923204019675053,8.467183501982342,14.061520566155409,0.007333333333333333,0.438,2.7982829030294996,0.4760595972061303,2.789222888712314,2.7524094128159016,0.460161003364066,-0.03805959720613028,-0.022161003364066012,,,,,5
erdos_renyi,30,0.25,1.25,62,4.133333333333334,1.8749814813900312,0.45362455194920104,1.0,9.0,124.0,742.0,0.6402652474065775,10.544978728586903,14.490841813789158,0.011,0.413,2.682399680197686,0.4491411890414675,2.7379945767953315,2.595870658255825,0.4233880305974784,-0.036141189041467514,-0.010388030597478448,,,,,6
erdos_renyi,30,0.25,1.25,69,4.6,2.1385353243127256,0.46489898354624476,1.0,10.0,138.0,910.0,0.5211249018616063,11.613744013098865,16.904247157947736,0.006333333333333333,0.35175,2.6956415778963483,0.45226314167573806,2.6616530536533074,2.344036154692477,0.412866732415795,-0.10051314167573805,-0.061116732415795016,,,,,7
erdos_renyi,30,0.25,1.25,52,3.466666666666667,1.910206504252587,0.5510211069959385,1.0,9.0,104.0,574.0,0.4275720823215255,10.415986359252924,12.684960763059436,0.009333333333333334,0.3485,2.5578857897708063,0.4192489445801146,2.545957187770433,2.2135550103785824,0.3766388733449498,-0.0707489445801146,-0.0281388733449498,,,,,8
erdos_renyi,30,0.25,1.25,53,3.533333333333333,1.7650936393164969,0.49955480358014065,1.0,7.0,106.0,574.0,0.5445484807239844,9.25523137088336,12.558293501699394,0.011333333333333334,0.3865,2.607075901112552,0.4311700542377856,2.585432252122184,2.2135550103785824,0.3929364455985906,-0.044670054237785584,-0.006436445598590579,,,,,9
erdos_renyi,30,0.25,1.25,60,4.0,1.3662601021279464,0.3415650255319866,1.0,6.0,120.0,656.0,0.5882218709111096,8.774190249575275,14.261503036710154,0.01,0.40975,2.7607881518711634,0.46745126204149373,2.7623410952065908,2.7607881518711634,0.44869770939774933,-0.05770126204149373,-0.03894770939774933,,,,,10
erdos_renyi,30,0.25,1.25,63,4.2,1.6,0.38095238095238093,2.0,8.0,126.0,732.0,0.9851859171074502,9.857184172484923,15.216677886435082,0.004333333333333333,0.369,2.7442189608189125,0.46361580373552663,2.7512428545876757,2.6135418674465836,0.4331200314677749,-0.09461580373552664,-0.0641200314677749,,,,,11
erdos_renyi,30,0.25,1.25,73,4.866666666666666,2.0773915267843845,0.42686127262692836,2.0,10.0,146.0,986.0,0.7380506239132053,11.748713492239249,16.878542410171754,0.013,0.42425,2.7397955404255234,0.4625886597825423,2.7494129734013324,2.814858431944031,0.4296659784974945,-0.038338659782542306,-0.005415978497494478,,,,,12
erdos_renyi,30,0.25,1.25,60,4.0,1.6733200530681511,0.4183300132670378,1.0,6.0,120.0,684.0,0.5878463037618055,9.053118464203793,13.811985872137619,0.011,0.43,2.703690352179376,0.4541551048885338,2.666176648542887,2.703690352179376,0.4216904877520989,-0.024155104888533785,0.008309512247901107,,,,,13
erdos_renyi,30,0.25,1.25,62,4.133333333333334,1.564892612574067,0.3786030514292097,1.0,7.0,124.0,710.0,0.3057599241027854,9.530731069493994,14.469455748245094,0.010666666666666666,0.42825,2.7421819442437556,0.46314296357733303,2.717082133705718,2.6537244621713763,0.43341934536895965,-0.034892963577333014,-0.0051693453689596325,,,,,14
erdos_renyi,30,0.25,1.25,72,4.8,2.286190426597633,0.47628967220784024,1.0,10.0,144.0,992.0,0.5124009466976193,11.643689445874323,16.646974235411598,0.012333333333333333,0.434,2.694079530401624,0.4518954671454518,2.662788919189147,2.806332844168358,0.41440069562114273,-0.017895467145451815,0.019599304378857263,,,,,15
erdos_renyi,30,0.25,1.25,74,4.933333333333334,1.9821424996424675,0.40178564181941906,1.0,9.0,148.0,996.0,0.6919971496479889,11.196312793373771,17.28463810497546,0.007666666666666666,0.427,2.763349408847362,0.46804244382544347,2.7722649449468526,2.8006919684263805,0.4426400386701354,-0.041042443825443475,-0.015640038670135414,,,,,16
erdos_renyi,30,0.25,1.25,69,4.6,1.942506971244462,0.42228412418357875,1.0,8.0,138.0,886.0,0.7010838220850208,10.90083876941199,16.07339654773144,0.008666666666666666,0.42725,2.731907444337084,0.46075367210524737,2.72745324741697,2.9694646134098743,0.4334196538995458,-0.03350367210524735,-0.006169653899545768,,,,,17
erdos_renyi,30,0.25,1.25,54,3.6,1.5620499351813306,0.43390275977259185,1.0,8.0,108.0,570.0,0.494748239144619,9.72113892274048,12.95294178729886,0.009333333333333334,0.39225,2.6655699499159153,0.44515689958514515,2.6985193562412646,2.2213082915965963,0.42467166459927946,-0.05290689958514516,-0.032421664599279476,,,,,18
erdos_renyi,30,0.25,1.25,63,4.2,1.2489995996796794,0.29738085706659034,2.0,7.0,126.0,702.0,0.7258774694608026,8.986575444134495,14.805642585678331,0.008666666666666666,0.41925,2.802242691589025,0.47696288669449627,2.820090308731884,2.668802563418119,0.4613143640920747,-0.05771288669449626,-0.0420643640920747,,,,,19
erdos_renyi,30,0.25,1.75,59,3.933333333333333,1.9310331143946984,0.4909406223037369,1.0,7.0,118.0,694.0,0.33953594333977716,9.192908734411768,13.587917866774317,0.013333333333333334,0.76075,5.173233718105666,0.8142321269426347,5.160629441038247,5.260915645531186,0.69014079653115,-0.053482126942634656,0.07060920346885002,,,,,0
erdos_renyi,30,0.25,1.75,57,3.8,1.3012814197295421,0.34244247887619533,1.0,6.0,114.0,598.0,0.5042323360932842,8.558720595728131,13.32543908618145,0.012333333333333333,0.8235,5.384112016605696,0.8292133454439665,5.405010872459625,5.667486333269154,0.7666846448089913,-0.005713345443966511,0.056815355191008665,,,,,1
erdos_renyi,30,0.25,1.75,59,3.933333333333333,1.8785337071473827,0.4775933153764532,1.0,8.0,118.0,688.0,0.6400487229241966,9.92407130542961,13.893183476394334,0.008,0.7485,5.1957424555190075,0.8159079146974046,5.214125696834084,5.283805886968482,0.7110969368010703,-0.06740791469740459,0.03740306319892972,,,,,2
erdos_renyi,30,0.25,1.75,59,3.933333333333333,1.5477582354991866,0.3934978564828441,1.0,8.0,118.0,654.0,0.4936807193551697,9.944221984564692,13.760740461379491,0.010666666666666666,0.81875,5.329088843648586,0.8254557869655534,5.373008664838826,5.419412383371444,0.7589132648530327,-0.006705786965553462,0.0598367351469673,,,,,3
erdos_renyi,30,0.25,1.75,60,4.0,1.7888543819998317,0.4472135954999579,1.0,9.0,120.0,696.0,0.2506368748427953,10.685135360813923,13.739060368360569,0.015666666666666666,0.804,5.253351420705195,0.820111403816567,5.353821766626181,5.253351420705195,0.7300173943216544,-0.01611140381656695,0.07398260567834569,,,,,4
erdos_renyi,30,0.25,1.75,55,3.6666666666666665,2.070963275601209,0.564808166073057,1.0,9.0,110.0,642.0,0.3374639808099464,10.645774811314737,13.04063252256619,0.013333333333333334,0.708,5.014007723470429,0.8018172612139609,5.083861967436051,5.469826607422286,0.6661789170678575,-0.09381726121396095,0.041821082932142484,,,,,5
erdos_renyi,30,0.25,1.75,60,4.0,1.7126976771553504,0.4281744192888376,1.0,7.0,120.0,688.0,0.4586134711025177,8.930301632303525,14.164806262562657,0.010333333333333333,0.756,5.283805886968482,0.822284843559559,5.250121624439056,5.283805886968482,0.7190802724291246,-0.06628484355955899,0.03691972757087536,,,,,6
erdos_renyi,30,0.25,1.75,72,4.8,1.8867962264113207,0.3930825471690252,2.0,10.0,144.0,942.0,1.012946274842965,11.68127771816436,16.64581276940096,0.01,0.81275,5.4187219683889145,0.8315245526750777,5.397272860597376,5.644502050405119,0.7561729649416695,-0.01877455267507777,0.05657703505833045,,,,,7
erdos_renyi,30,0.25,1.75,51,3.4,0.9865765724632495,0.2901695801362498,1.0,5.0,102.0,478.0,0.4956376348358785,7.510023850283606,11.853041143310532,0.013666666666666667,0.837,5.388229073851747,0.8294903713720592,5.3624765084252495,4.754319771045659,0.783358672480545,0.007509628627940801,0.05364132751945494,,,,,8
erdos_renyi,30,0.25,1.75,53,3.533333333333333,1.4996295838935993,0.4244234671396979,1.0,8.0,106.0,548.0,0.32676045780873203,9.233412569061842,12.761240709854478,0.011333333333333334,0.7865,5.229683587928232,0.818399191477922,5.259532253689521,4.440297385976801,0.740144771516635,-0.03189919147792197,0.04635522848336493,,,,,9
erdos_renyi,30,0.25,1.75,70,4.666666666666667,1.7950549357115013,0.384654629081036,1.0,8.0,140.0,890.0,0.653742544004385,10.4329367484691,16.245020547216946,0.01,0.80075,5.4199197952337395,0.8316038306708065,5.417403403900238,4.6456455387717766,0.753267721290706,-0.030853830670806492,0.047482278709294,,,,,10
erdos_renyi,30,0.25,1.75,63,4.2,1.7397317800933183,0.414221852403171,1.0,7.0,126.0,746.0,0.7080463856513295,9.583481572323478,14.33925775314982,0.007666666666666666,0.80125,5.327960038977742,0.8253776131935967,5.316860122229871,5.074247656169278,0.7352756544224451,-0.024127613193596686,0.06597434557755488,,,,,11
erdos_renyi,30,0.25,1.75,55,3.6666666666666665,1.5776212754932308,0.43026034786179024,1.0,8.0,110.0,588.0,0.6220754180882869,9.275529453354242,12.597950984122448,0.013666666666666667,0.805,5.239186394286241,0.8190891059988129,5.263953457241049,5.715476066494082,0.7381030222518337,-0.014089105998812856,0.06689697774816639,,,,,12
erdos_renyi,30,0.25,1.75,54,3.6,1.6653327995729061,0.46259244432580726,1.0,8.0,108.0,580.0,0.4347146109454647,9.595674162122009,12.992398789899708,0.008,0.7405,5.179282336119685,0.8146843200350103,5.232513849018692,5.7547581512440935,0.7111483304384164,-0.0741843200350103,0.029351669561583638,,,,,13
erdos_renyi,30,0.25,1.75,56,3.7333333333333334,1.8245242911205344,0.4887118636930003,1.0,8.0,112.0,630.0,0.44200154551777315,9.76248485166811,13.561553631552183,0.006,0.7225,5.153562833277888,0.8127519593902649,5.130670891228283,5.521674464226308,0.6926477190946612,-0.09025195939026487,0.029852280905338868,,,,,14
erdos_renyi,30,0.25,1.75,57,3.8,2.0396078054371136,0.5367388961676615,1.0,9.0,114.0,672.0,0.43140249257778696,10.671483979512974,13.602294590910999,0.011,0.73625,5.079021395242723,0.8070075523889919,5.1080921098075995,4.00975373308636,0.6965083213045409,-0.07075755238899195,0.03974167869545908,,,,,15
erdos_renyi,30,0.25,1.75,64,4.266666666666667,1.9136933459209764,0.44852187795022885,1.0,9.0,128.0,784.0,0.5690398424937263,10.74748680230706,15.418826076787187,0.008,0.7555,5.279730632859555,0.8219959273491989,5.2201274237620385,4.949747468305833,0.7196673486547503,-0.06649592734919896,0.0358326513452496,,,,,16
erdos_renyi,30,0.25,1.75,57,3.8,1.7962924780409972,0.47270854685289404,1.0,8.0,114.0,644.0,0.3814471149806902,9.790644255577394,13.21138238682367,0.005666666666666667,0.7545,5.188260159076534,0.815352962140568,5.164708188617568,5.461326483238457,0.6945928269909685,-0.06085296214056801,0.05990717300903148,,,,,17
erdos_renyi,30,0.25,1.75,63,4.2,1.5790292376436015,0.37595934229609557,1.0,7.0,126.0,730.0,0.7983370299004643,9.190590226317994,14.207064641700244,0.01633333333333333,0.84125,5.3860321634533,0.8293426178604493,5.415847698643844,5.129554441384094,0.7624200256384221,0.011907382139550782,0.0788299743615779,,,,,18
erdos_renyi,30,0.25,1.75,57,3.8,1.6206994374857624,0.4264998519699375,1.0,8.0,114.0,626.0,0.4700489573817195,9.90714491045361,13.541810812488837,0.008666666666666666,0.77275,5.262323130370702,0.8207551433888215,5.2727092944438025,5.539287505653371,0.7377499363055753,-0.04800514338882145,0.035000063694424766,,,,,19
erdos_renyi,30,0.25,2.5,70,4.666666666666667,2.102908039411667,0.4506231513025,2.0,11.0,140.0,926.0,1.0374789088881655,12.438643945427998,15.843484443877658,0.015333333333333332,0.99025,10.843919621270706,0.9668500459861451,10.924280811321195,9.294788246803462,0.9336131481763912,0.023399954013854862,0.05663685182360878,,,,,0
erdos_renyi,30,0.25,2.5,59,3.933333333333333,1.6519348924485155,0.41998344723267345,1.0,7.0,118.0,664.0,0.49237049426968293,8.86229206286741,14.230139225139686,0.005666666666666667,0.9555,10.793485565652883,0.9664652887421629,10.869405845479086,10.976425998969034,0.9175103562359078,-0.010965288742162849,0.037989643764092196,,,,,1
erdos_renyi,30,0.25,2.5,53,3.533333333333333,1.4996295838935991,0.42442346713969786,1.0,8.0,106.0,548.0,0.2898903233045634,9.603470908870706,12.492290848020756,0.009666666666666667,0.964,10.672823648833125,0.9655196119498093,10.742045972027208,12.082441866603538,0.9222655627106306,-0.0015196119498093186,0.04173443728936932,,,,,2
erdos_renyi,30,0.25,2.5,60,4.0,2.0816659994661326,0.5204164998665332,1.0,10.0,120.0,730.0,0.4958926620367515,11.528129851875164,14.50772952468806,0.007666666666666666,0.9305,10.468478451804275,0.9638329902861513,10.42071601886792,10.468478451804275,0.8892795938828144,-0.03333299028615133,0.04122040611718558,,,,,3
erdos_renyi,30,0.25,2.5,58,3.8666666666666667,1.746106780494506,0.4515793397830619,2.0,7.0,116.0,656.0,0.6338976597383024,9.608342125972918,13.606129424248843,0.012666666666666666,0.98875,10.6750475205685,0.9655373695317992,10.604877488375104,8.28236445561349,0.9253064837032198,0.023212630468200768,0.06344351629678024,,,,,4
erdos_renyi,30,0.25,2.5,75,5.0,1.879716290649558,0.3759432581299116,1.0,9.0,150.0,1006.0,0.7520887588166395,10.955134862719946,17.731208605275064,0.005666666666666667,0.96575,11.146949051692745,0.9690391259357025,11.18094724630041,11.146949051692745,0.9277110317831387,-0.0032891259357025193,0.03803896821686126,,,,,5
erdos_renyi,30,0.25,2.5,62,4.133333333333334,1.8926759422104522,0.4579054698896255,2.0,8.0,124.0,744.0,0.45558425328922375,10.278045235064154,14.578550383758838,0.010666666666666666,0.9845,10.715167512214396,0.9658555883186235,10.72013623908498,10.369516947304252,0.924400512924705,0.018644411681376538,0.060099487075295,,,,,6
erdos_renyi,30,0.25,2.5,68,4.533333333333333,2.045048220023729,0.4511135779464108,1.0,10.0,136.0,878.0,0.8666633990887721,11.545633939380338,16.270343156154453,0.005666666666666667,0.9435,10.818209757809212,0.9666546673790049,10.850823478402608,9.545479198066953,0.9123750539982857,-0.023154667379004845,0.031124946001714338,,,,,7
erdos_renyi,30,0.25,2.5,70,4.666666666666667,1.776388345929897,0.3806546455564065,1.0,8.0,140.0,888.0,0.7576765480382591,10.607973991216324,15.8817036241775,0.008333333333333333,0.97,11.073509950445823,0.9685272260093858,10.91768984614312,9.49157995752499,0.9249666495180768,0.0014727739906141846,0.04503335048192314,,,,,8
erdos_renyi,30,0.25,2.5,56,3.7333333333333334,1.8607047649270483,0.4984030620340308,1.0,8.0,112.0,634.0,0.4242745924782195,10.029539302286866,13.641429975518765,0.007333333333333333,0.9465,10.4842445176323,0.9639670889563212,10.502966382842358,8.424839344525957,0.9053560098501183,-0.01746708895632121,0.04114399014988168,,,,,9
erdos_renyi,30,0.25,2.5,52,3.466666666666667,1.284090685617215,0.3704107746972735,1.0,6.0,104.0,514.0,0.2916086995652526,8.18006232832444,12.375019165514301,0.007333333333333333,0.94925,10.812236266897958,0.9666090469777996,10.649532903843195,12.475657231036106,0.9153064252185794,-0.017359046977799553,0.03394357478142063,,,,,10
erdos_renyi,30,0.25,2.5,65,4.333333333333333,1.5776212754932308,0.36406644819074563,1.0,8.0,130.0,768.0,0.7782012019377099,9.911876437214731,14.923248155249906,0.008,0.9735,11.05672453339629,0.9684085980784871,10.995274660508763,10.206207261596576,0.9282883022679936,0.005091401921512917,0.045211697732006395,,,,,11
erdos_renyi,30,0.25,2.5,65,4.333333333333333,1.9206480387850577,0.4432264704888595,1.0,11.0,130.0,804.0,0.5411763164693717,12.352945692411499,15.435435252836644,0.009,0.97375,10.806351141166022,0.9665640178069008,10.895919166970689,9.975093361076329,0.9297780303383211,0.007185982193099183,0.043971969661678934,,,,,12
erdos_renyi,30,0.25,2.5,57,3.8,1.4922019523732926,0.3926847243087612,1.0,8.0,114.0,614.0,0.49653468597656336,9.359945172282426,13.279665004911227,0.013666666666666667,0.96075,10.843872765171643,0.9668496913374546,10.82033014666831,11.414602910706991,0.9200916117888178,-0.0060996913374545825,0.04065838821118217,,,,,13
erdos_renyi,30,0.25,2.5,66,4.4,1.6041612554021285,0.3645821035004837,2.0,8.0,132.0,790.0,0.9014578448806728,9.610029877145088,14.935256256112666,0.014666666666666666,0.99325,11.06940131938581,0.9684982455044693,11.03921204306021,10.063092108532553,0.9440215720439793,0.024751754495530687,0.04922842795602067,,,,,14
erdos_renyi,30,0.25,2.5,53,3.533333333333333,1.5648926125740668,0.44289413563416985,1.0,7.0,106.0,554.0,0.3780587915012549,8.952200412940428,12.578550584193515,0.009666666666666667,0.96125,10.614871236894603,0.9650524134718704,10.60335510300552,9.012626521891645,0.9148558174361062,-0.0038024134718703806,0.04639418256389383,,,,,15
erdos_renyi,30,0.25,2.5,69,4.6,2.259793500890439,0.4912594567153129,1.0,9.0,138.0,926.0,0.686317109070756,11.265223162877966,16.616701461466015,0.009333333333333334,0.95275,10.689006483823979,0.9656485462640662,10.924861735586619,11.618485308504328,0.9084188512649807,-0.012898546264066169,0.04433114873501931,,,,,16
erdos_renyi,30,0.25,2.5,54,3.6,1.5832456116050557,0.439790447668071,1.0,8.0,108.0,572.0,0.5653541349164395,9.636293587873586,12.641066296469306,0.013333333333333334,0.9665,10.643623127803487,0.9652852799877611,10.703493507897383,8.86968593983624,0.9205868846748333,0.001214720012238879,0.04591311532516673,,,,,17
erdos_renyi,30,0.25,2.5,61,4.066666666666666,2.112397269033981,0.5194419514017986,1.0,9.0,122.0,752.0,0.6012728909640399,11.235760172751458,15.088773192598346,0.009,0.90025,10.486116003631064,0.9639829617520965,10.417999225492725,10.314212462587934,0.878624243057828,-0.06373296175209653,0.021625756942171948,,,,,18
erdos_renyi,30,0.25,2.5,54,3.6,1.6041612554021285,0.44560034872281346,1.0,7.0,108.0,574.0,0.309254196556113,9.012645839986801,12.710333979049363,0.009666666666666667,0.94525,10.625064049817196,0.9651352107264676,10.677451518396156,11.805626722019106,0.9067247067661954,-0.01988521072646754,0.0385252932338046,,,,,19
erdos_renyi,30,0.35,0.75,62,4.133333333333334,1.687865186822955,0.408354480682973,1.0,8.0,124.0,722.0,0.5881743363397512,10.104258150228425,29.220802587395788,0.006666666666666667,0.0295,0.49946294307196576,0.010893317684395783,0.4994830827067669,0.48335123523093454,0.014387790293589709,0.018606682315604216,0.01511220970641029,,,,,0
erdos_renyi,30,0.35,0.75,70,4.666666666666667,2.1343747458109497,0.4573660169594892,1.0,9.0,140.0,930.0,0.34568398095863745,11.233637154294092,32.85942546468271,0.011333333333333334,0.034,0.49686310260018035,0.010750258156068407,0.490883000258171,0.532353324214479,0.014668637087944794,0.023249741843931596,0.019331362912055207,,,,,1
erdos_renyi,30,0.35,0.75,63,4.2,2.2568414506414345,0.5373432025336748,1.0,9.0,126.0,808.0,0.307134015934782,11.215983910079649,30.421715712785513,0.009666666666666667,0.0325,0.47975007385124485,0.009836494549040961,0.4852329318381162,0.45690483223928074,0.01574082090166198,0.02266350545095904,0.01675917909833802,,,,,2
erdos_renyi,30,0.35,0.75,52,3.466666666666667,1.564892612574067,0.4514113305502116,1.0,6.0,104.0,538.0,0.42829260400176933,8.087388304162552,24.16289598301283,0.012,0.03075,0.48527999332934707,0.010126492272859862,0.48403179719265854,0.5599384538415543,0.013875196323102506,0.02062350772714014,0.016874803676897494,,,,,3
erdos_renyi,30,0.35,0.75,74,4.933333333333334,1.3399834161494522,0.2716182600302943,3.0,8.0,148.0,932.0,1.5170425138026826,9.995744438780822,33.709905173411485,0.009333333333333334,0.03225,0.5246913985912329,0.012340333461387375,0.5234860264593342,0.5317818228965199,0.014022473152178107,0.019909666538612626,0.018227526847821893,,,,,4
erdos_renyi,30,0.35,0.75,69,4.6,2.0099751242241783,0.43695111396177794,2.0,10.0,138.0,894.0,0.7330215362762312,11.62559013089232,30.868880076646416,0.009333333333333334,0.05425,0.4995287773314452,0.010896954894173241,0.49885006975354923,0.4343728498534306,0.014839091493583922,0.04335304510582676,0.03941090850641608,,,,,5
erdos_renyi,30,0.35,0.75,73,4.866666666666666,1.9447936194419762,0.39961512728259785,1.0,9.0,146.0,970.0,0.6241903575604194,10.929435738659675,33.00715911685255,0.013,0.0425,0.5073611092440994,0.011334835223775222,0.508255941337458,0.5212614136069514,0.01488546236791112,0.03116516477622478,0.027614537632088883,,,,,6
erdos_renyi,30,0.35,0.75,68,4.533333333333333,1.8208667044996885,0.4016617730514019,1.0,8.0,136.0,852.0,0.7374582694393258,10.049770941531682,31.830836915467643,0.007333333333333333,0.0345,0.5042771579323871,0.01116119845736147,0.5041844599254144,0.5561880418371918,0.014531488950601166,0.02333880154263853,0.019968511049398837,,,,,7
erdos_renyi,30,0.35,0.75,74,4.933333333333334,1.9482185594936612,0.3949091674649313,2.0,9.0,148.0,992.0,0.6796212412707126,10.622500016057968,32.79796660829829,0.014666666666666666,0.03775,0.5085762378819393,0.011403688384959209,0.5138767706314857,0.5154488897452087,0.015110390647044395,0.02634631161504079,0.022639609352955604,,,,,8
erdos_renyi,30,0.35,0.75,57,3.8,1.6812693617224657,0.44243930571643836,1.0,8.0,114.0,632.0,0.35060352641049514,9.921176183495795,27.128295257768574,0.005,0.03025,0.49079089555701555,0.010420496307519282,0.4896930738169538,0.5166219953231743,0.014125348705460762,0.019829503692480717,0.016124651294539237,,,,,9
erdos_renyi,30,0.35,0.75,82,5.466666666666667,1.9618585292749549,0.35887656023322345,1.0,9.0,164.0,1176.0,0.842814899899263,11.500720951081004,37.34086954982818,0.007,0.034,0.5175953579469678,0.011922496283837375,0.519212843440552,0.5680924660393548,0.014820891825626863,0.022077503716162628,0.01917910817437314,,,,,10
erdos_renyi,30,0.35,0.75,67,4.466666666666667,1.9447936194419762,0.43540155659148716,1.0,8.0,134.0,846.0,0.5024247841049702,10.55768406852344,31.01489243126185,0.008333333333333333,0.03475,0.49862012399790495,0.010846817359756547,0.49307576590270435,0.44652548417722826,0.014486747283515232,0.023903182640243457,0.02026325271648477,,,,,11
erdos_renyi,30,0.35,0.75,60,4.0,1.4832396974191326,0.37080992435478316,1.0,7.0,120.0,666.0,0.3019750737852904,9.346858745861086,27.07512846134171,0.008,0.0395,0.503262206036808,0.011104401077170839,0.5014378805399248,0.503262206036808,0.013855127190494034,0.02839559892282916,0.02564487280950597,,,,,12
erdos_renyi,30,0.35,0.75,68,4.533333333333333,2.012185103038209,0.44386436096431087,1.0,9.0,136.0,874.0,0.7858164003398108,10.66951721956913,31.330979667639983,0.01,0.03425,0.4978899701016721,0.010806628566027413,0.49513510096563157,0.4393146795014754,0.014687899750869255,0.02344337143397259,0.01956210024913075,,,,,13
erdos_renyi,30,0.35,0.75,63,4.2,1.758787461103056,0.41875891931025144,1.0,8.0,126.0,748.0,0.4656223141079033,10.155832764484357,28.234096949741442,0.011333333333333334,0.0425,0.49862027249519714,0.010846825542293898,0.49823443537957574,0.4748764499954258,0.014402655650963521,0.0316531744577061,0.028097344349036484,,,,,14
erdos_renyi,30,0.35,0.75,65,4.333333333333333,2.2410315085295482,0.5171611173529727,1.0,9.0,130.0,844.0,0.6396023549176758,10.985943771583338,30.674841870379833,0.01,0.031,0.48430874890148434,0.010075195258633802,0.4824832774633172,0.4470542297552163,0.015021306082521974,0.020924804741366196,0.015978693917478026,,,,,15
erdos_renyi,30,0.35,0.75,51,3.4,1.624807680927192,0.47788461203740945,1.0,8.0,102.0,528.0,0.4189723902834714,9.607661177556231,23.52317014321097,0.014666666666666666,0.042,0.4804336255060691,0.009872069474559304,0.47354505514035716,0.4239120225053551,0.01383725027548326,0.0321279305254407,0.028162749724516743,,,,,16
erdos_renyi,30,0.35,0.75,61,4.066666666666666,1.9821424996424672,0.48741209007601655,1.0,9.0,122.0,736.0,0.6651011030995057,10.709454796240319,28.884319413053646,0.011,0.0275,0.48671094097505974,0.010202351580599012,0.4872594881421424,0.4787320730902228,0.014982245810294167,0.01729764841940099,0.012517754189705833,,,,,17
erdos_renyi,30,0.35,0.75,67,4.466666666666667,1.9447936194419762,0.43540155659148716,1.0,9.0,134.0,846.0,0.7424324234867926,11.046284906359833,30.051921475503477,0.015,0.04975,0.49862012399790495,0.010846817359756547,0.4926850561040493,0.5581568552215354,0.014395111108266192,0.03890318264024346,0.03535488889173381,,,,,18
erdos_renyi,30,0.35,0.75,66,4.4,1.4966629547095764,0.3401506715249037,1.0,8.0,132.0,780.0,0.5072508274482057,9.947498537977324,29.47384006596722,0.011666666666666667,0.03925,0.511536721128995,0.011572475995722501,0.5102578793261724,0.4650333828445409,0.013796394319721019,0.027677524004277497,0.025453605680278983,,,,,19
erdos_renyi,30,0.35,1.25,59,3.933333333333333,1.5040685563571303,0.3823903109382535,1.0,7.0,118.0,650.0,0.5049880980777068,9.23451077568031,27.130109400345532,0.011666666666666667,0.14675,1.3914673289663488,0.1318246875577085,1.3907303229658372,1.4150515209827277,0.14984024653581807,0.014925312442291505,-0.0030902465358180753,,,,,0
erdos_renyi,30,0.35,1.25,59,3.933333333333333,1.6519348924485155,0.41998344723267345,1.0,7.0,118.0,664.0,0.6320194336047978,9.54889542820806,27.399516634230917,0.006,0.1495,1.3767200976598066,0.1287332611856846,1.3868413238015005,1.4000543366031932,0.15052520162956295,0.0207667388143154,-0.0010252016295629607,,,,,1
erdos_renyi,30,0.35,1.25,68,4.533333333333333,2.0286832072937253,0.4475036486677335,1.0,10.0,136.0,876.0,0.3268826549242062,11.601007744978212,31.087211444324648,0.01,0.15925,1.3814479938175925,0.12972114953578312,1.3648909333034553,1.5236558755341094,0.14782854126255265,0.029528850464216883,0.011421458737447349,,,,,2
erdos_renyi,30,0.35,1.25,70,4.666666666666667,1.6193277068654826,0.34699879432831765,2.0,8.0,140.0,872.0,1.0471822642443798,10.4089301923945,30.261658411496388,0.014666666666666666,0.19775,1.425336733960047,0.1390340937483359,1.4152066621722592,1.5271465006714788,0.15136726669462555,0.05871590625166412,0.04638273330537446,,,,,3
erdos_renyi,30,0.35,1.25,54,3.6,1.8903262505010432,0.5250906251391787,1.0,8.0,108.0,604.0,0.4068373037553967,9.862454449766203,25.410581082632387,0.012333333333333333,0.15675,1.3211525609275319,0.11735613909462858,1.3162899855296732,1.1009604674396098,0.14589958439526476,0.03939386090537142,0.010850415604735236,,,,,4
erdos_renyi,30,0.35,1.25,59,3.933333333333333,1.4360439485692011,0.365095919127763,2.0,7.0,118.0,644.0,0.7124981373645302,9.466802691027874,26.268016500377154,0.011666666666666667,0.18775,1.397934291749397,0.13318956981521599,1.4012810412190513,1.0662210699783536,0.1483868836597855,0.054560430184784015,0.0393631163402145,,,,,5
erdos_renyi,30,0.35,1.25,57,3.8,1.5790292376436015,0.4155340099062109,1.0,9.0,114.0,622.0,0.6775530562998243,10.317672392742296,26.752338570294405,0.005666666666666667,0.14175,1.3742234139478462,0.12821281293116682,1.3854341839037363,1.0849132215377733,0.146823077725985,0.013537187068833167,-0.0050730777259850035,,,,,6
erdos_renyi,30,0.35,1.25,62,4.133333333333334,1.839081896551163,0.44493916852044263,1.0,10.0,124.0,738.0,0.7399460168464055,11.51073980942996,27.998652270087305,0.012333333333333333,0.167,1.3722751186357114,0.1278072726688288,1.378306489116812,1.328008179324882,0.14769383130487512,0.03919272733117121,0.019306168695124887,,,,,7
erdos_renyi,30,0.35,1.25,63,4.2,1.7397317800933185,0.41422185240317105,1.0,8.0,126.0,746.0,0.5327884573170968,9.76903563886343,29.100572183054346,0.010666666666666666,0.139,1.386911713603119,0.13086656696032134,1.3777481897810986,1.3208682986696372,0.14862429887256695,0.008133433039678672,-0.009624298872566939,,,,,8
erdos_renyi,30,0.35,1.25,56,3.7333333333333334,1.9652537297311568,0.5264072490351313,1.0,8.0,112.0,646.0,0.4244593796081545,9.877443365134784,26.023140435166248,0.012,0.1465,1.3247973430348983,0.11808889107128366,1.3180254994734029,1.0645692935101863,0.14352929685211901,0.02841110892871633,0.0029707031478809764,,,,,9
erdos_renyi,30,0.35,1.25,59,3.933333333333333,1.590248058916875,0.4043003539619174,1.0,6.0,118.0,658.0,0.5386995298777486,8.535674461952938,26.722473806219014,0.014666666666666666,0.18,1.3829826929752682,0.1300424765746614,1.3842719141297368,1.4064230776019677,0.15303550563317764,0.0499575234253386,0.026964494366822356,,,,,10
erdos_renyi,30,0.35,1.25,76,5.066666666666666,2.2499382707581606,0.44406676396542644,1.0,11.0,152.0,1074.0,0.7209060218300384,12.807041663421176,34.09786366472957,0.009,0.17125,1.394405644224483,0.13244414038760177,1.3865850467790792,1.3760582015373188,0.15012971132536518,0.03880585961239824,0.021120288674634835,,,,,11
erdos_renyi,30,0.35,1.25,66,4.4,1.7625738755203046,0.40058497170916013,1.0,8.0,132.0,806.0,0.7305890238691036,10.004901438474143,30.233999517852812,0.009333333333333334,0.1485,1.397829156952525,0.1331673360506314,1.3928255639475242,1.2707537790477497,0.1501068211198606,0.01533266394936858,-0.001606821119860602,,,,,12
erdos_renyi,30,0.35,1.25,69,4.6,1.5620499351813308,0.33957607286550673,2.0,8.0,138.0,846.0,1.1153478697802848,10.464331603198966,30.799819841896248,0.012333333333333333,0.169,1.4264008522328124,0.1392630172993618,1.4270210265163918,1.2403485671589674,0.15218544320631736,0.02973698270063821,0.016814556793682656,,,,,13
erdos_renyi,30,0.35,1.25,68,4.533333333333333,2.012185103038209,0.44386436096431087,1.0,9.0,136.0,874.0,0.8169740174498403,11.188824696288751,31.295044680832223,0.011333333333333334,0.151,1.383027694726867,0.13005190361926272,1.3678245594061564,1.5253981927134563,0.1485731322744507,0.020948096380737274,0.0024268677255492865,,,,,14
erdos_renyi,30,0.35,1.25,53,3.533333333333333,1.6478942792411033,0.4663851733701236,1.0,7.0,106.0,562.0,0.5068799239828158,8.661600210778591,23.699873562852723,0.015333333333333332,0.193,1.3442665506977194,0.12203549957315044,1.3503220910558154,1.5218111894691164,0.14783247048895048,0.07096450042684957,0.04516752951104952,,,,,15
erdos_renyi,30,0.35,1.25,77,5.133333333333334,1.7269111795984824,0.3364112687529511,1.0,9.0,154.0,1034.0,0.8743184728954871,10.830710211809572,34.84375349000631,0.007333333333333333,0.1495,1.439819782282431,0.1421621820577234,1.4228972251010596,1.4024218658595107,0.15282279351990513,0.007337817942276587,-0.0033227935199051373,,,,,16
erdos_renyi,30,0.35,1.25,68,4.533333333333333,1.892675942210452,0.417502046075835,2.0,10.0,136.0,860.0,1.1826131652318135,11.431456237865191,30.74172038159789,0.009,0.16525,1.3942394518532326,0.13240907306613986,1.3859098963044771,1.2302112810469699,0.14732286815831935,0.03284092693386015,0.017927131841680655,,,,,17
erdos_renyi,30,0.35,1.25,60,4.0,1.61245154965971,0.4031128874149275,1.0,7.0,120.0,678.0,0.6228371359809148,8.94939203029894,27.074862304479215,0.012,0.169,1.385524098452981,0.13057528403058694,1.3820602882068487,1.385524098452981,0.1503591845512628,0.038424715969413076,0.01864081544873722,,,,,18
erdos_renyi,30,0.35,1.25,48,3.2,1.16619037896906,0.36443449342783124,1.0,6.0,96.0,444.0,0.33825504551391805,7.969294289863324,22.795864074851703,0.008333333333333333,0.12,1.3697062351306621,0.12727335337488946,1.3703482849283792,1.2840995954349956,0.14306838506347225,-0.007273353374889463,-0.023068385063472252,,,,,19
erdos_renyi,30,0.35,1.75,59,3.933333333333333,1.2892719737209144,0.3277810102680291,1.0,6.0,118.0,632.0,0.4606322009652857,8.435715759616862,26.706641685383804,0.012,0.45225,2.7658410897764756,0.4686171266908121,2.7749238306433264,2.81271975231506,0.4563185685899485,-0.01636712669081214,-0.004068568589948529,,,,,0
erdos_renyi,30,0.35,1.75,66,4.4,1.9252705437591537,0.43756148721798943,1.0,10.0,132.0,824.0,0.5831074082754426,11.490746736248699,30.222787980330917,0.012333333333333333,0.4055,2.709655514951807,0.45555451388710444,2.706268445558117,2.4633231954107333,0.42714674812824294,-0.05005451388710441,-0.02164674812824291,,,,,1
erdos_renyi,30,0.35,1.75,71,4.733333333333333,1.9988885800753267,0.4223004042412662,2.0,9.0,142.0,934.0,1.2395991594390892,11.371765976389424,32.13679682645987,0.01,0.4225,2.73790681251459,0.462149677216816,2.706912550534891,2.3137240669137378,0.4218927609881614,-0.039649677216816004,0.0006072390118385673,,,,,2
erdos_renyi,30,0.35,1.75,51,3.4,1.624807680927192,0.47788461203740945,1.0,8.0,102.0,528.0,0.48013084780296517,9.758704220213364,24.190791275315803,0.010666666666666666,0.35925,2.6156941833108207,0.4332440345941277,2.6126168960363376,2.307965455862489,0.3963213769761482,-0.07399403459412768,-0.03707137697614821,,,,,3
erdos_renyi,30,0.35,1.75,70,4.666666666666667,1.6193277068654826,0.34699879432831765,2.0,9.0,140.0,872.0,1.2689807191656108,10.450662240156333,31.63561079923848,0.011,0.43125,2.793659998561692,0.4750036210357971,2.78158739642505,2.3945657130528786,0.44555594413586574,-0.04375362103579705,-0.014305944135865722,,,,,4
erdos_renyi,30,0.35,1.75,63,4.2,1.7397317800933183,0.414221852403171,2.0,10.0,126.0,746.0,0.6740838892509147,11.398147646180714,29.465793190482838,0.009666666666666667,0.4,2.718346958662113,0.4575892410529981,2.7042698047690417,2.5889018653924887,0.42451731450888286,-0.057589241052998064,-0.024517314508882837,,,,,5
erdos_renyi,30,0.35,1.75,67,4.466666666666667,1.9447936194419762,0.43540155659148716,2.0,11.0,134.0,846.0,0.7233035362250463,12.28755626101507,30.715080404680567,0.013,0.40225,2.7147095639885936,0.4567383184214635,2.705643649586467,2.431083191631576,0.4219131601621572,-0.05448831842146351,-0.01966316016215719,,,,,6
erdos_renyi,30,0.35,1.75,58,3.8666666666666667,1.4079141387961918,0.36411572555073923,1.0,6.0,116.0,624.0,0.6492591366719143,8.818172136890958,26.974098617357747,0.009,0.3975,2.7363361658494396,0.4617844378544895,2.6974731155629144,2.8306925853614895,0.43005511062933727,-0.0642844378544895,-0.03255511062933725,,,,,7
erdos_renyi,30,0.35,1.75,64,4.266666666666667,1.787611690372256,0.41897148993099753,2.0,8.0,128.0,770.0,0.8137486699703934,10.056254846294387,29.512198222000116,0.007,0.402,2.7181183543340035,0.4575357881567632,2.7361683590307524,2.5482359571881283,0.42664092329295866,-0.05553578815676319,-0.02464092329295864,,,,,8
erdos_renyi,30,0.35,1.75,70,4.666666666666667,2.1959558789334137,0.47056197405716005,1.0,9.0,140.0,938.0,0.7194276086913927,11.314590576838512,32.672604880806574,0.009333333333333334,0.397,2.6935830631477264,0.45177857508514907,2.7037320993320866,2.885981853372564,0.42180842455993506,-0.05477857508514905,-0.02480842455993504,,,,,9
erdos_renyi,30,0.35,1.75,63,4.2,1.7204650534085253,0.4096345365258393,1.0,8.0,126.0,744.0,0.673409718733677,10.07387012655718,28.736632794415176,0.009666666666666667,0.411,2.7219981986673667,0.4584425067032149,2.7216741512627634,2.5923792368260634,0.4297107916315939,-0.047442506703214926,-0.018710791631593948,,,,,10
erdos_renyi,30,0.35,1.75,78,5.2,1.98997487421324,0.38268747581023843,2.0,11.0,156.0,1086.0,1.3367993214984086,12.347141669343852,35.75606417367164,0.008666666666666666,0.4215,2.789416990248685,0.4740330796473422,2.7686304694078894,2.6821317213929663,0.4407636102533311,-0.05253307964734222,-0.01926361025333112,,,,,11
erdos_renyi,30,0.35,1.75,69,4.6,1.8726095873584185,0.407089040730091,2.0,10.0,138.0,878.0,0.9754607742882978,11.357600122055267,32.31270624738823,0.007666666666666666,0.38575,2.7443252694442495,0.46364047266986547,2.753125008079967,2.9829622493959236,0.43598612945066817,-0.07789047266986548,-0.05023612945066819,,,,,12
erdos_renyi,30,0.35,1.75,57,3.8,1.5362291495737217,0.40427082883518994,2.0,7.0,114.0,618.0,0.4904712624874923,9.151853503506754,25.768514723289087,0.011666666666666667,0.43225,2.7021805889457275,0.45380054355924676,2.663425630499007,2.8444006199428715,0.41639820423422963,-0.021550543559246738,0.015851795765770393,,,,,13
erdos_renyi,30,0.35,1.75,70,4.666666666666667,2.0548046676563256,0.44031528592635544,1.0,9.0,140.0,920.0,0.5918201220816126,11.231496410678702,31.826525955907986,0.008666666666666666,0.43375,2.719805690700916,0.4579302429200496,2.7226226323091414,2.331262020600785,0.4293439439315342,-0.024180242920049555,0.004406056068465836,,,,,14
erdos_renyi,30,0.35,1.75,55,3.6666666666666665,1.6599866130651642,0.45272362174504477,1.0,8.0,110.0,596.0,0.19044164971479308,9.729712646664034,25.008835418649923,0.013333333333333334,0.406,2.6550537124993396,0.44265804927008046,2.614202090604748,2.1723166738630963,0.40291950604897214,-0.03665804927008043,0.003080493951027885,,,,,15
erdos_renyi,30,0.35,1.75,56,3.7333333333333334,1.6110727964792761,0.4315373561998061,1.0,6.0,112.0,608.0,0.5392404400438165,8.863761431215869,25.51139064418931,0.012,0.43525,2.676516895156554,0.44775057273845004,2.6755609962654265,2.867696673382022,0.427895909700085,-0.012500572738450011,0.007354090299915017,,,,,16
erdos_renyi,30,0.35,1.75,61,4.066666666666666,1.6918103387266026,0.4160189357524433,1.0,8.0,122.0,704.0,0.41511357562807333,9.746671512527957,28.053870879099115,0.009666666666666667,0.409,2.7094257703525493,0.4555006604419946,2.722140083906048,2.6650089544451308,0.43235250736731506,-0.046500660441994635,-0.02335250736731509,,,,,17
erdos_renyi,30,0.35,1.75,55,3.6666666666666665,2.1499353995462798,0.5863460180580763,1.0,10.0,110.0,652.0,0.6088543021278053,11.717632977136583,27.218924900023296,0.006333333333333333,0.321,2.538473554932844,0.4145066831052846,2.5113580419596975,2.076932908581418,0.3705806591611333,-0.0935066831052846,-0.0495806591611333,,,,,18
erdos_renyi,30,0.35,1.75,50,3.3333333333333335,1.2472191289246473,0.37416573867739417,1.0,6.0,100.0,480.0,0.36453019672371495,8.000466322755797,23.203261776155433,0.011,0.405,2.6895717681995954,0.45083353053874603,2.6891010931401604,2.420614591379636,0.42519178232860905,-0.045833530538746,-0.02019178232860902,,,,,19
erdos_renyi,30,0.35,2.5,50,3.3333333333333335,1.5563490039905004,0.4669047011971501,1.0,7.0,100.0,506.0,0.2631284687748486,8.607823428694854,23.432874349486973,0.008666666666666666,0.74775,5.34604263147901,0.8266246022716695,5.381593814978345,6.415251157774812,0.7141030639688352,-0.07887460227166943,0.033646936031164865,,,,,0
erdos_renyi,30,0.35,2.5,57,3.8,1.4922019523732928,0.3926847243087613,1.0,7.0,114.0,614.0,0.5450360300160079,9.59185080910976,26.507870854412126,0.007333333333333333,0.79575,5.532588145495737,0.8388537760693475,5.4488713511888935,5.823776995258671,0.756821315145824,-0.043103776069347566,0.038928684854176,,,,,1
erdos_renyi,30,0.35,2.5,63,4.2,1.5577761927397231,0.3708990935094579,1.0,7.0,126.0,728.0,0.7163825581028321,9.398757197751738,28.74216626637226,0.010333333333333333,0.83125,5.615811625295992,0.8439554001950447,5.632525350371278,5.348392024091421,0.7730438020740271,-0.012705400195044625,0.058206197925972925,,,,,2
erdos_renyi,30,0.35,2.5,54,3.6,1.624807680927192,0.45133546692422,1.0,7.0,108.0,576.0,0.30567301604987995,8.922880707187238,24.353265065761967,0.012,0.77775,5.4115314886725585,0.8310476566277358,5.406646078300839,6.012812765191732,0.7218741975296581,-0.05329765662773578,0.05587580247034196,,,,,3
erdos_renyi,30,0.35,2.5,65,4.333333333333333,1.7384539747207064,0.4011816864740092,1.0,8.0,130.0,784.0,0.6263221905497931,9.780255912956726,29.732823265082352,0.009666666666666667,0.80875,5.583326139106608,0.8419888982438876,5.618973529071673,5.1538395130214845,0.7591351084610324,-0.033238898243887594,0.04961489153896759,,,,,4
erdos_renyi,30,0.35,2.5,51,3.4,1.451436070471816,0.4268929619034753,1.0,7.0,102.0,512.0,0.43619658970463215,8.512076614378046,23.630649983924982,0.008,0.79,5.42091836734694,0.8316698848960107,5.4528061224489806,6.3775510204081645,0.7394582497635256,-0.041669884896010645,0.05054175023647445,,,,,5
erdos_renyi,30,0.35,2.5,61,4.066666666666666,1.5040685563571303,0.36985292369437633,2.0,7.0,122.0,686.0,0.7835920339251106,9.57948223413197,28.179474909679946,0.008,0.79925,5.601514298727614,0.843093787833573,5.5616838589395305,5.5096861954697856,0.7690011425048892,-0.04384378783357301,0.03024885749511086,,,,,6
erdos_renyi,30,0.35,2.5,63,4.2,1.9390719429665315,0.4616837959444122,1.0,9.0,126.0,768.0,0.29704445003547786,10.425281854208631,27.93092106524477,0.016666666666666666,0.79175,5.467611032998166,0.8347221957392412,5.406425861914616,5.207248602855397,0.728081006338143,-0.04297219573924127,0.06366899366185697,,,,,7
erdos_renyi,30,0.35,2.5,63,4.2,1.98997487421324,0.47380354147934284,1.0,9.0,126.0,774.0,0.6161310975001242,10.679861625545856,28.65511993361874,0.009333333333333334,0.807,5.446377511878739,0.8333429357346274,5.460966023071273,5.187026201789275,0.7418239100496568,-0.026342935734627315,0.0651760899503433,,,,,8
erdos_renyi,30,0.35,2.5,67,4.466666666666667,1.765093639316497,0.3951702177574247,2.0,9.0,134.0,826.0,0.927759820606723,10.859938610985072,29.92971141727555,0.012666666666666666,0.84125,5.6068953567080335,0.8434187827604227,5.6487378593700335,5.02110031944003,0.7750594595809877,-0.0021687827604226495,0.0661905404190124,,,,,9
erdos_renyi,30,0.35,2.5,66,4.4,1.8726095873584185,0.42559308803600415,1.0,8.0,132.0,818.0,0.6281375784756633,9.756140054578875,30.054549615457162,0.008666666666666666,0.801,5.550153000791467,0.8399480149948224,5.574434920169929,6.306992046353939,0.7395498375227374,-0.038948014994822366,0.06145016247726265,,,,,10
erdos_renyi,30,0.35,2.5,71,4.733333333333333,2.0645150089602695,0.4361651427380851,1.0,9.0,142.0,942.0,0.8523735255719762,10.984919438818574,32.5898790908498,0.006666666666666667,0.79525,5.56378794361743,0.8407909112418785,5.571036540586228,4.7017926284090965,0.7491383022087136,-0.045540911241878534,0.04611169779128643,,,,,11
erdos_renyi,30,0.35,2.5,63,4.2,1.7962924780409975,0.4276886852478565,1.0,9.0,126.0,752.0,0.6012620243240584,10.73151563763171,29.840413246823108,0.008,0.79075,5.5254709621006795,0.8384076845523916,5.497514710209099,5.262353297238742,0.7555494544295536,-0.04765768455239161,0.035200545570446384,,,,,12
erdos_renyi,30,0.35,2.5,63,4.2,1.7009801096230766,0.4049952641959706,1.0,7.0,126.0,742.0,0.7819520197212213,9.468946634055559,28.592320296749037,0.008666666666666666,0.80275,5.562579981976768,0.840716465276248,5.5360915058721165,5.2976952209302555,0.7479715498855437,-0.03796646527624803,0.054778450114456256,,,,,13
erdos_renyi,30,0.35,2.5,62,4.133333333333334,1.586050300449376,0.3837218468829135,1.0,8.0,124.0,712.0,0.5808167122759502,10.140810032325914,28.079849724696036,0.010666666666666666,0.81525,5.588424197312444,0.8422995928155258,5.539638155428647,5.408152449012042,0.762864172281495,-0.02704959281552577,0.052385827718505085,,,,,14
erdos_renyi,30,0.35,2.5,67,4.466666666666667,1.7074997966487595,0.38227607387658796,1.0,8.0,134.0,820.0,0.7989234307925625,10.474671984176911,30.805668524903677,0.011,0.8285,5.627371001319942,0.8446475975670684,5.667161553735991,5.039436717599948,0.7797181181276632,-0.016147597567068406,0.048781881872336785,,,,,15
erdos_renyi,30,0.35,2.5,38,2.533333333333333,1.2578641509408806,0.4965253227398213,1.0,5.0,76.0,316.0,0.09200056946590246,7.270912298824104,17.514731426745836,0.014,0.76075,5.141356598414582,0.811826064246642,5.107701007523645,4.058965735590459,0.6979904074529597,-0.05107606424664202,0.06275959254704033,,,,,16
erdos_renyi,30,0.35,2.5,61,4.066666666666666,1.768866554856213,0.4349671856203803,1.0,8.0,122.0,712.0,0.3344863524645754,10.122231654310168,28.507103713712535,0.008333333333333333,0.78175,5.498288323162242,0.8366893954072384,5.5085412788468275,5.408152449012042,0.7446995144245616,-0.05493939540723847,0.03705048557543833,,,,,17
erdos_renyi,30,0.35,2.5,49,3.2666666666666666,1.5260697523012794,0.4671642098881468,1.0,6.0,98.0,488.0,0.17072914891164437,8.340902201759645,22.42879540969883,0.012,0.7595,5.334869997204001,0.8258554611497336,5.346437955106101,4.89937040559551,0.7149847695647082,-0.06635546114973367,0.04451523043529171,,,,,18
erdos_renyi,30,0.35,2.5,66,4.4,1.781385228784985,0.4048602792693147,1.0,8.0,132.0,808.0,0.6085739903405301,9.580333803430252,30.32748552422109,0.008333333333333333,0.8,5.584392394035654,0.8420539443365234,5.560277972334135,5.076720358214231,0.7506553232426597,-0.04205394433652332,0.04934467675734033,,,,,19
erdos_renyi,60,0.15,0.75,113,3.7666666666666666,1.754676291766914,0.46584326330095066,1.0,8.0,226.0,1262.0,0.44196303183007835,10.141898540033601,8.363206961295143,0.007333333333333333,0.2325,1.874357904965786,0.24563236931135646,1.854867900201761,1.9904685716450825,0.25336352591416095,-0.013132369311356445,-0.020863525914160935,,,,,0
erdos_renyi,60,0.15,0.75,116,3.8666666666666667,1.9703355608175532,0.5095695415907465,1.0,9.0,232.0,1362.0,0.3354026030056836,10.536415823745468,8.229014655484079,0.010666666666666666,0.30025,1.852137357661756,0.24001753330067555,1.8667868061587791,1.9160041630983684,0.261647267703732,0.06023246669932447,0.03860273229626804,,,,,1
erdos_renyi,60,0.15,0.75,125,4.166666666666667,1.4851112939963644,0.35642671055912745,1.0,8.0,250.0,1424.0,0.38980183166411075,10.053374986851619,8.665525830975728,0.011,0.30725,1.9519054400933893,0.26537234861893233,1.9487823913892397,1.8738292224896538,0.2746632239188655,0.04187765138106769,0.03258677608113453,,,,,2
erdos_renyi,60,0.15,0.75,114,3.8,1.9304576314093678,0.5080151661603599,1.0,11.0,228.0,1318.0,0.22949091221087184,12.595492797248559,8.331514710080226,0.01,0.24575,1.8503372944375969,0.2395636290532212,1.8253820875060376,1.9477234678290496,0.24333460483767735,0.006186370946778791,0.002415395162322642,,,,,3
erdos_renyi,60,0.15,0.75,117,3.9,2.0223748416156684,0.5185576516963253,1.0,11.0,234.0,1392.0,0.25308884177115076,12.733555162706708,8.502321098741302,0.01,0.26425,1.847863981223577,0.23894019859377888,1.8707253753502533,1.8952451089472584,0.2598697276740206,0.025309801406221105,0.004380272325979373,,,,,4
erdos_renyi,60,0.15,0.75,112,3.7333333333333334,1.7016332024133625,0.45579460778929354,1.0,9.0,224.0,1234.0,0.4705544317705474,10.516253989061795,8.083723891326144,0.008,0.26225,1.8787292585331075,0.24673939475563458,1.888248712588621,2.0129242055711862,0.25997790962425504,0.0155106052443654,0.0022720903757449395,,,,,5
erdos_renyi,60,0.15,0.75,133,4.433333333333334,1.8290859891091933,0.41257578701711123,1.0,9.0,266.0,1646.0,0.7115280450420943,10.630772425649045,9.52382568218751,0.012666666666666666,0.269,1.931703566499474,0.26021110356605587,1.9263296543219939,1.7428904359393746,0.26877171605034317,0.008788896433944149,0.00022828394965684895,,,,,6
erdos_renyi,60,0.15,0.75,136,4.533333333333333,1.8481221700838815,0.4076740081067386,1.0,9.0,272.0,1710.0,0.5899687162135728,11.01407466015396,9.710013282298032,0.010333333333333333,0.272,1.93795910949418,0.26180804787815587,1.9240300283946907,1.7099639201419237,0.266151513566165,0.01019195212184415,0.0058484864338350095,,,,,7
erdos_renyi,60,0.15,0.75,126,4.2,2.212088003071608,0.5266876197789543,1.0,9.0,252.0,1604.0,0.5742769269085313,11.588576501723741,9.105814994026002,0.011333333333333334,0.261,1.8538394478094278,0.24044686720493327,1.8610120409110713,1.7655613788661215,0.25546488517569277,0.020553132795066736,0.005535114824307241,,,,,8
erdos_renyi,60,0.15,0.75,136,4.533333333333333,2.003885115358552,0.44203348132909237,1.0,10.0,272.0,1746.0,0.6494023010717939,11.779287198840724,9.725072237421832,0.009,0.27625,1.9178760896968359,0.2566854093812288,1.9430129582989286,2.1153045106950397,0.2739883260268701,0.019564590618771194,0.002261673973129874,,,,,9
erdos_renyi,60,0.15,0.75,123,4.1,1.5242484486898233,0.3717679143145911,1.0,7.0,246.0,1394.0,0.577709010414122,9.391540833261612,8.776436133218562,0.006666666666666667,0.2905,1.9412321738888363,0.26264406585005146,1.9482158750022172,1.8938850476964257,0.27411408757746136,0.027855934149948525,0.016385912422538618,,,,,10
erdos_renyi,60,0.15,0.75,123,4.1,1.7767010628315238,0.4333417226418351,1.0,9.0,246.0,1444.0,0.1985413199295094,10.845059164814867,8.66557663280818,0.009666666666666667,0.31375,1.9073275018847664,0.2539999355993183,1.9316342974880538,1.8608073189119674,0.2694651693000825,0.059750064400681646,0.044284830699917455,,,,,11
erdos_renyi,60,0.15,0.75,134,4.466666666666667,1.8208667044996882,0.4076567248879899,1.0,9.0,268.0,1664.0,0.4265045448748426,10.928483884484999,9.519017696673515,0.008,0.283,1.9356725597442896,0.2612241928691721,1.9275831818826714,1.7334381132038412,0.26601264435891586,0.021775807130827884,0.016987355641084112,,,,,12
erdos_renyi,60,0.15,0.75,132,4.4,1.9165942015286737,0.4355895912565167,1.0,9.0,264.0,1646.0,0.3158291725707948,10.946283683474348,9.514899593738024,0.008333333333333333,0.26025,1.9171794795333121,0.25650795082308814,1.893214736039146,1.7428904359393746,0.2571200251859725,0.0037420491769118436,0.003129974814027492,,,,,13
erdos_renyi,60,0.15,0.75,113,3.7666666666666666,1.754676291766914,0.46584326330095066,1.0,8.0,226.0,1262.0,0.44557774832365415,10.1550364053978,7.988618684379678,0.012666666666666666,0.30275,1.874357904965786,0.24563236931135646,1.8926868030630175,1.492851428733812,0.2602157757143551,0.05711763068864356,0.042534224285644906,,,,,14
erdos_renyi,60,0.15,0.75,116,3.8666666666666667,1.7461067804945059,0.45157933978306186,1.0,8.0,232.0,1312.0,0.4371498463529109,9.768098454319508,8.43514155464534,0.011666666666666667,0.257,1.8870996228206567,0.24886127432926758,1.8868962715681978,1.952172023607576,0.26113434666190016,0.008138725670732427,-0.004134346661900157,,,,,15
erdos_renyi,60,0.15,0.75,114,3.8,1.6911534525287761,0.4450403822444148,1.0,8.0,228.0,1266.0,0.4420702166290762,9.902573618721974,8.135195705629808,0.015,0.28525,1.887955504603265,0.24907839334616083,1.8932964313597085,1.4904911878446832,0.26262068513471226,0.03617160665383917,0.022629314865287742,,,,,16
erdos_renyi,60,0.15,0.75,128,4.266666666666667,1.9737161790783284,0.46258972947148325,1.0,9.0,256.0,1582.0,0.48331327175592875,10.94351982186971,9.223555609691616,0.010666666666666666,0.2615,1.8963150254260743,0.25120048361929914,1.875685192043998,1.7777953363369448,0.25671511476779224,0.010299516380700868,0.0047848852322077695,,,,,17
erdos_renyi,60,0.15,0.75,125,4.166666666666667,1.7716909687891083,0.42520583250938593,1.0,9.0,250.0,1480.0,0.563297213355712,11.000315716138484,8.761609101262925,0.012,0.31775,1.9146214117026243,0.2558564307576242,1.925343291608159,1.8380365552345195,0.2684519432125875,0.06189356924237577,0.0492980567874125,,,,,18
erdos_renyi,60,0.15,0.75,127,4.233333333333333,1.8381754238616315,0.4342146670539287,1.0,11.0,254.0,1532.0,0.6545346327231281,12.656057983523935,9.213522654848402,0.007666666666666666,0.249,1.911956884131258,0.2551780279903347,1.8878692383469269,1.8065734338248105,0.2566218137460638,-0.006178027990334678,-0.007621813746063799,,,,,19
erdos_renyi,60,0.15,1.25,124,4.133333333333334,1.9955506062794355,0.4827945015192182,1.0,9.0,248.0,1512.0,0.49969454524866624,11.0907203797977,8.883007293718963,0.008666666666666666,0.7815,5.219718053484387,0.817672130847296,5.185831980637168,5.051340051759083,0.7045818475805209,-0.03617213084729598,0.07691815241947908,,,,,0
erdos_renyi,60,0.15,1.25,120,4.0,1.760681686165901,0.44017042154147523,1.0,8.0,240.0,1386.0,0.4942555006099344,10.037591258660893,8.658473799353636,0.011,0.80225,5.2759526138721276,0.821727555483049,5.344210250814098,5.2759526138721276,0.7287975190772824,-0.01947755548304897,0.07345248092271761,,,,,1
erdos_renyi,60,0.15,1.25,109,3.6333333333333333,1.601735170231195,0.44084454226546654,1.0,8.0,218.0,1164.0,0.23196457141910257,10.055950190136045,7.840889870555851,0.010333333333333333,0.8015,5.229392782382809,0.8183780266231635,5.240067460310149,4.317847251508741,0.7271679645790226,-0.01687802662316351,0.07433203542097744,,,,,2
erdos_renyi,60,0.15,1.25,132,4.4,1.9252705437591533,0.4375614872179894,1.0,10.0,264.0,1648.0,0.5401053837289247,11.444512377643415,9.185557941476866,0.014333333333333333,0.83325,5.322266081394303,0.8249826122277657,5.310170022118405,4.838423710358456,0.7311759640409183,0.008267387772234347,0.10207403595908171,,,,,3
erdos_renyi,60,0.15,1.25,138,4.6,1.8092355660149213,0.3933120795684612,1.0,9.0,276.0,1742.0,0.4942176689751627,11.103069644110398,9.622713357164617,0.014,0.8385,5.411981039635081,0.8310775223866687,5.347860829491578,4.706070469247897,0.7470565833648577,0.007422477613331369,0.09144341663514233,,,,,4
erdos_renyi,60,0.15,1.25,125,4.166666666666667,1.818118685772619,0.4363484845854285,1.0,8.0,250.0,1490.0,0.5622204639514531,10.387518503260935,8.877757109741953,0.010333333333333333,0.81575,5.300515809080669,0.8234633424628934,5.2866284576608775,5.088495176717442,0.7280261777050469,-0.007713342462893458,0.08772382229495312,,,,,5
erdos_renyi,60,0.15,1.25,133,4.433333333333334,1.9353437822659714,0.43654371028555744,1.0,11.0,266.0,1670.0,0.48815428255701415,12.551649962793451,9.363659911760504,0.009666666666666667,0.83875,5.327146750427993,0.8253212626669985,5.300010344988782,4.80644819587488,0.7402359924822204,0.01342873733300154,0.09851400751777961,,,,,6
erdos_renyi,60,0.15,1.25,128,4.266666666666667,1.7782638224465523,0.41678058338591073,1.0,8.0,256.0,1538.0,0.5927024112971098,10.242061435384262,8.984593036255673,0.014333333333333333,0.843,5.342358859071251,0.8263714805139716,5.3790875762273656,5.008461430379298,0.7468772903824642,0.016628519486028392,0.09612270961753577,,,,,7
erdos_renyi,60,0.15,1.25,131,4.366666666666666,1.8970737700176261,0.43444437481319687,1.0,8.0,262.0,1622.0,0.3159446247160202,10.694283835108893,9.501455015787219,0.006,0.8055,5.3241113035822725,0.8251107422191398,5.355913724155198,4.877048522365441,0.7373556562189886,-0.01961074221913983,0.06814434378101142,,,,,8
erdos_renyi,60,0.15,1.25,133,4.433333333333334,1.856220772310114,0.41869641480679265,2.0,9.0,266.0,1652.0,0.7107396319065455,11.236050849811168,9.417724114698883,0.012333333333333333,0.82725,5.3560901090865976,0.8273126262265635,5.344814129909572,4.832562504439035,0.7465765841831482,-6.262622656350025e-05,0.08067341581685183,,,,,9
erdos_renyi,60,0.15,1.25,118,3.933333333333333,1.9310331143946984,0.4909406223037369,1.0,9.0,236.0,1388.0,0.4142597344740325,11.39245739633011,8.434152605034127,0.015,0.7955,5.1842809562576715,0.8150569760891945,5.194056401281123,5.272150125007801,0.7110415326840227,-0.01955697608919449,0.08445846731597728,,,,,10
erdos_renyi,60,0.15,1.25,117,3.9,1.9209372712298547,0.4925480182640653,1.0,8.0,234.0,1368.0,0.3687365573427617,10.492817991750945,8.616128886928898,0.005333333333333333,0.7545,5.177785660273096,0.8145725573382911,5.2179466900739335,5.3105493951518925,0.7050713279779345,-0.0600725573382912,0.04942867202206547,,,,,11
erdos_renyi,60,0.15,1.25,133,4.433333333333334,1.810770247405476,0.4084444167080021,1.0,10.0,266.0,1642.0,0.6498146772461474,11.97306718421271,9.535984406462804,0.011,0.82925,5.372375005616332,0.8284204620235703,5.314106953393765,4.847255644165111,0.7448543164966617,0.0008295379764297062,0.08439568350333837,,,,,12
erdos_renyi,60,0.15,1.25,115,3.8333333333333335,1.7622586517181738,0.45971964827430617,1.0,8.0,230.0,1298.0,0.41481446881515566,10.164574689764898,8.176783654317832,0.012,0.8015,5.224704703563013,0.8180364001513415,5.259006025747274,5.45186577763097,0.7175183250337457,-0.0165364001513415,0.0839816749662543,,,,,13
erdos_renyi,60,0.15,1.25,121,4.033333333333333,1.897073770017626,0.4703488685994114,1.0,8.0,242.0,1434.0,0.3186447390960391,10.754147403310004,8.703544207031971,0.010666666666666666,0.8015,5.230124775680891,0.8184312952527008,5.238445428733112,5.18690060398105,0.7182480341149103,-0.016931295252700762,0.08325196588508965,,,,,14
erdos_renyi,60,0.15,1.25,125,4.166666666666667,1.6849002608133483,0.4043760625952036,1.0,10.0,250.0,1462.0,0.2770493206204843,11.482046586728224,9.102042333699139,0.006666666666666667,0.81675,5.351032417934817,0.826966721172524,5.38356669503586,5.136991121217425,0.749789428977788,-0.010216721172524035,0.06696057102221198,,,,,15
erdos_renyi,60,0.15,1.25,103,3.433333333333333,1.6669999666733317,0.4855339708757277,1.0,10.0,206.0,1080.0,0.36023897587461157,11.489679366973196,7.508356335519697,0.009,0.76425,5.1301091134177454,0.810967825863921,5.112801221020535,4.4826196136659915,0.7108691343423914,-0.046717825863921036,0.05338086565760858,,,,,16
erdos_renyi,60,0.15,1.25,117,3.9,1.7767010628315238,0.45556437508500613,1.0,8.0,234.0,1336.0,0.3234411582898542,10.335361749878611,8.468023899215494,0.009666666666666667,0.8025,5.239428136949885,0.819106613824606,5.267976303080702,5.373772448153728,0.7277064086807844,-0.016606613824606042,0.07479359131921559,,,,,17
erdos_renyi,60,0.15,1.25,129,4.3,2.200757445365875,0.5118040570618314,1.0,9.0,258.0,1658.0,0.44644958485518194,11.428770686665384,9.130523305221171,0.013666666666666667,0.78,5.185596284866159,0.8151548802086929,5.190118607207611,4.823810497549916,0.6904445124877782,-0.03515488020869284,0.08955548751222187,,,,,18
erdos_renyi,60,0.15,1.25,123,4.1,2.142428528562855,0.5225435435519159,1.0,10.0,246.0,1530.0,0.11884056910010005,11.53922809161204,9.038909753511975,0.006666666666666667,0.72825,5.1470768348176525,0.812260679300493,5.103452220181088,5.021538375431857,0.6765043447427466,-0.084010679300493,0.05174565525725339,,,,,19
erdos_renyi,60,0.15,1.75,142,4.733333333333333,1.9905331502444823,0.42053517258686246,1.0,11.0,284.0,1866.0,0.598073608084139,12.461935120322323,9.945010709217232,0.010666666666666666,0.96925,10.546050615541086,0.964486273217894,10.48515088663444,8.91215544975303,0.916945658360718,0.004763726782105904,0.05230434163928199,,,,,0
erdos_renyi,60,0.15,1.75,147,4.9,2.2113344387495983,0.4512927426019588,1.0,9.0,294.0,2028.0,0.4864547841342065,11.906540516908173,10.382167069829213,0.010333333333333333,0.9515,10.472266510723667,0.9638652719311697,10.467992116229492,8.54878898834585,0.8999165508521633,-0.012365271931169652,0.051583449147836746,,,,,1
erdos_renyi,60,0.15,1.75,127,4.233333333333333,1.9180429841087736,0.45308101986821425,1.0,9.0,254.0,1550.0,0.5257218627880335,10.987490716968484,9.29690942648779,0.008666666666666666,0.946,10.348924023265003,0.9627935592305317,10.479507887416828,9.778510888124412,0.9011286025698115,-0.01679355923053172,0.04487139743018842,,,,,2
erdos_renyi,60,0.15,1.75,120,4.0,1.983263304085802,0.4958158260214505,1.0,10.0,240.0,1436.0,0.3006573270110968,11.960942143381352,8.739789014313134,0.006333333333333333,0.94325,10.159243103400478,0.9610589258676728,10.231627710512207,10.159243103400478,0.8931333301120319,-0.017808925867672798,0.050116669887968146,,,,,3
erdos_renyi,60,0.15,1.75,120,4.0,2.105548226313834,0.5263870565784585,1.0,9.0,240.0,1466.0,0.30836915056802977,10.83724533949452,8.705609771883948,0.011333333333333334,0.9235,10.05475719513966,0.9600559778279015,10.022079234255456,10.05475719513966,0.8707338109567488,-0.03655597782790154,0.052766189043251144,,,,,4
erdos_renyi,60,0.15,1.75,119,3.966666666666667,1.9232495649002208,0.4848528314874506,1.0,9.0,238.0,1404.0,0.36480382452046517,10.961809392384712,8.716513474784922,0.006333333333333333,0.93175,10.188745966199289,0.9613358863627854,10.228773182495068,10.274365680200964,0.886423053746206,-0.029585886362785474,0.045326946253793965,,,,,5
erdos_renyi,60,0.15,1.75,108,3.6,1.6350331291240965,0.4541758692011379,1.0,8.0,216.0,1154.0,0.4266434085858194,9.794977848686393,7.900057658111268,0.009666666666666667,0.927,10.199483454484428,0.9614360175543152,10.142111360052953,11.332759393871585,0.8877334497304696,-0.034436017554315135,0.03926655026953041,,,,,6
erdos_renyi,60,0.15,1.75,137,4.566666666666666,1.9694894995629928,0.43127507289700573,1.0,10.0,274.0,1758.0,0.5504515688456716,11.849081713833808,9.618012444750752,0.01633333333333333,0.95675,10.482586589405884,0.9639530194333328,10.491385840922542,11.47728458694075,0.9090039747049725,-0.007203019433332791,0.04774602529502747,,,,,7
erdos_renyi,60,0.15,1.75,123,4.1,1.6401219466856725,0.40002974309406647,1.0,8.0,246.0,1416.0,0.31398090027164516,9.830314154196374,8.674692351170469,0.009666666666666667,0.95925,10.486506043456131,0.963986268626245,10.444304250842224,10.230737603371837,0.9103394806289257,-0.004736268626244988,0.04891051937107438,,,,,8
erdos_renyi,60,0.15,1.75,124,4.133333333333334,1.8390818965511628,0.4449391685204426,1.0,11.0,248.0,1476.0,0.5958526499730754,12.4801059042286,8.884307486187653,0.009,0.97875,10.354659759734071,0.962844353310548,10.34944067719388,10.020638477162002,0.9198518483378737,0.015905646689452047,0.05889815166212631,,,,,9
erdos_renyi,60,0.15,1.75,123,4.1,1.767295485574875,0.43104767940850613,1.0,9.0,246.0,1442.0,0.5290600079698748,10.773322119058545,8.557341757852774,0.010666666666666666,0.96975,10.39153747050161,0.9631686787180898,10.314234569806416,10.138085337074743,0.9094144164131205,0.006581321281910246,0.060335583586879515,,,,,10
erdos_renyi,60,0.15,1.75,102,3.4,1.624807680927192,0.47788461203740945,1.0,8.0,204.0,1056.0,0.2712507093674634,9.765039536354596,7.508020751856166,0.009666666666666667,0.9395,10.0699088479928,0.9602035868032696,9.995124966106971,8.885213689405411,0.8932218141914712,-0.020703586803269558,0.04627818580852883,,,,,11
erdos_renyi,60,0.15,1.75,143,4.766666666666667,1.773571412589737,0.37207791872511964,1.0,9.0,286.0,1838.0,0.7628713360525023,11.276577917358592,9.965358395924834,0.010666666666666666,0.981,10.700907516554569,0.9657429451730255,10.670226592905706,11.22472816421808,0.9299120609043159,0.015257054826974481,0.0510879390956841,,,,,12
erdos_renyi,60,0.15,1.75,121,4.033333333333333,2.0893911925619757,0.5180308741889196,1.0,9.0,242.0,1480.0,0.26311300692445383,11.449281463490973,8.78615632100045,0.009,0.93625,10.090480311097652,0.9604028067121715,10.159696002487829,10.007087911832384,0.8843693994809025,-0.02415280671217146,0.051880600519097486,,,,,13
erdos_renyi,60,0.15,1.75,144,4.8,1.8956089610817242,0.39491853355869255,1.0,9.0,288.0,1886.0,0.6583452952007766,11.989004351003041,10.0818146668372,0.014333333333333333,0.9725,10.637730280755322,0.9652377261948547,10.746877825823491,11.08096904245346,0.9251934110622473,0.007262273805145325,0.04730658893775275,,,,,14
erdos_renyi,60,0.15,1.75,123,4.1,1.8046236911518885,0.44015211979314356,1.0,9.0,246.0,1450.0,0.5356310154572039,10.696537125165452,8.780831869095719,0.015333333333333332,0.9495,10.362831511047144,0.9629165564641864,10.402008069198667,10.110079522972825,0.8980868074795109,-0.01341655646418638,0.05141319252048915,,,,,15
erdos_renyi,60,0.15,1.75,113,3.7666666666666666,1.8381754238616315,0.48801117447653936,1.0,8.0,226.0,1280.0,0.44562266552076396,10.517874324318914,8.027511820143607,0.014333333333333333,0.964,10.132830673814997,0.9608086732299941,10.141125247596662,10.760528149184069,0.8986232661905365,0.0031913267700058867,0.06537673380946352,,,,,16
erdos_renyi,60,0.15,1.75,115,3.8333333333333335,1.5723301886761007,0.4101730926981132,1.0,9.0,230.0,1260.0,0.4534897784107319,10.637009559213002,8.260072769052698,0.008666666666666666,0.9785,10.39369323086313,0.9631875178861647,10.463285785539343,10.845592936552832,0.9251671696859571,0.01531248211383529,0.0533328303140429,,,,,17
erdos_renyi,60,0.15,1.75,130,4.333333333333333,2.00554786086551,0.46281873712281,1.0,9.0,260.0,1628.0,0.3151971484332609,11.067232093987016,9.34346254253218,0.009,0.95675,10.336499280492635,0.9626832032110647,10.193776078888911,9.541383951223972,0.8962070731964752,-0.005933203211064719,0.0605429268035248,,,,,18
erdos_renyi,60,0.15,1.75,115,3.8333333333333335,1.6346933113652304,0.4264417333996253,1.0,10.0,230.0,1272.0,0.476377225686988,11.396070714037226,8.203892144864112,0.008666666666666666,0.9585,10.344550197966996,0.962754762047129,10.41651228630068,10.794313250052518,0.9102452348497628,-0.004254762047128935,0.04825476515023719,,,,,19
erdos_renyi,60,0.15,2.5,122,4.066666666666666,1.8427033281447005,0.45312376921590997,1.0,10.0,244.0,1440.0,0.32604402753209966,11.587673121267434,8.786590126657403,0.010333333333333333,0.9995,21.049405343748017,0.9937660332689139,21.250409911169875,20.70433312499805,0.9822398410360353,0.005733966731086171,0.01726015896396471,,,,,0
erdos_renyi,60,0.15,2.5,110,3.6666666666666665,1.4794894014114766,0.40349710947585726,1.0,7.0,220.0,1158.0,0.46326203949398215,9.501003191825578,7.8487055374246895,0.011666666666666667,1.0,21.164092555919467,0.9938516455470326,21.073664160453266,17.316075727570475,0.9864128465501278,0.006148354452967353,0.013587153449872158,,,,,1
erdos_renyi,60,0.15,2.5,121,4.033333333333333,1.8436075745366445,0.4570927870752011,1.0,8.0,242.0,1422.0,0.331469350918143,10.282644958191137,8.960549529407736,0.008333333333333333,0.99675,21.008585804328533,0.9937351631739192,21.074563181234684,20.834961128259703,0.9784735111650289,0.0030148368260808356,0.018276488834971127,,,,,2
erdos_renyi,60,0.15,2.5,120,4.0,1.7511900715418263,0.43779751788545657,1.0,9.0,240.0,1384.0,0.3640104967057849,10.629441009555759,8.691930197385226,0.009666666666666667,0.99925,21.11905336860293,0.9938182200621944,21.101894137740942,21.11905336860293,0.9716526967572201,0.005431779937805525,0.02759730324277987,,,,,3
erdos_renyi,60,0.15,2.5,120,4.0,1.8529256146249728,0.4632314036562432,1.0,9.0,240.0,1406.0,0.4014321893000848,11.086622226947801,8.938108858596365,0.006333333333333333,0.9975,20.953174622353174,0.9936929178515332,20.8968629655556,20.953174622353174,0.9777707592296485,0.0038070821484668116,0.01972924077035154,,,,,4
erdos_renyi,60,0.15,2.5,137,4.566666666666666,2.178429607665934,0.4770283812407155,1.0,11.0,274.0,1810.0,0.5965757022945802,12.734785854076438,9.598594453928762,0.012,0.99825,21.083491170854423,0.9937916495633029,20.952296453897098,18.467291536514825,0.9762044526709588,0.004458350436697067,0.022045547329041182,,,,,5
erdos_renyi,60,0.15,2.5,110,3.6666666666666665,1.699673171197595,0.463547228508435,1.0,8.0,220.0,1200.0,0.30196929908392395,10.1279174258025,8.078314246293782,0.009333333333333334,0.99925,20.790422199548576,0.9935665281132167,20.647724301724402,22.680460581325722,0.977441867423467,0.005683471886783309,0.021808132576533024,,,,,6
erdos_renyi,60,0.15,2.5,127,4.233333333333333,1.8917951498216947,0.44688074405236883,1.0,10.0,254.0,1544.0,0.5882665233289694,11.578043461993474,8.877170560141323,0.015,0.99925,21.161250079880602,0.9938495434447543,21.30954545445614,19.994881965241515,0.9806614594818432,0.005400456555245681,0.018588540518156726,,,,,7
erdos_renyi,60,0.15,2.5,132,4.4,1.7435595774162693,0.3962635403218794,1.0,8.0,264.0,1608.0,0.6164071213924257,10.328524964269768,9.417185911904891,0.009333333333333334,0.9985,21.55222715123495,0.9941295780485532,21.597535810586976,19.59293377384995,0.9820832556719418,0.004370421951446879,0.016416744328058286,,,,,8
erdos_renyi,60,0.15,2.5,114,3.8,1.8147543451754935,0.47756693294091934,1.0,9.0,228.0,1292.0,0.5065996355900989,11.03152721116842,8.40714367725333,0.011,0.99875,20.76513893323339,0.9935465792649913,20.778800208847358,16.393530736763203,0.9781279672800545,0.005203420735008679,0.02062203271994556,,,,,9
erdos_renyi,60,0.15,2.5,116,3.8666666666666667,1.7074997966487595,0.4415947749953688,1.0,7.0,232.0,1304.0,0.2912803231864343,9.74664040249282,8.370609301866134,0.012,0.9975,21.03199356449145,0.9937528913307352,21.21194402667039,21.757234721887706,0.9747344903607691,0.0037471086692648647,0.022765509639230963,,,,,10
erdos_renyi,60,0.15,2.5,115,3.8333333333333335,1.790406533599438,0.46706257398246204,1.0,8.0,230.0,1304.0,0.360624645869315,10.513267714505842,8.264707593029607,0.011,0.999,20.850683275142387,0.9936137314575075,20.818953974506297,21.757234721887706,0.9778080120756272,0.005386268542492467,0.021191987924372824,,,,,11
erdos_renyi,60,0.15,2.5,126,4.2,1.6613247725836149,0.39555351728181304,1.0,9.0,252.0,1476.0,0.5590934101568372,10.922551045913819,8.973351296308357,0.012,1.0,21.47279673677572,0.9940741394349246,21.485578163404753,20.450282606453065,0.9832723859169678,0.00592586056507538,0.01672761408303225,,,,,12
erdos_renyi,60,0.15,2.5,118,3.933333333333333,1.7594190960528864,0.44730993967446264,1.0,9.0,236.0,1350.0,0.4461466752421524,10.895789778684158,8.557892479529254,0.009,0.99925,21.026954248264147,0.9937490806237919,20.950330601427254,21.38334330331947,0.9754385490292762,0.005500919376208113,0.02381145097072379,,,,,13
erdos_renyi,60,0.15,2.5,129,4.3,1.9000000000000001,0.44186046511627913,1.0,10.0,258.0,1584.0,0.4877105801169988,12.015337154773484,9.167809932351796,0.009,0.9985,21.221367600211227,0.9938937908326028,21.07701294851211,19.74080706996393,0.98281251908823,0.0046062091673972905,0.01568748091177008,,,,,14
erdos_renyi,60,0.15,2.5,112,3.7333333333333334,1.9988885800753269,0.5354165839487482,1.0,11.0,224.0,1300.0,0.15703113567632193,12.394547197027919,8.338144515360533,0.010333333333333333,0.998,20.337969569885754,0.9931961671946006,20.118246862925385,21.790681682020452,0.9666388560700019,0.004803832805399422,0.031361143929998114,,,,,15
erdos_renyi,60,0.15,2.5,135,4.5,1.8027756377319946,0.40061680838488767,1.0,9.0,270.0,1680.0,0.7497447389428571,10.872758667074764,9.570389098407675,0.007,0.99825,21.56454872944857,0.9941381134041251,21.63044040612189,19.16848775950984,0.9860629815471722,0.004111886595874914,0.01218701845282777,,,,,16
erdos_renyi,60,0.15,2.5,132,4.4,2.0672042311618206,0.4698191434458683,1.0,11.0,264.0,1682.0,0.516884301310077,12.65132271084354,9.555743427953564,0.010666666666666666,0.994,21.072796934865906,0.9937836283343994,21.10153256704981,19.157088122605366,0.9698602297848602,0.00021637166560062315,0.0241397702151398,,,,,17
erdos_renyi,60,0.15,2.5,128,4.266666666666667,1.7969109295924741,0.4211509991232361,1.0,8.0,256.0,1542.0,0.4700180401069058,10.716705802292543,9.055107392452518,0.012333333333333333,0.998,21.34170092046281,0.993981041100624,21.604720711103667,20.007844612933884,0.9765586592913625,0.0040189588993759795,0.021441340708637457,,,,,18
erdos_renyi,60,0.15,2.5,118,3.933333333333333,1.8427033281447005,0.46848389698594084,1.0,9.0,236.0,1368.0,0.42839724055995115,10.824049482260529,8.61404032607301,0.008333333333333333,0.999,20.888160954264112,0.9936428463333107,20.737695388068143,15.931648185455678,0.981703688486352,0.005357153666689318,0.017296311513647966,,,,,19
erdos_renyi,60,0.25,0.75,122,4.066666666666666,1.8427033281447005,0.45312376921590997,1.0,9.0,244.0,1440.0,0.6099784304745033,11.024991203018203,24.45392062361047,0.010333333333333333,0.05475,0.6820007331374357,0.023869969109908105,0.6820985611114514,0.6708203932499369,0.03277664421767547,0.030880030890091895,0.02197335578232453,,,,,0
erdos_renyi,60,0.25,0.75,114,3.8,2.080064101576359,0.5473852898885155,1.0,11.0,228.0,1354.0,0.22641186590428858,12.543510280246549,22.650518657605026,0.011,0.068,0.657206387930595,0.02175732497599645,0.6537041696791229,0.6917961978216791,0.03253952613022092,0.04624267502400356,0.03546047386977909,,,,,1
erdos_renyi,60,0.25,0.75,132,4.4,2.1150256105620406,0.4806876387641001,1.0,9.0,264.0,1694.0,0.7284389245615865,11.515295837175728,26.44197624995901,0.009333333333333334,0.057,0.680336051416609,0.023724585251265105,0.6879898319950459,0.6184873194696446,0.03405745008982413,0.0332754147487349,0.022942549910175872,,,,,2
erdos_renyi,60,0.25,0.75,138,4.6,2.009975124224178,0.4369511139617778,1.0,10.0,276.0,1788.0,0.4895676374626969,12.03955553090588,26.708635737370265,0.013,0.06575,0.6923115642638239,0.024781862382480167,0.6943057225739314,0.7525125698519824,0.03328266923475562,0.040968137617519836,0.032467330765244384,,,,,3
erdos_renyi,60,0.25,0.75,126,4.2,1.9561867668161612,0.46575875400384786,1.0,9.0,252.0,1540.0,0.2862117081560731,11.058376377143588,25.20949653482103,0.008666666666666666,0.0575,0.6811087217978427,0.023792002323172766,0.682365529558303,0.6486749731408025,0.03260461685123641,0.03370799767682724,0.024895383148763592,,,,,4
erdos_renyi,60,0.25,0.75,117,3.9,1.8502252115170557,0.47441672090180914,1.0,10.0,234.0,1352.0,0.4371469225643546,11.72929019331345,23.798187153010243,0.007666666666666666,0.04975,0.675,0.0232620082537439,0.6808846153846154,0.6923076923076923,0.0328567664232958,0.0264879917462561,0.016893233576704206,,,,,5
erdos_renyi,60,0.25,0.75,118,3.933333333333333,1.8517259216441533,0.4707777766891915,1.0,9.0,236.0,1370.0,0.26943621047739286,10.5000635567037,23.251549797183152,0.010666666666666666,0.0685,0.67628223711227,0.02337268528389648,0.6771275899086604,0.6877446479107832,0.03272285925858969,0.045127314716103525,0.035777140741410314,,,,,6
erdos_renyi,60,0.25,0.75,132,4.4,1.614517471774978,0.3669357890397677,1.0,9.0,264.0,1582.0,0.46992207688965215,11.024557816521046,25.77998077738438,0.01,0.05725,0.7040069531894302,0.02584003483738854,0.7069269820293637,0.6400063210813002,0.032192530919567065,0.031409965162611464,0.025057469080432937,,,,,7
erdos_renyi,60,0.25,0.75,126,4.2,1.851125783588643,0.44074423418777214,1.0,9.0,252.0,1516.0,0.4627336670648429,10.784888173171561,25.113230033040413,0.011333333333333334,0.05275,0.6864789131160799,0.02426360692752392,0.6869283933568109,0.6537894410629331,0.032260193090581105,0.02848639307247608,0.020489806909418894,,,,,8
erdos_renyi,60,0.25,0.75,114,3.8,2.0720360357226735,0.5452726409796509,1.0,11.0,228.0,1352.0,0.21335579045511213,12.552286967896745,23.44634904630949,0.009666666666666667,0.04825,0.6576923076923076,0.021797645004035655,0.6589038461538462,0.5192307692307693,0.033373128512974956,0.026452354995964347,0.014876871487025045,,,,,9
erdos_renyi,60,0.25,0.75,115,3.8333333333333335,2.106867079074731,0.5496174988890602,1.0,9.0,230.0,1378.0,0.29157073007478757,10.857021459404294,23.51632228592897,0.008666666666666666,0.05775,0.6571726615675336,0.021754528075772533,0.656858361598958,0.5143090394876351,0.033329346443165916,0.03599547192422747,0.024420653556834086,,,,,10
erdos_renyi,60,0.25,0.75,121,4.033333333333333,1.7026123718829513,0.4221352988139549,1.0,8.0,242.0,1392.0,0.30673848330157494,10.22324767798398,24.172208802866137,0.005666666666666667,0.057,0.6879739745478548,0.024395849692848304,0.6872774719703166,0.682288239221013,0.03202982663584981,0.0326041503071517,0.024970173364150194,,,,,11
erdos_renyi,60,0.25,0.75,130,4.333333333333333,1.831817555204545,0.42272712812412583,1.0,9.0,260.0,1588.0,0.5331801819656365,10.854726378467516,26.379825013454234,0.006,0.04575,0.6920291049629842,0.024756619657044097,0.6970862407300212,0.6387960968889085,0.03300870848289815,0.020993380342955902,0.01274129151710185,,,,,12
erdos_renyi,60,0.25,0.75,141,4.7,2.0436894741292444,0.43482754768707327,1.0,9.0,282.0,1858.0,0.5082700773698892,11.739141792479465,28.27408379734606,0.01,0.05525,0.693908991032962,0.02492489869923737,0.6876342820714936,0.590560843432308,0.03225545261771395,0.03032510130076263,0.022994547382286047,,,,,13
erdos_renyi,60,0.25,0.75,108,3.6,1.6653327995729064,0.4625924443258073,1.0,9.0,216.0,1160.0,0.3212710041163473,10.691993250964375,21.620707873712067,0.012333333333333333,0.057,0.6726683868152937,0.023061529248597796,0.6741164923702434,0.5605569890127448,0.031744540120012,0.0339384707514022,0.025255459879988,,,,,14
erdos_renyi,60,0.25,0.75,117,3.9,1.7483325389257809,0.44829039459635406,1.0,9.0,234.0,1330.0,0.4014747348206427,10.615693250278794,23.645718814658025,0.009,0.053,0.6805598093741199,0.023744097263232778,0.6843116134514386,0.6980100608965332,0.03252104753437169,0.02925590273676722,0.02047895246562831,,,,,15
erdos_renyi,60,0.25,0.75,110,3.6666666666666665,1.6193277068654828,0.4416348291451317,1.0,7.0,220.0,1184.0,0.42914887455761236,9.71762168735938,21.42616749374025,0.012666666666666666,0.07125,0.6781458226345989,0.023534081650028526,0.679363402634329,0.7397954428741078,0.03146739308362758,0.047715918349971465,0.039782606916372414,,,,,16
erdos_renyi,60,0.25,0.75,132,4.4,2.001665972800324,0.4549240847273463,1.0,10.0,264.0,1666.0,0.3498557308774448,11.985262889297141,26.061596676035695,0.012,0.0615,0.6860293393884848,0.024223921546885137,0.69616386372036,0.6236630358077134,0.0342943356158099,0.03727607845311486,0.0272056643841901,,,,,17
erdos_renyi,60,0.25,0.75,122,4.066666666666666,1.8061622912192088,0.44413826833259235,1.0,9.0,244.0,1432.0,0.5632959257995509,10.609903732984774,24.48193783065932,0.008333333333333333,0.0535,0.6839031098680212,0.024036738042082218,0.6904758672149087,0.6726915834767423,0.032787535130003535,0.02946326195791778,0.020712464869996464,,,,,18
erdos_renyi,60,0.25,0.75,125,4.166666666666667,2.214848878717362,0.5315637308921668,1.0,11.0,250.0,1586.0,0.43248255096289245,12.54636610229511,25.59043356144107,0.007333333333333333,0.0475,0.6658320227141578,0.022479479849211732,0.6692011327490913,0.6391987418055914,0.03363510332425249,0.025020520150788268,0.013864896675747508,,,,,19
erdos_renyi,60,0.25,1.25,117,3.9,1.9553345834749951,0.5013678419166654,1.0,8.0,234.0,1376.0,0.30179770159055225,10.589768705297526,23.64733131118365,0.01,0.269,1.8585763259286194,0.24164237416646578,1.8872889473740555,1.9062321291575584,0.26509815160428957,0.027357625833534238,0.00390184839571045,,,,,0
erdos_renyi,60,0.25,1.25,99,3.3,1.6155494421403511,0.4895604370122276,1.0,9.0,198.0,1008.0,0.302522343301835,10.572747705267023,19.687927448654456,0.017333333333333333,0.27575,1.8374210381479177,0.23631105468429817,1.8393698180368623,1.6703827619526523,0.24608723075230382,0.03943894531570183,0.029662769247696175,,,,,1
erdos_renyi,60,0.25,1.25,131,4.366666666666666,1.834545054108935,0.42012482155166453,1.0,9.0,262.0,1608.0,0.5590484889585107,10.808348505152523,26.27790042558252,0.007333333333333333,0.2485,1.9250057432807577,0.25850256024893875,1.9372758180566314,1.7633640396464956,0.27016322245278845,-0.010002560248938752,-0.021663222452788455,,,,,2
erdos_renyi,60,0.25,1.25,124,4.133333333333334,1.6977108770995788,0.4107365025240916,1.0,8.0,248.0,1446.0,0.397333920973604,10.128706450175317,25.032140604908736,0.009666666666666667,0.24725,1.9215040085394717,0.25760986177037215,1.9326223885888836,1.8595200082640047,0.2700001117004833,-0.010359861770372153,-0.022750111700483328,,,,,3
erdos_renyi,60,0.25,1.25,129,4.3,2.1315096371664226,0.4956999156200983,1.0,10.0,258.0,1640.0,0.5764038530997019,12.091768179262925,25.92002724440534,0.009333333333333334,0.26375,1.8770314198807414,0.24630933303070204,1.850840283789382,1.7460757394239454,0.25116781955719686,0.01744066696929794,0.012582180442803126,,,,,4
erdos_renyi,60,0.25,1.25,129,4.3,1.9087517736293877,0.44389576130916,1.0,10.0,258.0,1586.0,0.5076495965913812,11.665099261091639,25.260561621765167,0.014666666666666666,0.29225,1.908718465113919,0.25435383285142626,1.9184840014470599,1.7755520605710875,0.2682497046521183,0.037896167148573745,0.024000295347881728,,,,,5
erdos_renyi,60,0.25,1.25,116,3.8666666666666667,1.7838784213679533,0.46134786759516033,1.0,8.0,232.0,1320.0,0.44422749090038843,9.740491182081046,23.46257685640453,0.008666666666666666,0.258,1.8813724483903471,0.24740914298136732,1.8727765225485637,1.9462473604038073,0.2573525851358521,0.010590857018632688,0.0006474148641479327,,,,,6
erdos_renyi,60,0.25,1.25,120,4.0,1.5811388300841898,0.39528470752104744,1.0,7.0,240.0,1350.0,0.4951342376552158,9.827008755772393,24.213456794547593,0.006666666666666667,0.25175,1.9245008972987525,0.25837383576353795,1.9022488556737356,1.9245008972987525,0.26146764659775795,-0.006623835763537977,-0.009717646597757978,,,,,7
erdos_renyi,60,0.25,1.25,116,3.8666666666666667,1.697710877099579,0.43906315787058076,1.0,9.0,232.0,1302.0,0.32676186124395556,10.666501188225986,22.61537865396567,0.014,0.2975,1.8943326873682498,0.25069702465558663,1.8750219252750344,1.4697408781305386,0.25548481265979367,0.046802975344413356,0.04201518734020632,,,,,8
erdos_renyi,60,0.25,1.25,126,4.2,1.7397317800933183,0.414221852403171,1.0,9.0,252.0,1492.0,0.5481100968004439,10.58592685716119,24.940003045962438,0.008,0.29,1.9221615680878077,0.25777746395528023,1.9101480582872592,1.8306300648455311,0.26341213167649863,0.03222253604471975,0.02658786832350135,,,,,9
erdos_renyi,60,0.25,1.25,134,4.466666666666667,2.012185103038209,0.4504892021727334,1.0,10.0,268.0,1708.0,0.4953332049344935,12.326261217022878,26.271585760588863,0.016666666666666666,0.2885,1.9105773343980577,0.25482688142020277,1.9209857034585844,1.7109647770728873,0.2634843170588309,0.03367311857979721,0.02501568294116907,,,,,10
erdos_renyi,60,0.25,1.25,117,3.9,1.8681541692269406,0.4790138895453694,1.0,8.0,234.0,1356.0,0.32603600113666104,9.839582238924658,23.30939687108484,0.009666666666666667,0.27925,1.872232470816261,0.2450943941082922,1.8547102951278522,1.9202384316064214,0.25752761628051557,0.034155605891707796,0.021722383719484428,,,,,11
erdos_renyi,60,0.25,1.25,119,3.966666666666667,1.7508727982225194,0.4413965037535763,1.0,9.0,238.0,1366.0,0.2455510305790461,10.562439013831918,23.79487605243215,0.008666666666666666,0.27625,1.8972535225710905,0.2514388863397849,1.8883252707001676,1.9131968294834525,0.25974678024938896,0.0248111136602151,0.01650321975061103,,,,,12
erdos_renyi,60,0.25,1.25,121,4.033333333333333,1.861600267392427,0.46155378530390756,1.0,9.0,242.0,1426.0,0.3695480718782156,10.38004045982124,24.143552641401467,0.009666666666666667,0.2675,1.8881190049802024,0.24911987311304426,1.902474951133771,1.8725147156828454,0.26468575941926803,0.018380126886955755,0.002814240580731986,,,,,13
erdos_renyi,60,0.25,1.25,123,4.1,1.468559384794046,0.3581852158034259,1.0,7.0,246.0,1384.0,0.4838177031571753,9.475619689169678,24.042869606662546,0.009333333333333334,0.285,1.9482326732536202,0.2644331710575947,1.959993346098261,1.9007148031742638,0.2756010593752542,0.020566828942405302,0.009398940624745777,,,,,14
erdos_renyi,60,0.25,1.25,127,4.233333333333333,2.246231411844193,0.5306058453175259,1.0,10.0,254.0,1632.0,0.5488729300263446,11.657526675629212,25.516026968727207,0.01,0.27125,1.8524538611620545,0.24009735802911458,1.855589905100242,1.750350105035012,0.25897263675624305,0.03115264197088541,0.012277363243756945,,,,,15
erdos_renyi,60,0.25,1.25,124,4.133333333333334,1.9189117286165671,0.46425283756852426,1.0,9.0,248.0,1494.0,0.24846310074623884,11.08775381954213,24.170613531942536,0.014,0.30275,1.8903844776002228,0.24969472461670295,1.8813136811149633,1.8294043331615057,0.2606129941334433,0.053055275383297074,0.04213700586655672,,,,,16
erdos_renyi,60,0.25,1.25,116,3.8666666666666667,1.9362047641943474,0.5007426114295725,1.0,8.0,232.0,1354.0,0.43907255656647715,9.832263459839842,23.408380405106175,0.008666666666666666,0.2645,1.8576009015582124,0.24139611253429566,1.856319797488172,1.9216561050602197,0.2570108344347873,0.023103887465704354,0.00748916556521273,,,,,17
erdos_renyi,60,0.25,1.25,122,4.066666666666666,1.7594190960528864,0.4326440400130049,1.0,8.0,244.0,1422.0,0.4530416925913193,10.193600284961017,24.443695365672642,0.009333333333333334,0.27,1.9063989432357626,0.2537637234105161,1.9173372978280994,1.8751465015433733,0.2695690169620784,0.0162362765894839,0.0004309830379216062,,,,,18
erdos_renyi,60,0.25,1.25,127,4.233333333333333,2.0765890836230025,0.49053285439913447,1.0,9.0,254.0,1588.0,0.4551419221332272,11.490253247956847,26.0669270266855,0.01,0.2355,1.8779422292798928,0.24654002620439514,1.8730255695063847,2.2180420030864876,0.2643498915137766,-0.011040026204395148,-0.028849891513776593,,,,,19
erdos_renyi,60,0.25,1.75,129,4.3,1.837570860311696,0.42734206053760376,1.0,10.0,258.0,1570.0,0.580504690191031,11.654973419253425,25.959622781030866,0.008333333333333333,0.6285,3.760102739482655,0.6594231174327094,3.781745191297119,3.4977699902164234,0.588966092791291,-0.03092311743270948,0.039533907208708974,,,,,0
erdos_renyi,60,0.25,1.75,123,4.1,1.841195263952197,0.44907201559809684,1.0,9.0,246.0,1458.0,0.28462624924393337,10.841696396042503,23.85615897502113,0.01633333333333333,0.66175,3.72037037037037,0.6532874365665327,3.7460046296296294,3.6296296296296298,0.5788747137451618,0.008462563433467296,0.0828752862548382,,,,,1
erdos_renyi,60,0.25,1.75,117,3.9,1.8947295321496418,0.48582808516657483,1.0,9.0,234.0,1362.0,0.4549018228395448,10.811830815193778,24.044748345918805,0.008,0.57025,3.661483955680982,0.6439762787294598,3.645054219982413,2.8165261197546014,0.5569820198143314,-0.0737262787294598,0.01326798018566866,,,,,2
erdos_renyi,60,0.25,1.75,129,4.3,1.69607389776114,0.3944357901770093,1.0,8.0,258.0,1540.0,0.3805937468318118,10.431700475901998,25.410419284474035,0.010333333333333333,0.6565,3.796550467799085,0.6649489532359114,3.8038345471849784,3.531674853766591,0.6049990828884867,-0.008448953235911438,0.05150091711151328,,,,,3
erdos_renyi,60,0.25,1.75,119,3.966666666666667,1.7317300277147383,0.43657059522220293,1.0,8.0,238.0,1362.0,0.4487983066722303,10.03136520321016,23.273563501513834,0.016666666666666666,0.674,3.724073425008862,0.6538642498697576,3.790105315149775,3.755368159672802,0.5915320686737657,0.02013575013024249,0.08246793132623431,,,,,4
erdos_renyi,60,0.25,1.75,123,4.1,1.8947295321496418,0.4621291541828395,1.0,11.0,246.0,1470.0,0.588803360387955,12.647071141834777,24.54833245893369,0.010333333333333333,0.61975,3.705154067871762,0.6509064605284737,3.7537277340054467,3.614784456460256,0.5825017117354243,-0.03115646052847365,0.03724828826457571,,,,,5
erdos_renyi,60,0.25,1.75,130,4.333333333333333,1.9465068427541912,0.4491938867894288,1.0,10.0,260.0,1614.0,0.5129944369859482,11.61830911310167,26.327946706705582,0.006,0.62775,3.7372436667181823,0.6559074429295758,3.7856840942444916,3.449763384662938,0.5867974214178427,-0.028157442929575782,0.040952578582157284,,,,,6
erdos_renyi,60,0.25,1.75,133,4.433333333333334,2.1084486134491294,0.4755899128080743,1.0,11.0,266.0,1712.0,0.36513895217068254,12.638009443268302,26.294238834879657,0.012333333333333333,0.64725,3.712441238683109,0.6520488891758601,3.6862029321841447,3.34957104242085,0.5689611361902074,-0.004798889175860133,0.07828886380979261,,,,,7
erdos_renyi,60,0.25,1.75,124,4.133333333333334,1.667999467092907,0.40354825816763873,1.0,8.0,248.0,1440.0,0.3266793367976435,10.136098227483409,24.830464395708894,0.008,0.64675,3.7739858420246453,0.6615394443988502,3.76797485651013,3.652244363249656,0.5948073976187715,-0.014789444398850105,0.0519426023812285,,,,,8
erdos_renyi,60,0.25,1.75,118,3.933333333333333,1.579732748143038,0.40162696986687413,1.0,8.0,236.0,1314.0,0.5062361705458366,10.069815034415498,23.883096776652057,0.009333333333333334,0.6245,3.759621739377927,0.6593495393378767,3.755479783224376,3.8233441417402654,0.595775734041333,-0.0348495393378766,0.02872426595866706,,,,,9
erdos_renyi,60,0.25,1.75,128,4.266666666666667,2.0564262420249575,0.4819749004745994,1.0,10.0,256.0,1602.0,0.6676081380142223,12.200164980564516,25.386984389182228,0.010666666666666666,0.6215,3.69350372411105,0.649071712860347,3.6643596712879862,3.462659741354109,0.5592345272547619,-0.027571712860346986,0.06226547274523819,,,,,10
erdos_renyi,60,0.25,1.75,131,4.366666666666666,1.8436075745366443,0.4222002079091552,1.0,10.0,262.0,1610.0,0.4477575696115953,11.72399545787881,25.744839745085052,0.010666666666666666,0.657,3.770667043334749,0.661034821837068,3.784123431447414,3.4540461465661827,0.5904180381055685,-0.004034821837067937,0.06658196189443155,,,,,11
erdos_renyi,60,0.25,1.75,109,3.6333333333333333,1.9913702708325127,0.5480835607795906,1.0,9.0,218.0,1248.0,0.24757793036294115,10.859933885226557,22.38587955492254,0.009,0.5555,3.563518622804043,0.627899419720542,3.531070987637685,2.942354826168476,0.5250526006246372,-0.07239941972054198,0.030447399375362783,,,,,12
erdos_renyi,60,0.25,1.75,139,4.633333333333334,1.6121069719124999,0.34793675652787764,1.0,9.0,278.0,1722.0,0.5631501898876602,10.907514779560634,26.956025984874625,0.012,0.70275,3.8686376506344007,0.6755935796766827,3.862097148131529,4.174788831619856,0.621402520842807,0.027156420323317332,0.08134747915719298,,,,,13
erdos_renyi,60,0.25,1.75,128,4.266666666666667,2.0154955277107964,0.4723817643072179,1.0,9.0,256.0,1592.0,0.41788531813239443,11.399771993276913,25.08491218831748,0.011,0.64525,3.705085764843569,0.6508957336227367,3.6817118839442626,3.473517904540846,0.5664119389114022,-0.005645733622736682,0.07883806108859781,,,,,14
erdos_renyi,60,0.25,1.75,127,4.233333333333333,1.5423647068345698,0.36433811972470154,1.0,9.0,254.0,1472.0,0.7070605228834496,10.651072882862463,24.695089156271845,0.014,0.68075,3.823047054799687,0.668905140187501,3.797911272982697,3.61232792579498,0.6085490822777108,0.011844859812498942,0.0722009177222892,,,,,15
erdos_renyi,60,0.25,1.75,111,3.7,1.7445152144172702,0.4714905984911541,1.0,8.0,222.0,1226.0,0.4347289198310494,9.733151719976776,22.50310029669648,0.009666666666666667,0.58025,3.661319015480053,0.6439498297773077,3.6858102710565754,2.968637039578421,0.5601181518039304,-0.0636998297773077,0.020131848196069613,,,,,16
erdos_renyi,60,0.25,1.75,122,4.066666666666666,1.691810338726603,0.41601893575244336,1.0,8.0,244.0,1408.0,0.49561685816328216,10.363677576894236,24.92792351091265,0.007,0.6045,3.755072537262231,0.6586528066110429,3.7553803300931548,3.6935139710776044,0.5889374948069003,-0.054152806611042825,0.015562505193099763,,,,,17
erdos_renyi,60,0.25,1.75,119,3.966666666666667,1.7123732718721763,0.43169074080811165,1.0,8.0,238.0,1358.0,0.5160302297476906,10.102292027991819,24.272084447881326,0.010333333333333333,0.594,3.7295540363995032,0.6547160675558953,3.735743842468317,3.7608948266213478,0.5864845991824845,-0.060716067555895314,0.00751540081751545,,,,,18
erdos_renyi,60,0.25,1.75,130,4.333333333333333,2.2410315085295482,0.5171611173529727,1.0,12.0,260.0,1688.0,0.6968674302522776,13.507169132599188,26.200517888056403,0.010333333333333333,0.5865,3.654407374610871,0.6428396530797942,3.630302341351418,3.3732991150254197,0.5511681136237948,-0.05633965307979416,0.03533188637620521,,,,,19
erdos_renyi,60,0.25,2.5,132,4.4,1.9595917942265424,0.44536177141512323,1.0,10.0,264.0,1656.0,0.5298986067660338,11.559299105857209,27.003227467161487,0.005666666666666667,0.90825,7.645528515426076,0.9225886101442774,7.649438160689644,6.950480468569158,0.847461211696033,-0.014338610144277397,0.060788788303967056,,,,,0
erdos_renyi,60,0.25,2.5,116,3.8666666666666667,1.5860503004493758,0.410185422530011,1.0,8.0,232.0,1280.0,0.3994392394725957,9.924793894743843,22.76156807239291,0.011,0.92725,7.642171012073583,0.9225082395839148,7.643323925803852,7.905694150420948,0.854027329622478,0.004741760416085206,0.07322267037752206,,,,,1
erdos_renyi,60,0.25,2.5,100,3.3333333333333335,1.7480147469502525,0.5244044240850757,1.0,9.0,200.0,1050.0,0.22576603441262175,10.833646893962465,20.239366383928626,0.010333333333333333,0.89125,7.273929674533081,0.9129707961035916,7.213737906476317,6.546536707079772,0.8135735523402925,-0.021720796103591566,0.07767644765970749,,,,,2
erdos_renyi,60,0.25,2.5,129,4.3,1.9773719933285188,0.45985395193686485,1.0,12.0,258.0,1602.0,0.6721137475536707,13.49750457129166,25.666453696675,0.011,0.923,7.596651473378913,0.9214075000489766,7.541443250461915,7.066652533375733,0.8489550393842512,0.0015924999510233961,0.07404496061574883,,,,,3
erdos_renyi,60,0.25,2.5,114,3.8,1.973153144926499,0.5192508276122366,1.0,9.0,228.0,1328.0,0.18237671930266905,11.0409528956686,22.523761631816388,0.015666666666666666,0.91975,7.373429994210162,0.9156957445586115,7.448619576387963,5.821128942797496,0.8298845211787674,0.004054255441388488,0.08986547882123253,,,,,4
erdos_renyi,60,0.25,2.5,125,4.166666666666667,1.818118685772619,0.4363484845854285,1.0,11.0,250.0,1490.0,0.4104482196274811,12.38152123584348,24.484619216541883,0.013666666666666667,0.93425,7.632742765076164,0.9222819516532516,7.702506033948959,7.327433054473117,0.8575822258731107,0.011968048346748472,0.0766677741268893,,,,,5
erdos_renyi,60,0.25,2.5,138,4.6,2.0264912204760885,0.44054156966871494,1.0,11.0,276.0,1792.0,0.6319621592803439,12.968378945272239,27.14052297627291,0.009333333333333334,0.94275,7.6837607049822,0.923495971792913,7.70672846795905,6.681531047810609,0.8584096705665746,0.019254028207086993,0.0843403294334254,,,,,6
erdos_renyi,60,0.25,2.5,119,3.966666666666667,1.6927951900792828,0.4267550899359536,1.0,8.0,238.0,1354.0,0.4820145639938712,10.516167926546355,23.22299851430215,0.013333333333333334,0.935,7.622569216738872,0.9220367819978343,7.628974737089072,7.686624420240879,0.850876838522255,0.01296321800216571,0.08412316147774501,,,,,7
erdos_renyi,60,0.25,2.5,134,4.466666666666667,1.7172329163188342,0.384455130519142,1.0,9.0,268.0,1642.0,0.6187102779925341,10.639989609677032,26.216718051701235,0.011666666666666667,0.94375,7.794387075817499,0.9260424557588199,7.8704405168744485,8.7250601594972,0.8698023376730195,0.01770754424118004,0.07394766232698047,,,,,8
erdos_renyi,60,0.25,2.5,128,4.266666666666667,1.4929463784372459,0.3499093074462295,1.0,8.0,256.0,1482.0,0.5492930907074055,10.179778952405794,24.663574831066654,0.012,0.954,7.8369958226202145,0.9269929218495326,7.906487934016105,7.3471835837064505,0.880027277628347,0.027007078150467323,0.07397272237165298,,,,,9
erdos_renyi,60,0.25,2.5,126,4.2,1.6911534525287764,0.40265558393542294,1.0,8.0,252.0,1482.0,0.5961307184714986,10.022621852545413,25.43127407882672,0.008666666666666666,0.9365,7.7145427628917735,0.9242161918098286,7.657602090118049,7.3471835837064505,0.8644568784198299,0.012283808190171386,0.07204312158017012,,,,,10
erdos_renyi,60,0.25,2.5,134,4.466666666666667,2.012185103038209,0.4504892021727334,1.0,9.0,268.0,1708.0,0.6876474105889264,11.414317969740036,26.49676850623577,0.010333333333333333,0.907,7.642309337592231,0.9225115529710963,7.659989306955318,6.843859108291549,0.8337122262775413,-0.015511552971096298,0.07328777372245876,,,,,11
erdos_renyi,60,0.25,2.5,115,3.8333333333333335,1.6947631758514883,0.442112132830823,1.0,8.0,230.0,1284.0,0.3191627425602242,10.694193532365286,22.994390214060203,0.01,0.913,7.564479947153644,0.9206168831591515,7.61216905986396,7.893370379638584,0.8440741421573461,-0.007616883159151433,0.06892585784265393,,,,,12
erdos_renyi,60,0.25,2.5,133,4.433333333333334,1.8472201336663212,0.41666619556383183,1.0,10.0,266.0,1650.0,0.6666666751321293,11.598406440184316,26.53655386120748,0.008,0.93875,7.7174427473692715,0.9242835747315984,7.775178503261243,6.963106238227914,0.8663097104259863,0.014466425268401584,0.07244028957401372,,,,,13
erdos_renyi,60,0.25,2.5,104,3.466666666666667,1.7838784213679535,0.5145803138561404,1.0,8.0,208.0,1120.0,0.22368741398452222,10.228506378633666,20.844707313652435,0.01,0.885,7.324670207647144,0.9143748325545078,7.3042456464912044,6.338656910463874,0.8100508719739986,-0.02937483255450779,0.0749491280260014,,,,,14
erdos_renyi,60,0.25,2.5,139,4.633333333333334,1.6729880121772807,0.36107654939078,1.0,8.0,278.0,1734.0,0.47708961934155614,10.600541354738633,27.044840564302966,0.013333333333333334,0.94475,7.867812491897842,0.9276701499831965,7.858331494830267,8.490445135141556,0.8717862906259114,0.017079850016803455,0.07296370937408858,,,,,15
erdos_renyi,60,0.25,2.5,113,3.7666666666666666,1.6162370563200876,0.4290894839787843,1.0,8.0,226.0,1234.0,0.2688601788849174,10.03083763413309,22.10608649734103,0.013333333333333334,0.913,7.582014507651469,0.9210491085944712,7.585201637643623,8.051696822284745,0.8404950474937923,-0.008049108594471166,0.0725049525062077,,,,,16
erdos_renyi,60,0.25,2.5,117,3.9,1.6401219466856727,0.4205440888937622,1.0,7.0,234.0,1308.0,0.32688104590027434,9.379843447975677,23.21097488983029,0.009,0.91975,7.625103398306307,0.9220979493165338,7.6495428322752375,7.820618870057751,0.8444083639843062,-0.002347949316533815,0.07534163601569377,,,,,17
erdos_renyi,60,0.25,2.5,119,3.966666666666667,1.7885437900395085,0.4508933924469349,1.0,8.0,238.0,1374.0,0.4884319585683271,10.22348735427735,23.44209761738509,0.014333333333333333,0.92375,7.566888637688781,0.9206764444685831,7.547971416094559,7.630475937165158,0.84111607071197,0.0030735555314168606,0.08263392928802993,,,,,18
erdos_renyi,60,0.25,2.5,125,4.166666666666667,1.762258651718174,0.4229420764123617,1.0,10.0,250.0,1478.0,0.4204085382544411,11.692613050665972,24.665313342874327,0.010333333333333333,0.93775,7.66366554976781,0.9230208421352043,7.588408354069088,7.357118927777097,0.858758247759174,0.014729157864795672,0.078991752240826,,,,,19
erdos_renyi,60,0.35,0.75,138,4.6,1.8991226044325487,0.41285274009403233,1.0,9.0,276.0,1762.0,0.6512947146050989,11.311425510352848,53.3892148008975,0.011333333333333334,0.024,0.3558166937488426,0.004600127375974676,0.3572090199417729,0.3094058206511675,0.006155645689382186,0.019399872624025323,0.017844354310617816,,,,,0
erdos_renyi,60,0.35,0.75,118,3.933333333333333,1.7016332024133625,0.4326186107830583,1.0,9.0,236.0,1338.0,0.48419452643500377,10.8047098867141,45.71444623900253,0.009333333333333334,0.02975,0.3491436406270139,0.004383380395799666,0.3516660554883235,0.3550613294512006,0.0061442286760427685,0.025366619604200332,0.02360577132395723,,,,,1
erdos_renyi,60,0.35,0.75,118,3.933333333333333,1.569146972791976,0.3989356710488075,1.0,7.0,236.0,1312.0,0.49617432256017724,9.711733778262019,47.10314409981704,0.007,0.02175,0.3525861716107561,0.004494409009573782,0.3498670748635884,0.3585622084177181,0.005818736020281322,0.017255590990426214,0.015931263979718675,,,,,2
erdos_renyi,60,0.35,0.75,142,4.733333333333333,1.7969109295924741,0.3796290696322128,1.0,12.0,284.0,1822.0,0.5127210987662846,13.514138012201265,54.642431496774435,0.009666666666666667,0.02125,0.3600512670650709,0.004740954518734096,0.3612239692553356,0.38033584549127203,0.006211176860360414,0.016509045481265906,0.015038823139639588,,,,,3
erdos_renyi,60,0.35,0.75,125,4.166666666666667,1.8723128893311491,0.4493550934394758,1.0,9.0,250.0,1502.0,0.46578999214390016,10.94467874769987,48.178290636866734,0.009,0.03325,0.3490802129315179,0.0043813504301240995,0.34774672651811955,0.33511700441425724,0.006087055247697929,0.028868649569875903,0.027162944752302073,,,,,4
erdos_renyi,60,0.35,0.75,130,4.333333333333333,1.849924923401548,0.4269057515542034,1.0,10.0,260.0,1592.0,0.4244245423841966,11.653422310713236,49.726454432294744,0.011333333333333334,0.03275,0.35263223208322836,0.004495905921735819,0.35411057490234643,0.32550667576913384,0.006158299510942296,0.02825409407826418,0.026591700489057707,,,,,5
erdos_renyi,60,0.35,0.75,122,4.066666666666666,1.8696404883173545,0.4597476610616446,1.0,9.0,244.0,1446.0,0.513356901209994,11.332460802460762,48.37977924095567,0.007333333333333333,0.01925,0.34723689950236003,0.004322603890169891,0.34515205500329876,0.34154449131379677,0.006074907499691166,0.01492739610983011,0.013175092500308834,,,,,6
erdos_renyi,60,0.35,0.75,124,4.133333333333334,1.9362047641943474,0.4684366364986324,1.0,10.0,248.0,1498.0,0.48573862065278073,11.717746208241334,48.149307774698435,0.009333333333333334,0.029,0.34674959621170354,0.0043071534157135966,0.34699427838644964,0.3355641253661647,0.006223564139996705,0.024692846584286405,0.022776435860003295,,,,,7
erdos_renyi,60,0.35,0.75,128,4.266666666666667,1.9049642749639397,0.44647600194467335,1.0,10.0,256.0,1566.0,0.4113588210751249,11.66490721764607,50.538514652637794,0.007666666666666666,0.0235,0.3500775623960147,0.004413335715836766,0.34805367648841273,0.3281977147462638,0.006109107464679236,0.019086664284163234,0.017390892535320765,,,,,8
erdos_renyi,60,0.35,0.75,136,4.533333333333333,1.7074997966487597,0.3766543669078147,2.0,10.0,272.0,1680.0,0.9247337816086719,11.491178898297058,52.43477857833516,0.010333333333333333,0.02925,0.3591157502700007,0.004709622018722956,0.35920816976455544,0.3168668384735301,0.006054043664480488,0.024540377981277048,0.02319595633551951,,,,,9
erdos_renyi,60,0.35,0.75,118,3.933333333333333,1.7499206331208916,0.4448950762171759,1.0,8.0,236.0,1348.0,0.3135092295798212,10.144486703049733,46.414407704636226,0.011,0.0235,0.347846186713082,0.00434196898387078,0.345384732764731,0.35374188479296476,0.0059325878270505734,0.019158031016129222,0.017567412172949427,,,,,10
erdos_renyi,60,0.35,0.75,131,4.366666666666666,1.8436075745366445,0.42220020790915525,1.0,9.0,262.0,1610.0,0.5982294347765694,11.247977375807642,52.17223321829185,0.008,0.01825,0.3533528049772256,0.0045193628694687495,0.35220643137329194,0.32368195875776395,0.00607989397007982,0.01373063713053125,0.01217010602992018,,,,,11
erdos_renyi,60,0.35,0.75,119,3.966666666666667,1.601735170231195,0.40379878241122563,1.0,8.0,238.0,1336.0,0.582218618273827,9.721215922667923,46.6386906510872,0.009333333333333334,0.0215,0.3523659362432231,0.004487255770085883,0.3529951611293717,0.35532699453098127,0.005931491389529937,0.017012744229914115,0.015568508610470062,,,,,12
erdos_renyi,60,0.35,0.75,123,4.1,1.938212234680884,0.47273469138558155,1.0,9.0,246.0,1480.0,0.503372967663779,11.214819995946883,47.2022678270941,0.014666666666666666,0.02775,0.3460385147354784,0.004284667690039604,0.3496465992488788,0.33759855096144237,0.006382152509555621,0.023465332309960396,0.02136784749044438,,,,,13
erdos_renyi,60,0.35,0.75,109,3.6333333333333333,1.834545054108935,0.5049206570942023,1.0,8.0,218.0,1212.0,0.3138636306086057,10.104093643139883,42.55503924607715,0.012333333333333333,0.036,0.3388639536105622,0.004061753846669299,0.33764373249320306,0.27979592499954675,0.006122861337339344,0.0319382461533307,0.029877138662660653,,,,,14
erdos_renyi,60,0.35,0.75,119,3.966666666666667,1.8970737700176261,0.4782538916010822,1.0,9.0,238.0,1398.0,0.41536516912797816,10.573733070467776,46.90687323518287,0.006,0.0235,0.3444637785543208,0.004235124173385908,0.3467939747033647,0.34735843215561757,0.006259199261924801,0.01926487582661409,0.0172408007380752,,,,,15
erdos_renyi,60,0.35,0.75,129,4.3,1.7349351572897471,0.4034732923929645,1.0,9.0,258.0,1548.0,0.6617679509926416,10.824880832108068,50.69387238089483,0.009,0.02275,0.3548578505929479,0.004568594620481102,0.3534961867476493,0.3301003261329748,0.0059920335349496825,0.018181405379518897,0.016757966465050317,,,,,16
erdos_renyi,60,0.35,0.75,151,5.033333333333333,2.2727858578307716,0.4515468591716765,1.0,11.0,302.0,2132.0,0.7533275736772339,12.938149236807233,57.83408061668403,0.011666666666666667,0.0375,0.3539431670915243,0.0045386359396145295,0.3498060168271763,0.3515991726074745,0.006272549258808462,0.03296136406038547,0.031227450741191536,,,,,17
erdos_renyi,60,0.35,0.75,132,4.4,2.1071307505705477,0.47889335240239717,1.0,10.0,264.0,1692.0,0.7020098924648851,12.004019668736145,52.02375905212104,0.005666666666666667,0.0255,0.347315317617757,0.004325093339873777,0.35027539134745383,0.3157411978343246,0.0064296884425546486,0.02117490666012622,0.01907031155744535,,,,,18
erdos_renyi,60,0.35,0.75,127,4.233333333333333,1.829085989109193,0.43206755648248657,1.0,10.0,254.0,1530.0,0.6362468847291116,11.828250664357961,48.682500672248004,0.009333333333333334,0.0325,0.3514052059052211,0.004456131618817341,0.35297546145129366,0.3320364150285554,0.00623920114164331,0.02804386838118266,0.026260798858356693,,,,,19
erdos_renyi,60,0.35,1.25,123,4.1,1.823001188516709,0.4446344362235876,1.0,8.0,246.0,1454.0,0.46942018112774525,10.686233027022677,48.35105843215527,0.007,0.0795,0.9697741263916978,0.05681324161010957,0.9666992328202121,0.9461210989187298,0.07173155048434258,0.022686758389890434,0.007768449515657416,,,,,0
erdos_renyi,60,0.35,1.25,115,3.8333333333333335,1.8544241394268166,0.48376281898090867,1.0,9.0,230.0,1318.0,0.3440242800377381,10.837315186325657,43.80877363091404,0.014,0.1175,0.9523307772123331,0.054373278023516616,0.9446707253086686,0.7453023473835649,0.07124044343173255,0.06312672197648338,0.04625955656826744,,,,,1
erdos_renyi,60,0.35,1.25,113,3.7666666666666666,1.7829438827088442,0.473347933462525,1.0,9.0,226.0,1268.0,0.1310407006982806,10.83574337187143,43.617492215159686,0.009333333333333334,0.10925,0.9540398192944066,0.05460983884452115,0.9560238844053287,1.0131396311091043,0.07249353960649571,0.05464016115547885,0.03675646039350429,,,,,2
erdos_renyi,60,0.35,1.25,113,3.7666666666666666,1.8381754238616315,0.48801117447653936,1.0,8.0,226.0,1280.0,0.3628235010838496,10.382594111536791,44.17610408976069,0.013,0.0965,0.9495572268256454,0.05399052830688562,0.9464900729513855,0.7562845169407795,0.07149454446285536,0.042509471693114385,0.025005455537144644,,,,,3
erdos_renyi,60,0.35,1.25,112,3.7333333333333334,1.778263822446552,0.476320666726755,1.0,9.0,224.0,1250.0,0.2912174919335641,10.322367678756454,43.968229814507566,0.01,0.09275,0.9523809523809524,0.05438021538349072,0.9454081632653063,1.0204081632653064,0.07044153619826853,0.03836978461650928,0.022308463801731473,,,,,4
erdos_renyi,60,0.35,1.25,123,4.1,1.972308292331602,0.48105080300770786,1.0,8.0,246.0,1488.0,0.3237973607240786,10.145931546875792,47.531285420033385,0.011333333333333334,0.10325,0.9586306944954537,0.0552479852064694,0.9515578704689934,0.9352494580443452,0.07237567871825373,0.0480020147935306,0.03087432128174626,,,,,5
erdos_renyi,60,0.35,1.25,115,3.8333333333333335,2.0096987059977147,0.5242692276515777,1.0,8.0,230.0,1354.0,0.3402462225378303,10.61137492449597,45.868318298667006,0.005666666666666667,0.07875,0.9395852554503626,0.0526262428815165,0.9331307132607471,0.7353275912220228,0.07191013847456608,0.026123757118483498,0.006839861525433921,,,,,6
erdos_renyi,60,0.35,1.25,129,4.3,1.8101565309847285,0.4209666351127276,1.0,9.0,258.0,1564.0,0.5433537268059118,10.785996754198127,49.85372491809101,0.011,0.09175,0.9806612631901314,0.05836471695974242,0.9708546505582301,0.9122430355257036,0.07150480480937935,0.03338528304025758,0.020245195190620652,,,,,7
erdos_renyi,60,0.35,1.25,101,3.3666666666666667,1.5595583420386114,0.46323515110057767,1.0,7.0,202.0,1028.0,0.3318588972586911,8.93546042882679,39.27354133221991,0.009666666666666667,0.097,0.9470491120432467,0.05364564257662244,0.9493229675845385,0.8439051493454673,0.07071713588651382,0.043354357423377565,0.026282864113486182,,,,,8
erdos_renyi,60,0.35,1.25,127,4.233333333333333,2.027861489900684,0.47902239918913797,1.0,10.0,254.0,1576.0,0.4359721953672795,11.844573765037289,49.54593116409442,0.011666666666666667,0.097,0.9617745906106002,0.05568725689227087,0.9559054936993938,0.9087633927029294,0.0722024732347856,0.04131274310772913,0.024797526765214406,,,,,9
erdos_renyi,60,0.35,1.25,127,4.233333333333333,2.0442330808615954,0.48288970414053434,1.0,10.0,254.0,1580.0,0.516098727123934,11.786385273036505,48.86981330892093,0.007333333333333333,0.106,0.9605563829138196,0.05551682848675424,0.9680252760486812,0.9076123303122706,0.07499989743294748,0.05048317151324576,0.031000102567052518,,,,,10
erdos_renyi,60,0.35,1.25,119,3.966666666666667,1.96610161374115,0.49565586901037395,1.0,10.0,238.0,1414.0,0.5208014032160382,11.736112829659275,46.678520863705884,0.010333333333333333,0.097,0.95141488434213,0.05424672646494837,0.9598896723875305,0.9594099674038284,0.0737734900492314,0.042753273535051636,0.02322650995076861,,,,,11
erdos_renyi,60,0.35,1.25,134,4.466666666666667,1.7650936393164969,0.39517021775742467,1.0,8.0,268.0,1652.0,0.6561654988148203,10.659416042256888,50.79129805600294,0.017666666666666667,0.116,0.9911684320329042,0.05988280089466862,0.9932395302490923,0.8876135212234962,0.07286409144596087,0.05611719910533139,0.043135908554039135,,,,,12
erdos_renyi,60,0.35,1.25,126,4.2,2.0149441679609885,0.47974861141928293,1.0,10.0,252.0,1554.0,0.447026651026476,11.78876718104571,49.127320555705474,0.010333333333333333,0.09025,0.9609321473225563,0.05556936888411035,0.9636204694013755,0.9151734736405298,0.07360471781469255,0.03468063111588965,0.016645282185307447,,,,,13
erdos_renyi,60,0.35,1.25,122,4.066666666666666,1.8607047649270485,0.45755035203124145,1.0,9.0,244.0,1444.0,0.25526299494330107,11.375800215343979,48.62302001012807,0.009,0.0815,0.9652146807281462,0.056170016335172934,0.9752624073226115,0.9493914892407996,0.07410948462834,0.02532998366482707,0.007390515371660009,,,,,14
erdos_renyi,60,0.35,1.25,150,5.0,2.1908902300206643,0.43817804600413285,1.0,11.0,300.0,2088.0,0.5446070670035617,12.67027083608098,58.23861555191164,0.010333333333333333,0.0965,0.9869012445634137,0.05926382020649931,0.9841872661408643,0.9869012445634137,0.07435069011443354,0.03723617979350069,0.02214930988556646,,,,,15
erdos_renyi,60,0.35,1.25,131,4.366666666666666,1.8970737700176261,0.43444437481319687,1.0,11.0,262.0,1622.0,0.3993165532768146,12.447228463618856,51.92652439975493,0.007333333333333333,0.0775,0.9778979945355197,0.05796886073768157,0.9738296402834445,0.8957844224752853,0.07128941802322379,0.019531139262318427,0.006210581976776208,,,,,16
erdos_renyi,60,0.35,1.25,113,3.7666666666666666,1.6569718028848759,0.4399040184650113,1.0,8.0,226.0,1242.0,0.4800889352518439,9.85325386838363,44.13839757710668,0.006666666666666667,0.102,0.9639740220161511,0.05599565728772566,0.9659147661755199,0.7677669201898548,0.07148144138619489,0.04600434271227433,0.030518558613805105,,,,,17
erdos_renyi,60,0.35,1.25,136,4.533333333333333,1.7650936393164969,0.3893588910256979,1.0,8.0,272.0,1692.0,0.5081508585955001,10.329050109037487,52.82740560922725,0.008,0.08975,0.9940000672562069,0.06029539619719454,0.9906380082051934,0.8770588828731237,0.07311315185193717,0.029454603802805457,0.01663684814806282,,,,,18
erdos_renyi,60,0.35,1.25,115,3.8333333333333335,1.6749792701868151,0.4369511139617778,1.0,9.0,230.0,1280.0,0.493234595838396,10.444602812725556,44.11849264006917,0.013666666666666667,0.11175,0.9663635494243294,0.056331730095886205,0.9737163155612536,1.0083793559210392,0.07229732829396997,0.0554182699041138,0.039452671706030035,,,,,19
erdos_renyi,60,0.35,1.75,123,4.1,1.6802777548171413,0.40982384263832716,1.0,8.0,246.0,1424.0,0.586319512497114,10.028950826020704,47.35731165932325,0.013666666666666667,0.30425,1.920674953051895,0.25739856755207247,1.9375394160543016,1.8738292224896538,0.2702946360512775,0.046851432447927555,0.033955363948722506,,,,,0
erdos_renyi,60,0.35,1.75,132,4.4,2.138535324312725,0.4860307555256193,1.0,10.0,264.0,1700.0,0.5862862445286202,11.813610961819961,51.3486797021154,0.013666666666666667,0.27675,1.8864844365675977,0.248705232054661,1.8766232679219033,1.7149858514250886,0.25625739558019395,0.028044767945339,0.02049260441980605,,,,,1
erdos_renyi,60,0.35,1.75,127,4.233333333333333,2.019625927960148,0.47707699085672783,1.0,11.0,254.0,1574.0,0.3098661522144188,12.49739342164482,49.072224489334744,0.014333333333333333,0.286,1.8862754528445613,0.24865222655885208,1.879888850917607,1.782307514498798,0.26117998469809794,0.0373477734411479,0.024820015301902032,,,,,2
erdos_renyi,60,0.35,1.75,134,4.466666666666667,1.9955506062794355,0.44676506110733627,1.0,9.0,268.0,1704.0,0.7013029763694193,11.279867859160731,51.82960170690469,0.007,0.2795,1.9128184816018596,0.2553973691659447,1.9214190273866738,1.7129717745688295,0.26649583177869124,0.02410263083405534,0.013004168221308787,,,,,3
erdos_renyi,60,0.35,1.75,118,3.933333333333333,1.8336363385966754,0.46617873015169714,1.0,9.0,236.0,1366.0,0.4003480063492594,10.50577699283457,47.32701285734573,0.006333333333333333,0.253,1.8813102156587285,0.24739337086602295,1.8720630976495591,1.913196829483453,0.2575899787215402,0.0056066291339770535,-0.004589978721540211,,,,,4
erdos_renyi,60,0.35,1.75,117,3.9,1.885912687975418,0.4835673558911328,1.0,8.0,234.0,1360.0,0.2710503491454593,10.260976191634935,44.69766179594603,0.014,0.3025,1.8694771603154654,0.24439726690410732,1.896440773204631,1.917412472118426,0.2637721063580398,0.05810273309589267,0.038727893641960165,,,,,5
erdos_renyi,60,0.35,1.75,133,4.433333333333334,1.8740923729160797,0.4227276029134014,1.0,8.0,266.0,1656.0,0.6712793377461754,10.575924357039739,50.65900805607932,0.012666666666666666,0.309,1.9258622964993712,0.2587209805284849,1.9384238419295456,1.7376201171422898,0.27230764145016456,0.050279019471515085,0.036692358549835435,,,,,6
erdos_renyi,60,0.35,1.75,113,3.7666666666666666,1.7451520150277897,0.4633146942551654,1.0,10.0,226.0,1260.0,0.34532381897531395,11.491682294285118,44.99383992063374,0.007,0.2455,1.8758449007609235,0.24600885734841,1.8782519583769444,1.9920476822239896,0.2546880273815707,-0.0005088573484099967,-0.009188027381570707,,,,,7
erdos_renyi,60,0.35,1.75,130,4.333333333333333,2.1421692017412837,0.4943467388633732,1.0,10.0,260.0,1662.0,0.23864711066922353,11.937775895919492,51.13007423661126,0.011666666666666667,0.26025,1.8790208480765593,0.2468132658940268,1.8588213739597366,1.7344807828399011,0.2559156554378495,0.01343673410597318,0.004334344562150483,,,,,8
erdos_renyi,60,0.35,1.75,135,4.5,1.970617500514327,0.43791500011429485,1.0,10.0,270.0,1718.0,0.4908463817263564,12.081051601227422,53.42478817269249,0.007333333333333333,0.2525,1.9192252329420203,0.25702914310980324,1.9240232960243753,1.7059779848373513,0.2654401967001055,-0.004529143109803235,-0.012940196700105489,,,,,9
erdos_renyi,60,0.35,1.75,132,4.4,2.0346989949375804,0.462431589758541,1.0,10.0,264.0,1674.0,0.49564792800639995,11.591829995010094,50.52945539400071,0.01633333333333333,0.30425,1.9010781070057803,0.2524107617442813,1.9216011092973195,1.7282528245507092,0.2681804799421082,0.051839238255718734,0.036069520057891824,,,,,10
erdos_renyi,60,0.35,1.75,127,4.233333333333333,1.9694894995629928,0.4652337400542503,1.0,11.0,254.0,1562.0,0.4561341213638505,12.648416262163117,49.60781497729559,0.012,0.268,1.893507206343608,0.250487418258404,1.8857542634514923,1.789140667411283,0.2564932066023203,0.017512581741596034,0.011506793397679738,,,,,11
erdos_renyi,60,0.35,1.75,121,4.033333333333333,1.622412469818394,0.4022510255748084,1.0,8.0,242.0,1376.0,0.4004400714100468,10.28896192491117,48.12183840051432,0.007,0.24475,1.9221173969005383,0.25776620494144553,1.9266049850379299,1.9062321291575586,0.26835727750391253,-0.013016204941445536,-0.023607277503912533,,,,,12
erdos_renyi,60,0.35,1.75,121,4.033333333333333,1.7123732718721763,0.42455535666252303,1.0,8.0,242.0,1394.0,0.5203987759523602,10.150033256624052,47.21664670948009,0.01,0.2755,1.909667423093896,0.25459531069291425,1.9054850936135663,1.8938850476964257,0.2649250271442355,0.020904689307085778,0.01057497285576453,,,,,13
erdos_renyi,60,0.35,1.75,136,4.533333333333333,1.9102065042525869,0.4213690818204236,1.0,10.0,272.0,1724.0,0.5118039484816788,11.763675001315406,53.19245291035151,0.008666666666666666,0.25925,1.93007432598882,0.2597953751387087,1.9039615556960299,1.7030067582254294,0.2603140175551065,-0.0005453751387087258,-0.0010640175551065445,,,,,14
erdos_renyi,60,0.35,1.75,125,4.166666666666667,1.7336538165261126,0.416076915966267,1.0,7.0,250.0,1472.0,0.5021535339761306,10.203018248748576,47.75179427535754,0.013333333333333334,0.30925,1.9198171374335566,0.25717996676888555,1.9193947776633211,1.8430244519362142,0.2709633355134272,0.052070033231114476,0.03828666448657281,,,,,15
erdos_renyi,60,0.35,1.75,142,4.733333333333333,2.096558025802185,0.44293479418356024,1.0,11.0,284.0,1892.0,0.5505503937537259,13.033467194607802,55.313444597567404,0.007666666666666666,0.28475,1.9236742625886343,0.2581630796444289,1.9466025632184318,2.03205027738236,0.27397328214314237,0.026586920355571086,0.010776717856857632,,,,,16
erdos_renyi,60,0.35,1.75,136,4.533333333333333,2.0204509947588987,0.44568771943211,1.0,10.0,272.0,1750.0,0.4888669014979573,11.830009644531652,53.17116487371188,0.007,0.26475,1.9156829773846378,0.2561267770404415,1.903921247339666,1.6903085094570334,0.26026773571469486,0.008623222959558474,0.0044822642853051264,,,,,17
erdos_renyi,60,0.35,1.75,118,3.933333333333333,1.6719914938645934,0.42508258318591363,1.0,9.0,236.0,1332.0,0.45644988086176386,10.344931510114268,45.37214361711512,0.013666666666666667,0.2885,1.9051696349681495,0.25345105100744014,1.9185704044344511,1.9374606457303218,0.26453668534306,0.035048948992559836,0.02396331465693996,,,,,18
erdos_renyi,60,0.35,1.75,150,5.0,1.7701224063135672,0.35402448126271346,1.0,9.0,300.0,1988.0,0.7164795717595395,11.12409612563881,57.27245377406643,0.014,0.305,1.9823796240485978,0.2731779260003169,1.984758479597456,1.9823796240485978,0.283142511968497,0.03182207399968312,0.021857488031503003,,,,,19
erdos_renyi,60,0.35,2.5,120,4.0,1.632993161855452,0.408248290463863,1.0,8.0,240.0,1360.0,0.43826668299721405,9.941309653154224,46.24085827408848,0.012333333333333333,0.68275,3.9130866777927062,0.681972002985501,3.9218911228177396,3.9130866777927062,0.6127392541155013,0.0007779970144989878,0.07001074588449863,,,,,0
erdos_renyi,60,0.35,2.5,139,4.633333333333334,2.250678909919306,0.48575803811208035,1.0,11.0,278.0,1870.0,0.5843492755411789,12.58736873345746,54.18864562347876,0.008333333333333333,0.64775,3.865464357283771,0.6751328579360331,3.868314789633566,3.337091531468003,0.5904691535315847,-0.02738285793603301,0.05728084646841536,,,,,1
erdos_renyi,60,0.35,2.5,130,4.333333333333333,2.0548046676563256,0.4741856925360752,1.0,10.0,260.0,1640.0,0.5138334265678116,11.820955732261673,50.396261790579025,0.011666666666666667,0.645,3.860371532740016,0.6743919434919559,3.8471571840317904,3.5634198763753995,0.5815744939430749,-0.02939194349195584,0.0634255060569251,,,,,2
erdos_renyi,60,0.35,2.5,108,3.6,1.7243356208503418,0.4789821169028727,1.0,9.0,216.0,1172.0,0.2699249588114965,10.819342666675027,43.08653970318379,0.007333333333333333,0.621,3.7937405423205353,0.6645264065716874,3.7768794732435547,3.161450451933779,0.5788815607242679,-0.04352640657168738,0.04211843927573211,,,,,3
erdos_renyi,60,0.35,2.5,124,4.133333333333334,2.124983660067897,0.5141089500164266,1.0,11.0,248.0,1544.0,0.4339529991502275,12.95408567177135,48.28038646404439,0.015333333333333332,0.63225,3.794946985239717,0.6647078978583952,3.7925751433739414,3.6725293405545645,0.5725766779046869,-0.03245789785839526,0.059673322095313064,,,,,4
erdos_renyi,60,0.35,2.5,121,4.033333333333333,1.7026123718829511,0.42213529881395484,1.0,8.0,242.0,1392.0,0.245023191511376,10.344442027524927,48.1131435297614,0.007666666666666666,0.63675,3.9000792207928283,0.6801198678670827,3.950764134633298,3.8678471611168543,0.6114462017331109,-0.043369867867082634,0.02530379826688911,,,,,5
erdos_renyi,60,0.35,2.5,137,4.566666666666666,2.027861489900684,0.44405726056219363,1.0,11.0,274.0,1772.0,0.6505557591007998,12.755569099835737,53.67165365959949,0.007,0.64925,3.913779773538488,0.6820703598430294,3.868857009349515,3.428128268792836,0.5979900164659434,-0.032820359843029445,0.051259983534056586,,,,,6
erdos_renyi,60,0.35,2.5,111,3.7,1.7156145643277028,0.4636796119804602,1.0,8.0,222.0,1220.0,0.20585027536371828,9.948751549245905,44.317659872592436,0.01,0.614,3.821648497017844,0.6686975966651687,3.8188080825943853,3.0986339165009547,0.5824862352539819,-0.05469759666516871,0.03151376474601808,,,,,7
erdos_renyi,60,0.35,2.5,120,4.0,1.632993161855452,0.408248290463863,1.0,8.0,240.0,1360.0,0.3848118432974468,10.268469755683531,47.33283920742971,0.007666666666666666,0.656,3.9130866777927062,0.681972002985501,3.881537416453002,3.9130866777927062,0.6094213043834916,-0.025972002985500953,0.0465786956165084,,,,,8
erdos_renyi,60,0.35,2.5,132,4.4,2.009975124224178,0.4568125282327677,1.0,10.0,264.0,1668.0,0.6648350943271311,12.287412756310841,51.344629254621985,0.010666666666666666,0.67775,3.88672294474943,0.67820566651943,3.897323098235111,3.533384495226754,0.5994647344649358,-0.00045566651943007574,0.07828526553506421,,,,,9
erdos_renyi,60,0.35,2.5,117,3.9,1.767295485574875,0.4531526886089423,1.0,8.0,234.0,1334.0,0.35993559991112495,10.097629525817094,45.0744689437411,0.010666666666666666,0.669,3.8522602823765677,0.6732080755815973,3.8204050531184537,3.95103618705289,0.5896542462686895,-0.004208075581597304,0.07934575373131059,,,,,10
erdos_renyi,60,0.35,2.5,139,4.633333333333334,1.9145640641032506,0.41321526563379507,1.0,11.0,278.0,1786.0,0.6238213564090962,12.626029118327695,54.00897033998699,0.007333333333333333,0.67625,3.955321127382033,0.6879043281950454,3.9716830672974615,3.4146657214808913,0.620758928446032,-0.011654328195045416,0.05549107155396804,,,,,11
erdos_renyi,60,0.35,2.5,134,4.466666666666667,1.9447936194419762,0.43540155659148716,1.0,9.0,268.0,1692.0,0.4260556156262934,11.161450633275592,51.767805787632604,0.015,0.67875,3.9175296768332863,0.6826019232842486,3.967814386118012,4.385294414365619,0.6095477413002978,-0.0038519232842486595,0.0692022586997022,,,,,12
erdos_renyi,60,0.35,2.5,131,4.366666666666666,1.8254375426790757,0.41803913191123876,1.0,9.0,262.0,1606.0,0.6902673634043653,11.168948351415455,51.57199502259544,0.006333333333333333,0.64925,3.9310285796988396,0.6845073107131917,3.9221012438021954,3.600942210411151,0.6117432698049202,-0.035257310713191714,0.037506730195079774,,,,,13
erdos_renyi,60,0.35,2.5,137,4.566666666666666,1.986342255391944,0.4349654573850973,1.0,10.0,274.0,1762.0,0.6090042856393315,11.46928019337653,53.155597306432746,0.010333333333333333,0.6575,3.924870132334254,0.6836396151529669,3.8793903415672424,3.437842451679639,0.5968831571088269,-0.026139615152966922,0.060616842891173084,,,,,14
erdos_renyi,60,0.35,2.5,134,4.466666666666667,1.7745108872274886,0.39727855684197505,1.0,9.0,268.0,1654.0,0.7661951679074012,11.050677817156927,52.36251803104344,0.010666666666666666,0.67025,3.9622759814785975,0.6888693699413688,3.9426124476899167,3.548306849085311,0.6176326762706652,-0.018619369941368813,0.05261732372933481,,,,,15
erdos_renyi,60,0.35,2.5,121,4.033333333333333,1.9576062480034697,0.4853569209925958,1.0,9.0,242.0,1448.0,0.34306625631899745,11.1988748569749,47.61776878874628,0.008333333333333333,0.63775,3.823919714962038,0.6690345697014352,3.889258177860254,3.7923170726896247,0.5899301039271702,-0.031284569701435117,0.04781989607282988,,,,,16
erdos_renyi,60,0.35,2.5,121,4.033333333333333,1.9661016137411502,0.487463210018467,1.0,10.0,242.0,1450.0,0.37295617512387924,11.743335435156615,46.784026359937535,0.011333333333333334,0.638,3.8212816189495373,0.6686431291574414,3.828782068408219,3.7897007791235082,0.5748457764835242,-0.030643129157441384,0.06315422351647582,,,,,17
erdos_renyi,60,0.35,2.5,110,3.6666666666666665,1.9379255804998177,0.5285251583181321,1.0,12.0,220.0,1252.0,0.48050247738438423,13.30849778185139,43.41651850372281,0.011,0.62225,3.7385069884148585,0.6561027516552633,3.7625523856358,4.078371260088937,0.5666545858298714,-0.03385275165526336,0.05559541417012859,,,,,18
erdos_renyi,60,0.35,2.5,115,3.8333333333333335,1.7336538165261126,0.45225751735463804,1.0,8.0,230.0,1292.0,0.236682551653669,10.330994827883252,45.605331115251424,0.011,0.625,3.8474612953627934,0.6725054267256813,3.863436623784843,4.014742221248132,0.590027034193487,-0.047505426725681255,0.03497296580651299,,,,,19
watts_strogatz,15,0.15,0.75,30,4.0,1.0327955589886444,0.2581988897471611,3.0,6.0,60.0,316.0,1.2128990291869468,8.09967383271392,3.0797838180472192,0.007666666666666666,0.617,3.97778642087865,0.6910095986612146,3.9521794207942436,3.97778642087865,0.655077860752837,-0.07400959866121459,-0.038077860752837034,,,,,0
watts_strogatz,15,0.15,0.75,30,4.0,0.6324555320336759,0.15811388300841897,3.0,5.0,60.0,306.0,0.9405102988291949,7.5159096747083325,3.0049868561080153,0.007333333333333333,0.657,4.0422604172722165,0.6997310013820693,4.038723439407104,4.0422604172722165,0.6858681367758416,-0.04273100138206931,-0.028868136775841546,,,,,1
watts_strogatz,15,0.15,0.75,30,4.0,0.7302967433402214,0.18257418583505536,3.0,6.0,60.0,308.0,0.5980542013636369,7.191016513625385,3.003878108868579,0.01,0.6455,4.029114820126901,0.6979755060223981,4.039943066205992,4.029114820126901,0.6834575580936082,-0.052475506022398144,-0.037957558093608235,,,,,2
watts_strogatz,15,0.15,0.75,30,4.0,0.8944271909999159,0.22360679774997896,2.0,5.0,60.0,312.0,0.9002196240517644,7.414720261637135,3.1128824940243143,0.007,0.61425,4.003203845127179,0.6944813452297163,4.00945885113519,4.003203845127179,0.6691272826211364,-0.08023134522971631,-0.05487728262113645,,,,,3
watts_strogatz,15,0.15,0.75,30,4.0,0.7302967433402214,0.18257418583505536,2.0,5.0,60.0,308.0,0.8452840802960802,6.897819583276079,3.005288187867473,0.013333333333333334,0.6555,4.029114820126901,0.6979755060223981,4.016272016637746,4.029114820126901,0.6777550538510345,-0.042475506022398135,-0.022255053851034545,,,,,4
watts_strogatz,15,0.15,0.75,30,4.0,0.9660917830792959,0.24152294576982397,3.0,6.0,60.0,314.0,0.9660396514764832,7.680453558060516,3.09760035063827,0.005666666666666667,0.618,3.9904344223381107,0.69274267230246,4.002405725605125,3.9904344223381107,0.665265912674699,-0.07474267230246001,-0.04726591267469904,,,,,5
watts_strogatz,15,0.15,0.75,30,4.0,0.816496580927726,0.2041241452319315,2.0,5.0,60.0,310.0,0.9297660234141102,7.327793505670805,3.0764444769884434,0.013,0.62725,4.016096644512494,0.696225621816455,4.022371795519545,4.016096644512494,0.674884261874395,-0.068975621816455,-0.04763426187439501,,,,,6
watts_strogatz,15,0.15,0.75,30,4.0,1.2110601416389966,0.30276503540974914,2.0,7.0,60.0,322.0,0.6170018869137784,8.572994748124724,2.9625391574946542,0.015333333333333332,0.645,3.9405520311955033,0.6858439237454511,3.9484331352578943,3.9405520311955033,0.6461477571178814,-0.040843923745451094,-0.0011477571178813983,,,,,7
watts_strogatz,15,0.15,0.75,30,4.0,1.1547005383792515,0.28867513459481287,2.0,6.0,60.0,320.0,1.0205493045906378,7.776463674006324,3.0210372363230893,0.010666666666666666,0.61125,3.9528470752104736,0.6875602297409171,3.9572940281700855,3.9528470752104736,0.6457569195202519,-0.07631022974091717,-0.03450691952025198,,,,,8
watts_strogatz,15,0.15,0.75,30,4.0,1.1547005383792515,0.28867513459481287,2.0,6.0,60.0,320.0,0.8574036755407872,8.428121338286948,3.0041272870257223,0.011333333333333334,0.62425,3.9528470752104736,0.6875602297409171,3.967423198800312,3.9528470752104736,0.6490203212473302,-0.06331022974091716,-0.02477032124733025,,,,,9
watts_strogatz,15,0.15,0.75,30,4.0,0.7302967433402214,0.18257418583505536,3.0,5.0,60.0,308.0,0.84395303303061,7.196733333767301,3.096433239376335,0.006333333333333333,0.61925,4.029114820126901,0.6979755060223981,4.050015853256309,4.029114820126901,0.6828719682393619,-0.07872550602239814,-0.06362196823936195,,,,,10
watts_strogatz,15,0.15,0.75,30,4.0,0.6324555320336759,0.15811388300841897,3.0,5.0,60.0,306.0,0.7357930315712964,7.029280362041849,2.949804547810515,0.010333333333333333,0.6755,4.0422604172722165,0.6997310013820693,4.0420077759961375,4.0422604172722165,0.6862604714619357,-0.02423100138206935,-0.010760471461935706,,,,,11
watts_strogatz,15,0.15,0.75,30,4.0,1.0954451150103321,0.27386127875258304,3.0,6.0,60.0,318.0,0.8354144795274657,8.08768151896177,3.0852396708950867,0.007666666666666666,0.6,3.9652579285907206,0.6892821195299351,3.9677362147960893,3.9652579285907206,0.6530738272035539,-0.08928211952993514,-0.053073827203553914,,,,,12
watts_strogatz,15,0.15,0.75,30,4.0,1.1547005383792515,0.28867513459481287,2.0,6.0,60.0,320.0,0.9234365899281417,7.8499544033425925,3.0559790670172218,0.008,0.60625,3.9528470752104736,0.6875602297409171,3.954082339921477,3.9528470752104736,0.6455054637620424,-0.08131022974091717,-0.039255463762042475,,,,,13
watts_strogatz,15,0.15,0.75,30,4.0,0.6324555320336759,0.15811388300841897,3.0,5.0,60.0,306.0,0.653303931191845,7.416102944473836,3.0151626641623546,0.008333333333333333,0.66575,4.0422604172722165,0.6997310013820693,4.054387198524034,4.0422604172722165,0.6875996582907766,-0.03398100138206939,-0.021849658290776675,,,,,14
watts_strogatz,15,0.15,0.75,30,4.0,0.9660917830792959,0.24152294576982397,3.0,6.0,60.0,314.0,1.0759219410720215,7.866792430892514,3.1335475899604215,0.006666666666666667,0.58125,3.9904344223381107,0.69274267230246,3.9874415965213577,3.9904344223381107,0.664570326945129,-0.11149267230245996,-0.08332032694512892,,,,,15
watts_strogatz,15,0.15,0.75,30,4.0,0.6324555320336759,0.15811388300841897,3.0,5.0,60.0,306.0,1.0230232041887226,7.0835565036895325,2.9221957585413727,0.014333333333333333,0.6775,4.0422604172722165,0.6997310013820693,4.04579739513733,4.0422604172722165,0.6864197191898249,-0.02223100138206935,-0.008919719189824926,,,,,16
watts_strogatz,15,0.15,0.75,30,4.0,0.8944271909999159,0.22360679774997896,2.0,5.0,60.0,312.0,0.5923251601940247,7.1602875351063995,3.0560435777790724,0.007666666666666666,0.628,4.003203845127179,0.6944813452297163,4.005956047770703,4.003203845127179,0.6679368442090491,-0.06648134522971627,-0.03993684420904908,,,,,17
watts_strogatz,15,0.15,0.75,30,4.0,0.816496580927726,0.2041241452319315,2.0,6.0,60.0,310.0,1.1449793059325815,7.547264222665398,3.0412533194560716,0.008,0.6425,4.016096644512494,0.696225621816455,4.04772340558803,4.016096644512494,0.679090053946233,-0.053725621816455016,-0.03659005394623305,,,,,18
watts_strogatz,15,0.15,0.75,30,4.0,0.6324555320336759,0.15811388300841897,3.0,5.0,60.0,306.0,0.786084388392848,7.334576048634258,3.001861974168405,0.011333333333333334,0.651,4.0422604172722165,0.6997310013820693,4.0409972108918195,4.0422604172722165,0.6858527705276833,-0.04873100138206932,-0.03485277052768332,,,,,19
watts_strogatz,15,0.15,1.25,30,4.0,0.816496580927726,0.2041241452319315,3.0,6.0,60.0,310.0,1.0059001258375098,7.823921526319557,3.1450451546268923,0.008,0.99825,11.155824012534707,0.9691002131484429,11.12444825749945,11.155824012534707,0.963492189229203,0.029149786851557113,0.03475781077079698,,,,,0
watts_strogatz,15,0.15,1.25,30,4.0,0.7302967433402214,0.18257418583505536,3.0,5.0,60.0,308.0,0.9499658997938056,7.025017773333603,3.0575045333331308,0.006666666666666667,0.99775,11.191985611463615,0.9693474156885408,11.241650047614485,11.191985611463615,0.9647787055507465,0.028402584311459256,0.03297129444925351,,,,,1
watts_strogatz,15,0.15,1.25,30,4.0,0.8944271909999159,0.22360679774997896,2.0,5.0,60.0,312.0,1.0076581373922553,7.631876584919198,3.064134710219098,0.007,0.99225,11.12001068090883,0.9688526894080576,11.101245662884796,11.12001068090883,0.9582828783815991,0.02339731059194239,0.033967121618400875,,,,,2
watts_strogatz,15,0.15,1.25,30,4.0,0.9660917830792959,0.24152294576982397,3.0,6.0,60.0,314.0,0.940697370159132,7.525419484925263,3.0896449520923897,0.007333333333333333,0.998,11.084540062050309,0.9686048471200815,11.099781304635627,11.084540062050309,0.9608993303239902,0.02939515287991845,0.03710066967600978,,,,,3
watts_strogatz,15,0.15,1.25,30,4.0,0.5163977794943222,0.12909944487358055,3.0,5.0,60.0,304.0,0.8393841998486258,7.045181658035773,2.9671501843206523,0.008333333333333333,0.99875,11.265376467414068,0.9698408464216182,11.248478402712944,11.265376467414068,0.9672519499310842,0.028909153578381863,0.03149805006891582,,,,,4
watts_strogatz,15,0.15,1.25,30,4.0,0.816496580927726,0.2041241452319315,3.0,6.0,60.0,310.0,0.9828693696645315,7.784147484223411,3.1488874205744004,0.007666666666666666,0.99825,11.155824012534707,0.9691002131484429,11.212300371598165,11.155824012534707,0.9641791624169532,0.029149786851557113,0.03407083758304674,,,,,5
watts_strogatz,15,0.15,1.25,30,4.0,0.6324555320336759,0.15811388300841897,3.0,5.0,60.0,306.0,1.2092229173894884,7.0379244830470755,2.925982416568418,0.011,0.9985,11.228501159089491,0.9695942943486516,11.227799377767049,11.228501159089491,0.966030903024203,0.028905705651348423,0.03246909697579703,,,,,6
watts_strogatz,15,0.15,1.25,30,4.0,0.8944271909999159,0.22360679774997896,2.0,6.0,60.0,312.0,0.5658418984843344,7.873306106777781,3.0092869189551323,0.01,0.99525,11.12001068090883,0.9688526894080576,11.089430651536329,11.12001068090883,0.9582766941833348,0.02639731059194239,0.036973305816665136,,,,,7
watts_strogatz,15,0.15,1.25,30,4.0,0.816496580927726,0.2041241452319315,3.0,5.0,60.0,310.0,1.2129124765657746,7.1873709484198685,2.932306175631596,0.011666666666666667,0.9985,11.155824012534707,0.9691002131484429,11.203236264587979,11.155824012534707,0.9632874383905489,0.029399786851557197,0.03521256160945119,,,,,8
watts_strogatz,15,0.15,1.25,30,4.0,0.6324555320336759,0.15811388300841897,3.0,5.0,60.0,306.0,1.0295256756175712,6.982872781936857,3.005998876945147,0.006333333333333333,0.9985,11.228501159089491,0.9695942943486516,11.208851282061085,11.228501159089491,0.9658527627303347,0.028905705651348423,0.03264723726966534,,,,,9
watts_strogatz,15,0.15,1.25,30,4.0,0.8944271909999159,0.22360679774997896,2.0,6.0,60.0,312.0,0.7006897098585045,7.367266052112674,2.9687527331455468,0.012,0.99525,11.12001068090883,0.9688526894080576,11.116535677571045,11.12001068090883,0.9589835594304875,0.02639731059194239,0.03626644056951245,,,,,10
watts_strogatz,15,0.15,1.25,30,4.0,0.6324555320336759,0.15811388300841897,3.0,5.0,60.0,306.0,0.8141696155087422,7.08324828339848,2.9665376725329,0.011333333333333334,0.998,11.228501159089491,0.9695942943486516,11.175867559906258,11.228501159089491,0.9656276709498407,0.028405705651348367,0.0323723290501593,,,,,11
watts_strogatz,15,0.15,1.25,30,4.0,0.6324555320336759,0.15811388300841897,3.0,5.0,60.0,306.0,1.0852080893982525,7.176532569883243,3.0136503398244763,0.01,0.999,11.228501159089491,0.9695942943486516,11.216570876607959,11.228501159089491,0.9660285818009654,0.02940570565134837,0.0329714181990346,,,,,12
watts_strogatz,15,0.15,1.25,30,4.0,0.9660917830792959,0.24152294576982397,2.0,6.0,60.0,314.0,1.1779232706375278,7.583655320400263,3.030528815029482,0.009,0.99375,11.084540062050309,0.9686048471200815,11.108094709682165,11.084540062050309,0.9576043913208657,0.025145152879918475,0.0361456086791343,,,,,13
watts_strogatz,15,0.15,1.25,30,4.0,0.816496580927726,0.2041241452319315,3.0,6.0,60.0,310.0,1.145276925700224,7.998055472915949,3.033821869732933,0.010333333333333333,0.998,11.155824012534707,0.9691002131484429,11.143273710520605,11.155824012534707,0.9637467796879746,0.02889978685155714,0.03425322031202538,,,,,14
watts_strogatz,15,0.15,1.25,30,4.0,0.8944271909999159,0.22360679774997896,2.0,5.0,60.0,312.0,0.8070260094595009,7.12390547168914,2.9196749917224905,0.013,0.99575,11.12001068090883,0.9688526894080576,11.161710720962237,11.12001068090883,0.9589260753623544,0.026897310591942447,0.03682392463764561,,,,,15
watts_strogatz,15,0.15,1.25,30,4.0,0.8944271909999159,0.22360679774997896,2.0,5.0,60.0,312.0,1.0913514110905145,7.394099654967898,3.023850723952963,0.009333333333333334,0.9945,11.12001068090883,0.9688526894080576,11.06163062483406,11.12001068090883,0.9581212002353168,0.025647310591942474,0.03637879976468328,,,,,16
watts_strogatz,15,0.15,1.25,30,4.0,0.6324555320336759,0.15811388300841897,3.0,5.0,60.0,306.0,0.91552712645896,6.946036766940369,3.190978033534936,0.0036666666666666666,0.997,11.228501159089491,0.9695942943486516,11.208149500738644,11.228501159089491,0.9657681885685229,0.027405705651348367,0.03123181143147713,,,,,17
watts_strogatz,15,0.15,1.25,30,4.0,0.7302967433402214,0.18257418583505536,3.0,5.0,60.0,308.0,0.9926583751151054,7.578709913458546,2.9298840252000087,0.011,0.99825,11.191985611463615,0.9693474156885408,11.184291121355734,11.191985611463615,0.9644917804224077,0.0289025843114592,0.033758219577592286,,,,,18
watts_strogatz,15,0.15,1.25,30,4.0,0.8944271909999159,0.22360679774997896,2.0,5.0,60.0,312.0,1.2550201038724214,7.1074691880476175,2.984712126130302,0.007666666666666666,0.995,11.12001068090883,0.9688526894080576,11.093600655541671,11.12001068090883,0.9577980927979443,0.02614731059194242,0.03720190720205574,,,,,19
watts_strogatz,15,0.15,1.75,30,4.0,0.8944271909999159,0.22360679774997896,2.0,6.0,60.0,312.0,0.9115300754051882,7.637663399706648,3.1292960252990856,0.009333333333333334,1.0,21.795220934581305,0.9942947759264213,21.78977212934766,21.795220934581305,0.9922538192194732,0.005705224073578652,0.007746180780526801,,,,,0
watts_strogatz,15,0.15,1.75,30,4.0,0.6324555320336759,0.15811388300841897,3.0,5.0,60.0,306.0,1.0929170761884375,7.201334962166246,2.9499451593324673,0.012,1.0,22.0078622718154,0.9944340950461704,21.98035244397563,22.0078622718154,0.9937210823545857,0.005565904953829581,0.006278917645414328,,,,,1
watts_strogatz,15,0.15,1.75,30,4.0,0.816496580927726,0.2041241452319315,3.0,5.0,60.0,310.0,1.2673037920572188,7.375537973395735,2.9839268489930366,0.012333333333333333,1.0,21.865415064568023,0.9943412955078949,21.86951482989263,21.865415064568023,0.9931445663387098,0.005658704492105149,0.006855433661290156,,,,,2
watts_strogatz,15,0.15,1.75,30,4.0,0.7302967433402214,0.18257418583505536,3.0,5.0,60.0,308.0,0.6614056765328893,7.140507190593817,2.9143662952861873,0.011333333333333334,1.0,21.936291798468684,0.9943877353530014,22.014439838000726,21.936291798468684,0.9935030394067252,0.005612264646998599,0.006496960593274759,,,,,3
watts_strogatz,15,0.15,1.75,30,4.0,0.8944271909999159,0.22360679774997896,3.0,6.0,60.0,312.0,0.8106539554298153,7.896202866043427,3.0371208793171,0.009,1.0,21.795220934581305,0.9942947759264213,21.74754388878691,21.795220934581305,0.9929495102154917,0.005705224073578652,0.007050489784508285,,,,,4
watts_strogatz,15,0.15,1.75,30,4.0,0.5163977794943222,0.12909944487358055,3.0,5.0,60.0,304.0,0.7043418119811624,6.9430674244835355,3.03417978568828,0.008666666666666666,1.0,22.080137876131573,0.9944803741673125,22.0097574366514,22.080137876131573,0.993944391499433,0.0055196258326875025,0.006055608500566967,,,,,5
watts_strogatz,15,0.15,1.75,30,4.0,1.2110601416389966,0.30276503540974914,2.0,7.0,60.0,322.0,1.3247585314089692,8.576909237790725,2.9892238058380376,0.015,1.0,21.45411661428663,0.994060996211887,21.447412202844667,21.45411661428663,0.9909378650471715,0.005939003788112962,0.009062134952828482,,,,,6
watts_strogatz,15,0.15,1.75,30,4.0,0.5163977794943222,0.12909944487358055,3.0,5.0,60.0,304.0,0.7461302649368692,6.8671625535033245,3.014083346891616,0.009333333333333334,1.0,22.080137876131573,0.9944803741673125,22.049777686551895,22.080137876131573,0.994006979820359,0.0055196258326875025,0.005993020179640984,,,,,7
watts_strogatz,15,0.15,1.75,30,4.0,0.816496580927726,0.2041241452319315,3.0,5.0,60.0,310.0,0.9596833647236341,7.362242220520706,2.928173109197314,0.011666666666666667,1.0,21.865415064568023,0.9943412955078949,21.831250353529636,21.865415064568023,0.9931210189041297,0.005658704492105149,0.006878981095870262,,,,,8
watts_strogatz,15,0.15,1.75,30,4.0,0.7302967433402214,0.18257418583505536,3.0,5.0,60.0,308.0,0.6394544938103304,7.242339750556684,3.075730283546803,0.008,1.0,21.936291798468684,0.9943877353530014,22.013068819763326,21.936291798468684,0.9935042333608544,0.005612264646998599,0.006495766639145639,,,,,9
watts_strogatz,15,0.15,1.75,30,4.0,1.0954451150103321,0.27386127875258304,2.0,6.0,60.0,318.0,0.6437592721751839,8.325857599104713,2.9932620532662435,0.012,1.0,21.588626500105036,0.9941547428533473,21.722206126574434,21.588626500105036,0.9915016751033627,0.005845257146652738,0.008498324896637266,,,,,10
watts_strogatz,15,0.15,1.75,30,4.0,0.8944271909999159,0.22360679774997896,3.0,6.0,60.0,312.0,1.1699835305181896,7.473364781813353,2.8151968747377913,0.02,1.0,21.795220934581305,0.9942947759264213,21.75707929794579,21.795220934581305,0.9929538898984979,0.005705224073578652,0.007046110101502134,,,,,11
watts_strogatz,15,0.15,1.75,30,4.0,0.816496580927726,0.2041241452319315,2.0,5.0,60.0,310.0,0.7306560552546708,7.00438481779711,3.052186857571032,0.012,1.0,21.865415064568023,0.9943412955078949,21.73968892794676,21.865415064568023,0.9921986857800846,0.005658704492105149,0.007801314219915367,,,,,12
watts_strogatz,15,0.15,1.75,30,4.0,0.816496580927726,0.2041241452319315,3.0,6.0,60.0,310.0,1.524294192252627,7.343486686785385,3.0066801530787224,0.009333333333333334,1.0,21.865415064568023,0.9943412955078949,21.922811779112518,21.865415064568023,0.9933135068441563,0.005658704492105149,0.006686493155843687,,,,,13
watts_strogatz,15,0.15,1.75,30,4.0,1.1547005383792515,0.28867513459481287,2.0,6.0,60.0,320.0,0.9394685146352889,7.9629699530123,3.0259680524872445,0.010666666666666666,1.0,21.521056298368137,0.9941079083944294,21.449767799379792,21.521056298368137,0.9911353647658426,0.005892091605570582,0.00886463523415737,,,,,14
watts_strogatz,15,0.15,1.75,30,4.0,0.7302967433402214,0.18257418583505536,3.0,5.0,60.0,308.0,0.8614560172142238,7.057971850734111,3.1701678817885797,0.005333333333333333,1.0,21.936291798468684,0.9943877353530014,21.89104819663434,21.936291798468684,0.993379744744582,0.005612264646998599,0.006620255255417984,,,,,15
watts_strogatz,15,0.15,1.75,30,4.0,0.816496580927726,0.2041241452319315,3.0,5.0,60.0,310.0,1.001622580422306,7.151746070897947,2.9893223864495924,0.013666666666666667,1.0,21.865415064568023,0.9943412955078949,21.937844251969405,21.865415064568023,0.9932179653557387,0.005658704492105149,0.006782034644261303,,,,,16
watts_strogatz,15,0.15,1.75,30,4.0,0.5163977794943222,0.12909944487358055,3.0,5.0,60.0,304.0,1.5360613041771216,7.3295316235601495,2.939677630460124,0.014333333333333333,1.0,22.080137876131573,0.9944803741673125,22.055297721020924,22.080137876131573,0.994011148381883,0.0055196258326875025,0.005988851618117019,,,,,17
watts_strogatz,15,0.15,1.75,30,4.0,0.7302967433402214,0.18257418583505536,3.0,5.0,60.0,308.0,0.8916895119086696,7.116494537967318,3.0762710375595654,0.010333333333333333,1.0,21.936291798468684,0.9943877353530014,21.923952634332043,21.936291798468684,0.9934322130800098,0.005612264646998599,0.0065677869199901595,,,,,18
watts_strogatz,15,0.15,1.75,30,4.0,0.7302967433402214,0.18257418583505536,3.0,6.0,60.0,308.0,0.9609108213133479,7.920895298816403,2.9689983749374242,0.013333333333333334,1.0,21.936291798468684,0.9943877353530014,22.000729655626685,21.936291798468684,0.9936484301850715,0.005612264646998599,0.006351569814928459,,,,,19
watts_strogatz,15,0.15,2.5,30,4.0,0.816496580927726,0.2041241452319315,3.0,5.0,60.0,310.0,0.9813832520369814,7.704027073582392,2.9333575311049946,0.010666666666666666,1.0,44.623296050138826,0.9990849550749532,44.503370942004075,44.623296050138826,0.9988786111161685,0.0009150449250467929,0.001121388883831509,,,,,0
watts_strogatz,15,0.15,2.5,30,4.0,0.6324555320336759,0.15811388300841897,3.0,5.0,60.0,306.0,1.1047483777256408,7.448779647919905,3.0250458924069106,0.011333333333333334,1.0,44.914004636357966,0.9991000317017283,44.97856851802274,44.914004636357966,0.9989855298371119,0.0008999682982716584,0.001014470162888137,,,,,1
watts_strogatz,15,0.15,2.5,30,4.0,0.7302967433402214,0.18257418583505536,3.0,5.0,60.0,308.0,1.033134402508991,7.030659159296763,3.1985453513722897,0.006,1.0,44.76794244585446,0.9990925001941333,44.75395246384013,44.76794244585446,0.9989324237727641,0.000907499805866685,0.0010675762272358558,,,,,2
watts_strogatz,15,0.15,2.5,30,4.0,0.816496580927726,0.2041241452319315,2.0,5.0,60.0,310.0,0.48485159969093183,7.001258007327258,3.031577337215343,0.005666666666666667,1.0,44.623296050138826,0.9990849550749532,44.42528017391634,44.623296050138826,0.9987601148801681,0.0009150449250467929,0.0012398851198318628,,,,,3
watts_strogatz,15,0.15,2.5,30,4.0,0.8944271909999159,0.22360679774997896,3.0,6.0,60.0,312.0,1.0178958217469507,7.788074159249721,2.936523397205053,0.011333333333333334,1.0,44.48004272363532,0.999077396408585,44.72468295861532,44.48004272363532,0.9988788948010144,0.0009226035914150499,0.0011211051989855614,,,,,4
watts_strogatz,15,0.15,2.5,30,4.0,0.7302967433402214,0.18257418583505536,3.0,5.0,60.0,308.0,1.1181703862717205,7.12444612521178,3.0095999003066165,0.011,1.0,44.76794244585446,0.9990925001941333,44.8378923559261,44.76794244585446,0.9989401176332223,0.000907499805866685,0.0010598823667776758,,,,,5
watts_strogatz,15,0.15,2.5,30,4.0,0.8944271909999159,0.22360679774997896,2.0,5.0,60.0,312.0,0.9792019086099466,7.7101561646016625,2.947854589545246,0.013,1.0,44.48004272363532,0.999077396408585,44.69410292924282,44.48004272363532,0.9987117545314935,0.0009226035914150499,0.001288245468506477,,,,,6
watts_strogatz,15,0.15,2.5,30,4.0,0.816496580927726,0.2041241452319315,3.0,6.0,60.0,310.0,1.0255435327996698,7.573792578125881,2.9581074017488653,0.014,1.0,44.623296050138826,0.9990849550749532,44.83804566238012,44.623296050138826,0.9989236970672812,0.0009150449250467929,0.0010763029327187645,,,,,7
watts_strogatz,15,0.15,2.5,30,4.0,1.0954451150103321,0.27386127875258304,2.0,7.0,60.0,318.0,1.135187020029519,8.543573201543138,3.11277272357911,0.009,1.0,44.058421428785785,0.9990546397598062,43.7279832680699,44.058421428785785,0.9985971183287727,0.00094536024019376,0.001402881671227263,,,,,8
watts_strogatz,15,0.15,2.5,30,4.0,1.1547005383792515,0.28867513459481287,2.0,6.0,60.0,320.0,1.1847391398721998,7.969465396316092,3.0165904231640654,0.012,1.0,43.92052305789415,0.9990470275347161,43.492297958079675,43.92052305789415,0.9985074780801249,0.0009529724652839189,0.001492521919875145,,,,,9
watts_strogatz,15,0.15,2.5,30,4.0,0.9660917830792959,0.24152294576982397,3.0,6.0,60.0,314.0,0.8721951936060874,7.542003703343628,2.876497782827979,0.014,1.0,44.338160248201234,0.9990698242587203,44.31044889804611,44.338160248201234,0.9988134758914835,0.0009301757412797373,0.0011865241085164957,,,,,10
watts_strogatz,15,0.15,2.5,30,4.0,0.8944271909999159,0.22360679774997896,2.0,5.0,60.0,312.0,0.7981387743302436,7.137429832647566,2.980086088908078,0.009,1.0,44.48004272363532,0.999077396408585,44.510622753007816,44.48004272363532,0.998720420732901,0.0009226035914150499,0.0012795792670989847,,,,,11
watts_strogatz,15,0.15,2.5,30,4.0,0.9660917830792959,0.24152294576982397,2.0,6.0,60.0,314.0,0.7445102756465901,7.675043291806346,3.0007843973958694,0.014,1.0,44.338160248201234,0.9990698242587203,44.53491083430263,44.338160248201234,0.9987128265858753,0.0009301757412797373,0.0012871734141246538,,,,,12
watts_strogatz,15,0.15,2.5,30,4.0,0.816496580927726,0.2041241452319315,3.0,5.0,60.0,310.0,0.934931194511494,7.334281383397806,3.021953634763533,0.007,1.0,44.623296050138826,0.9990849550749532,44.612140226126286,44.623296050138826,0.9988902470320455,0.0009150449250467929,0.0011097529679544582,,,,,13
watts_strogatz,15,0.15,2.5,30,4.0,0.7302967433402214,0.18257418583505536,3.0,5.0,60.0,308.0,1.3300217107980334,7.136077843917052,2.880938388237029,0.017,1.0,44.76794244585446,0.9990925001941333,44.79312441348025,44.76794244585446,0.9989367635953683,0.000907499805866685,0.0010632364046316845,,,,,14
watts_strogatz,15,0.15,2.5,30,4.0,0.7302967433402214,0.18257418583505536,2.0,5.0,60.0,308.0,0.9054721578365497,7.23295371526303,3.023897596095999,0.009333333333333334,1.0,44.76794244585446,0.9990925001941333,44.52451675880513,44.76794244585446,0.998773989548686,0.000907499805866685,0.0012260104513139858,,,,,15
watts_strogatz,15,0.15,2.5,30,4.0,1.0954451150103321,0.27386127875258304,2.0,6.0,60.0,318.0,1.231206766996704,7.670721738591959,3.0033406672122305,0.009666666666666667,1.0,44.058421428785785,0.9990546397598062,44.14378462030406,44.058421428785785,0.9986177762099941,0.00094536024019376,0.0013822237900058543,,,,,16
watts_strogatz,15,0.15,2.5,30,4.0,0.8944271909999159,0.22360679774997896,3.0,6.0,60.0,312.0,0.9331985099819099,7.7983314907160235,2.944288907144895,0.014333333333333333,1.0,44.48004272363532,0.999077396408585,44.43000267557123,44.48004272363532,0.9988605160890022,0.0009226035914150499,0.0011394839109978294,,,,,17
watts_strogatz,15,0.15,2.5,30,4.0,0.5163977794943222,0.12909944487358055,3.0,5.0,60.0,304.0,0.942268783723238,7.099743403315948,2.890270452140974,0.011333333333333334,1.0,45.06150586965627,0.9991075495326214,45.1685269460967,45.06150586965627,0.9990388024725545,0.0008924504673786249,0.0009611975274455009,,,,,18
watts_strogatz,15,0.15,2.5,30,4.0,1.1547005383792515,0.28867513459481287,2.0,6.0,60.0,320.0,0.9742480686052463,7.975091288814483,3.128618206893658,0.008,1.0,43.92052305789415,0.9990470275347161,43.747585998353685,43.92052305789415,0.9983813736597738,0.0009529724652839189,0.001618626340226248,,,,,19
watts_strogatz,15,0.25,0.75,30,4.0,0.6324555320336759,0.15811388300841897,3.0,5.0,60.0,306.0,0.9447834316793149,6.953829970081401,8.456638981742605,0.009,0.14025,1.455213750217998,0.14551584615395907,1.4542132907647232,1.455213750217998,0.1483815119026015,-0.005265846153959058,-0.008131511902601474,,,,,0
watts_strogatz,15,0.25,0.75,30,4.0,0.7302967433402214,0.18257418583505536,3.0,5.0,60.0,308.0,1.0442545719003764,7.552134039932707,8.174164564451617,0.013333333333333334,0.16225,1.4504813352456845,0.1444817379624369,1.4500280598284199,1.4504813352456845,0.1486777798858176,0.0177682620375631,0.01357222011418241,,,,,1
watts_strogatz,15,0.25,0.75,30,4.0,0.8944271909999159,0.22360679774997896,3.0,6.0,60.0,312.0,0.9984488285370923,7.687997723703882,8.299766498671504,0.011666666666666667,0.1605,1.4411533842457842,0.14245154837915688,1.4451165560524601,1.4411533842457842,0.14908126685927606,0.01804845162084312,0.011418733140723947,,,,,2
watts_strogatz,15,0.25,0.75,30,4.0,0.816496580927726,0.2041241452319315,3.0,6.0,60.0,310.0,0.960650459968976,7.466875038581893,8.158507856082021,0.010666666666666666,0.166,1.445794792024498,0.14346037900378028,1.440192337205403,1.445794792024498,0.14698725774609647,0.022539620996219728,0.019012742253903536,,,,,3
watts_strogatz,15,0.25,0.75,30,4.0,0.816496580927726,0.2041241452319315,3.0,6.0,60.0,310.0,1.070596772772829,7.72269728955837,8.376989684320838,0.011333333333333334,0.1455,1.445794792024498,0.14346037900378028,1.4448008081049808,1.445794792024498,0.14812938139254245,0.00203962099621971,-0.002629381392542457,,,,,4
watts_strogatz,15,0.25,0.75,30,4.0,0.6324555320336759,0.15811388300841897,3.0,5.0,60.0,306.0,0.8847622734051395,7.208511611023858,8.436491972547536,0.01,0.14625,1.455213750217998,0.14551584615395907,1.4548499467804432,1.455213750217998,0.14869666964246717,0.0007341538460409192,-0.0024466696424671752,,,,,5
watts_strogatz,15,0.25,0.75,30,4.0,0.5163977794943222,0.12909944487358055,3.0,5.0,60.0,304.0,0.6929140805319002,6.900955298406707,8.15743557040504,0.008666666666666666,0.165,1.459992790176863,0.14656292949628133,1.457164054145895,1.459992790176863,0.1480910638258868,0.018437070503718678,0.01690893617411321,,,,,6
watts_strogatz,15,0.25,0.75,30,4.0,0.7302967433402214,0.18257418583505536,2.0,5.0,60.0,308.0,0.7980427820738343,7.436155873004609,8.361764074814545,0.011333333333333334,0.1535,1.4504813352456845,0.1444817379624369,1.4463112014068527,1.4504813352456845,0.14830101520120884,0.00901826203756309,0.005198984798791162,,,,,7
watts_strogatz,15,0.25,0.75,30,4.0,0.5163977794943222,0.12909944487358055,3.0,5.0,60.0,304.0,0.9448602792209082,7.032957381198588,8.143154153644371,0.011,0.17725,1.459992790176863,0.14656292949628133,1.460175289275635,1.459992790176863,0.1487856928200158,0.03068707050371866,0.02846430717998419,,,,,8
watts_strogatz,15,0.25,0.75,30,4.0,0.6324555320336759,0.15811388300841897,3.0,5.0,60.0,306.0,0.9717537600299794,7.16533387270802,8.60366042735922,0.010666666666666666,0.12925,1.455213750217998,0.14551584615395907,1.4468462711542442,1.455213750217998,0.1468890156540042,-0.016265846153959068,-0.017639015654004192,,,,,9
watts_strogatz,15,0.25,0.75,30,4.0,0.8944271909999159,0.22360679774997896,3.0,6.0,60.0,312.0,1.1245848329362247,7.8916964041518005,8.413468384927953,0.007,0.159,1.4411533842457842,0.14245154837915688,1.4348483381897088,1.4411533842457842,0.14677794096160335,0.01654845162084312,0.012222059038396654,,,,,10
watts_strogatz,15,0.25,0.75,30,4.0,1.0954451150103321,0.27386127875258304,3.0,7.0,60.0,318.0,1.1096729501207427,8.537880920657066,8.649820244234013,0.009666666666666667,0.135,1.4274928542926595,0.13949809001200134,1.4352548466878756,1.4274928542926595,0.14806667878313173,-0.004498090012001327,-0.013066678783131724,,,,,11
watts_strogatz,15,0.25,0.75,30,4.0,0.5163977794943222,0.12909944487358055,3.0,5.0,60.0,304.0,0.6788962719201528,7.024889174320439,8.155338134948689,0.016,0.1675,1.459992790176863,0.14656292949628133,1.4610877847694954,1.459992790176863,0.14894216152722123,0.02093707050371868,0.01855783847277878,,,,,12
watts_strogatz,15,0.25,0.75,30,4.0,1.0954451150103321,0.27386127875258304,3.0,7.0,60.0,318.0,1.0362907049546308,8.310659787085584,8.554164108270262,0.008666666666666666,0.1355,1.4274928542926595,0.13949809001200134,1.4311508047317842,1.4274928542926595,0.14767057367516895,-0.003998090012001326,-0.012170573675168939,,,,,13
watts_strogatz,15,0.25,0.75,30,4.0,0.8944271909999159,0.22360679774997896,3.0,6.0,60.0,312.0,0.7305709763565869,7.80419721642381,8.2270505872773,0.009333333333333334,0.15825,1.4411533842457842,0.14245154837915688,1.4324163918537938,1.4411533842457842,0.14640846254562218,0.015798451620843118,0.011841537454377826,,,,,14
watts_strogatz,15,0.25,0.75,30,4.0,0.6324555320336759,0.15811388300841897,3.0,5.0,60.0,306.0,0.6790304272837324,6.995673330502555,8.383850190594368,0.007666666666666666,0.14475,1.455213750217998,0.14551584615395907,1.4543042416241116,1.455213750217998,0.14857141621353703,-0.0007658461539590822,-0.0038214162135370433,,,,,15
watts_strogatz,15,0.25,0.75,30,4.0,0.6324555320336759,0.15811388300841897,3.0,5.0,60.0,306.0,1.34508977170147,6.996248531965495,8.452201441332136,0.006333333333333333,0.14525,1.455213750217998,0.14551584615395907,1.457851325140268,1.455213750217998,0.14939959355505483,-0.00026584615395908173,-0.004149593555054842,,,,,16
watts_strogatz,15,0.25,0.75,30,4.0,0.7302967433402214,0.18257418583505536,3.0,6.0,60.0,308.0,0.9740055983042574,7.634205042608515,8.049471815988785,0.013,0.18425,1.4504813352456845,0.1444817379624369,1.4561019504197612,1.4504813352456845,0.14938729368806794,0.03976826203756309,0.03486270631193206,,,,,17
watts_strogatz,15,0.25,0.75,30,4.0,0.8944271909999159,0.22360679774997896,2.0,6.0,60.0,312.0,0.9766961984251865,7.388670758312146,8.584289029458866,0.010666666666666666,0.1465,1.4411533842457842,0.14245154837915688,1.446197421090644,1.4411533842457842,0.1499281156224494,0.004048451620843108,-0.003428115622449407,,,,,18
watts_strogatz,15,0.25,0.75,30,4.0,1.0327955589886444,0.2581988897471611,2.0,6.0,60.0,316.0,1.1565318752484746,7.647191719079352,8.294489359366942,0.009,0.166,1.432003111516314,0.1404706128292748,1.4341511161835883,1.432003111516314,0.14941378213776085,0.0255293871707252,0.016586217862239155,,,,,19
watts_strogatz,15,0.25,1.25,30,4.0,1.1547005383792515,0.28867513459481287,2.0,6.0,60.0,320.0,0.9373296569080484,7.6028294358479975,8.160690709350485,0.011666666666666667,0.6425,3.952847075210474,0.6875602297409172,3.9367886339674314,3.952847075210474,0.6424747840787176,-0.04506022974091728,2.521592128235106e-05,,,,,0
watts_strogatz,15,0.25,1.25,30,4.0,0.6324555320336759,0.15811388300841897,3.0,5.0,60.0,306.0,1.0686370574342168,7.3747037470832755,8.137539145478534,0.012,0.69175,4.0422604172722165,0.6997310013820693,4.050092296830682,4.0422604172722165,0.687186144238992,-0.007981001382069364,0.004563855761007929,,,,,1
watts_strogatz,15,0.25,1.25,30,4.0,0.7302967433402214,0.18257418583505536,3.0,5.0,60.0,308.0,0.8721679602351808,7.11630371510491,8.403636457836607,0.010333333333333333,0.63375,4.029114820126901,0.6979755060223981,4.040950344911025,4.029114820126901,0.681552068740186,-0.06422550602239807,-0.047802068740186,,,,,2
watts_strogatz,15,0.25,1.25,30,4.0,0.7302967433402214,0.18257418583505536,3.0,5.0,60.0,308.0,1.1585407588069974,7.254231557928582,8.348648552138812,0.009666666666666667,0.655,4.029114820126901,0.6979755060223981,4.034403033328318,4.029114820126901,0.681066663415869,-0.04297550602239808,-0.02606666341586894,,,,,3
watts_strogatz,15,0.25,1.25,30,4.0,0.7302967433402214,0.18257418583505536,3.0,6.0,60.0,308.0,0.9100072383904629,7.338268207755388,8.184262218775856,0.011333333333333334,0.672,4.029114820126901,0.6979755060223981,4.010480164083814,4.029114820126901,0.6803336707272812,-0.025975506022398065,-0.008333670727281195,,,,,4
watts_strogatz,15,0.25,1.25,30,4.0,0.8944271909999159,0.22360679774997896,3.0,5.0,60.0,312.0,1.3173447574844193,7.382994086203605,8.47838515101819,0.008666666666666666,0.6285,4.003203845127178,0.6944813452297162,4.008708250414228,4.003203845127178,0.6684082698213024,-0.06598134522971622,-0.03990826982130247,,,,,5
watts_strogatz,15,0.25,1.25,30,4.0,1.0954451150103321,0.27386127875258304,2.0,6.0,60.0,318.0,0.8061163166081758,8.029156466952255,8.67336025753498,0.007666666666666666,0.59975,3.9652579285907206,0.6892821195299351,3.99028861926495,3.9652579285907206,0.6545634215367254,-0.08953211952993512,-0.054813421536725415,,,,,6
watts_strogatz,15,0.25,1.25,30,4.0,0.5163977794943222,0.12909944487358055,3.0,5.0,60.0,304.0,0.9542123719008766,7.527257521439417,8.653002771318748,0.008333333333333333,0.63375,4.055535528269064,0.701492110993068,4.058577179915265,4.055535528269064,0.6925981670363831,-0.06774211099306793,-0.05884816703638307,,,,,7
watts_strogatz,15,0.25,1.25,30,4.0,0.6324555320336759,0.15811388300841897,3.0,5.0,60.0,306.0,0.7448674394912425,6.956486902676971,8.272441873311047,0.011666666666666667,0.6665,4.0422604172722165,0.6997310013820693,4.048829090450284,4.0422604172722165,0.6864496467157164,-0.03323100138206936,-0.019949646715716418,,,,,8
watts_strogatz,15,0.25,1.25,30,4.0,1.0954451150103321,0.27386127875258304,2.0,6.0,60.0,318.0,0.6095159064403144,7.872402800401882,8.392730298483597,0.01,0.62625,3.9652579285907206,0.6892821195299351,3.959557870318372,3.9652579285907206,0.6506698643727975,-0.06303211952993515,-0.02441986437279753,,,,,9
watts_strogatz,15,0.25,1.25,30,4.0,0.8944271909999159,0.22360679774997896,3.0,6.0,60.0,312.0,1.2452985426203131,7.9803238124364055,8.374766188594428,0.009666666666666667,0.6335,4.003203845127178,0.6944813452297162,3.978684221575774,4.003203845127178,0.6654490595693662,-0.06098134522971621,-0.03194905956936622,,,,,10
watts_strogatz,15,0.25,1.25,30,4.0,0.6324555320336759,0.15811388300841897,3.0,5.0,60.0,306.0,0.7520280768834035,6.991854642156023,8.365033228934928,0.010333333333333333,0.65625,4.0422604172722165,0.6997310013820693,4.04579739513733,4.0422604172722165,0.6869238777575145,-0.04348100138206934,-0.03067387775751451,,,,,11
watts_strogatz,15,0.25,1.25,30,4.0,1.0327955589886444,0.2581988897471611,2.0,5.0,60.0,316.0,0.9160398853419287,7.458204818454144,8.658383576685086,0.007,0.606,3.97778642087865,0.6910095986612146,3.9748030810629915,3.97778642087865,0.6541341214257413,-0.0850095986612146,-0.04813412142574136,,,,,12
watts_strogatz,15,0.25,1.25,30,4.0,0.816496580927726,0.2041241452319315,3.0,5.0,60.0,310.0,0.697727484983673,7.217849469364599,8.329133390141642,0.007666666666666666,0.64925,4.016096644512494,0.696225621816455,4.005303384780367,4.016096644512494,0.6722278755243999,-0.04697562181645498,-0.022977875524399893,,,,,13
watts_strogatz,15,0.25,1.25,30,4.0,0.7302967433402214,0.18257418583505536,3.0,5.0,60.0,308.0,0.9472619308161783,7.355861065420233,8.639861991448056,0.009666666666666667,0.62125,4.029114820126901,0.6979755060223981,4.029618459479416,4.029114820126901,0.680699039761535,-0.07672550602239814,-0.05944903976153504,,,,,14
watts_strogatz,15,0.25,1.25,30,4.0,0.6324555320336759,0.15811388300841897,3.0,5.0,60.0,306.0,0.8988945250944436,7.2953521493848,8.439924581464151,0.009333333333333334,0.64725,4.0422604172722165,0.6997310013820693,4.027354581983525,4.0422604172722165,0.6842644394576667,-0.05248100138206935,-0.03701443945766669,,,,,15
watts_strogatz,15,0.25,1.25,30,4.0,0.8944271909999159,0.22360679774997896,3.0,6.0,60.0,312.0,0.835541145093021,7.559248512986068,8.536686743243182,0.007,0.617,4.003203845127178,0.6944813452297162,3.9886922311885917,4.003203845127178,0.6675218690177603,-0.07748134522971617,-0.050521869017760346,,,,,16
watts_strogatz,15,0.25,1.25,30,4.0,1.0954451150103321,0.27386127875258304,2.0,6.0,60.0,318.0,1.0105011221795681,7.987626543411364,7.988828225883014,0.015666666666666666,0.66575,3.9652579285907206,0.6892821195299351,3.9491490682558217,3.9652579285907206,0.6503125448311423,-0.02353211952993517,0.015437455168857639,,,,,17
watts_strogatz,15,0.25,1.25,30,4.0,0.6324555320336759,0.15811388300841897,3.0,5.0,60.0,306.0,0.8011137415432099,7.114436507838451,8.161296014514056,0.013,0.6705,4.0422604172722165,0.6997310013820693,4.0409972108918195,4.0422604172722165,0.6856847176717867,-0.029231001382069355,-0.015184717671786752,,,,,18
watts_strogatz,15,0.25,1.25,30,4.0,0.6324555320336759,0.15811388300841897,3.0,5.0,60.0,306.0,0.9062819156942137,6.993898569432683,8.25903931234205,0.013,0.669,4.0422604172722165,0.6997310013820693,4.026344016879207,4.0422604172722165,0.6839071543801833,-0.0307310013820693,-0.014907154380183307,,,,,19
watts_strogatz,15,0.25,1.75,30,4.0,0.7302967433402214,0.18257418583505536,3.0,6.0,60.0,308.0,1.0456848359301225,7.7147700636386904,8.397085475996702,0.009666666666666667,0.9745,7.897065047448726,0.9283052225562617,7.909897778150829,7.897065047448726,0.9200734998961848,0.046194777443738344,0.05442650010381522,,,,,0
watts_strogatz,15,0.25,1.75,30,4.0,1.0954451150103321,0.27386127875258304,3.0,7.0,60.0,318.0,1.0478912955989574,8.51814132190723,8.445878003420214,0.009333333333333334,0.96025,7.771905540037812,0.9255342652605659,7.813193788219263,7.771905540037812,0.9083910516971411,0.03471573473943412,0.051858948302858976,,,,,1
watts_strogatz,15,0.25,1.75,30,4.0,0.7302967433402214,0.18257418583505536,3.0,5.0,60.0,308.0,0.8214877102184135,7.308513556547955,8.603215938670827,0.008333333333333333,0.963,7.897065047448726,0.9283052225562617,7.881270917353828,7.897065047448726,0.9180064114758144,0.03469477744373828,0.04499358852418556,,,,,2
watts_strogatz,15,0.25,1.75,30,4.0,0.5163977794943222,0.12909944487358055,3.0,5.0,60.0,304.0,0.9250285789550223,6.895445979586826,8.185573156417306,0.012333333333333333,0.97925,7.948849635407365,0.9294112198413005,7.9652441377803935,7.948849635407365,0.9248501960906814,0.04983878015869947,0.054399803909318534,,,,,3
watts_strogatz,15,0.25,1.75,30,4.0,0.6324555320336759,0.15811388300841897,3.0,5.0,60.0,306.0,0.9854212786065406,7.0406805327167445,8.282210520886501,0.011333333333333334,0.97425,7.922830417853544,0.9288583986944229,7.945608555304874,7.922830417853544,0.9218435592998405,0.04539160130557707,0.05240644070015943,,,,,4
watts_strogatz,15,0.25,1.75,30,4.0,0.3651483716701107,0.09128709291752768,3.0,5.0,60.0,302.0,0.7908534424355705,6.842777625383239,8.477723991185519,0.008666666666666666,0.97575,7.975126895957362,0.9299636787460333,7.955687524148465,7.975126895957362,0.9270939901991446,0.045786321253966755,0.04865600980085538,,,,,5
watts_strogatz,15,0.25,1.75,30,4.0,0.3651483716701107,0.09128709291752768,3.0,5.0,60.0,302.0,0.6431001589914471,6.549045793153854,8.240506883714877,0.013666666666666667,0.9795,7.975126895957362,0.9299636787460333,7.9855942500083055,7.975126895957362,0.9277159190824186,0.049536321253966786,0.051784080917581465,,,,,6
watts_strogatz,15,0.25,1.75,30,4.0,0.6324555320336759,0.15811388300841897,3.0,5.0,60.0,306.0,0.48145495901399454,7.410876278662365,8.432270300192423,0.010666666666666666,0.9715,7.922830417853544,0.9288583986944229,7.906489580116722,7.922830417853544,0.921248051863771,0.04264160130557715,0.05025194813622902,,,,,7
watts_strogatz,15,0.25,1.75,30,4.0,0.816496580927726,0.2041241452319315,2.0,5.0,60.0,310.0,1.1207707893530408,7.30977139556419,8.663386980669403,0.009,0.94875,7.871549423244489,0.9277516985979015,7.868105620371819,7.871549423244489,0.9105787786497898,0.020998301402098463,0.03817122135021023,,,,,8
watts_strogatz,15,0.25,1.75,30,4.0,1.0954451150103321,0.27386127875258304,2.0,6.0,60.0,318.0,0.7989714713623419,7.543293619311395,8.304289534728289,0.010666666666666666,0.9435,7.771905540037812,0.9255342652605659,7.74470387064768,7.771905540037812,0.8940519352062543,0.01796573473943408,0.04944806479374575,,,,,9
watts_strogatz,15,0.25,1.75,30,4.0,1.1547005383792515,0.28867513459481287,3.0,6.0,60.0,320.0,0.9214173961982748,8.293246039892368,8.547991267561383,0.008333333333333333,0.95225,7.747580267412529,0.9249791070604552,7.741769582211969,7.747580267412529,0.9038732972641138,0.027270892939544877,0.048376702735886234,,,,,10
watts_strogatz,15,0.25,1.75,30,4.0,0.9660917830792959,0.24152294576982397,2.0,5.0,60.0,314.0,0.5324457566718374,7.429839918019411,8.16815615398225,0.012333333333333333,0.95325,7.821251467782697,0.9266436355134435,7.84569287861952,7.821251467782697,0.8998959652878389,0.02660636448655651,0.05335403471216116,,,,,11
watts_strogatz,15,0.25,1.75,30,4.0,0.6324555320336759,0.15811388300841897,3.0,5.0,60.0,306.0,0.8254415999472707,7.53352405389131,8.477846187238262,0.009,0.97375,7.922830417853544,0.9288583986944229,7.907975110820069,7.922830417853544,0.9211033385129354,0.04489160130557712,0.05264666148706465,,,,,12
watts_strogatz,15,0.25,1.75,30,4.0,0.7302967433402214,0.18257418583505536,2.0,5.0,60.0,308.0,0.5018919209784941,6.709600046254799,8.30856001947852,0.009,0.96075,7.897065047448726,0.9283052225562617,7.904962112496174,7.897065047448726,0.9135936358630375,0.032444777443738304,0.04715636413696245,,,,,13
watts_strogatz,15,0.25,1.75,30,4.0,0.7302967433402214,0.18257418583505536,3.0,5.0,60.0,308.0,0.872367493552466,7.064901237048556,8.380975504202738,0.009333333333333334,0.97025,7.897065047448726,0.9283052225562617,7.88670014957395,7.897065047448726,0.9181726301532858,0.04194477744373826,0.05207736984671418,,,,,14
watts_strogatz,15,0.25,1.75,30,4.0,0.5163977794943222,0.12909944487358055,3.0,5.0,60.0,304.0,0.6630075549481339,6.983519765500687,8.18825721601487,0.009,0.98,7.948849635407365,0.9294112198413005,7.922022267887867,7.948849635407365,0.9238590004931517,0.0505887801586995,0.056140999506848255,,,,,15
watts_strogatz,15,0.25,1.75,30,4.0,1.0327955589886444,0.2581988897471611,3.0,7.0,60.0,316.0,1.1354972789420819,8.509135046276048,8.577315450624031,0.008333333333333333,0.96225,7.7964613849221545,0.9260891103416398,7.797923221431827,7.7964613849221545,0.9110354749960556,0.036160889658360285,0.05121452500394441,,,,,16
watts_strogatz,15,0.25,1.75,30,4.0,1.0954451150103321,0.27386127875258304,2.0,7.0,60.0,318.0,0.9147234854305382,8.291833217437908,8.403426979287525,0.013,0.951,7.771905540037812,0.9255342652605659,7.800078697620449,7.771905540037812,0.9031423248166212,0.02546573473943403,0.0478576751833788,,,,,17
watts_strogatz,15,0.25,1.75,30,4.0,0.5163977794943222,0.12909944487358055,3.0,5.0,60.0,304.0,0.9607812783919814,7.146647471248903,8.36719407913602,0.008,0.97525,7.948849635407365,0.9294112198413005,7.970212168802524,7.948849635407365,0.9250621648730869,0.045838780158699466,0.05018783512691305,,,,,18
watts_strogatz,15,0.25,1.75,30,4.0,1.0954451150103321,0.27386127875258304,2.0,6.0,60.0,318.0,1.269043883602406,8.202981631725189,8.341964099062102,0.011666666666666667,0.957,7.771905540037812,0.9255342652605659,7.7466468470326895,7.771905540037812,0.9006245883307624,0.03146573473943404,0.05637541166923754,,,,,19
watts_strogatz,15,0.25,2.5,30,4.0,0.6324555320336759,0.15811388300841897,3.0,5.0,60.0,306.0,0.8554270393960585,7.13592161794505,8.646484837548753,0.009333333333333334,1.0,16.169041669088866,0.9878237918126417,16.083143635221834,16.169041669088866,0.9860603989776233,0.012176208187358317,0.01393960102237668,,,,,0
watts_strogatz,15,0.25,2.5,30,4.0,0.7302967433402214,0.18257418583505536,3.0,5.0,60.0,308.0,1.1632977677705818,7.433393098268892,8.549031751635516,0.010333333333333333,1.0,16.116459280507605,0.9877230531309631,16.09027003417678,16.116459280507605,0.9855912884744542,0.012276946869036909,0.014408711525545792,,,,,1
watts_strogatz,15,0.25,2.5,30,4.0,0.7302967433402214,0.18257418583505536,3.0,5.0,60.0,308.0,0.8287703424011985,7.230132668027152,8.350629169352334,0.009333333333333334,1.0,16.116459280507605,0.9877230531309631,16.21920170842084,16.116459280507605,0.985844142233744,0.012276946869036909,0.014155857766256053,,,,,2
watts_strogatz,15,0.25,2.5,30,4.0,0.6324555320336759,0.15811388300841897,3.0,5.0,60.0,306.0,0.7810324242643226,6.896843831202488,8.246522688431222,0.008,1.0,16.169041669088866,0.9878237918126417,16.148830367002507,16.169041669088866,0.9862359787797368,0.012176208187358317,0.013764021220263212,,,,,3
watts_strogatz,15,0.25,2.5,30,4.0,0.5163977794943222,0.12909944487358055,3.0,5.0,60.0,304.0,0.7667744194624244,6.958127841975106,8.55386423314899,0.008,1.0,16.222142113076256,0.9879243665396502,16.205919970963176,16.222142113076256,0.986869495104621,0.012075633460349788,0.013130504895379036,,,,,4
watts_strogatz,15,0.25,2.5,30,4.0,0.3651483716701107,0.09128709291752768,3.0,5.0,60.0,302.0,0.8909929576817038,6.863465202385197,8.466191338027581,0.008333333333333333,1.0,16.27576917542319,0.9880247763326675,16.27373470427626,16.27576917542319,0.9875376130196802,0.011975223667332502,0.012462386980319762,,,,,5
watts_strogatz,15,0.25,2.5,30,4.0,0.5163977794943222,0.12909944487358055,3.0,5.0,60.0,304.0,0.6489457182965013,7.1311606562253775,8.29443120946388,0.008333333333333333,1.0,16.222142113076256,0.9879243665396502,16.257628048948604,16.222142113076256,0.9870063796203674,0.012075633460349788,0.012993620379632587,,,,,6
watts_strogatz,15,0.25,2.5,30,4.0,0.5163977794943222,0.12909944487358055,3.0,5.0,60.0,304.0,0.8262391636494983,7.1721267705695295,8.2252642298307,0.008666666666666666,1.0,16.222142113076256,0.9879243665396502,16.222142113076252,16.222142113076256,0.9869511990028761,0.012075633460349788,0.01304880099712391,,,,,7
watts_strogatz,15,0.25,2.5,30,4.0,0.6324555320336759,0.15811388300841897,3.0,5.0,60.0,306.0,0.8545857144474477,7.0829771409775555,8.338127312756976,0.011333333333333334,1.0,16.169041669088866,0.9878237918126417,16.191274101383865,16.169041669088866,0.9863333953498055,0.012176208187358317,0.013666604650194536,,,,,8
watts_strogatz,15,0.25,2.5,30,4.0,0.7302967433402214,0.18257418583505536,3.0,5.0,60.0,308.0,1.03561967594844,7.2131482068124875,8.635699104767497,0.010333333333333333,1.0,16.116459280507605,0.9877230531309631,16.03889882022016,16.116459280507605,0.9855352158923197,0.012276946869036909,0.014464784107680262,,,,,9
watts_strogatz,15,0.25,2.5,30,4.0,0.7302967433402214,0.18257418583505536,3.0,6.0,60.0,308.0,0.8025350178536608,7.619331674446897,8.168627616915446,0.014,1.0,16.116459280507605,0.9877230531309631,16.151714035183716,16.116459280507605,0.9860917246013173,0.012276946869036909,0.013908275398682668,,,,,10
watts_strogatz,15,0.25,2.5,30,4.0,0.7302967433402214,0.18257418583505536,3.0,5.0,60.0,308.0,0.8328329867182279,7.165817019879417,8.410156855672028,0.011333333333333334,1.0,16.116459280507605,0.9877230531309631,16.194019740795046,16.116459280507605,0.9858360811652026,0.012276946869036909,0.014163918834797395,,,,,11
watts_strogatz,15,0.25,2.5,30,4.0,0.6324555320336759,0.15811388300841897,3.0,5.0,60.0,306.0,1.0540678517126152,7.13460848463995,8.322343252331098,0.011666666666666667,1.0,16.169041669088866,0.9878237918126417,16.088196460743426,16.169041669088866,0.9861321203991311,0.012176208187358317,0.013867879600868882,,,,,12
watts_strogatz,15,0.25,2.5,30,4.0,0.816496580927726,0.2041241452319315,2.0,5.0,60.0,310.0,0.9604937657355359,7.144367433909695,8.441719763061588,0.007333333333333333,0.99975,16.064386578049977,0.9876221514636171,15.936875509586704,16.064386578049977,0.9830194270303677,0.012127848536382935,0.016730572969632318,,,,,13
watts_strogatz,15,0.25,2.5,30,4.0,1.0954451150103321,0.27386127875258304,2.0,6.0,60.0,318.0,0.858598604348751,7.696461795395743,8.28005351854535,0.011666666666666667,1.0,15.861031714362882,0.9872169339663038,15.97998945222061,15.861031714362882,0.9806207280107112,0.012783066033696167,0.019379271989288793,,,,,14
watts_strogatz,15,0.25,2.5,30,4.0,0.8944271909999159,0.22360679774997896,2.0,5.0,60.0,312.0,0.6354655237990547,7.39916827413412,8.363634994956533,0.01,0.99975,16.012815380508712,0.9875210877694652,16.046842613192293,16.012815380508712,0.982898141632949,0.012228912230534794,0.016851858367051054,,,,,15
watts_strogatz,15,0.25,2.5,30,4.0,0.7302967433402214,0.18257418583505536,3.0,5.0,60.0,308.0,0.8206872640584173,7.180390382110684,8.508354813696377,0.012666666666666666,1.0,16.116459280507605,0.9877230531309631,16.094299148996907,16.116459280507605,0.985575352037789,0.012276946869036909,0.01442464796221099,,,,,16
watts_strogatz,15,0.25,2.5,30,4.0,0.8944271909999159,0.22360679774997896,3.0,6.0,60.0,312.0,0.9937625241118908,7.804513630378018,8.420978277639929,0.01,1.0,16.012815380508712,0.9875210877694652,16.05685062280511,16.012815380508712,0.9848125105483184,0.012478912230534767,0.01518748945168158,,,,,17
watts_strogatz,15,0.25,2.5,30,4.0,0.816496580927726,0.2041241452319315,3.0,6.0,60.0,310.0,0.8410197544412297,7.725564199211762,8.413860573158997,0.011,1.0,16.064386578049977,0.9876221514636171,15.980048548515214,16.064386578049977,0.9851783696242993,0.012377848536382907,0.014821630375700723,,,,,18
watts_strogatz,15,0.25,2.5,30,4.0,0.7302967433402214,0.18257418583505536,3.0,5.0,60.0,308.0,0.9459133353101641,7.276928110840673,8.366907757547398,0.009333333333333334,1.0,16.116459280507605,0.9877230531309631,16.028826033169846,16.116459280507605,0.9854504952808151,0.012276946869036909,0.014549504719184925,,,,,19
watts_strogatz,15,0.35,0.75,30,4.0,1.0327955589886444,0.2581988897471611,2.0,6.0,60.0,316.0,1.188170227272418,7.76192081686135,16.35290473008476,0.008666666666666666,0.05975,0.7306138324062827,0.02834215398950877,0.7302028621255542,0.7306138324062827,0.031440862493357334,0.03140784601049123,0.028309137506642663,,,,,0
watts_strogatz,15,0.35,0.75,30,4.0,0.816496580927726,0.2041241452319315,3.0,6.0,60.0,310.0,1.022965276914001,7.5918561609688044,16.860538092558276,0.011666666666666667,0.04575,0.7376504040941316,0.029025978642482603,0.7389412923012962,0.7376504040941316,0.03129102235286521,0.016724021357517396,0.014458977647134788,,,,,1
watts_strogatz,15,0.35,0.75,30,4.0,0.816496580927726,0.2041241452319315,2.0,5.0,60.0,310.0,0.6351542627374354,7.436240059155912,16.302648354474467,0.009333333333333334,0.052,0.7376504040941316,0.029025978642482603,0.7402321805084611,0.7376504040941316,0.03142350154112822,0.022974021357517395,0.02057649845887178,,,,,2
watts_strogatz,15,0.35,0.75,30,4.0,0.6324555320336759,0.15811388300841897,3.0,5.0,60.0,306.0,0.9127330144597463,7.547636193157666,15.859503207279548,0.010666666666666666,0.0705,0.7424559950091828,0.029498321894507677,0.741991960012302,0.7424559950091828,0.030689572431752667,0.041001678105492316,0.03981042756824733,,,,,3
watts_strogatz,15,0.35,0.75,30,4.0,0.7302967433402214,0.18257418583505536,3.0,5.0,60.0,308.0,1.1388635274668832,7.570805169807569,15.740369389213349,0.011,0.0745,0.7400414975743289,0.02926045914467932,0.7408277916655015,0.7400414975743289,0.031003924204880896,0.04523954085532068,0.043496075795119105,,,,,4
watts_strogatz,15,0.35,0.75,30,4.0,0.5163977794943222,0.12909944487358055,3.0,5.0,60.0,304.0,0.6346105666712892,7.018859590062163,15.644938642633234,0.015333333333333332,0.07125,0.7448942807024812,0.029739637305913582,0.746523736941518,0.7448942807024812,0.03079761045705525,0.04151036269408641,0.04045238954294474,,,,,5
watts_strogatz,15,0.35,0.75,30,4.0,1.1547005383792515,0.28867513459481287,2.0,7.0,60.0,320.0,1.2880316241362457,8.26294672536358,16.617613901163192,0.01,0.05225,0.7260331362631484,0.02790197209885384,0.7236281514992765,0.7260331362631484,0.031732909190397375,0.02434802790114616,0.020517090809602623,,,,,6
watts_strogatz,15,0.35,0.75,30,4.0,0.9660917830792959,0.24152294576982397,2.0,6.0,60.0,314.0,1.1528785965148642,7.703289949846485,16.468752693609765,0.008666666666666666,0.05725,0.7329369347151633,0.028566891953492643,0.735089936960889,0.7329369347151633,0.031688698570583596,0.02868310804650736,0.025561301429416407,,,,,7
watts_strogatz,15,0.35,0.75,30,4.0,0.9660917830792959,0.24152294576982397,2.0,6.0,60.0,314.0,0.953509829433692,7.551385431736608,16.507721573044154,0.011333333333333334,0.056,0.7329369347151633,0.028566891953492643,0.7337156802082979,0.7329369347151633,0.03150186498881252,0.027433108046507358,0.02449813501118748,,,,,8
watts_strogatz,15,0.35,0.75,30,4.0,0.9660917830792959,0.24152294576982397,3.0,6.0,60.0,314.0,0.8675562217726128,8.104012523251262,16.876519748617994,0.012,0.05625,0.7329369347151633,0.028566891953492643,0.7358686824540239,0.7329369347151633,0.03182190448293214,0.02768310804650736,0.024428095517067865,,,,,9
watts_strogatz,15,0.35,0.75,30,4.0,0.816496580927726,0.2041241452319315,3.0,6.0,60.0,310.0,0.7535743435968416,7.588802710058344,16.08481470037112,0.009666666666666667,0.06725,0.7376504040941316,0.029025978642482603,0.7373276820423404,0.7376504040941316,0.03109557447626294,0.0382240213575174,0.036154425523737065,,,,,10
watts_strogatz,15,0.35,0.75,30,4.0,0.7302967433402214,0.18257418583505536,3.0,6.0,60.0,308.0,0.5977751741874664,7.675631946156117,16.393057903771897,0.009333333333333334,0.0525,0.7400414975743289,0.02926045914467932,0.7425391376286423,0.7400414975743289,0.03125138250711004,0.02323954085532068,0.021248617492889955,,,,,11
watts_strogatz,15,0.35,0.75,30,4.0,0.9660917830792959,0.24152294576982397,2.0,6.0,60.0,314.0,0.7637837499467084,7.99863648572408,16.769172551170154,0.007666666666666666,0.054,0.7329369347151633,0.028566891953492643,0.7354564054282466,0.7329369347151633,0.0318139614395272,0.025433108046507356,0.0221860385604728,,,,,12
watts_strogatz,15,0.35,0.75,30,4.0,0.816496580927726,0.2041241452319315,3.0,6.0,60.0,310.0,0.9741024620501881,7.461773246259374,16.61308450260081,0.011,0.0475,0.7376504040941316,0.029025978642482603,0.7397711490059024,0.7376504040941316,0.03134547737112764,0.018474021357517398,0.01615452262887236,,,,,13
watts_strogatz,15,0.35,0.75,30,4.0,0.9660917830792959,0.24152294576982397,3.0,7.0,60.0,314.0,0.9548665966678929,8.496619162407262,16.410094868473774,0.01,0.067,0.7329369347151633,0.028566891953492643,0.7339447230003966,0.7329369347151633,0.03151380598240044,0.03843310804650736,0.035486194017599566,,,,,14
watts_strogatz,15,0.35,0.75,30,4.0,1.0327955589886444,0.2581988897471611,2.0,6.0,60.0,316.0,1.0611270426473554,7.734941347233232,16.452913555921377,0.01,0.0565,0.7306138324062827,0.02834215398950877,0.7291982681059955,0.7306138324062827,0.03149334056565708,0.028157846010491233,0.025006659434342923,,,,,15
watts_strogatz,15,0.35,0.75,30,4.0,0.6324555320336759,0.15811388300841897,3.0,5.0,60.0,306.0,0.8150001172751768,6.967612224374614,16.57226269905872,0.008333333333333333,0.0575,0.7424559950091828,0.029498321894507677,0.7442657314970177,0.7424559950091828,0.030966710534989835,0.028001678105492325,0.026533289465010167,,,,,16
watts_strogatz,15,0.35,0.75,30,4.0,0.7302967433402214,0.18257418583505536,3.0,6.0,60.0,308.0,0.6795567939999025,7.599472940554152,16.02455478756583,0.014,0.064,0.7400414975743289,0.02926045914467932,0.7411978124142888,0.7400414975743289,0.03102285265502662,0.03473954085532068,0.03297714734497338,,,,,17
watts_strogatz,15,0.35,0.75,30,4.0,1.0954451150103321,0.27386127875258304,2.0,6.0,60.0,318.0,1.3031978368432828,7.820353268122458,16.52098442604333,0.014333333333333333,0.05475,0.728312680761561,0.02812053460560882,0.7254449495810624,0.728312680761561,0.03157111887830173,0.02662946539439118,0.023178881121698268,,,,,18
watts_strogatz,15,0.35,0.75,30,4.0,0.5163977794943222,0.12909944487358055,3.0,5.0,60.0,304.0,0.797665982311375,6.980287667573164,16.525731120011432,0.007666666666666666,0.0565,0.7448942807024812,0.029739637305913582,0.7438234951739714,0.7448942807024812,0.03050334709598862,0.02676036269408642,0.02599665290401138,,,,,19
watts_strogatz,15,0.35,1.25,30,4.0,0.3651483716701107,0.09128709291752768,3.0,5.0,60.0,302.0,0.7704918678555233,6.860516735160261,16.350172528247757,0.007666666666666666,0.27325,2.075990966252958,0.2972553581687123,2.0771587111714758,2.075990966252958,0.2976827729910165,-0.0240053581687123,-0.024432772991016483,,,,,0
watts_strogatz,15,0.35,1.25,30,4.0,0.7302967433402214,0.18257418583505536,3.0,5.0,60.0,308.0,0.9632006839863267,6.858757154679365,16.346736639382726,0.010666666666666666,0.26925,2.055670826595358,0.29202054917385023,2.0543860323287357,2.055670826595358,0.29251236879269127,-0.02277054917385024,-0.02326236879269128,,,,,1
watts_strogatz,15,0.35,1.25,30,4.0,1.0327955589886444,0.2581988897471611,3.0,7.0,60.0,316.0,0.7675070094137513,8.500344920114337,16.783396942429803,0.009666666666666667,0.24875,2.0294828677952297,0.285279269950961,2.037727641945648,2.0294828677952297,0.28547876789442794,-0.03652926995096098,-0.036728767894427944,,,,,2
watts_strogatz,15,0.35,1.25,30,4.0,0.3651483716701107,0.09128709291752768,3.0,5.0,60.0,302.0,1.0128522632391936,6.998789089166976,15.839242526300024,0.012,0.297,2.075990966252958,0.2972553581687123,2.0746934718990504,2.075990966252958,0.2970711864414627,-0.0002553581687123052,-7.118644146270059e-05,,,,,3
watts_strogatz,15,0.35,1.25,30,4.0,0.816496580927726,0.2041241452319315,3.0,6.0,60.0,310.0,0.7944534885619473,7.563589375006207,16.23840321496284,0.012,0.27525,2.0490289002614768,0.29031014006013006,2.0453150353797525,2.0490289002614768,0.28929091403358964,-0.015060140060130067,-0.014040914033589647,,,,,4
watts_strogatz,15,0.35,1.25,30,4.0,0.6324555320336759,0.15811388300841897,3.0,5.0,60.0,306.0,0.8766080204985721,7.069888094355342,15.98143669199671,0.009333333333333334,0.27275,2.0623777639143968,0.2937480651480423,2.056964022284122,2.0623777639143968,0.29293169736619096,-0.02099806514804231,-0.020181697366190965,,,,,5
watts_strogatz,15,0.35,1.25,30,4.0,0.9660917830792959,0.24152294576982397,2.0,6.0,60.0,314.0,0.9574266996747535,7.8749010990512875,16.75060936706846,0.006333333333333333,0.2395,2.0359359297643422,0.2869397250821011,2.042170983549246,2.0359359297643422,0.29067288020157633,-0.04743972508210109,-0.05117288020157634,,,,,6
watts_strogatz,15,0.35,1.25,30,4.0,0.9660917830792959,0.24152294576982397,2.0,5.0,60.0,314.0,0.6555461709103245,7.215314025320179,16.4272821569343,0.012333333333333333,0.26225,2.0359359297643422,0.2869397250821011,2.035681437773122,2.0359359297643422,0.2918651307555122,-0.0246897250821011,-0.029615130755512198,,,,,7
watts_strogatz,15,0.35,1.25,30,4.0,0.7302967433402214,0.18257418583505536,3.0,5.0,60.0,308.0,0.956272852814557,7.234108630773624,16.056649936638195,0.01,0.2785,2.055670826595358,0.29202054917385023,2.0619663185018062,2.055670826595358,0.2943845939968968,-0.013520549173850205,-0.01588459399689679,,,,,8
watts_strogatz,15,0.35,1.25,30,4.0,1.0327955589886444,0.2581988897471611,2.0,6.0,60.0,316.0,0.9323644039856152,7.832602980716526,15.902036379508509,0.012333333333333333,0.289,2.0294828677952297,0.285279269950961,2.0393765967757314,2.0294828677952297,0.2902891458853963,0.0037207300490390005,-0.0012891458853963034,,,,,9
watts_strogatz,15,0.35,1.25,30,4.0,0.6324555320336759,0.15811388300841897,3.0,5.0,60.0,306.0,0.9018309266815245,7.030283465832071,16.817965097597007,0.009,0.251,2.0623777639143968,0.2937480651480423,2.0636667500168433,2.0623777639143968,0.29461666223854444,-0.0427480651480423,-0.043616662238544435,,,,,10
watts_strogatz,15,0.35,1.25,30,4.0,0.816496580927726,0.2041241452319315,3.0,6.0,60.0,310.0,0.7540949033754674,7.721426605848503,16.31433311404066,0.012,0.25975,2.0490289002614768,0.29031014006013006,2.0491569645677425,2.0490289002614768,0.29028446628957105,-0.03056014006013008,-0.03053446628957107,,,,,11
watts_strogatz,15,0.35,1.25,30,4.0,0.7302967433402214,0.18257418583505536,3.0,5.0,60.0,308.0,0.7702140231232774,6.953432491618046,16.473546596437714,0.010333333333333333,0.24675,2.055670826595358,0.29202054917385023,2.0565701825819933,2.055670826595358,0.2930453054931854,-0.04527054917385023,-0.04629530549318542,,,,,12
watts_strogatz,15,0.35,1.25,30,4.0,0.9660917830792959,0.24152294576982397,2.0,6.0,60.0,314.0,0.741918053501019,8.036498056691322,15.944774656632902,0.013,0.28875,2.0359359297643422,0.2869397250821011,2.02524726613308,2.0359359297643422,0.2863927961575336,0.0018102749178989241,0.0023572038424664044,,,,,13
watts_strogatz,15,0.35,1.25,30,4.0,0.3651483716701107,0.09128709291752768,3.0,5.0,60.0,302.0,0.669598078808944,6.6628020062220035,15.919283905585921,0.01,0.2925,2.075990966252958,0.2972553581687123,2.077158711171476,2.075990966252958,0.29768543701329075,-0.004755358168712309,-0.005185437013290772,,,,,14
watts_strogatz,15,0.35,1.25,30,4.0,1.0327955589886444,0.2581988897471611,3.0,6.0,60.0,316.0,0.8611777066452715,7.574624767115461,15.840222624722823,0.012666666666666666,0.2825,2.0294828677952297,0.285279269950961,2.0211112509655744,2.0294828677952297,0.283100283668748,-0.0027792699509610053,-0.0006002836687480362,,,,,15
watts_strogatz,15,0.35,1.25,30,4.0,0.8944271909999159,0.22360679774997896,2.0,6.0,60.0,312.0,0.8784617082393888,7.6542899828385735,16.555325481611845,0.009666666666666667,0.249,2.042450941391418,0.2886166075269249,2.0410467563692114,2.042450941391418,0.2901889118995553,-0.03961660752692492,-0.041188911899555314,,,,,16
watts_strogatz,15,0.35,1.25,30,4.0,0.7302967433402214,0.18257418583505536,3.0,5.0,60.0,308.0,1.155909209268531,7.2219637513395485,16.09858190421147,0.009333333333333334,0.2735,2.055670826595358,0.29202054917385023,2.053358196915438,2.055670826595358,0.2922573714649845,-0.01852054917385021,-0.018757371464984463,,,,,17
watts_strogatz,15,0.35,1.25,30,4.0,0.7302967433402214,0.18257418583505536,3.0,6.0,60.0,308.0,0.7909702459630623,7.660175259935921,16.812711388118352,0.009333333333333334,0.2305,2.055670826595358,0.29202054917385023,2.0474481432889764,2.055670826595358,0.2896254925628117,-0.06152054917385022,-0.059125492562811716,,,,,18
watts_strogatz,15,0.35,1.25,30,4.0,0.6324555320336759,0.15811388300841897,3.0,5.0,60.0,306.0,0.9457395038112554,7.063526232671016,16.12405643449017,0.010333333333333333,0.27425,2.0623777639143968,0.2937480651480423,2.0542571514689842,2.0623777639143968,0.2922424832104749,-0.01949806514804231,-0.01799248321047492,,,,,19
watts_strogatz,15,0.35,1.75,30,4.0,0.816496580927726,0.2041241452319315,2.0,5.0,60.0,310.0,0.8485834189730218,7.30186532827741,16.052487730690444,0.011,0.6555,4.016096644512495,0.6962256218164551,4.004048354578957,4.016096644512495,0.6719878475634784,-0.040725621816455115,-0.01648784756347843,,,,,0
watts_strogatz,15,0.35,1.75,30,4.0,0.9660917830792959,0.24152294576982397,3.0,6.0,60.0,314.0,0.9496498796041479,7.673043185508733,15.667532873554316,0.015666666666666666,0.6885,3.990434422338111,0.69274267230246,4.018118061143081,3.990434422338111,0.6681389911989813,-0.004242672302460004,0.020361008801018654,,,,,1
watts_strogatz,15,0.35,1.75,30,4.0,0.7302967433402214,0.18257418583505536,3.0,5.0,60.0,308.0,1.2564067037447986,7.153809171902562,16.33242766321403,0.010333333333333333,0.65225,4.029114820126902,0.6979755060223982,4.032640295594513,4.029114820126902,0.6802107512744333,-0.04572550602239822,-0.027960751274433315,,,,,2
watts_strogatz,15,0.35,1.75,30,4.0,1.0327955589886444,0.2581988897471611,3.0,6.0,60.0,316.0,1.0826175560536082,7.760782738033306,16.664286455500463,0.01,0.61575,3.9777864208786506,0.6910095986612146,3.9665988965699293,3.9777864208786506,0.6578561295664795,-0.07525959866121457,-0.04210612956647952,,,,,3
watts_strogatz,15,0.35,1.75,30,4.0,0.816496580927726,0.2041241452319315,3.0,5.0,60.0,310.0,1.2304906482456774,7.559610752750759,16.35505527423055,0.008666666666666666,0.6505,4.016096644512495,0.6962256218164551,4.008064451223469,4.016096644512495,0.6727038128687299,-0.04572562181645512,-0.022203812868729966,,,,,4
watts_strogatz,15,0.35,1.75,30,4.0,0.6324555320336759,0.15811388300841897,3.0,5.0,60.0,306.0,0.880055690366319,7.143715214403242,16.533527517954102,0.011666666666666667,0.64675,4.042260417272217,0.6997310013820695,4.052871350867557,4.042260417272217,0.6878619817400602,-0.052981001382069404,-0.041111981740060144,,,,,5
watts_strogatz,15,0.35,1.75,30,4.0,1.1547005383792515,0.28867513459481287,2.0,6.0,60.0,320.0,0.9238568360838848,7.711330010288353,16.93153828256829,0.008333333333333333,0.59625,3.952847075210474,0.6875602297409172,3.950623598730667,3.952847075210474,0.6458734845524108,-0.09131022974091729,-0.049623484552410835,,,,,6
watts_strogatz,15,0.35,1.75,30,4.0,0.9660917830792959,0.24152294576982397,2.0,6.0,60.0,314.0,0.5868771637777339,7.4820260557449805,16.297642047527777,0.008666666666666666,0.6385,3.990434422338111,0.69274267230246,3.9807077384336615,3.990434422338111,0.6610935216274931,-0.05424267230246005,-0.022593521627493174,,,,,7
watts_strogatz,15,0.35,1.75,30,4.0,0.6324555320336759,0.15811388300841897,3.0,5.0,60.0,306.0,0.9462370043773412,6.9636424853804995,15.97456270899325,0.010333333333333333,0.67025,4.042260417272217,0.6997310013820695,4.037460233026707,4.042260417272217,0.6852996921084624,-0.02948100138206944,-0.015049692108462409,,,,,8
watts_strogatz,15,0.35,1.75,30,4.0,0.5163977794943222,0.12909944487358055,3.0,5.0,60.0,304.0,0.8615887392885868,6.878359290130864,16.065079692950547,0.01,0.69775,4.055535528269065,0.7014921109930681,4.0692229606769725,4.055535528269065,0.6944220068184753,-0.003742110993068093,0.0033279931815246577,,,,,9
watts_strogatz,15,0.35,1.75,30,4.0,0.6324555320336759,0.15811388300841897,3.0,5.0,60.0,306.0,1.217265615379568,7.395351356748237,15.930973098582477,0.009333333333333334,0.68,4.042260417272217,0.6997310013820695,4.0202806262533,4.042260417272217,0.683141477333635,-0.019731001382069402,-0.003141477333634901,,,,,10
watts_strogatz,15,0.35,1.75,30,4.0,0.7302967433402214,0.18257418583505536,3.0,5.0,60.0,308.0,0.9760115076414004,7.4398043796479945,15.669410187083496,0.014666666666666666,0.693,4.029114820126902,0.6979755060223982,4.014509278903942,4.029114820126902,0.6781748772072703,-0.004975506022398268,0.014825122792729628,,,,,11
watts_strogatz,15,0.35,1.75,30,4.0,0.7302967433402214,0.18257418583505536,3.0,5.0,60.0,308.0,1.1076569480604148,7.090189353865433,16.283052687744554,0.008333333333333333,0.6605,4.029114820126902,0.6979755060223982,4.035913951385866,4.029114820126902,0.6807889677872522,-0.03747550602239824,-0.0202889677872522,,,,,12
watts_strogatz,15,0.35,1.75,30,4.0,0.6324555320336759,0.15811388300841897,3.0,5.0,60.0,306.0,0.796534917386575,7.106449061400664,16.398152097005166,0.009666666666666667,0.646,4.042260417272217,0.6997310013820695,4.038976080683184,4.042260417272217,0.6859952699377893,-0.05373100138206943,-0.039995269937789235,,,,,13
watts_strogatz,15,0.35,1.75,30,4.0,0.8944271909999159,0.22360679774997896,2.0,6.0,60.0,312.0,0.8256565573383592,7.830476356276657,16.510126356224898,0.008333333333333333,0.63825,4.003203845127179,0.6944813452297163,3.9801854230176983,4.003203845127179,0.6666629965152301,-0.05623134522971629,-0.028412996515230104,,,,,14
watts_strogatz,15,0.35,1.75,30,4.0,0.7302967433402214,0.18257418583505536,3.0,5.0,60.0,308.0,0.8981307182362179,7.282928985945396,16.709987887432312,0.006666666666666667,0.62475,4.029114820126902,0.6979755060223982,4.033143934947029,4.029114820126902,0.6806661920209729,-0.07322550602239819,-0.055916192020972866,,,,,15
watts_strogatz,15,0.35,1.75,30,4.0,0.9660917830792959,0.24152294576982397,2.0,6.0,60.0,314.0,1.3370293135678202,7.825526606058407,16.35265488642158,0.01,0.64125,3.990434422338111,0.69274267230246,3.998664693334183,3.990434422338111,0.664795307578239,-0.05149267230246002,-0.023545307578239028,,,,,16
watts_strogatz,15,0.35,1.75,30,4.0,0.6324555320336759,0.15811388300841897,3.0,5.0,60.0,306.0,0.761937824099604,7.261678808534962,15.902409223540051,0.013333333333333334,0.69125,4.042260417272217,0.6997310013820695,4.038218156854945,4.042260417272217,0.6858491444502017,-0.00848100138206942,0.0054008555497983,,,,,17
watts_strogatz,15,0.35,1.75,30,4.0,0.9660917830792959,0.24152294576982397,2.0,6.0,60.0,314.0,0.9629170635883207,7.590204252588469,16.24991032945608,0.011,0.6545,3.990434422338111,0.69274267230246,3.9916814330950916,3.990434422338111,0.6628980985917104,-0.038242672302460035,-0.008398098591710479,,,,,18
watts_strogatz,15,0.35,1.75,30,4.0,0.7302967433402214,0.18257418583505536,3.0,5.0,60.0,308.0,0.7581613355479785,6.935126225527252,16.879065659105418,0.008,0.62025,4.029114820126902,0.6979755060223982,4.0452312794074095,4.029114820126902,0.6820681765791695,-0.07772550602239825,-0.06181817657916955,,,,,19
watts_strogatz,15,0.35,2.5,30,4.0,1.1547005383792515,0.28867513459481287,2.0,6.0,60.0,320.0,0.8363167635746801,7.774440020289747,16.394019136680164,0.014666666666666666,0.95375,8.067034847368314,0.9318508524789231,8.03375832862292,8.067034847368314,0.9045653638445702,0.02189914752107691,0.049184636155429784,,,,,0
watts_strogatz,15,0.35,2.5,30,4.0,0.5163977794943222,0.12909944487358055,3.0,5.0,60.0,304.0,0.8460478186118394,7.393829476115996,16.43537519032956,0.008,0.9835,8.276603118916459,0.9359051247960473,8.27970684508605,8.276603118916459,0.9312680486794572,0.04759487520395278,0.05223195132054281,,,,,1
watts_strogatz,15,0.35,2.5,30,4.0,0.6324555320336759,0.15811388300841897,3.0,5.0,60.0,306.0,1.0923951725065941,7.310308521930837,16.683188632904272,0.009333333333333334,0.978,8.249511055657587,0.9353996261966181,8.277353155470431,8.249511055657587,0.9289589939973343,0.042600373803381886,0.0490410060026657,,,,,2
watts_strogatz,15,0.35,2.5,30,4.0,0.9660917830792959,0.24152294576982397,3.0,6.0,60.0,314.0,0.7837196388688465,7.790720502721424,15.87660085715077,0.014666666666666666,0.97175,8.143743719057369,0.9333738960412632,8.131528103478784,8.143743719057369,0.9196054327116634,0.03837610395873681,0.05214456728833661,,,,,3
watts_strogatz,15,0.35,2.5,30,4.0,0.7302967433402214,0.18257418583505536,3.0,5.0,60.0,308.0,0.7548522806006837,7.592333736478616,16.116124848960272,0.011,0.97975,8.222683306381432,0.9348937476125957,8.268935899979827,8.222683306381432,0.9267891851017481,0.044856252387404316,0.052960814898251884,,,,,4
watts_strogatz,15,0.35,2.5,30,4.0,0.9660917830792959,0.24152294576982397,2.0,5.0,60.0,314.0,0.9810550407753897,7.212970833606306,16.887629175478448,0.007333333333333333,0.953,8.143743719057369,0.9333738960412632,8.14221676711005,8.143743719057369,0.9129352343544254,0.019626103958736763,0.040064765645574596,,,,,5
watts_strogatz,15,0.35,2.5,30,4.0,0.3651483716701107,0.09128709291752768,3.0,5.0,60.0,302.0,0.7906766896965902,6.967842967966501,16.406388245837388,0.010666666666666666,0.982,8.303963865011832,0.9364102368974563,8.303963865011834,8.303963865011832,0.9340224565846947,0.0455897631025437,0.047977543415305246,,,,,6
watts_strogatz,15,0.35,2.5,30,4.0,0.6324555320336759,0.15811388300841897,3.0,5.0,60.0,306.0,0.7224483104571093,7.032546610101244,16.403265504983604,0.006666666666666667,0.9815,8.249511055657587,0.9353996261966181,8.225278116931593,8.249511055657587,0.9283100536439595,0.046100373803381944,0.053189946356040574,,,,,7
watts_strogatz,15,0.35,2.5,30,4.0,0.6324555320336759,0.15811388300841897,3.0,5.0,60.0,306.0,0.8468384634604222,6.839517597724601,16.79539107635367,0.006666666666666667,0.97925,8.249511055657587,0.9353996261966181,8.243323922365846,8.249511055657587,0.928443609246301,0.04385037380338186,0.05080639075369897,,,,,8
watts_strogatz,15,0.35,2.5,30,4.0,0.8944271909999159,0.22360679774997896,3.0,6.0,60.0,312.0,0.8765461228417495,7.57440359546115,16.36378574447615,0.010666666666666666,0.97175,8.169803765565671,0.9338808761947299,8.175420505654499,8.169803765565671,0.9211351432273833,0.03786912380527008,0.05061485677261668,,,,,9
watts_strogatz,15,0.35,2.5,30,4.0,0.8944271909999159,0.22360679774997896,2.0,6.0,60.0,312.0,0.826191107647822,7.427178217669784,16.32617733788771,0.014,0.969,8.169803765565671,0.9338808761947299,8.174399280183803,8.169803765565671,0.9170551791914916,0.03511912380527005,0.051944820808508374,,,,,10
watts_strogatz,15,0.35,2.5,30,4.0,1.3165611772087666,0.32914029430219166,2.0,7.0,60.0,326.0,0.895876075181746,8.504380636306689,16.580180387286017,0.014666666666666666,0.94,7.992453571305688,0.9303247818789143,8.018928573760638,7.992453571305688,0.8952118284443551,0.009675218121085627,0.04478817155564485,,,,,11
watts_strogatz,15,0.35,2.5,30,4.0,0.8944271909999159,0.22360679774997896,2.0,6.0,60.0,312.0,0.6107588862521371,7.705529348768198,15.83486124272696,0.014666666666666666,0.96725,8.169803765565671,0.9338808761947299,8.184611534890761,8.169803765565671,0.916568865411094,0.03336912380527013,0.05068113458890611,,,,,12
watts_strogatz,15,0.35,2.5,30,4.0,0.9660917830792959,0.24152294576982397,2.0,6.0,60.0,314.0,0.9312540192126026,7.473854744116874,16.635824729489407,0.008333333333333333,0.96075,8.143743719057369,0.9333738960412632,8.153923398706192,8.143743719057369,0.9140001198389511,0.027376103958736797,0.04674988016104886,,,,,13
watts_strogatz,15,0.35,2.5,30,4.0,0.816496580927726,0.2041241452319315,3.0,5.0,60.0,310.0,0.983554320811573,7.40279858050183,16.372998867760277,0.010333333333333333,0.9715,8.196115601045907,0.9343874954872373,8.197140115496037,8.196115601045907,0.9227204703004863,0.03711250451276271,0.04877952969951371,,,,,14
watts_strogatz,15,0.35,2.5,30,4.0,0.9660917830792959,0.24152294576982397,2.0,6.0,60.0,314.0,0.9210930143176075,7.551836179539066,15.970661192040705,0.011333333333333334,0.9665,8.143743719057369,0.9333738960412632,8.136108959320755,8.143743719057369,0.9128570786091692,0.03312610395873683,0.05364292139083082,,,,,15
watts_strogatz,15,0.35,2.5,30,4.0,0.5163977794943222,0.12909944487358055,3.0,5.0,60.0,304.0,0.6740434451579993,6.878731491708413,16.076876042951547,0.012333333333333333,0.9845,8.276603118916459,0.9359051247960473,8.282810571255643,8.276603118916459,0.9312484825484753,0.04859487520395278,0.05325151745152479,,,,,16
watts_strogatz,15,0.35,2.5,30,4.0,0.7302967433402214,0.18257418583505536,3.0,5.0,60.0,308.0,0.8486028397856588,7.177320641259672,16.95397168016257,0.01,0.971,8.222683306381432,0.9348937476125957,8.217030211608295,8.222683306381432,0.9256591618904882,0.03610625238740428,0.04534083810951173,,,,,17
watts_strogatz,15,0.35,2.5,30,4.0,0.5163977794943222,0.12909944487358055,3.0,5.0,60.0,304.0,1.1197313691307569,7.30815201764912,16.46859450156664,0.004333333333333333,0.979,8.276603118916459,0.9359051247960473,8.269878378882337,8.276603118916459,0.9314397452142621,0.04309487520395272,0.04756025478573789,,,,,18
watts_strogatz,15,0.35,2.5,30,4.0,0.3651483716701107,0.09128709291752768,3.0,5.0,60.0,302.0,0.8345042699088406,6.831551952893361,16.35192197027416,0.007333333333333333,0.983,8.303963865011832,0.9364102368974563,8.319533797258732,8.303963865011832,0.9344433174588059,0.0465897631025437,0.04855668254119405,,,,,19
watts_strogatz,30,0.15,0.75,60,4.0,0.8944271909999159,0.22360679774997896,3.0,6.0,120.0,624.0,0.5512912742223959,7.962062942414023,4.710383993501305,0.014333333333333333,0.52475,2.830692585361489,0.48341949744114665,2.828746484209053,2.830692585361489,0.4689747482636911,0.0413305025588534,0.05577525173630893,,,,,0
watts_strogatz,30,0.15,0.75,60,4.0,0.8944271909999159,0.22360679774997896,3.0,6.0,120.0,624.0,0.6173194181312763,8.247187763596397,4.869146390129169,0.015333333333333332,0.48175,2.830692585361489,0.48341949744114665,2.828215729349298,2.830692585361489,0.4686740096218409,-0.001669497441146639,0.013075990378159097,,,,,1
watts_strogatz,30,0.15,0.75,60,4.0,0.6831300510639732,0.1707825127659933,2.0,6.0,120.0,614.0,0.27796143045015925,7.8137918139634195,4.877947798003649,0.012,0.48,2.853650727676748,0.4885867268953626,2.842236124766042,2.853650727676748,0.4790330358221647,-0.008586726895362606,0.0009669641778352611,,,,,2
watts_strogatz,30,0.15,0.75,60,4.0,0.7302967433402214,0.18257418583505536,2.0,5.0,120.0,616.0,0.614642338760351,7.435778009594829,4.910744743246439,0.009333333333333334,0.46775,2.849014411490949,0.4875463494039449,2.8511511722995673,2.849014411490949,0.4797729344609561,-0.019796349403944924,-0.012022934460956092,,,,,3
watts_strogatz,30,0.15,0.75,60,4.0,0.6324555320336759,0.15811388300841897,3.0,5.0,120.0,612.0,0.4046000885704018,7.447678212674447,4.821577339411672,0.009,0.4975,2.8583097523751473,0.4896305981369029,2.8545582208251554,2.8583097523751473,0.48173154976070753,0.007869401863097092,0.015768450239292464,,,,,4
watts_strogatz,30,0.15,0.75,60,4.0,0.9309493362512627,0.2327373340628157,2.0,6.0,120.0,626.0,0.5075892959743833,7.922894206366467,4.928108359330024,0.01,0.48275,2.8261670947211077,0.4823963794941312,2.83164279346713,2.8261670947211077,0.47145825890274773,0.00035362050586879024,0.011291741097252284,,,,,5
watts_strogatz,30,0.15,0.75,60,4.0,1.0327955589886444,0.2581988897471611,2.0,6.0,120.0,632.0,0.414470138746724,8.429434405177554,4.880854297220779,0.010333333333333333,0.47025,2.81271975231506,0.47934743322365936,2.8376826401168564,2.81271975231506,0.4692159748996697,-0.009097433223659357,0.0010340251003302936,,,,,6
watts_strogatz,30,0.15,0.75,60,4.0,0.7302967433402214,0.18257418583505536,2.0,6.0,120.0,616.0,0.3241684712767475,7.711373581550422,5.016115606955791,0.008,0.45975,2.849014411490949,0.4875463494039449,2.8474118408844853,2.849014411490949,0.4793231149238949,-0.02779634940394493,-0.019573114923894908,,,,,7
watts_strogatz,30,0.15,0.75,60,4.0,0.8563488385776752,0.2140872096444188,3.0,6.0,120.0,622.0,0.4312711252231839,8.032917642131242,4.8433364335575675,0.012333333333333333,0.473,2.8352398856187135,0.48444603956209975,2.8382523279971834,2.8352398856187135,0.4724632066373888,-0.011446039562099775,0.0005367933626111987,,,,,8
watts_strogatz,30,0.15,0.75,60,4.0,0.9309493362512627,0.2327373340628157,2.0,6.0,120.0,626.0,0.6858816497813768,8.26573708618832,4.827603075187248,0.014666666666666666,0.4925,2.8261670947211077,0.4823963794941312,2.8408278365249733,2.8261670947211077,0.4729868786720809,0.010103620505868771,0.019513121327919103,,,,,9
watts_strogatz,30,0.15,0.75,60,4.0,0.6324555320336759,0.15811388300841897,3.0,5.0,120.0,612.0,0.5042839226099846,7.435818813003404,4.879782676359779,0.008,0.47825,2.8583097523751473,0.4896305981369029,2.857773819296577,2.8583097523751473,0.4823520526288621,-0.011380598136902897,-0.004102052628862096,,,,,10
watts_strogatz,30,0.15,0.75,60,4.0,0.9309493362512627,0.2327373340628157,3.0,6.0,120.0,626.0,0.6844903625282085,8.165648220812887,4.841862571271358,0.010666666666666666,0.4795,2.8261670947211077,0.4823963794941312,2.818748406097465,2.8261670947211077,0.4658124489164666,-0.0028963794941312404,0.013687551083533367,,,,,11
watts_strogatz,30,0.15,0.75,60,4.0,0.9309493362512627,0.2327373340628157,2.0,6.0,120.0,626.0,0.5646091827525608,8.317998301723534,5.0044740957157865,0.009,0.4245,2.8261670947211077,0.4823963794941312,2.829699803589509,2.8261670947211077,0.46918700580772954,-0.057896379494131234,-0.04468700580772955,,,,,12
watts_strogatz,30,0.15,0.75,60,4.0,1.0645812948447542,0.26614532371118854,2.0,6.0,120.0,634.0,0.6847602265185991,7.9273816431983075,4.974974539942465,0.008,0.44925,2.808279781508652,0.47833787474102957,2.8130187536399482,2.808279781508652,0.46356606535430317,-0.029087874741029585,-0.014316065354303187,,,,,13
watts_strogatz,30,0.15,0.75,60,4.0,0.8563488385776752,0.2140872096444188,3.0,6.0,120.0,622.0,0.453451003281477,8.14945672445544,5.016525783531103,0.007666666666666666,0.454,2.8352398856187135,0.48444603956209975,2.8506565024967654,2.8352398856187135,0.47502268812951093,-0.030446039562099736,-0.021022688129510914,,,,,14
watts_strogatz,30,0.15,0.75,60,4.0,1.1254628677422756,0.2813657169355689,2.0,8.0,120.0,638.0,0.48284148322660264,9.502617730416375,4.882151662438891,0.012666666666666666,0.469,2.799462554779272,0.476328811647631,2.818883826253053,2.799462554779272,0.4602985620800266,-0.0073288116476310505,0.008701437919973354,,,,,15
watts_strogatz,30,0.15,0.75,60,4.0,0.7302967433402214,0.18257418583505536,2.0,5.0,120.0,616.0,0.3991849045397569,7.4684920306547715,4.966798726138179,0.011,0.44875,2.849014411490949,0.4875463494039449,2.8536440599096218,2.849014411490949,0.48038328505378974,-0.03879634940394494,-0.03163328505378976,,,,,16
watts_strogatz,30,0.15,0.75,60,4.0,0.7745966692414834,0.19364916731037085,2.0,5.0,120.0,618.0,0.4273329772226425,7.34089223512128,4.951344354078118,0.01,0.47525,2.844400619942871,0.4865094516520334,2.8525782717252075,2.844400619942871,0.47916762611984187,-0.011259451652033403,-0.003917626119841866,,,,,17
watts_strogatz,30,0.15,0.75,60,4.0,0.8944271909999159,0.22360679774997896,2.0,6.0,120.0,624.0,0.5615447143717157,7.841045294934263,4.841065975057188,0.013666666666666667,0.4935,2.830692585361489,0.48341949744114665,2.823792772184671,2.830692585361489,0.46930771136709076,0.010080502558853344,0.02419228863290923,,,,,18
watts_strogatz,30,0.15,0.75,60,4.0,0.816496580927726,0.2041241452319315,2.0,5.0,120.0,620.0,0.4945007985534635,7.521648569943696,4.746244031451271,0.013,0.521,2.839809171235324,0.4854760196765476,2.8596878354339714,2.839809171235324,0.4794136672034955,0.03552398032345244,0.04158633279650453,,,,,19
watts_strogatz,30,0.15,1.25,60,4.0,0.6324555320336759,0.15811388300841897,3.0,5.0,120.0,612.0,0.4358979974492446,7.24453565158923,4.881578102933971,0.010333333333333333,0.989,7.939749312153188,0.9292185271582833,7.939253077821177,7.939749312153188,0.922142335303373,0.05978147284171664,0.06685766469662702,,,,,0
watts_strogatz,30,0.15,1.25,60,4.0,1.2110601416389966,0.30276503540974914,2.0,7.0,120.0,644.0,0.5490058557719716,8.838759096852343,4.967407846767579,0.012666666666666666,0.9685,7.739975174657677,0.9248044028790017,7.8062487120906825,7.739975174657677,0.8982920767007214,0.04369559712099835,0.07020792329927861,,,,,1
watts_strogatz,30,0.15,1.25,60,4.0,0.7302967433402214,0.18257418583505536,2.0,5.0,120.0,616.0,0.3253839285831818,7.817732091276704,4.971322930136726,0.009666666666666667,0.97925,7.913928920808191,0.928667936226414,7.90354188909963,7.913928920808191,0.9155141409965938,0.050582063773585983,0.06373585900340617,,,,,2
watts_strogatz,30,0.15,1.25,60,4.0,0.7745966692414834,0.19364916731037085,2.0,5.0,120.0,618.0,0.47913782939559174,7.538895406417724,4.825738253845625,0.009,0.98375,7.9011128331746425,0.9283925092487344,7.87642185557097,7.9011128331746425,0.9144490840545504,0.055357490751265614,0.06930091594544963,,,,,3
watts_strogatz,30,0.15,1.25,60,4.0,0.816496580927726,0.2041241452319315,2.0,6.0,120.0,620.0,0.39202400054541947,7.729791474096103,4.92484659930371,0.010666666666666666,0.98075,7.888358808987012,0.9281169957769311,7.868637911964544,7.888358808987012,0.9134841886460225,0.052633004223068935,0.06726581135397747,,,,,4
watts_strogatz,30,0.15,1.25,60,4.0,0.8563488385776752,0.2140872096444188,2.0,7.0,120.0,622.0,0.35461956128287586,8.65018227772076,4.884432432653032,0.010666666666666666,0.98325,7.875666348940872,0.9278413966902272,7.9086457017770595,7.875666348940872,0.9147474211457808,0.05540860330977271,0.06850257885421918,,,,,5
watts_strogatz,30,0.15,1.25,60,4.0,0.8563488385776752,0.2140872096444188,3.0,6.0,120.0,622.0,0.37141002767968156,7.856028371161342,4.87734205336137,0.012,0.986,7.875666348940872,0.9278413966902272,7.816598851323814,7.875666348940872,0.9143218835741255,0.05815860330977274,0.07167811642587452,,,,,6
watts_strogatz,30,0.15,1.25,60,4.0,0.7745966692414834,0.19364916731037085,2.0,5.0,120.0,618.0,0.47280515485007335,7.624297067447373,4.979465797031092,0.010333333333333333,0.9795,7.9011128331746425,0.9283925092487344,7.925803810778311,7.9011128331746425,0.9160756622968932,0.05110749075126564,0.06342433770310685,,,,,7
watts_strogatz,30,0.15,1.25,60,4.0,0.816496580927726,0.2041241452319315,2.0,5.0,120.0,620.0,0.3734766754061063,7.373123262937974,4.882775520138253,0.008,0.98325,7.888358808987012,0.9281169957769311,7.903149481753863,7.888358808987012,0.9140791377023868,0.05513300422306888,0.06917086229761316,,,,,8
watts_strogatz,30,0.15,1.25,60,4.0,0.7302967433402214,0.18257418583505536,3.0,6.0,120.0,616.0,0.6550363493990503,7.980405729083703,5.000161785896353,0.008333333333333333,0.98325,7.913928920808191,0.928667936226414,7.899090304081676,7.913928920808191,0.9192620985096358,0.05458206377358599,0.06398790149036415,,,,,9
watts_strogatz,30,0.15,1.25,60,4.0,0.9309493362512627,0.2327373340628157,2.0,6.0,120.0,626.0,0.6032585663287043,8.378872442173819,4.95881110876565,0.01,0.973,7.850464152003077,0.9272899451650485,7.841141725822573,7.850464152003077,0.9080806858049487,0.0457100548349515,0.06491931419505126,,,,,10
watts_strogatz,30,0.15,1.25,60,4.0,0.8563488385776752,0.2140872096444188,2.0,6.0,120.0,622.0,0.5756690731556561,7.8240328723717925,4.923603587577611,0.008333333333333333,0.98075,7.875666348940872,0.9278413966902272,7.902738952015356,7.875666348940872,0.9131838030576906,0.05290860330977276,0.06756619694230936,,,,,11
watts_strogatz,30,0.15,1.25,60,4.0,0.9660917830792959,0.24152294576982397,2.0,6.0,120.0,628.0,0.5985861217377232,8.081528440581579,5.1576246897079825,0.005666666666666667,0.962,7.837953444209727,0.9270140944611683,7.855098967368937,7.837953444209727,0.9064330634426242,0.03498590553883163,0.05556693655737577,,,,,12
watts_strogatz,30,0.15,1.25,60,4.0,0.7745966692414834,0.19364916731037085,3.0,6.0,120.0,618.0,0.6002173395643632,7.730294029694705,4.818267211494863,0.014333333333333333,0.99025,7.9011128331746425,0.9283925092487344,7.875434216466823,7.9011128331746425,0.9184666303727542,0.061857490751265565,0.07178336962724574,,,,,13
watts_strogatz,30,0.15,1.25,60,4.0,0.816496580927726,0.2041241452319315,2.0,5.0,120.0,620.0,0.5236182002994556,7.628443946485432,5.10202096178202,0.006666666666666667,0.9715,7.888358808987012,0.9281169957769311,7.894275078093751,7.888358808987012,0.9136569719493512,0.043383004223068955,0.05784302805064878,,,,,14
watts_strogatz,30,0.15,1.25,60,4.0,0.6831300510639732,0.1707825127659933,2.0,5.0,120.0,614.0,0.3949268129065875,7.27887378994182,4.77960363776235,0.01,0.98675,7.926807576879856,0.9289432758259089,7.9104585362525395,7.926807576879856,0.9174162715125601,0.05780672417409116,0.0693337284874399,,,,,15
watts_strogatz,30,0.15,1.25,60,4.0,0.5163977794943222,0.12909944487358055,3.0,5.0,120.0,608.0,0.2977004549770589,7.391166395630159,4.873361556235654,0.009666666666666667,0.991,7.965824092727838,0.9297687614413254,7.960347588664088,7.965824092727838,0.9247742286783486,0.06123123855867463,0.06622577132165142,,,,,16
watts_strogatz,30,0.15,1.25,60,4.0,0.7302967433402214,0.18257418583505536,3.0,6.0,120.0,616.0,0.3813251416839052,8.115536036615246,4.962699537633794,0.008,0.98575,7.913928920808191,0.928667936226414,7.90354188909963,7.913928920808191,0.919128485497343,0.057082063773586045,0.06662151450265696,,,,,17
watts_strogatz,30,0.15,1.25,60,4.0,0.816496580927726,0.2041241452319315,2.0,5.0,120.0,620.0,0.4295618364744087,7.606786674670413,5.053599571036127,0.005,0.97375,7.888358808987012,0.9281169957769311,7.907093661158356,7.888358808987012,0.9131240885830337,0.04563300422306893,0.06062591141696627,,,,,18
watts_strogatz,30,0.15,1.25,60,4.0,0.6831300510639732,0.1707825127659933,3.0,5.0,120.0,614.0,0.40118530936149444,7.338639390891645,4.985898338226027,0.006,0.98775,7.926807576879856,0.9289432758259089,7.935725235403845,7.926807576879856,0.9206058367322628,0.05880672417409116,0.0671441632677372,,,,,19
watts_strogatz,30,0.15,1.75,60,4.0,0.9660917830792959,0.24152294576982397,3.0,8.0,120.0,628.0,0.19641819394968404,9.289242133130884,5.029677007087572,0.006666666666666667,1.0,15.362388750651066,0.986142430891041,15.310540688617621,15.362388750651066,0.9833391300549753,0.013857569108958967,0.016660869945024692,,,,,0
watts_strogatz,30,0.15,1.75,60,4.0,1.1832159566199232,0.2958039891549808,2.0,7.0,120.0,642.0,0.5196940789607617,8.920818299940287,4.91267844888022,0.012,1.0,15.19396279839524,0.9857513071683882,15.212005629218332,15.19396279839524,0.9802307928736878,0.014248692831611787,0.01976920712631225,,,,,1
watts_strogatz,30,0.15,1.75,60,4.0,0.8563488385776752,0.2140872096444188,2.0,6.0,120.0,622.0,0.5220395119728914,8.103942596892871,4.960503329315177,0.008666666666666666,1.0,15.436306043924107,0.9863094059773304,15.479720654672645,15.436306043924107,0.9829115366427864,0.013690594022669589,0.01708846335721359,,,,,2
watts_strogatz,30,0.15,1.75,60,4.0,0.7302967433402214,0.18257418583505536,2.0,5.0,120.0,616.0,0.41058933335252423,7.1665628418251,4.832730149106766,0.014666666666666666,1.0,15.511300684784054,0.9864759863665779,15.494819927806475,15.511300684784054,0.9833076894764241,0.01352401363342215,0.016692310523575893,,,,,3
watts_strogatz,30,0.15,1.75,60,4.0,1.4142135623730951,0.3535533905932738,2.0,8.0,120.0,660.0,0.5688153773698447,9.748754001512296,5.077225765022137,0.008333333333333333,1.0,14.985340136442131,0.9852453745843749,14.95255970489366,14.985340136442131,0.9757646320723227,0.014754625415625111,0.02423536792767733,,,,,4
watts_strogatz,30,0.15,1.75,60,4.0,0.8944271909999159,0.22360679774997896,3.0,6.0,120.0,624.0,0.5252213783963848,8.173587671332617,4.881716451196849,0.013333333333333334,1.0,15.41154852030144,0.9862537912948652,15.435629064864413,15.41154852030144,0.9834792059972228,0.013746208705134766,0.016520794002777173,,,,,5
watts_strogatz,30,0.15,1.75,60,4.0,0.7745966692414834,0.19364916731037085,2.0,6.0,120.0,618.0,0.6005955006260082,7.789708466340739,4.8861611802244775,0.010666666666666666,1.0,15.486181153022299,0.9864205036457395,15.43197951898672,15.486181153022299,0.9831380036337702,0.013579496354260479,0.01686199636622976,,,,,6
watts_strogatz,30,0.15,1.75,60,4.0,0.8563488385776752,0.2140872096444188,2.0,6.0,120.0,622.0,0.2864748857921324,7.988964505536087,4.889186522564148,0.013,1.0,15.436306043924107,0.9863094059773304,15.356230206321252,15.436306043924107,0.9824470486957375,0.013690594022669589,0.017552951304262487,,,,,7
watts_strogatz,30,0.15,1.75,60,4.0,0.8563488385776752,0.2140872096444188,3.0,6.0,120.0,622.0,0.5651808021727498,7.890382595289624,4.838846889403642,0.010333333333333333,1.0,15.436306043924107,0.9863094059773304,15.399644817069788,15.436306043924107,0.9834621331258936,0.013690594022669589,0.01653786687410641,,,,,8
watts_strogatz,30,0.15,1.75,60,4.0,0.7302967433402214,0.18257418583505536,2.0,6.0,120.0,616.0,0.31627031628243074,7.823871604565345,4.940342892799588,0.009,1.0,15.511300684784054,0.9864759863665779,15.476400258243293,15.511300684784054,0.9836304951375062,0.01352401363342215,0.016369504862493778,,,,,9
watts_strogatz,30,0.15,1.75,60,4.0,0.8563488385776752,0.2140872096444188,2.0,6.0,120.0,622.0,0.6002378354692421,8.183326063738258,4.87042414982967,0.010666666666666666,1.0,15.436306043924107,0.9863094059773304,15.438235582179598,15.436306043924107,0.9827534366195942,0.013690594022669589,0.017246563380405755,,,,,10
watts_strogatz,30,0.15,1.75,60,4.0,0.6324555320336759,0.15811388300841897,3.0,6.0,120.0,612.0,0.4399092218305854,7.625939159356162,5.034133525153479,0.007333333333333333,1.0,15.561908651820247,0.9865868189135496,15.54440150458695,15.561908651820247,0.9850258210142485,0.013413181086450399,0.014974178985751485,,,,,11
watts_strogatz,30,0.15,1.75,60,4.0,0.5773502691896257,0.14433756729740643,3.0,5.0,120.0,610.0,0.43016572178822954,7.502700853435898,4.926755894041462,0.007666666666666666,1.0,15.587399100766415,0.9866421684703852,15.564018002115267,15.587399100766415,0.9851667890822037,0.013357831529614783,0.014833210917796325,,,,,12
watts_strogatz,30,0.15,1.75,60,4.0,1.0327955589886444,0.2581988897471611,2.0,6.0,120.0,632.0,0.5331076457057912,8.400582858946883,4.913808869607215,0.009666666666666667,0.99975,15.313696429270882,0.9860308966376444,15.345280928156255,15.313696429270882,0.979132439501235,0.0137191033623556,0.020617560498765064,,,,,13
watts_strogatz,30,0.15,1.75,60,4.0,1.0327955589886444,0.2581988897471611,2.0,6.0,120.0,632.0,0.48625483831999405,8.07539755296818,5.002807993863951,0.009,1.0,15.313696429270882,0.9860308966376444,15.32135327748552,15.313696429270882,0.9804748278598711,0.013969103362355573,0.019525172140128944,,,,,14
watts_strogatz,30,0.15,1.75,60,4.0,0.8944271909999159,0.22360679774997896,2.0,7.0,120.0,624.0,0.4492614344046967,8.617769103092392,4.774362252881894,0.013,1.0,15.41154852030144,0.9862537912948652,15.399989858911212,15.41154852030144,0.9816435169670242,0.013746208705134766,0.018356483032975768,,,,,15
watts_strogatz,30,0.15,1.75,60,4.0,0.6831300510639732,0.1707825127659933,3.0,6.0,120.0,614.0,0.5435622115336359,7.92164494199544,4.912145188682271,0.008333333333333333,1.0,15.536542850684517,0.9865314248339463,15.572471106026725,15.536542850684517,0.9848058375881735,0.013468575166053709,0.015194162411826473,,,,,16
watts_strogatz,30,0.15,1.75,60,4.0,0.816496580927726,0.2041241452319315,2.0,6.0,120.0,620.0,0.5348481354948834,7.703959659469903,4.902710500640217,0.009,1.0,15.461183265614542,0.9863649768050246,15.447654730257131,15.461183265614542,0.9826895210877019,0.013635023194975449,0.01731047891229809,,,,,17
watts_strogatz,30,0.15,1.75,60,4.0,0.6324555320336759,0.15811388300841897,2.0,5.0,120.0,612.0,0.27725973189639375,7.171717609217166,4.955225562256889,0.009333333333333334,1.0,15.561908651820247,0.9865868189135496,15.551209839622123,15.561908651820247,0.9839697834414035,0.013413181086450399,0.01603021655859649,,,,,18
watts_strogatz,30,0.15,1.75,60,4.0,0.7302967433402214,0.18257418583505536,2.0,5.0,120.0,616.0,0.46023565932259547,7.352994530965258,4.901815729527306,0.009,1.0,15.511300684784054,0.9864759863665779,15.471552976779298,15.511300684784054,0.9832266352288188,0.01352401363342215,0.016773364771181187,,,,,19
watts_strogatz,30,0.15,2.5,60,4.0,0.8944271909999159,0.22360679774997896,3.0,6.0,120.0,624.0,0.5857148292227213,7.98841751713365,4.950545947049799,0.009666666666666667,1.0,31.45213983734988,0.9977618993025553,31.25752972210628,31.45213983734988,0.9972105492980086,0.002238100697444678,0.002789450701991436,,,,,0
watts_strogatz,30,0.15,2.5,60,4.0,1.0,0.25,2.0,6.0,120.0,630.0,0.3862387577300845,7.727955929010317,4.933289840475539,0.009,1.0,31.302009434389504,0.9977343704431191,31.13963026044861,31.302009434389504,0.9966867118087858,0.0022656295568809215,0.0033132881912142365,,,,,1
watts_strogatz,30,0.15,2.5,60,4.0,0.816496580927726,0.2041241452319315,3.0,6.0,120.0,620.0,0.46889677071433883,8.145514580596604,4.974999956623443,0.006333333333333333,1.0,31.553435235948047,0.9977802115701337,31.54357478743681,31.553435235948047,0.9973572624176351,0.002219788429866254,0.0026427375823648847,,,,,2
watts_strogatz,30,0.15,2.5,60,4.0,0.8563488385776752,0.2140872096444188,3.0,6.0,120.0,622.0,0.5701206859382077,7.810397185205631,4.94541552415662,0.009333333333333334,1.0,31.502665395763486,0.9977710594798456,31.536136977746484,31.502665395763486,0.9973171403978004,0.002228940520154432,0.0026828596021996054,,,,,3
watts_strogatz,30,0.15,2.5,60,4.0,0.8563488385776752,0.2140872096444188,3.0,7.0,120.0,622.0,0.4145084179921711,8.5052694288431,4.931908786581658,0.010333333333333333,1.0,31.502665395763486,0.9977710594798456,31.538105894333714,31.502665395763486,0.9973487851750618,0.002228940520154432,0.0026512148249382417,,,,,4
watts_strogatz,30,0.15,2.5,60,4.0,0.7745966692414834,0.19364916731037085,3.0,5.0,120.0,618.0,0.39527829851658147,7.262254945766657,5.012453470007942,0.007,1.0,31.60445133269857,0.9977893555538152,31.77037470219523,31.60445133269857,0.9973828981032942,0.002210644446184795,0.0026171018967058313,,,,,5
watts_strogatz,30,0.15,2.5,60,4.0,0.4472135954999579,0.11180339887498948,3.0,5.0,120.0,606.0,0.2936145135543931,7.478215969813975,4.70730236070368,0.015,1.0,31.915832756745893,0.9978440481056445,31.852001091232395,31.915832756745893,0.9976898980408603,0.002155951894355468,0.002310101959139721,,,,,6
watts_strogatz,30,0.15,2.5,60,4.0,0.816496580927726,0.2041241452319315,2.0,6.0,120.0,620.0,0.3211582030829685,7.727546057146796,4.787582885656201,0.015,1.0,31.553435235948047,0.9977802115701337,31.673732707785096,31.553435235948047,0.9971907078842829,0.002219788429866254,0.0028092921157171213,,,,,7
watts_strogatz,30,0.15,2.5,60,4.0,0.8563488385776752,0.2140872096444188,2.0,5.0,120.0,622.0,0.5878314989409021,7.649051244040364,4.882051919131487,0.012666666666666666,1.0,31.502665395763486,0.9977710594798456,31.423908732274075,31.502665395763486,0.9970599279919518,0.002228940520154432,0.0029400720080482445,,,,,8
watts_strogatz,30,0.15,2.5,60,4.0,0.8944271909999159,0.22360679774997896,2.0,6.0,120.0,624.0,0.19041894856992628,7.741839616813799,4.9271685539826535,0.006333333333333333,1.0,31.45213983734988,0.9977618993025553,31.458037113569386,31.45213983734988,0.9968762385120132,0.002238100697444678,0.003123761487986765,,,,,9
watts_strogatz,30,0.15,2.5,60,4.0,0.9309493362512627,0.2327373340628157,2.0,6.0,120.0,626.0,0.37954599219739604,8.249064550913964,5.053145161051252,0.013666666666666667,1.0,31.40185660801231,0.9977527310577601,31.488211713684343,31.40185660801231,0.9970289534948134,0.0022472689422399217,0.0029710465051866475,,,,,10
watts_strogatz,30,0.15,2.5,60,4.0,0.8563488385776752,0.2140872096444188,3.0,6.0,120.0,622.0,0.5991065240000131,7.533039723479663,4.755135188532259,0.019666666666666666,1.0,31.502665395763486,0.9977710594798456,31.425877648861306,31.502665395763486,0.9972575783297457,0.002228940520154432,0.0027424216702542914,,,,,11
watts_strogatz,30,0.15,2.5,60,4.0,0.7745966692414834,0.19364916731037085,2.0,6.0,120.0,618.0,0.2248939692427866,7.649498244303039,4.97198387862776,0.007,1.0,31.60445133269857,0.9977893555538152,31.468157136326298,31.60445133269857,0.9972214671114461,0.002210644446184795,0.0027785328885538974,,,,,12
watts_strogatz,30,0.15,2.5,60,4.0,0.816496580927726,0.2041241452319315,2.0,6.0,120.0,620.0,0.4530957176215686,7.85091579292906,4.894451915524049,0.012333333333333333,1.0,31.553435235948047,0.9977802115701337,31.638235093144655,31.553435235948047,0.9972100806946708,0.002219788429866254,0.002789919305329236,,,,,13
watts_strogatz,30,0.15,2.5,60,4.0,0.6324555320336759,0.15811388300841897,3.0,5.0,120.0,612.0,0.38816413830348373,7.366822533067228,4.7841423006728645,0.012666666666666666,1.0,31.75899724861275,0.9978167386675562,31.792741183189396,31.75899724861275,0.9975347657481798,0.002183261332443842,0.002465234251820214,,,,,14
watts_strogatz,30,0.15,2.5,60,4.0,0.8944271909999159,0.22360679774997896,2.0,6.0,120.0,624.0,0.5275976262650481,7.927415661550945,5.073371748522199,0.008666666666666666,1.0,31.45213983734988,0.9977618993025553,31.517009875764412,31.45213983734988,0.9971461271438374,0.002238100697444678,0.002853872856162565,,,,,15
watts_strogatz,30,0.15,2.5,60,4.0,0.9309493362512627,0.2327373340628157,2.0,6.0,120.0,626.0,0.25069464647062123,8.131597911298833,4.848560529380573,0.012333333333333333,1.0,31.40185660801231,0.9977527310577601,31.35082859102429,31.40185660801231,0.9970092085424519,0.0022472689422399217,0.002990791457548103,,,,,16
watts_strogatz,30,0.15,2.5,60,4.0,0.8563488385776752,0.2140872096444188,2.0,6.0,120.0,622.0,0.5863808423853404,7.751354025672525,4.781550683452349,0.012,1.0,31.502665395763486,0.9977710594798456,31.56960855972948,31.502665395763486,0.9972058667582632,0.002228940520154432,0.002794133241736829,,,,,17
watts_strogatz,30,0.15,2.5,60,4.0,0.9309493362512627,0.2327373340628157,2.0,7.0,120.0,626.0,0.5221134630677284,8.53219580190722,5.006881464959948,0.008,1.0,31.40185660801231,0.9977527310577601,31.331202430644275,31.40185660801231,0.9971125181766531,0.0022472689422399217,0.00288748182334686,,,,,18
watts_strogatz,30,0.15,2.5,60,4.0,0.6831300510639732,0.1707825127659933,3.0,5.0,120.0,614.0,0.6193432940014663,7.538480098096348,4.844161991905364,0.009666666666666667,1.0,31.707230307519424,0.9978076191224015,31.828114123066836,31.707230307519424,0.9975015082580894,0.002192380877598543,0.0024984917419106356,,,,,19
watts_strogatz,30,0.25,0.75,60,4.0,0.8563488385776752,0.2140872096444188,2.0,5.0,120.0,622.0,0.5401924759014423,7.736037001046988,13.663830682342777,0.009,0.09,1.0206863588227368,0.06425604187123331,1.0223449741558235,1.0206863588227368,0.06884644335953544,0.02574395812876669,0.02115355664046456,,,,,0
watts_strogatz,30,0.25,0.75,60,4.0,1.0,0.25,2.0,7.0,120.0,630.0,0.34670049337736475,8.45460737935601,13.938060294096319,0.010333333333333333,0.0805,1.01418510567422,0.06327916313701602,1.0193194177716955,1.01418510567422,0.06967770115719346,0.01722083686298398,0.01082229884280654,,,,,1
watts_strogatz,30,0.25,0.75,60,4.0,0.5773502691896257,0.14433756729740643,3.0,6.0,120.0,610.0,0.2043891384723084,7.772421415895245,13.785215696272966,0.009333333333333334,0.0885,1.030677001764963,0.06577222610741056,1.033446946207206,1.030677001764963,0.0682265951630455,0.02272777389258944,0.0202734048369545,,,,,2
watts_strogatz,30,0.25,0.75,60,4.0,1.0,0.25,2.0,6.0,120.0,630.0,0.49796287721935495,7.818146806110347,13.855515584332693,0.011333333333333334,0.0795,1.01418510567422,0.06327916313701602,1.0150725176416848,1.01418510567422,0.06896425577595809,0.01622083686298398,0.01053574422404191,,,,,3
watts_strogatz,30,0.25,0.75,60,4.0,0.6324555320336759,0.15811388300841897,3.0,5.0,120.0,612.0,0.6877592445748606,7.660389001454715,13.657353848131079,0.011333333333333334,0.094,1.0289915108550531,0.06551516434159355,1.0334290367456156,1.0289915108550531,0.06853181227217138,0.028484835658406454,0.02546818772782862,,,,,4
watts_strogatz,30,0.25,0.75,60,4.0,0.816496580927726,0.2041241452319315,2.0,6.0,120.0,620.0,0.39466869432082635,7.562714268083354,13.45659358194717,0.014333333333333333,0.108,1.0223313016447166,0.06450443153171342,1.0218840317002469,1.0223313016447166,0.06829343333552358,0.043495568468286575,0.03970656666447642,,,,,5
watts_strogatz,30,0.25,0.75,60,4.0,0.9660917830792959,0.24152294576982397,2.0,6.0,120.0,628.0,0.37897150768639976,7.730329429630057,13.421713964195371,0.014,0.09775,1.0157987663695807,0.0635209129621451,1.0080533007760126,1.0157987663695807,0.06761354349118442,0.034229087037854905,0.03013645650881558,,,,,6
watts_strogatz,30,0.25,0.75,60,4.0,0.8563488385776752,0.2140872096444188,2.0,6.0,120.0,622.0,0.40722315761099515,7.647086122578976,14.26303154650521,0.005333333333333333,0.06925,1.0206863588227368,0.06425604187123331,1.017560506848842,1.0206863588227368,0.06815150921801799,0.004993958128766698,0.0010984907819820144,,,,,7
watts_strogatz,30,0.25,0.75,60,4.0,0.8563488385776752,0.2140872096444188,3.0,6.0,120.0,622.0,0.604530111398196,8.12874528766937,13.334258509703206,0.016666666666666666,0.1165,1.0206863588227368,0.06425604187123331,1.0248966900528804,1.0206863588227368,0.06898443111327462,0.0522439581287667,0.04751556888672538,,,,,8
watts_strogatz,30,0.25,0.75,60,4.0,0.7745966692414834,0.19364916731037085,3.0,6.0,120.0,618.0,0.5626879493752335,8.327574136834947,13.394323845953387,0.011,0.108,1.0239842231794336,0.06475452182023846,1.0268641788071253,1.0239842231794336,0.06873160152356948,0.04324547817976154,0.039268398476430516,,,,,9
watts_strogatz,30,0.25,0.75,60,4.0,1.0645812948447542,0.26614532371118854,2.0,7.0,120.0,634.0,0.5262883762351716,8.665830116634046,13.774457260366983,0.011666666666666667,0.09,1.0109807213431148,0.0628005089084987,1.0064313080970708,1.0109807213431148,0.06832855589446517,0.0271994910915013,0.02167144410553483,,,,,10
watts_strogatz,30,0.25,0.75,60,4.0,0.7302967433402214,0.18257418583505536,3.0,6.0,120.0,616.0,0.5150240392330014,7.849330122109347,13.39272056884424,0.008333333333333333,0.10625,1.0256451881367414,0.06500632941880768,1.0243631316515707,1.0256451881367414,0.06785955570030412,0.04124367058119231,0.038390444299695875,,,,,11
watts_strogatz,30,0.25,0.75,60,4.0,0.7745966692414834,0.19364916731037085,2.0,6.0,120.0,618.0,0.457673203826534,7.78344701850932,13.099742923320177,0.013333333333333334,0.1155,1.0239842231794336,0.06475452182023846,1.019376294175126,1.0239842231794336,0.06758357105147007,0.05074547817976155,0.04791642894852993,,,,,12
watts_strogatz,30,0.25,0.75,60,4.0,1.0,0.25,2.0,7.0,120.0,630.0,0.4188369513142952,8.565681374928452,13.567910061296864,0.008666666666666666,0.109,1.01418510567422,0.06327916313701602,1.0155796101945218,1.01418510567422,0.06874253620566051,0.04572083686298398,0.04025746379433949,,,,,13
watts_strogatz,30,0.25,0.75,60,4.0,0.816496580927726,0.2041241452319315,2.0,6.0,120.0,620.0,0.38530260932905713,7.904918276442987,13.251206489424419,0.012666666666666666,0.10025,1.0223313016447166,0.06450443153171342,1.0179224979063737,1.0223313016447166,0.06770657968882376,0.03574556846828658,0.03254342031117624,,,,,14
watts_strogatz,30,0.25,0.75,60,4.0,0.5163977794943222,0.12909944487358055,3.0,5.0,120.0,608.0,0.3220648573554454,7.261756313989029,13.300013603546109,0.010333333333333333,0.10675,1.0323708024175278,0.06603107407334163,1.0355324379999316,1.0323708024175278,0.06808630214187446,0.040718925926658364,0.03866369785812554,,,,,15
watts_strogatz,30,0.25,0.75,60,4.0,0.7302967433402214,0.18257418583505536,2.0,5.0,120.0,616.0,0.3944695015701166,7.121761622400151,13.61435324184408,0.01,0.10125,1.0256451881367414,0.06500632941880768,1.0317349564413034,1.0256451881367414,0.06904152832044748,0.03624367058119232,0.03220847167955253,,,,,16
watts_strogatz,30,0.25,0.75,60,4.0,0.7302967433402214,0.18257418583505536,2.0,5.0,120.0,616.0,0.42676519555754827,7.570815293594606,13.938346417241664,0.005666666666666667,0.07975,1.0256451881367414,0.06500632941880768,1.0289144321739272,1.0256451881367414,0.06857104470644612,0.014743670581192317,0.01117895529355388,,,,,17
watts_strogatz,30,0.25,0.75,60,4.0,0.9660917830792959,0.24152294576982397,2.0,6.0,120.0,628.0,0.5936942526969933,8.1121445451213,13.738950557950968,0.006333333333333333,0.09025,1.0157987663695807,0.0635209129621451,1.024306081037926,1.0157987663695807,0.07010237258341126,0.0267290870378549,0.020147627416588737,,,,,18
watts_strogatz,30,0.25,0.75,60,4.0,0.816496580927726,0.2041241452319315,3.0,6.0,120.0,620.0,0.3453920616967648,8.060911914151918,13.899226720142378,0.010333333333333333,0.07875,1.0223313016447166,0.06450443153171342,1.0194559948588409,1.0223313016447166,0.0680558866914713,0.014245568468286576,0.010694113308528694,,,,,19
watts_strogatz,30,0.25,1.25,60,4.0,0.7745966692414834,0.19364916731037085,2.0,6.0,120.0,618.0,0.3631441120335377,7.510659309963085,13.703372427792536,0.008666666666666666,0.4525,2.844400619942871,0.4865094516520334,2.835867418083043,2.844400619942871,0.4755138715790896,-0.034009451652033396,-0.023013871579089573,,,,,0
watts_strogatz,30,0.25,1.25,60,4.0,0.5773502691896257,0.14433756729740643,3.0,5.0,120.0,610.0,0.4045356619018553,7.344972286018894,13.24367053043688,0.012333333333333333,0.5175,2.8629916715693415,0.49067797718655043,2.8594129319798793,2.8629916715693415,0.48405004567232024,0.02682202281344953,0.03344995432767972,,,,,1
watts_strogatz,30,0.25,1.25,60,4.0,0.9660917830792959,0.24152294576982397,2.0,7.0,120.0,628.0,0.5235971153363738,8.332129238163724,13.362243585117096,0.013333333333333334,0.488,2.8216632399155017,0.4813766719496139,2.81937063853307,2.8216632399155017,0.465753645761734,0.006623328050386068,0.022246354238265986,,,,,2
watts_strogatz,30,0.25,1.25,60,4.0,1.2909944487358056,0.3227486121839514,2.0,7.0,120.0,650.0,0.38132463901691815,9.056472899152835,13.638767809361422,0.011333333333333334,0.44675,2.7735009811261455,0.47038108539916457,2.763793727692205,2.7735009811261455,0.44542361075400494,-0.023631085399164586,0.001326389245995041,,,,,3
watts_strogatz,30,0.25,1.25,60,4.0,0.9309493362512627,0.2327373340628157,2.0,6.0,120.0,626.0,0.5071347658586923,7.735896057333803,13.718689296325643,0.007333333333333333,0.45125,2.8261670947211077,0.4823963794941312,2.8113297174738223,2.8261670947211077,0.4651659922388045,-0.031146379494131238,-0.01391599223880452,,,,,4
watts_strogatz,30,0.25,1.25,60,4.0,0.6831300510639732,0.1707825127659933,2.0,5.0,120.0,614.0,0.18687846150636922,7.133911407248712,13.721162635175265,0.010666666666666666,0.456,2.8536507276767478,0.4885867268953626,2.8434845969594,2.8536507276767478,0.47926485416443937,-0.03258672689536257,-0.023264854164439353,,,,,5
watts_strogatz,30,0.25,1.25,60,4.0,0.8563488385776752,0.2140872096444188,3.0,6.0,120.0,622.0,0.2563896313649494,7.70261414915859,13.755072729007392,0.008666666666666666,0.45225,2.8352398856187135,0.48444603956209975,2.8462264401754864,2.8352398856187135,0.47408148674103406,-0.032196039562099765,-0.02183148674103408,,,,,6
watts_strogatz,30,0.25,1.25,60,4.0,0.8563488385776752,0.2140872096444188,2.0,6.0,120.0,622.0,0.38742146881808753,8.28802496865375,13.372385615597446,0.014,0.482,2.8352398856187135,0.48444603956209975,2.7955465272200515,2.8352398856187135,0.46440990091607565,-0.0024460395620997666,0.017590099083924338,,,,,7
watts_strogatz,30,0.25,1.25,60,4.0,0.7745966692414834,0.19364916731037085,2.0,6.0,120.0,618.0,0.3269504342257106,7.661713020006069,12.993352006013804,0.016,0.546,2.844400619942871,0.4865094516520334,2.8415562193229285,2.844400619942871,0.47647884196899076,0.05949054834796663,0.06952115803100928,,,,,8
watts_strogatz,30,0.25,1.25,60,4.0,1.0327955589886444,0.2581988897471611,2.0,6.0,120.0,632.0,0.6202067545281423,8.027352442291567,13.465872671667126,0.012666666666666666,0.4715,2.81271975231506,0.47934743322365936,2.8012930783212804,2.81271975231506,0.4626537817932318,-0.007847433223659384,0.008846218206768175,,,,,9
watts_strogatz,30,0.25,1.25,60,4.0,0.8944271909999159,0.22360679774997896,3.0,6.0,120.0,624.0,0.5136444243151796,8.18491114210365,14.089760231975216,0.008333333333333333,0.41625,2.830692585361489,0.48341949744114665,2.8048625155200657,2.830692585361489,0.46425532191149976,-0.06716949744114664,-0.048005321911499754,,,,,10
watts_strogatz,30,0.25,1.25,60,4.0,0.7302967433402214,0.18257418583505536,3.0,5.0,120.0,616.0,0.4019488218285607,7.682952049001525,13.432746874187979,0.011666666666666667,0.48875,2.8490144114909484,0.4875463494039449,2.8518634259024394,2.8490144114909484,0.4790181459049478,0.0012036505960550947,0.009731854095052228,,,,,11
watts_strogatz,30,0.25,1.25,60,4.0,0.816496580927726,0.2041241452319315,3.0,6.0,120.0,620.0,0.38399125882072005,7.96978009108623,13.656182892021793,0.013,0.4695,2.839809171235324,0.4854760196765476,2.8311122556484163,2.839809171235324,0.4718149539823618,-0.015976019676547604,-0.0023149539823618115,,,,,12
watts_strogatz,30,0.25,1.25,60,4.0,1.0327955589886444,0.2581988897471611,3.0,6.0,120.0,632.0,0.7844272356087645,8.14592233889292,13.354147673063821,0.016,0.491,2.81271975231506,0.47934743322365936,2.810610212500823,2.81271975231506,0.4608655797657044,0.011652566776340634,0.030134420234295578,,,,,13
watts_strogatz,30,0.25,1.25,60,4.0,0.7302967433402214,0.18257418583505536,3.0,6.0,120.0,616.0,0.550970361232042,7.812243519037237,13.504849826858225,0.008333333333333333,0.481,2.8490144114909484,0.4875463494039449,2.8586298351297303,2.8490144114909484,0.4804510989890165,-0.00654634940394494,0.0005489010109834824,,,,,14
watts_strogatz,30,0.25,1.25,60,4.0,0.9660917830792959,0.24152294576982397,2.0,7.0,120.0,628.0,0.34401548237097307,8.428751450350955,13.544903698141939,0.012333333333333333,0.47625,2.8216632399155017,0.4813766719496139,2.8204287622480386,2.8216632399155017,0.46678755155250995,-0.005126671949613915,0.009462448447490057,,,,,15
watts_strogatz,30,0.25,1.25,60,4.0,0.816496580927726,0.2041241452319315,3.0,6.0,120.0,620.0,0.5875482181613042,7.719468538639429,13.747849965982914,0.009666666666666667,0.45125,2.839809171235324,0.4854760196765476,2.8197530189634743,2.839809171235324,0.46927915857807195,-0.03422601967654759,-0.01802915857807197,,,,,16
watts_strogatz,30,0.25,1.25,60,4.0,0.8944271909999159,0.22360679774997896,3.0,6.0,120.0,624.0,0.3419191406184257,8.239355074491908,13.462417922181203,0.012666666666666666,0.46775,2.830692585361489,0.48341949744114665,2.819192896733458,2.830692585361489,0.46718392004050135,-0.01566949744114665,0.0005660799594986443,,,,,17
watts_strogatz,30,0.25,1.25,60,4.0,0.7745966692414834,0.19364916731037085,3.0,5.0,120.0,618.0,0.3875322272466565,7.530693404029966,13.408680466107612,0.010666666666666666,0.4845,2.844400619942871,0.4865094516520334,2.8410228942066893,2.844400619942871,0.47547696943388135,-0.0020094516520334227,0.00902303056611864,,,,,18
watts_strogatz,30,0.25,1.25,60,4.0,0.9660917830792959,0.24152294576982397,2.0,6.0,120.0,628.0,0.31207721727322046,7.916111078813011,13.800431299278795,0.01,0.445,2.8216632399155017,0.4813766719496139,2.8197233464380598,2.8216632399155017,0.46720225542016075,-0.036376671949613915,-0.022202255420160744,,,,,19
watts_strogatz,30,0.25,1.75,60,4.0,0.9660917830792959,0.24152294576982397,3.0,7.0,120.0,628.0,0.47932029731655773,8.727904465224674,13.50921335670736,0.012333333333333333,0.9035,5.530459950234383,0.8387205493496054,5.50522722671144,5.530459950234383,0.8122236500425679,0.06477945065039459,0.09127634995743206,,,,,0
watts_strogatz,30,0.25,1.75,60,4.0,0.7302967433402214,0.18257418583505536,3.0,6.0,120.0,616.0,0.5224261081313878,8.06764243995134,13.586714398070406,0.015333333333333332,0.91475,5.584068246522259,0.8420341735730819,5.578484178275738,5.584068246522259,0.8266487465856835,0.0727158264269181,0.0881012534143164,,,,,1
watts_strogatz,30,0.25,1.75,60,4.0,0.9309493362512627,0.2327373340628157,2.0,6.0,120.0,626.0,0.5103880899656017,8.001163676584175,13.91900394659808,0.01,0.86925,5.539287505653371,0.8392722473919895,5.522323437667308,5.539287505653371,0.8112589505010832,0.0299777526080105,0.05799104949891676,,,,,2
watts_strogatz,30,0.25,1.75,60,4.0,0.8563488385776752,0.2140872096444188,2.0,6.0,120.0,622.0,0.3870110979449958,7.819877561655268,13.171455078016827,0.018333333333333333,0.91,5.557070175812679,0.8403763357019285,5.542830183487158,5.557070175812679,0.8170615375465023,0.06962366429807154,0.09293846245349768,,,,,3
watts_strogatz,30,0.25,1.75,60,4.0,0.816496580927726,0.2041241452319315,2.0,6.0,120.0,620.0,0.39625612076898614,7.942699622652716,13.84318729624753,0.009333333333333334,0.87725,5.566025975621235,0.8409287226298728,5.5472406379535135,5.566025975621235,0.8187166470576661,0.036321277370127136,0.05853335294233386,,,,,4
watts_strogatz,30,0.25,1.75,60,4.0,0.8563488385776752,0.2140872096444188,3.0,6.0,120.0,622.0,0.16305997087466567,7.965453667692617,13.862202759236752,0.009333333333333334,0.87875,5.557070175812679,0.8403763357019285,5.558459443356632,5.557070175812679,0.8199971484549,0.03837366429807154,0.058752851545100016,,,,,5
watts_strogatz,30,0.25,1.75,60,4.0,0.9660917830792959,0.24152294576982397,2.0,6.0,120.0,628.0,0.4294820099851942,8.016457893991099,13.915623213967574,0.006666666666666667,0.87675,5.530459950234383,0.8387205493496054,5.545668715097529,5.530459950234383,0.811999363160658,0.03802945065039465,0.06475063683934201,,,,,6
watts_strogatz,30,0.25,1.75,60,4.0,1.0645812948447542,0.26614532371118854,2.0,6.0,120.0,634.0,0.6017220862885412,8.168215868439667,14.059770195006028,0.007666666666666666,0.84675,5.504228371756958,0.83706685940797,5.505604428849896,5.504228371756958,0.8007233921377814,0.009683140592030015,0.04602660786221857,,,,,7
watts_strogatz,30,0.25,1.75,60,4.0,1.0645812948447542,0.26614532371118854,3.0,8.0,120.0,634.0,0.4185031814860879,9.470161107527534,13.787519757994417,0.011,0.8805,5.504228371756958,0.83706685940797,5.500788229024609,5.504228371756958,0.8110995472799741,0.04343314059202996,0.06940045272002582,,,,,8
watts_strogatz,30,0.25,1.75,60,4.0,1.0327955589886444,0.2581988897471611,3.0,6.0,120.0,632.0,0.501823460448643,8.284277058093314,13.826634795127427,0.010333333333333333,0.88425,5.512930714537517,0.8376178537308306,5.528091274002495,5.512930714537517,0.8096098587987485,0.04663214626916934,0.07464014120125151,,,,,9
watts_strogatz,30,0.25,1.75,60,4.0,0.8944271909999159,0.22360679774997896,2.0,7.0,120.0,624.0,0.5536379836537133,8.398548362011155,14.173436712305916,0.007666666666666666,0.866,5.548157467308519,0.8398241767302789,5.562027860976789,5.548157467308519,0.8182449062910879,0.02617582326972112,0.047755093708912066,,,,,10
watts_strogatz,30,0.25,1.75,60,4.0,0.7745966692414834,0.19364916731037085,2.0,6.0,120.0,618.0,0.5606227044591838,7.708081347523777,13.777546902918356,0.010333333333333333,0.892,5.5750252150880275,0.84148133582241,5.604642536543184,5.5750252150880275,0.8248625297639223,0.05051866417758999,0.06713747023607775,,,,,11
watts_strogatz,30,0.25,1.75,60,4.0,0.6831300510639732,0.1707825127659933,3.0,6.0,120.0,614.0,0.37702339563482906,7.759187495369111,13.254333907291967,0.015333333333333332,0.9205,5.593155426246426,0.842587234160555,5.562393071402071,5.593155426246426,0.8276731290385136,0.07791276583944495,0.09282687096148634,,,,,12
watts_strogatz,30,0.25,1.75,60,4.0,1.0645812948447542,0.26614532371118854,2.0,7.0,120.0,634.0,0.5263913670308079,8.447265862804583,13.668341864936135,0.009333333333333334,0.88925,5.504228371756958,0.83706685940797,5.549638255823953,5.504228371756958,0.8072038761770268,0.05218314059203,0.08204612382297316,,,,,13
watts_strogatz,30,0.25,1.75,60,4.0,0.5773502691896257,0.14433756729740643,3.0,5.0,120.0,610.0,0.4788999728089649,7.270131776417954,13.208193233653438,0.014,0.9345,5.611463676275909,0.8436940168854682,5.6058522125996335,5.611463676275909,0.8335750632731895,0.09080598311453181,0.10092493672681047,,,,,14
watts_strogatz,30,0.25,1.75,60,4.0,0.8944271909999159,0.22360679774997896,2.0,6.0,120.0,624.0,0.5716434910123364,7.964460899220683,13.70423210983777,0.009333333333333334,0.88075,5.548157467308519,0.8398241767302789,5.511747683929307,5.548157467308519,0.8114112302028184,0.04092582326972116,0.06933876979718168,,,,,15
watts_strogatz,30,0.25,1.75,60,4.0,0.816496580927726,0.2041241452319315,3.0,6.0,120.0,620.0,0.3912546307071007,8.248529302616461,13.53950711292205,0.009333333333333334,0.91275,5.566025975621235,0.8409287226298728,5.583767683418527,5.566025975621235,0.8230762829350018,0.07182127737012711,0.08967371706499816,,,,,16
watts_strogatz,30,0.25,1.75,60,4.0,1.0,0.25,2.0,6.0,120.0,630.0,0.6058536213891361,7.949146545096546,13.871493461023988,0.010666666666666666,0.8675,5.521674464226308,0.8381690842512682,5.526505929382506,5.521674464226308,0.8063644436799892,0.02933091574873181,0.061135556320010886,,,,,17
watts_strogatz,30,0.25,1.75,60,4.0,0.5773502691896257,0.14433756729740643,3.0,6.0,120.0,610.0,0.3712911502121767,7.561875764391835,13.698298789071035,0.008666666666666666,0.91025,5.611463676275909,0.8436940168854682,5.633208098021478,5.611463676275909,0.8353820091816175,0.06655598311453181,0.07486799081838247,,,,,18
watts_strogatz,30,0.25,1.75,60,4.0,0.816496580927726,0.2041241452319315,2.0,6.0,120.0,620.0,0.501218228585759,7.760173399730718,13.371438042562863,0.015,0.89975,5.566025975621235,0.8409287226298728,5.579941040560287,5.566025975621235,0.8183834884212635,0.05882127737012721,0.08136651157873653,,,,,19
watts_strogatz,30,0.25,2.5,60,4.0,0.7302967433402214,0.18257418583505536,2.0,5.0,120.0,616.0,0.7135194465883135,7.468212692827383,13.752510095554788,0.01,0.9965,11.396057645963793,0.9706928415530498,11.409590464418375,11.396057645963793,0.9647000567038075,0.02580715844695025,0.03179994329619251,,,,,0
watts_strogatz,30,0.25,2.5,60,4.0,0.9309493362512627,0.2327373340628157,2.0,6.0,120.0,626.0,0.38272825615308925,7.835913966934119,13.822413174597028,0.012,0.99825,11.30466837888443,0.9701005486578441,11.284178667447705,11.30466837888443,0.9607647134676301,0.02814945134215585,0.03748528653236982,,,,,1
watts_strogatz,30,0.25,2.5,60,4.0,0.8563488385776752,0.2140872096444188,3.0,7.0,120.0,622.0,0.49342856461930934,8.418143054766183,13.094631449894017,0.014333333333333333,1.0,11.340959542474854,0.9703376998154802,11.382779330787729,11.340959542474854,0.9653809152139766,0.029662300184519763,0.03461908478602338,,,,,2
watts_strogatz,30,0.25,2.5,60,4.0,0.5163977794943222,0.12909944487358055,3.0,5.0,120.0,608.0,0.281958945982577,7.242061247046584,13.593079264597936,0.012333333333333333,1.0,11.470786693528087,0.9711652585115996,11.501614432766942,11.470786693528087,0.9691665685404512,0.028834741488400373,0.030833431459548755,,,,,3
watts_strogatz,30,0.25,2.5,60,4.0,0.9660917830792959,0.24152294576982397,2.0,7.0,120.0,628.0,0.300264994064778,8.694779024526635,13.541707209743613,0.011666666666666667,0.99775,11.286652959662007,0.9699818570215296,11.304993770721458,11.286652959662007,0.9581939766415919,0.02776814297847041,0.03955602335840813,,,,,4
watts_strogatz,30,0.25,2.5,60,4.0,1.0954451150103321,0.27386127875258304,2.0,6.0,120.0,636.0,0.3078280865754084,8.45401956168416,13.932188458842298,0.007666666666666666,0.99575,11.215443081840887,0.9695063239970996,11.272922227635322,11.215443081840887,0.9578831684162835,0.02624367600290045,0.03786683158371651,,,,,5
watts_strogatz,30,0.25,2.5,60,4.0,0.6324555320336759,0.15811388300841897,3.0,6.0,120.0,612.0,0.293018747413683,7.6484777734656655,13.443887406021659,0.009333333333333334,1.0,11.43323900950059,0.9709292090104601,11.435382741814871,11.43323900950059,0.9678808743093873,0.029070790989539907,0.032119125690612704,,,,,6
watts_strogatz,30,0.25,2.5,60,4.0,0.816496580927726,0.2041241452319315,3.0,6.0,120.0,620.0,0.2840158199621699,8.001478113163358,13.578896712552542,0.009666666666666667,0.99975,11.359236684941296,0.9704561587102024,11.398284061045782,11.359236684941296,0.9656821784050541,0.029293841289797617,0.034067821594945924,,,,,7
watts_strogatz,30,0.25,2.5,60,4.0,0.8563488385776752,0.2140872096444188,2.0,6.0,120.0,622.0,0.635975850231053,7.531172938314259,13.640403428709822,0.009333333333333334,0.99675,11.340959542474854,0.9703376998154802,11.391993860415988,11.340959542474854,0.9622094435383206,0.026412300184519788,0.03454055646167942,,,,,8
watts_strogatz,30,0.25,2.5,60,4.0,0.7745966692414834,0.19364916731037085,2.0,6.0,120.0,618.0,0.31121125481702006,7.7575487950823785,13.383122535432245,0.012333333333333333,0.99875,11.377602479771484,0.9705745393951527,11.322847767837585,11.377602479771484,0.963500811203836,0.028175460604847324,0.03524918879616401,,,,,9
watts_strogatz,30,0.25,2.5,60,4.0,0.5773502691896257,0.14433756729740643,3.0,6.0,120.0,610.0,0.3993908323284627,7.923802205816593,13.787356942836864,0.009,1.0,11.451966686277366,0.971047273667272,11.48489109050041,11.451966686277366,0.968956359569972,0.02895272633272805,0.031043640430028052,,,,,10
watts_strogatz,30,0.25,2.5,60,4.0,0.5773502691896257,0.14433756729740643,3.0,5.0,120.0,610.0,0.41619994528302345,7.6037974733416185,13.730380539120835,0.009,1.0,11.451966686277366,0.971047273667272,11.459124165456288,11.451966686277366,0.9682388055936396,0.02895272633272805,0.03176119440636038,,,,,11
watts_strogatz,30,0.25,2.5,60,4.0,0.7745966692414834,0.19364916731037085,3.0,6.0,120.0,618.0,0.537852662642617,7.542024266687344,13.620422801495446,0.008333333333333333,0.99925,11.377602479771484,0.9705745393951527,11.44515699449513,11.377602479771484,0.966086234488761,0.02867546060484727,0.03316376551123901,,,,,12
watts_strogatz,30,0.25,2.5,60,4.0,0.6324555320336759,0.15811388300841897,3.0,5.0,120.0,612.0,0.3443855043527323,7.0019511871400395,13.456151343715026,0.010666666666666666,0.99975,11.43323900950059,0.9709292090104601,11.472540768595747,11.43323900950059,0.9677775127869804,0.028820790989539935,0.031972487213019596,,,,,13
watts_strogatz,30,0.25,2.5,60,4.0,0.9660917830792959,0.24152294576982397,2.0,6.0,120.0,628.0,0.3884919474810115,8.146815345501953,13.475409636975126,0.010666666666666666,0.998,11.286652959662007,0.9699818570215296,11.298645028431649,11.286652959662007,0.9580750454903201,0.028018142978470384,0.03992495450967992,,,,,14
watts_strogatz,30,0.25,2.5,60,4.0,0.9660917830792959,0.24152294576982397,2.0,6.0,120.0,628.0,0.47392767650237483,7.869207763131268,13.631452247323516,0.01,0.9995,11.286652959662007,0.9699818570215296,11.375535351719346,11.286652959662007,0.961462469427809,0.02951814297847044,0.03803753057219106,,,,,15
watts_strogatz,30,0.25,2.5,60,4.0,0.9660917830792959,0.24152294576982397,2.0,6.0,120.0,628.0,0.25572765198320585,8.03441434484486,13.711640140629614,0.011666666666666667,0.99775,11.286652959662007,0.9699818570215296,11.288769207091944,11.286652959662007,0.9599804413568427,0.02776814297847041,0.03776955864315734,,,,,16
watts_strogatz,30,0.25,2.5,60,4.0,1.0,0.25,2.0,7.0,120.0,630.0,0.35623160364690415,8.577828782548767,13.55260500619224,0.014666666666666666,0.99825,11.26872339638022,0.9698630884286695,11.25604608255929,11.26872339638022,0.9595662842430507,0.028386911571330442,0.03868371575694929,,,,,17
watts_strogatz,30,0.25,2.5,60,4.0,0.8944271909999159,0.22360679774997896,2.0,7.0,120.0,624.0,0.33769251794618577,8.70227424900338,13.536147344183322,0.011333333333333334,0.99875,11.322770341445956,0.9702191630266647,11.38858394405561,11.322770341445956,0.963138600651739,0.02853083697333536,0.035611399348261075,,,,,18
watts_strogatz,30,0.25,2.5,60,4.0,0.9660917830792959,0.24152294576982397,2.0,6.0,120.0,628.0,0.5545206420908145,8.018750527591608,13.740307717250227,0.009333333333333334,0.99825,11.286652959662007,0.9699818570215296,11.267606732792578,11.286652959662007,0.9597996473881624,0.028268142978470356,0.0384503526118376,,,,,19
watts_strogatz,30,0.35,0.75,60,4.0,0.7302967433402214,0.18257418583505536,3.0,5.0,120.0,616.0,0.4512078192792222,7.518770531667611,26.366183155633628,0.012333333333333333,0.0435,0.5232883612942559,0.012257041589623388,0.52233990113941,0.5232883612942559,0.012973157944558894,0.03124295841037661,0.0305268420554411,,,,,0
watts_strogatz,30,0.35,0.75,60,4.0,0.6831300510639732,0.1707825127659933,3.0,5.0,120.0,614.0,0.44354226514224726,7.745109614285948,26.740645363911952,0.007666666666666666,0.037,0.5241399295732804,0.012307555435478587,0.5229278559861423,0.5241399295732804,0.012908430344195462,0.02469244456452141,0.024091569655804536,,,,,1
watts_strogatz,30,0.35,0.75,60,4.0,0.7302967433402214,0.18257418583505536,3.0,6.0,120.0,616.0,0.4991104671357593,7.79019772234457,26.545892243139864,0.008,0.03875,0.5232883612942559,0.012257041589623388,0.52417141040394,0.5232883612942559,0.013077920494981255,0.02649295841037661,0.025672079505018743,,,,,2
watts_strogatz,30,0.35,0.75,60,4.0,0.816496580927726,0.2041241452319315,2.0,6.0,120.0,620.0,0.398886585726154,7.671423900116917,25.733330299610824,0.015,0.05675,0.5215976028799576,0.012157112593290264,0.5237817928420172,0.5215976028799576,0.01325779985925247,0.04459288740670974,0.04349220014074753,,,,,3
watts_strogatz,30,0.35,0.75,60,4.0,0.7745966692414834,0.19364916731037085,2.0,5.0,120.0,618.0,0.42975339595702555,7.3914723889336935,26.745251029970127,0.009333333333333334,0.03575,0.5224409301935886,0.012206895252057615,0.5238776427516209,0.5224409301935886,0.013116291094910358,0.023543104747942384,0.022633708905089638,,,,,4
watts_strogatz,30,0.35,0.75,60,4.0,0.7745966692414834,0.19364916731037085,3.0,6.0,120.0,618.0,0.39283895283040926,7.70764601128377,26.19366903893454,0.009666666666666667,0.044,0.5224409301935886,0.012206895252057615,0.5228001083330966,0.5224409301935886,0.013164513221030509,0.031793104747942384,0.03083548677896949,,,,,5
watts_strogatz,30,0.35,0.75,60,4.0,0.8563488385776752,0.2140872096444188,3.0,6.0,120.0,622.0,0.42625167348774456,7.933183226351378,27.16522485711762,0.007666666666666666,0.04025,0.5207583463381311,0.012107689835682188,0.520205040595147,0.5207583463381311,0.013144801006292109,0.028142310164317813,0.02710519899370789,,,,,6
watts_strogatz,30,0.35,0.75,60,4.0,0.8563488385776752,0.2140872096444188,2.0,6.0,120.0,622.0,0.47433638405637696,7.9003981588712415,26.60872538470231,0.011666666666666667,0.0395,0.5207583463381311,0.012107689835682188,0.5222880739804996,0.5207583463381311,0.013327325901869958,0.027392310164317812,0.026172674098130042,,,,,7
watts_strogatz,30,0.35,0.75,60,4.0,0.9309493362512627,0.2327373340628157,2.0,6.0,120.0,626.0,0.3321160420920214,8.204221397453622,25.68709821069762,0.018666666666666668,0.04975,0.5190919153569382,0.012009909167488012,0.5195785640275854,0.5190919153569382,0.013247741223123732,0.037740090832511994,0.03650225877687627,,,,,8
watts_strogatz,30,0.35,0.75,60,4.0,0.816496580927726,0.2041241452319315,3.0,6.0,120.0,620.0,0.4238971012424573,7.811519087491579,26.88914044928644,0.011666666666666667,0.0385,0.5215976028799576,0.012157112593290264,0.5240751914936372,0.5215976028799576,0.013266520945351943,0.026342887406709738,0.025233479054648057,,,,,9
watts_strogatz,30,0.35,0.75,60,4.0,0.6831300510639732,0.1707825127659933,3.0,5.0,120.0,614.0,0.5208785892391065,7.699012306978523,26.378505734721227,0.012666666666666666,0.03775,0.5241399295732804,0.012307555435478587,0.5222399223285772,0.5241399295732804,0.01286768680366087,0.02544244456452141,0.02488231319633913,,,,,10
watts_strogatz,30,0.35,0.75,60,4.0,0.8563488385776752,0.2140872096444188,2.0,6.0,120.0,622.0,0.4463019041298464,7.6569806791007125,26.47899820567786,0.011,0.042,0.5207583463381311,0.012107689835682188,0.5229064745167761,0.5207583463381311,0.013275301882036145,0.029892310164317815,0.028724698117963857,,,,,11
watts_strogatz,30,0.35,0.75,60,4.0,1.0,0.25,3.0,7.0,120.0,630.0,0.45523888741564766,8.56109320134372,27.624830910102283,0.006,0.027,0.5174413804460305,0.011913524031041858,0.5211928304542642,0.5174413804460305,0.013677612035006326,0.015086475968958141,0.013322387964993673,,,,,12
watts_strogatz,30,0.35,0.75,60,4.0,0.816496580927726,0.2041241452319315,2.0,6.0,120.0,620.0,0.4159296228502276,7.9580903584855,26.992942235277873,0.006666666666666667,0.03475,0.5215976028799576,0.012157112593290264,0.5251509865495771,0.5215976028799576,0.013316614428303937,0.02259288740670974,0.021433385571696065,,,,,13
watts_strogatz,30,0.35,0.75,60,4.0,0.5773502691896257,0.14433756729740643,3.0,5.0,120.0,610.0,0.2127118095673875,7.059137602984492,25.84630029598369,0.010666666666666666,0.0535,0.5258556131453893,0.012409701234578829,0.5256912832662816,0.5258556131453893,0.012881599942021761,0.04109029876542117,0.04061840005797824,,,,,14
watts_strogatz,30,0.35,0.75,60,4.0,0.7302967433402214,0.18257418583505536,3.0,6.0,120.0,616.0,0.3166660300828464,7.663498761114965,27.15929806117079,0.005666666666666667,0.0345,0.5232883612942559,0.012257041589623388,0.5223071956168291,0.5232883612942559,0.012991024981633962,0.022242958410376615,0.02150897501836604,,,,,15
watts_strogatz,30,0.35,0.75,60,4.0,0.8563488385776752,0.2140872096444188,2.0,6.0,120.0,622.0,0.6062459878761522,8.392068496886756,27.145169282642694,0.009333333333333334,0.036,0.5207583463381311,0.012107689835682188,0.5210187255113004,0.5207583463381311,0.013113704513481683,0.02389231016431781,0.022886295486518313,,,,,16
watts_strogatz,30,0.35,0.75,60,4.0,0.8944271909999159,0.22360679774997896,2.0,6.0,120.0,624.0,0.4770922081978301,7.92275963249872,26.384161214480162,0.015333333333333332,0.0455,0.5199231279235389,0.012058623252583512,0.5227502099316231,0.5199231279235389,0.01342971691548826,0.033441376747416485,0.032070283084511736,,,,,17
watts_strogatz,30,0.35,0.75,60,4.0,0.6324555320336759,0.15811388300841897,3.0,5.0,120.0,612.0,0.4031053157659501,7.572222282821933,26.926570476879203,0.009333333333333334,0.0325,0.5249956688035986,0.012358440671846166,0.5263409702049079,0.5249956688035986,0.013016566124282836,0.020141559328153834,0.019483433875717167,,,,,18
watts_strogatz,30,0.35,0.75,60,4.0,0.7745966692414834,0.19364916731037085,2.0,6.0,120.0,618.0,0.6405314562735487,7.705751209251553,26.533067041780892,0.013333333333333334,0.04075,0.5224409301935886,0.012206895252057615,0.5244980413562258,0.5224409301935886,0.013202625476525426,0.02854310474794239,0.027547374523474576,,,,,19
watts_strogatz,30,0.35,1.25,60,4.0,0.6831300510639732,0.1707825127659933,3.0,6.0,120.0,614.0,0.40540827320179074,7.616229976719959,26.16997170957336,0.010666666666666666,0.1725,1.4559442488146677,0.14567571691384645,1.4534873428947928,1.4559442488146677,0.14860106725053368,0.026824283086153533,0.023898932749466306,,,,,0
watts_strogatz,30,0.35,1.25,60,4.0,1.0,0.25,2.0,6.0,120.0,630.0,0.8363704557734692,8.299641109422224,26.749600357264992,0.01,0.16575,1.4373371679056404,0.1416240963886438,1.4405711765334281,1.4373371679056404,0.14990813356101876,0.02412590361135622,0.01584186643898125,,,,,1
watts_strogatz,30,0.35,1.25,60,4.0,0.8944271909999159,0.22360679774997896,2.0,6.0,120.0,624.0,0.26722118062950334,8.311089824286135,27.36812444854715,0.006333333333333333,0.14975,1.444230910898719,0.1431201623377513,1.4528060319321798,1.444230910898719,0.15141070743271648,0.0066298376622487,-0.001660707432716485,,,,,2
watts_strogatz,30,0.35,1.25,60,4.0,0.7302967433402214,0.18257418583505536,3.0,6.0,120.0,616.0,0.36687549723372737,7.993766531855958,26.403833485718444,0.011333333333333334,0.1725,1.453578781372933,0.1451582678906633,1.4539421760682762,1.453578781372933,0.14928088308075313,0.027341732109336686,0.023219116919246857,,,,,3
watts_strogatz,30,0.35,1.25,60,4.0,0.8563488385776752,0.2140872096444188,3.0,6.0,120.0,622.0,0.45196146403378373,8.109945842602599,27.773874464619812,0.007666666666666666,0.1245,1.4465509620503643,0.14362499016910474,1.4407647582021628,1.4465509620503643,0.14755702881683588,-0.01912499016910474,-0.023057028816835884,,,,,4
watts_strogatz,30,0.35,1.25,60,4.0,0.8944271909999159,0.22360679774997896,3.0,6.0,120.0,624.0,0.6950616511830636,8.331658412321215,27.228047736071645,0.007666666666666666,0.144,1.444230910898719,0.1431201623377513,1.4447724974903062,1.444230910898719,0.14906750947187294,0.0008798376622486948,-0.005067509471872955,,,,,5
watts_strogatz,30,0.35,1.25,60,4.0,0.6831300510639732,0.1707825127659933,3.0,5.0,120.0,614.0,0.4373418891531238,7.285185736973251,26.060557411913933,0.015666666666666666,0.192,1.4559442488146677,0.14567571691384645,1.4590381303433988,1.4559442488146677,0.15005230365642186,0.04632428308615355,0.041947696343578145,,,,,6
watts_strogatz,30,0.35,1.25,60,4.0,0.7302967433402214,0.18257418583505536,2.0,5.0,120.0,616.0,0.22080980050520183,7.320947747016388,26.9915074718163,0.007666666666666666,0.15975,1.453578781372933,0.1451582678906633,1.4514892618747095,1.453578781372933,0.1492417748419585,0.014591732109336703,0.010508225158041506,,,,,7
watts_strogatz,30,0.35,1.25,60,4.0,0.7302967433402214,0.18257418583505536,3.0,6.0,120.0,616.0,0.4027799320459731,7.508750072256738,26.589296682567678,0.009666666666666667,0.15725,1.453578781372933,0.1451582678906633,1.4509441698316945,1.453578781372933,0.14853259999694235,0.0120917321093367,0.008717400003057652,,,,,8
watts_strogatz,30,0.35,1.25,60,4.0,0.6324555320336759,0.15811388300841897,3.0,6.0,120.0,612.0,0.32322929280324425,7.681871717110084,26.074601073175593,0.016,0.19025,1.4583213022322183,0.14619639079146138,1.4595973333716712,1.4583213022322183,0.14928203754644562,0.044053609208538624,0.040967962453554385,,,,,9
watts_strogatz,30,0.35,1.25,60,4.0,0.7745966692414834,0.19364916731037085,3.0,6.0,120.0,618.0,0.4071062646127442,7.738822378188961,26.975272362763253,0.010666666666666666,0.15825,1.4512248060933017,0.14464401558751802,1.4536737479535844,1.4512248060933017,0.1493555853179227,0.01360598441248198,0.0088944146820773,,,,,10
watts_strogatz,30,0.35,1.25,60,4.0,0.5163977794943222,0.12909944487358055,3.0,5.0,120.0,608.0,0.6238098927733998,7.256004924842832,26.885720064930943,0.01,0.145,1.463110547643889,0.14724752724301854,1.4606415485947402,1.463110547643889,0.1488553855979332,-0.002247527243018549,-0.0038553855979332197,,,,,11
watts_strogatz,30,0.35,1.25,60,4.0,0.3651483716701107,0.09128709291752768,3.0,5.0,120.0,604.0,0.19121996713942324,7.121724490994639,26.417715759363286,0.014666666666666666,0.168,1.4679472899194799,0.14831190876399922,1.4655618755733604,1.4679472899194799,0.14885647190568801,0.019688091236000793,0.019143528094311996,,,,,12
watts_strogatz,30,0.35,1.25,60,4.0,0.6324555320336759,0.15811388300841897,3.0,5.0,120.0,612.0,0.35218387733852174,7.212644075570904,26.20477788764898,0.011666666666666667,0.17375,1.4583213022322183,0.14619639079146138,1.4573187063369333,1.4583213022322183,0.14920441196038,0.02755360920853861,0.02454558803961998,,,,,13
watts_strogatz,30,0.35,1.25,60,4.0,0.9309493362512627,0.2327373340628157,3.0,7.0,120.0,626.0,0.44511993214829204,8.438054140217055,26.755231414391623,0.01,0.16125,1.441921987102606,0.1426184217859945,1.441921987102606,1.441921987102606,0.14808110153126416,0.018631578214005518,0.01316889846873584,,,,,14
watts_strogatz,30,0.35,1.25,60,4.0,0.7302967433402214,0.18257418583505536,3.0,6.0,120.0,616.0,0.4301349281639952,7.880289066915512,26.56421349164961,0.006666666666666667,0.1625,1.453578781372933,0.1451582678906633,1.448400406964292,1.453578781372933,0.14800489775766676,0.017341732109336705,0.014495102242333247,,,,,15
watts_strogatz,30,0.35,1.25,60,4.0,0.8563488385776752,0.2140872096444188,3.0,6.0,120.0,622.0,0.6706962600623794,8.181958552472766,26.783006355658213,0.011333333333333334,0.15375,1.4465509620503643,0.14362499016910474,1.4430249940803666,1.4465509620503643,0.14842499226492067,0.01012500983089526,0.0053250077350793235,,,,,16
watts_strogatz,30,0.35,1.25,60,4.0,0.6831300510639732,0.1707825127659933,3.0,6.0,120.0,614.0,0.28151875467859816,7.418512346105687,26.317825145277343,0.013333333333333334,0.18125,1.4559442488146677,0.14567571691384645,1.4491195101483487,1.4559442488146677,0.14758036605234712,0.03557428308615354,0.03366963394765288,,,,,17
watts_strogatz,30,0.35,1.25,60,4.0,0.5163977794943222,0.12909944487358055,3.0,5.0,120.0,608.0,0.3747910304019051,7.157488833305074,26.776076048145143,0.012666666666666666,0.1585,1.463110547643889,0.14724752724301854,1.4645736581915332,1.463110547643889,0.1496936542002851,0.011252472756981463,0.008806345799714899,,,,,18
watts_strogatz,30,0.35,1.25,60,4.0,1.0,0.25,2.0,7.0,120.0,630.0,0.5702425762058909,8.614548169428616,26.53550742195139,0.011666666666666667,0.15775,1.4373371679056404,0.1416240963886438,1.4426373487122923,1.4373371679056404,0.1498346538314004,0.016125903611356213,0.007915346168599596,,,,,19
watts_strogatz,30,0.35,1.75,60,4.0,0.8563488385776752,0.2140872096444188,3.0,7.0,120.0,622.0,0.4729663523796134,8.629368692945604,26.891639222391646,0.011,0.442,2.835239885618714,0.48444603956209975,2.835239885618713,2.835239885618714,0.47158138607737715,-0.04244603956209975,-0.029581386077377148,,,,,0
watts_strogatz,30,0.35,1.75,60,4.0,0.6324555320336759,0.15811388300841897,3.0,5.0,120.0,612.0,0.25694030506536447,7.470795433479428,26.135165722497067,0.014,0.51,2.8583097523751477,0.4896305981369029,2.8613467064870464,2.8583097523751477,0.4832091001893221,0.020369401863097103,0.026790899810677893,,,,,1
watts_strogatz,30,0.35,1.75,60,4.0,0.816496580927726,0.2041241452319315,3.0,6.0,120.0,620.0,0.5650906487902672,7.740037734748422,27.00783165943489,0.008,0.4475,2.8398091712353244,0.4854760196765476,2.854895657457512,2.8398091712353244,0.47700259764657926,-0.03797601967654757,-0.029502597646579254,,,,,2
watts_strogatz,30,0.35,1.75,60,4.0,1.0,0.25,2.0,8.0,120.0,630.0,0.4906312868697185,9.358927933939286,27.277284866607523,0.008,0.4335,2.817180849095055,0.4803603610844008,2.821934841777902,2.817180849095055,0.46682932536213045,-0.04686036108440078,-0.03332932536213046,,,,,3
watts_strogatz,30,0.35,1.75,60,4.0,0.5163977794943222,0.12909944487358055,3.0,5.0,120.0,608.0,0.3541846740979339,7.40026978806706,26.527686353356064,0.007666666666666666,0.4905,2.867696673382022,0.4917288781494806,2.869668214844972,2.867696673382022,0.4873374991871748,-0.0012288781494805834,0.0031625008128252086,,,,,4
watts_strogatz,30,0.35,1.75,60,4.0,0.8944271909999159,0.22360679774997896,3.0,6.0,120.0,624.0,0.5884265762060373,7.93045763512206,25.3735087894941,0.02,0.5395,2.8306925853614895,0.48341949744114676,2.813885348135905,2.8306925853614895,0.46620388569569016,0.05608050255885322,0.07329611430430982,,,,,5
watts_strogatz,30,0.35,1.75,60,4.0,0.8944271909999159,0.22360679774997896,2.0,6.0,120.0,624.0,0.22431484473048094,7.990095987967731,26.262425530232328,0.012666666666666666,0.4995,2.8306925853614895,0.48341949744114676,2.8360001339590424,2.8306925853614895,0.4743314265042441,0.016080502558853238,0.025168573495755908,,,,,6
watts_strogatz,30,0.35,1.75,60,4.0,0.7302967433402214,0.18257418583505536,2.0,5.0,120.0,616.0,0.28087995414506245,7.580309452592963,27.397910030371378,0.009,0.4375,2.849014411490949,0.4875463494039449,2.84402863627084,2.849014411490949,0.4783467676201275,-0.05004634940394492,-0.04084676762012751,,,,,7
watts_strogatz,30,0.35,1.75,60,4.0,0.7302967433402214,0.18257418583505536,3.0,6.0,120.0,616.0,0.4848505069040846,7.731176908121693,26.328030218807125,0.013,0.493,2.849014411490949,0.4875463494039449,2.85773951812614,2.849014411490949,0.48039944723002104,0.005453650596055071,0.012600552769978957,,,,,8
watts_strogatz,30,0.35,1.75,60,4.0,0.8563488385776752,0.2140872096444188,2.0,5.0,120.0,622.0,0.32166621828410924,7.676352718793346,26.83141537124768,0.009,0.4615,2.835239885618714,0.48444603956209975,2.832404645733095,2.835239885618714,0.47364467030032253,-0.02294603956209973,-0.012144670300322513,,,,,9
watts_strogatz,30,0.35,1.75,60,4.0,0.7745966692414834,0.19364916731037085,2.0,6.0,120.0,618.0,0.5895527728553923,8.334993834099144,27.077524293710056,0.008666666666666666,0.45675,2.8444006199428715,0.4865094516520334,2.8468894704853214,2.8444006199428715,0.4777753596964437,-0.02975945165203342,-0.0210253596964437,,,,,10
watts_strogatz,30,0.35,1.75,60,4.0,0.7745966692414834,0.19364916731037085,2.0,5.0,120.0,618.0,0.4110259673161138,7.413475419301933,27.136644701199174,0.007666666666666666,0.453,2.8444006199428715,0.4865094516520334,2.8365785182380288,2.8444006199428715,0.47682913866525767,-0.033509451652033395,-0.023829138665257654,,,,,11
watts_strogatz,30,0.35,1.75,60,4.0,1.0327955589886444,0.2581988897471611,2.0,6.0,120.0,632.0,0.7153607411855081,8.627335368414295,27.187120423486117,0.011333333333333334,0.434,2.81271975231506,0.47934743322365936,2.8125439573305404,2.81271975231506,0.46226226073881777,-0.04534743322365936,-0.028262260738817768,,,,,12
watts_strogatz,30,0.35,1.75,60,4.0,0.9309493362512627,0.2327373340628157,2.0,6.0,120.0,626.0,0.450007870518968,8.061819411907583,27.05254583747468,0.009,0.439,2.826167094721108,0.48239637949413144,2.8228110212961264,2.826167094721108,0.4690206192216761,-0.04339637949413144,-0.030020619221676093,,,,,13
watts_strogatz,30,0.35,1.75,60,4.0,0.8944271909999159,0.22360679774997896,2.0,6.0,120.0,624.0,0.6267152798855126,7.953510025232086,26.13656828154175,0.014,0.51025,2.8306925853614895,0.48341949744114676,2.8122930835566393,2.8306925853614895,0.4679188729900535,0.02683050255885322,0.042331127009946456,,,,,14
watts_strogatz,30,0.35,1.75,60,4.0,0.9660917830792959,0.24152294576982397,2.0,7.0,120.0,628.0,0.3961695980396097,8.537425557782116,26.420439340150303,0.013,0.4735,2.821663239915502,0.48137667194961414,2.8206051162005337,2.821663239915502,0.46645324663853954,-0.007876671949614167,0.007046753361460434,,,,,15
watts_strogatz,30,0.35,1.75,60,4.0,0.7302967433402214,0.18257418583505536,3.0,5.0,120.0,616.0,0.5764221874869307,7.341126150410952,26.707277617459265,0.012666666666666666,0.47825,2.849014411490949,0.4875463494039449,2.849014411490949,2.849014411490949,0.4783369556736078,-0.009296349403944915,-8.695567360778034e-05,,,,,16
watts_strogatz,30,0.35,1.75,60,4.0,0.8563488385776752,0.2140872096444188,2.0,6.0,120.0,622.0,0.42078696040913244,7.894327364016862,26.694661375780704,0.011,0.476,2.835239885618714,0.48444603956209975,2.835771493097267,2.835239885618714,0.4745285049969575,-0.008446039562099772,0.0014714950030425,,,,,17
watts_strogatz,30,0.35,1.75,60,4.0,0.9660917830792959,0.24152294576982397,2.0,6.0,120.0,628.0,0.6305831106856716,8.138120048458815,26.91680128815873,0.009333333333333334,0.459,2.821663239915502,0.48137667194961414,2.8468818551222466,2.821663239915502,0.47396038789675693,-0.022376671949614124,-0.01496038789675691,,,,,18
watts_strogatz,30,0.35,1.75,60,4.0,1.1254628677422756,0.2813657169355689,2.0,6.0,120.0,638.0,0.3642016428743834,8.104042308815641,27.195067245209735,0.012,0.44225,2.799462554779272,0.476328811647631,2.7998124875986194,2.799462554779272,0.45887120427861544,-0.03407881164763105,-0.016621204278615465,,,,,19
watts_strogatz,30,0.35,2.5,60,4.0,0.6831300510639732,0.1707825127659933,3.0,6.0,120.0,614.0,0.2869348877891317,7.794109937993246,26.303990012362636,0.010666666666666666,0.92725,5.823776995258671,0.855829602997935,5.82086510676104,5.823776995258671,0.843586901025252,0.07142039700206504,0.083663098974748,,,,,0
watts_strogatz,30,0.35,2.5,60,4.0,0.9309493362512627,0.2327373340628157,2.0,7.0,120.0,626.0,0.426137572059691,8.543989350636652,26.716850001923802,0.009333333333333334,0.91025,5.767687948410424,0.8527447523896345,5.801573115107336,5.767687948410424,0.8320322256072995,0.05750524761036546,0.0782177743927005,,,,,1
watts_strogatz,30,0.35,2.5,60,4.0,0.816496580927726,0.2041241452319315,3.0,6.0,120.0,620.0,0.45664133947750724,8.017774751181758,27.597396342596817,0.006666666666666667,0.89025,5.795528920888417,0.854286485522906,5.761117967920642,5.795528920888417,0.8348810668400015,0.035963514477094005,0.05536893315999847,,,,,2
watts_strogatz,30,0.35,2.5,60,4.0,0.8944271909999159,0.22360679774997896,3.0,6.0,120.0,624.0,0.42266391269633125,8.008632596563523,25.969777020384655,0.017333333333333333,0.92275,5.776923643594876,0.8532585068933832,5.778367874505775,5.776923643594876,0.8318174167840494,0.06949149310661673,0.09093258321595055,,,,,3
watts_strogatz,30,0.35,2.5,60,4.0,0.9309493362512627,0.2327373340628157,2.0,6.0,120.0,626.0,0.32691518296725564,8.11707890679157,26.853569823675333,0.009333333333333334,0.8925,5.767687948410424,0.8527447523896345,5.739570469661924,5.767687948410424,0.8237329028910945,0.03975524761036542,0.0687670971089055,,,,,4
watts_strogatz,30,0.35,2.5,60,4.0,0.8944271909999159,0.22360679774997896,2.0,6.0,120.0,624.0,0.5429808383230093,7.943158317485172,26.45350464080285,0.012,0.91075,5.776923643594876,0.8532585068933832,5.800031338169256,5.776923643594876,0.8299706645648278,0.05749149310661672,0.08077933543517213,,,,,5
watts_strogatz,30,0.35,2.5,60,4.0,0.7302967433402214,0.18257418583505536,2.0,5.0,120.0,616.0,0.5839788966958908,7.5838610433814395,25.720208421910648,0.013666666666666667,0.9305,5.814315125491732,0.8553150794371674,5.816858888359135,5.814315125491732,0.8382544018662259,0.07518492056283255,0.09224559813377409,,,,,6
watts_strogatz,30,0.35,2.5,60,4.0,0.8563488385776752,0.2140872096444188,3.0,6.0,120.0,622.0,0.5859026822112027,7.716623430226431,26.423111512363533,0.01,0.91925,5.786203848201457,0.8537724184784654,5.75040171189071,5.786203848201457,0.8305778949307148,0.0654775815215346,0.08867210506928525,,,,,7
watts_strogatz,30,0.35,2.5,60,4.0,0.9660917830792959,0.24152294576982397,2.0,6.0,120.0,628.0,0.2415352414506843,7.953016546410391,26.54052308635044,0.013,0.89675,5.758496407990821,0.8522311565763568,5.725744959670373,5.758496407990821,0.8156443666695893,0.044518843423643206,0.08110563333041076,,,,,8
watts_strogatz,30,0.35,2.5,60,4.0,0.9660917830792959,0.24152294576982397,2.0,7.0,120.0,628.0,0.5803649935938258,8.681153586762566,26.870454446254637,0.011333333333333334,0.9,5.758496407990821,0.8522311565763568,5.785129453877778,5.758496407990821,0.825129413302865,0.04776884342364318,0.07487058669713498,,,,,9
watts_strogatz,30,0.35,2.5,60,4.0,0.8944271909999159,0.22360679774997896,2.0,6.0,120.0,624.0,0.2664700486461632,8.416150780545038,26.344975201081297,0.014,0.9135,5.776923643594876,0.8532585068933832,5.774396239500802,5.776923643594876,0.8321841995421653,0.06024149310661675,0.08131580045783471,,,,,10
watts_strogatz,30,0.35,2.5,60,4.0,0.8944271909999159,0.22360679774997896,2.0,6.0,120.0,624.0,0.42743711185532524,7.94861560560707,26.719206869294496,0.012333333333333333,0.90525,5.776923643594876,0.8532585068933832,5.777645759050325,5.776923643594876,0.8292688278034887,0.05199149310661677,0.07598117219651135,,,,,11
watts_strogatz,30,0.35,2.5,60,4.0,1.0,0.25,2.0,7.0,120.0,630.0,0.569033394370485,8.632526933147368,27.027917040682485,0.009666666666666667,0.90075,5.7493486716225615,0.8517177210499501,5.745395994410821,5.7493486716225615,0.8246744365089625,0.04903227895004991,0.0760755634910375,,,,,12
watts_strogatz,30,0.35,2.5,60,4.0,0.6324555320336759,0.15811388300841897,3.0,5.0,120.0,612.0,0.4814423450718638,7.252880071697943,26.132193794821283,0.009,0.937,5.833285208928873,0.8563442753997466,5.85625376943903,5.833285208928873,0.8461445444009956,0.0806557246002535,0.09085545559900443,,,,,13
watts_strogatz,30,0.35,2.5,60,4.0,0.8563488385776752,0.2140872096444188,2.0,6.0,120.0,622.0,0.42220916799786307,7.7505080053459565,26.17150533620962,0.014,0.92575,5.786203848201457,0.8537724184784654,5.789096950125558,5.786203848201457,0.8316239158911938,0.07197758152153455,0.09412608410880619,,,,,14
watts_strogatz,30,0.35,2.5,60,4.0,0.6324555320336759,0.15811388300841897,2.0,5.0,120.0,612.0,0.37757583139859396,7.231498559161511,26.30166623013289,0.01,0.9325,5.833285208928873,0.8563442753997466,5.848597582602309,5.833285208928873,0.8435323061487582,0.07615572460025344,0.08896769385124181,,,,,15
watts_strogatz,30,0.35,2.5,60,4.0,0.6324555320336759,0.15811388300841897,3.0,6.0,120.0,612.0,0.4827098123517706,7.731632237081718,26.272171524639877,0.009333333333333334,0.9295,5.833285208928873,0.8563442753997466,5.856618349764588,5.833285208928873,0.8470974285628035,0.07315572460025344,0.08240257143719654,,,,,16
watts_strogatz,30,0.35,2.5,60,4.0,0.7302967433402214,0.18257418583505536,3.0,5.0,120.0,616.0,0.2707329815463575,7.710687850714207,26.454770485834157,0.011333333333333334,0.92525,5.814315125491732,0.8553150794371674,5.831394676172866,5.814315125491732,0.841123916125941,0.06993492056283257,0.08412608387405907,,,,,17
watts_strogatz,30,0.35,2.5,60,4.0,0.9660917830792959,0.24152294576982397,2.0,6.0,120.0,628.0,0.3939491400758575,7.958678960054865,26.35021774241903,0.011,0.9035,5.758496407990821,0.8522311565763568,5.753817629659327,5.758496407990821,0.8234215503100482,0.05126884342364313,0.08007844968995181,,,,,18
watts_strogatz,30,0.35,2.5,60,4.0,0.9309493362512627,0.2327373340628157,2.0,7.0,120.0,626.0,0.27143039612493625,8.371993192993957,26.55087239562194,0.014333333333333333,0.90775,5.767687948410424,0.8527447523896345,5.774897558345938,5.767687948410424,0.8295643755204901,0.055005247610365404,0.07818562447950983,,,,,19
watts_strogatz,60,0.15,0.75,120,4.0,0.752772652709081,0.18819316317727025,2.0,5.0,240.0,1234.0,0.2950372819897779,7.546394307851862,8.321407608520564,0.013,0.31225,2.0129242055711862,0.2810210344043272,2.0131758210968824,2.0129242055711862,0.2827055253794498,0.031228965595672842,0.02954447462055021,,,,,0
watts_strogatz,60,0.15,0.75,120,4.0,0.7958224257542215,0.19895560643855537,2.0,6.0,240.0,1238.0,0.2675554983977221,7.83707995218421,8.405778864711385,0.010333333333333333,0.3,2.009669677645352,0.28018457341189584,2.0079112166774125,2.009669677645352,0.28140127686804417,0.019815426588104146,0.01859872313195582,,,,,1
watts_strogatz,60,0.15,0.75,120,4.0,0.7745966692414834,0.19364916731037085,2.0,6.0,240.0,1236.0,0.19880449614615006,8.204677316682613,8.364911924470858,0.008666666666666666,0.29675,2.0112949667728244,0.2806022754250644,2.014689027029253,2.0112949667728244,0.28260858696381536,0.01614772457493563,0.014141413036184658,,,,,2
watts_strogatz,60,0.15,0.75,120,4.0,0.8366600265340756,0.2091650066335189,2.0,6.0,240.0,1242.0,0.1815893600987733,8.200595978635564,8.405598692377193,0.007,0.2955,2.0064308847628203,0.2793523257036242,2.004800659668951,2.0064308847628203,0.28065486645598253,0.016147674296375758,0.014845133544017453,,,,,3
watts_strogatz,60,0.15,0.75,120,4.0,0.7958224257542215,0.19895560643855537,2.0,6.0,240.0,1238.0,0.35994375864926154,7.983483578228076,8.257988515883271,0.01633333333333333,0.32875,2.009669677645352,0.28018457341189584,2.012558577806967,2.009669677645352,0.2832790053078041,0.048565426588104144,0.0454709946921959,,,,,4
watts_strogatz,60,0.15,0.75,120,4.0,0.983192080250175,0.24579802006254375,2.0,6.0,240.0,1258.0,0.34918616116551876,8.320517445371186,8.403251402034744,0.009333333333333334,0.30125,1.99363055707225,0.2760648912662562,1.9857806367537782,1.99363055707225,0.2764604139159224,0.0251851087337438,0.02478958608407761,,,,,5
watts_strogatz,60,0.15,0.75,120,4.0,0.816496580927726,0.2041241452319315,2.0,6.0,240.0,1240.0,0.31842566396592425,7.877360457837155,8.396411168735508,0.009,0.2865,2.008048322256247,0.2797679247158911,2.0184650729279516,2.008048322256247,0.28417508752944365,0.006732075284108852,0.0023249124705563284,,,,,6
watts_strogatz,60,0.15,0.75,120,4.0,0.8563488385776752,0.2140872096444188,2.0,6.0,240.0,1244.0,0.22291500738511583,8.00570585608898,8.387942943586292,0.012666666666666666,0.29675,2.0048173494115638,0.27893777275709847,1.9969233810982556,2.0048173494115638,0.2789926152990127,0.017812227242901546,0.01775738470098731,,,,,7
watts_strogatz,60,0.15,0.75,120,4.0,0.8755950357709131,0.21889875894272828,3.0,6.0,240.0,1246.0,0.375384854481163,7.818747769413918,8.350085281038314,0.008333333333333333,0.31075,2.00320770053751,0.278524262273672,2.0097181255642567,2.00320770053751,0.28152701870881663,0.03222573772632803,0.029222981291183392,,,,,8
watts_strogatz,60,0.15,0.75,120,4.0,0.7958224257542215,0.19895560643855537,2.0,6.0,240.0,1238.0,0.1992739703178998,8.23772562845411,8.348270172550713,0.010333333333333333,0.30925,2.009669677645352,0.28018457341189584,2.0041430860318274,2.009669677645352,0.2803007573869407,0.029065426588104182,0.02894924261305931,,,,,9
watts_strogatz,60,0.15,0.75,120,4.0,0.8366600265340756,0.2091650066335189,2.0,6.0,240.0,1242.0,0.45513180586252133,8.03820047616601,8.458312529102134,0.008666666666666666,0.29225,2.0064308847628203,0.2793523257036242,2.0076849040657976,2.0064308847628203,0.28143486413444296,0.012897674296375783,0.010815135865557046,,,,,10
watts_strogatz,60,0.15,0.75,120,4.0,1.0327955589886444,0.2581988897471611,2.0,6.0,240.0,1264.0,0.39812798252614884,8.597925806515441,8.510721921339165,0.01,0.2795,1.988893210439325,0.27484899183178424,1.9834237541106168,1.988893210439325,0.27703066336931376,0.004651008168215787,0.0024693366306862696,,,,,11
watts_strogatz,60,0.15,0.75,120,4.0,0.8366600265340756,0.2091650066335189,2.0,7.0,240.0,1242.0,0.27840649858527833,8.698869500688794,8.312392470134526,0.013333333333333334,0.3085,2.0064308847628203,0.2793523257036242,2.01671384304723,2.0064308847628203,0.28267352738339785,0.02914767429637577,0.025826472616602147,,,,,12
watts_strogatz,60,0.15,0.75,120,4.0,0.816496580927726,0.2041241452319315,2.0,6.0,240.0,1240.0,0.26387636862149194,7.97528291161134,8.262476029132031,0.016,0.33475,2.008048322256247,0.2797679247158911,2.014072467223016,2.008048322256247,0.28313072838208486,0.05498207528410887,0.05161927161791513,,,,,13
watts_strogatz,60,0.15,0.75,120,4.0,0.7958224257542215,0.19895560643855537,2.0,6.0,240.0,1238.0,0.22532523404340404,7.837841973612667,8.435854151368765,0.012666666666666666,0.3065,2.009669677645352,0.28018457341189584,2.023234947969458,2.009669677645352,0.28452741989724506,0.02631542658810415,0.021972580102754935,,,,,14
watts_strogatz,60,0.15,0.75,120,4.0,0.816496580927726,0.2041241452319315,2.0,6.0,240.0,1240.0,0.2826525205690137,8.203804859616662,8.256667776757444,0.013,0.3335,2.008048322256247,0.2797679247158911,2.0119389158806187,2.008048322256247,0.28205959957175947,0.05373207528410889,0.05144040042824055,,,,,15
watts_strogatz,60,0.15,0.75,120,4.0,0.9309493362512627,0.2327373340628157,3.0,7.0,240.0,1252.0,0.40140457798983836,8.759204006277287,8.279359340159214,0.011666666666666667,0.318,1.9984019174435788,0.27728994980432775,2.008393927030797,1.9984019174435788,0.2802002493778301,0.040710050195672254,0.03779975062216989,,,,,16
watts_strogatz,60,0.15,0.75,120,4.0,0.8366600265340756,0.2091650066335189,3.0,7.0,240.0,1242.0,0.2306464310233517,8.654193831666166,8.295636574922385,0.012,0.3275,2.0064308847628203,0.2793523257036242,2.006305482832523,2.0064308847628203,0.279498685937907,0.048147674296375786,0.048001314062093015,,,,,17
watts_strogatz,60,0.15,0.75,120,4.0,0.6324555320336759,0.15811388300841897,3.0,5.0,240.0,1224.0,0.14950708256256712,7.836322773068822,8.329957337792779,0.012,0.3155,2.0211302086361083,0.2831308125995115,2.017845872047075,2.0211302086361083,0.2831948057762806,0.0323691874004885,0.03230519422371941,,,,,18
watts_strogatz,60,0.15,0.75,120,4.0,0.752772652709081,0.18819316317727025,2.0,6.0,240.0,1234.0,0.2534335513008687,7.788050002873817,8.37508691173955,0.009,0.29725,2.0129242055711862,0.2810210344043272,2.0081435105829546,2.0129242055711862,0.28072448676003436,0.01622896559567283,0.01652551323996565,,,,,19
watts_strogatz,60,0.15,1.25,120,4.0,0.7745966692414834,0.19364916731037085,2.0,6.0,240.0,1236.0,0.28119134186760797,8.078872939379508,8.641285600974223,0.005333333333333333,0.91175,5.586930463257845,0.8422086399430038,5.603342071493664,5.586930463257845,0.8246324149912894,0.06954136005699618,0.08711758500871059,,,,,0
watts_strogatz,60,0.15,1.25,120,4.0,0.7745966692414834,0.19364916731037085,2.0,6.0,240.0,1236.0,0.23801518438153177,7.958842534914913,8.42590639125062,0.007666666666666666,0.9355,5.586930463257845,0.8422086399430038,5.5970567747225,5.586930463257845,0.8248428581501052,0.09329136005699623,0.11065714184989484,,,,,1
watts_strogatz,60,0.15,1.25,120,4.0,0.752772652709081,0.18819316317727025,2.0,6.0,240.0,1234.0,0.23216108207475636,7.902226497347472,8.42121562634477,0.009,0.9295,5.591456126586629,0.8424840001160948,5.606832630934743,5.591456126586629,0.8265894057425671,0.08701599988390518,0.10291059425743287,,,,,2
watts_strogatz,60,0.15,1.25,120,4.0,0.8755950357709131,0.21889875894272828,2.0,7.0,240.0,1246.0,0.2530523983229575,8.74026662866574,8.651951392552201,0.008666666666666666,0.896,5.564465834826417,0.8408326698440504,5.521689003721189,5.564465834826417,0.8155288627935081,0.055167330155949657,0.0804711372064919,,,,,3
watts_strogatz,60,0.15,1.25,120,4.0,1.0801234497346435,0.27003086243366087,2.0,7.0,240.0,1270.0,0.30342826637786685,8.81466007094224,8.275356149776298,0.009333333333333334,0.925,5.511637431476007,0.8375361188224083,5.512326386154942,5.511637431476007,0.804536922006951,0.08746388117759174,0.120463077993049,,,,,4
watts_strogatz,60,0.15,1.25,120,4.0,0.9128709291752769,0.22821773229381923,2.0,7.0,240.0,1250.0,0.41014743441016793,8.787833502584212,8.422175874262816,0.010333333333333333,0.922,5.555555555555555,0.8402826734419038,5.539930555555556,5.555555555555555,0.8133798950679898,0.08171732655809627,0.10862010493201024,,,,,5
watts_strogatz,60,0.15,1.25,120,4.0,0.7071067811865476,0.1767766952966369,2.0,6.0,240.0,1230.0,0.21148744058342867,7.920920821180375,8.45923046693397,0.007666666666666666,0.92,5.600540545454943,0.8430348849059056,5.590739599500397,5.600540545454943,0.8265720525393517,0.07696511509409443,0.09342794746064831,,,,,6
watts_strogatz,60,0.15,1.25,120,4.0,0.8366600265340756,0.2091650066335189,2.0,7.0,240.0,1242.0,0.2775160465407367,8.79869063537232,8.177580329479946,0.013666666666666667,0.94225,5.573419124341167,0.8413828908810204,5.573419124341168,5.573419124341167,0.8206093642292113,0.10086710911897967,0.12164063577078876,,,,,7
watts_strogatz,60,0.15,1.25,120,4.0,0.8563488385776752,0.2140872096444188,2.0,6.0,240.0,1244.0,0.39066875511353477,8.231189307054256,8.274001279034264,0.009666666666666667,0.93375,5.568937081698788,0.841107752387978,5.577638545888943,5.568937081698788,0.8175184810655546,0.092642247612022,0.11623151893444539,,,,,8
watts_strogatz,60,0.15,1.25,120,4.0,0.9486832980505138,0.23717082451262844,2.0,7.0,240.0,1254.0,0.26810283302320537,8.519614014388026,8.423433324781376,0.008,0.9095,5.5466879432699425,0.839732903342279,5.530741215433042,5.5466879432699425,0.8106478058842077,0.06976709665772096,0.09885219411579227,,,,,9
watts_strogatz,60,0.15,1.25,120,4.0,0.7302967433402214,0.18257418583505536,2.0,6.0,240.0,1232.0,0.2525431820392626,8.15898107116268,8.527053799874132,0.007,0.91825,5.595992805731807,0.8427594151755042,5.554372609239178,5.595992805731807,0.8233352340369872,0.07549058482449578,0.09491476596301285,,,,,10
watts_strogatz,60,0.15,1.25,120,4.0,0.7071067811865476,0.1767766952966369,2.0,6.0,240.0,1230.0,0.2350974720475312,7.92339655254168,8.440986272987129,0.007,0.9315,5.600540545454943,0.8430348849059056,5.590739599500397,5.600540545454943,0.8261301018402537,0.08846511509409438,0.10536989815974629,,,,,11
watts_strogatz,60,0.15,1.25,120,4.0,0.983192080250175,0.24579802006254375,2.0,8.0,240.0,1258.0,0.335090576472994,9.405709921480913,8.317672163952475,0.011666666666666667,0.91475,5.537862658534027,0.8391833611985036,5.524710234720008,5.537862658534027,0.8101054560939452,0.07556663880149639,0.10464454390605471,,,,,12
watts_strogatz,60,0.15,1.25,120,4.0,0.9128709291752769,0.22821773229381923,2.0,6.0,240.0,1250.0,0.25576328111079927,8.069446257028837,8.41153948254268,0.009,0.92075,5.555555555555555,0.8402826734419038,5.551388888888889,5.555555555555555,0.8136698550283465,0.08046732655809619,0.10708014497165341,,,,,13
watts_strogatz,60,0.15,1.25,120,4.0,0.8944271909999159,0.22360679774997896,2.0,7.0,240.0,1248.0,0.3056452661359242,8.542139992112306,8.321520847440523,0.011333333333333334,0.9285,5.560005340454415,0.8405576434590548,5.559657840120637,5.560005340454415,0.8170615319878594,0.08794235654094518,0.11143846801214063,,,,,14
watts_strogatz,60,0.15,1.25,120,4.0,0.9660917830792959,0.24152294576982397,2.0,6.0,240.0,1256.0,0.37809946606183253,8.494812838071535,8.337771542948905,0.014,0.9285,5.542270031025154,0.8394581036731353,5.573445299949671,5.542270031025154,0.8127267078480497,0.08904189632686466,0.11577329215195031,,,,,15
watts_strogatz,60,0.15,1.25,120,4.0,0.8944271909999159,0.22360679774997896,2.0,7.0,240.0,1248.0,0.23901355997714982,9.310263571109484,8.368657306584215,0.011666666666666667,0.9275,5.560005340454415,0.8405576434590548,5.565912846128648,5.560005340454415,0.8197178366243992,0.08694235654094518,0.10778216337560076,,,,,16
watts_strogatz,60,0.15,1.25,120,4.0,0.8563488385776752,0.2140872096444188,2.0,6.0,240.0,1244.0,0.3713136011776708,8.067570335169256,8.314365817028943,0.01,0.9325,5.568937081698788,0.841107752387978,5.53970016201987,5.568937081698788,0.8155893041594311,0.09139224761202203,0.1169106958405689,,,,,17
watts_strogatz,60,0.15,1.25,120,4.0,0.7302967433402214,0.18257418583505536,2.0,6.0,240.0,1232.0,0.28597026721821234,7.939231157199995,8.333542367617435,0.01,0.9325,5.595992805731807,0.8427594151755042,5.582352573267836,5.595992805731807,0.8250037191575887,0.08974058482449576,0.10749628084241125,,,,,18
watts_strogatz,60,0.15,1.25,120,4.0,0.8755950357709131,0.21889875894272828,3.0,7.0,240.0,1246.0,0.3166798997922,8.489646654853043,8.398577939615421,0.01,0.92525,5.564465834826417,0.8408326698440504,5.5766381038401,5.564465834826417,0.8216870269420103,0.08441733015594965,0.10356297305798967,,,,,19
watts_strogatz,60,0.15,1.75,120,4.0,0.7745966692414834,0.19364916731037085,2.0,6.0,240.0,1236.0,0.20128474159672194,8.012982258834517,8.245649229255589,0.012,0.9995,10.950383707985376,0.9676426264422419,10.990763247908571,10.950383707985376,0.9612524991378686,0.031857373557758195,0.03824750086213147,,,,,0
watts_strogatz,60,0.15,1.75,120,4.0,0.8944271909999159,0.22360679774997896,2.0,7.0,240.0,1248.0,0.3794759777364923,8.850573704001349,8.261763376125101,0.014,0.999,10.897610467290653,0.9672530355537843,10.947330815047668,10.897610467290653,0.9596955371487425,0.03174696444621572,0.03930446285125755,,,,,1
watts_strogatz,60,0.15,1.75,120,4.0,0.9309493362512627,0.2327373340628157,3.0,7.0,240.0,1252.0,0.2543945895079882,8.636490683290308,8.199198986647795,0.015,1.0,10.880188217192817,0.9671230076933923,10.797906793800296,10.880188217192817,0.9598131207480528,0.03287699230660768,0.040186879251947194,,,,,2
watts_strogatz,60,0.15,1.75,120,4.0,0.8366600265340756,0.2091650066335189,3.0,6.0,240.0,1242.0,0.37702589914930174,7.943939162794544,8.291703716847897,0.011333333333333334,1.0,10.923901483708686,0.9674479237070452,10.915708557595906,10.923901483708686,0.9614446129888001,0.03255207629295476,0.03855538701119987,,,,,3
watts_strogatz,60,0.15,1.75,120,4.0,0.9128709291752769,0.22821773229381923,3.0,8.0,240.0,1250.0,0.33400498523032546,9.644578103135292,8.384550080416822,0.012666666666666666,1.0,10.88888888888889,0.9671880318369481,10.927,10.88888888888889,0.9613569186356501,0.032811968163051874,0.03864308136434991,,,,,4
watts_strogatz,60,0.15,1.75,120,4.0,0.8366600265340756,0.2091650066335189,2.0,6.0,240.0,1242.0,0.2335770283532427,8.009484746899744,8.312843186882487,0.009666666666666667,0.999,10.923901483708686,0.9674479237070452,10.926632459079613,10.923901483708686,0.9596722755097743,0.031552076292954756,0.0393277244902257,,,,,5
watts_strogatz,60,0.15,1.75,120,4.0,0.9486832980505138,0.23717082451262844,2.0,6.0,240.0,1254.0,0.3390615394002202,8.013021834055944,8.331511507938615,0.014333333333333333,0.99875,10.871508368809087,0.9670579631666456,10.825304458241648,10.871508368809087,0.9561426600983646,0.03169203683335442,0.042607339901635455,,,,,6
watts_strogatz,60,0.15,1.75,120,4.0,0.752772652709081,0.18819316317727025,3.0,6.0,240.0,1234.0,0.3673551006808169,8.081229771746257,8.407820492572128,0.011333333333333334,1.0,10.959254008109793,0.9677074859439896,10.919526712330395,10.959254008109793,0.9623705228485414,0.03229251405601041,0.03762947715145859,,,,,7
watts_strogatz,60,0.15,1.75,120,4.0,0.983192080250175,0.24579802006254375,2.0,7.0,240.0,1258.0,0.3516908879505021,9.039360135160877,8.269218422450729,0.011333333333333334,0.99875,10.854210810726693,0.9669278131371493,10.881346337753511,10.854210810726693,0.9576889390295734,0.031822186862850765,0.04106106097042661,,,,,8
watts_strogatz,60,0.15,1.75,120,4.0,0.7302967433402214,0.18257418583505536,2.0,6.0,240.0,1232.0,0.22320645678179954,8.020974933173068,8.378945386015317,0.008333333333333333,0.9995,10.968145899234342,0.9677723246668104,10.983227099845788,10.968145899234342,0.9623384705953492,0.03172767533318965,0.037161529404650895,,,,,9
watts_strogatz,60,0.15,1.75,120,4.0,0.7745966692414834,0.19364916731037085,2.0,6.0,240.0,1236.0,0.17490141462351225,7.984997235014576,8.421643917121326,0.009333333333333334,1.0,10.950383707985376,0.9676426264422419,10.983234859109333,10.950383707985376,0.9617086983769167,0.03235737355775814,0.03829130162308325,,,,,10
watts_strogatz,60,0.15,1.75,120,4.0,0.7958224257542215,0.19895560643855537,2.0,6.0,240.0,1238.0,0.23729304461627604,7.774579710707174,8.350032319869845,0.011,0.99975,10.941534911624695,0.9675777462059844,10.985301051271195,10.941534911624695,0.9613892790500873,0.03217225379401567,0.03836072094991272,,,,,11
watts_strogatz,60,0.15,1.75,120,4.0,0.7958224257542215,0.19895560643855537,2.0,5.0,240.0,1238.0,0.33225999961941866,7.8746617641868175,8.40298711485007,0.009333333333333334,0.99975,10.941534911624695,0.9675777462059844,10.912813382481682,10.941534911624695,0.9595390827055971,0.03217225379401567,0.04021091729440296,,,,,12
watts_strogatz,60,0.15,1.75,120,4.0,0.9486832980505138,0.23717082451262844,2.0,6.0,240.0,1254.0,0.2387824828203186,8.24101977316614,8.25568226213131,0.014666666666666666,0.9985,10.871508368809087,0.9670579631666456,10.873546776628238,10.871508368809087,0.9555318510835669,0.03144203683335445,0.04296814891643319,,,,,13
watts_strogatz,60,0.15,1.75,120,4.0,0.8563488385776752,0.2140872096444188,2.0,6.0,240.0,1244.0,0.2532279506418773,8.106273696066786,8.42403828448015,0.011,0.99875,10.915116680129625,0.967382981532636,10.889193278014316,10.915116680129625,0.957437850543042,0.031367018467364005,0.04131214945695805,,,,,14
watts_strogatz,60,0.15,1.75,120,4.0,0.752772652709081,0.18819316317727025,3.0,6.0,240.0,1234.0,0.21307119542146946,8.526572510580229,8.084377293510306,0.018666666666666668,1.0,10.959254008109793,0.9677074859439896,10.985282236379053,10.959254008109793,0.963094101332736,0.03229251405601041,0.036905898667264014,,,,,15
watts_strogatz,60,0.15,1.75,120,4.0,0.7745966692414834,0.19364916731037085,2.0,6.0,240.0,1236.0,0.2591616923780541,7.752626999964219,8.360282050493353,0.008333333333333333,0.9995,10.950383707985376,0.9676426264422419,11.015401611251539,10.950383707985376,0.9621310526840887,0.031857373557758195,0.03736894731591134,,,,,16
watts_strogatz,60,0.15,1.75,120,4.0,0.7302967433402214,0.18257418583505536,3.0,6.0,240.0,1232.0,0.30889352853279534,7.863996033536767,8.337367666185783,0.009,1.0,10.968145899234342,0.9677723246668104,10.95237918950419,10.968145899234342,0.9626898369524419,0.0322276753331896,0.037310163047558076,,,,,17
watts_strogatz,60,0.15,1.75,120,4.0,1.0327955589886444,0.2581988897471611,2.0,7.0,240.0,1264.0,0.5078584545213786,8.787735178262027,8.568617441711867,0.008666666666666666,0.99675,10.828418590169658,0.9667324363009437,10.816913395417604,10.828418590169658,0.9545919602522891,0.030017563699056282,0.04215803974771093,,,,,18
watts_strogatz,60,0.15,1.75,120,4.0,1.0165300454651272,0.2541325113662818,2.0,7.0,240.0,1262.0,0.343279106204991,8.745564988958892,8.355772007225736,0.013333333333333334,0.99925,10.836995556734339,0.9667975820945157,10.830222434511379,10.836995556734339,0.9555554489390368,0.032452417905484254,0.043694551060963205,,,,,19
watts_strogatz,60,0.15,2.5,120,4.0,0.7958224257542215,0.19895560643855537,2.0,6.0,240.0,1238.0,0.3863828472795634,7.937826794289328,8.495270925473895,0.006333333333333333,1.0,22.329663084948358,0.9946361081829526,22.425959757002197,22.329663084948358,0.9934917902844543,0.005363891817047439,0.006508209715545665,,,,,0
watts_strogatz,60,0.15,2.5,120,4.0,0.7958224257542215,0.19895560643855537,2.0,6.0,240.0,1238.0,0.3828581160011784,8.018983669797311,8.486093373622174,0.006666666666666667,1.0,22.329663084948358,0.9946361081829526,22.275234531178796,22.329663084948358,0.9931705322243959,0.005363891817047439,0.0068294677756041144,,,,,1
watts_strogatz,60,0.15,2.5,120,4.0,0.7958224257542215,0.19895560643855537,3.0,6.0,240.0,1238.0,0.28450862600028165,8.150510334873136,8.433082139612525,0.009,1.0,22.329663084948358,0.9946361081829526,22.356179559861733,22.329663084948358,0.9937108733344183,0.005363891817047439,0.006289126665581679,,,,,2
watts_strogatz,60,0.15,2.5,120,4.0,0.816496580927726,0.2041241452319315,2.0,6.0,240.0,1240.0,0.44476763420217985,8.008187715158108,8.279725705904097,0.009,1.0,22.311648025069413,0.9946250701835171,22.304675635061574,22.311648025069413,0.9930975318899935,0.00537492981648291,0.006902468110006499,,,,,3
watts_strogatz,60,0.15,2.5,120,4.0,0.9309493362512627,0.2327373340628157,2.0,7.0,240.0,1252.0,0.40864636102527374,8.72526938546605,8.296823327199094,0.017666666666666667,1.0,22.204465749373096,0.99455874269479,22.165607934311694,22.204465749373096,0.9930165262038798,0.0054412573052099455,0.006983473796120188,,,,,4
watts_strogatz,60,0.15,2.5,120,4.0,0.7745966692414834,0.19364916731037085,2.0,6.0,240.0,1236.0,0.3109682900024699,7.896723821673129,8.4108017727774,0.008333333333333333,1.0,22.34772185303138,0.9946471414283825,22.326770863794163,22.34772185303138,0.9934544272214526,0.0053528585716174915,0.006545572778547393,,,,,5
watts_strogatz,60,0.15,2.5,120,4.0,0.816496580927726,0.2041241452319315,2.0,6.0,240.0,1240.0,0.27525529779597246,8.031365451724973,8.2574393324618,0.01,1.0,22.311648025069413,0.9946250701835171,22.36184923312582,22.311648025069413,0.9933749380102186,0.00537492981648291,0.006625061989781411,,,,,6
watts_strogatz,60,0.15,2.5,120,4.0,0.7071067811865476,0.1767766952966369,3.0,6.0,240.0,1230.0,0.2186370478399078,7.917817010978432,8.36870416258132,0.010666666666666666,1.0,22.402162181819772,0.9946802125791115,22.46796853322887,22.402162181819772,0.9939466839334316,0.0053197874208884555,0.006053316066568448,,,,,7
watts_strogatz,60,0.15,2.5,120,4.0,0.7958224257542215,0.19895560643855537,2.0,6.0,240.0,1238.0,0.3425595091556783,7.946756436012268,8.287500004967425,0.010666666666666666,1.0,22.329663084948358,0.9946361081829526,22.300355402149364,22.329663084948358,0.9933884153154022,0.005363891817047439,0.006611584684597771,,,,,8
watts_strogatz,60,0.15,2.5,120,4.0,0.9486832980505138,0.23717082451262844,2.0,7.0,240.0,1254.0,0.2635322375320318,8.39061721623146,8.408936904470863,0.013,1.0,22.18675177307977,0.9945476715879746,22.19507180499468,22.18675177307977,0.992552747882319,0.0054523284120253646,0.007447252117681047,,,,,9
watts_strogatz,60,0.15,2.5,120,4.0,1.0,0.25,2.0,7.0,240.0,1260.0,0.33948696291905156,8.687579553062493,8.35452014336941,0.013,1.0,22.133863135822104,0.9945144300588614,22.24868255083918,22.133863135822104,0.9925922394667747,0.005485569941138579,0.007407760533225338,,,,,10
watts_strogatz,60,0.15,2.5,120,4.0,0.983192080250175,0.24579802006254375,2.0,7.0,240.0,1258.0,0.38739972777931525,9.056748966488607,8.612967223150951,0.005666666666666667,1.0,22.151450634136108,0.9945255152640202,22.0933030762215,22.151450634136108,0.9928800929584578,0.005474484735979779,0.007119907041542195,,,,,11
watts_strogatz,60,0.15,2.5,120,4.0,0.816496580927726,0.2041241452319315,2.0,6.0,240.0,1240.0,0.21048200647936904,8.291920826625542,8.36825139805594,0.007333333333333333,1.0,22.311648025069413,0.9946250701835171,22.271208163023974,22.311648025069413,0.9933710488830327,0.00537492981648291,0.006628951116967263,,,,,12
watts_strogatz,60,0.15,2.5,120,4.0,1.0,0.25,2.0,6.0,240.0,1260.0,0.38451336700249844,8.425282814489396,8.482725534431616,0.008,1.0,22.133863135822104,0.9945144300588614,22.201648091675562,22.133863135822104,0.9925234996040435,0.005485569941138579,0.007476500395956487,,,,,13
watts_strogatz,60,0.15,2.5,120,4.0,0.7302967433402214,0.18257418583505536,3.0,6.0,240.0,1232.0,0.32880628432428594,7.942259700779236,8.353539261692337,0.010666666666666666,1.0,22.38397122292723,0.9946691936326312,22.4972900772433,22.38397122292723,0.9938786169598872,0.005330806367368823,0.006121383040112782,,,,,14
watts_strogatz,60,0.15,2.5,120,4.0,0.8755950357709131,0.21889875894272828,2.0,6.0,240.0,1246.0,0.33459985302963147,7.831804765405248,8.655069084058285,0.006333333333333333,1.0,22.25786333930567,0.9945919277223716,22.115969460517597,22.25786333930567,0.9930409193234812,0.005408072277628406,0.006959080676518847,,,,,15
watts_strogatz,60,0.15,2.5,120,4.0,0.816496580927726,0.2041241452319315,2.0,7.0,240.0,1240.0,0.38641436361988935,8.65135420005035,8.483345463055453,0.007666666666666666,1.0,22.311648025069413,0.9946250701835171,22.27260264102554,22.311648025069413,0.9933620894138578,0.00537492981648291,0.0066379105861421595,,,,,16
watts_strogatz,60,0.15,2.5,120,4.0,0.9660917830792959,0.24152294576982397,2.0,6.0,240.0,1256.0,0.3371200779446204,8.066959745925306,8.392180440130307,0.010333333333333333,1.0,22.169080124100617,0.9945365957757187,22.109500721267096,22.169080124100617,0.9925231528135441,0.005463404224281265,0.007476847186455915,,,,,17
watts_strogatz,60,0.15,2.5,120,4.0,0.8944271909999159,0.22360679774997896,2.0,6.0,240.0,1248.0,0.375488167657294,8.179236450836632,8.256695828724533,0.013,1.0,22.24002136181766,0.9945808707680267,22.2747713951955,22.24002136181766,0.9928233414424201,0.0054191292319732964,0.007176658557579874,,,,,18
watts_strogatz,60,0.15,2.5,120,4.0,0.8366600265340756,0.2091650066335189,2.0,6.0,240.0,1242.0,0.2802312414616324,8.200315903334186,8.241111036286659,0.010666666666666666,1.0,22.293676497364668,0.9946140274362036,22.251875853932113,22.293676497364668,0.9932950219012707,0.00538597256379636,0.006704978098729275,,,,,19
watts_strogatz,60,0.25,0.75,120,4.0,0.8755950357709131,0.21889875894272828,2.0,6.0,240.0,1246.0,0.29002336003658424,8.409372576470673,23.586852372202998,0.01,0.049,0.7211547721935035,0.027437496304982868,0.7176842148523223,0.7211547721935035,0.029451214106504524,0.021562503695017134,0.019548785893495478,,,,,0
watts_strogatz,60,0.25,0.75,120,4.0,0.7745966692414834,0.19364916731037085,3.0,7.0,240.0,1236.0,0.20336556338175021,8.822462389564187,23.05670083441739,0.010666666666666666,0.0625,0.7240661880382168,0.02771416157080103,0.7204911112347782,0.7240661880382168,0.02924544245821317,0.03478583842919897,0.03325455754178683,,,,,1
watts_strogatz,60,0.25,0.75,120,4.0,0.752772652709081,0.18819316317727025,2.0,6.0,240.0,1234.0,0.2104479860524889,8.486067701398404,23.225998651616894,0.010333333333333333,0.05525,0.7246527140056271,0.027770089338052428,0.7224334650689848,0.7246527140056271,0.029297908665826662,0.027479910661947573,0.02595209133417334,,,,,2
watts_strogatz,60,0.25,0.75,120,4.0,0.7958224257542215,0.19895560643855537,2.0,6.0,240.0,1238.0,0.21847241121120442,7.8801487935024275,22.979429208989366,0.014,0.07,0.7234810839523267,0.027658433395098433,0.7223054271909043,0.7234810839523267,0.029514705024231647,0.04234156660490157,0.04048529497576836,,,,,3
watts_strogatz,60,0.25,0.75,120,4.0,0.9486832980505138,0.23717082451262844,2.0,6.0,240.0,1254.0,0.2903997810949199,8.175034096457917,22.95984048939091,0.012,0.06875,0.7188507574477845,0.027219672269971757,0.7185362602414012,0.7188507574477845,0.02975158755178655,0.04153032773002825,0.038998412448213456,,,,,4
watts_strogatz,60,0.25,0.75,120,4.0,0.7302967433402214,0.18257418583505536,2.0,6.0,240.0,1232.0,0.2035536521533366,7.94056980501936,23.480414503859752,0.01,0.051,0.7252406676228422,0.027826217723892863,0.7262832010825498,0.7252406676228422,0.029492647845950605,0.023173782276107134,0.02150735215404939,,,,,5
watts_strogatz,60,0.25,0.75,120,4.0,0.816496580927726,0.2041241452319315,2.0,7.0,240.0,1240.0,0.20498705524808541,8.578038582815187,23.21966957096163,0.010333333333333333,0.06,0.722897396012249,0.027602903790738174,0.722490766226992,0.722897396012249,0.029540780268275,0.03239709620926182,0.030459219731725,,,,,6
watts_strogatz,60,0.25,0.75,120,4.0,0.8366600265340756,0.2091650066335189,2.0,6.0,240.0,1242.0,0.20673255524553383,8.587095945937959,22.890918939665646,0.013,0.0655,0.7223151185146153,0.027547571744291618,0.7205544754132358,0.7223151185146153,0.02951332325385195,0.03795242825570838,0.035986676746148055,,,,,7
watts_strogatz,60,0.25,0.75,120,4.0,0.7958224257542215,0.19895560643855537,2.0,6.0,240.0,1238.0,0.2526632227839142,8.13188084673397,23.354910481966684,0.010666666666666666,0.05575,0.7234810839523267,0.027658433395098433,0.7244306528750142,0.7234810839523267,0.029645503154717843,0.028091566604901568,0.026104496845282158,,,,,8
watts_strogatz,60,0.25,0.75,120,4.0,0.6055300708194983,0.15138251770487457,2.0,5.0,240.0,1222.0,0.1724940141911379,7.554381555010734,23.301329454468767,0.006666666666666667,0.0575,0.7282020546564615,0.028109905363859614,0.7264270621482364,0.7282020546564615,0.02912924121338576,0.02939009463614039,0.028370758786614242,,,,,9
watts_strogatz,60,0.25,0.75,120,4.0,0.7302967433402214,0.18257418583505536,2.0,6.0,240.0,1232.0,0.20575709682359766,7.953533253905279,23.353750940133494,0.009,0.066,0.7252406676228422,0.027826217723892863,0.7227929803696149,0.7252406676228422,0.029247364700938798,0.03817378227610714,0.036752635299061205,,,,,10
watts_strogatz,60,0.25,0.75,120,4.0,0.752772652709081,0.18819316317727025,2.0,6.0,240.0,1234.0,0.14380382400843333,7.771092929329436,22.982261877910457,0.012,0.06625,0.7246527140056271,0.027770089338052428,0.7210747412302244,0.7246527140056271,0.02914197164779725,0.03847991066194757,0.037108028352202754,,,,,11
watts_strogatz,60,0.25,0.75,120,4.0,0.9660917830792959,0.24152294576982397,2.0,7.0,240.0,1256.0,0.4116528403322664,8.591723233213376,23.24129567875256,0.013,0.055,0.71827819602086,0.02716569531077073,0.716392715756305,0.71827819602086,0.02972608337084597,0.02783430468922927,0.02527391662915403,,,,,12
watts_strogatz,60,0.25,0.75,120,4.0,0.8944271909999159,0.22360679774997896,2.0,6.0,240.0,1248.0,0.27096754266441453,8.13405015572096,23.198656266049742,0.006666666666666667,0.065,0.7205766921228921,0.027382750918657276,0.7229636024155492,0.7205766921228921,0.030032552806296315,0.03761724908134273,0.03496744719370369,,,,,13
watts_strogatz,60,0.25,0.75,120,4.0,0.8366600265340756,0.2091650066335189,2.0,7.0,240.0,1242.0,0.2477004647938977,8.749837011967807,23.479648170430146,0.008333333333333333,0.04875,0.7223151185146153,0.027547571744291618,0.7210059223623075,0.7223151185146153,0.02952829597550167,0.021202428255708384,0.019221704024498333,,,,,14
watts_strogatz,60,0.25,0.75,120,4.0,0.8563488385776752,0.2140872096444188,2.0,6.0,240.0,1244.0,0.33264559470169175,8.068052104857376,22.903281571185683,0.014333333333333333,0.066,0.7217342457881629,0.027492436249052638,0.7211929451038218,0.7217342457881629,0.029626963393156073,0.03850756375094737,0.036373036606843934,,,,,15
watts_strogatz,60,0.25,0.75,120,4.0,0.9128709291752769,0.22821773229381923,2.0,7.0,240.0,1250.0,0.3735459195612201,8.881318254471456,22.68179170914718,0.018333333333333333,0.07075,0.72,0.027328199103210556,0.7191450000000001,0.72,0.029789457806131917,0.04342180089678944,0.04096054219386808,,,,,16
watts_strogatz,60,0.25,0.75,120,4.0,0.7958224257542215,0.19895560643855537,2.0,6.0,240.0,1238.0,0.31028314368297866,7.529459912959621,23.38204230912504,0.008,0.05425,0.7234810839523267,0.027658433395098433,0.7228932555716155,0.7234810839523267,0.02958042244400603,0.026591566604901567,0.02466957755599397,,,,,17
watts_strogatz,60,0.25,0.75,120,4.0,0.8366600265340756,0.2091650066335189,2.0,7.0,240.0,1242.0,0.30439628964205756,8.568052611220342,23.165297770637288,0.008,0.064,0.7223151185146153,0.027547571744291618,0.7231277230229441,0.7223151185146153,0.029684315811155,0.03645242825570838,0.034315684188845,,,,,18
watts_strogatz,60,0.25,0.75,120,4.0,0.7745966692414834,0.19364916731037085,2.0,6.0,240.0,1236.0,0.3588903071295743,7.89697896699261,23.39318969574881,0.011666666666666667,0.054,0.7240661880382168,0.02771416157080103,0.7239304256279595,0.7240661880382168,0.02953770323357255,0.02628583842919897,0.02446229676642745,,,,,19
watts_strogatz,60,0.25,1.25,120,4.0,0.9486832980505138,0.23717082451262844,2.0,7.0,240.0,1254.0,0.2680063204011797,8.711881339164758,23.30815021749745,0.011,0.3065,1.9968076595771793,0.2768805734513745,1.9849516140984398,1.9968076595771793,0.2753802318677275,0.029619426548625483,0.03111976813227252,,,,,0
watts_strogatz,60,0.25,1.25,120,4.0,0.7958224257542215,0.19895560643855537,2.0,6.0,240.0,1238.0,0.22549937693475974,8.08567368936277,23.021346470731697,0.011,0.31975,2.009669677645352,0.28018457341189584,2.0085392384516765,2.009669677645352,0.28105000290973225,0.039565426588104136,0.038699997090267724,,,,,1
watts_strogatz,60,0.25,1.25,120,4.0,1.0165300454651272,0.2541325113662818,2.0,7.0,240.0,1262.0,0.40222724088066786,8.501196249214411,23.42878388246461,0.008,0.28975,1.9904685716450823,0.2752532797692325,1.9832531230728685,1.9904685716450823,0.2749320434786297,0.014496720230767535,0.014817956521370301,,,,,2
watts_strogatz,60,0.25,1.25,120,4.0,0.983192080250175,0.24579802006254375,2.0,7.0,240.0,1258.0,0.23892812872643987,8.5886697628263,23.30892614558697,0.009,0.29575,1.99363055707225,0.2760648912662562,1.9964964009980417,1.99363055707225,0.2792665357604817,0.019685108733743795,0.016483464239518297,,,,,3
watts_strogatz,60,0.25,1.25,120,4.0,0.7958224257542215,0.19895560643855537,3.0,6.0,240.0,1238.0,0.41809675284903486,8.018868006677046,23.599223063370367,0.009333333333333334,0.28175,2.009669677645352,0.28018457341189584,2.0187131911947565,2.009669677645352,0.2833241322723736,0.0015654265881041574,-0.001574132272373574,,,,,4
watts_strogatz,60,0.25,1.25,120,4.0,0.9309493362512627,0.2327373340628157,2.0,6.0,240.0,1252.0,0.2796722294458852,8.03625911467233,23.045120686353517,0.013333333333333334,0.33025,1.9984019174435788,0.27728994980432775,2.0005252194808625,1.9984019174435788,0.27998707231498643,0.05296005019567224,0.05026292768501356,,,,,5
watts_strogatz,60,0.25,1.25,120,4.0,0.752772652709081,0.18819316317727025,3.0,6.0,240.0,1234.0,0.3637133073518912,8.156524464271968,23.257300308018884,0.007333333333333333,0.29625,2.0129242055711862,0.2810210344043272,2.0136790521482753,2.0129242055711862,0.28164986887948973,0.015228965595672828,0.014600131120510285,,,,,6
watts_strogatz,60,0.25,1.25,120,4.0,0.8755950357709131,0.21889875894272828,2.0,7.0,240.0,1246.0,0.27875082948579943,8.667690111269817,22.768892952536486,0.013,0.326,2.00320770053751,0.278524262273672,2.0087165217139877,2.00320770053751,0.28144690056794136,0.047475737726328016,0.04455309943205865,,,,,7
watts_strogatz,60,0.25,1.25,120,4.0,0.8944271909999159,0.22360679774997896,2.0,6.0,240.0,1248.0,0.37883012641974934,8.282213245641206,23.13568551119095,0.01,0.3155,2.001601922563589,0.2781117906659829,2.0043541252071138,2.001601922563589,0.27973069880437107,0.0373882093340171,0.03576930119562893,,,,,8
watts_strogatz,60,0.25,1.25,120,4.0,0.9660917830792959,0.24152294576982397,2.0,7.0,240.0,1256.0,0.2937118438850954,8.92011204458807,23.314392676969916,0.007333333333333333,0.28575,1.9952172111690554,0.27647222177603864,1.9970877273045262,1.9952172111690554,0.2779272409589266,0.009277778223961364,0.00782275904107338,,,,,9
watts_strogatz,60,0.25,1.25,120,4.0,0.8755950357709131,0.21889875894272828,2.0,6.0,240.0,1246.0,0.28860670063303395,8.01689422096537,23.125627259946015,0.011333333333333334,0.3195,2.00320770053751,0.278524262273672,1.9998272875428527,2.00320770053751,0.2802660451173854,0.04097573772632801,0.03923395488261461,,,,,10
watts_strogatz,60,0.25,1.25,120,4.0,0.7071067811865476,0.1767766952966369,2.0,6.0,240.0,1230.0,0.3253163858785513,8.074607067601963,23.17517640351509,0.012,0.31375,2.0161945963637793,0.281861737934836,2.021361095016961,2.0161945963637793,0.2843429157456996,0.031888262065163986,0.029407084254300386,,,,,11
watts_strogatz,60,0.25,1.25,120,4.0,0.752772652709081,0.18819316317727025,2.0,7.0,240.0,1234.0,0.28358297408823174,8.636149686492978,23.926274878719344,0.011,0.24125,2.0129242055711862,0.2810210344043272,2.02311463436189,2.0129242055711862,0.284685468313735,-0.039771034404327194,-0.04343546831373499,,,,,12
watts_strogatz,60,0.25,1.25,120,4.0,0.8755950357709131,0.21889875894272828,2.0,7.0,240.0,1246.0,0.3050055330012129,8.668500140011153,23.809068580397682,0.006666666666666667,0.25975,2.00320770053751,0.278524262273672,1.9933168625161057,2.00320770053751,0.2770129346136101,-0.018774262273672015,-0.017262934613610115,,,,,13
watts_strogatz,60,0.25,1.25,120,4.0,0.7958224257542215,0.19895560643855537,3.0,6.0,240.0,1238.0,0.3109523800111546,8.276967066016253,22.99441875408767,0.011333333333333334,0.33325,2.009669677645352,0.28018457341189584,2.033032087647979,2.009669677645352,0.28695359117414065,0.05306542658810415,0.046296408825859336,,,,,14
watts_strogatz,60,0.25,1.25,120,4.0,0.6831300510639732,0.1707825127659933,3.0,6.0,240.0,1228.0,0.302440749564649,7.956452101220636,23.116151892927867,0.008,0.3095,2.0178357806781544,0.28228368986214863,2.0097644375554418,2.0178357806781544,0.28099168823630466,0.027216310137851363,0.028508311763695338,,,,,15
watts_strogatz,60,0.25,1.25,120,4.0,0.7302967433402214,0.18257418583505536,3.0,6.0,240.0,1232.0,0.31474904796514414,7.74541472915085,22.99583533639709,0.014666666666666666,0.317,2.0145574100634507,0.28144085401419544,2.0141796805490637,2.0145574100634507,0.2820020961067074,0.03555914598580456,0.0349979038932926,,,,,16
watts_strogatz,60,0.25,1.25,120,4.0,0.7745966692414834,0.19364916731037085,2.0,6.0,240.0,1236.0,0.304360810335799,7.755973426445559,22.925666628038208,0.013333333333333334,0.32825,2.0112949667728244,0.2806022754250644,2.0208486178649947,2.0112949667728244,0.28487201836086534,0.0476477245749356,0.043377981639134644,,,,,17
watts_strogatz,60,0.25,1.25,120,4.0,0.8755950357709131,0.21889875894272828,2.0,6.0,240.0,1246.0,0.4776313033902186,8.131799446017583,22.937523385405516,0.011,0.3215,2.00320770053751,0.278524262273672,2.000954091874405,2.00320770053751,0.2794620195891134,0.04297573772632801,0.04203798041088663,,,,,18
watts_strogatz,60,0.25,1.25,120,4.0,0.7958224257542215,0.19895560643855537,2.0,7.0,240.0,1238.0,0.3095886348852453,8.480635541309839,23.21628382203821,0.01,0.3015,2.009669677645352,0.28018457341189584,2.003640668612416,2.009669677645352,0.27940609940440886,0.021315426588104147,0.02209390059559113,,,,,19
watts_strogatz,60,0.25,1.75,120,4.0,0.7071067811865476,0.1767766952966369,3.0,6.0,240.0,1230.0,0.3752529899914132,7.934303796405641,23.297225194989842,0.012666666666666666,0.7545,3.9517414088730076,0.6874063138342349,3.9517414088730076,3.9517414088730076,0.6705866943037081,0.06709368616576505,0.08391330569629185,,,,,0
watts_strogatz,60,0.25,1.75,120,4.0,0.9128709291752769,0.22821773229381923,2.0,7.0,240.0,1250.0,0.20214226012444073,8.614941779630955,23.18497766800789,0.013333333333333334,0.75625,3.92,0.6829515636579979,3.9053,3.92,0.6564721742576765,0.07329843634200206,0.09977782574232352,,,,,1
watts_strogatz,60,0.25,1.75,120,4.0,0.8755950357709131,0.21889875894272828,2.0,6.0,240.0,1246.0,0.28531448901148837,8.375444741408138,23.43573694239624,0.009,0.731,3.926287093053519,0.6838394922330636,3.904201728155093,3.926287093053519,0.6563128822290696,0.047160507766936366,0.0746871177709304,,,,,2
watts_strogatz,60,0.25,1.75,120,4.0,0.7071067811865476,0.1767766952966369,2.0,6.0,240.0,1230.0,0.2068468841695264,7.836433260866845,22.90828648759402,0.014666666666666666,0.77825,3.9517414088730076,0.6874063138342349,3.955446166443826,3.9517414088730076,0.6727479645359522,0.0908436861657651,0.1055020354640478,,,,,3
watts_strogatz,60,0.25,1.75,120,4.0,0.8563488385776752,0.2140872096444188,2.0,6.0,240.0,1244.0,0.24387770388304755,8.22013252136014,23.160882634163883,0.010666666666666666,0.75275,3.9294420048466647,0.6842840226519468,3.9014447305621314,3.9294420048466647,0.6574744708753237,0.06846597734805326,0.0952755291246763,,,,,4
watts_strogatz,60,0.25,1.75,120,4.0,1.0488088481701516,0.2622022120425379,2.0,7.0,240.0,1266.0,0.28312800408407135,8.51388669492582,23.161096644306326,0.011333333333333334,0.7385,3.8951503042341047,0.6794149286963961,3.8893075787777542,3.8951503042341047,0.646196915980583,0.059085071303603964,0.092303084019417,,,,,5
watts_strogatz,60,0.25,1.75,120,4.0,0.983192080250175,0.24579802006254375,2.0,7.0,240.0,1258.0,0.3014076765763413,8.780807597905572,23.46878317540203,0.007333333333333333,0.74,3.9075158918616095,0.6811802322620116,3.9287630095236064,3.9075158918616095,0.6559553483052845,0.05881976773798836,0.08404465169471553,,,,,6
watts_strogatz,60,0.25,1.75,120,4.0,0.816496580927726,0.2041241452319315,2.0,6.0,240.0,1240.0,0.35420785775032737,7.937359363929858,23.34244668116005,0.01,0.73825,3.9357747116222446,0.6851742163231899,3.9360206975417205,3.9357747116222446,0.663121859098298,0.053075783676810095,0.07512814090170195,,,,,7
watts_strogatz,60,0.25,1.75,120,4.0,0.8755950357709131,0.21889875894272828,2.0,7.0,240.0,1246.0,0.26797670280263713,9.040533703646766,22.730242766995445,0.013333333333333334,0.78575,3.926287093053519,0.6838394922330636,3.9400290978792065,3.926287093053519,0.6631324862447806,0.10191050776693633,0.12261751375521934,,,,,8
watts_strogatz,60,0.25,1.75,120,4.0,0.6831300510639732,0.1707825127659933,2.0,5.0,240.0,1228.0,0.29947964924825615,7.658540615639524,23.48623544619051,0.012333333333333333,0.74125,3.9549581301291825,0.6878538679016808,3.9341945999460046,3.9549581301291825,0.6686183206013809,0.05339613209831917,0.07263167939861903,,,,,9
watts_strogatz,60,0.25,1.75,120,4.0,0.7745966692414834,0.19364916731037085,2.0,6.0,240.0,1236.0,0.2020379350223958,8.239554919883522,23.240946962687122,0.014,0.7615,3.9421381348747353,0.6860659211812278,3.937949613106431,3.9421381348747353,0.6669873694930446,0.07543407881877218,0.09451263050695535,,,,,10
watts_strogatz,60,0.25,1.75,120,4.0,0.9660917830792959,0.24152294576982397,2.0,6.0,240.0,1256.0,0.260508766551566,8.27148312557894,23.068314222672406,0.010666666666666666,0.75,3.9106257338913486,0.6816224996919861,3.9257794086101785,3.9106257338913486,0.6550588203677473,0.06837750030801393,0.09494117963225268,,,,,11
watts_strogatz,60,0.25,1.75,120,4.0,0.816496580927726,0.2041241452319315,2.0,7.0,240.0,1240.0,0.23458281816382037,8.65802828737606,23.773334605982537,0.006333333333333333,0.722,3.9357747116222446,0.6851742163231899,3.938726542655961,3.9357747116222446,0.6661987720778427,0.03682578367681011,0.05580122792215725,,,,,12
watts_strogatz,60,0.25,1.75,120,4.0,0.8366600265340756,0.2091650066335189,2.0,6.0,240.0,1242.0,0.2992479719182674,7.774737011983323,23.42600348935909,0.009,0.738,3.9326045341351277,0.6847289306444742,3.9362913508858797,3.9326045341351277,0.6632998125462687,0.053271069355525835,0.0747001874537313,,,,,13
watts_strogatz,60,0.25,1.75,120,4.0,0.816496580927726,0.2041241452319315,2.0,6.0,240.0,1240.0,0.3374104337408716,8.040130755661043,22.63762236186163,0.013333333333333334,0.786,3.9357747116222446,0.6851742163231899,3.9328228805885272,3.9357747116222446,0.6634957713861535,0.10082578367681017,0.12250422861384658,,,,,14
watts_strogatz,60,0.25,1.75,120,4.0,1.1105554165971787,0.2776388541492947,2.0,7.0,240.0,1274.0,0.30521091513915066,8.630143453831867,23.87964833668641,0.007333333333333333,0.693,3.882901373576604,0.6776556448085987,3.8848428242633917,3.882901373576604,0.6410798339766761,0.015344355191401204,0.05192016602332383,,,,,15
watts_strogatz,60,0.25,1.75,120,4.0,0.8944271909999159,0.22360679774997896,2.0,6.0,240.0,1248.0,0.342171003866942,8.153160104410494,22.866141904351185,0.015,0.77525,3.9231397682246345,0.683395339273667,3.9243657494022046,3.9231397682246345,0.6577896522199869,0.09185466072633297,0.11746034778001313,,,,,16
watts_strogatz,60,0.25,1.75,120,4.0,0.9128709291752769,0.22821773229381923,2.0,6.0,240.0,1250.0,0.3143806861511616,8.056671185167742,23.237312320504603,0.013333333333333334,0.74525,3.92,0.6829515636579979,3.9121600000000005,3.92,0.6545452919570962,0.06229843634200205,0.09070470804290376,,,,,17
watts_strogatz,60,0.25,1.75,120,4.0,0.983192080250175,0.24579802006254375,2.0,7.0,240.0,1258.0,0.2756068080692654,8.984876215942919,23.481039147118793,0.007,0.7295,3.9075158918616095,0.6811802322620116,3.925588152861469,3.9075158918616095,0.6552471416002682,0.048319767737988406,0.07425285839973184,,,,,18
watts_strogatz,60,0.25,1.75,120,4.0,0.752772652709081,0.18819316317727025,2.0,6.0,240.0,1234.0,0.287370448146692,8.434126490638118,23.10419817363466,0.012666666666666666,0.76275,3.9453314429195254,0.6865123405774662,3.9199333717557305,3.9453314429195254,0.6645206915999465,0.0762376594225338,0.0982293084000535,,,,,19
watts_strogatz,60,0.25,2.5,120,4.0,0.8366600265340756,0.2091650066335189,2.0,6.0,240.0,1242.0,0.24711217479058678,8.113743278860797,23.015737987857673,0.011,0.992,8.025723539051281,0.9310111680860169,8.023215500445328,8.025723539051281,0.9162986224573537,0.06098883191398308,0.07570137754264628,,,,,0
watts_strogatz,60,0.25,2.5,120,4.0,0.9128709291752769,0.22821773229381923,2.0,6.0,240.0,1250.0,0.36552985236998875,8.15155565104649,23.509654707502396,0.012666666666666666,0.989,8.0,0.930481273460781,7.9675,8.0,0.9145633307902822,0.05851872653921897,0.07443666920971781,,,,,1
watts_strogatz,60,0.25,2.5,120,4.0,0.9128709291752769,0.22821773229381923,2.0,6.0,240.0,1250.0,0.3183267062377816,7.955800593199171,22.970523330735997,0.013,0.98525,8.0,0.930481273460781,8.042,8.0,0.91156638506922,0.05476872653921894,0.0736836149307799,,,,,2
watts_strogatz,60,0.25,2.5,120,4.0,0.8944271909999159,0.22360679774997896,2.0,6.0,240.0,1248.0,0.33948452873227497,8.2262535864086,22.51889218516563,0.019,0.994,8.006407690254356,0.9306137799336871,7.997900882083461,8.006407690254356,0.9144991706604169,0.06338622006631289,0.07950082933958313,,,,,3
watts_strogatz,60,0.25,2.5,120,4.0,0.9309493362512627,0.2327373340628157,2.0,7.0,240.0,1252.0,0.21147554757025364,8.748469568709726,23.301282776526097,0.009666666666666667,0.9875,7.993607669774315,0.9303487452824825,8.028579703329578,7.993607669774315,0.9144815909242187,0.057151254717517586,0.07301840907578139,,,,,4
watts_strogatz,60,0.25,2.5,120,4.0,0.7745966692414834,0.19364916731037085,2.0,6.0,240.0,1236.0,0.4152717607355193,7.871573374107282,23.222150829440846,0.012,0.9935,8.045179867091298,0.9314083571555275,8.066801287984104,8.045179867091298,0.9209778863333389,0.06209164284447255,0.07252211366666117,,,,,5
watts_strogatz,60,0.25,2.5,120,4.0,0.9128709291752769,0.22821773229381923,2.0,6.0,240.0,1250.0,0.4024926384111166,8.266381958655785,23.387226701407396,0.007666666666666666,0.9865,8.0,0.930481273460781,7.9895,8.0,0.9128543296017325,0.05601872653921902,0.07364567039826753,,,,,6
watts_strogatz,60,0.25,2.5,120,4.0,0.9486832980505138,0.23717082451262844,2.0,8.0,240.0,1254.0,0.345128773107728,9.448529579223141,23.599399037985034,0.006333333333333333,0.98425,7.987230638308717,0.9302161955017775,7.983736224904456,7.987230638308717,0.9140389944236295,0.05403380449822248,0.0702110055763705,,,,,7
watts_strogatz,60,0.25,2.5,120,4.0,0.8563488385776752,0.2140872096444188,3.0,6.0,240.0,1244.0,0.31568654469451607,8.057024376311933,23.127470870561595,0.011,0.99525,8.019269397646255,0.9308787273499877,8.002228450176256,8.019269397646255,0.918559184516512,0.0643712726500123,0.076690815483488,,,,,8
watts_strogatz,60,0.25,2.5,120,4.0,0.7958224257542215,0.19895560643855537,2.0,6.0,240.0,1238.0,0.2485815759853629,8.336548296351374,23.099343150061028,0.015,0.99225,8.038678710581408,0.931275983093314,7.997982899609089,8.038678710581408,0.9189131659443988,0.06097401690668591,0.07333683405560121,,,,,9
watts_strogatz,60,0.25,2.5,120,4.0,0.7958224257542215,0.19895560643855537,2.0,6.0,240.0,1238.0,0.2330922791309021,7.683202118407728,23.063064081057973,0.013666666666666667,0.994,8.038678710581408,0.931275983093314,8.081384191231372,8.038678710581408,0.9205900722017993,0.06272401690668594,0.07340992779820066,,,,,10
watts_strogatz,60,0.25,2.5,120,4.0,0.8944271909999159,0.22360679774997896,2.0,6.0,240.0,1248.0,0.3803278395926865,8.442876345644263,23.701659483668678,0.009333333333333334,0.98625,8.006407690254356,0.9306137799336871,7.983389268144874,8.006407690254356,0.9139664988913255,0.05563622006631286,0.07228350110867443,,,,,11
watts_strogatz,60,0.25,2.5,120,4.0,0.8755950357709131,0.21889875894272828,2.0,6.0,240.0,1246.0,0.3144239435091056,8.28249907781378,23.547917780899535,0.009,0.99275,8.01283080215004,0.930746264597937,8.064914202364013,8.01283080215004,0.9175007218130503,0.062003735402063054,0.07524927818694971,,,,,12
watts_strogatz,60,0.25,2.5,120,4.0,0.8944271909999159,0.22360679774997896,2.0,6.0,240.0,1248.0,0.4041878745052495,7.995183819615919,23.624467708569235,0.008333333333333333,0.987,8.006407690254356,0.9306137799336871,8.021920105154225,8.006407690254356,0.9146036633909753,0.056386220066312887,0.07239633660902467,,,,,13
watts_strogatz,60,0.25,2.5,120,4.0,0.9128709291752769,0.22821773229381923,2.0,7.0,240.0,1250.0,0.32967136737462777,8.781228596481496,23.322315082833313,0.012333333333333333,0.989,8.0,0.930481273460781,8.025,8.0,0.9155967109513038,0.05851872653921897,0.0734032890486962,,,,,14
watts_strogatz,60,0.25,2.5,120,4.0,0.8366600265340756,0.2091650066335189,3.0,7.0,240.0,1242.0,0.4346510864221365,8.711488405050044,23.239188403216442,0.010333333333333333,0.995,8.025723539051281,0.9310111680860169,8.018701030954613,8.025723539051281,0.9201981912613008,0.06398883191398308,0.07480180873869924,,,,,15
watts_strogatz,60,0.25,2.5,120,4.0,0.8563488385776752,0.2140872096444188,2.0,6.0,240.0,1244.0,0.32937607781320155,7.977356034615446,23.1734699586441,0.010333333333333333,0.99075,8.019269397646255,0.9308787273499877,8.01676337595949,8.019269397646255,0.9158041254550087,0.05987127265001235,0.07494587454499135,,,,,16
watts_strogatz,60,0.25,2.5,120,4.0,0.8563488385776752,0.2140872096444188,2.0,6.0,240.0,1244.0,0.37614465075602216,7.991003948821811,23.599458244095505,0.008,0.9875,8.019269397646255,0.9308787273499877,8.046334431863311,8.019269397646255,0.9171986148714563,0.05662127265001238,0.07030138512854378,,,,,17
watts_strogatz,60,0.25,2.5,120,4.0,0.8755950357709131,0.21889875894272828,2.0,6.0,240.0,1246.0,0.34842726818010117,8.138577290201443,22.742258230250943,0.013666666666666667,0.98775,8.01283080215004,0.930746264597937,8.013832406000308,8.01283080215004,0.9120780272898771,0.05700373540206305,0.07567197271012294,,,,,18
watts_strogatz,60,0.25,2.5,120,4.0,0.983192080250175,0.24579802006254375,2.0,7.0,240.0,1258.0,0.371584230070108,8.740554352393923,23.48159509351391,0.009666666666666667,0.9805,7.974522228289,0.9299510315437106,7.973525413010465,7.974522228289,0.9105113854009871,0.05054896845628942,0.06998861459901295,,,,,19
watts_strogatz,60,0.35,0.75,120,4.0,1.0954451150103321,0.27386127875258304,2.0,8.0,240.0,1272.0,0.4286972628577161,9.901865892610164,45.03918094421833,0.014,0.0355,0.3641563403807805,0.004879926213171207,0.3615389666842937,0.3641563403807805,0.005503008385209471,0.03062007378682879,0.029996991614790525,,,,,0
watts_strogatz,60,0.35,0.75,120,4.0,0.8366600265340756,0.2091650066335189,2.0,6.0,240.0,1242.0,0.28144323313967656,8.05691728545646,45.40871786813101,0.008666666666666666,0.02675,0.3685281216911303,0.005030595846579605,0.3693342769573297,0.3685281216911303,0.005483968528656395,0.021719404153420396,0.021266031471343604,,,,,1
watts_strogatz,60,0.35,0.75,120,4.0,0.816496580927726,0.2041241452319315,2.0,6.0,240.0,1240.0,0.28306984946453917,7.974580749616178,45.194277996225516,0.013666666666666667,0.02675,0.3688252020470658,0.005040934748084111,0.368756047321682,0.3688252020470658,0.005462606407152821,0.02170906525191589,0.02128739359284718,,,,,2
watts_strogatz,60,0.35,0.75,120,4.0,0.752772652709081,0.18819316317727025,2.0,6.0,240.0,1234.0,0.19256156958727905,7.670918277848075,44.67830990309491,0.011333333333333334,0.03325,0.3697207724518506,0.005072179539680223,0.3701598158691372,0.3697207724518506,0.005432713891684595,0.028177820460319778,0.02781728610831541,,,,,3
watts_strogatz,60,0.35,0.75,120,4.0,0.9486832980505138,0.23717082451262844,2.0,6.0,240.0,1254.0,0.4377747047209407,7.973133102215148,46.44065090294348,0.009333333333333334,0.02625,0.36676059053458404,0.004969346916591576,0.3656144636891634,0.36676059053458404,0.0054782479148818486,0.021280653083408423,0.02077175208511815,,,,,4
watts_strogatz,60,0.35,0.75,120,4.0,0.8755950357709131,0.21889875894272828,2.0,7.0,240.0,1246.0,0.36579628560807315,8.479359949883179,46.05293120183757,0.011,0.0235,0.36793610826199163,0.005010030893959787,0.36867198047851557,0.36793610826199163,0.005516911570346304,0.018489969106040213,0.017983088429653696,,,,,5
watts_strogatz,60,0.35,0.75,120,4.0,0.8944271909999159,0.22360679774997896,2.0,6.0,240.0,1248.0,0.4209504530869969,8.202473316436896,45.68729264988486,0.010333333333333333,0.02725,0.3676411694504552,0.004999804449868791,0.3669977974039169,0.3676411694504552,0.005471892339250378,0.02225019555013121,0.021778107660749623,,,,,6
watts_strogatz,60,0.35,0.75,120,4.0,0.7302967433402214,0.18257418583505536,2.0,6.0,240.0,1232.0,0.21565378934258794,7.559500649070822,45.98111991408735,0.008,0.0185,0.37002074878716446,0.0050826711701125035,0.37036764323915233,0.37002074878716446,0.005414757798104539,0.013417328829887495,0.013085242201895459,,,,,7
watts_strogatz,60,0.35,0.75,120,4.0,0.7745966692414834,0.19364916731037085,3.0,6.0,240.0,1236.0,0.29749651648585196,8.13105170228949,46.2021066427597,0.009,0.02375,0.3694215245092943,0.005061726394065046,0.37034507832056757,0.3694215245092943,0.005475747513392032,0.018688273605934953,0.018274252486607967,,,,,8
watts_strogatz,60,0.35,0.75,120,4.0,0.752772652709081,0.18819316317727025,2.0,6.0,240.0,1234.0,0.30929205708589375,8.44608616987885,44.64385899283677,0.017333333333333333,0.03525,0.3697207724518506,0.005072179539680223,0.3694896969690682,0.3697207724518506,0.005413765494542125,0.030177820460319773,0.029836234505457873,,,,,9
watts_strogatz,60,0.35,0.75,120,4.0,1.0801234497346435,0.27003086243366087,2.0,7.0,240.0,1270.0,0.44699629848280215,8.567610520818684,45.61798824589859,0.009,0.026,0.36444296485678096,0.004889719982513323,0.3657868482896904,0.36444296485678096,0.0056536370300998345,0.021110280017486674,0.020346362969900163,,,,,10
watts_strogatz,60,0.35,0.75,120,4.0,0.8563488385776752,0.2140872096444188,2.0,7.0,240.0,1244.0,0.2246393467767209,9.02803280813028,44.52697525573368,0.015666666666666666,0.032,0.3682317580551852,0.005020294627591331,0.3643653245956058,0.3682317580551852,0.0053146921609505,0.02697970537240867,0.026685307839049502,,,,,11
watts_strogatz,60,0.35,0.75,120,4.0,0.5477225575051661,0.13693063937629152,3.0,6.0,240.0,1218.0,0.1633509962109286,7.725130395580721,46.64800454265417,0.006,0.018,0.37214122889071277,0.005157207477777609,0.37395541738155497,0.37214122889071277,0.0054038806094368255,0.012842792522222389,0.012596119390563173,,,,,12
watts_strogatz,60,0.35,0.75,120,4.0,0.9486832980505138,0.23717082451262844,2.0,6.0,240.0,1254.0,0.3627382204024361,8.307020580022625,45.14120838587835,0.011333333333333334,0.03075,0.36676059053458404,0.004969346916591576,0.3657749214475223,0.36676059053458404,0.005484895122468327,0.025780653083408423,0.025265104877531672,,,,,13
watts_strogatz,60,0.35,0.75,120,4.0,0.7071067811865476,0.1767766952966369,2.0,6.0,240.0,1230.0,0.2684573740853805,7.717698514143315,44.59788366395757,0.012333333333333333,0.03475,0.37032145647498,0.0050932014894111656,0.37009000556468324,0.37032145647498,0.005408991257932878,0.029656798510588837,0.029341008742067125,,,,,14
watts_strogatz,60,0.35,0.75,120,4.0,0.6831300510639732,0.1707825127659933,2.0,6.0,240.0,1228.0,0.2146483236766062,7.801912478043227,45.921029402778906,0.008666666666666666,0.0215,0.370622898491906,0.0051037707030388785,0.37212855401702927,0.370622898491906,0.005442253835724101,0.01639622929696112,0.016057746164275896,,,,,15
watts_strogatz,60,0.35,0.75,120,4.0,0.9128709291752769,0.22821773229381923,2.0,7.0,240.0,1250.0,0.2874309400613392,8.465505085000117,45.450193186699735,0.012,0.02575,0.3673469387755103,0.004989615100834243,0.36895408163265314,0.3673469387755103,0.005547102305757915,0.020760384899165756,0.020202897694242085,,,,,16
watts_strogatz,60,0.35,0.75,120,4.0,0.752772652709081,0.18819316317727025,3.0,5.0,240.0,1234.0,0.3373434008215076,8.093448262385342,46.061122125904205,0.008666666666666666,0.0205,0.3697207724518506,0.005072179539680223,0.37099168760715384,0.3697207724518506,0.0054693033613821196,0.015427820460319777,0.01503069663861788,,,,,17
watts_strogatz,60,0.35,0.75,120,4.0,0.9660917830792959,0.24152294576982397,2.0,6.0,240.0,1256.0,0.2078133185561947,8.756033252279055,45.900283132595135,0.008333333333333333,0.025,0.36646846735758165,0.004959267698975739,0.36523163628024974,0.36646846735758165,0.005486193736934773,0.020040732301024263,0.019513806263065227,,,,,18
watts_strogatz,60,0.35,0.75,120,4.0,0.8563488385776752,0.2140872096444188,2.0,6.0,240.0,1244.0,0.2589832617145601,7.7599991937488735,44.76861638648276,0.014666666666666666,0.0305,0.3682317580551852,0.005020294627591331,0.36804764217615765,0.3682317580551852,0.005454043646606404,0.025479705372408668,0.025045956353393593,,,,,19
watts_strogatz,60,0.35,1.25,120,4.0,0.5773502691896257,0.14433756729740643,3.0,5.0,240.0,1220.0,0.19866263903604314,7.3774688894968925,45.22877752399591,0.011333333333333334,0.1045,1.032877972166985,0.06610868128840602,1.0319742039413387,1.032877972166985,0.06794227118130038,0.03839131871159397,0.03655772881869962,,,,,0
watts_strogatz,60,0.35,1.25,120,4.0,0.9486832980505138,0.23717082451262844,2.0,6.0,240.0,1254.0,0.43846734253747083,8.161126367955339,46.49735453572499,0.009333333333333334,0.07775,1.0187794181516223,0.06396870652542089,1.0121573519336367,1.0187794181516223,0.06826790481436319,0.013781293474579112,0.009482095185636807,,,,,1
watts_strogatz,60,0.35,1.25,120,4.0,1.0488088481701516,0.2622022120425379,2.0,7.0,240.0,1266.0,0.38184608001591797,8.68443029619146,46.28367062323604,0.008333333333333333,0.0875,1.0139395835678116,0.0632424220036127,1.0074757187225667,1.0139395835678116,0.06846672644612373,0.024257577996387295,0.019033273553876268,,,,,2
watts_strogatz,60,0.35,1.25,120,4.0,0.8366600265340756,0.2091650066335189,2.0,6.0,240.0,1242.0,0.38506705272418257,8.115425858957318,45.90990435328285,0.009666666666666667,0.0925,1.0236892269198063,0.0647098518825067,1.0302152457414202,1.0236892269198063,0.06972862706682531,0.027790148117493294,0.02277137293317469,,,,,3
watts_strogatz,60,0.35,1.25,120,4.0,0.7745966692414834,0.19364916731037085,3.0,6.0,240.0,1236.0,0.33932574609783706,8.033505366157023,45.21951722295381,0.011666666666666667,0.094,1.0261709014147062,0.06508613367117345,1.0217455394023554,1.0261709014147062,0.06776543592574716,0.028913866328826546,0.026234564074252842,,,,,4
watts_strogatz,60,0.35,1.25,120,4.0,0.7302967433402214,0.18257418583505536,3.0,6.0,240.0,1232.0,0.28167881565200026,8.328202008565011,46.56849715472031,0.008666666666666666,0.08125,1.027835413297679,0.06533914070179701,1.0261009410377389,1.027835413297679,0.06811776546796765,0.01591085929820299,0.013132234532032355,,,,,5
watts_strogatz,60,0.35,1.25,120,4.0,0.7745966692414834,0.19364916731037085,2.0,6.0,240.0,1236.0,0.2025896890883791,8.001250783298044,45.05347583973034,0.008666666666666666,0.1075,1.0261709014147062,0.06508613367117345,1.0305962634270573,1.0261709014147062,0.06921272741376922,0.042413866328826544,0.03828727258623078,,,,,6
watts_strogatz,60,0.35,1.25,120,4.0,0.7958224257542215,0.19895560643855537,2.0,6.0,240.0,1238.0,0.3780188579849555,7.879040712308566,45.175659642259745,0.013333333333333334,0.09925,1.0253416722680369,0.06496027800735751,1.0241240790322186,1.0253416722680369,0.06840505606046554,0.03428972199264249,0.030844943939534464,,,,,7
watts_strogatz,60,0.35,1.25,120,4.0,0.752772652709081,0.18819316317727025,3.0,6.0,240.0,1234.0,0.26131666694779554,7.8715010905226315,45.940777390079326,0.010666666666666666,0.097,1.027002145699585,0.06521242053153031,1.0304040903072151,1.027002145699585,0.06913084753983617,0.03178757946846969,0.027869152460163832,,,,,8
watts_strogatz,60,0.35,1.25,120,4.0,1.0165300454651272,0.2541325113662818,2.0,7.0,240.0,1262.0,0.39240618456551857,8.704214118643735,45.13112455424249,0.010333333333333333,0.1195,1.015545189614838,0.06348289201932639,1.0168780926762073,1.015545189614838,0.0694857520640519,0.05601710798067361,0.050014247935948095,,,,,9
watts_strogatz,60,0.35,1.25,120,4.0,0.9309493362512627,0.2327373340628157,2.0,7.0,240.0,1252.0,0.39608953360954413,8.732189022173987,46.05780305273649,0.009666666666666667,0.084,1.0195928150222342,0.06409118711794418,1.0166614856790452,1.0195928150222342,0.06843480827380782,0.01990881288205583,0.015565191726192182,,,,,10
watts_strogatz,60,0.35,1.25,120,4.0,0.7071067811865476,0.1767766952966369,3.0,7.0,240.0,1230.0,0.2527206259018534,8.476843617345889,47.35776319464864,0.005,0.07225,1.0286707124305,0.06546629630879408,1.0287992962695538,1.0286707124305,0.0682786857076212,0.006783703691205914,0.003971314292378791,,,,,11
watts_strogatz,60,0.35,1.25,120,4.0,0.7958224257542215,0.19895560643855537,2.0,6.0,240.0,1238.0,0.18648178096402546,7.880441167419448,45.793974832357556,0.006333333333333333,0.0885,1.0253416722680369,0.06496027800735751,1.0268796847764388,1.0253416722680369,0.06888220626093991,0.02353972199264248,0.019617793739060085,,,,,12
watts_strogatz,60,0.35,1.25,120,4.0,0.752772652709081,0.18819316317727025,2.0,5.0,240.0,1234.0,0.24760734979576493,7.640824435020081,46.509838604844646,0.008333333333333333,0.073,1.027002145699585,0.06521242053153031,1.026424456992629,1.027002145699585,0.06860134928504018,0.0077875794684696825,0.0043986507149598175,,,,,13
watts_strogatz,60,0.35,1.25,120,4.0,0.9128709291752769,0.22821773229381923,2.0,7.0,240.0,1250.0,0.45316262933772095,8.69199770157924,46.33226135061924,0.007,0.08675,1.0204081632653064,0.06421408247200952,1.0174107142857145,1.0204081632653064,0.06857170679257074,0.022535917527990473,0.018178293207429252,,,,,14
watts_strogatz,60,0.35,1.25,120,4.0,0.7302967433402214,0.18257418583505536,3.0,6.0,240.0,1232.0,0.2976406285420804,8.09941890976031,45.22322128811882,0.009333333333333334,0.10575,1.027835413297679,0.06533914070179701,1.029698364984281,1.027835413297679,0.06888410903942924,0.040410859298202984,0.03686589096057076,,,,,15
watts_strogatz,60,0.35,1.25,120,4.0,0.9309493362512627,0.2327373340628157,2.0,6.0,240.0,1252.0,0.42452090767828543,8.583146445157448,45.63974152121862,0.011,0.10175,1.0195928150222342,0.06409118711794418,1.0163428629243507,1.0195928150222342,0.06874532185434344,0.03765881288205582,0.03300467814565655,,,,,16
watts_strogatz,60,0.35,1.25,120,4.0,0.8944271909999159,0.22360679774997896,2.0,6.0,240.0,1248.0,0.40933350184431266,8.094278776908983,45.952721438801454,0.006666666666666667,0.07925,1.021225470695709,0.06433739459704516,1.016183169934149,1.021225470695709,0.06796480242998604,0.014912605402954845,0.011285197570013963,,,,,17
watts_strogatz,60,0.35,1.25,120,4.0,0.816496580927726,0.2041241452319315,2.0,6.0,240.0,1240.0,0.2172225267446675,8.015195937378875,45.53939521395134,0.009,0.096,1.0245144501307384,0.06483485144006099,1.023361871374341,1.0245144501307384,0.06853517413262258,0.031165148559939015,0.027464825867377418,,,,,18
watts_strogatz,60,0.35,1.25,120,4.0,0.9660917830792959,0.24152294576982397,2.0,8.0,240.0,1256.0,0.4294290696638149,9.466924861604078,46.44523670399063,0.009,0.077,1.0179679648821711,0.06384663869755852,1.0166318819282636,1.0179679648821711,0.06856033684250286,0.013153361302441477,0.00843966315749714,,,,,19
watts_strogatz,60,0.35,1.75,120,4.0,0.8366600265340756,0.2091650066335189,2.0,7.0,240.0,1242.0,0.32531064513822033,8.659508530500572,46.15280232275246,0.005333333333333333,0.277,2.0064308847628207,0.27935232570362434,2.01132156004443,2.0064308847628207,0.2812652084500541,-0.002352325703624314,-0.00426520845005407,,,,,0
watts_strogatz,60,0.35,1.75,120,4.0,0.8366600265340756,0.2091650066335189,2.0,6.0,240.0,1242.0,0.3022636335680064,8.305088534605508,45.66803451959594,0.010666666666666666,0.288,2.0064308847628207,0.27935232570362434,2.003045032644784,2.0064308847628207,0.2794119063046542,0.00864767429637564,0.0085880936953458,,,,,1
watts_strogatz,60,0.35,1.75,120,4.0,0.8366600265340756,0.2091650066335189,2.0,6.0,240.0,1242.0,0.401980381561709,8.324552972049528,45.27139463065987,0.009666666666666667,0.31275,2.0064308847628207,0.27935232570362434,2.01132156004443,2.0064308847628207,0.2824414999847536,0.033397674296375635,0.030308500015246376,,,,,2
watts_strogatz,60,0.35,1.75,120,4.0,0.8944271909999159,0.22360679774997896,2.0,6.0,240.0,1248.0,0.2831284122205782,8.486273690841248,45.06591029553472,0.013666666666666667,0.31925,2.0016019225635895,0.278111790665983,2.004729425567595,2.0016019225635895,0.28062024295212623,0.04113820933401696,0.03862975704787375,,,,,3
watts_strogatz,60,0.35,1.75,120,4.0,0.752772652709081,0.18819316317727025,2.0,6.0,240.0,1234.0,0.23560455922912435,8.251961362690516,45.72428992035085,0.009,0.28925,2.0129242055711867,0.2810210344043273,2.0170758617451776,2.0129242055711867,0.28354125387564055,0.00822896559567271,0.005708746124359454,,,,,4
watts_strogatz,60,0.35,1.75,120,4.0,0.8563488385776752,0.2140872096444188,2.0,6.0,240.0,1244.0,0.3847773270662895,8.452148513776468,46.7262733706807,0.006666666666666667,0.252,2.0048173494115638,0.27893777275709847,1.9939161550741382,2.0048173494115638,0.27760229434522293,-0.026937772757098466,-0.02560229434522293,,,,,5
watts_strogatz,60,0.35,1.75,120,4.0,0.7745966692414834,0.19364916731037085,2.0,7.0,240.0,1236.0,0.18809532986217728,8.582707793604962,45.00721794726368,0.011333333333333334,0.326,2.0112949667728244,0.2806022754250644,2.010917848966554,2.0112949667728244,0.28110611911621264,0.04539772457493563,0.044893880883787374,,,,,6
watts_strogatz,60,0.35,1.75,120,4.0,0.9309493362512627,0.2327373340628157,2.0,7.0,240.0,1252.0,0.2994537338969848,8.630457048369633,46.27993828477216,0.006,0.2835,1.9984019174435792,0.27728994980432786,1.9936557128896506,1.9984019174435792,0.2773303249752069,0.006210050195672112,0.006169675024793098,,,,,7
watts_strogatz,60,0.35,1.75,120,4.0,0.7071067811865476,0.1767766952966369,3.0,6.0,240.0,1230.0,0.28908964104563695,8.23714884315531,45.89580088645316,0.007666666666666666,0.30175,2.0161945963637797,0.2818617379348361,2.020226985556507,2.0161945963637797,0.2834060052407256,0.01988826206516392,0.018343994759274396,,,,,8
watts_strogatz,60,0.35,1.75,120,4.0,0.752772652709081,0.18819316317727025,2.0,6.0,240.0,1234.0,0.15633613028294752,7.956011391198471,45.73602251870052,0.011666666666666667,0.30275,2.0129242055711867,0.2810210344043273,2.006759625191625,2.0129242055711867,0.2809190502335709,0.021728965595672722,0.02183094976642913,,,,,9
watts_strogatz,60,0.35,1.75,120,4.0,0.8944271909999159,0.22360679774997896,2.0,6.0,240.0,1248.0,0.30166359992574004,8.04961695029217,45.92905499009767,0.008,0.2955,2.0016019225635895,0.278111790665983,2.0131111336183305,2.0016019225635895,0.2836046037362065,0.01738820933401697,0.01189539626379349,,,,,10
watts_strogatz,60,0.35,1.75,120,4.0,0.8944271909999159,0.22360679774997896,2.0,7.0,240.0,1248.0,0.2657168961547495,8.742404979231207,46.25403919212186,0.009333333333333334,0.27675,2.0016019225635895,0.278111790665983,1.9988497199200648,2.0016019225635895,0.2784593755262406,-0.0013617906659830203,-0.0017093755262406196,,,,,11
watts_strogatz,60,0.35,1.75,120,4.0,0.8944271909999159,0.22360679774997896,2.0,6.0,240.0,1248.0,0.2996278586410508,8.139212449277892,45.58980595324055,0.011666666666666667,0.3035,2.0016019225635895,0.278111790665983,2.0059804267691974,2.0016019225635895,0.2808862506466859,0.025388209334016976,0.022613749353314117,,,,,12
watts_strogatz,60,0.35,1.75,120,4.0,0.7745966692414834,0.19364916731037085,2.0,6.0,240.0,1236.0,0.3572514179132297,8.010123655356123,45.790949605322645,0.007,0.29,2.0112949667728244,0.2806022754250644,2.0198429703816085,2.0112949667728244,0.2842010595681189,0.009397724574935595,0.005798940431881061,,,,,13
watts_strogatz,60,0.35,1.75,120,4.0,0.7745966692414834,0.19364916731037085,2.0,6.0,240.0,1236.0,0.17532715607385974,7.904460102346971,45.794387602141605,0.007666666666666666,0.296,2.0112949667728244,0.2806022754250644,2.008278024322665,2.0112949667728244,0.2817529963114802,0.0153977245749356,0.014247003688519777,,,,,14
watts_strogatz,60,0.35,1.75,120,4.0,0.9128709291752769,0.22821773229381923,2.0,6.0,240.0,1250.0,0.35124239936650165,8.112512913723426,45.79754649064775,0.012,0.309,2.0000000000000004,0.277700354361876,2.0150000000000006,2.0000000000000004,0.2834511420550384,0.031299645638123985,0.02554885794496159,,,,,15
watts_strogatz,60,0.35,1.75,120,4.0,0.7958224257542215,0.19895560643855537,2.0,6.0,240.0,1238.0,0.2760966430848328,7.873758797636956,45.75061476353263,0.010666666666666666,0.293,2.0096696776453524,0.28018457341189595,2.010674512484175,2.0096696776453524,0.2815100017670443,0.012815426588104029,0.011489998232955656,,,,,16
watts_strogatz,60,0.35,1.75,120,4.0,0.8944271909999159,0.22360679774997896,2.0,7.0,240.0,1248.0,0.38730755567056663,8.71175888075659,44.562327810505,0.013666666666666667,0.3385,2.0016019225635895,0.278111790665983,1.9930951143926945,2.0016019225635895,0.27784123827435997,0.06038820933401701,0.060658761725640054,,,,,17
watts_strogatz,60,0.35,1.75,120,4.0,0.7958224257542215,0.19895560643855537,2.0,7.0,240.0,1238.0,0.29813555428195,8.526864033956063,45.45411224719267,0.014666666666666666,0.30075,2.0096696776453524,0.28018457341189595,2.007660007967707,2.0096696776453524,0.2802826116092275,0.020565426588104063,0.0204673883907725,,,,,18
watts_strogatz,60,0.35,1.75,120,4.0,0.6324555320336759,0.15811388300841897,3.0,5.0,240.0,1224.0,0.19030965347330053,7.934595921129155,45.760799538130804,0.008,0.291,2.0211302086361087,0.28313081259951167,2.0183511545992343,2.0211302086361087,0.2832631674392433,0.007869187400488309,0.00773683256075669,,,,,19
watts_strogatz,60,0.35,2.5,120,4.0,0.8755950357709131,0.21889875894272828,2.0,7.0,240.0,1246.0,0.33708796504144733,8.601472277194198,46.064740577294614,0.010333333333333333,0.75775,4.088178980688796,0.7057731560212953,4.070804220020869,4.088178980688796,0.6793208317831417,0.05197684397870472,0.0784291682168583,,,,,0
watts_strogatz,60,0.35,2.5,120,4.0,0.7958224257542215,0.19895560643855537,2.0,6.0,240.0,1238.0,0.2989638156828328,7.94905370605164,45.08679667890203,0.014,0.79975,4.101366689072147,0.7074828632529003,4.0834232098074565,4.101366689072147,0.6829716927345628,0.09226713674709963,0.11677830726543714,,,,,1
watts_strogatz,60,0.35,2.5,120,4.0,0.8944271909999159,0.22360679774997896,2.0,6.0,240.0,1248.0,0.2725556238351665,7.856228318020267,46.04660881843512,0.011333333333333334,0.7375,4.084901882782836,0.7053465394112353,4.061158390589161,4.084901882782836,0.6753126490704173,0.03215346058876478,0.06218735092958272,,,,,2
watts_strogatz,60,0.35,2.5,120,4.0,0.8944271909999159,0.22360679774997896,2.0,6.0,240.0,1248.0,0.3838223601503364,8.134184404782953,45.964820824916835,0.011333333333333334,0.75925,4.084901882782836,0.7053465394112353,4.0731577898698355,4.084901882782836,0.6778529470040174,0.05390346058876472,0.08139705299598254,,,,,3
watts_strogatz,60,0.35,2.5,120,4.0,0.7071067811865476,0.1767766952966369,2.0,5.0,240.0,1230.0,0.3311004949378995,7.399478224349041,44.99912423136073,0.009666666666666667,0.79625,4.114682849722,0.7091977563753072,4.118540364893614,4.114682849722,0.6928505335926067,0.08705224362469277,0.10339946640739328,,,,,4
watts_strogatz,60,0.35,2.5,120,4.0,0.7302967433402214,0.18257418583505536,2.0,6.0,240.0,1232.0,0.45350901526849924,7.979215665789327,45.610800453543874,0.009,0.778,4.111341653190716,0.7087685468836167,4.102348093324361,4.111341653190716,0.690132655921934,0.06923145311638335,0.08786734407806607,,,,,5
watts_strogatz,60,0.35,2.5,120,4.0,0.9486832980505138,0.23717082451262844,3.0,7.0,240.0,1254.0,0.42115032775922945,8.647068525124512,46.82040922504594,0.005333333333333333,0.729,4.075117672606489,0.704068633768438,4.069769080661192,4.075117672606489,0.6762316738375731,0.024931366231562002,0.05276832616242688,,,,,6
watts_strogatz,60,0.35,2.5,120,4.0,0.8944271909999159,0.22360679774997896,2.0,6.0,240.0,1248.0,0.3006130760463707,8.064370318156183,45.75714720635687,0.006,0.7585,4.084901882782836,0.7053465394112353,4.0736684026051835,4.084901882782836,0.6772361041798833,0.05315346058876469,0.08126389582011662,,,,,7
watts_strogatz,60,0.35,2.5,120,4.0,0.816496580927726,0.2041241452319315,2.0,7.0,240.0,1240.0,0.3077540735557531,8.733157113802532,45.22374467428128,0.011333333333333334,0.806,4.0980578005229535,0.7070549502961047,4.1372454782404535,4.0980578005229535,0.6917839848374563,0.0989450497038954,0.11421601516254376,,,,,8
watts_strogatz,60,0.35,2.5,120,4.0,0.8366600265340756,0.2091650066335189,2.0,7.0,240.0,1242.0,0.34959144062118414,8.661503986830986,45.47044817838375,0.010666666666666666,0.78775,4.094756907679225,0.706627361447809,4.113695158377243,4.094756907679225,0.6875245747002213,0.08112263855219093,0.10022542529977863,,,,,9
watts_strogatz,60,0.35,2.5,120,4.0,0.8755950357709131,0.21889875894272828,2.0,6.0,240.0,1246.0,0.27904188154548326,8.217142623627486,45.755625104993264,0.013333333333333334,0.774,4.088178980688796,0.7057731560212953,4.11960685660284,4.088178980688796,0.6858316210386067,0.06822684397870471,0.08816837896139329,,,,,10
watts_strogatz,60,0.35,2.5,120,4.0,0.9128709291752769,0.22821773229381923,2.0,7.0,240.0,1250.0,0.2338617076894753,8.66155029374643,46.292880353124794,0.009,0.73925,4.0816326530612255,0.7049202468460116,4.055357142857144,4.0816326530612255,0.6754455342740704,0.03432975315398834,0.06380446572592957,,,,,11
watts_strogatz,60,0.35,2.5,120,4.0,0.6324555320336759,0.15811388300841897,3.0,6.0,240.0,1224.0,0.21419771909795038,7.662561780008946,44.530026254796844,0.012666666666666666,0.818,4.1247555278287935,0.7104873297645833,4.1438325221450025,4.1247555278287935,0.7001822542915535,0.10751267023541666,0.1178177457084465,,,,,12
watts_strogatz,60,0.35,2.5,120,4.0,0.752772652709081,0.18819316317727025,2.0,6.0,240.0,1234.0,0.1627101082903084,7.910841035445652,44.360246642573834,0.016666666666666666,0.81775,4.10800858279834,0.7083396615374059,4.112886842990413,4.10800858279834,0.6904312177290379,0.10941033846259407,0.12731878227096205,,,,,13
watts_strogatz,60,0.35,2.5,120,4.0,0.7745966692414834,0.19364916731037085,3.0,6.0,240.0,1236.0,0.2322919601145127,7.777040636890262,44.98610552842782,0.010333333333333333,0.78375,4.104683605658825,0.7079111003299691,4.093652268468617,4.104683605658825,0.6872198435751009,0.07583889967003088,0.09653015642489904,,,,,14
watts_strogatz,60,0.35,2.5,120,4.0,0.8366600265340756,0.2091650066335189,3.0,6.0,240.0,1242.0,0.3140939310924854,8.253626790006031,45.112389668305816,0.012,0.78975,4.094756907679225,0.706627361447809,4.106785256095534,4.094756907679225,0.6848588107953274,0.08312263855219093,0.10489118920467255,,,,,15
watts_strogatz,60,0.35,2.5,120,4.0,0.752772652709081,0.18819316317727025,3.0,6.0,240.0,1234.0,0.2550302607242357,7.79690252148866,45.01303232877777,0.010666666666666666,0.80275,4.10800858279834,0.7083396615374059,4.092090049539997,4.10800858279834,0.6876008794405106,0.09441033846259406,0.11514912055948934,,,,,16
watts_strogatz,60,0.35,2.5,120,4.0,0.5773502691896257,0.14433756729740643,3.0,5.0,240.0,1220.0,0.21048472954060532,7.459646176015433,44.738232022533346,0.010333333333333333,0.8125,4.13151188866794,0.711348666130267,4.130995449681856,4.13151188866794,0.7002282469724658,0.10115133386973296,0.11227175302753423,,,,,17
watts_strogatz,60,0.35,2.5,120,4.0,0.8366600265340756,0.2091650066335189,3.0,6.0,240.0,1242.0,0.20688142100122597,8.195089138151852,45.01928320466042,0.011666666666666667,0.7795,4.094756907679225,0.706627361447809,4.063278463951441,4.094756907679225,0.6810920707164121,0.07287263855219095,0.09840792928358788,,,,,18
watts_strogatz,60,0.35,2.5,120,4.0,0.6582805886043833,0.16457014715109583,2.0,5.0,240.0,1226.0,0.3460890129262721,7.7036359933384295,45.707126484988606,0.008666666666666666,0.7925,4.121389753683773,0.7100571478133845,4.127829425173903,4.121389753683773,0.6959832656311553,0.08244285218661551,0.09651673436884467,,,,,19
barabasi_albert,15,0.15,0.75,26,3.466666666666667,2.124983660067897,0.6129760557888164,1.0,9.0,52.0,300.0,0.8675081830761953,10.344005700406369,2.8374116600863184,0.011666666666666667,0.45175,3.538151850686813,0.6236152619001047,3.5145074705307806,3.0618621784789726,0.5126666888236243,-0.17186526190010476,-0.06091668882362433,,,,,0
barabasi_albert,15,0.15,0.75,26,3.466666666666667,2.801586851926759,0.8081500534404111,2.0,13.0,52.0,350.0,1.04502863706408,14.023603511773338,3.1587003693666893,0.006666666666666667,0.32275,3.275692099413303,0.5762867163212985,3.220965993425508,1.889822365046136,0.42956105312569376,-0.2535367163212985,-0.10681105312569378,,,,,1
barabasi_albert,15,0.15,0.75,26,3.466666666666667,1.2578641509408806,0.3628454281560232,2.0,6.0,52.0,256.0,0.753225678862619,7.780987012799196,2.8045216003945646,0.01,0.53175,3.830161731427133,0.669958755441051,3.8575989476762977,3.3145630368119416,0.6158359140830452,-0.13820875544105105,-0.08408591408304522,,,,,2
barabasi_albert,15,0.15,0.75,26,3.466666666666667,1.4544949486180951,0.41956585056291207,2.0,7.0,52.0,264.0,0.8835581454019902,8.446359794438768,2.6776945754845976,0.008333333333333333,0.55875,3.771682545706787,0.6611893148175964,3.7603493649805046,3.2639560491693347,0.5880013467702472,-0.10243931481759638,-0.02925134677024721,,,,,3
barabasi_albert,15,0.15,0.75,26,3.466666666666667,2.276449477195183,0.6566681184216874,2.0,11.0,52.0,310.0,0.9533244322691268,12.061533410667739,3.171541797152607,0.007,0.3565,3.480617091910829,0.6137108937819302,3.5070563948205353,3.0120724833843706,0.5037535004110543,-0.25721089378193024,-0.14725350041105428,,,,,4
barabasi_albert,15,0.15,0.75,26,3.466666666666667,1.9618585292749549,0.5659207295985447,1.0,8.0,52.0,290.0,0.6568291882360128,9.445495640070316,2.83171386501951,0.012666666666666666,0.47375,3.598637460328732,0.6337478334185325,3.5886027981797386,3.114205494515249,0.5234538593921996,-0.15999783341853246,-0.04970385939219957,,,,,5
barabasi_albert,15,0.15,0.75,26,3.466666666666667,1.5434449203720302,0.44522449626116256,2.0,7.0,52.0,268.0,0.6826712335696725,8.580398148553332,2.7592997584830186,0.007333333333333333,0.53125,3.743429844185895,0.656862689677013,3.764306664470778,3.239506595930101,0.5773049096810298,-0.125612689677013,-0.046054909681029765,,,,,6
barabasi_albert,15,0.15,0.75,26,3.466666666666667,1.8926759422104522,0.5459642140991688,2.0,9.0,52.0,286.0,0.6781828044882832,10.107740893523282,2.921351519480609,0.010666666666666666,0.4625,3.6237153766973935,0.6378656908072549,3.6405273254402446,3.1359075375265903,0.5427547841987114,-0.17536569080725484,-0.08025478419871135,,,,,7
barabasi_albert,15,0.15,0.75,26,3.466666666666667,1.586050300449376,0.4575145097450123,2.0,7.0,52.0,270.0,0.985751985029895,8.762813296911403,2.671953641807835,0.012,0.54,3.7295395185701055,0.6547138141005575,3.7366220575596976,3.227486121839514,0.5686939628816238,-0.11471381410055748,-0.028693962881623736,,,,,8
barabasi_albert,15,0.15,0.75,26,3.466666666666667,1.586050300449376,0.4575145097450123,2.0,7.0,52.0,270.0,1.0135946952603723,8.445908349675555,2.8116079825782734,0.008,0.518,3.7295395185701055,0.6547138141005575,3.781537906088631,3.227486121839514,0.5735047305733572,-0.1367138141005575,-0.05550473057335714,,,,,9
barabasi_albert,15,0.15,0.75,26,3.466666666666667,2.3342855200015458,0.6733515923081381,2.0,11.0,52.0,314.0,0.8038250915713967,12.10378908298576,2.9069373282296613,0.009666666666666667,0.43525,3.4583764993596966,0.6098120792012495,3.521807779864779,2.9928258167535833,0.4979548692044242,-0.17456207920124944,-0.0627048692044242,,,,,10
barabasi_albert,15,0.15,0.75,26,3.466666666666667,1.4996295838935991,0.43258545689238437,2.0,7.0,52.0,266.0,0.8920264506754326,8.482477219053413,2.825780313757829,0.009,0.5145,3.75747653460452,0.6590211813460098,3.792793201071595,3.25166238571545,0.5869171291208647,-0.14452118134600989,-0.07241712912086473,,,,,11
barabasi_albert,15,0.15,0.75,26,3.466666666666667,1.9275776393067947,0.5560320113384984,2.0,7.0,52.0,288.0,0.7651509974219497,8.775898211150425,2.766160103608105,0.014,0.4785,3.611111111111111,0.6358020992424971,3.599739583333333,2.083333333333333,0.5163662825811268,-0.1573020992424971,-0.03786628258112684,,,,,12
barabasi_albert,15,0.15,0.75,26,3.466666666666667,1.627540748764494,0.46948290829745015,2.0,7.0,52.0,272.0,1.0000000000000002,8.758095625645431,2.788271712963719,0.012,0.51675,3.715802678087692,0.6525745282243969,3.740276955342403,3.2155984714220405,0.5651015728961353,-0.13582452822439683,-0.04835157289613523,,,,,13
barabasi_albert,15,0.15,0.75,26,3.466666666666667,1.5434449203720302,0.44522449626116256,2.0,7.0,52.0,268.0,0.8254040787458246,8.464397983764107,2.678471777160407,0.011333333333333334,0.54875,3.743429844185895,0.656862689677013,3.701136285850141,3.239506595930101,0.5694616366489812,-0.10811268967701304,-0.020711636648981235,,,,,14
barabasi_albert,15,0.15,0.75,26,3.466666666666667,2.0612833111653743,0.5946009551438579,2.0,7.0,52.0,296.0,0.9036833107486156,9.081892738925193,2.8287403344510533,0.010666666666666666,0.4535,3.5619780582827425,0.6276406699731039,3.5569262144020044,2.0549873413169664,0.4971661359439985,-0.17414066997310385,-0.043666135943998485,,,,,15
barabasi_albert,15,0.15,0.75,26,3.466666666666667,1.8571184369578826,0.5357072414301585,2.0,8.0,52.0,284.0,0.8686116361518826,9.285640927044188,2.937084019184654,0.012333333333333333,0.43925,3.6364525526189864,0.6399386395034565,3.6226410260970208,3.146930093612584,0.5301504898371638,-0.20068863950345656,-0.09090048983716387,,,,,16
barabasi_albert,15,0.15,0.75,26,3.466666666666667,2.2171052197754517,0.6395495826275341,2.0,10.0,52.0,306.0,0.9944407616876677,11.146213909149663,2.8879556607531374,0.01,0.42825,3.5032923616359217,0.6176455297502584,3.4659856665348467,3.0316953129541626,0.49486391157398796,-0.18939552975025842,-0.06661391157398794,,,,,17
barabasi_albert,15,0.15,0.75,26,3.466666666666667,1.5434449203720302,0.44522449626116256,2.0,7.0,52.0,268.0,1.095189945660297,8.512443047564002,2.76925914491501,0.011,0.52125,3.743429844185895,0.656862689677013,3.733261392926448,3.239506595930101,0.5751132862949085,-0.135612689677013,-0.05386328629490855,,,,,18
barabasi_albert,15,0.15,0.75,26,3.466666666666667,1.627540748764494,0.46948290829745015,2.0,7.0,52.0,272.0,0.8115589364066759,8.840771414130822,2.772906644605713,0.008666666666666666,0.494,3.715802678087692,0.6525745282243969,3.6901672124960765,3.2155984714220405,0.5601191237949026,-0.15857452822439688,-0.06611912379490259,,,,,19
barabasi_albert,15,0.15,1.25,26,3.466666666666667,1.8571184369578828,0.5357072414301585,1.0,6.0,52.0,284.0,0.7660255845710866,8.099757589096942,2.729556383017549,0.010666666666666666,0.93625,10.101257090608295,0.9605066288495622,10.041766513992934,5.827648321504785,0.8892411930266652,-0.024256628849562145,0.04700880697333487,,,,,0
barabasi_albert,15,0.15,1.25,26,3.466666666666667,1.6679994670929073,0.4811536924306463,2.0,8.0,52.0,274.0,0.7151295613624966,9.371748394066275,2.9020986763476433,0.0033333333333333335,0.9615,10.283934768812864,0.9622113445059141,10.38356038688574,8.899558934549594,0.9291431205649945,-0.0007113445059140355,0.03235687943500554,,,,,1
barabasi_albert,15,0.15,1.25,26,3.466666666666667,1.8571184369578826,0.5357072414301585,2.0,7.0,52.0,284.0,0.9258427526863918,8.567826288621495,3.0078149592994317,0.006666666666666667,0.94575,10.101257090608295,0.9605066288495622,10.263217150210115,5.827648321504785,0.914258164972454,-0.014756628849562192,0.031491835027545934,,,,,2
barabasi_albert,15,0.15,1.25,26,3.466666666666667,2.0612833111653743,0.5946009551438579,2.0,8.0,52.0,296.0,0.9501758152083625,9.43156225270156,2.8548049842854804,0.011,0.964,9.894383495229839,0.9584467673478458,9.998797782595366,5.708298170324907,0.9069113547534606,0.0055532326521541275,0.05708864524653934,,,,,3
barabasi_albert,15,0.15,1.25,26,3.466666666666667,2.334285520001546,0.6733515923081383,2.0,11.0,52.0,314.0,1.0065085570240813,12.064896440467553,2.9201887687170656,0.013333333333333334,0.961,9.606601387110267,0.9553299098687797,9.325562110953701,8.313405046537731,0.9010043358787589,0.005670090131220218,0.05999566412124102,,,,,4
barabasi_albert,15,0.15,1.25,26,3.466666666666667,1.586050300449376,0.4575145097450123,2.0,7.0,52.0,270.0,0.9789467626588966,8.552559386369197,2.824153942000324,0.009333333333333334,0.9745,10.35983199602807,0.9628900759444845,10.445250803110707,8.965239227331983,0.9297628596888734,0.01160992405551553,0.04473714031112663,,,,,5
barabasi_albert,15,0.15,1.25,26,3.466666666666667,1.746106780494506,0.503684648219569,1.0,8.0,52.0,278.0,0.7424577013586445,9.32350830601038,2.784734181624493,0.008333333333333333,0.94875,10.209681560962615,0.9615307910937244,10.180475981497363,8.835301350833031,0.9093334401342493,-0.01278079109372443,0.039416559865750656,,,,,6
barabasi_albert,15,0.15,1.25,26,3.466666666666667,1.927577639306795,0.5560320113384986,1.0,7.0,52.0,288.0,0.6413808420271059,8.568669528805039,2.7841685518367214,0.011333333333333334,0.93125,10.030864197530864,0.9598216872473846,10.131655092592592,5.787037037037036,0.8919816607394307,-0.02857168724738457,0.039268339260569274,,,,,7
barabasi_albert,15,0.15,1.25,26,3.466666666666667,1.7461067804945063,0.5036846482195692,2.0,7.0,52.0,278.0,0.7893207344857067,8.818998632226371,2.803659238836725,0.009666666666666667,0.973,10.209681560962615,0.9615307910937244,10.15397007744486,8.835301350833031,0.9236724795016338,0.011469208906275563,0.049327520498366195,,,,,8
barabasi_albert,15,0.15,1.25,26,3.466666666666667,2.0933757957476775,0.6038584026195224,1.0,9.0,52.0,298.0,0.6838217323017997,10.338660831380423,2.87411857148548,0.012333333333333333,0.9265,9.861124969210675,0.9581020138500486,9.949543229150953,8.533665838740006,0.8894635447486239,-0.03160201385004857,0.03703645525137611,,,,,9
barabasi_albert,15,0.15,1.25,26,3.466666666666667,2.186829262247563,0.6308161333406432,1.0,9.0,52.0,304.0,0.9012034467166901,10.266205132006345,2.9418249417207325,0.008,0.914,9.763326271758858,0.9570653657638569,9.733285267845753,5.632688233707034,0.8793235768835367,-0.04306536576385689,0.03467642311646335,,,,,10
barabasi_albert,15,0.15,1.25,26,3.466666666666667,1.9955506062794357,0.5756395979652218,2.0,7.0,52.0,292.0,1.165969793432228,8.971890877568704,3.0356711469076276,0.007,0.93625,9.961922733176651,0.9591350548621981,9.802675651023707,5.7472631152942215,0.9025600644172311,-0.02288505486219805,0.03368993558276889,,,,,11
barabasi_albert,15,0.15,1.25,26,3.466666666666667,1.9275776393067947,0.5560320113384984,2.0,8.0,52.0,288.0,0.7306589658180408,9.307063578491857,2.891098245373777,0.006666666666666667,0.9565,10.030864197530864,0.9598216872473846,10.188802083333332,8.680555555555555,0.9165348870160039,-0.003321687247384575,0.039965112983996076,,,,,12
barabasi_albert,15,0.15,1.25,26,3.466666666666667,1.7838784213679537,0.5145803138561404,2.0,7.0,52.0,280.0,1.1943806071841598,8.438221687431593,2.8102432843578993,0.006333333333333333,0.9735,10.173153066176589,0.9611898432260769,10.071421535514826,8.803690153422048,0.9170820000582899,0.012310156773923109,0.05641799994171015,,,,,13
barabasi_albert,15,0.15,1.25,26,3.466666666666667,2.729265265394496,0.7872880573253354,1.0,11.0,52.0,344.0,0.93433064367064,12.087827091338848,3.0567938923487934,0.011333333333333334,0.90475,9.178154695943801,0.9500702268113863,9.283615223459694,5.2950892476598845,0.8635810388535368,-0.045320226811386255,0.04116896114646329,,,,,14
barabasi_albert,15,0.15,1.25,26,3.466666666666667,1.892675942210452,0.5459642140991688,1.0,8.0,52.0,286.0,0.7016253188553142,9.249030565935998,2.8302435232306764,0.008666666666666666,0.93075,10.065876046381648,0.9601643716552016,10.003690225614339,8.710854270907195,0.8937863032997457,-0.029414371655201665,0.036963696700254234,,,,,15
barabasi_albert,15,0.15,1.25,26,3.466666666666667,1.9955506062794355,0.5756395979652218,2.0,9.0,52.0,292.0,0.6951354426355928,10.16727386198061,2.790034910288329,0.009333333333333334,0.97075,9.961922733176651,0.9591350548621981,9.883137334637828,8.620894672941333,0.9134417265203812,0.011614945137801924,0.057308273479618754,,,,,16
barabasi_albert,15,0.15,1.25,26,3.466666666666667,1.8571184369578826,0.5357072414301585,1.0,7.0,52.0,284.0,0.7389844465735628,8.896787780163834,2.8561080300116357,0.009333333333333334,0.93675,10.101257090608295,0.9605066288495622,10.010442904264844,8.741472482257178,0.9004179141103459,-0.0237566288495622,0.03633208588965409,,,,,17
barabasi_albert,15,0.15,1.25,26,3.466666666666667,1.8208667044996885,0.5252500109133716,2.0,8.0,52.0,282.0,0.6616246765495137,9.380730406233598,2.8474827558339513,0.009333333333333334,0.969,10.137013864689582,0.9608484542502735,10.157726513211182,8.772415844442907,0.9223359854298667,0.00815154574972643,0.04666401457013325,,,,,18
barabasi_albert,15,0.15,1.25,26,3.466666666666667,1.8926759422104522,0.5459642140991688,2.0,9.0,52.0,286.0,0.7953478372328854,10.184969294290848,2.889961701008931,0.013333333333333334,0.96625,10.065876046381648,0.9601643716552016,9.91948530099557,8.710854270907195,0.9198098699229045,0.006085628344798422,0.046440130077095576,,,,,19
barabasi_albert,15,0.15,1.75,26,3.466666666666667,1.7074997966487597,0.4925480182640653,2.0,7.0,52.0,276.0,1.0350002622687537,9.163078515513154,2.7919400758180135,0.011333333333333334,1.0,20.083348521974923,0.9929746491471078,20.192455175002962,17.379820836324452,0.9852856390780753,0.007025350852892243,0.014714360921924685,,,,,0
barabasi_albert,15,0.15,1.75,26,3.466666666666667,1.8208667044996885,0.5252500109133716,2.0,7.0,52.0,282.0,0.9882816509425124,8.80409486412454,2.787033510800586,0.010666666666666666,1.0,19.86854717479158,0.9927799243524322,20.025203027515893,17.193935055108096,0.9837095732088128,0.00722007564756777,0.016290426791187196,,,,,1
barabasi_albert,15,0.15,1.75,26,3.466666666666667,1.6679994670929075,0.4811536924306464,2.0,7.0,52.0,274.0,0.6569098012430603,8.56906464376074,2.726054885684269,0.013,1.0,20.156512146873215,0.9930393122384756,20.32706724965445,17.443135511717205,0.9848455358514262,0.0069606877615243645,0.015154464148573799,,,,,2
barabasi_albert,15,0.15,1.75,26,3.466666666666667,1.309792180292567,0.3778246673920866,2.0,6.0,52.0,258.0,0.8618086020159984,7.673929894772259,2.786670147932957,0.01,1.0,20.772119530719348,0.9935520956146959,20.958369544780844,17.97587267081482,0.9882392784457084,0.006447904385304071,0.011760721554291642,,,,,3
barabasi_albert,15,0.15,1.75,26,3.466666666666667,2.704728370013439,0.7802101067346457,1.0,11.0,52.0,342.0,0.9224397964480243,12.136541261515234,3.216921537242926,0.008,0.991,18.041706478462697,0.9907757385027188,17.871698090492565,10.40867681449771,0.9666148486814838,0.00022426149728116407,0.02438515131851615,,,,,4
barabasi_albert,15,0.15,1.75,26,3.466666666666667,2.15612821717283,0.6219600626460087,1.0,9.0,52.0,302.0,0.8375316694846001,10.24755129061924,2.831689458568501,0.009666666666666667,0.99725,19.1993795643418,0.9921230871479869,19.293991891521852,16.614847699911174,0.9737708349850913,0.005126912852013055,0.023479165014908654,,,,,5
barabasi_albert,15,0.15,1.75,26,3.466666666666667,2.124983660067897,0.6129760557888164,2.0,10.0,52.0,300.0,0.9517500311983893,11.07951124685227,2.8350239220984785,0.010333333333333333,1.0,19.263271187072647,0.9921892955138872,19.06786011878071,16.670138527274407,0.9817832835888436,0.007810704486112763,0.01821671641115641,,,,,6
barabasi_albert,15,0.15,1.75,26,3.466666666666667,1.6679994670929073,0.4811536924306463,2.0,8.0,52.0,274.0,0.9616574164776139,9.35350532341653,2.8273915590976597,0.009666666666666667,1.0,20.156512146873215,0.9930393122384756,20.136646353651535,17.443135511717205,0.9862984442792323,0.0069606877615243645,0.0137015557207677,,,,,7
barabasi_albert,15,0.15,1.75,26,3.466666666666667,1.9275776393067947,0.5560320113384984,2.0,8.0,52.0,288.0,0.7454605682769275,9.351653898557368,2.7714385477627643,0.008,1.0,19.660493827160494,0.992584111362701,19.673726851851853,17.01388888888889,0.9831702800341536,0.0074158886372990285,0.016829719965846368,,,,,8
barabasi_albert,15,0.15,1.75,26,3.466666666666667,1.8571184369578826,0.5357072414301585,2.0,8.0,52.0,284.0,0.8666148899241768,9.238371258073215,2.838244042727844,0.013,1.0,19.79846389759226,0.9927147733226214,19.85033968040085,17.13328606522407,0.9834624019818009,0.007285226677378631,0.016537598018199096,,,,,9
barabasi_albert,15,0.15,1.75,26,3.466666666666667,2.41844761962894,0.6976291210468096,2.0,11.0,52.0,320.0,0.8719385249714066,12.08191532971646,2.979091071671254,0.012333333333333333,1.0,18.651582125252386,0.9915221472254213,18.490622558354175,10.760528149184069,0.9788256060221222,0.008477852774578687,0.021174393977877792,,,,,10
barabasi_albert,15,0.15,1.75,26,3.466666666666667,2.0286832072937253,0.5851970790270361,2.0,10.0,52.0,294.0,1.0000000000000002,11.108139169003667,2.924449062142439,0.011,1.0,19.45884240602072,0.9923872290162,19.358273869547297,16.839382851364086,0.9838674525863461,0.007612770983799977,0.016132547413653886,,,,,11
barabasi_albert,15,0.15,1.75,26,3.466666666666667,1.7461067804945063,0.5036846482195692,2.0,8.0,52.0,278.0,1.0098726013148365,9.310984473746252,2.8622942866129413,0.008666666666666666,1.0,20.010975859486724,0.9929098629829658,19.89312275646811,17.317190647632742,0.9842665446421697,0.007090137017034204,0.015733455357830328,,,,,12
barabasi_albert,15,0.15,1.75,26,3.466666666666667,2.124983660067897,0.6129760557888164,2.0,9.0,52.0,300.0,0.9496277003351028,10.286287758753739,2.868278649715405,0.011,1.0,19.263271187072647,0.9921892955138872,19.39709535469438,11.113425684849604,0.9810577246518214,0.007810704486112763,0.018942275348178605,,,,,13
barabasi_albert,15,0.15,1.75,26,3.466666666666667,1.9955506062794353,0.5756395979652217,2.0,8.0,52.0,292.0,0.9077015537728934,9.595820513995118,3.01259139576147,0.009333333333333334,1.0,19.525368557026237,0.9924529741462121,19.62299539981137,16.896953558965013,0.9827558943311628,0.007547025853787859,0.017244105668837162,,,,,14
barabasi_albert,15,0.15,1.75,26,3.466666666666667,1.4996295838935993,0.4325854568923844,2.0,7.0,52.0,266.0,0.8680001213020087,8.570473925676104,2.841510293588811,0.009333333333333334,1.0,20.45737224395794,0.9932967189402266,20.401802939545274,17.70349521111745,0.9865117402889616,0.006703281059773358,0.013488259711038397,,,,,15
barabasi_albert,15,0.15,1.75,26,3.466666666666667,1.6275407487644937,0.4694829082974501,2.0,7.0,52.0,272.0,1.0255440747775428,8.672692400366808,2.7329860200958787,0.012666666666666666,1.0,20.23048124736632,0.993103851517069,20.366647948069744,17.507147233297776,0.9859410274306808,0.006896148482930964,0.014058972569319206,,,,,16
barabasi_albert,15,0.15,1.75,26,3.466666666666667,1.4544949486180956,0.4195658505629122,2.0,6.0,52.0,264.0,0.9837283305731558,8.132824615050756,2.8497084548964398,0.007333333333333333,1.0,20.534716082181397,0.9933607553851389,20.4730132093383,17.770427378810822,0.9864452046744094,0.006639244614861095,0.013554795325590563,,,,,17
barabasi_albert,15,0.15,1.75,26,3.466666666666667,1.746106780494506,0.503684648219569,2.0,8.0,52.0,278.0,0.988319097726279,9.212714420825108,2.76924571495532,0.009,1.0,20.010975859486724,0.9929098629829658,20.232251073317585,17.317190647632742,0.9846880266519452,0.007090137017034204,0.015311973348054786,,,,,18
barabasi_albert,15,0.15,1.75,26,3.466666666666667,1.627540748764494,0.46948290829745015,2.0,6.0,52.0,272.0,0.8117784561117424,7.912162132548899,2.7626168233217716,0.010333333333333333,1.0,20.23048124736632,0.993103851517069,20.226590770203366,17.507147233297776,0.9848160994987457,0.006896148482930964,0.015183900501254288,,,,,19
barabasi_albert,15,0.15,2.5,26,3.466666666666667,1.9955506062794355,0.5756395979652218,2.0,8.0,52.0,292.0,0.8967790325041088,9.833058092915321,2.9379006804601757,0.007666666666666666,1.0,39.847690932706605,0.9987776567529655,40.65901290914897,34.48357869176533,0.9972085329759526,0.0012223432470345186,0.0027914670240474226,,,,,0
barabasi_albert,15,0.15,2.5,26,3.466666666666667,1.8571184369578826,0.5357072414301585,2.0,8.0,52.0,284.0,0.8911995640591505,9.518220131278959,2.752393560295617,0.014333333333333333,1.0,40.40502836243318,0.9988203194689174,40.16123840765023,23.31059328601914,0.9971078129870736,0.0011796805310826386,0.0028921870129263727,,,,,1
barabasi_albert,15,0.15,2.5,26,3.466666666666667,2.15612821717283,0.6219600626460087,2.0,8.0,52.0,302.0,0.9779071523375786,9.359566741999876,2.789470984802445,0.015,1.0,39.18240727416694,0.9987238715993317,39.177697850215715,22.60523496586554,0.9964338074715953,0.0012761284006682638,0.0035661925284047324,,,,,2
barabasi_albert,15,0.15,2.5,26,3.466666666666667,1.8926759422104522,0.5459642140991688,2.0,8.0,52.0,286.0,0.9217934690694201,9.50954261000572,2.704786061948593,0.01633333333333333,1.0,40.26350418552659,0.9988096846536771,40.374809545654855,23.228944722419186,0.9971299347657406,0.0011903153463228566,0.002870065234259367,,,,,3
barabasi_albert,15,0.15,2.5,26,3.466666666666667,1.9955506062794355,0.5756395979652218,2.0,8.0,52.0,292.0,0.7876071842845869,9.695076272697955,2.740534086070661,0.016666666666666666,1.0,39.847690932706605,0.9987776567529655,39.41473044468777,34.48357869176533,0.9971329970751343,0.0012223432470345186,0.002867002924865747,,,,,4
barabasi_albert,15,0.15,2.5,26,3.466666666666667,2.36267268622258,0.6815401979488211,1.0,9.0,52.0,316.0,0.8754393599748295,10.234262596645262,2.9196263032862806,0.013666666666666667,1.0,38.304609978831444,0.9986477419327909,38.68121059136371,33.14822017398875,0.9951631697394883,0.0013522580672090667,0.0048368302605117375,,,,,5
barabasi_albert,15,0.15,2.5,26,3.466666666666667,1.5434449203720302,0.44522449626116256,2.0,7.0,52.0,268.0,0.5464981827222191,8.526672376800358,2.773511530515331,0.009666666666666667,1.0,41.59366493539883,0.9989046416118461,41.68465107744501,35.99451773255667,0.9978604279587837,0.0010953583881538886,0.0021395720412162866,,,,,6
barabasi_albert,15,0.15,2.5,26,3.466666666666667,2.3055488621054105,0.6650621717611761,2.0,9.0,52.0,312.0,1.1275474770909713,10.382715651650878,2.9091201140524894,0.011333333333333334,1.0,38.54937036048395,0.998669590544617,37.90533640854797,22.24002136181766,0.9963812410689327,0.001330409455382986,0.003618758931067334,,,,,7
barabasi_albert,15,0.15,2.5,26,3.466666666666667,1.5434449203720302,0.44522449626116256,2.0,7.0,52.0,268.0,0.916742629152672,8.46065064946093,2.7042234233652103,0.008666666666666666,1.0,41.59366493539883,0.9989046416118461,41.56466935166983,35.99451773255667,0.997837482746298,0.0010953583881538886,0.0021625172537019788,,,,,8
barabasi_albert,15,0.15,2.5,26,3.466666666666667,1.2036980056845195,0.34722057856284216,2.0,5.0,52.0,254.0,0.8049256501027425,7.387900581296803,2.730433407247145,0.008,1.0,42.72457267559067,0.998977288156266,42.78105949042618,49.29758385645077,0.9981226526320075,0.0010227118437340366,0.001877347367992499,,,,,9
barabasi_albert,15,0.15,2.5,26,3.466666666666667,1.8571184369578826,0.5357072414301585,2.0,8.0,52.0,284.0,0.9006240268821537,9.59925421256399,2.838935177571146,0.010666666666666666,1.0,40.40502836243318,0.9988203194689174,39.89608040902176,23.31059328601914,0.9970794300941341,0.0011796805310826386,0.0029205699058658663,,,,,10
barabasi_albert,15,0.15,2.5,26,3.466666666666667,1.627540748764494,0.46948290829745015,2.0,6.0,52.0,272.0,0.6885496794011243,7.9720499633369855,2.6522729784207564,0.015,1.0,41.286696423196574,0.9988836887076399,41.353191823685854,35.72887190468934,0.9975157928007921,0.001116311292360117,0.002484207199207944,,,,,11
barabasi_albert,15,0.15,2.5,26,3.466666666666667,1.8571184369578826,0.5357072414301585,2.0,7.0,52.0,284.0,0.9885964273774432,8.858500235702833,2.7687218518895547,0.011333333333333334,1.0,40.40502836243318,0.9988203194689174,40.400171988831936,23.31059328601914,0.9971240377807464,0.0011796805310826386,0.0028759622192535694,,,,,12
barabasi_albert,15,0.15,2.5,26,3.466666666666667,1.6275407487644937,0.4694829082974501,2.0,8.0,52.0,272.0,0.9054170253519546,9.233116694858516,2.716629520071276,0.012,1.0,41.286696423196574,0.9988836887076399,41.15370562221801,35.72887190468934,0.9978157152844886,0.001116311292360117,0.002184284715511353,,,,,13
barabasi_albert,15,0.15,2.5,26,3.466666666666667,1.927577639306795,0.5560320113384986,2.0,8.0,52.0,288.0,1.0412519496831418,9.323979156252875,2.869084047837574,0.010333333333333333,1.0,40.123456790123456,0.9987990291923221,40.37037037037037,23.148148148148145,0.9970797545802947,0.0012009708076778924,0.0029202454197052585,,,,,14
barabasi_albert,15,0.15,2.5,26,3.466666666666667,2.276449477195183,0.6566681184216874,2.0,9.0,52.0,310.0,1.0614465732937084,10.24287169363156,2.8436748367376086,0.014666666666666666,1.0,38.67352324345365,0.9986804858523991,38.423446855172664,22.311648025069413,0.9964835017285045,0.0013195141476008976,0.003516498271495472,,,,,15
barabasi_albert,15,0.15,2.5,26,3.466666666666667,2.305548862105411,0.6650621717611762,1.0,11.0,52.0,312.0,0.9473429947768608,12.074750714737233,2.9601667971261714,0.012666666666666666,1.0,38.54937036048395,0.998669590544617,39.353717799736344,33.36003204272649,0.99551012948389,0.001330409455382986,0.0044898705161100505,,,,,16
barabasi_albert,15,0.15,2.5,26,3.466666666666667,1.7838784213679537,0.5145803138561404,2.0,8.0,52.0,280.0,0.6435555744472768,9.304708887697336,2.9309060210421367,0.008666666666666666,1.0,40.692612264706355,0.998841526731738,40.5791424805067,35.21476061368819,0.9976937042488664,0.001158473268262017,0.0023062957511336135,,,,,17
barabasi_albert,15,0.15,2.5,26,3.466666666666667,2.499777767900356,0.7210897407404873,2.0,12.0,52.0,326.0,0.9178340342773728,13.036540464067784,3.1242733170061934,0.010333333333333333,1.0,37.71254018460536,0.9985927862794032,36.962822138146976,21.757234721887706,0.996507705685414,0.0014072137205968227,0.0034922943145859753,,,,,18
barabasi_albert,15,0.15,2.5,26,3.466666666666667,2.3626726862225795,0.681540197948821,2.0,10.0,52.0,316.0,1.1595897993953295,11.174120400004409,3.073951182777065,0.008333333333333333,1.0,38.304609978831444,0.9986477419327909,37.68400163446288,22.098813449325835,0.9965621911632859,0.0013522580672090667,0.0034378088367140736,,,,,19
barabasi_albert,15,0.25,0.75,26,3.466666666666667,1.9618585292749549,0.5659207295985447,2.0,8.0,52.0,290.0,0.9760325043744609,9.386995062646507,7.958909032296707,0.006333333333333333,0.122,1.2955094857183436,0.11225602836216975,1.2944195137952632,1.1211139780254895,0.13761873051596296,0.009743971637830251,-0.015618730515962964,,,,,0
barabasi_albert,15,0.25,0.75,26,3.466666666666667,1.7838784213679537,0.5145803138561404,2.0,8.0,52.0,280.0,0.890736890043706,9.465336282170465,8.148507690245184,0.007,0.101,1.3184406373764859,0.11681218700590816,1.2997415994906174,1.1409582438834973,0.132299516982076,-0.015812187005908154,-0.031299516982076,,,,,1
barabasi_albert,15,0.25,0.75,26,3.466666666666667,1.9955506062794357,0.5756395979652218,2.0,9.0,52.0,292.0,0.7830674476286501,10.182088559817997,8.549386756420128,0.007,0.1015,1.291065186219694,0.11138205686949634,1.294075602639485,0.7448452997421311,0.13668289988784227,-0.009882056869496336,-0.03518289988784226,,,,,2
barabasi_albert,15,0.25,0.75,26,3.466666666666667,1.7838784213679537,0.5145803138561404,2.0,7.0,52.0,280.0,1.0240743879853673,8.755092968595767,7.621636944336642,0.013,0.15275,1.3184406373764859,0.11681218700590816,1.3475667658800676,1.1409582438834973,0.14793890173245322,0.035937812994091836,0.004811098267546776,,,,,3
barabasi_albert,15,0.25,0.75,26,3.466666666666667,1.627540748764494,0.46948290829745015,2.0,7.0,52.0,272.0,0.5253720091646514,8.807978967481292,7.585759883058869,0.009666666666666667,0.1285,1.337688964111569,0.12069607070603297,1.3418692421244176,1.1576154497119346,0.1418878927224689,0.007803929293967032,-0.013387892722468903,,,,,4
barabasi_albert,15,0.25,0.75,26,3.466666666666667,1.9955506062794355,0.5756395979652218,2.0,9.0,52.0,292.0,0.8118896946874663,10.364259809474222,8.188085982850764,0.011,0.116,1.291065186219694,0.11138205686949634,1.3129760521204419,0.7448452997421311,0.14022844161724965,0.004617943130503663,-0.024228441617249644,,,,,5
barabasi_albert,15,0.25,0.75,26,3.466666666666667,2.0933757957476775,0.6038584026195224,1.0,9.0,52.0,298.0,0.9231296068766167,10.269665062901066,8.008194305377318,0.012,0.12975,1.2780017960097034,0.10883041193383187,1.2669728862797158,1.1059630927007047,0.134024985277434,0.02091958806616813,-0.004274985277434001,,,,,6
barabasi_albert,15,0.25,0.75,26,3.466666666666667,1.586050300449376,0.4575145097450123,2.0,8.0,52.0,270.0,0.8134660010814792,9.192145487005998,7.608861938838234,0.010666666666666666,0.1345,1.342634226685238,0.12170252548870351,1.3560282940908717,1.5491933384829668,0.14154583656027644,0.012797474511296494,-0.007045836560276436,,,,,7
barabasi_albert,15,0.25,0.75,26,3.466666666666667,3.1169785940162553,0.8991284405816121,1.0,13.0,52.0,378.0,0.9861544578259953,14.014832989559032,9.431159566207405,0.007,0.08275,1.1347330292271605,0.08262361610934088,1.130668721021515,0.6546536707079771,0.11736074350619788,0.0001263838906591236,-0.034610743506197875,,,,,8
barabasi_albert,15,0.25,0.75,26,3.466666666666667,1.6679994670929073,0.4811536924306463,2.0,7.0,52.0,274.0,1.0172387840910186,8.819854148320355,7.739534258386349,0.009333333333333334,0.129,1.3327979460381472,0.11970409942538593,1.3384046681669133,1.1533828379176272,0.14375627817917336,0.009295900574614074,-0.014756278179173354,,,,,9
barabasi_albert,15,0.25,0.75,26,3.466666666666667,2.3055488621054114,0.6650621717611763,2.0,10.0,52.0,312.0,0.9977771352894006,11.146687371666857,8.23812523345843,0.012666666666666666,0.111,1.2489995996796797,0.10325902757062705,1.2367798199424291,0.7205766921228921,0.12695002743299952,0.007740972429372953,-0.015950027432999517,,,,,10
barabasi_albert,15,0.25,0.75,26,3.466666666666667,2.4997777679003566,0.7210897407404875,1.0,10.0,52.0,326.0,0.9301897938586128,11.243843850281682,8.154914740008698,0.015,0.12175,1.2218863019812136,0.09816974831081816,1.2338114423322801,1.0574016074837425,0.1286445183774495,0.023580251689181833,-0.0068945183774495045,,,,,11
barabasi_albert,15,0.25,0.75,26,3.466666666666667,2.895206766747795,0.8351557981003255,2.0,13.0,52.0,358.0,0.7692770109214795,14.01419463696135,8.729712398687608,0.011,0.09375,1.16599874469302,0.0880549585104061,1.1533297198708747,0.6726915834767423,0.11123088492122929,0.005695041489593905,-0.01748088492122929,,,,,12
barabasi_albert,15,0.25,0.75,26,3.466666666666667,1.6679994670929073,0.4811536924306463,2.0,7.0,52.0,274.0,1.0347776597073703,8.747147017838442,7.973190356425145,0.008666666666666666,0.11975,1.3327979460381472,0.11970409942538593,1.330619334010969,1.1533828379176272,0.14082298578898872,4.590057461406616e-05,-0.021072985788988724,,,,,13
barabasi_albert,15,0.25,0.75,26,3.466666666666667,2.4997777679003566,0.7210897407404875,1.0,11.0,52.0,326.0,0.9168100320027124,12.155240996061174,8.456637301051522,0.011333333333333334,0.10675,1.2218863019812136,0.09816974831081816,1.2205058054381097,0.7049344049891616,0.12685302928793515,0.008580251689181834,-0.020103029287935156,,,,,14
barabasi_albert,15,0.25,0.75,26,3.466666666666667,2.5525586292102194,0.7363149891952555,1.0,11.0,52.0,330.0,0.8451587622470129,12.059623303869364,8.398464737931121,0.009333333333333334,0.11575,1.214458352891976,0.09679598449731767,1.218341116375981,0.7006490497453707,0.1270925874686754,0.01895401550268233,-0.011342587468675405,,,,,15
barabasi_albert,15,0.25,0.75,26,3.466666666666667,2.124983660067897,0.6129760557888164,2.0,8.0,52.0,300.0,0.8574467705159373,9.555764243063317,8.603882747415325,0.004666666666666667,0.0945,1.2737346662472528,0.10800254761022146,1.2585172112202123,0.7348469228349535,0.13264780434470683,-0.01350254761022146,-0.038147804344706826,,,,,16
barabasi_albert,15,0.25,0.75,26,3.466666666666667,1.6679994670929073,0.4811536924306463,2.0,8.0,52.0,274.0,0.8024827696129522,9.2055590170181,7.639923725378966,0.011333333333333334,0.13225,1.3327979460381472,0.11970409942538593,1.3295620664095449,1.1533828379176272,0.1378882671325061,0.012545900574614077,-0.005638267132506092,,,,,17
barabasi_albert,15,0.25,0.75,26,3.466666666666667,1.8926759422104522,0.5459642140991688,2.0,8.0,52.0,286.0,0.9138017924480434,9.412882273994592,8.029965229665711,0.007,0.12125,1.3045375356110618,0.11404049603924224,1.286223835591906,1.1289267135095724,0.1332169207981409,0.007209503960757757,-0.011966920798140906,,,,,18
barabasi_albert,15,0.25,0.75,26,3.466666666666667,1.8208667044996885,0.5252500109133716,2.0,7.0,52.0,282.0,1.0049374659547166,9.021219312117823,8.14089797776085,0.01,0.1095,1.3137569968637697,0.1158752873240644,1.3092409571870502,1.1369050934398006,0.1394603837254683,-0.006375287324064394,-0.02996038372546829,,,,,19
barabasi_albert,15,0.25,1.25,26,3.466666666666667,1.8571184369578826,0.5357072414301585,2.0,9.0,52.0,284.0,0.826964338960413,10.179257854089085,7.813553074644033,0.010666666666666666,0.484,3.6364525526189864,0.6399386395034565,3.6142492125140535,3.146930093612584,0.5413544194172218,-0.15593863950345654,-0.05735441941722186,,,,,0
barabasi_albert,15,0.25,1.25,26,3.466666666666667,1.8208667044996885,0.5252500109133716,2.0,7.0,52.0,282.0,0.8898994742993354,8.720542532221975,7.495861874862439,0.012333333333333333,0.522,3.6493249912882493,0.6420209762588005,3.6520444402000267,3.158069703999446,0.5383385868590609,-0.12002097625880048,-0.016338586859060866,,,,,1
barabasi_albert,15,0.25,1.25,26,3.466666666666667,1.3597385369580761,0.3922322702763681,2.0,6.0,52.0,260.0,0.7987129440666683,8.309496769891082,7.69520366802264,0.008333333333333333,0.52725,3.80058475033046,0.6655546064267477,3.8053354812683735,3.2889675724013596,0.5999768600701434,-0.1383046064267477,-0.0727268600701434,,,,,2
barabasi_albert,15,0.25,1.25,26,3.466666666666667,1.9275776393067947,0.5560320113384984,2.0,8.0,52.0,288.0,1.070252226791635,9.389395137589851,7.771480492451229,0.011333333333333334,0.48175,3.611111111111111,0.6358020992424971,3.6882812500000006,3.125,0.5363854611348249,-0.15405209924249708,-0.05463546113482487,,,,,3
barabasi_albert,15,0.25,1.25,26,3.466666666666667,1.9275776393067947,0.5560320113384984,1.0,8.0,52.0,288.0,0.7763608416431906,9.334271250737054,8.05253935930215,0.010333333333333333,0.4465,3.611111111111111,0.6358020992424971,3.5703125,3.125,0.5190771195787285,-0.18930209924249708,-0.07257711957872848,,,,,4
barabasi_albert,15,0.25,1.25,26,3.466666666666667,1.7074997966487597,0.4925480182640653,2.0,7.0,52.0,276.0,1.1225690261988541,8.684971161910571,7.964355044401504,0.007333333333333333,0.47475,3.6887782999545777,0.6483246167570359,3.6925912198319346,3.1922119903453074,0.5501192143173456,-0.1735746167570359,-0.07536921431734556,,,,,5
barabasi_albert,15,0.25,1.25,26,3.466666666666667,2.217105219775452,0.6395495826275343,2.0,11.0,52.0,306.0,0.8947477076137688,12.083972541570258,8.57223995780744,0.007666666666666666,0.39725,3.5032923616359213,0.6176455297502584,3.560473503788584,3.031695312954162,0.5182898937910909,-0.22039552975025845,-0.12103989379109092,,,,,6
barabasi_albert,15,0.25,1.25,26,3.466666666666667,1.9955506062794357,0.5756395979652218,2.0,9.0,52.0,292.0,1.0818974949940245,10.398544035577348,8.206223112475822,0.009666666666666667,0.42575,3.5862921839435944,0.6317028615025638,3.5884474076118305,2.06901472150592,0.5170247427226818,-0.2059528615025638,-0.09127474272268182,,,,,7
barabasi_albert,15,0.25,1.25,26,3.466666666666667,2.276449477195183,0.6566681184216874,1.0,10.0,52.0,310.0,0.8517478617155281,11.08312867340726,8.581049424472127,0.004666666666666667,0.379,3.4806170919108284,0.6137108937819302,3.4724175612616155,3.0120724833843706,0.4884997703446742,-0.23471089378193022,-0.10949977034467417,,,,,8
barabasi_albert,15,0.25,1.25,26,3.466666666666667,1.6679994670929073,0.4811536924306463,1.0,7.0,52.0,274.0,0.6119533597292128,8.356127625436203,7.666630097131243,0.013333333333333334,0.53575,3.702216516772631,0.6504448050015679,3.733809950990282,3.2038412164378536,0.5658631109975597,-0.11469480500156792,-0.030113110997559756,,,,,9
barabasi_albert,15,0.25,1.25,26,3.466666666666667,2.2469732728470286,0.6481653671674121,2.0,10.0,52.0,308.0,0.7607719964288887,11.119419120004466,8.056695723584124,0.009333333333333334,0.4475,3.491899510776648,0.6156737164410618,3.5740766651288194,2.0145574100634507,0.49790586173074813,-0.16817371644106183,-0.050405861730748125,,,,,10
barabasi_albert,15,0.25,1.25,26,3.466666666666667,2.0286832072937253,0.5851970790270361,2.0,9.0,52.0,294.0,0.9643467419034353,10.27893899892831,7.759800719988587,0.01,0.4845,3.574073094983398,0.6296671512398179,3.618233517358913,2.0619652471058063,0.5207616248676936,-0.14516715123981788,-0.03626162486769363,,,,,11
barabasi_albert,15,0.25,1.25,26,3.466666666666667,1.6275407487644937,0.4694829082974501,2.0,7.0,52.0,272.0,0.8158317945230901,8.410613802361306,7.485825064119343,0.013666666666666667,0.536,3.7158026780876914,0.6525745282243968,3.696866375978206,3.2155984714220405,0.5634740100511225,-0.11657452822439673,-0.02747401005112249,,,,,12
barabasi_albert,15,0.25,1.25,26,3.466666666666667,1.1469767022723503,0.3308586641170241,2.0,6.0,52.0,252.0,0.7760521449731727,7.58552373173108,7.364493621885844,0.012666666666666666,0.611,3.8604401609572414,0.6744019399720822,3.892270232476672,4.45435403187374,0.6272476534513185,-0.06340193997208221,-0.01624765345131851,,,,,13
barabasi_albert,15,0.25,1.25,26,3.466666666666667,2.753583523741784,0.7943029395408993,2.0,12.0,52.0,346.0,1.0117346681009445,13.039295902621877,8.766693833476378,0.008666666666666666,0.334,3.2945723255020574,0.5798763022492804,3.3827971709493965,1.9007148031742638,0.4402576603965575,-0.24587630224928042,-0.10625766039655749,,,,,14
barabasi_albert,15,0.25,1.25,26,3.466666666666667,2.0612833111653743,0.5946009551438579,2.0,8.0,52.0,296.0,0.8236827905281913,9.60598518805132,7.9382721548306545,0.013666666666666667,0.4455,3.5619780582827416,0.6276406699731039,3.5851822903451125,3.0824810119754495,0.5131409862042939,-0.18214066997310385,-0.06764098620429393,,,,,15
barabasi_albert,15,0.25,1.25,26,3.466666666666667,1.783878421367954,0.5145803138561406,2.0,7.0,52.0,280.0,1.1327539530158923,8.795600542121242,7.600011050446225,0.010333333333333333,0.50825,3.662335103823572,0.6441127315165752,3.6040546750079177,3.169328455231937,0.5376866786603606,-0.13586273151657524,-0.029436678660360593,,,,,16
barabasi_albert,15,0.25,1.25,26,3.466666666666667,1.8571184369578826,0.5357072414301585,2.0,8.0,52.0,284.0,0.9635379808049996,9.239050712030432,7.902546339292604,0.008666666666666666,0.48,3.6364525526189864,0.6399386395034565,3.663026628965048,3.146930093612584,0.5394529660833507,-0.15993863950345655,-0.05945296608335071,,,,,17
barabasi_albert,15,0.25,1.25,26,3.466666666666667,1.8208667044996885,0.5252500109133716,2.0,8.0,52.0,282.0,1.0293485551845927,9.44325236570606,8.07457165118153,0.008666666666666666,0.44975,3.6493249912882493,0.6420209762588005,3.6452019558413604,3.158069703999446,0.54145701542267,-0.19227097625880052,-0.09170701542267001,,,,,18
barabasi_albert,15,0.25,1.25,26,3.466666666666667,1.627540748764494,0.46948290829745015,2.0,7.0,52.0,272.0,0.9458673534009663,8.695858751152855,7.993810268910265,0.006333333333333333,0.473,3.7158026780876914,0.6525745282243968,3.7081209706281824,3.2155984714220405,0.5607832676163909,-0.1795745282243968,-0.08778326761639088,,,,,19
barabasi_albert,15,0.25,1.75,26,3.466666666666667,2.0933757957476775,0.6038584026195224,2.0,9.0,52.0,298.0,0.9254822311943915,10.187651294625482,8.207992912968578,0.01,0.816,6.958009778275051,0.9035017410081511,6.889433239594937,6.021354615814948,0.8125669430860903,-0.08750174100815111,0.0034330569139096045,,,,,0
barabasi_albert,15,0.25,1.75,26,3.466666666666667,2.0286832072937253,0.5851970790270361,2.0,8.0,52.0,294.0,0.8791127631808416,9.610969328263232,7.956990023996647,0.010333333333333333,0.83225,7.005183266167459,0.9049998185641288,6.961400870753914,6.06217782649107,0.8153641149444195,-0.07274981856412877,0.01688588505558053,,,,,1
barabasi_albert,15,0.25,1.75,26,3.466666666666667,1.9275776393067947,0.5560320113384984,2.0,8.0,52.0,288.0,0.7272752537736932,9.252544147410704,7.74385675131227,0.010666666666666666,0.84325,7.077777777777778,0.9072454886027166,7.011083333333332,4.083333333333333,0.8159728233503877,-0.06399548860271653,0.027277176649612378,,,,,2
barabasi_albert,15,0.25,1.75,26,3.466666666666667,1.8926759422104522,0.5459642140991688,2.0,8.0,52.0,286.0,1.0346907222951853,9.499855289497095,7.860160727849386,0.011666666666666667,0.84725,7.1024821383268915,0.9079936148626409,7.024798739938939,6.146378773552117,0.8252488995205195,-0.060743614862640904,0.02200110047948045,,,,,3
barabasi_albert,15,0.25,1.75,26,3.466666666666667,1.8926759422104522,0.5459642140991688,2.0,8.0,52.0,286.0,1.1387241389286915,9.320089066538646,8.060576041620198,0.008,0.82675,7.1024821383268915,0.9079936148626409,7.269117296187637,6.146378773552117,0.8305755742034523,-0.08124361486264087,-0.003825574203452309,,,,,4
barabasi_albert,15,0.25,1.75,26,3.466666666666667,2.679966832298904,0.7730673554708376,2.0,10.0,52.0,340.0,0.9524442689855632,11.147093963980788,8.779414005907494,0.006666666666666667,0.674,6.5140893052769995,0.8877468988007934,6.493106421457116,3.758128445352115,0.7478665850059426,-0.21374689880079334,-0.07386658500594256,,,,,5
barabasi_albert,15,0.25,1.75,26,3.466666666666667,2.2469732728470286,0.6481653671674121,2.0,9.0,52.0,308.0,1.0697435645124675,10.268673078240974,8.535469099651186,0.009,0.734,6.84412304112223,0.8997538026405341,6.799373005853354,3.948532523724363,0.7898353598755878,-0.16575380264053408,-0.05583535987558785,,,,,6
barabasi_albert,15,0.25,1.75,26,3.466666666666667,1.8571184369578828,0.5357072414301585,2.0,8.0,52.0,284.0,0.9945668620934209,9.457555543410319,7.603445076875267,0.013,0.86675,7.127447003133213,0.9087415068501558,7.175420204115841,6.167982983480665,0.8301983138375036,-0.041991506850155735,0.03655168616249638,,,,,7
barabasi_albert,15,0.25,1.75,26,3.466666666666667,2.3055488621054105,0.6650621717611761,2.0,10.0,52.0,312.0,0.9042059248177127,11.187932162413789,7.9562201359520595,0.013333333333333334,0.8305,6.800108931589367,0.8982537479892313,6.782618266789364,5.884709652336952,0.8034845276705141,-0.06775374798923128,0.027015472329485868,,,,,8
barabasi_albert,15,0.25,1.75,26,3.466666666666667,2.5263060428661888,0.7287421277498621,2.0,10.0,52.0,328.0,0.9761168251777751,11.169667433712792,8.459252227153401,0.011333333333333334,0.738,6.632179088202805,0.8922504791935983,6.483114486100169,3.8262571662708487,0.769226662447346,-0.15425047919359836,-0.031226662447346065,,,,,9
barabasi_albert,15,0.25,1.75,26,3.466666666666667,2.2171052197754517,0.6395495826275341,2.0,10.0,52.0,306.0,1.05113235413139,11.119512420137518,8.396026685944461,0.009,0.784,6.866453028806405,0.9005036619638045,6.814129336255163,3.961415208926772,0.8025777323900535,-0.11650366196380446,-0.018577732390053447,,,,,10
barabasi_albert,15,0.25,1.75,26,3.466666666666667,2.3626726862225795,0.681540197948821,2.0,10.0,52.0,316.0,0.8304011277964222,11.167154546204312,8.193219229396172,0.014,0.79425,6.756933200265867,0.8967533115214524,6.637225032751543,3.8982306924610772,0.7899784941668249,-0.10250331152145242,0.004271505833175149,,,,,11
barabasi_albert,15,0.25,1.75,26,3.466666666666667,1.8926759422104522,0.5459642140991688,2.0,7.0,52.0,286.0,1.0310776370480286,8.405974679774697,7.864619688289588,0.01,0.82725,7.1024821383268915,0.9079936148626409,7.1979217420606565,4.097585849034744,0.8148373402441476,-0.08074361486264081,0.012412659755852484,,,,,12
barabasi_albert,15,0.25,1.75,26,3.466666666666667,1.9955506062794357,0.5756395979652218,2.0,9.0,52.0,292.0,1.0397115960837167,10.10701291838489,7.826804961148389,0.013,0.83725,7.029132680529445,0.9057485791615025,6.946675547161696,4.055268854151603,0.8128387768546075,-0.06849857916150248,0.02441122314539257,,,,,13
barabasi_albert,15,0.25,1.75,26,3.466666666666667,2.3626726862225795,0.681540197948821,2.0,10.0,52.0,316.0,1.1761093362572197,11.13470770205331,8.420132887891372,0.009666666666666667,0.74025,6.756933200265867,0.8967533115214524,6.754659232361932,3.8982306924610772,0.782057039453393,-0.15650331152145247,-0.041807039453393036,,,,,14
barabasi_albert,15,0.25,1.75,26,3.466666666666667,2.276449477195183,0.6566681184216874,1.0,9.0,52.0,310.0,0.8081698812405298,10.177179864813127,7.959507485085863,0.011333333333333334,0.76825,6.8220095001452234,0.8990038279754775,6.87038673097558,3.9357747116222446,0.7661921561756565,-0.13075382797547752,0.002057843824343486,,,,,15
barabasi_albert,15,0.25,1.75,26,3.466666666666667,1.586050300449376,0.4575145097450123,1.0,6.0,52.0,270.0,0.7853397854331339,8.314452129069506,7.592276750147304,0.011,0.84775,7.309897456397406,0.9139691923162123,7.35804437714387,6.325872798805448,0.8277611512627667,-0.06621919231621232,0.019988848737233278,,,,,16
barabasi_albert,15,0.25,1.75,26,3.466666666666667,1.8926759422104522,0.5459642140991688,2.0,9.0,52.0,286.0,0.8852422327945237,10.170855385507961,8.255000666249511,0.006333333333333333,0.834,7.1024821383268915,0.9079936148626409,7.101628474608341,6.146378773552117,0.8344499429793022,-0.07399361486264089,-0.00044994297930223137,,,,,17
barabasi_albert,15,0.25,1.75,26,3.466666666666667,1.7838784213679537,0.5145803138561404,2.0,9.0,52.0,280.0,0.7067066856762763,10.202771599820354,8.080643828956054,0.006333333333333333,0.85925,7.178176803494201,0.9102365412181047,7.158678390542402,6.2118837722545965,0.8445771011366956,-0.05098654121810475,0.014672898863304362,,,,,18
barabasi_albert,15,0.25,1.75,26,3.466666666666667,1.9955506062794355,0.5756395979652218,1.0,9.0,52.0,292.0,0.8523667183078785,10.204658338344395,8.530339941291494,0.008666666666666666,0.774,7.029132680529445,0.9057485791615025,7.096213586158536,6.082903281227404,0.8079327623028375,-0.1317485791615025,-0.03393276230283748,,,,,19
barabasi_albert,15,0.25,2.5,26,3.466666666666667,1.586050300449376,0.4575145097450123,1.0,6.0,52.0,270.0,0.7441475635692798,8.24674457236692,7.679754314766581,0.012333333333333333,0.98325,14.918158074280422,0.9850771711941355,14.847511989169046,12.909944487358057,0.9570262980109976,-0.0018271711941355573,0.026223701989002368,,,,,0
barabasi_albert,15,0.25,2.5,26,3.466666666666667,2.4997777679003566,0.7210897407404875,2.0,12.0,52.0,326.0,1.0600927899715413,13.056033065231581,8.563850061197282,0.010333333333333333,0.998,13.576514466457928,0.9810813133289159,13.393753694794071,11.74890674981936,0.958501594541078,0.016918686671084093,0.039498405458922026,,,,,1
barabasi_albert,15,0.25,2.5,26,3.466666666666667,2.3342855200015458,0.6733515923081381,1.0,10.0,52.0,314.0,0.9325164160065235,11.1229769767468,7.974308470454487,0.01,0.9805,13.833505997438785,0.9819523191996821,14.063288512925086,7.9808688446762215,0.9426022287959341,-0.0014523191996820284,0.0378977712040659,,,,,2
barabasi_albert,15,0.25,2.5,26,3.466666666666667,2.246973272847029,0.6481653671674122,1.0,9.0,52.0,308.0,0.8868430087186944,10.292700663161565,8.23003634338704,0.008333333333333333,0.97175,13.967598043106593,0.9823849302378949,14.131112952890074,12.087344460380704,0.9454650857237723,-0.010634930237894857,0.0262849142762277,,,,,3
barabasi_albert,15,0.25,2.5,26,3.466666666666667,1.7461067804945063,0.5036846482195692,2.0,8.0,52.0,278.0,0.9820313218318238,9.40838060214163,7.7441664014701255,0.012,0.9995,14.701941447786165,0.9845175014717702,14.717138166109596,12.722833945199564,0.9670575099315658,0.01498249852822986,0.03244249006843425,,,,,4
barabasi_albert,15,0.25,2.5,26,3.466666666666667,2.3055488621054105,0.6650621717611761,2.0,9.0,52.0,312.0,0.886732123824837,10.348393726919458,8.335692927760451,0.007,0.9975,13.877773329774218,0.9820967403264821,13.8861133377849,12.009611535381534,0.958354974498455,0.015403259673517966,0.03914502550154508,,,,,5
barabasi_albert,15,0.25,2.5,26,3.466666666666667,2.2171052197754517,0.6395495826275341,2.0,8.0,52.0,306.0,1.2400639749544553,9.965890827923669,8.040494726397874,0.008666666666666666,0.998,14.013169446543685,0.9825286961803649,14.149932590661395,8.084520834544433,0.955826566861319,0.01547130381963513,0.04217343313868105,,,,,6
barabasi_albert,15,0.25,2.5,26,3.466666666666667,1.4544949486180951,0.41956585056291207,2.0,7.0,52.0,264.0,0.9594565462961127,8.538082181122856,7.753250292613334,0.009666666666666667,1.0,15.086730182827147,0.9854943032833925,15.1534599509435,13.055824196677339,0.9745537378623687,0.014505696716607508,0.025446262137631348,,,,,7
barabasi_albert,15,0.25,2.5,26,3.466666666666667,1.627540748764494,0.46948290829745015,2.0,6.0,52.0,272.0,0.9423315421034701,8.423789479361202,7.892937159059149,0.01,0.999,14.863210712350766,0.9849376245532285,14.865711733384092,12.862393885688162,0.9675139378744966,0.014062375446771469,0.03148606212550342,,,,,8
barabasi_albert,15,0.25,2.5,26,3.466666666666667,2.0612833111653743,0.5946009551438579,2.0,8.0,52.0,296.0,0.9779159482302835,9.74075277907207,7.975968679937682,0.010666666666666666,0.9985,14.247912233130966,0.9832441775690376,14.263667136081065,8.219949365267865,0.9601224438495791,0.015255822430962462,0.03837755615042093,,,,,9
barabasi_albert,15,0.25,2.5,26,3.466666666666667,1.9955506062794357,0.5756395979652218,2.0,9.0,52.0,292.0,1.0924262518584873,10.198407381745824,7.498206907311659,0.016,0.99975,14.345168735774378,0.98352877969096,14.327926946428498,8.27605888602368,0.9616832497406176,0.016221220309040052,0.03806675025938244,,,,,10
barabasi_albert,15,0.25,2.5,26,3.466666666666667,1.9275776393067947,0.5560320113384984,2.0,9.0,52.0,288.0,0.97970882696571,10.166764169321048,7.675558903512885,0.013666666666666667,0.99925,14.444444444444445,0.9838124545819538,14.50625,12.5,0.9642907413188367,0.015437545418046206,0.03495925868116323,,,,,11
barabasi_albert,15,0.25,2.5,26,3.466666666666667,2.445858177045885,0.7055360126093898,2.0,12.0,52.0,322.0,0.7449251132782351,13.034172486490203,8.791671392348364,0.008333333333333333,0.99525,13.66058037481108,0.9813724927081029,13.654997926100219,11.82165609358651,0.9581313160919935,0.013877507291897073,0.037118683908006433,,,,,12
barabasi_albert,15,0.25,2.5,26,3.466666666666667,1.746106780494506,0.503684648219569,2.0,7.0,52.0,278.0,0.905529352135012,8.951929203559123,8.17674488964369,0.007,1.0,14.701941447786165,0.9845175014717702,14.701234623678097,12.722833945199564,0.9658033765017444,0.015482498528229804,0.034196623498255585,,,,,13
barabasi_albert,15,0.25,2.5,26,3.466666666666667,1.4996295838935991,0.43258545689238437,2.0,7.0,52.0,266.0,0.9363783002421208,8.616806624166205,7.82602902948791,0.01,0.9995,15.02990613841808,0.9853555123533537,15.110475106419692,13.0066495428618,0.9725049890435107,0.014144487646646331,0.026995010956489374,,,,,14
barabasi_albert,15,0.25,2.5,26,3.466666666666667,2.186829262247563,0.6308161333406432,2.0,10.0,52.0,304.0,0.829352331128436,11.097181309169557,7.89382558721843,0.013,0.9975,14.059189831332755,0.9826722408612907,14.113263638376342,12.166606584807191,0.9604446442293347,0.014827759138709373,0.03705535577066532,,,,,15
barabasi_albert,15,0.25,2.5,26,3.466666666666667,2.5785439474418284,0.7438107540697582,1.0,10.0,52.0,332.0,0.9224453093492598,11.138716449495965,8.409029308464483,0.011333333333333334,0.9745,13.45327577890977,0.9806429914719444,13.875631023314966,7.7615052570633285,0.9363175744057424,-0.0061429914719444145,0.03818242559425766,,,,,16
barabasi_albert,15,0.25,2.5,26,3.466666666666667,1.627540748764494,0.46948290829745015,2.0,7.0,52.0,272.0,1.0238377738025333,8.418151016206089,7.655082293054332,0.012,0.99875,14.863210712350766,0.9849376245532285,14.669560226627349,12.862393885688162,0.9683165933141227,0.013812375446771497,0.03043340668587735,,,,,17
barabasi_albert,15,0.25,2.5,26,3.466666666666667,2.0612833111653743,0.5946009551438579,2.0,8.0,52.0,296.0,0.9326925333611437,9.436233900536875,8.087139470648363,0.01,0.999,14.247912233130966,0.9832441775690376,14.114680553835584,8.219949365267865,0.959328065537927,0.015755822430962407,0.039671934462072955,,,,,18
barabasi_albert,15,0.25,2.5,26,3.466666666666667,1.7838784213679537,0.5145803138561404,2.0,7.0,52.0,280.0,0.8459635123581217,8.463976161407308,7.805882300631141,0.008333333333333333,0.9995,14.649340415294288,0.9843769717964111,14.653918334174067,12.677313820927749,0.9655507083436586,0.015123028203588906,0.03394929165634142,,,,,19
barabasi_albert,15,0.35,0.75,26,3.466666666666667,2.1561282171728307,0.6219600626460088,2.0,10.0,52.0,302.0,0.8865408082019279,11.22609315798853,15.366531988327784,0.013666666666666667,0.05675,0.647709181470923,0.020977937813842166,0.6423064149812496,0.5605175608882987,0.0341850910679444,0.03577206218615783,0.0225649089320556,,,,,0
barabasi_albert,15,0.35,0.75,26,3.466666666666667,2.0286832072937253,0.5851970790270361,2.0,9.0,52.0,294.0,0.8210891312943541,10.23713503697712,15.59021871377767,0.009666666666666667,0.05275,0.6564624052010324,0.021695675402310002,0.6474833881683546,0.5680924660393548,0.03360648256407231,0.031054324597689996,0.01914351743592769,,,,,1
barabasi_albert,15,0.35,0.75,26,3.466666666666667,2.124983660067897,0.6129760557888164,2.0,9.0,52.0,300.0,0.8705054608848111,10.162926584670933,15.412595124834432,0.013333333333333334,0.04975,0.6498646256363535,0.021153380208067004,0.6520360483037442,0.3749218994055885,0.03529461266268849,0.028596619791933,0.014455387337311512,,,,,2
barabasi_albert,15,0.35,0.75,26,3.466666666666667,2.704728370013439,0.7802101067346457,1.0,11.0,52.0,342.0,0.9144885702808901,12.10351274860934,16.937468687535617,0.010333333333333333,0.0415,0.6086539878198579,0.017944874415715843,0.6072640327995962,0.3511465314345334,0.036519091476466724,0.02355512558428416,0.004980908523533278,,,,,3
barabasi_albert,15,0.35,0.75,26,3.466666666666667,2.2764494771951824,0.6566681184216873,2.0,9.0,52.0,310.0,1.1377886656078935,10.527327319415809,15.949650379942382,0.011666666666666667,0.0515,0.6392970168815808,0.02030132080118944,0.6462739602869711,0.3688252020470658,0.03666286483027018,0.03119867919881056,0.014837135169729815,,,,,4
barabasi_albert,15,0.35,0.75,26,3.466666666666667,2.2171052197754517,0.6395495826275341,1.0,8.0,52.0,306.0,0.7348929780632456,9.326280238815974,15.808221494346938,0.008666666666666666,0.0555,0.6434618623412918,0.020634703883808576,0.6335469812412732,0.3712279975045914,0.03437912374036852,0.03486529611619142,0.02112087625963148,,,,,5
barabasi_albert,15,0.35,0.75,26,3.466666666666667,1.6679994670929073,0.4811536924306463,1.0,6.0,52.0,274.0,0.7901791291690851,8.324733265867685,15.186558441649025,0.009666666666666667,0.059,0.6799989520602793,0.023695207143008008,0.6861450964346703,0.5884606315906262,0.03392756688420013,0.03530479285699199,0.025072433115799868,,,,,6
barabasi_albert,15,0.35,0.75,26,3.466666666666667,1.8926759422104522,0.5459642140991688,1.0,7.0,52.0,286.0,0.7442656387431204,8.645359665280466,15.269016066509266,0.010333333333333333,0.05625,0.6655803753117663,0.022458218317713594,0.6590205687281646,0.5759830170967207,0.03357649369252718,0.03379178168228641,0.02267350630747282,,,,,7
barabasi_albert,15,0.35,0.75,26,3.466666666666667,2.4458581770458854,0.70553601260939,1.0,9.0,52.0,322.0,0.821100509002412,10.277933803327281,16.78427743962846,0.008333333333333333,0.0475,0.6272715478229578,0.01935637166293401,0.6307697929935089,0.3618874314363218,0.03710278126341783,0.02814362833706599,0.01039721873658217,,,,,8
barabasi_albert,15,0.35,0.75,26,3.466666666666667,1.746106780494506,0.503684648219569,2.0,7.0,52.0,278.0,0.8044734773949049,8.578295665630487,14.843398624515,0.010666666666666666,0.068,0.6750891481126302,0.023269693332040865,0.6705777350555313,0.584211762789776,0.033464759146487215,0.044730306667959144,0.03453524085351279,,,,,9
barabasi_albert,15,0.35,0.75,26,3.466666666666667,1.627540748764494,0.46948290829745015,1.0,7.0,52.0,272.0,0.5911853279872586,8.464685464231893,15.221518507700859,0.011,0.04975,0.6824943694446781,0.023913178797144587,0.6875802649862129,0.7874935032053978,0.033431366253803926,0.025836821202855416,0.016318633746196076,,,,,10
barabasi_albert,15,0.35,0.75,26,3.466666666666667,1.407914138796192,0.4061290784989015,2.0,6.0,52.0,262.0,0.8572432707524957,7.992556393701782,15.110383623682385,0.008666666666666666,0.04725,0.6953971063220508,0.02505857234382921,0.693859208875377,0.8023812765254431,0.03209326445556373,0.02219142765617079,0.015156735544436271,,,,,11
barabasi_albert,15,0.35,0.75,26,3.466666666666667,1.9955506062794355,0.5756395979652218,2.0,9.0,52.0,292.0,0.7748937542796595,10.158309808517295,16.312378308879182,0.009333333333333334,0.0425,0.6587067276631093,0.021881957460921645,0.6683181455403089,0.3800231121133323,0.03575992280438761,0.020618042539078358,0.0067400771956123914,,,,,12
barabasi_albert,15,0.35,0.75,26,3.466666666666667,1.4996295838935993,0.4325854568923844,2.0,6.0,52.0,266.0,0.6266137304482667,7.994974389439988,15.558290489552885,0.009333333333333334,0.04575,0.6901487512538915,0.024588953240536695,0.6896676379417195,0.5972441116620215,0.03273883915212258,0.021161046759463304,0.013011160847877422,,,,,13
barabasi_albert,15,0.35,0.75,26,3.466666666666667,1.627540748764494,0.46948290829745015,2.0,6.0,52.0,272.0,1.0424248768946422,7.936463560095039,14.477146262128478,0.013333333333333334,0.0635,0.6824943694446781,0.023913178797144587,0.6785733080433012,0.5906201274040483,0.03280742554766837,0.039586821202855414,0.03069257445233163,,,,,14
barabasi_albert,15,0.35,0.75,26,3.466666666666667,1.5434449203720302,0.44522449626116256,1.0,7.0,52.0,268.0,0.6674333224913568,8.70692709126757,15.156264926773856,0.01,0.05,0.6875687468912868,0.024359965245357502,0.6957170976657435,0.5950114155789981,0.033685408299062386,0.0256400347546425,0.016314591700937617,,,,,15
barabasi_albert,15,0.35,0.75,26,3.466666666666667,1.586050300449376,0.4575145097450123,2.0,8.0,52.0,270.0,0.7218434893577497,9.272991239417237,15.338207946535679,0.01,0.04425,0.6850174625945094,0.024134736407655025,0.6786612909463968,0.5928035733990945,0.03184765481148051,0.020115263592344973,0.012402345188519487,,,,,16
barabasi_albert,15,0.35,0.75,26,3.466666666666667,1.7461067804945063,0.5036846482195692,2.0,7.0,52.0,278.0,0.8781586955627531,8.708996004402538,14.619724710299053,0.012,0.068,0.6750891481126302,0.023269693332040865,0.6744724801407964,0.584211762789776,0.03386298472357953,0.044730306667959144,0.034137015276420477,,,,,17
barabasi_albert,15,0.35,0.75,26,3.466666666666667,2.276449477195183,0.6566681184216874,1.0,8.0,52.0,310.0,0.8381176984042666,9.686870897791815,15.762164453414854,0.012,0.048,0.6392970168815808,0.02030132080118944,0.6352553073758151,0.3688252020470658,0.035406800140415556,0.027698679198810562,0.012593199859584445,,,,,18
barabasi_albert,15,0.35,0.75,26,3.466666666666667,1.7074997966487597,0.4925480182640653,2.0,8.0,52.0,276.0,0.6086518818414235,9.25176477801853,14.731036416377538,0.01,0.06025,0.6775307081549226,0.023480738735532664,0.6749573944076033,0.5863246512879137,0.03335073305210946,0.036769261264467334,0.026899266947890535,,,,,19
barabasi_albert,15,0.35,1.25,26,3.466666666666667,2.3055488621054105,0.6650621717611761,1.0,9.0,52.0,312.0,0.8606901144575616,10.382776238057385,16.191214903971197,0.011,0.1695,1.7701241492058957,0.21950334861509405,1.7733580298630984,1.5318382060435634,0.21769962785818253,-0.050003348615094034,-0.04819962785818252,,,,,0
barabasi_albert,15,0.35,1.25,26,3.466666666666667,2.276449477195183,0.6566681184216874,1.0,10.0,52.0,310.0,0.6734185782378879,11.136801509528462,16.881109928409327,0.01,0.15675,1.7758250468932801,0.22091728004405517,1.749486487904502,1.5367716751961076,0.21708092344799357,-0.06416728004405517,-0.06033092344799357,,,,,1
barabasi_albert,15,0.35,1.25,26,3.466666666666667,2.0286832072937253,0.5851970790270361,2.0,9.0,52.0,294.0,0.916262857065828,10.209290240172788,15.85253661445866,0.007333333333333333,0.181,1.8235066811139786,0.2328161065124228,1.8075071633590118,1.578034627887097,0.2290056913407042,-0.0518161065124228,-0.048005691340704204,,,,,2
barabasi_albert,15,0.35,1.25,26,3.466666666666667,1.5434449203720302,0.44522449626116256,2.0,6.0,52.0,268.0,1.0172443034902032,7.754634943192385,15.233886745728807,0.006,0.22175,1.9099131858091298,0.2546578540572883,1.9014195814972383,1.6528094877194393,0.2615768558064618,-0.0329078540572883,-0.03982685580646178,,,,,3
barabasi_albert,15,0.35,1.25,26,3.466666666666667,1.7074997966487597,0.4925480182640653,2.0,7.0,52.0,276.0,0.7668961384680588,8.574573494286513,15.596394537274817,0.009666666666666667,0.196,1.8820297448747847,0.24757573598328822,1.871217122061682,1.6286795869108712,0.25126737548259465,-0.05157573598328821,-0.05526737548259464,,,,,4
barabasi_albert,15,0.35,1.25,26,3.466666666666667,2.1561282171728307,0.6219600626460088,2.0,9.0,52.0,302.0,0.8543325857678845,10.173997398919106,16.15282466564548,0.010666666666666666,0.18025,1.7991921707525638,0.2267327583569267,1.7823679939635555,1.5569932246897187,0.22034589329606893,-0.046482758356926696,-0.04009589329606894,,,,,5
barabasi_albert,15,0.35,1.25,26,3.466666666666667,2.15612821717283,0.6219600626460087,2.0,11.0,52.0,302.0,0.8832399663030366,12.103898249441158,15.551296996087371,0.010666666666666666,0.18775,1.7991921707525638,0.2267327583569267,1.7993651699997517,1.5569932246897187,0.2138492131735459,-0.03898275835692669,-0.02609921317354591,,,,,6
barabasi_albert,15,0.35,1.25,26,3.466666666666667,2.1868292622475627,0.630816133340643,2.0,8.0,52.0,304.0,0.8519700098893579,9.668991152096286,15.860559142456705,0.012333333333333333,0.17725,1.793264009098566,0.2252544273398491,1.8057220210848512,1.0345753898645573,0.2287043847285577,-0.04800442733984911,-0.051454384728557706,,,,,7
barabasi_albert,15,0.35,1.25,26,3.466666666666667,1.7838784213679537,0.5145803138561404,1.0,8.0,52.0,280.0,0.7910019562948797,9.26071535070054,15.57175957490627,0.013333333333333334,0.2135,1.868538318277333,0.2441598007272825,1.88259727245091,1.6170043138938457,0.25619180232884914,-0.0306598007272825,-0.04269180232884914,,,,,8
barabasi_albert,15,0.35,1.25,26,3.466666666666667,1.8208667044996887,0.5252500109133718,2.0,7.0,52.0,282.0,0.8532821530636697,8.684269141893754,15.472928841773395,0.006,0.21075,1.861900505759311,0.24248192973637972,1.8491894542296077,1.611260053060942,0.24389376175687233,-0.03173192973637973,-0.033143761756872336,,,,,9
barabasi_albert,15,0.35,1.25,26,3.466666666666667,2.186829262247563,0.6308161333406432,2.0,9.0,52.0,304.0,1.0712217745121595,10.317511746127108,15.196617400911947,0.016666666666666666,0.21775,1.793264009098566,0.2252544273398491,1.7973160960422019,1.0345753898645573,0.23033623574599044,-0.007504427339849101,-0.012586235745990437,,,,,10
barabasi_albert,15,0.35,1.25,26,3.466666666666667,2.0612833111653743,0.5946009551438579,2.0,8.0,52.0,296.0,0.9832896263831085,9.724704394066192,15.859590184408619,0.011333333333333334,0.18075,1.8173357440218072,0.2312692265827489,1.809909131606333,1.5726943938650253,0.22905743758782554,-0.050519226582748905,-0.04830743758782555,,,,,11
barabasi_albert,15,0.35,1.25,26,3.466666666666667,2.0933757957476775,0.6038584026195224,2.0,8.0,52.0,298.0,0.8653564238465303,9.210699479448829,15.886000161017185,0.009,0.183,1.8112270351611444,0.22973989101119585,1.808527610252972,1.0449386741314295,0.23207287402321833,-0.046739891011195855,-0.04907287402321833,,,,,12
barabasi_albert,15,0.35,1.25,26,3.466666666666667,2.5263060428661883,0.728742127749862,2.0,11.0,52.0,328.0,1.0009155566293741,12.092631590793799,16.771227443502866,0.009333333333333334,0.163,1.7264106331223463,0.20873028818431422,1.728319644880126,0.9960061344936613,0.20710118283251766,-0.04573028818431421,-0.044101182832517655,,,,,13
barabasi_albert,15,0.35,1.25,26,3.466666666666667,1.6275407487644937,0.4694829082974501,2.0,8.0,52.0,272.0,0.8690096039902044,9.175072164785101,15.089175329740847,0.011,0.209,1.8958176929018837,0.25107416130976706,1.8925820425125561,1.6406114650112456,0.2497710190199425,-0.04207416130976707,-0.04077101901994251,,,,,14
barabasi_albert,15,0.35,1.25,26,3.466666666666667,1.309792180292567,0.3778246673920866,2.0,6.0,52.0,258.0,0.68079409729304,7.765372169233348,14.753603947524347,0.008333333333333333,0.22625,1.946575133032842,0.2640094341236344,1.9641691775044852,1.6845361728168824,0.27413297180469065,-0.03775943412363442,-0.047882971804690644,,,,,15
barabasi_albert,15,0.35,1.25,26,3.466666666666667,2.0933757957476775,0.6038584026195224,1.0,9.0,52.0,298.0,0.768987898818994,10.228917489377057,15.382017350537064,0.013333333333333334,0.20725,1.8112270351611444,0.22973989101119585,1.8281202103929362,1.5674080111971442,0.2329680260615267,-0.02248989101119586,-0.025718026061526705,,,,,16
barabasi_albert,15,0.35,1.25,26,3.466666666666667,1.4996295838935991,0.43258545689238437,2.0,7.0,52.0,266.0,0.7588407456435388,8.437754445796102,14.982865541763271,0.01,0.22225,1.9170798645941431,0.25648257562970045,1.9062041230546187,1.659011421283393,0.2563479768925206,-0.034232575629700446,-0.03409797689252059,,,,,17
barabasi_albert,15,0.35,1.25,26,3.466666666666667,1.8926759422104522,0.5459642140991688,2.0,8.0,52.0,286.0,1.1324760563638232,9.493338782444454,15.538273974635992,0.013,0.183,1.8488343758660175,0.23918476570861624,1.8278127734673482,1.0666352168457793,0.23867016604359673,-0.05618476570861625,-0.05567016604359673,,,,,18
barabasi_albert,15,0.35,1.25,26,3.466666666666667,1.6679994670929073,0.4811536924306463,2.0,7.0,52.0,274.0,0.996412949369877,8.715676408314048,15.223389678375721,0.013333333333333334,0.20875,1.88888597794522,0.24931446649280845,1.9208063347359772,1.6346128655295173,0.2586175018254376,-0.040564466492808454,-0.04986750182543759,,,,,19
barabasi_albert,15,0.35,1.75,26,3.466666666666667,2.2469732728470286,0.6481653671674121,1.0,9.0,52.0,308.0,0.7597205730517912,10.209001695167037,16.22407849118884,0.008333333333333333,0.408,3.4918995107766486,0.6156737164410618,3.466801483042941,3.0218361150951765,0.4870766492751487,-0.20767371644106186,-0.07907664927514874,,,,,0
barabasi_albert,15,0.35,1.75,26,3.466666666666667,1.9618585292749549,0.5659207295985447,2.0,9.0,52.0,290.0,1.025576360666614,10.167705351330907,14.84973130588814,0.012333333333333333,0.50875,3.5986374603287326,0.6337478334185327,3.6158520962567473,3.1142054945152493,0.5290893668944033,-0.12499783341853266,-0.0203393668944033,,,,,1
barabasi_albert,15,0.35,1.75,26,3.466666666666667,2.0612833111653743,0.5946009551438579,1.0,9.0,52.0,296.0,0.8260501769286425,10.295061977750272,15.692943527269014,0.009333333333333334,0.45275,3.561978058282742,0.6276406699731039,3.550504378960389,3.0824810119754495,0.5156504580428086,-0.17489066997310387,-0.06290045804280864,,,,,2
barabasi_albert,15,0.35,1.75,26,3.466666666666667,2.1249836600678966,0.6129760557888163,2.0,9.0,52.0,300.0,0.8950764521508754,10.218430600320593,16.146496315428365,0.008333333333333333,0.41725,3.5381518506868135,0.623615261900105,3.5568632306664067,3.061862178478973,0.5112010370326177,-0.20636526190010496,-0.09395103703261765,,,,,3
barabasi_albert,15,0.35,1.75,26,3.466666666666667,2.6297443897754693,0.7585801124352315,2.0,12.0,52.0,336.0,0.8214180469444696,13.033839156620276,16.35970365975819,0.011,0.37375,3.3432392491786587,0.5889960120717749,3.369599404797182,1.928791874526149,0.45484415183279264,-0.21524601207177485,-0.08109415183279262,,,,,4
barabasi_albert,15,0.35,1.75,26,3.466666666666667,2.5785439474418284,0.7438107540697582,1.0,11.0,52.0,332.0,0.9554730037171972,12.09326738280543,16.992148431825264,0.006333333333333333,0.3515,3.363318944727443,0.5927029868152088,3.3333239608694174,1.9403763142658323,0.44399089808434816,-0.24120298681520885,-0.09249089808434818,,,,,5
barabasi_albert,15,0.35,1.75,26,3.466666666666667,2.2764494771951824,0.6566681184216873,2.0,9.0,52.0,310.0,0.6407594710144944,10.164050896954814,16.523614677691885,0.008666666666666666,0.38675,3.480617091910829,0.6137108937819302,3.5236227934791513,2.0080483222562475,0.4772902905377852,-0.22696089378193024,-0.09054029053778523,,,,,6
barabasi_albert,15,0.35,1.75,26,3.466666666666667,1.586050300449376,0.4575145097450123,2.0,8.0,52.0,270.0,0.9864204656092295,9.185269839074268,14.48542778176821,0.015,0.55375,3.729539518570106,0.6547138141005576,3.759483417589395,3.2274861218395148,0.5797448272574602,-0.10096381410055766,-0.025994827257460273,,,,,7
barabasi_albert,15,0.35,1.75,26,3.466666666666667,1.9618585292749549,0.5659207295985447,2.0,8.0,52.0,290.0,0.9962033845117215,9.368910037685163,15.484773488705331,0.01,0.4425,3.5986374603287326,0.6337478334185327,3.5577202603591296,3.1142054945152493,0.5162279363501182,-0.1912478334185327,-0.0737279363501182,,,,,8
barabasi_albert,15,0.35,1.75,26,3.466666666666667,1.746106780494506,0.503684648219569,2.0,7.0,52.0,278.0,0.9763485232185463,8.567501437704784,15.406254575187917,0.009,0.48525,3.6754853619465417,0.6462139352135277,3.673188183595325,3.180708486299892,0.5478881985052299,-0.16096393521352764,-0.06263819850522984,,,,,9
barabasi_albert,15,0.35,1.75,26,3.466666666666667,1.586050300449376,0.4575145097450123,2.0,7.0,52.0,270.0,0.7571856288878426,8.441553749190025,14.945623057088836,0.01,0.52325,3.729539518570106,0.6547138141005576,3.7697037903085535,3.2274861218395148,0.5726644460780946,-0.13146381410055763,-0.04941444607809464,,,,,10
barabasi_albert,15,0.35,1.75,26,3.466666666666667,1.7838784213679537,0.5145803138561404,2.0,8.0,52.0,280.0,1.1590453919815877,9.342609405669494,15.306323998768265,0.012666666666666666,0.48325,3.6623351038235725,0.6441127315165752,3.66374369424812,3.1693284552319376,0.5502836294949004,-0.1608627315165752,-0.06703362949490038,,,,,11
barabasi_albert,15,0.35,1.75,26,3.466666666666667,1.5434449203720302,0.44522449626116256,2.0,7.0,52.0,268.0,0.8039539568835061,8.755855778825033,15.550289241909569,0.006333333333333333,0.505,3.7434298441858944,0.656862689677013,3.7481091314911272,3.239506595930101,0.5761360813799733,-0.151862689677013,-0.07113608137997329,,,,,12
barabasi_albert,15,0.35,1.75,26,3.466666666666667,2.15612821717283,0.6219600626460087,2.0,8.0,52.0,302.0,0.6675409853670787,9.390243450304485,16.748342807920253,0.01,0.37975,3.526416654675025,0.6216162679351278,3.546846135775426,2.034471146927899,0.4931290633431519,-0.24186626793512783,-0.1133790633431519,,,,,13
barabasi_albert,15,0.35,1.75,26,3.466666666666667,1.8571184369578826,0.5357072414301585,2.0,7.0,52.0,284.0,0.9444422864680618,8.617929359446078,15.202090529339394,0.011,0.47575,3.636452552618987,0.6399386395034568,3.595105387777911,2.0979533957417233,0.5221624516118779,-0.16418863950345675,-0.0464124516118779,,,,,14
barabasi_albert,15,0.35,1.75,26,3.466666666666667,2.3626726862225795,0.681540197948821,2.0,11.0,52.0,316.0,0.8239516946179503,12.066448331301775,16.479225339044376,0.008666666666666666,0.3885,3.4474148980948307,0.6078760160597703,3.4407852540600317,1.9888932104393253,0.48555003578685785,-0.21937601605977025,-0.09705003578685784,,,,,15
barabasi_albert,15,0.35,1.75,26,3.466666666666667,2.0286832072937253,0.5851970790270361,2.0,10.0,52.0,294.0,0.7060479052492309,11.107034987880443,16.200977336965895,0.006,0.42375,3.5740730949833983,0.6296671512398182,3.5777674493844627,3.0929478706587097,0.5313092557079535,-0.20591715123981819,-0.1075592557079535,,,,,16
barabasi_albert,15,0.35,1.75,26,3.466666666666667,2.124983660067897,0.6129760557888164,2.0,10.0,52.0,300.0,0.8476261719986764,11.123128787303425,15.495667681005653,0.013333333333333334,0.4655,3.5381518506868135,0.623615261900105,3.609935508426708,3.061862178478973,0.5201179610008481,-0.15811526190010494,-0.054617961000848037,,,,,17
barabasi_albert,15,0.35,1.75,26,3.466666666666667,1.586050300449376,0.4575145097450123,2.0,7.0,52.0,270.0,0.9073489243217165,8.672765548866375,14.992239758189118,0.009,0.51775,3.729539518570106,0.6547138141005576,3.744152858510657,3.2274861218395148,0.568173906207823,-0.13696381410055758,-0.050423906207823,,,,,18
barabasi_albert,15,0.35,1.75,26,3.466666666666667,1.5434449203720302,0.44522449626116256,2.0,7.0,52.0,268.0,0.8282921949958271,8.48724656627868,15.248892371412133,0.008333333333333333,0.491,3.7434298441858944,0.656862689677013,3.6938473960092977,3.239506595930101,0.5696643763007462,-0.165862689677013,-0.07866437630074619,,,,,19
barabasi_albert,15,0.35,2.5,26,3.466666666666667,2.472964932132187,0.7133552688842847,2.0,11.0,52.0,324.0,1.0058562556675095,12.06981302900955,17.125190253561748,0.007666666666666666,0.732,6.9481391953326685,0.9031843279540263,6.97486280762241,4.008541843461154,0.7934958347276213,-0.17118432795402627,-0.061495834727621324,,,,,0
barabasi_albert,15,0.35,2.5,26,3.466666666666667,2.0933757957476775,0.6038584026195224,2.0,9.0,52.0,298.0,0.9213846379675732,10.320717935006579,16.74719248267,0.007,0.81775,7.244908140644577,0.912153930803385,7.203284750125011,6.269632044788577,0.8353199166003689,-0.09440393080338505,-0.017569916600368884,,,,,1
barabasi_albert,15,0.35,2.5,26,3.466666666666667,1.586050300449376,0.4575145097450123,2.0,8.0,52.0,270.0,0.8763732961221182,9.25165751685389,14.204799051522675,0.014666666666666666,0.93225,7.611305139938992,0.9217641224341205,7.686686335074926,6.586706371101051,0.8713477543378698,0.010485877565879487,0.060902245662130206,,,,,2
barabasi_albert,15,0.35,2.5,26,3.466666666666667,2.5785439474418284,0.7438107540697582,2.0,11.0,52.0,332.0,0.9752604205414362,12.096120882750723,17.02607981070264,0.010333333333333333,0.72075,6.863916213729476,0.9004188480608895,6.774982299325626,3.959951661767005,0.7760025129514699,-0.17966884806088945,-0.055252512951469934,,,,,3
barabasi_albert,15,0.35,2.5,26,3.466666666666667,1.7838784213679537,0.5145803138561404,2.0,7.0,52.0,280.0,0.783725018208123,8.996954622006703,15.106495967052002,0.009666666666666667,0.8665,7.474153273109332,0.9183394555614098,7.422588802210717,6.468017255575383,0.8438712568083068,-0.051839455561409786,0.02262874319169328,,,,,4
barabasi_albert,15,0.35,2.5,26,3.466666666666667,2.3342855200015458,0.6733515923081381,2.0,10.0,52.0,314.0,0.7976863726065019,11.11028703971145,16.089306681265132,0.010333333333333333,0.80925,7.057911223183054,0.9066379945192425,7.065715644247151,4.0718718595286845,0.8007983847377463,-0.09738799451924252,0.008451615262253687,,,,,5
barabasi_albert,15,0.35,2.5,26,3.466666666666667,2.0612833111653743,0.5946009551438579,1.0,8.0,52.0,296.0,0.6617640248539903,9.24710985582229,16.06621057672397,0.007,0.78875,7.269342976087229,0.9128423701097491,7.257460396222469,4.193851716973401,0.8034501699144607,-0.12409237010974916,-0.01470016991446077,,,,,6
barabasi_albert,15,0.35,2.5,26,3.466666666666667,1.783878421367954,0.5145803138561406,2.0,7.0,52.0,280.0,0.8995684114770597,8.518942083065841,15.41952323240136,0.008,0.85,7.474153273109332,0.9183394555614098,7.443609858291336,4.312011503716922,0.8397749829631654,-0.06833945556140986,0.010225017036834538,,,,,7
barabasi_albert,15,0.35,2.5,26,3.466666666666667,2.3055488621054105,0.6650621717611761,2.0,11.0,52.0,312.0,0.9370548879600085,12.090866767433717,16.777276311725856,0.011,0.7825,7.080496596823583,0.9073282178704936,7.140408491104396,4.084901882782836,0.8147587657486506,-0.12482821787049359,-0.03225876574865061,,,,,8
barabasi_albert,15,0.35,2.5,26,3.466666666666667,1.8571184369578826,0.5357072414301585,2.0,9.0,52.0,284.0,1.1021886507905452,10.179398697142734,16.17106601440221,0.007666666666666666,0.855,7.421331740038749,0.9169670665187672,7.432749173484961,6.422306313495071,0.8560809887461187,-0.061967066518767266,-0.0010809887461187273,,,,,9
barabasi_albert,15,0.35,2.5,26,3.466666666666667,1.586050300449376,0.4575145097450123,2.0,7.0,52.0,270.0,0.7143463115038431,8.531677896572326,15.029660415741551,0.009,0.89625,7.611305139938992,0.9217641224341205,7.665279539368847,6.586706371101051,0.8608532163311728,-0.025514122434120545,0.03539678366882715,,,,,10
barabasi_albert,15,0.35,2.5,26,3.466666666666667,1.5434449203720302,0.44522449626116256,2.0,7.0,52.0,268.0,0.8997313476430595,8.467670406226794,16.367257887965298,0.004666666666666667,0.849,7.639652743236519,0.9224478849197852,7.658568229595975,6.611237950877757,0.8652355339935819,-0.07344788491978527,-0.016235533993581908,,,,,11
barabasi_albert,15,0.35,2.5,26,3.466666666666667,1.9275776393067947,0.5560320113384984,2.0,9.0,52.0,288.0,0.788793931276275,10.196498160764216,16.03072521475841,0.010333333333333333,0.8385,7.3696145124716566,0.915593366832162,7.295386904761904,6.3775510204081645,0.8375988111340968,-0.07709336683216195,0.0009011888659031797,,,,,12
barabasi_albert,15,0.35,2.5,26,3.466666666666667,2.15612821717283,0.6219600626460087,2.0,9.0,52.0,302.0,0.8761007237695306,10.275800793423164,15.922477653705274,0.012,0.817,7.196768683010255,0.9107762932930685,7.271677357042551,4.151981932505916,0.8160807497608578,-0.09377629329306858,0.0009192502391421886,,,,,13
barabasi_albert,15,0.35,2.5,26,3.466666666666667,1.9618585292749549,0.5659207295985447,2.0,8.0,52.0,290.0,1.1178111155235917,9.297530072946362,15.747916217675241,0.009333333333333334,0.85375,7.344158082303536,0.9149060518782911,7.271246128265281,6.35552141737806,0.8340233686139129,-0.061156051878291096,0.0197266313860871,,,,,14
barabasi_albert,15,0.35,2.5,26,3.466666666666667,1.8571184369578826,0.5357072414301585,2.0,8.0,52.0,284.0,0.9084266821038863,9.381001726582012,15.471868675151807,0.009666666666666667,0.8615,7.421331740038749,0.9169670665187672,7.358892650879768,6.422306313495071,0.8403209013909623,-0.055467066518767205,0.021179098609037772,,,,,15
barabasi_albert,15,0.35,2.5,26,3.466666666666667,2.0933757957476775,0.6038584026195224,2.0,9.0,52.0,298.0,0.8578413373352638,10.14989371597278,15.538612007617978,0.010666666666666666,0.8635,7.244908140644577,0.912153930803385,7.22522846228177,6.269632044788577,0.8291574253390014,-0.04865393080338498,0.03434257466099866,,,,,16
barabasi_albert,15,0.35,2.5,26,3.466666666666667,2.3626726862225795,0.681540197948821,2.0,9.0,52.0,316.0,0.7849579291208183,10.222063562334775,16.28941628936333,0.011333333333333334,0.79525,7.035540608356797,0.9059475895100302,7.008311713213878,4.058965735590459,0.7972470164258866,-0.11069758951003017,-0.0019970164258865664,,,,,17
barabasi_albert,15,0.35,2.5,26,3.466666666666667,1.7838784213679537,0.5145803138561404,2.0,9.0,52.0,280.0,0.7596369691737792,10.143673256591496,15.318599964488424,0.011333333333333334,0.89625,7.474153273109332,0.9183394555614098,7.476488946007177,6.468017255575383,0.8609242364368143,-0.022089455561409843,0.03532576356318573,,,,,18
barabasi_albert,15,0.35,2.5,26,3.466666666666667,1.5434449203720302,0.44522449626116256,2.0,7.0,52.0,268.0,0.835650254353836,8.554960234579731,15.036805031234403,0.011666666666666667,0.88675,7.639652743236519,0.9224478849197852,7.587497421624039,6.611237950877757,0.8626220238634223,-0.035697884919785206,0.02412797613657769,,,,,19
barabasi_albert,30,0.15,0.75,56,3.7333333333333334,2.7920522121829228,0.7478711282632828,2.0,14.0,112.0,764.0,0.7296408095787112,15.20464764359168,5.2049528907182445,0.007666666666666666,0.26925,2.3876743804510374,0.3770247009036705,2.4116044205586826,1.9186669128624407,0.31176371862893704,-0.10777470090367053,-0.04251371862893705,,,,,0
barabasi_albert,30,0.15,0.75,56,3.7333333333333334,2.83940525853958,0.760554979965959,2.0,13.0,112.0,772.0,0.8695450058528129,14.311996288542074,5.042357894683061,0.011666666666666667,0.285,2.3752707932766755,0.3738971927715584,2.3524724352162076,1.9086997445973286,0.2969578406860882,-0.08889719277155844,-0.01195784068608824,,,,,1
barabasi_albert,30,0.15,0.75,56,3.7333333333333334,3.172100600898752,0.8496698038121657,2.0,18.0,112.0,832.0,0.6461763328565477,19.07829125323024,5.5152756260714435,0.008,0.2175,2.2880215766121474,0.3517471042539249,2.270197479955057,1.2257258446136503,0.2864319561396243,-0.13424710425392491,-0.0689319561396243,,,,,2
barabasi_albert,30,0.15,0.75,56,3.7333333333333334,2.606828639468953,0.6982576712863267,2.0,13.0,112.0,734.0,0.672170941186388,14.313015140314043,5.019794710132805,0.010333333333333333,0.316,2.4359801712021096,0.3891455662718587,2.4352733019560016,1.3049893774297014,0.3243031061542034,-0.0731455662718587,-0.008303106154203377,,,,,3
barabasi_albert,30,0.15,0.75,56,3.7333333333333334,2.5551690528982394,0.6844202820263141,1.0,14.0,112.0,726.0,0.7232193539197049,15.160529226176706,5.165829410108565,0.014666666666666666,0.29725,2.449364778380231,0.39248623577547626,2.446029705802526,1.9682395540555426,0.33910595063210697,-0.09523623577547624,-0.04185595063210695,,,,,4
barabasi_albert,30,0.15,0.75,56,3.7333333333333334,2.9992591677871987,0.803372991371571,2.0,17.0,112.0,800.0,0.7378930907482202,18.099649492063058,5.201336609633276,0.011,0.253,2.3333333333333335,0.3632812977334135,2.3175,1.8750000000000002,0.2917792067300293,-0.1102812977334135,-0.03877920673002927,,,,,5
barabasi_albert,30,0.15,0.75,56,3.7333333333333334,2.2050447211388295,0.5906369788764722,2.0,10.0,112.0,676.0,0.7807108283918405,11.626058789514548,5.1067110114142,0.007666666666666666,0.30075,2.5383320350286325,0.4144720350827401,2.5353857567736884,2.0397310995765796,0.3589254767820905,-0.11372203508274009,-0.05817547678209051,,,,,6
barabasi_albert,30,0.15,0.75,56,3.7333333333333334,2.8627880738111844,0.7668182340565672,2.0,15.0,112.0,776.0,0.7480476163266135,16.146808215899224,5.03403748885977,0.015333333333333332,0.28725,2.369141051978445,0.3723494552013863,2.3525887941822563,1.903774059625536,0.3039389410913775,-0.08509945520138629,-0.016688941091377474,,,,,7
barabasi_albert,30,0.15,0.75,56,3.7333333333333334,2.8158282775923826,0.7542397172122454,2.0,15.0,112.0,768.0,0.7430041060808875,16.17725863611055,5.225237784308495,0.012333333333333333,0.276,2.381448361039201,0.3754555757974092,2.4131301294137413,1.913663861549358,0.31717493373452627,-0.09945557579740916,-0.04117493373452624,,,,,8
barabasi_albert,30,0.15,0.75,56,3.7333333333333334,2.0965580258021848,0.5615780426255852,2.0,10.0,112.0,662.0,0.7268498919837258,11.594324459106637,4.874116372200051,0.011666666666666667,0.3435,2.565031979670126,0.42098943441474374,2.5677229730416546,2.0611864122349224,0.3686521311160171,-0.07748943441474371,-0.02515213111601705,,,,,9
barabasi_albert,30,0.15,0.75,56,3.7333333333333334,2.885981442921781,0.7730307436397628,2.0,16.0,112.0,780.0,0.9458785816741507,17.126558540303527,5.108367895312404,0.008,0.284,2.3630585231952224,0.3708122674590652,2.356992636361128,1.2659242088545835,0.30732722263697987,-0.08681226745906523,-0.023327222636979894,,,,,10
barabasi_albert,30,0.15,0.75,56,3.7333333333333334,3.0868898407440604,0.8268454930564447,2.0,16.0,112.0,816.0,0.7150711025538893,17.126102569513826,5.261678312236475,0.011,0.25275,2.310344266945574,0.3574370222662233,2.295131062509214,1.237684428720843,0.28936066205006516,-0.10468702226622334,-0.03661066205006519,,,,,11
barabasi_albert,30,0.15,0.75,56,3.7333333333333334,2.7071920672329264,0.7251407322945338,1.0,14.0,112.0,750.0,0.7065263168875299,15.129552103274577,5.032517440378156,0.014,0.30025,2.4098563043068375,0.38260265141594624,2.373816042612963,1.9364916731037085,0.3150133257170009,-0.08235265141594622,-0.014763325717000897,,,,,12
barabasi_albert,30,0.15,0.75,56,3.7333333333333334,2.24993827075816,0.6026620368102215,2.0,11.0,112.0,682.0,0.748044569286878,12.377637337101387,4.907828416128463,0.01,0.32925,2.527141685011451,0.41172890892497055,2.5028856375883497,2.030738854027059,0.35093161582197113,-0.08247890892497056,-0.021681615821971145,,,,,13
barabasi_albert,30,0.15,0.75,56,3.7333333333333334,2.874408151641346,0.7699307549039319,1.0,13.0,112.0,778.0,0.7500454252417176,14.306737973618425,5.133325140636856,0.012333333333333333,0.26475,2.3660939239625045,0.3715795485398122,2.323578173766303,1.2675503164084845,0.2967465087073011,-0.10682954853981219,-0.03199650870730114,,,,,14
barabasi_albert,30,0.15,0.75,56,3.7333333333333334,2.4212026396446498,0.6485364213333883,2.0,13.0,112.0,706.0,0.716964167275943,14.192896615057876,4.933137046449586,0.011,0.33275,2.483816045257631,0.4010466716984596,2.5150300727906685,1.9959236077963107,0.3478325746059875,-0.0682966716984596,-0.015082574605987498,,,,,15
barabasi_albert,30,0.15,0.75,56,3.7333333333333334,2.3654926665613556,0.6336141071146488,2.0,11.0,112.0,698.0,0.58273880941895,12.415346869915865,5.046676684162791,0.009333333333333334,0.299,2.498009395336883,0.4045566834552113,2.527561738629931,2.0073289783957096,0.3491017486525832,-0.1055566834552113,-0.05010174865258321,,,,,16
barabasi_albert,30,0.15,0.75,56,3.7333333333333334,3.3159546974522374,0.8882021511032778,2.0,19.0,112.0,860.0,0.7755244885197993,20.080827526898723,5.448261654506657,0.012,0.22825,2.2504665034619236,0.34214512342345227,2.338576285762642,1.8084105831390456,0.2840913837447884,-0.11389512342345226,-0.055841383744788364,,,,,17
barabasi_albert,30,0.15,0.75,56,3.7333333333333334,2.112397269033981,0.5658206970626735,2.0,11.0,112.0,664.0,0.6675454142753197,12.2797140241889,4.944317755067257,0.011666666666666667,0.33625,2.5611660664261082,0.420048228346247,2.5587078043534226,2.058079874806694,0.36943765233716375,-0.083798228346247,-0.03318765233716375,,,,,18
barabasi_albert,30,0.15,0.75,56,3.7333333333333334,2.644911256650316,0.708458372317049,2.0,15.0,112.0,740.0,0.7217943699065316,16.133377976535467,5.30993726987689,0.006,0.25525,2.4260844762468365,0.3866705743285404,2.40929683812995,1.299688112275091,0.32589322506481416,-0.13142057432854043,-0.07064322506481419,,,,,19
barabasi_albert,30,0.15,1.25,56,3.7333333333333334,2.606828639468953,0.6982576712863267,2.0,13.0,112.0,734.0,0.6003116746639962,14.18819681269236,5.227694510730574,0.008333333333333333,0.803,6.766611586672526,0.897092181655802,6.77642921509069,5.437455739290423,0.7906425743830267,-0.09409218165580191,0.012357425616973394,,,,,0
barabasi_albert,30,0.15,1.25,56,3.7333333333333334,2.308438625757437,0.6183317747564564,2.0,10.0,112.0,690.0,0.8407015543632821,11.506243235997202,5.135243835425405,0.007333333333333333,0.82425,6.979024656309552,0.9041729461112624,6.969054621086253,5.608144813105891,0.8017084535402562,-0.07992294611126238,0.022541546459743822,,,,,1
barabasi_albert,30,0.15,1.25,56,3.7333333333333334,2.5551690528982394,0.6844202820263141,2.0,13.0,112.0,726.0,0.8230661230778721,14.17311523900494,5.149325379352902,0.013333333333333334,0.80075,6.803791051056196,0.8983803718146928,6.8674247218238875,5.46733209459873,0.7820111258555875,-0.0976303718146928,0.018738874144412443,,,,,2
barabasi_albert,30,0.15,1.25,56,3.7333333333333334,2.943165340619215,0.7883478590944326,1.0,13.0,112.0,790.0,0.82265062362247,14.756478880355607,5.113428509195288,0.016,0.78825,6.522374514789617,0.8880708550647811,6.75895617966759,5.241193806527371,0.759473125351192,-0.09982085506478111,0.02877687464880796,,,,,3
barabasi_albert,30,0.15,1.25,56,3.7333333333333334,2.55516905289824,0.6844202820263142,2.0,11.0,112.0,726.0,0.8688363812639294,12.752239362071096,5.02415293717442,0.013,0.81075,6.803791051056196,0.8983803718146928,6.757166857916147,5.46733209459873,0.7791834037910012,-0.0876303718146928,0.03156659620899882,,,,,4
barabasi_albert,30,0.15,1.25,56,3.7333333333333334,2.606828639468953,0.6982576712863267,2.0,13.0,112.0,734.0,0.73546871440241,14.293499255045717,4.9450252780264865,0.015,0.83975,6.766611586672526,0.897092181655802,6.739273267538873,3.6249704928602817,0.7757309117228383,-0.05734218165580196,0.06401908827716174,,,,,5
barabasi_albert,30,0.15,1.25,56,3.7333333333333334,2.6322782696532836,0.7050745365142724,2.0,13.0,112.0,738.0,0.6329924642927851,14.301300004503569,5.207721099618923,0.013333333333333334,0.806,6.748248970495324,0.8964479946775179,6.697486472659233,5.4227000655766,0.7884982688689628,-0.09044799467751785,0.017501731131037257,,,,,6
barabasi_albert,30,0.15,1.25,56,3.7333333333333334,2.568181371234429,0.6879057244377935,1.0,14.0,112.0,728.0,0.6116855596514107,15.158176312516034,5.0600196863427005,0.009333333333333334,0.828,6.794438756530952,0.8980583491710462,6.832960797695212,5.459816857926659,0.7843424154870549,-0.07005834917104625,0.0436575845129451,,,,,7
barabasi_albert,30,0.15,1.25,56,3.7333333333333334,2.619584360585133,0.7016743822995892,2.0,12.0,112.0,736.0,0.8725770283855101,13.575265352981747,4.9303698788585075,0.013666666666666667,0.846,6.7574115666644605,0.8967700951878131,6.783506035437518,5.430062866069656,0.7784006639331053,-0.05077009518781317,0.06759933606689472,,,,,8
barabasi_albert,30,0.15,1.25,56,3.7333333333333334,2.568181371234429,0.6879057244377935,2.0,15.0,112.0,728.0,0.696205928913886,16.127397938499726,5.157909010694207,0.007333333333333333,0.831,6.794438756530952,0.8980583491710462,6.842060492458423,5.459816857926659,0.80210831414289,-0.06705834917104625,0.028891685857109994,,,,,9
barabasi_albert,30,0.15,1.25,56,3.7333333333333334,2.4621580416825846,0.6595066183078352,2.0,12.0,112.0,712.0,0.739006064729205,13.395322760448405,4.938202565716342,0.014666666666666666,0.873,6.8703566296708525,0.9006339853179229,6.9401336891909455,5.520822291699792,0.8050068751887189,-0.027633985317922938,0.06799312481128106,,,,,10
barabasi_albert,30,0.15,1.25,56,3.7333333333333334,2.5157283018817607,0.6738557951469002,2.0,11.0,112.0,720.0,0.8015505178525146,12.36387313341068,4.968886744246421,0.011,0.846,6.832081364561313,0.8993463292728803,6.8021910085913575,5.49006538223677,0.7920143296952094,-0.0533463292728803,0.05398567030479062,,,,,11
barabasi_albert,30,0.15,1.25,56,3.7333333333333334,2.7071920672329264,0.7251407322945338,2.0,14.0,112.0,750.0,0.7646176968829717,15.21691467710638,5.217348003244959,0.007666666666666666,0.78925,6.694045289741215,0.8945151388689795,6.748135566412785,5.379143536399191,0.7773158183157803,-0.10526513886897948,0.011934181684219669,,,,,12
barabasi_albert,30,0.15,1.25,56,3.7333333333333334,3.1615748537011665,0.8468504072413838,2.0,18.0,112.0,830.0,0.8330041155612189,19.086506644315577,5.462156440906126,0.008333333333333333,0.74525,6.363268251327245,0.8816285600419105,6.436417428769959,5.113340559102251,0.7523399459739576,-0.1363785600419105,-0.007089945973957623,,,,,13
barabasi_albert,30,0.15,1.25,56,3.7333333333333334,2.803965445975078,0.7510621730290388,2.0,14.0,112.0,766.0,0.8203546617910424,15.188842247614426,5.086811399776247,0.01,0.8065,6.623764652135504,0.8919375301509669,6.546881669566074,3.548445349358306,0.7649908413031127,-0.08543753015096689,0.041509158696887316,,,,,14
barabasi_albert,30,0.15,1.25,56,3.7333333333333334,2.768071932270226,0.7414478390009533,1.0,15.0,112.0,760.0,0.5554773967256513,16.162935215575672,5.106328649706504,0.010333333333333333,0.7935,6.649859689440814,0.8929041760996259,6.607852763277606,3.562424833629008,0.7589109318102045,-0.09940417609962593,0.03458906818979546,,,,,15
barabasi_albert,30,0.15,1.25,56,3.7333333333333334,2.4349309823666228,0.6522136559910596,2.0,11.0,112.0,708.0,0.5374073234354276,12.416860328323251,5.179720279926178,0.008333333333333333,0.814,6.889737081794699,0.9012776758451756,6.8443693934212755,5.536395869299312,0.7967303849119026,-0.08727767584517565,0.017269615088097323,,,,,16
barabasi_albert,30,0.15,1.25,56,3.7333333333333334,2.462158041682584,0.659506618307835,2.0,14.0,112.0,712.0,0.6031945551691645,15.162536258830158,5.135289117376003,0.007333333333333333,0.85225,6.8703566296708525,0.9006339853179229,6.890446288565649,5.520822291699792,0.8105026324990375,-0.048383985317922984,0.04174736750096242,,,,,17
barabasi_albert,30,0.15,1.25,56,3.7333333333333334,2.851120637379079,0.7636930278693962,2.0,13.0,112.0,774.0,0.9501052636053938,14.187346017073324,5.150236030057108,0.011666666666666667,0.80775,6.589444397087856,0.8906486289035489,6.46442145651811,3.530059498439923,0.7599219746540634,-0.08289862890354893,0.04782802534593655,,,,,18
barabasi_albert,30,0.15,1.25,56,3.7333333333333334,2.657484190399299,0.7118261224283837,2.0,14.0,112.0,742.0,0.662328829198802,15.187376471445386,5.1106025341384305,0.012666666666666666,0.824,6.73003503992251,0.8958037545559248,6.734391535818889,5.408063871366303,0.7879211810515867,-0.0718037545559248,0.03607881894841325,,,,,19
barabasi_albert,30,0.15,1.75,56,3.7333333333333334,2.6824532718307608,0.7185142692403823,2.0,14.0,112.0,746.0,0.769226158500447,15.178491543557612,5.160645886105135,0.013,0.998,13.155456886364794,0.979524299519989,13.21066282151293,7.047566189123997,0.9450846260721076,0.018475700480011015,0.05291537392789236,,,,,0
barabasi_albert,30,0.15,1.75,56,3.7333333333333334,2.6322782696532836,0.7050745365142724,2.0,12.0,112.0,738.0,0.6858397739852927,13.341897556119697,5.183501628132894,0.009,0.9965,13.226567982170836,0.9797993517980468,12.983588842676934,10.628492128530135,0.9465199850659444,0.016700648201953272,0.04998001493405568,,,,,1
barabasi_albert,30,0.15,1.75,56,3.7333333333333334,2.4212026396446498,0.6485364213333883,2.0,12.0,112.0,706.0,0.719233663414274,13.299964276145474,5.095786089218496,0.008,0.99825,13.52299846862488,0.9808926721258364,13.582463439569501,10.866695198002136,0.9525336169378563,0.017357327874163553,0.04571638306214365,,,,,2
barabasi_albert,30,0.15,1.75,56,3.7333333333333334,2.528943565118754,0.6773955977996662,2.0,11.0,112.0,722.0,0.8063235501632645,12.550269957871933,5.077622365801795,0.01,0.9995,13.372319688109162,0.9803474056398478,13.44276315789474,7.16374269005848,0.9464477823863702,0.019152594360152264,0.05305221761362988,,,,,3
barabasi_albert,30,0.15,1.75,56,3.7333333333333334,2.780087928265739,0.7446664093568943,2.0,16.0,112.0,762.0,0.7065059948673686,17.128189745267562,5.355515438652273,0.008,0.9965,13.01660912707008,0.9789721828656776,12.937870263823738,10.459775191395599,0.9477853261826248,0.0175278171343225,0.048714673817375265,,,,,4
barabasi_albert,30,0.15,1.75,56,3.7333333333333334,2.3795424396766323,0.637377439199098,2.0,12.0,112.0,700.0,0.762138248900526,13.332455850192078,4.911874558127196,0.011333333333333334,0.99875,13.580830514957269,0.9810964151120588,13.685111892125692,10.913167378090662,0.9523986289177233,0.01765358488794122,0.046351371082276716,,,,,5
barabasi_albert,30,0.15,1.75,56,3.7333333333333334,2.8627880738111844,0.7668182340565672,2.0,15.0,112.0,776.0,0.8331469306336377,16.187173874358855,5.078096330647696,0.012333333333333333,0.99875,12.89865683854931,0.9784869190542775,12.99597259773301,10.364992102405695,0.9459553171392091,0.02026308094572249,0.05279468286079092,,,,,6
barabasi_albert,30,0.15,1.75,56,3.7333333333333334,2.768071932270225,0.7414478390009531,2.0,12.0,112.0,760.0,0.6917956754959365,13.386570229162622,5.159817055675368,0.01,0.99875,13.033724991303997,0.9790413426453546,12.774214216923568,6.982352673912856,0.9412537501144854,0.019708657354645442,0.057496249885514605,,,,,7
barabasi_albert,30,0.15,1.75,56,3.7333333333333334,2.6449112566503157,0.7084583723170488,2.0,12.0,112.0,740.0,0.7047756089495432,13.329284477106572,5.152292792134948,0.014,0.99875,13.208682148454999,0.9797306522639202,13.12789690495775,10.61411958357991,0.9457222121333053,0.019019347736079828,0.05302778786669471,,,,,8
barabasi_albert,30,0.15,1.75,56,3.7333333333333334,2.606828639468953,0.6982576712863267,2.0,14.0,112.0,734.0,0.7966324297492076,15.18577193443225,5.244081907439305,0.008666666666666666,0.9975,13.262558709878151,0.9799366230676892,13.392815982921597,10.65741324900923,0.9475145464389418,0.017563376932310804,0.04998545356105821,,,,,9
barabasi_albert,30,0.15,1.75,56,3.7333333333333334,3.1404175235503677,0.8411832652367056,2.0,17.0,112.0,826.0,0.6635604509007872,18.10518269695217,5.368446882610519,0.009333333333333334,0.99775,12.502167862048678,0.9767379615516489,12.6802121275841,10.046384889146259,0.9400965508316206,0.02101203844835109,0.057653449168379445,,,,,10
barabasi_albert,30,0.15,1.75,56,3.7333333333333334,2.2050447211388295,0.5906369788764722,2.0,9.0,112.0,676.0,0.9201683766148495,11.06468393416154,4.842180001487914,0.01,0.99975,13.819807746267,0.9819073034824821,13.885205050780584,11.105202653250267,0.9542946218565843,0.01784269651751791,0.045455378143415714,,,,,11
barabasi_albert,30,0.15,1.75,56,3.7333333333333334,2.874408151641346,0.7699307549039319,2.0,14.0,112.0,778.0,0.7246776822178367,15.36625545027983,5.257199619516711,0.008333333333333333,0.99825,12.882066919351413,0.9784174333988881,12.634202149608535,10.351660917335957,0.9431482845597178,0.01983256660111188,0.055101715440282195,,,,,12
barabasi_albert,30,0.15,1.75,56,3.7333333333333334,2.9769484749021475,0.7973969129202181,2.0,15.0,112.0,796.0,0.6962566839024782,16.152671227009257,5.234293709373226,0.013,0.99675,12.73558255860447,0.9777902656904341,12.822286859505683,6.822633513538109,0.9379611977414112,0.01895973430956588,0.058788802258588846,,,,,13
barabasi_albert,30,0.15,1.75,56,3.7333333333333334,2.1898756940875783,0.5865738466306013,2.0,10.0,112.0,674.0,0.7157573252996059,11.509632196511475,4.749957834887645,0.016,0.999,13.840296723783354,0.9819745778821195,14.0512994617821,11.121667010183051,0.9550344882207831,0.017025422117880495,0.043965511779216926,,,,,14
barabasi_albert,30,0.15,1.75,56,3.7333333333333334,3.2242139438249993,0.8636287349531248,1.0,15.0,112.0,842.0,0.8962476967599572,16.23716392873422,5.416557112675561,0.010333333333333333,0.9805,12.382812691718721,0.9761732453102698,12.414875331724062,9.950474484416828,0.926257519483394,0.004326754689730206,0.05424248051660607,,,,,15
barabasi_albert,30,0.15,1.75,56,3.7333333333333334,2.235073948565361,0.5986805219371502,2.0,9.0,112.0,680.0,0.6793825808185436,11.392510822926535,4.896729264424869,0.011333333333333334,0.998,13.779101302185014,0.9817726150137158,13.833233485872169,11.072492117827244,0.9566978311452479,0.016227384986284177,0.04130216885475213,,,,,16
barabasi_albert,30,0.15,1.75,56,3.7333333333333334,2.51572830188176,0.6738557951469001,2.0,14.0,112.0,720.0,0.7033477941079267,15.177523826167768,4.924061737294922,0.011666666666666667,0.9995,13.390879474540174,0.9804157177087642,13.408514784562449,10.760528149184069,0.9515505562035899,0.01908428229123582,0.047949443796410196,,,,,17
barabasi_albert,30,0.15,1.75,56,3.7333333333333334,2.694851057521031,0.7218351046931333,2.0,12.0,112.0,748.0,0.7480998114712516,13.508276041189898,5.245867497277414,0.009333333333333334,0.99775,13.137857605058636,0.979455430959496,13.063663900280067,10.557207004064976,0.9460860628675761,0.018294569040503972,0.0516639371324239,,,,,18
barabasi_albert,30,0.15,1.75,56,3.7333333333333334,2.3795424396766327,0.6373774391990981,2.0,13.0,112.0,700.0,0.6817161149979984,14.147105740003816,5.025153465784928,0.012,0.9985,13.580830514957269,0.9810964151120588,13.804247302669848,10.913167378090662,0.9571761988880954,0.017403584887941248,0.0413238011119047,,,,,19
barabasi_albert,30,0.15,2.5,56,3.7333333333333334,2.279376132970501,0.6105471784742413,2.0,11.0,112.0,686.0,0.7087889701355595,12.300459535898998,5.181241212702138,0.007333333333333333,1.0,27.997368371053867,0.9969873649452211,28.129855917809746,22.497885298168285,0.9926755720755557,0.0030126350547788894,0.007324427924444321,,,,,0
barabasi_albert,30,0.15,2.5,56,3.7333333333333334,2.2939534045447,0.6144518047887589,2.0,10.0,112.0,688.0,0.7069496568388323,11.839871495209762,5.033667225358905,0.010666666666666666,1.0,27.956644904595144,0.9969761484334516,27.495485070119795,22.465161084049672,0.9922414659641728,0.0030238515665483856,0.007758534035827158,,,,,1
barabasi_albert,30,0.15,2.5,56,3.7333333333333334,2.954469307488045,0.7913757073628691,2.0,14.0,112.0,792.0,0.8679454489263483,15.220745895543725,5.317500415667306,0.007,1.0,26.056535951164758,0.9963810696358203,26.659674964141495,13.958858545266835,0.9886242625869175,0.0036189303641797066,0.01137573741308251,,,,,2
barabasi_albert,30,0.15,2.5,56,3.7333333333333334,2.462158041682584,0.659506618307835,2.0,13.0,112.0,712.0,0.728503693763302,14.185523869034327,5.180915084925756,0.009333333333333334,1.0,27.48142651868341,0.9968408621571716,27.4955352867622,22.08328916679917,0.9918813989213389,0.0031591378428283967,0.008118601078661136,,,,,3
barabasi_albert,30,0.15,2.5,56,3.7333333333333334,2.803965445975078,0.7510621730290388,2.0,15.0,112.0,766.0,0.7724313745211085,16.14740668354282,5.234874904831146,0.009666666666666667,1.0,26.495058608542017,0.9965319537292517,26.290431593395684,21.290672096149837,0.9903354103665712,0.0034680462707482596,0.009664589633428755,,,,,4
barabasi_albert,30,0.15,2.5,56,3.7333333333333334,2.5157283018817607,0.6738557951469002,2.0,11.0,112.0,720.0,0.7460779787537474,12.562239217122281,5.150291110908511,0.008,1.0,27.328325458245253,0.9967954878849505,27.155693402337143,21.96026152894708,0.9912443113418331,0.0032045121150494627,0.008755688658166894,,,,,5
barabasi_albert,30,0.15,2.5,56,3.7333333333333334,2.6322782696532836,0.7050745365142724,2.0,11.0,112.0,738.0,0.7444974781227176,12.998779447380677,5.242579001961371,0.007666666666666666,1.0,26.992995881981297,0.9966928950376497,26.330823951751444,21.6908002623064,0.9910349814845232,0.0033071049623503157,0.00896501851547682,,,,,6
barabasi_albert,30,0.15,2.5,56,3.7333333333333334,2.393509742802165,0.6411186811077227,2.0,11.0,112.0,702.0,0.7312388309786791,12.413911697319847,5.0582554767277115,0.008666666666666666,1.0,27.676471028039753,0.9968973849268431,27.91493347930813,14.82668090787844,0.9911685881051553,0.0031026150731569,0.00883141189484471,,,,,7
barabasi_albert,30,0.15,2.5,56,3.7333333333333334,3.2345358588555215,0.8663935336220147,2.0,16.0,112.0,844.0,0.6262541448155805,17.15085334031354,5.344733478991994,0.013333333333333334,1.0,25.241086552434428,0.9960752872438389,24.687810949878834,13.522010653089874,0.98781896527188,0.003924712756161131,0.012181034728120044,,,,,8
barabasi_albert,30,0.15,2.5,56,3.7333333333333334,2.4756592836836186,0.663123022415255,2.0,13.0,112.0,714.0,0.7528042295301495,14.251974665239764,5.096333888712785,0.01,1.0,27.44291013462772,0.9968295315379263,27.409219061917792,22.052338501040133,0.9917157902789652,0.0031704684620736945,0.00828420972103483,,,,,9
barabasi_albert,30,0.15,2.5,56,3.7333333333333334,2.4349309823666228,0.6522136559910596,2.0,10.0,112.0,708.0,0.6700650810842809,11.92892337262298,4.835103985076843,0.019666666666666666,1.0,27.558948327178797,0.9968634973866469,27.77978900685418,14.763722318131498,0.9907752642946539,0.003136502613353076,0.009224735705346099,,,,,10
barabasi_albert,30,0.15,2.5,56,3.7333333333333334,2.8276413413931323,0.7574039307303033,1.0,13.0,112.0,770.0,0.7926864101578409,14.265702113912857,5.219483812082763,0.011,1.0,26.42615066713614,0.9965088299944748,26.041555795819782,21.235299643234402,0.9877260387436934,0.003491170005525235,0.012273961256306642,,,,,11
barabasi_albert,30,0.15,2.5,56,3.7333333333333334,2.3228335186912457,0.6221875496494408,2.0,11.0,112.0,692.0,0.6577217953215415,12.478773905931359,5.106576447104604,0.010666666666666666,1.0,27.875728251802165,0.996953688748852,27.78550547063004,22.400138773769598,0.9918913791069506,0.0030463112511479595,0.008108620893049423,,,,,12
barabasi_albert,30,0.15,2.5,56,3.7333333333333334,2.5551690528982394,0.6844202820263141,2.0,10.0,112.0,726.0,0.8775643906629691,11.611069966780093,5.123807921430043,0.008,1.0,27.215164204224784,0.9967613669248901,27.150771181777294,14.579552252263278,0.9904354791782491,0.0032386330751098535,0.009564520821750855,,,,,13
barabasi_albert,30,0.15,2.5,56,3.7333333333333334,2.5811280910141243,0.6913735958073547,1.0,12.0,112.0,730.0,0.7907822956646924,13.362815990783922,5.089548684053093,0.011333333333333334,1.0,27.140499689862935,0.9967385769121726,27.025394892071105,14.539553405283716,0.988483292803219,0.0032614230878273975,0.011516707196780995,,,,,14
barabasi_albert,30,0.15,2.5,56,3.7333333333333334,2.2050447211388295,0.5906369788764722,2.0,10.0,112.0,676.0,0.7273107238552813,11.73704282472832,4.950018804683543,0.010333333333333333,1.0,28.203689278095915,0.997043313404199,27.942427424292127,22.66367888418422,0.9923950018035119,0.0029566865958009503,0.0076049981964880775,,,,,15
barabasi_albert,30,0.15,2.5,56,3.7333333333333334,2.4890872936792623,0.6667198108069452,2.0,11.0,112.0,716.0,0.7890395378370085,12.545112610761336,4.823826606156801,0.016,1.0,27.404555244976514,0.9968181922738222,27.906768188193606,14.681011738380276,0.99088284688102,0.003181807726177821,0.009117153118979981,,,,,16
barabasi_albert,30,0.15,2.5,56,3.7333333333333334,2.7920522121829228,0.7478711282632828,2.0,12.0,112.0,764.0,0.7768484449333797,13.539386494968198,4.947447462908271,0.012666666666666666,1.0,26.529715338344857,0.996543503319082,26.662363915036586,21.31852125402712,0.9900818819682842,0.0034564966809179642,0.009918118031715828,,,,,17
barabasi_albert,30,0.15,2.5,56,3.7333333333333334,2.6068286394689526,0.6982576712863265,2.0,14.0,112.0,734.0,0.7059498866701958,15.156682505137606,5.222454449439015,0.006,1.0,27.066446346690103,0.9967157529023422,26.659845489740945,14.499881971441127,0.9907144847101342,0.003284247097657844,0.009285515289865764,,,,,18
barabasi_albert,30,0.15,2.5,56,3.7333333333333334,2.2201101073795613,0.5946723501909539,2.0,10.0,112.0,678.0,0.7806908975335737,11.782265342251142,4.736051495644688,0.012333333333333333,1.0,28.162060193740587,0.9970321416591744,28.482026457995367,22.63022694139869,0.9927235921166618,0.00296785834082558,0.007276407883338165,,,,,19
barabasi_albert,30,0.25,0.75,56,3.7333333333333334,2.83940525853958,0.760554979965959,2.0,14.0,112.0,772.0,0.7676118625237799,15.237511853039369,14.660196480425254,0.007666666666666666,0.0685,0.8550974855796032,0.04181587422592792,0.8538759177430609,0.45808793870335884,0.06982783641537155,0.026684125774072087,-0.0013278364153715416,,,,,0
barabasi_albert,30,0.25,0.75,56,3.7333333333333334,2.965730189271363,0.7943920149834007,2.0,14.0,112.0,794.0,0.7461143600387558,15.33791759069719,14.76325838172212,0.012333333333333333,0.0595,0.8431678302238726,0.04039787452038887,0.8120383750633752,0.451697051905646,0.06109272896089857,0.019102125479611126,-0.0015927289608985706,,,,,1
barabasi_albert,30,0.25,0.75,56,3.7333333333333334,2.3228335186912457,0.6221875496494408,2.0,13.0,112.0,692.0,0.7635311212141269,14.181133532925589,14.184801658005464,0.006,0.0685,0.9031735953583903,0.04780267307450877,0.9010366221193725,0.725764496270135,0.06768540815308331,0.020697326925491234,0.000814591846916693,,,,,2
barabasi_albert,30,0.25,0.75,56,3.7333333333333334,2.308438625757437,0.6183317747564564,1.0,8.0,112.0,690.0,0.6671789789771909,10.081925163842078,13.484398956843801,0.012333333333333333,0.092,0.9044815954577181,0.04797164034509109,0.9166961348606625,0.7268155677785234,0.07582585753112432,0.04402835965490891,0.016174142468875677,,,,,3
barabasi_albert,30,0.25,0.75,56,3.7333333333333334,2.475659283683618,0.6631230224152549,2.0,11.0,112.0,714.0,0.729633299500372,12.406954446781297,13.873469083780494,0.011666666666666667,0.07375,0.8891502883619381,0.04601137067819789,0.8763290587574333,0.7144957674337002,0.06927665363668908,0.027738629321802107,0.004473346363310912,,,,,4
barabasi_albert,30,0.25,0.75,56,3.7333333333333334,3.172100600898752,0.8496698038121657,2.0,16.0,112.0,832.0,0.7604577602012627,17.137946746228362,14.823296159872498,0.009333333333333334,0.06125,0.823687767580373,0.03814024470400596,0.8131342680582495,0.6618919560913712,0.062376499398810625,0.023109755295994037,-0.0011264993988106264,,,,,5
barabasi_albert,30,0.25,0.75,56,3.7333333333333334,2.393509742802165,0.6411186811077227,2.0,11.0,112.0,702.0,0.6527362528554437,12.43837130383659,14.130773109790782,0.007333333333333333,0.07875,0.8967176613084881,0.04697341025445297,0.9019218263071532,0.7205766921228921,0.07163806909353315,0.03177658974554703,0.0071119309064668484,,,,,6
barabasi_albert,30,0.25,0.75,56,3.7333333333333334,2.7920522121829228,0.7478711282632828,1.0,11.0,112.0,764.0,0.7522662589952175,13.117161793380985,14.053749865961928,0.011,0.07875,0.8595627769623735,0.04235355164659785,0.8504491091262769,0.46048005908698575,0.06994775259842215,0.03639644835340215,0.008802247401577853,,,,,7
barabasi_albert,30,0.25,0.75,56,3.7333333333333334,2.14372469210847,0.5742119711004829,1.0,9.0,112.0,668.0,0.7649879009048065,10.659091101642998,13.899365744571908,0.006,0.08075,0.9192551006764991,0.04990239629987236,0.9265598956729462,0.7386871344721867,0.07391252273940445,0.030847603700127645,0.006837477260595554,,,,,8
barabasi_albert,30,0.25,0.75,56,3.7333333333333334,2.694851057521031,0.7218351046931333,2.0,13.0,112.0,748.0,0.7587529763095299,14.218063407038219,14.277579690517227,0.008666666666666666,0.06925,0.8687073191916322,0.043466424542596534,0.8785190581092877,0.6980683814932759,0.07027755175887723,0.025783575457403472,-0.0010275517588772265,,,,,9
barabasi_albert,30,0.25,0.75,56,3.7333333333333334,2.632278269653284,0.7050745365142725,2.0,11.0,112.0,738.0,0.7061500427012471,12.526044421126842,14.082306144414838,0.009666666666666667,0.08925,0.874573066576194,0.04418858654990582,0.8787116712662421,0.4685212856658182,0.07297481236237031,0.04506141345009418,0.01627518763762968,,,,,10
barabasi_albert,30,0.25,0.75,56,3.7333333333333334,2.851120637379079,0.7636930278693962,2.0,15.0,112.0,774.0,0.7526908717998287,16.20949044408935,14.551908193501731,0.010333333333333333,0.07125,0.8539919938625862,0.04168334090235298,0.871414955523086,0.686243566496721,0.06894043138331428,0.02956665909764701,0.0023095686166857143,,,,,11
barabasi_albert,30,0.25,0.75,56,3.7333333333333334,2.407396011369038,0.6448382173309923,2.0,12.0,112.0,704.0,0.8686952550792884,13.370105785484508,13.542292678920445,0.011333333333333334,0.092,0.8954430086935639,0.04681060860784634,0.9014192912739071,0.7195524177001852,0.0709863853883285,0.04518939139215366,0.021013614611671505,,,,,12
barabasi_albert,30,0.25,0.75,56,3.7333333333333334,3.172100600898752,0.8496698038121657,2.0,19.0,112.0,832.0,0.8153965682505255,20.076848299764528,15.41265505879537,0.011333333333333334,0.05625,0.823687767580373,0.03814024470400596,0.8037574653469551,0.6618919560913712,0.05472979713046037,0.01810975529599404,0.001520202869539633,,,,,13
barabasi_albert,30,0.25,0.75,56,3.7333333333333334,2.4485823562942604,0.6558702740073912,2.0,12.0,112.0,710.0,0.7345645525886907,13.274948616348908,13.630892848847012,0.009333333333333334,0.083,0.8916514192895824,0.0463281461129362,0.8791523770727552,0.7165056047862716,0.0678827288162952,0.0366718538870638,0.015117271183704803,,,,,14
barabasi_albert,30,0.25,0.75,56,3.7333333333333334,2.803965445975078,0.7510621730290388,2.0,13.0,112.0,766.0,0.7822899855503352,14.36890847794786,14.824178594904257,0.008,0.06125,0.8584398989167614,0.042217988410779866,0.8650314909977291,0.6898177759152546,0.07036575989021626,0.019032011589220132,-0.009115759890216263,,,,,15
barabasi_albert,30,0.25,0.75,56,3.7333333333333334,2.24993827075816,0.6026620368102215,2.0,11.0,112.0,682.0,0.7192749074898046,12.410412998698032,14.1327316022779,0.005666666666666667,0.06775,0.9097710066041224,0.048658205373974084,0.9202293117023618,0.7310659874497412,0.07278725226445096,0.01909179462602592,-0.005037252264450953,,,,,16
barabasi_albert,30,0.25,0.75,56,3.7333333333333334,2.1898756940875783,0.5865738466306013,2.0,12.0,112.0,674.0,0.8023899912464487,13.312263401879772,13.871032435796593,0.011333333333333334,0.067,0.9151543139807767,0.049362354301461756,0.9150113211192175,0.7353918594488384,0.0680885175212984,0.01763764569853825,-0.0010885175212983905,,,,,17
barabasi_albert,30,0.25,0.75,56,3.7333333333333334,2.393509742802165,0.6411186811077227,2.0,10.0,112.0,702.0,0.7491469408838471,11.61000779319534,14.13057643033741,0.007,0.07925,0.8967176613084881,0.04697341025445297,0.8968777894622929,0.7205766921228921,0.07182421590060951,0.03227658974554703,0.007425784099390487,,,,,18
barabasi_albert,30,0.25,0.75,56,3.7333333333333334,2.954469307488045,0.7913757073628691,2.0,17.0,112.0,792.0,0.7425710852085489,18.115148297820262,14.606582355774696,0.012,0.06125,0.8442317648177382,0.04052324483410463,0.8492443909213436,0.6784005252999682,0.06302160257433685,0.020726755165895366,-0.001771602574336853,,,,,19
barabasi_albert,30,0.25,1.25,56,3.7333333333333334,2.351358945139786,0.6298282888767284,2.0,10.0,112.0,696.0,0.7545103610305902,11.981542531623566,14.087624061828695,0.008,0.2975,2.501595914621521,0.40544202825294373,2.4698792521325696,2.0102110028208653,0.33920049853500867,-0.10794202825294374,-0.04170049853500868,,,,,0
barabasi_albert,30,0.25,1.25,56,3.7333333333333334,2.308438625757437,0.6183317747564564,2.0,11.0,112.0,690.0,0.6777200373546513,12.374919327815006,13.738232682031397,0.011,0.3435,2.512448876271439,0.40811711595589034,2.5159259260555653,2.018932132718121,0.35199327051181295,-0.06461711595589031,-0.008493270511812923,,,,,1
barabasi_albert,30,0.25,1.25,56,3.7333333333333334,2.943165340619215,0.7883478590944326,2.0,14.0,112.0,790.0,0.8554864719748253,15.234484102605698,14.237629102068004,0.011333333333333334,0.2655,2.348054825324262,0.36701483492225606,2.2961145947015758,1.257886513566569,0.28992673917882317,-0.10151483492225605,-0.024426739178823154,,,,,2
barabasi_albert,30,0.25,1.25,56,3.7333333333333334,2.931817790306136,0.7853083366891436,2.0,16.0,112.0,788.0,0.812226248444182,17.12389102918557,15.021366267829928,0.007666666666666666,0.22825,2.3510327020127657,0.36776916387196923,2.346729472513546,1.889222706974544,0.2970128005059988,-0.13951916387196922,-0.06876280050599881,,,,,3
barabasi_albert,30,0.25,1.25,56,3.7333333333333334,2.6699979192667707,0.7151780140893136,2.0,14.0,112.0,744.0,0.4957320896420051,15.171195900326317,14.221725835347204,0.007666666666666666,0.29925,2.419553954370992,0.38503491054138156,2.437808624830309,1.2961896184130315,0.3267206166464063,-0.08578491054138154,-0.027470616646406265,,,,,4
barabasi_albert,30,0.25,1.25,56,3.7333333333333334,2.931817790306136,0.7853083366891436,1.0,13.0,112.0,788.0,0.7262801083699865,14.410564424550294,14.636784635146967,0.009333333333333334,0.25975,2.3510327020127657,0.36776916387196923,2.4180476297018347,1.889222706974544,0.3064806285644707,-0.10801916387196925,-0.046730628564470744,,,,,5
barabasi_albert,30,0.25,1.25,56,3.7333333333333334,2.542090128658349,0.680916998747772,2.0,11.0,112.0,724.0,0.7160328217251745,12.532218441671535,13.74083457231326,0.019666666666666666,0.32225,2.4527455457289715,0.3933287565383208,2.4198415262427413,1.3139708280690918,0.32392550441344986,-0.0710787565383208,-0.0016755044134498798,,,,,6
barabasi_albert,30,0.25,1.25,56,3.7333333333333334,2.2050447211388295,0.5906369788764722,2.0,13.0,112.0,676.0,0.709506747469301,14.267486975649927,13.436362490784362,0.012666666666666666,0.3575,2.538332035028632,0.4144720350827401,2.549833852062356,2.0397310995765796,0.36739920138014076,-0.056972035082740125,-0.009899201380140776,,,,,7
barabasi_albert,30,0.25,1.25,56,3.7333333333333334,2.8276413413931323,0.7574039307303033,2.0,14.0,112.0,770.0,0.6234860162760816,15.330363212646574,14.293235463479261,0.011,0.267,2.3783535600422527,0.37467504758695924,2.3765485595725773,1.911176967891096,0.30844567869330497,-0.10767504758695923,-0.041445678693304955,,,,,8
barabasi_albert,30,0.25,1.25,56,3.7333333333333334,2.7438820836342233,0.7349684152591669,2.0,14.0,112.0,756.0,0.6736674576602831,15.230205226188282,14.916433342172866,0.005666666666666667,0.242,2.4002743327436518,0.380195568900377,2.393791448943161,1.9287918745261488,0.3123290815082547,-0.13819556890037699,-0.07032908150825473,,,,,9
barabasi_albert,30,0.25,1.25,56,3.7333333333333334,2.7438820836342233,0.7349684152591669,2.0,13.0,112.0,756.0,0.8182711764821657,14.391405270065519,14.109284355305965,0.017666666666666667,0.29275,2.4002743327436518,0.380195568900377,2.415651090187791,1.9287918745261488,0.3141092332283764,-0.08744556890037697,-0.021359233228376406,,,,,10
barabasi_albert,30,0.25,1.25,56,3.7333333333333334,2.3228335186912457,0.6221875496494408,2.0,11.0,112.0,692.0,0.658966000607824,12.3719694473503,13.335967332604424,0.013333333333333334,0.36675,2.508815542662195,0.4072222298206123,2.4944794538469823,2.0160124896392637,0.3465373109733372,-0.04047222982061227,0.020212689026662845,,,,,11
barabasi_albert,30,0.25,1.25,56,3.7333333333333334,2.2647050335284034,0.6066174196951081,2.0,12.0,112.0,684.0,0.8282926280029534,13.27946076522798,13.762823533081256,0.008333333333333333,0.33225,2.5234443287007506,0.4108210935285135,2.5012515370599453,2.027767764134532,0.353993314400037,-0.07857109352851349,-0.021743314400037017,,,,,12
barabasi_albert,30,0.25,1.25,56,3.7333333333333334,2.568181371234429,0.6879057244377935,2.0,12.0,112.0,728.0,0.7464337791915828,13.44632976792824,13.863868670561155,0.014333333333333333,0.31175,2.4459979523511426,0.39164666982921664,2.4898402817202943,1.965534068853597,0.33379530963467474,-0.07989666982921662,-0.022045309634674715,,,,,13
barabasi_albert,30,0.25,1.25,56,3.7333333333333334,2.489087293679262,0.6667198108069451,2.0,12.0,112.0,716.0,0.7995007088495837,13.20052489701461,13.53547154763444,0.014,0.3395,2.4664099720478863,0.3967286601218297,2.448682650373792,1.3212910564542248,0.3344072717068932,-0.0572286601218297,0.005092728293106807,,,,,14
barabasi_albert,30,0.25,1.25,56,3.7333333333333334,2.694851057521031,0.7218351046931333,2.0,13.0,112.0,748.0,0.7878287959658682,14.146526605557685,13.758243350606497,0.012333333333333333,0.3085,2.4130758866434228,0.3834105900750029,2.385874919617643,1.2927192249875479,0.3134181201376252,-0.07491059007500289,-0.004918120137625215,,,,,15
barabasi_albert,30,0.25,1.25,56,3.7333333333333334,2.606828639468953,0.6982576712863267,2.0,12.0,112.0,734.0,0.9102784978945266,13.352865612941887,14.07499924991064,0.008333333333333333,0.29275,2.435980171202109,0.3891455662718586,2.4155353376223774,1.3049893774297014,0.3197079541942208,-0.09639556627185858,-0.026957954194220812,,,,,16
barabasi_albert,30,0.25,1.25,56,3.7333333333333334,2.5940101944458287,0.6948241592265613,1.0,10.0,112.0,732.0,0.6770495196215283,12.237078697043234,13.847070183086876,0.013333333333333334,0.30625,2.439305742950144,0.389976348470159,2.457709433600081,1.9601564005849375,0.3286308834847681,-0.08372634847015897,-0.022380883484768077,,,,,17
barabasi_albert,30,0.25,1.25,56,3.7333333333333334,2.4890872936792623,0.6667198108069452,2.0,10.0,112.0,716.0,0.7736561275091004,11.984627683079408,13.785780171082587,0.012333333333333333,0.3205,2.4664099720478863,0.3967286601218297,2.4960839670240875,1.9819365846813373,0.33867331121717226,-0.07622866012182972,-0.01817331121717225,,,,,18
barabasi_albert,30,0.25,1.25,56,3.7333333333333334,2.4349309823666228,0.6522136559910596,2.0,13.0,112.0,708.0,0.7110837759072465,14.190646087481895,13.928256818995497,0.012,0.3185,2.4803053494460916,0.40017693868008647,2.4932051518215594,1.9931025129477522,0.34503628112416246,-0.08167693868008646,-0.026536281124162453,,,,,19
barabasi_albert,30,0.25,1.75,56,3.7333333333333334,2.9204261485079344,0.7822570040646253,2.0,15.0,112.0,786.0,0.8418048681134979,16.20304905539168,14.663402059835494,0.009333333333333334,0.54875,4.613882997352645,0.765795686987548,4.597404843790671,2.4717230342960597,0.5975187662414785,-0.217045686987548,-0.04876876624147852,,,,,0
barabasi_albert,30,0.25,1.75,56,3.7333333333333334,2.632278269653284,0.7050745365142725,2.0,11.0,112.0,738.0,0.5525614864718973,12.552140007304162,14.394851083061777,0.011666666666666667,0.56875,4.761564473581501,0.7799547851521201,4.845635846318174,2.5508381108472324,0.6142718850560882,-0.21120478515212016,-0.04552188505608823,,,,,1
barabasi_albert,30,0.25,1.75,56,3.7333333333333334,2.3654926665613556,0.6336141071146488,2.0,12.0,112.0,698.0,0.8278195187142304,13.258798296254298,14.169069096917447,0.008666666666666666,0.62875,4.89609841486029,0.7919553751937899,4.93697209359149,3.9343647976555904,0.654686015099532,-0.16320537519378986,-0.025936015099531917,,,,,2
barabasi_albert,30,0.25,1.75,56,3.7333333333333334,2.365492666561356,0.6336141071146489,2.0,11.0,112.0,698.0,0.7443714376632078,12.323281977246662,13.761533039682572,0.007,0.647,4.89609841486029,0.7919553751937899,4.8635306173685855,3.9343647976555904,0.6428773977339745,-0.14495537519378987,0.004122602266025566,,,,,3
barabasi_albert,30,0.25,1.75,56,3.7333333333333334,2.6574841903992996,0.7118261224283838,2.0,14.0,112.0,742.0,0.7916720026341987,15.1659240686831,14.421029581014686,0.006666666666666667,0.58975,4.748712724169323,0.7787646547837985,4.7508326852068965,3.8159298676360627,0.6276505842511904,-0.18901465478379853,-0.03790058425119036,,,,,4
barabasi_albert,30,0.25,1.75,56,3.7333333333333334,3.0760725320158206,0.8239479996470948,2.0,14.0,112.0,814.0,0.7967566172407303,15.287787799851266,14.978968160011663,0.008333333333333333,0.503,4.533834341443656,0.7576618677050474,4.427471397406664,2.4288398257733874,0.5761916667024909,-0.2546618677050474,-0.07319166670249089,,,,,5
barabasi_albert,30,0.25,1.75,56,3.7333333333333334,2.632278269653284,0.7050745365142725,2.0,15.0,112.0,738.0,0.564189773911922,16.1333525919444,13.863106738202974,0.014,0.66325,4.761564473581501,0.7799547851521201,4.7538056743276735,3.8262571662708487,0.6445886799936188,-0.11670478515212013,0.01866132000638121,,,,,6
barabasi_albert,30,0.25,1.75,56,3.7333333333333334,3.2242139438249997,0.8636287349531249,1.0,17.0,112.0,842.0,0.6810977252834536,18.10153071535506,15.020992201493339,0.013333333333333334,0.512,4.457812569018739,0.7496226503555395,4.5783128150250265,2.3881138762600385,0.5730185008363172,-0.23762265035553953,-0.06101850083631721,,,,,7
barabasi_albert,30,0.25,1.75,56,3.7333333333333334,2.7438820836342233,0.7349684152591669,2.0,13.0,112.0,756.0,0.8699122819699127,14.233208473663355,14.936057823259175,0.004,0.54,4.704537692177558,0.7746136881405619,4.824461398527263,3.7804320740712516,0.6200440830803879,-0.23461368814056183,-0.0800440830803879,,,,,8
barabasi_albert,30,0.25,1.75,56,3.7333333333333334,2.851120637379079,0.7636930278693962,2.0,15.0,112.0,774.0,0.7353525538636129,16.14579983781759,14.192500869722679,0.009666666666666667,0.60375,4.649511966585192,0.7693101936471102,4.645360616615026,3.7362149731488143,0.6133221589082012,-0.16556019364711017,-0.009572158908201178,,,,,9
barabasi_albert,30,0.25,1.75,56,3.7333333333333334,2.174600857373345,0.5824823725107174,2.0,9.0,112.0,672.0,0.7947448658103997,11.222892037014091,14.04285044786583,0.007666666666666666,0.63625,4.989915756729693,0.7998500026164347,5.030904350445688,4.00975373308636,0.6684839610020618,-0.1636000026164347,-0.03223396100206177,,,,,10
barabasi_albert,30,0.25,1.75,56,3.7333333333333334,2.462158041682585,0.6595066183078353,2.0,11.0,112.0,712.0,0.7620225686523393,12.58295803250861,14.10276281180636,0.010333333333333333,0.6165,4.847723637895753,0.7877348532500218,4.85670491159989,3.8954922090233732,0.6463331971127189,-0.17123485325002175,-0.029833197112718812,,,,,11
barabasi_albert,30,0.25,1.75,56,3.7333333333333334,2.0965580258021848,0.5615780426255852,2.0,11.0,112.0,662.0,0.6703746523321398,12.537635076898436,13.853013146862454,0.008,0.674,5.027462680153447,0.8029055131732528,5.050916691317556,4.039925367980448,0.6859794559535556,-0.12890551317325272,-0.01197945595355554,,,,,12
barabasi_albert,30,0.25,1.75,56,3.7333333333333334,2.8394052585395793,0.7605549799659587,2.0,13.0,112.0,772.0,0.7205013936762139,14.395556188038439,14.56974000243982,0.010666666666666666,0.55675,4.655530754822284,0.7698975967533795,4.684108231553894,2.4940343329405095,0.6009302776169184,-0.21314759675337958,-0.04418027761691845,,,,,13
barabasi_albert,30,0.25,1.75,56,3.7333333333333334,3.1084115271666044,0.8326102304910548,2.0,17.0,112.0,820.0,0.8893014178286385,18.10671074604666,14.90354425962712,0.009333333333333334,0.51825,4.517216688677457,0.755931167208472,4.480816795270926,2.4199375117914945,0.5746590648803054,-0.237681167208472,-0.05640906488030539,,,,,14
barabasi_albert,30,0.25,1.75,56,3.7333333333333334,2.5024432505497938,0.6702972992544091,2.0,14.0,112.0,718.0,0.8023365060561425,15.197217191552646,13.529496215681672,0.014333333333333333,0.7065,4.827426031772161,0.7859327056658697,4.824408890502303,3.8791816326740576,0.6554476938893241,-0.07943270566586969,0.051052306110675905,,,,,15
barabasi_albert,30,0.25,1.75,56,3.7333333333333334,2.6699979192667707,0.7151780140893136,2.0,12.0,112.0,744.0,0.8828635866473562,13.420524363675792,14.139130903860117,0.014,0.599,4.7423257505671454,0.778170277079555,4.721895641864925,3.810797478134313,0.6217345398716946,-0.17917027707955502,-0.022734539871694603,,,,,16
barabasi_albert,30,0.25,1.75,56,3.7333333333333334,2.2939534045447,0.6144518047887589,2.0,10.0,112.0,688.0,0.7425378483490808,11.636273097821201,13.885662574976333,0.010333333333333333,0.65475,4.9315521611705835,0.7949831676420405,4.950265640353597,3.962854415226362,0.6596925039668963,-0.1402331676420404,-0.004942503966896217,,,,,17
barabasi_albert,30,0.25,1.75,56,3.7333333333333334,2.644911256650316,0.708458372317049,2.0,13.0,112.0,740.0,0.7019778404857332,14.317237677137753,14.212132152929195,0.009666666666666667,0.611,4.7551255734438,0.7793594910933239,4.7206296847971645,3.8210830500887676,0.6297023740172353,-0.16835949109332393,-0.01870237401723529,,,,,18
barabasi_albert,30,0.25,1.75,56,3.7333333333333334,2.619584360585133,0.7016743822995892,2.0,11.0,112.0,736.0,0.8569357215411251,12.733411417729766,14.124627145631244,0.010333333333333333,0.60175,4.768029601438443,0.7805505360932019,4.8410400547104695,3.831452358298749,0.6235482943987258,-0.1788005360932019,-0.021798294398725826,,,,,19
barabasi_albert,30,0.25,2.5,56,3.7333333333333334,3.1615748537011674,0.8468504072413842,1.0,17.0,112.0,830.0,0.911118260041007,18.133876905171547,15.97145610732617,0.007666666666666666,0.86475,9.163106281911231,0.9498705159372859,9.42000051160053,4.90880693673816,0.8548696369837482,-0.08512051593728587,0.009880363016251836,,,,,0
barabasi_albert,30,0.25,2.5,56,3.7333333333333334,2.719477073916152,0.7284313590846835,2.0,12.0,112.0,752.0,0.7268734740728267,13.321776736935005,14.498836077116843,0.008333333333333333,0.9585,9.626598298415404,0.955556599826079,9.754666436492538,5.157106231293967,0.8871494287105104,0.002943400173921029,0.07135057128948963,,,,,1
barabasi_albert,30,0.25,2.5,56,3.7333333333333334,2.4212026396446493,0.6485364213333882,2.0,12.0,112.0,706.0,0.6665902168220319,13.352271320251777,13.603984082797727,0.013666666666666667,0.979,9.935264181030522,0.9588652512061355,10.187859402061633,7.983694431185242,0.902693783832126,0.020134748793864454,0.07630621616787403,,,,,2
barabasi_albert,30,0.25,2.5,56,3.7333333333333334,2.7800879282657385,0.7446664093568942,2.0,14.0,112.0,762.0,0.6346192782754008,15.237374515058983,14.390359242987362,0.012333333333333333,0.96,9.563223032133118,0.9548327201791409,9.619364274486934,7.684732793678399,0.8919646132342016,0.005167279820859072,0.06803538676579834,,,,,3
barabasi_albert,30,0.25,2.5,56,3.7333333333333334,2.7920522121829228,0.7478711282632828,2.0,12.0,112.0,764.0,0.9264364403155506,13.401271148437308,14.480575190480787,0.008666666666666666,0.95725,9.550697521804148,0.9546877551385874,9.550484336591609,7.674667651449763,0.885686807786737,0.0025622448614126547,0.07156319221326302,,,,,4
barabasi_albert,30,0.25,2.5,56,3.7333333333333334,2.2201101073795613,0.5946723501909539,2.0,12.0,112.0,678.0,0.5221167525183881,13.295599066558268,13.837928459800715,0.008333333333333333,0.9795,10.13834166974661,0.9608610697890824,10.219584184466232,8.146881698903528,0.9130682689399972,0.01863893021091767,0.06643173106000289,,,,,5
barabasi_albert,30,0.25,2.5,56,3.7333333333333334,3.0652170486860397,0.8210402808980464,2.0,15.0,112.0,812.0,0.5753325947544228,16.208682820225388,14.865770571964582,0.010666666666666666,0.9525,9.264111117062015,0.9511905010877553,9.520114901948686,7.444375004781977,0.882922722952064,0.0013094989122447442,0.06957727704793604,,,,,6
barabasi_albert,30,0.25,2.5,56,3.7333333333333334,2.2201101073795613,0.5946723501909539,2.0,10.0,112.0,678.0,0.7467149227688122,11.44908506261926,13.56405969548661,0.011,0.98,10.13834166974661,0.9608610697890824,10.13200520620302,8.146881698903528,0.9098461579133773,0.019138930210917615,0.07015384208662268,,,,,7
barabasi_albert,30,0.25,2.5,56,3.7333333333333334,3.076072532015821,0.823947999647095,1.0,17.0,112.0,814.0,0.7705407982195804,18.079379115942572,15.034120932771613,0.01,0.9145,9.25272314580338,0.9510440569149449,9.211622880044118,4.956815970966097,0.8623297599576408,-0.03654405691494489,0.05217024004235915,,,,,8
barabasi_albert,30,0.25,2.5,56,3.7333333333333334,2.475659283683618,0.6631230224152549,2.0,12.0,112.0,714.0,0.5919121685312985,13.253333319126941,14.197443545631813,0.008666666666666666,0.96475,9.879447648465979,0.958292424834429,9.852102748724688,7.938841860374446,0.8979785505962857,0.0064575751655709945,0.06677144940371427,,,,,9
barabasi_albert,30,0.25,2.5,56,3.7333333333333334,2.780087928265739,0.7446664093568943,2.0,15.0,112.0,762.0,0.7117519079027073,16.145299418268433,14.428217035696141,0.009666666666666667,0.963,9.563223032133118,0.9548327201791409,9.307492201943486,7.684732793678399,0.8913571416459138,0.008167279820859075,0.07164285835408613,,,,,10
barabasi_albert,30,0.25,2.5,56,3.7333333333333334,2.9544693074880444,0.791375707362869,2.0,14.0,112.0,792.0,0.856707025568139,15.316326715679851,14.526356425848528,0.011333333333333334,0.9505,9.380352942419313,0.9526518184919386,9.462431030665483,5.02518907629606,0.876279565028268,-0.002151818491938573,0.07422043497173203,,,,,11
barabasi_albert,30,0.25,2.5,56,3.7333333333333334,2.14372469210847,0.5742119711004829,2.0,8.0,112.0,668.0,0.7855811102115897,10.484561722106799,14.03616728604609,0.009,0.969,10.21394556307221,0.9615703232009726,9.971592345805567,8.207634827468741,0.9054938912641571,0.007429676799027396,0.06350610873584284,,,,,12
barabasi_albert,30,0.25,2.5,56,3.7333333333333334,2.6574841903992996,0.7118261224283838,2.0,12.0,112.0,742.0,0.8040537813830342,13.319365392889246,14.41183284347594,0.009333333333333334,0.959,9.691250457488414,0.9562788776342479,9.682597555294228,7.787611974767475,0.8888837848282592,0.00272112236575206,0.07011621517174071,,,,,13
barabasi_albert,30,0.25,2.5,56,3.7333333333333334,2.5940101944458287,0.6948241592265613,2.0,12.0,112.0,732.0,0.7576973951479516,13.386567795077202,14.66131062291801,0.012333333333333333,0.9565,9.757222971800577,0.9569995176663942,9.798168461057243,7.84062560233975,0.8962878620226594,-0.0004995176663942225,0.060212137977340596,,,,,14
barabasi_albert,30,0.25,2.5,56,3.7333333333333334,2.9769484749021475,0.7973969129202181,2.0,12.0,112.0,796.0,0.792856654563668,13.69392722913566,13.75289375778164,0.012,0.97,9.356754532852262,0.9523600156039655,9.335868920055717,5.012547071170855,0.8756662116052482,0.017639984396034425,0.09433378839475182,,,,,15
barabasi_albert,30,0.25,2.5,56,3.7333333333333334,2.920426148507934,0.7822570040646252,1.0,12.0,112.0,786.0,0.6307352366115677,13.79786764029408,14.96165917917769,0.009666666666666667,0.921,9.416087749699274,0.953089082578988,9.379936698517392,5.0443327230531825,0.8632713191070611,-0.032089082578987904,0.05772868089293892,,,,,16
barabasi_albert,30,0.25,2.5,56,3.7333333333333334,2.743882083634223,0.7349684152591668,2.0,14.0,112.0,756.0,0.8833598667329663,15.206422543012696,14.820264784111705,0.006,0.956,9.601097330974607,0.955267238200896,9.57709458764717,7.715167498104595,0.8919188184262707,0.0007327617991039759,0.06408118157372922,,,,,17
barabasi_albert,30,0.25,2.5,56,3.7333333333333334,2.3795424396766323,0.637377439199098,2.0,12.0,112.0,700.0,0.6849966739431456,13.292884774200079,13.980123960006972,0.011666666666666667,0.97625,9.977753031397176,0.959294127121085,9.974857701276457,8.017837257372731,0.9019688328285212,0.01695587287891498,0.0742811671714787,,,,,18
barabasi_albert,30,0.25,2.5,56,3.7333333333333334,2.5551690528982394,0.6844202820263141,2.0,12.0,112.0,726.0,0.7005571538062658,13.539638529500769,14.056911899460744,0.009333333333333334,0.97075,9.797459113520922,0.9574311003141698,9.748690511237104,7.87295821622217,0.898941007179066,0.013318899685830221,0.071808992820934,,,,,19
barabasi_albert,30,0.35,0.75,56,3.7333333333333334,2.851120637379079,0.7636930278693962,2.0,14.0,112.0,774.0,0.7218691043050317,15.281553569742446,28.570854686106717,0.010333333333333333,0.02875,0.43571020095029916,0.007703528144980656,0.4389683017832981,0.2334161790805174,0.017391099345538754,0.021046471855019344,0.011358900654461247,,,,,0
barabasi_albert,30,0.35,0.75,56,3.7333333333333334,2.7920522121829228,0.7478711282632828,2.0,13.0,112.0,764.0,0.7089299235625335,14.698481360324012,28.674283190392114,0.008333333333333333,0.031,0.43855243722570075,0.007831855314722611,0.4437700365346584,0.3524082084849381,0.01729834272362547,0.02316814468527739,0.01370165727637453,,,,,1
barabasi_albert,30,0.35,0.75,56,3.7333333333333334,2.943165340619215,0.7883478590944326,2.0,12.0,112.0,790.0,0.7501281604275145,13.709910405182029,28.798832438420735,0.009,0.03325,0.4312753760799666,0.007505825325868338,0.4243056579486742,0.23104038004283925,0.016574576219561116,0.025744174674131662,0.016675423780438885,,,,,2
barabasi_albert,30,0.35,0.75,56,3.7333333333333334,2.6824532718307608,0.7185142692403823,2.0,13.0,112.0,746.0,0.7850068518715646,14.203002849223866,28.529323463468657,0.007333333333333333,0.03125,0.4438117483529981,0.00807266820364412,0.4497160296480514,0.356634440640802,0.017127037113953834,0.02317733179635588,0.014122962886046166,,,,,3
barabasi_albert,30,0.35,0.75,56,3.7333333333333334,3.108411527166605,0.8326102304910549,2.0,16.0,112.0,820.0,0.7959243648965549,17.125384383519492,29.155067969326986,0.008333333333333333,0.02675,0.42331268427839563,0.007158548508204778,0.4193063320879037,0.22677465229199764,0.017139206351756833,0.019591451491795222,0.009610793648243167,,,,,4
barabasi_albert,30,0.35,0.75,56,3.7333333333333334,2.393509742802165,0.6411186811077227,2.0,11.0,112.0,702.0,0.6880224433049902,12.377567988995077,26.65830113008527,0.010666666666666666,0.03475,0.45750901087167767,0.008720431443849588,0.45587505011856455,0.3676411694504553,0.015740814391122484,0.026029568556150413,0.01900918560887752,,,,,5
barabasi_albert,30,0.35,0.75,56,3.7333333333333334,3.5112517552703184,0.9405138630188353,2.0,18.0,112.0,900.0,0.8334946012212477,19.09896751651251,30.205797953068135,0.009,0.028,0.4040610178208843,0.00635930815773992,0.3880068077378224,0.21646125954690232,0.016307417087395866,0.02164069184226008,0.011692582912604135,,,,,6
barabasi_albert,30,0.35,0.75,56,3.7333333333333334,2.7317068331397163,0.7317071874481382,1.0,14.0,112.0,754.0,0.8177105204083429,15.210569821286386,27.78982936705072,0.010666666666666666,0.0325,0.44145103082108983,0.007964036071028885,0.4311833528274385,0.3547374354812329,0.015652186768885603,0.024535963928971116,0.016847813231114398,,,,,7
barabasi_albert,30,0.35,0.75,56,3.7333333333333334,2.4890872936792623,0.6667198108069452,2.0,12.0,112.0,716.0,0.7899171877763186,13.354783817887126,26.451558384824867,0.013666666666666667,0.0485,0.45301407649859143,0.008504562982654493,0.45527914688108434,0.36402916861493956,0.016347506459707672,0.03999543701734551,0.03215249354029233,,,,,8
barabasi_albert,30,0.35,0.75,56,3.7333333333333334,2.5157283018817607,0.6738557951469002,2.0,11.0,112.0,720.0,0.8794879604624157,12.424029790938794,27.548281195232846,0.011,0.03875,0.45175395145262565,0.00844462516610682,0.4423659396490008,0.24201104542104945,0.015377771288803008,0.03030537483389318,0.023372228711196992,,,,,9
barabasi_albert,30,0.35,0.75,56,3.7333333333333334,2.897508508280097,0.7761183504321688,2.0,13.0,112.0,782.0,0.7348085089020177,14.393874546606117,29.765868668461945,0.006,0.0255,0.433475774935006,0.007603533546029207,0.43456914017089115,0.34832874771562977,0.017449268142223404,0.01789646645397079,0.008050731857776595,,,,,10
barabasi_albert,30,0.35,0.75,56,3.7333333333333334,2.5157283018817607,0.6738557951469002,2.0,11.0,112.0,720.0,0.8094214919100218,12.841975541743407,27.48058068499392,0.009333333333333334,0.0375,0.45175395145262565,0.00844462516610682,0.4524396494146519,0.3630165681315742,0.016513103101446092,0.02905537483389318,0.020986896898553906,,,,,11
barabasi_albert,30,0.35,0.75,56,3.7333333333333334,2.542090128658349,0.680916998747772,2.0,13.0,112.0,724.0,0.7394968664829223,14.25678225452813,27.6084893918283,0.009333333333333334,0.035,0.45050428390940295,0.008385434800398259,0.4496193647802951,0.3620123709986274,0.016129817612298498,0.026614565199601745,0.018870182387701506,,,,,12
barabasi_albert,30,0.35,0.75,56,3.7333333333333334,3.0652170486860397,0.8210402808980464,2.0,14.0,112.0,812.0,0.6650349796940808,15.45249277044024,29.619971760219872,0.011,0.027,0.425392857416113,0.007248320507131357,0.43390071456443524,0.3418335461379479,0.018586824826185334,0.019751679492868643,0.008413175173814666,,,,,13
barabasi_albert,30,0.35,0.75,56,3.7333333333333334,3.0868898407440604,0.8268454930564447,2.0,16.0,112.0,816.0,0.7646659391934443,17.1548975388911,29.420174189539917,0.010333333333333333,0.02875,0.4243489469900034,0.0072031856606764675,0.4215546849506718,0.3409946895455384,0.017398298954578565,0.021546814339323532,0.011351701045421436,,,,,14
barabasi_albert,30,0.35,0.75,56,3.7333333333333334,2.308438625757437,0.6183317747564564,2.0,9.0,112.0,690.0,0.7734421655844331,11.008167618942089,27.16112616164689,0.014,0.03525,0.461470201764142,0.008913351899093551,0.46189252940414927,0.24721617951650462,0.01603962485379875,0.026336648100906447,0.019210375146201247,,,,,15
barabasi_albert,30,0.35,0.75,56,3.7333333333333334,2.308438625757437,0.6183317747564564,2.0,12.0,112.0,690.0,0.5876122021470614,13.304178313190626,26.708931954003422,0.013666666666666667,0.04025,0.461470201764142,0.008913351899093551,0.4687527783857323,0.3708242692747569,0.016566380783767785,0.03133664810090645,0.023683619216232216,,,,,16
barabasi_albert,30,0.35,0.75,56,3.7333333333333334,2.644911256650316,0.708458372317049,2.0,11.0,112.0,740.0,0.6688858408989667,12.629801489718586,28.063702761688877,0.011666666666666667,0.03425,0.4456073527800313,0.008155885918089951,0.44577644485586293,0.23871822470358817,0.016596114908704267,0.02609411408191005,0.017653885091295736,,,,,17
barabasi_albert,30,0.35,0.75,56,3.7333333333333334,2.2201101073795613,0.5946723501909539,2.0,12.0,112.0,678.0,0.5743911605141919,13.215250701026797,27.05419657880685,0.012,0.035,0.46553609708020166,0.009113998295139486,0.45947789295971597,0.3740915065823049,0.015019875149732445,0.025886001704860516,0.01998012485026756,,,,,18
barabasi_albert,30,0.35,0.75,56,3.7333333333333334,2.3795424396766323,0.637377439199098,2.0,11.0,112.0,700.0,0.775920420376452,12.392067613998204,27.04056089486411,0.010333333333333333,0.035,0.4581621289927276,0.00875206655186689,0.4544395616946616,0.36816599651201326,0.015676581568434704,0.026247933448133115,0.0193234184315653,,,,,19
barabasi_albert,30,0.35,1.25,56,3.7333333333333334,2.475659283683618,0.6631230224152549,2.0,11.0,112.0,714.0,0.7978962996068852,12.604408737673698,27.63766447551385,0.008,0.11525,1.2601336286308646,0.10538248984959496,1.2560550711274836,1.012607380149802,0.13180190295788968,0.009867510150405046,-0.016551902957889678,,,,,0
barabasi_albert,30,0.35,1.25,56,3.7333333333333334,2.031966753883756,0.5442768090760061,2.0,9.0,112.0,654.0,0.6892346203594126,10.824495127724305,27.028305770075473,0.010333333333333333,0.12875,1.316669675260312,0.11645755152743201,1.314788718581369,1.058038131905608,0.1394974207553963,0.012292448472567996,-0.010747420755396309,,,,,1
barabasi_albert,30,0.35,1.25,56,3.7333333333333334,2.475659283683618,0.6631230224152549,2.0,11.0,112.0,714.0,0.791378484068018,12.491572513712056,28.002305433093962,0.009,0.1225,1.2601336286308646,0.10538248984959496,1.265084153600486,0.6750715867665347,0.13557473252436592,0.017117510150405038,-0.013074732524365917,,,,,2
barabasi_albert,30,0.35,1.25,56,3.7333333333333334,2.7317068331397167,0.7317071874481385,2.0,15.0,112.0,754.0,0.6202309151378677,16.148400009650537,27.61129730286438,0.011,0.1105,1.226252863391916,0.09898146366453962,1.2148114862290182,0.9853817652256469,0.11767554428020624,0.011518536335460378,-0.007175544280206239,,,,,3
barabasi_albert,30,0.35,1.25,56,3.7333333333333334,2.6322782696532836,0.7050745365142724,2.0,11.0,112.0,738.0,0.6560110389990321,12.782179589542162,27.50760066706604,0.013333333333333334,0.11725,1.239474300703223,0.10145780502058568,1.2303995781445032,0.9960061344936614,0.12618963985777756,0.01579219497941431,-0.00893963985777757,,,,,4
barabasi_albert,30,0.35,1.25,56,3.7333333333333334,2.542090128658349,0.680916998747772,2.0,11.0,112.0,724.0,0.760544895064113,12.388482352783313,27.430488523314995,0.013333333333333334,0.13025,1.2514007886372303,0.10371534035420851,1.2553952152616752,1.0055899194406315,0.1311642696630616,0.026534659645791492,-0.000914269663061601,,,,,5
barabasi_albert,30,0.35,1.25,56,3.7333333333333334,3.0543229837214154,0.818122227782522,2.0,15.0,112.0,810.0,0.8245903499486004,16.11429564901196,28.503788080412296,0.009333333333333334,0.1165,1.1831047499998888,0.09109621425829259,1.200508009603682,0.6338061160713689,0.12293029074421909,0.025403785741707416,-0.00643029074421908,,,,,6
barabasi_albert,30,0.35,1.25,56,3.7333333333333334,3.1615748537011674,0.8468504072413842,2.0,15.0,112.0,830.0,0.7433349209064931,16.17483021208326,29.951653114363566,0.009,0.094,1.1687635563662289,0.08854319914837618,1.1607543953884518,0.9391850006514338,0.11215424804909928,0.005456800851623825,-0.018154248049099278,,,,,7
barabasi_albert,30,0.35,1.25,56,3.7333333333333334,2.4890872936792623,0.6667198108069452,2.0,10.0,112.0,716.0,0.6939181717588697,11.981680390835734,27.626061989784336,0.013,0.13275,1.2583724347183094,0.10504531160468793,1.2707314497021498,1.0111921350414987,0.1373492923196159,0.02770468839531208,-0.004599292319615894,,,,,8
barabasi_albert,30,0.35,1.25,56,3.7333333333333334,3.3159546974522374,0.8882021511032778,1.0,17.0,112.0,860.0,0.7932498976753709,18.11339003545663,29.717529569912966,0.008333333333333333,0.0925,1.1481971956438386,0.08494220400332096,1.1646256421261532,0.6151056405234849,0.11526273920207793,0.007557795996679037,-0.022762739202077928,,,,,9
barabasi_albert,30,0.35,1.25,56,3.7333333333333334,3.2754982657435328,0.8773656068955891,1.0,16.0,112.0,852.0,0.7367722212969735,17.141356043854778,30.02703809103757,0.01,0.09625,1.1535751978845459,0.0858769463514863,1.1535494484381648,0.926980069728653,0.11066273139599767,0.010373053648513708,-0.014412731395997663,,,,,10
barabasi_albert,30,0.35,1.25,56,3.7333333333333334,3.0868898407440604,0.8268454930564447,2.0,15.0,112.0,816.0,0.8362949824936141,16.187757468371707,27.706684747458294,0.015666666666666666,0.12575,1.1787470749722315,0.09031683983775783,1.161671029176317,0.6314716473065527,0.11470616528186428,0.03543316016224217,0.01104383471813572,,,,,11
barabasi_albert,30,0.35,1.25,56,3.7333333333333334,2.462158041682584,0.659506618307835,2.0,14.0,112.0,712.0,0.806171371315594,15.214807762137337,27.616265230933447,0.010666666666666666,0.12025,1.2619022381028098,0.10572157235549541,1.2847742161684232,1.0140285841897578,0.13069724171167174,0.014528427644504585,-0.010447241711671745,,,,,12
barabasi_albert,30,0.35,1.25,56,3.7333333333333334,3.0760725320158215,0.8239479996470951,2.0,17.0,112.0,814.0,0.7277327316496873,18.090431770187998,28.681011604419446,0.011,0.1035,1.1801942788014517,0.09057532393789972,1.1785873178414767,0.9483704026083094,0.11229718123591512,0.01292467606210028,-0.008797181235915122,,,,,13
barabasi_albert,30,0.35,1.25,56,3.7333333333333334,2.393509742802165,0.6411186811077227,2.0,13.0,112.0,702.0,0.6594033714689715,14.190535513703182,27.052087822256368,0.009,0.12475,1.270858363532438,0.10744609052541342,1.2756808171440566,1.0212254706957091,0.1299009163785937,0.017303909474586585,-0.0051509163785936896,,,,,14
barabasi_albert,30,0.35,1.25,56,3.7333333333333334,2.5289435651187535,0.6773955977996661,2.0,11.0,112.0,722.0,0.7287677266626991,12.493186078630917,28.032980750855945,0.009,0.1175,1.2531328320802007,0.10404505161098176,1.2616642051557465,1.006981740064447,0.13182672370007986,0.013454948389018229,-0.014326723700079869,,,,,15
barabasi_albert,30,0.35,1.25,56,3.7333333333333334,2.4890872936792623,0.6667198108069452,2.0,13.0,112.0,716.0,0.7136628012718476,14.197850778177195,27.101361287013276,0.008,0.13525,1.2583724347183094,0.10504531160468793,1.2459572423936334,1.0111921350414987,0.12827639852634234,0.030204688395312082,0.006973601473657665,,,,,16
barabasi_albert,30,0.35,1.25,56,3.7333333333333334,3.1510139461590594,0.8440215927211766,1.0,13.0,112.0,828.0,0.8503446171637642,14.588095847818378,30.030701841721026,0.007666666666666666,0.085,1.1701742551975964,0.08879280930725542,1.1646629434153042,0.9403185979266401,0.11511315889774638,-0.0037928093072554098,-0.030113158897746378,,,,,17
barabasi_albert,30,0.35,1.25,56,3.7333333333333334,2.9657301892713632,0.7943920149834008,2.0,16.0,112.0,794.0,0.7455203571245795,17.10239230591499,31.042110151114073,0.005333333333333333,0.08325,1.1949657457821325,0.09323347701894735,1.1896577506167165,0.6401602209547139,0.11582535263086366,-0.009983477018947348,-0.032575352630863655,,,,,18
barabasi_albert,30,0.35,1.25,56,3.7333333333333334,3.0652170486860397,0.8210402808980464,2.0,14.0,112.0,812.0,0.8313790767557653,15.252698813726822,28.051017671741327,0.01,0.1265,1.1816468261558695,0.0908351122814688,1.171175536200872,0.9495376281609665,0.11453796488702235,0.0356648877185312,0.011962035112977651,,,,,19
barabasi_albert,30,0.35,1.75,56,3.7333333333333334,2.20504472113883,0.5906369788764723,2.0,11.0,112.0,676.0,0.6952224560546494,12.28810137702721,26.452041669428546,0.013666666666666667,0.34175,2.5383320350286325,0.4144720350827401,2.5348758239987936,2.0397310995765796,0.36167490360471255,-0.07272203508274011,-0.01992490360471255,,,,,0
barabasi_albert,30,0.35,1.75,56,3.7333333333333334,2.5811280910141248,0.6913735958073548,2.0,11.0,112.0,730.0,0.8582713365035418,12.922278021079753,26.507229978153884,0.013333333333333334,0.335,2.4426449720876646,0.39081004520317314,2.4319584003347807,1.3085598064755346,0.32787345771188786,-0.05581004520317312,0.007126542288112159,,,,,1
barabasi_albert,30,0.35,1.75,56,3.7333333333333334,3.530187278632994,0.9455858782052663,1.0,16.0,112.0,904.0,0.8746977351538406,17.187119216712492,29.021043270853493,0.009,0.21825,2.195015359561727,0.3279135210862179,2.1760049586798083,1.1759010854794967,0.24899522996261164,-0.10966352108621791,-0.030745229962611642,,,,,2
barabasi_albert,30,0.35,1.75,56,3.7333333333333334,2.0805982045769644,0.5573030905116869,2.0,9.0,112.0,660.0,0.6567749449555482,10.542467021484931,27.635160600835103,0.008666666666666666,0.30975,2.5689154519615087,0.4219340655512531,2.6085960209962713,2.0643070596119264,0.3787280581713306,-0.1121840655512531,-0.06897805817133057,,,,,3
barabasi_albert,30,0.35,1.75,56,3.7333333333333334,2.308438625757437,0.6183317747564564,2.0,10.0,112.0,690.0,0.7796376698951517,11.533802912214506,26.028792406274658,0.01633333333333333,0.36325,2.51244887627144,0.4081171159558906,2.4927082065293065,1.345954755145414,0.3473195999607391,-0.0448671159558906,0.01593040003926094,,,,,4
barabasi_albert,30,0.35,1.75,56,3.7333333333333334,2.9769484749021475,0.7973969129202181,1.0,17.0,112.0,796.0,0.611580166239357,18.07926093444546,29.327293121767237,0.007333333333333333,0.237,2.339188633213066,0.3647671365513978,2.311254126097687,1.8797051516890708,0.30262844064087047,-0.12776713655139782,-0.06562844064087048,,,,,5
barabasi_albert,30,0.35,1.75,56,3.7333333333333334,2.954469307488045,0.7913757073628691,1.0,12.0,112.0,792.0,0.7503291784708883,13.949370324492085,28.62762281249617,0.009333333333333334,0.262,2.3450882356048286,0.3662630616673645,2.3890062943028743,1.8844459036110228,0.297975238957903,-0.10426306166736449,-0.035975238957903,,,,,6
barabasi_albert,30,0.35,1.75,56,3.7333333333333334,2.644911256650316,0.708458372317049,2.0,11.0,112.0,740.0,0.8375905597960955,12.749711620428885,26.97177886212674,0.012666666666666666,0.3145,2.426084476246837,0.38667057432854046,2.437077671529831,1.2996881122750912,0.3192187180898689,-0.07217057432854046,-0.004718718089868901,,,,,7
barabasi_albert,30,0.35,1.75,56,3.7333333333333334,2.0154955277107964,0.5398648734939633,2.0,9.0,112.0,652.0,0.6334866360731233,10.832941129128736,26.992656784167284,0.009333333333333334,0.327,2.5846276195679865,0.4257471609665585,2.576781428580012,2.076932908581418,0.376464563075778,-0.0987471609665585,-0.04946456307577801,,,,,8
barabasi_albert,30,0.35,1.75,56,3.7333333333333334,2.83940525853958,0.760554979965959,2.0,14.0,112.0,772.0,0.7663738528257206,15.32463664679693,28.755062236385257,0.009,0.24525,2.375270793276676,0.3738971927715586,2.3499275022234114,1.908699744597329,0.30447274144868247,-0.1286471927715586,-0.059222741448682475,,,,,9
barabasi_albert,30,0.35,1.75,56,3.7333333333333334,2.657484190399299,0.7118261224283837,2.0,12.0,112.0,742.0,0.5766245697661332,13.381303406644781,27.425092186777437,0.011,0.30425,2.4228126143721034,0.385851318052357,2.433628742114836,1.2979353291279125,0.32127612813561973,-0.08160131805235699,-0.01702612813561971,,,,,10
barabasi_albert,30,0.35,1.75,56,3.7333333333333334,2.2647050335284034,0.6066174196951081,2.0,12.0,112.0,684.0,0.6771194069251275,13.286302308215578,27.167115536498287,0.010666666666666666,0.323,2.523444328700751,0.4108210935285136,2.5507628666342304,2.027767764134532,0.36063165955617876,-0.08782109352851358,-0.037631659556178754,,,,,11
barabasi_albert,30,0.35,1.75,56,3.7333333333333334,3.2345358588555215,0.8663935336220147,2.0,14.0,112.0,844.0,0.7726392838138815,15.333365373371707,30.535287209830276,0.007333333333333333,0.2165,2.271697789719099,0.34757772041669505,2.323520895547066,1.2169809587780889,0.28026362959358436,-0.13107772041669505,-0.06376362959358436,,,,,12
barabasi_albert,30,0.35,1.75,56,3.7333333333333334,2.90898989723619,0.7791937224739794,1.0,12.0,112.0,784.0,0.776459440785962,13.628597194546002,28.031687476449527,0.013,0.27425,2.357022603955159,0.36928553490379634,2.416474290170992,1.2626906806902636,0.3063711572396396,-0.09503553490379635,-0.0321211572396396,,,,,13
barabasi_albert,30,0.35,1.75,56,3.7333333333333334,2.644911256650316,0.708458372317049,2.0,11.0,112.0,740.0,0.6896249305948492,12.704354666420993,26.990336792554327,0.012,0.3175,2.426084476246837,0.38667057432854046,2.42261864128077,1.9495321684126368,0.3191886033954795,-0.06917057432854046,-0.0016886033954794932,,,,,14
barabasi_albert,30,0.35,1.75,56,3.7333333333333334,2.8276413413931323,0.7574039307303033,2.0,12.0,112.0,770.0,0.7302731724978105,13.704986449415811,27.203716154654664,0.01,0.2935,2.378353560042253,0.3746750475869593,2.394067681778246,1.9111769678910964,0.3050260360734339,-0.08117504758695931,-0.011526036073433943,,,,,15
barabasi_albert,30,0.35,1.75,56,3.7333333333333334,2.5811280910141248,0.6913735958073548,2.0,12.0,112.0,730.0,0.7610264585196505,13.608068159441242,27.779920532409285,0.013,0.2855,2.4426449720876646,0.39081004520317314,2.4178913824151698,1.962839709713302,0.32616782001156114,-0.10531004520317316,-0.04066782001156116,,,,,16
barabasi_albert,30,0.35,1.75,56,3.7333333333333334,2.83940525853958,0.760554979965959,2.0,14.0,112.0,772.0,0.7657697019450055,15.250923530224616,29.071292573161355,0.013666666666666667,0.23375,2.375270793276676,0.3738971927715586,2.3330673211461352,1.908699744597329,0.29962295087014573,-0.14014719277155857,-0.06587295087014572,,,,,17
barabasi_albert,30,0.35,1.75,56,3.7333333333333334,2.3084386257574376,0.6183317747564565,2.0,11.0,112.0,690.0,0.7757750338114517,12.494209192938301,27.904272254289115,0.007,0.27175,2.51244887627144,0.4081171159558906,2.498260269894281,2.0189321327181213,0.350217601895308,-0.13636711595589063,-0.07846760189530799,,,,,18
barabasi_albert,30,0.35,1.75,56,3.7333333333333334,2.943165340619215,0.7883478590944326,2.0,14.0,112.0,790.0,0.6616848752219288,15.271123552382507,28.411292725480937,0.008666666666666666,0.25625,2.3480548253242626,0.3670148349222561,2.3486313566429797,1.257886513566569,0.29790129146478195,-0.11076483492225614,-0.04165129146478197,,,,,19
barabasi_albert,30,0.35,2.5,56,3.7333333333333334,2.988124644135329,0.800390529679106,2.0,15.0,112.0,798.0,0.7837675199661653,16.146126889853253,29.751389144934887,0.01,0.51625,4.767868326873894,0.7805356988344413,4.691135445988269,2.554215175111015,0.60148774072058,-0.2642856988344413,-0.08523774072057999,,,,,0
barabasi_albert,30,0.35,2.5,56,3.7333333333333334,2.337139752394414,0.626019576534218,2.0,12.0,112.0,694.0,0.5848215374937843,13.189598372626328,27.132650177157444,0.012,0.69025,5.112648829476371,0.8096258170997129,5.124859843421773,4.10837852368637,0.6815400341646097,-0.1193758170997129,0.008709965835390299,,,,,1
barabasi_albert,30,0.35,2.5,56,3.7333333333333334,2.2793761329705005,0.6105471784742412,2.0,12.0,112.0,686.0,0.6726377521030382,13.27378080553359,27.020251941005117,0.006333333333333333,0.68125,5.142373782438466,0.8119034401947907,5.128140426433501,4.132264646602339,0.6784437876610089,-0.13065344019479064,0.002806212338991143,,,,,2
barabasi_albert,30,0.35,2.5,56,3.7333333333333334,2.7560035478125844,0.738215236021228,2.0,13.0,112.0,758.0,0.675474720636364,14.29512027706282,28.47364246867214,0.008666666666666666,0.593,4.892052351785849,0.7916063467105661,4.975151723207926,3.931113496970772,0.6368839416719612,-0.1986063467105661,-0.04388394167196119,,,,,3
barabasi_albert,30,0.35,2.5,56,3.7333333333333334,2.1746008573733446,0.5824823725107173,2.0,11.0,112.0,672.0,0.8170931056197708,12.44625918721169,26.848332627798545,0.009333333333333334,0.72225,5.195664053237914,0.815902110539606,5.247040820550065,4.175087185637611,0.7004537563382808,-0.09365211053960609,0.021796243661719172,,,,,4
barabasi_albert,30,0.35,2.5,56,3.7333333333333334,2.351358945139786,0.6298282888767284,2.0,11.0,112.0,696.0,0.6739772184231467,12.439198602072938,26.64453161137889,0.014,0.692,5.105297784941881,0.8090572569255592,5.083303979752287,4.102471434328296,0.6725818654911438,-0.11705725692555924,0.0194181345088561,,,,,5
barabasi_albert,30,0.35,2.5,56,3.7333333333333334,2.851120637379079,0.7636930278693962,2.0,11.0,112.0,774.0,0.7480842123178892,13.066558096125133,28.421717867783617,0.008333333333333333,0.6085,4.841224455003323,0.7871598460079918,4.899794625865195,3.890269651341957,0.6288068922120873,-0.17865984600799178,-0.020306892212087257,,,,,6
barabasi_albert,30,0.35,2.5,56,3.7333333333333334,3.3658414830304904,0.9015646829545956,2.0,18.0,112.0,870.0,0.93931297753973,19.105094172662767,29.18067261496298,0.008666666666666666,0.53175,4.566317157003659,0.7610026979533595,4.495885791925768,2.446241334109103,0.5759262962499472,-0.22925269795335956,-0.04417629624994723,,,,,7
barabasi_albert,30,0.35,2.5,56,3.7333333333333334,2.6699979192667707,0.7151780140893136,2.0,13.0,112.0,744.0,0.7722738836455056,14.323890676135006,28.749430321931115,0.012333333333333333,0.6285,4.937865213002025,0.7955165992604053,4.991322012740998,3.967927403305199,0.6605781713635667,-0.16701659926040535,-0.03207817136356672,,,,,8
barabasi_albert,30,0.35,2.5,56,3.7333333333333334,2.768071932270225,0.7414478390009531,2.0,12.0,112.0,760.0,0.6753134662077089,13.662127591680267,27.710876782464243,0.009,0.59775,4.885611200405497,0.7910492217756327,4.855730453331589,2.6172917145029446,0.6112734886979522,-0.19329922177563275,-0.013523488697952168,,,,,9
barabasi_albert,30,0.35,2.5,56,3.7333333333333334,3.1404175235503673,0.8411832652367055,1.0,17.0,112.0,826.0,0.666208528731386,18.0906218732421,29.567388113138794,0.007666666666666666,0.534,4.686360298144027,0.7728782010291416,4.670564753389122,2.510550159720015,0.5970355975344183,-0.2388782010291416,-0.06303559753441823,,,,,10
barabasi_albert,30,0.35,2.5,56,3.7333333333333334,2.3228335186912457,0.6221875496494408,2.0,12.0,112.0,692.0,0.5843537732748242,13.266364439660208,27.5806109145123,0.006333333333333333,0.686,5.120031719718765,0.8101947167318777,5.154889078524886,4.114311203345436,0.6899867361804402,-0.12419471673187765,-0.003986736180440098,,,,,11
barabasi_albert,30,0.35,2.5,56,3.7333333333333334,2.7317068331397167,0.7317071874481385,2.0,14.0,112.0,754.0,0.7155320071493252,15.239656999025655,28.23140167893615,0.008666666666666666,0.61625,4.905011453567664,0.7927217129398875,4.929208050247095,3.9415270609025876,0.6485709259015875,-0.1764717129398875,-0.03232092590158753,,,,,12
barabasi_albert,30,0.35,2.5,56,3.7333333333333334,2.4621580416825846,0.6595066183078352,2.0,11.0,112.0,712.0,0.753481521566876,12.70750712302758,27.116601992378598,0.016,0.66375,5.047608952411239,0.8045211375770511,5.02552566324444,4.056114336759031,0.6578026444236005,-0.14077113757705118,0.005947355576399471,,,,,13
barabasi_albert,30,0.35,2.5,56,3.7333333333333334,2.51572830188176,0.6738557951469001,2.0,12.0,112.0,720.0,0.8066697329492594,13.26818894520501,28.728996397180833,0.007333333333333333,0.601,5.019488349473618,0.8022614377445815,5.030132353786119,4.033517423684158,0.6629819294285765,-0.2012614377445815,-0.0619819294285765,,,,,14
barabasi_albert,30,0.35,2.5,56,3.7333333333333334,2.8276413413931323,0.7574039307303033,1.0,12.0,112.0,770.0,0.6885811779889611,13.598496230833769,27.966311290731024,0.011333333333333334,0.6195,4.853782775596435,0.7882692131198861,4.866350605997533,3.900361158961421,0.623082329782265,-0.16876921311988602,-0.0035823297822649147,,,,,15
barabasi_albert,30,0.35,2.5,56,3.7333333333333334,3.2345358588555215,0.8663935336220147,1.0,18.0,112.0,844.0,0.6967964335109904,19.076394176009217,30.215780600318922,0.009666666666666667,0.51875,4.6361179382022435,0.7679964934808627,4.666438977396289,3.725451914626803,0.5991690242888217,-0.2492464934808627,-0.08041902428882164,,,,,16
barabasi_albert,30,0.35,2.5,56,3.7333333333333334,2.24993827075816,0.6026620368102215,2.0,12.0,112.0,682.0,0.6803450205192879,13.185256341424312,26.439060675159737,0.012666666666666666,0.73725,5.157432010227452,0.8130442639147635,5.216374090344337,4.144365008218489,0.7003904537689056,-0.07579426391476352,0.03685954623109433,,,,,17
barabasi_albert,30,0.35,2.5,56,3.7333333333333334,3.6233808644536514,0.9705484458357995,2.0,19.0,112.0,924.0,0.7904564620953056,20.080430171096296,31.527800766605967,0.01,0.43025,4.430877192373671,0.7466984664441805,4.492494078330117,2.373684210200181,0.5497167291054524,-0.31644846644418045,-0.11946672910545242,,,,,18
barabasi_albert,30,0.35,2.5,56,3.7333333333333334,3.5490217744549777,0.9506308324432976,2.0,20.0,112.0,908.0,0.8893877593967682,21.058996801251652,28.99619540684846,0.014666666666666666,0.532,4.469745280608877,0.7509052897179478,4.46006748390756,2.3945064003261844,0.55924190799647,-0.21890528971794776,-0.027241907996469972,,,,,19
barabasi_albert,60,0.15,0.75,116,3.8666666666666667,2.8894443910359113,0.747270101129977,2.0,17.0,232.0,1630.0,0.7245115633311376,18.271575471772152,8.612067506917738,0.015333333333333332,0.22175,1.6930428232514754,0.20059575979459326,1.6755650751407543,0.8757118051300735,0.20319018035917974,0.021154240205406738,0.018559819640820263,,,,,0
barabasi_albert,60,0.15,0.75,116,3.8666666666666667,3.1382939455839516,0.8116277445475737,2.0,20.0,232.0,1720.0,0.6008368188506283,21.20040833621607,9.12228004774883,0.011333333333333334,0.158,1.6481529870536442,0.18978791919303922,1.6313517723364808,1.278739386507138,0.18696529048059715,-0.03178791919303922,-0.02896529048059715,,,,,1
barabasi_albert,60,0.15,0.75,116,3.8666666666666667,3.3089105289942315,0.8557527230157496,2.0,20.0,232.0,1786.0,0.5901454339471807,21.244297629091598,9.125584527759882,0.011333333333333334,0.16525,1.6174133300747822,0.18248504511091035,1.6196442450128166,1.2548896526442277,0.17956679483855925,-0.01723504511091034,-0.014316794838559244,,,,,2
barabasi_albert,60,0.15,0.75,116,3.8666666666666667,3.190959451673151,0.8252481340534011,2.0,21.0,232.0,1740.0,0.5791625391177448,22.148332643921677,9.040114068215582,0.010333333333333333,0.17125,1.638653467083625,0.1875222226523017,1.6242799334391633,1.2713690692890194,0.18534187816983308,-0.016272222652301688,-0.014091878169833066,,,,,3
barabasi_albert,60,0.15,0.75,116,3.8666666666666667,3.00813711271426,0.7779664946674811,2.0,15.0,232.0,1672.0,0.5955380896126692,17.176799561703312,8.938333406705885,0.012333333333333333,0.18375,1.671643287676347,0.1954232174218709,1.6844327998988708,1.29696461974889,0.1948217436437318,-0.011673217421870913,-0.011071743643731813,,,,,4
barabasi_albert,60,0.15,0.75,116,3.8666666666666667,3.5330188539296272,0.9137117725680071,2.0,22.0,232.0,1878.0,0.665884574099379,23.154402123771796,9.48356425719503,0.01,0.12625,1.5772987218150238,0.17308577352741206,1.5731515139688725,1.2237662496840704,0.1641680790027695,-0.046835773527412056,-0.0379180790027695,,,,,5
barabasi_albert,60,0.15,0.75,116,3.8666666666666667,3.528298299306464,0.9124909394758096,2.0,20.0,232.0,1876.0,0.7920180682097426,21.256393096212392,9.54928294579668,0.006666666666666667,0.138,1.5781392754168195,0.1732811285435216,1.5890910178022553,1.224418403340636,0.1701134073420806,-0.035281128543521584,-0.0321134073420806,,,,,6
barabasi_albert,60,0.15,0.75,116,3.8666666666666667,3.0575952787916334,0.7907573996874914,2.0,16.0,232.0,1690.0,0.6422715687518791,17.7613994355973,8.747565748166908,0.011,0.21175,1.6627172140383049,0.1932764780408655,1.6450150092164317,1.2900392177883402,0.18957941905693101,0.018473521959134487,0.02217058094306898,,,,,7
barabasi_albert,60,0.15,0.75,116,3.8666666666666667,3.4179265969622894,0.8839465336971438,2.0,20.0,232.0,1830.0,0.7411161909002331,21.236760890909387,9.545578145655414,0.008,0.1405,1.597850711859275,0.17788214804016184,1.6082160796237073,1.239711759201162,0.174457234719241,-0.03738214804016182,-0.033957234719240975,,,,,8
barabasi_albert,60,0.15,0.75,116,3.8666666666666667,3.6854066562894,0.9531224111093276,2.0,20.0,232.0,1944.0,0.6386738003532428,21.724887176244827,9.584265119741751,0.009666666666666667,0.13225,1.5502923894906615,0.1668471643761854,1.5301786821959773,0.8018753738744802,0.16291869152736746,-0.0345971643761854,-0.030668691527367453,,,,,9
barabasi_albert,60,0.15,0.75,116,3.8666666666666667,4.14112169452781,1.0709797485847785,2.0,28.0,232.0,2158.0,0.5891508230198359,29.074280678918093,9.532861855162576,0.013666666666666667,0.139,1.471417866740959,0.14907738459231365,1.4745890259365215,0.7610782069349789,0.14792366220235612,-0.010077384592313637,-0.008923662202356103,,,,,10
barabasi_albert,60,0.15,0.75,116,3.8666666666666667,3.5984564592181583,0.9306352911771099,2.0,20.0,232.0,1906.0,0.6802053805918289,21.46875125340809,9.478535779606313,0.010333333333333333,0.1335,1.5656702419466975,0.17039042454597844,1.5501147682066672,1.214744153234507,0.15963142174437422,-0.036890424545978434,-0.026131421744374217,,,,,11
barabasi_albert,60,0.15,0.75,116,3.8666666666666667,4.00610645001963,1.0360620129361113,2.0,25.0,232.0,2092.0,0.709559590711191,26.102277769045386,9.579440486594654,0.012,0.1335,1.494448334082507,0.1541931531461566,1.5368017728609231,0.7729905176288829,0.15618281960347452,-0.02069315314615658,-0.022682819603474513,,,,,12
barabasi_albert,60,0.15,0.75,116,3.8666666666666667,3.0630413353760377,0.7921658625972511,2.0,16.0,232.0,1692.0,0.5793892730781692,17.39811165151008,9.129994096320388,0.006,0.161,1.6617342300836115,0.19304046734182195,1.6577947739347065,1.289276557823492,0.18871287097928524,-0.03204046734182195,-0.027712870979285237,,,,,13
barabasi_albert,60,0.15,0.75,116,3.8666666666666667,4.2444735310230834,1.0977086718163147,1.0,27.0,232.0,2210.0,0.6124214937215007,28.120923069040753,9.845269541157425,0.010333333333333333,0.11175,1.4540040241907848,0.14525123966110295,1.4438824013499738,1.1281065704928503,0.1381884652435445,-0.03350123966110295,-0.0264384652435445,,,,,14
barabasi_albert,60,0.15,0.75,116,3.8666666666666667,3.11162694136399,0.8047311055251698,2.0,17.0,232.0,1710.0,0.634386774325626,18.28158979759889,9.227281136836842,0.006333333333333333,0.1575,1.6529651228038593,0.19093859411465253,1.6509701648970272,1.2824729401064427,0.1880997785952924,-0.033438594114652526,-0.030599778595292393,,,,,15
barabasi_albert,60,0.15,0.75,116,3.8666666666666667,3.5424410918022176,0.9161485582247114,2.0,22.0,232.0,1882.0,0.675684658689442,23.15205196427852,9.26433052055082,0.007666666666666666,0.16675,1.575621636043787,0.17269620796516247,1.5667927217038864,0.8149767082985105,0.17308420505763217,-0.005946207965162459,-0.0063342050576321585,,,,,16
barabasi_albert,60,0.15,0.75,116,3.8666666666666667,3.0136725472788544,0.7793980725721175,2.0,17.0,232.0,1674.0,0.6615355363533476,18.308334454646165,8.732071081879514,0.011,0.20625,1.670644397065685,0.19518266011871913,1.6723006393558795,1.2961896184130315,0.19235057766374747,0.011067339881280863,0.01389942233625252,,,,,17
barabasi_albert,60,0.15,0.75,116,3.8666666666666667,2.704728370013439,0.6994987163827859,2.0,16.0,232.0,1568.0,0.6668874305870633,17.196461993388326,8.873243653026321,0.011666666666666667,0.1945,1.726190476190476,0.20867635476645055,1.7193080357142858,1.3392857142857142,0.20977262815290015,-0.014176354766450544,-0.015272628152900147,,,,,18
barabasi_albert,60,0.15,0.75,116,3.8666666666666667,3.041198594121878,0.7865168777901409,2.0,14.0,232.0,1684.0,0.613993814900445,15.97670006847374,8.9129088295526,0.009333333333333334,0.2,1.6656766655893125,0.1939875113149892,1.694251635973129,1.292335343991708,0.19987532046452022,0.006012488685010808,0.00012467953547978805,,,,,19
barabasi_albert,60,0.15,1.25,116,3.8666666666666667,2.848781415896199,0.7367538144559136,2.0,15.0,232.0,1616.0,0.6594203219503598,16.373091884185758,8.868407744679741,0.008,0.617,4.723224258606127,0.7763810469796416,4.68179425271706,3.66457054547027,0.6114188744967849,-0.15938104697964162,0.005581125503215101,,,,,0
barabasi_albert,60,0.15,1.25,116,3.8666666666666667,4.536763408226422,1.1733008814378678,2.0,30.0,232.0,2364.0,0.7269137978293262,31.072398568256695,10.604860577311078,0.008,0.33525,3.9051301129007765,0.680840477444191,3.9693459378176574,2.01989488598316,0.47646177655488936,-0.34559047744419097,-0.14121177655488937,,,,,1
barabasi_albert,60,0.15,1.25,116,3.8666666666666667,3.4663461390281776,0.8964688290590115,2.0,23.0,232.0,1850.0,0.4816819667358855,24.133192882334583,9.571072167823342,0.005666666666666667,0.4945,4.414417251717928,0.744891617503203,4.431351869623224,2.2833192681299623,0.5591124184991475,-0.250391617503203,-0.0646124184991475,,,,,2
barabasi_albert,60,0.15,1.25,116,3.8666666666666667,3.9516522564056107,1.0219790318290372,2.0,23.0,232.0,2066.0,0.6174427184493597,24.30602469757892,9.794205479151234,0.011,0.4785,4.177284802621435,0.7171073531106021,4.254618588083759,3.240996829620079,0.5411267860025533,-0.23860735311060216,-0.06262678600255328,,,,,3
barabasi_albert,60,0.15,1.25,116,3.8666666666666667,3.237626016423487,0.8373170732129708,2.0,21.0,232.0,1758.0,0.6956106362171431,22.160224271980944,8.959655243588324,0.011333333333333334,0.59375,4.528452422058255,0.7571029600407813,4.538797593539681,3.513454465390025,0.5831304753193571,-0.16335296004078126,0.010619524680642867,,,,,4
barabasi_albert,60,0.15,1.25,116,3.8666666666666667,3.1436002007606216,0.8130000519208505,2.0,14.0,232.0,1722.0,0.6693704945896543,15.914068903565177,8.915902558560273,0.009,0.5695,4.575543315078453,0.7619415182338911,4.559075303578061,2.3666603353854065,0.5699249567742041,-0.1924415182338911,-0.0004249567742040661,,,,,5
barabasi_albert,60,0.15,1.25,116,3.8666666666666667,3.8186675977652493,0.9875864476979093,1.0,25.0,232.0,2004.0,0.6691981856835502,26.105273606079088,9.449231791269987,0.012,0.49,4.241411269581098,0.724954150528928,4.188027989808785,2.193833415300568,0.5276209943380676,-0.23495415052892799,-0.03762099433806765,,,,,6
barabasi_albert,60,0.15,1.25,116,3.8666666666666667,3.2836294282732665,0.8492145073120517,2.0,16.0,232.0,1776.0,0.5967784662426465,17.819068875433405,9.0066911468569,0.009,0.5815,4.505445741020071,0.7546963106930498,4.520107859703132,3.49560445423971,0.571497159398999,-0.17319631069304975,0.010002840601000984,,,,,7
barabasi_albert,60,0.15,1.25,116,3.8666666666666667,2.848781415896199,0.7367538144559136,2.0,14.0,232.0,1616.0,0.6710798464064697,15.82286225057802,8.912564810986321,0.007666666666666666,0.6285,4.723224258606127,0.7763810469796416,4.68545882326253,3.66457054547027,0.6112223599965676,-0.14788104697964166,0.01727764000343235,,,,,8
barabasi_albert,60,0.15,1.25,116,3.8666666666666667,2.9124254878403706,0.7532134882345786,2.0,20.0,232.0,1638.0,0.6202037652785842,21.160559844890813,9.151215634686018,0.009666666666666667,0.59625,4.6913981890332765,0.7733608114524995,4.706665454691552,3.6398779052844383,0.6224128690638079,-0.17711081145249952,-0.026162869063807936,,,,,9
barabasi_albert,60,0.15,1.25,116,3.8666666666666667,3.3539363274947376,0.8673973260762252,2.0,16.0,232.0,1804.0,0.70543370781675,17.602865376932762,9.207095932510665,0.009333333333333334,0.526,4.470344349108514,0.75096947717403,4.398472002461209,3.46837061568764,0.5604429960035204,-0.22496947717402993,-0.03444299600352041,,,,,10
barabasi_albert,60,0.15,1.25,116,3.8666666666666667,3.190959451673151,0.8252481340534011,2.0,18.0,232.0,1740.0,0.6552149736441991,19.36479985742824,9.358074691757679,0.005666666666666667,0.5425,4.551815186343403,0.7595180418272129,4.587229093288875,3.5315807480250543,0.5872276988823439,-0.21701804182721296,-0.04472769888234396,,,,,11
barabasi_albert,60,0.15,1.25,116,3.8666666666666667,3.18573208052543,0.823896227722094,2.0,16.0,232.0,1738.0,0.6824524663513186,17.536056426571008,8.860804543619368,0.012666666666666666,0.6115,4.5544334294050905,0.75978690315045,4.543047345831577,3.5336121435039494,0.5747273956584119,-0.14828690315045,0.03677260434158813,,,,,12
barabasi_albert,60,0.15,1.25,116,3.8666666666666667,3.612324582438417,0.9342218747685561,2.0,21.0,232.0,1912.0,0.6939066430224706,22.18234185022822,9.379583138077805,0.012,0.5495,4.342254766954023,0.7367885307937517,4.296586225439505,3.368990767464328,0.5711454812635693,-0.18728853079375174,-0.021645481263569355,,,,,13
barabasi_albert,60,0.15,1.25,116,3.8666666666666667,3.18573208052543,0.823896227722094,2.0,18.0,232.0,1738.0,0.644026821891308,19.254557287047298,9.056064779578048,0.010666666666666666,0.55975,4.5544334294050905,0.75978690315045,4.564837954049852,2.355741429002633,0.5729117142334063,-0.20003690315045008,-0.013161714233406285,,,,,14
barabasi_albert,60,0.15,1.25,116,3.8666666666666667,3.1329787033357817,0.8102531129316677,2.0,14.0,232.0,1718.0,0.669931029390671,16.106270260174743,9.02917635730393,0.010666666666666666,0.57125,4.580866811137332,0.7624812045460472,4.5430549148298836,3.554120801744481,0.580043465251982,-0.19123120454604714,-0.008793465251981991,,,,,15
barabasi_albert,60,0.15,1.25,116,3.8666666666666667,3.0302181806302695,0.7836771156802421,2.0,15.0,232.0,1680.0,0.6684991826361136,16.516046445800633,8.953628823597775,0.008666666666666666,0.59375,4.632384541881545,0.7676287104906004,4.563597624869553,3.594091454908095,0.589543798273289,-0.17387871049060044,0.004206201726711045,,,,,16
barabasi_albert,60,0.15,1.25,116,3.8666666666666667,3.2221455929585523,0.8333135154203153,2.0,23.0,232.0,1752.0,0.6275133336749943,24.11959053024826,9.06690706260684,0.011333333333333334,0.59025,4.536199993885439,0.7579070521811404,4.5503756188663305,3.519465512497323,0.5965262183603136,-0.16765705218114035,-0.006276218360313557,,,,,17
barabasi_albert,60,0.15,1.25,116,3.8666666666666667,4.076218290959838,1.0541943855930616,2.0,28.0,232.0,2126.0,0.6781651370328761,29.06903189285711,9.689364498711896,0.010666666666666666,0.47375,4.117917243476988,0.7096125588728673,4.188294579125204,2.1299571949018903,0.5243730885395178,-0.23586255887286733,-0.0506230885395178,,,,,18
barabasi_albert,60,0.15,1.25,116,3.8666666666666667,3.8577483357811477,0.997693535115814,2.0,22.0,232.0,2022.0,0.5854593991152289,23.70150801353884,9.625088520138434,0.006666666666666667,0.47525,4.2224903814700765,0.722665361397502,4.262986248275124,2.1840467490362467,0.5348733815986342,-0.24741536139750203,-0.05962338159863417,,,,,19
barabasi_albert,60,0.15,1.75,116,3.8666666666666667,3.3189690501051006,0.8583540646823535,2.0,18.0,232.0,1790.0,0.6679323845904817,19.253120510379006,9.347708728713727,0.006333333333333333,0.93075,8.796072503061001,0.9446444459837776,8.69844368109815,6.824539010995605,0.851504675556791,-0.013894445983777648,0.07924532444320898,,,,,0
barabasi_albert,60,0.15,1.75,116,3.8666666666666667,2.842924941362719,0.7352392089731169,2.0,12.0,232.0,1614.0,0.7205435891758872,14.757516517834881,8.823430768220113,0.008666666666666666,0.97875,9.263253532891223,0.9511794936890733,9.310767635064241,7.187007051381121,0.875769161635547,0.027570506310926723,0.10298083836445304,,,,,1
barabasi_albert,60,0.15,1.75,116,3.8666666666666667,2.710883414846328,0.7010905383223262,2.0,12.0,232.0,1570.0,0.6071888287082269,14.002623462947371,8.83272899314592,0.006,0.9725,9.39216015891447,0.9527969069242977,9.264839711932632,7.287020812950882,0.8796226043074873,0.019703093075702283,0.09287739569251274,,,,,2
barabasi_albert,60,0.15,1.75,116,3.8666666666666667,3.1594654962860758,0.8171031455912264,2.0,20.0,232.0,1728.0,0.6200201839043197,21.17397848465673,8.991333413575619,0.010666666666666666,0.966,8.952481801684405,0.9469577986462663,9.026185423413787,6.945891053031003,0.8698257979554259,0.01904220135373369,0.09617420204457405,,,,,3
barabasi_albert,60,0.15,1.75,116,3.8666666666666667,2.6360745226356723,0.681743411026467,2.0,14.0,232.0,1546.0,0.6503842411189028,15.373266545825047,8.68757190304836,0.008666666666666666,0.97525,9.464781035170617,0.953676113750938,9.595329739104002,7.343364596253065,0.8898971809467944,0.02157388624906198,0.08535281905320558,,,,,4
barabasi_albert,60,0.15,1.75,116,3.8666666666666667,3.41792659696229,0.8839465336971439,2.0,22.0,232.0,1830.0,0.6159897605869008,23.169590354902404,9.100133844320164,0.010333333333333333,0.954,8.699409431233832,0.9431459980922101,8.566293467954178,6.749541800095215,0.8548741944171981,0.010854001907789845,0.09912580558280182,,,,,5
barabasi_albert,60,0.15,1.75,116,3.8666666666666667,2.974708202309747,0.7693210868042448,2.0,16.0,232.0,1660.0,0.6589475926182364,17.48673479656808,8.881762126199984,0.011,0.96025,9.134005565975794,0.9494812249064358,9.075736909779055,4.724485637573687,0.8648589033834728,0.01076877509356422,0.09539109661652723,,,,,6
barabasi_albert,60,0.15,1.75,116,3.8666666666666667,3.3489633553617084,0.8661112125935453,2.0,19.0,232.0,1802.0,0.6660101226034463,20.50671087934679,8.821028412548493,0.018666666666666668,0.96725,8.766735881588756,0.944195388523883,8.847412524292169,6.80177783916369,0.8586266677948058,0.023054611476117093,0.10862333220519427,,,,,7
barabasi_albert,60,0.15,1.75,116,3.8666666666666667,4.428945196720722,1.1454168612208764,2.0,32.0,232.0,2306.0,0.7378274809952708,33.06387467988705,10.127740841145298,0.012333333333333333,0.843,7.749713805744386,0.9250280209139117,7.563486846834795,4.008472658143647,0.8005156718155213,-0.0820280209139117,0.04248432818447867,,,,,8
barabasi_albert,60,0.15,1.75,116,3.8666666666666667,3.644478319625762,0.9425374964549385,2.0,23.0,232.0,1926.0,0.7439414919611042,24.15774030111814,9.414856263421635,0.009333333333333334,0.922,8.479830561320297,0.9395320707269046,8.297989367171294,4.386119255855326,0.8393288680418656,-0.017532070726904547,0.08267113195813447,,,,,9
barabasi_albert,60,0.15,1.75,116,3.8666666666666667,3.6808815369268384,0.9519521216190099,2.0,22.0,232.0,1942.0,0.6487283161403679,23.157033259990357,9.288779171951155,0.009666666666666667,0.93875,8.444825951369179,0.9389274700310339,8.398597809307805,4.368013423121989,0.83700750611451,-0.00017747003103396608,0.10174249388548995,,,,,10
barabasi_albert,60,0.15,1.75,116,3.8666666666666667,2.3342855200015458,0.6036945310348826,2.0,11.0,232.0,1456.0,0.5365338326613109,12.993480552909723,8.689452018282322,0.009333333333333334,0.9805,9.752919249772452,0.9569530023101344,9.720339454864806,7.5669201075820745,0.8979961035610055,0.02354699768986568,0.08250389643899458,,,,,11
barabasi_albert,60,0.15,1.75,116,3.8666666666666667,3.689926226302574,0.9542912654230794,2.0,23.0,232.0,1946.0,0.7256782545552105,24.140540418971938,9.582807704442518,0.008333333333333333,0.9095,8.436142323415643,0.9387762228184452,8.460323507230605,4.363521891421884,0.8346139288540221,-0.02927622281844522,0.0748860711459779,,,,,12
barabasi_albert,60,0.15,1.75,116,3.8666666666666667,2.900957696271277,0.7502476800701579,2.0,15.0,232.0,1634.0,0.6714149800472036,16.701386685372643,8.658390474914734,0.012666666666666666,0.97275,9.206388332937177,0.950442015363414,9.138729315231757,7.1428874996926375,0.8746891734417468,0.02230798463658601,0.09806082655825321,,,,,13
barabasi_albert,60,0.15,1.75,116,3.8666666666666667,3.671814568060623,0.9496072158777473,2.0,21.0,232.0,1938.0,0.6928669299411514,22.219093089414322,9.280045907021853,0.011666666666666667,0.92075,8.453536449766647,0.9390786786191391,8.272259105639106,4.372518853327576,0.824704854564419,-0.018328678619139116,0.09604514543558096,,,,,14
barabasi_albert,60,0.15,1.75,116,3.8666666666666667,3.442221504913489,0.890229699546592,2.0,18.0,232.0,1840.0,0.6802231709815844,19.351298587352545,9.011699164278417,0.008333333333333333,0.95575,8.675737524957531,0.9427706869453446,8.694996166446122,6.731175665915326,0.849210579938765,0.012979313054655384,0.10653942006123496,,,,,15
barabasi_albert,60,0.15,1.75,116,3.8666666666666667,3.164736253711445,0.8184662725115807,2.0,22.0,232.0,1730.0,0.6340451571859329,23.124800445724702,9.000865094241071,0.009666666666666667,0.95675,8.947305460227254,0.94688335664897,8.941134904737439,6.941874926038386,0.8703960260830292,0.009866643351029936,0.08635397391697075,,,,,16
barabasi_albert,60,0.15,1.75,116,3.8666666666666667,3.47115094585195,0.8977114515134353,2.0,22.0,232.0,1852.0,0.6319603440004388,23.211550708765543,9.542518856846732,0.007666666666666666,0.926,8.647584705916678,0.9423199533592671,8.732755960455554,6.709332961487077,0.8518520588583608,-0.01631995335926706,0.07414794114163925,,,,,17
barabasi_albert,60,0.15,1.75,116,3.8666666666666667,3.4567164895155758,0.8939784024609247,2.0,22.0,232.0,1846.0,0.665065156774107,23.113044389800116,9.33400057176767,0.011333333333333334,0.92575,8.661626801291627,0.9425453689606269,8.777737401946874,6.720227690657297,0.8480341849039524,-0.016795368960626944,0.07771581509604752,,,,,18
barabasi_albert,60,0.15,1.75,116,3.8666666666666667,3.5518383346593287,0.9185788796532747,2.0,24.0,232.0,1886.0,0.7382881810142029,25.095242006102097,9.30401692271318,0.011666666666666667,0.9325,8.56928272616401,0.9410407878026672,8.42984719904647,4.4323876169813845,0.8405884293415613,-0.008540787802667205,0.09191157065843869,,,,,19
barabasi_albert,60,0.15,2.5,116,3.8666666666666667,4.116902827234192,1.0647162484226358,1.0,26.0,232.0,2146.0,0.6657157484613344,27.115250434631015,10.063142165647198,0.008,0.997,16.39473408824745,0.9882434378902474,16.590128225118157,12.72005230984716,0.9603331229767119,0.00875656210975262,0.03666687702328808,,,,,0
barabasi_albert,60,0.15,2.5,116,3.8666666666666667,2.95221197673127,0.7635030974305008,2.0,19.0,232.0,1652.0,0.7740563639567322,20.182287898542256,9.108169637882503,0.007333333333333333,1.0,18.685908350497602,0.9915616354740766,18.95572642366212,14.497687513317105,0.97556958156836,0.008438364525923392,0.024430418431639955,,,,,1
barabasi_albert,60,0.15,2.5,116,3.8666666666666667,3.313943605769751,0.8570543808025217,2.0,20.0,232.0,1788.0,0.6211053298580844,21.252045207413964,9.071610745160433,0.010333333333333333,1.0,17.961205370952673,0.9906704894646922,18.28675221830119,13.9354179602219,0.9722157668046192,0.009329510535307839,0.027784233195380814,,,,,2
barabasi_albert,60,0.15,2.5,116,3.8666666666666667,3.095516470998373,0.8005646045685447,2.0,17.0,232.0,1704.0,0.5687462812273651,18.3656483566771,9.135704639692085,0.006666666666666667,1.0,18.39858572685039,0.9912230530869091,18.686856671320655,14.274764788073577,0.9753519961820668,0.008776946913090944,0.024648003817933195,,,,,3
barabasi_albert,60,0.15,2.5,116,3.8666666666666667,3.4518915909332315,0.8927305838620426,1.0,19.0,232.0,1844.0,0.6552430685619762,20.245044239095606,9.313185634193099,0.008666666666666666,0.99925,17.686372903911803,0.9902983742379664,17.467199101762034,9.148123915816448,0.9658219487363051,0.008951625762033566,0.03342805126369486,,,,,4
barabasi_albert,60,0.15,2.5,116,3.8666666666666667,3.589181274639415,0.9282365365446763,2.0,23.0,232.0,1902.0,0.5880207653689827,24.114034379141636,9.581620776935905,0.007333333333333333,1.0,17.41461909133345,0.9899099134004277,17.242724790819857,9.007561598965577,0.9682665222121848,0.010090086599572334,0.03173347778781521,,,,,5
barabasi_albert,60,0.15,2.5,116,3.8666666666666667,3.323986896618109,0.8596517836081317,1.0,17.0,232.0,1792.0,0.6663186872138949,18.568820626172506,9.011400325720992,0.012333333333333333,0.99975,17.941148183935898,0.9906440076122378,17.99373430792329,9.27990423307029,0.96644230706493,0.009105992387762218,0.03330769293507008,,,,,6
barabasi_albert,60,0.15,2.5,116,3.8666666666666667,3.1752515210959618,0.8211857382144728,2.0,18.0,232.0,1734.0,0.5850179754612651,19.418896941586393,8.773171061957381,0.014666666666666666,1.0,18.238733994007788,0.9910264954887512,17.691965050351214,14.150741891902593,0.9733496743564788,0.008973504511248787,0.02665032564352121,,,,,7
barabasi_albert,60,0.15,2.5,116,3.8666666666666667,3.0025914733036116,0.7765322775785203,2.0,15.0,232.0,1670.0,0.6444484833922867,17.06324163926276,8.893212026067689,0.011333333333333334,1.0,18.58493302404954,0.991444741066921,18.87732528929859,14.419344587624641,0.9745769206129555,0.008555258933078957,0.025423079387044467,,,,,8
barabasi_albert,60,0.15,2.5,116,3.8666666666666667,3.1804961178337496,0.8225420994397629,2.0,17.0,232.0,1736.0,0.6084980546409984,18.364397122784965,9.100673528964805,0.009333333333333334,1.0,18.22822478311277,0.9910133603099112,18.45018484782093,14.14258819379439,0.9729821627433867,0.008986639690088838,0.02701783725661333,,,,,9
barabasi_albert,60,0.15,2.5,116,3.8666666666666667,3.6353205574688388,0.9401691096902169,2.0,21.0,232.0,1922.0,0.5562826432773499,22.639658028543174,9.412215667964185,0.007,1.0,17.32377538829152,0.9897752553195833,17.260304659498203,13.440860215053764,0.9695573720656154,0.010224744680416675,0.03044262793438457,,,,,10
barabasi_albert,60,0.15,2.5,116,3.8666666666666667,3.8921573566453973,1.0065924198220855,2.0,27.0,232.0,2038.0,0.5980958397173866,28.084798914093376,9.50327086832161,0.013666666666666667,1.0,16.823530741317146,0.9889873048266234,16.545434877554428,13.052739368263303,0.9677489870185622,0.011012695173376552,0.03225101298143784,,,,,11
barabasi_albert,60,0.15,2.5,116,3.8666666666666667,3.2887011958454897,0.8505261713393508,2.0,21.0,232.0,1778.0,0.6854618085396159,22.16212659328925,9.1515617843802,0.008,1.0,18.011644126167216,0.9907366275677563,18.232131493918573,13.974551477198702,0.972872866469514,0.009263372432243733,0.027127133530486014,,,,,12
barabasi_albert,60,0.15,2.5,116,3.8666666666666667,2.9066972475455515,0.751732046779022,2.0,15.0,232.0,1636.0,0.6210760190410733,16.495132078385428,8.569482966297201,0.012666666666666666,1.0,18.777059663867504,0.9916652653877002,18.56379435259901,14.568408359897202,0.9758254355010897,0.008334734612299832,0.02417456449891031,,,,,13
barabasi_albert,60,0.15,2.5,116,3.8666666666666667,3.4130468629787205,0.8826845335289795,2.0,19.0,232.0,1828.0,0.6167974206239628,20.41736051942509,9.203199113097105,0.014,1.0,17.763606340752826,0.9904049920998931,17.82830568281289,9.18807224521698,0.9692609613891513,0.009595007900106922,0.0307390386108487,,,,,14
barabasi_albert,60,0.15,2.5,116,3.8666666666666667,3.1488975142985445,0.8143700468013477,2.0,19.0,232.0,1724.0,0.6392470021751434,20.195906922395686,9.126451487340537,0.009333333333333334,1.0,18.291554069828685,0.991092112816603,18.119282321369308,14.19172298521191,0.9729111523104572,0.008907887183396968,0.027088847689542783,,,,,15
barabasi_albert,60,0.15,2.5,116,3.8666666666666667,3.232474112640175,0.8359846843034935,2.0,20.0,232.0,1756.0,0.6418305341233697,21.16440601934768,9.125147153202121,0.009666666666666667,1.0,18.12412213409443,0.990881794903613,18.266302747387755,14.061818897142231,0.9722532919871137,0.009118205096387055,0.027746708012886256,,,,,16
barabasi_albert,60,0.15,2.5,116,3.8666666666666667,2.95221197673127,0.7635030974305008,2.0,18.0,232.0,1652.0,0.6406076253078647,19.26590551433565,8.700271206655962,0.007333333333333333,1.0,18.685908350497602,0.9915616354740766,18.723763423449043,14.497687513317105,0.9760758257600286,0.008438364525923392,0.023924174239971396,,,,,17
barabasi_albert,60,0.15,2.5,116,3.8666666666666667,3.154185931248963,0.815737740840249,2.0,18.0,232.0,1726.0,0.6896446983915506,19.307031249021925,8.885963130200889,0.015333333333333332,1.0,18.28095334215197,0.9910789971727587,18.339263279536425,9.455665521802745,0.9716973035695984,0.008921002827241287,0.02830269643040162,,,,,18
barabasi_albert,60,0.15,2.5,116,3.8666666666666667,2.9522119767312707,0.763503097430501,1.0,14.0,232.0,1652.0,0.6266330475613545,15.52882535198843,8.86895133499207,0.009,0.99875,18.685908350497602,0.9915616354740766,19.35562097090445,14.497687513317105,0.972748624339617,0.007188364525923419,0.026001375660383075,,,,,19
barabasi_albert,60,0.25,0.75,116,3.8666666666666667,3.242769735204082,0.8386473453114005,2.0,19.0,232.0,1760.0,0.678014604960806,20.3033080430788,24.460297000482257,0.013666666666666667,0.0575,0.5865538803430206,0.016349800704838536,0.585087495642163,0.4550849071626884,0.033808712093912,0.04115019929516146,0.023691287906088,,,,,0
barabasi_albert,60,0.25,0.75,116,3.8666666666666667,3.227313984655902,0.8346501684454919,2.0,19.0,232.0,1754.0,0.6664554326991379,20.239866701688555,25.43557821704211,0.012333333333333333,0.04375,0.5875562517042616,0.016420269207492,0.585935406871974,0.30390840605392844,0.03457265732730806,0.027329730792507997,0.009177342672691935,,,,,1
barabasi_albert,60,0.25,0.75,116,3.8666666666666667,2.7836826128150616,0.7199179171073435,2.0,14.0,232.0,1594.0,0.5696426337206563,15.835745465753021,24.03796897737812,0.008,0.0555,0.6163396218689585,0.018520013743335426,0.6265942379914337,0.4781945342086748,0.03634027210415087,0.03697998625666457,0.019159727895849132,,,,,2
barabasi_albert,60,0.25,0.75,116,3.8666666666666667,3.993606000707742,1.0328291381140713,1.0,21.0,232.0,2086.0,0.693178008760583,22.31027269869916,26.534785368920236,0.007333333333333333,0.04,0.5387745763336902,0.013194958842178153,0.5253748810515981,0.2786765050001846,0.032164854236531044,0.026805041157821848,0.007835145763468956,,,,,3
barabasi_albert,60,0.25,0.75,116,3.8666666666666667,2.9066972475455524,0.7517320467790222,2.0,14.0,232.0,1636.0,0.5986227644252767,15.734432949225594,25.0457923629094,0.011666666666666667,0.043,0.6083767331093071,0.017924324373108213,0.5987921772493308,0.4720164308606693,0.033451339116071226,0.025075675626891784,0.009548660883928771,,,,,4
barabasi_albert,60,0.25,0.75,116,3.8666666666666667,3.635320557468839,0.940169109690217,2.0,18.0,232.0,1922.0,0.6849066742818666,19.45733120868086,25.625728714975313,0.009666666666666667,0.04425,0.5612903225806452,0.014632112754982395,0.5570201612903226,0.2903225806451613,0.03489227547883604,0.029617887245017602,0.009357724521163957,,,,,5
barabasi_albert,60,0.25,0.75,116,3.8666666666666667,3.5565276448931034,0.9197916322999405,2.0,19.0,232.0,1888.0,0.665114170361171,20.436155155283917,26.132778389434545,0.008333333333333333,0.043,0.5663217627665839,0.014965285293389531,0.5743527912127134,0.43938757456028055,0.03607731625193948,0.028034714706610467,0.006922683748060515,,,,,6
barabasi_albert,60,0.25,0.75,116,3.8666666666666667,2.9691001255524463,0.7678707221256327,2.0,15.0,232.0,1658.0,0.4713557194292825,16.45491674496609,24.383659594119653,0.012666666666666666,0.05875,0.6043269791330534,0.017625724255226915,0.6065671567281156,0.4688743803618518,0.03579106523751435,0.04112427574477308,0.022958934762485644,,,,,7
barabasi_albert,60,0.25,0.75,116,3.8666666666666667,3.60770779797305,0.9330278787861336,2.0,22.0,232.0,1910.0,0.632632510626171,23.164877678045833,26.08838276046838,0.007,0.042,0.5630507774707989,0.014748184695042407,0.5609150676252201,0.43684974114113717,0.0337860316200257,0.027251815304957596,0.008213968379974304,,,,,8
barabasi_albert,60,0.25,0.75,116,3.8666666666666667,2.9238483012784515,0.7561676641237375,2.0,19.0,232.0,1642.0,0.6342673867482723,20.210229830941493,25.00348686009643,0.010333333333333333,0.04075,0.6072641871010052,0.01784200106677457,0.6156402448541225,0.47115324861284885,0.03544338055850753,0.02290799893322543,0.005306619441492473,,,,,9
barabasi_albert,60,0.25,0.75,116,3.8666666666666667,3.5612107803698194,0.9210027880266775,1.0,20.0,232.0,1890.0,0.6661322996650759,21.236849911229648,24.899297167520647,0.016666666666666666,0.06075,0.5660220423101492,0.014945314635461077,0.5782573894747416,0.29277002188455997,0.03715272072436367,0.045804685364538925,0.023597279275636325,,,,,10
barabasi_albert,60,0.25,0.75,116,3.8666666666666667,3.4567164895155758,0.8939784024609247,2.0,22.0,232.0,1846.0,0.6985296619061567,23.14316725523549,24.793436405069354,0.011,0.0565,0.5727279762486709,0.015395894334979027,0.5737030950013357,0.4443579126067274,0.033136224510021225,0.04110410566502097,0.023363775489978776,,,,,11
barabasi_albert,60,0.25,0.75,116,3.8666666666666667,3.373754914367998,0.8725228226813788,2.0,24.0,232.0,1812.0,0.6499311713728722,25.120941945104526,25.79332282299071,0.012,0.03875,0.5780762799410329,0.015760904890569152,0.5880306538132934,0.44850745857493945,0.03333735128458906,0.022989095109430847,0.005412648715410938,,,,,12
barabasi_albert,60,0.25,0.75,116,3.8666666666666667,3.373754914367998,0.8725228226813788,2.0,19.0,232.0,1812.0,0.6971184208314622,20.42617455443194,25.718164497408264,0.009,0.0435,0.5780762799410329,0.015760904890569152,0.5726318977355538,0.44850745857493945,0.03426854145839205,0.027739095109430845,0.009231458541607944,,,,,13
barabasi_albert,60,0.25,0.75,116,3.8666666666666667,3.313943605769751,0.8570543808025217,1.0,21.0,232.0,1788.0,0.6818153121352494,22.17388804073942,25.930788109193937,0.009333333333333334,0.0395,0.5819430540188664,0.016027937822602995,0.5855676562303201,0.301005027940793,0.034666988869759364,0.023472062177397005,0.004833011130240636,,,,,14
barabasi_albert,60,0.25,0.75,116,3.8666666666666667,3.1329787033357817,0.8102531129316677,2.0,15.0,232.0,1718.0,0.6909780718566683,17.071979458213494,24.973675558453078,0.012,0.05,0.5936803387233981,0.01685466766358235,0.6014084189947114,0.3070760372707232,0.0363349718475426,0.03314533233641766,0.013665028152457404,,,,,15
barabasi_albert,60,0.25,0.75,116,3.8666666666666667,2.935226661700175,0.7591103435431488,2.0,15.0,232.0,1646.0,0.7204638993912493,16.38352473561737,24.420416469001026,0.012666666666666666,0.05125,0.6065258717069023,0.01778749129054238,0.6058722877934252,0.4705804177036311,0.035223811821608685,0.03346250870945762,0.016026188178391312,,,,,16
barabasi_albert,60,0.25,0.75,116,3.8666666666666667,3.3189690501051006,0.8583540646823535,2.0,19.0,232.0,1790.0,0.6785501275871646,20.43211560459336,25.55854339761191,0.006,0.03675,0.5816178553044417,0.016005378680699033,0.5516595218092345,0.451255232563791,0.02842585697899926,0.020744621319300965,0.008324143021000738,,,,,17
barabasi_albert,60,0.25,0.75,116,3.8666666666666667,3.7923900408874376,0.9807905278157166,2.0,24.0,232.0,1992.0,0.6886849135806684,25.135965673031208,26.67203270265544,0.008333333333333333,0.04125,0.5513400979562958,0.013986192723815218,0.5383051822783205,0.28517591273601506,0.03113714886051808,0.027263807276184784,0.010112851139481922,,,,,18
barabasi_albert,60,0.25,0.75,116,3.8666666666666667,3.388542787426805,0.8763472726103806,1.0,20.0,232.0,1818.0,0.5960872529442828,21.212091217882175,25.151072367752693,0.010666666666666666,0.05325,0.5771215703217937,0.01569537941477949,0.5682533013640472,0.44776673559449515,0.03336794250457896,0.03755462058522051,0.01988205749542104,,,,,19
barabasi_albert,60,0.25,1.25,116,3.8666666666666667,3.6030850978324422,0.9318323528877006,2.0,19.0,232.0,1908.0,0.7193809155755226,20.38440307893415,25.654382492066297,0.009,0.16025,1.5648494449089256,0.17020068872607175,1.5568902968701643,0.8094048852977201,0.1626210442812179,-0.009950688726071744,-0.002371044281217899,,,,,0
barabasi_albert,60,0.25,1.25,116,3.8666666666666667,3.509352583533828,0.9075911853966797,2.0,18.0,232.0,1868.0,0.6234830462944406,19.336086675424795,26.175370922028645,0.007333333333333333,0.151,1.5815149782589137,0.1740663880904176,1.5876842500491049,0.8180249887546105,0.17195092961307232,-0.02306638809041761,-0.020950929613072322,,,,,1
barabasi_albert,60,0.25,1.25,116,3.8666666666666667,3.0357133520073254,0.7850982806915496,2.0,19.0,232.0,1682.0,0.6298288875061002,20.196253908730633,24.598822065767887,0.011,0.20175,1.6666666666666667,0.19422552774796237,1.6887931034482757,1.293103448275862,0.201105695114547,0.007524472252037645,0.0006443048854530009,,,,,2
barabasi_albert,60,0.25,1.25,116,3.8666666666666667,3.1488975142985445,0.8143700468013477,2.0,16.0,232.0,1724.0,0.6593946900635261,17.368988683126915,25.301321022009972,0.010666666666666666,0.1735,1.6462398662845816,0.1893310027577993,1.6873603836342326,0.8515033791127146,0.19915620150631233,-0.015831002757799306,-0.025656201506312343,,,,,3
barabasi_albert,60,0.25,1.25,116,3.8666666666666667,2.872087897138402,0.7427813527082073,2.0,15.0,232.0,1624.0,0.7416219667041519,16.380136255265477,24.782828698389597,0.012333333333333333,0.181,1.696167481997025,0.20135400430887251,1.6616592470184646,1.3159920118942434,0.19496540667706017,-0.02035400430887252,-0.013965406677060171,,,,,4
barabasi_albert,60,0.25,1.25,116,3.8666666666666667,3.0191978331264666,0.780827025808569,2.0,17.0,232.0,1676.0,0.6260318130280218,18.308579689255232,24.395857710369274,0.013666666666666667,0.1945,1.6696472949792114,0.19494261401560045,1.6575927293796844,1.2954160047252503,0.19051193536567443,-0.00044261401560044544,0.003988064634325578,,,,,5
barabasi_albert,60,0.25,1.25,116,3.8666666666666667,3.644478319625762,0.9425374964549385,2.0,23.0,232.0,1926.0,0.6408188703489457,24.154918835099302,25.491007252908783,0.016,0.1665,1.5575198990180137,0.1685094400849781,1.5189847084129993,0.8056137408713864,0.16421779634261896,-0.0020094400849780814,0.002282203657381049,,,,,6
barabasi_albert,60,0.25,1.25,116,3.8666666666666667,3.7835902996433894,0.9785147326663938,1.0,23.0,232.0,1988.0,0.701022546526499,24.18194508418162,26.763670773772766,0.008,0.137,1.5330402425975822,0.16290151908032527,1.5879851978441288,1.1894277744291586,0.16529430773696088,-0.025901519080325258,-0.028294307736960872,,,,,7
barabasi_albert,60,0.25,1.25,116,3.8666666666666667,3.2117838587855747,0.8306337565824762,2.0,17.0,232.0,1748.0,0.6790783151925782,18.236011154485414,25.264672146711394,0.012333333333333333,0.18025,1.634899387771701,0.1866290113361877,1.6055487155731274,1.2684564215470095,0.17952260648591134,-0.0063790113361877065,0.0007273935140886534,,,,,8
barabasi_albert,60,0.25,1.25,116,3.8666666666666667,3.451891590933231,0.8927305838620425,2.0,21.0,232.0,1844.0,0.4999653781620381,22.16060301315855,24.98334367123642,0.010333333333333333,0.17925,1.591773561352062,0.17645960856878046,1.5863532979319408,1.2349967286352206,0.17230367796293847,0.0027903914312195355,0.006946322037061525,,,,,9
barabasi_albert,60,0.25,1.25,116,3.8666666666666667,3.451891590933231,0.8927305838620425,1.0,19.0,232.0,1844.0,0.7241852404218198,20.329163079223928,25.59832378232882,0.009666666666666667,0.16325,1.591773561352062,0.17645960856878046,1.5903670373000054,0.8233311524234803,0.17465853600831086,-0.013209608568780451,-0.011408536008310849,,,,,10
barabasi_albert,60,0.25,1.25,116,3.8666666666666667,3.18573208052543,0.823896227722094,2.0,17.0,232.0,1738.0,0.539342347574991,18.450874638618927,25.669732438215796,0.007333333333333333,0.168,1.6395960345858327,0.1877466820487651,1.6480060314873721,0.8480669144409478,0.18862958385312373,-0.01974668204876509,-0.020629583853123717,,,,,11
barabasi_albert,60,0.25,1.25,116,3.8666666666666667,3.5330188539296277,0.9137117725680072,2.0,20.0,232.0,1878.0,0.7624731501160388,21.580630907411916,25.422132144396954,0.008666666666666666,0.173,1.577298721815024,0.17308577352741214,1.5844713517784503,0.815844166456047,0.17147946171484654,-8.577352741215294e-05,0.0015205382851534444,,,,,12
barabasi_albert,60,0.25,1.25,116,3.8666666666666667,3.7481847458321593,0.9693581239221102,1.0,22.0,232.0,1972.0,0.6061826544899446,23.170926769032988,25.863721438076453,0.016666666666666666,0.15075,1.5392469086379983,0.16431736386936055,1.5677428805026543,1.1942432911846537,0.1635782003861708,-0.013567363869360555,-0.012828200386170802,,,,,13
barabasi_albert,60,0.25,1.25,116,3.8666666666666667,3.1169785940162553,0.8061151536248936,2.0,17.0,232.0,1712.0,0.6767802592606588,18.338601895802285,24.935034440447577,0.009,0.18875,1.6519993236429362,0.19070749535731102,1.684718879212502,0.854482408780829,0.2006267579151401,-0.0019574953573110176,-0.01187675791514009,,,,,14
barabasi_albert,60,0.25,1.25,116,3.8666666666666667,2.6486894033758572,0.6850058801834114,2.0,15.0,232.0,1550.0,0.6493913370236584,16.298197701514383,23.119184472469872,0.016,0.26175,1.736184586258824,0.21112806074536714,1.7335279244996777,1.3470397652008117,0.2122195852858033,0.05062193925463285,0.04953041471419667,,,,,15
barabasi_albert,60,0.25,1.25,116,3.8666666666666667,2.831175649011476,0.7322005988822783,2.0,18.0,232.0,1610.0,0.6833025135424232,19.199573090914676,24.871427895532463,0.009,0.1825,1.7035261607214167,0.20314260895209152,1.683737354673381,1.3217013315942026,0.20102948886200045,-0.020642608952091523,-0.018529488862000454,,,,,16
barabasi_albert,60,0.25,1.25,116,3.8666666666666667,3.084729413669139,0.7977748483627084,2.0,17.0,232.0,1700.0,0.6636633849341558,18.235133933549477,25.08717707120912,0.007666666666666666,0.1855,1.6578196563775855,0.1921013872459779,1.6330952770195404,0.8574929257125442,0.1931912693547881,-0.006601387245977891,-0.007691269354788088,,,,,17
barabasi_albert,60,0.25,1.25,116,3.8666666666666667,2.8252826800556115,0.7306765551867961,2.0,15.0,232.0,1608.0,0.6028466141421711,16.97881419032949,24.39213313043364,0.010666666666666666,0.20125,1.7045852383249458,0.20340036215651644,1.7107937492145344,1.3225230297348718,0.2019669706169631,-0.0021503621565164277,-0.0007169706169630752,,,,,18
barabasi_albert,60,0.25,1.25,116,3.8666666666666667,3.6536131279719375,0.9448999468892941,2.0,26.0,232.0,1930.0,0.6979457309958068,27.103031115302294,25.67906147655302,0.009666666666666667,0.158,1.5559050516174886,0.16813756639738556,1.5531218593915346,1.2071677124618445,0.16896782494135873,-0.010137566397385556,-0.010967824941358728,,,,,19
barabasi_albert,60,0.25,1.75,116,3.8666666666666667,4.406308608751271,1.139562571228777,2.0,23.0,232.0,2294.0,0.6294730424691101,24.78695362378467,26.77735877376454,0.016,0.28625,2.79718448000999,0.47580883084955466,2.813521484192807,1.4468195586258568,0.32052926106550766,-0.18955883084955466,-0.03427926106550766,,,,,0
barabasi_albert,60,0.25,1.75,116,3.8666666666666667,3.671814568060623,0.9496072158777473,2.0,22.0,232.0,1938.0,0.6280012287492599,23.17242741061901,25.65392453608692,0.010666666666666666,0.3595,3.0432731219159925,0.5297363252480363,3.0433387096987925,1.574106787197927,0.3766205875797987,-0.17023632524803628,-0.01712058757979873,,,,,1
barabasi_albert,60,0.25,1.75,116,3.8666666666666667,3.518838192105772,0.9100443600273548,1.0,24.0,232.0,1872.0,0.6089573463421843,25.095024095213127,26.074253781467082,0.007,0.35875,3.0964558670151057,0.540771855136626,3.075100998966726,2.4024226554427544,0.3957159741351478,-0.18202185513662594,-0.036965974135147794,,,,,2
barabasi_albert,60,0.25,1.75,116,3.8666666666666667,4.063933507767512,1.0510172864915979,2.0,30.0,232.0,2120.0,0.6722737810454216,31.060861647042167,27.138269329100215,0.01,0.29625,2.909711203403482,0.5010395744830627,2.8589793852234515,2.2575345543647707,0.35802216962739825,-0.20478957448306268,-0.06177216962739823,,,,,3
barabasi_albert,60,0.25,1.75,116,3.8666666666666667,3.6490485822410688,0.9437194609244143,2.0,25.0,232.0,1928.0,0.6568200855486529,26.123003508512852,26.183486883918054,0.01,0.3475,3.0511552203852688,0.5313861069079572,3.06581917758669,2.3672756020230534,0.3933720457230606,-0.1838861069079572,-0.04587204572306064,,,,,4
barabasi_albert,60,0.25,1.75,116,3.8666666666666667,3.057595278791634,0.7907573996874915,2.0,17.0,232.0,1690.0,0.6873572021963251,18.289800594715658,25.10896419889889,0.007,0.41175,3.258925739515078,0.5730748101891465,3.3201008325995103,2.5284768668651467,0.4405803147541036,-0.16132481018914652,-0.02883031475410358,,,,,5
barabasi_albert,60,0.25,1.75,116,3.8666666666666667,3.1169785940162553,0.8061151536248936,2.0,19.0,232.0,1712.0,0.6617750417092659,20.163590584308103,25.503035896392483,0.009,0.3975,3.237918674340155,0.5690183543727338,3.240291287161869,2.5121782818156375,0.43632584871323443,-0.17151835437273383,-0.03882584871323441,,,,,6
barabasi_albert,60,0.25,1.75,116,3.8666666666666667,3.263263533472111,0.8439474655531322,1.0,16.0,232.0,1768.0,0.6828699428252483,17.567243070183924,26.25524567756899,0.006333333333333333,0.33975,3.1862268008958665,0.5588843748100919,3.16672489547659,1.6480483452909656,0.40597432760142826,-0.2191343748100919,-0.06622432760142827,,,,,7
barabasi_albert,60,0.25,1.75,116,3.8666666666666667,3.2169688977186097,0.8319747149272266,1.0,18.0,232.0,1750.0,0.665714064857517,19.391617188667624,25.441694684029088,0.008333333333333333,0.3805,3.202571189251259,0.5621120290499083,3.234942005797786,1.6565023392678926,0.41777736591015846,-0.1816120290499083,-0.037277365910158455,,,,,8
barabasi_albert,60,0.25,1.75,116,3.8666666666666667,2.8720878971384023,0.7427813527082074,2.0,13.0,232.0,1624.0,0.6756799148667769,14.752239012211033,24.630897119065757,0.008666666666666666,0.4305,3.3244882647141685,0.5855049419853072,3.321980568824837,1.7195628955418112,0.44097199472052756,-0.15500494198530723,-0.010471994720527567,,,,,9
barabasi_albert,60,0.25,1.75,116,3.8666666666666667,3.5471428251794737,0.9173645237533121,2.0,22.0,232.0,1884.0,0.6185630522609012,23.181705024719598,26.152115059728043,0.009333333333333334,0.34275,3.086578789643257,0.5387394257109726,3.054914748611571,2.394759405757699,0.3952533973298799,-0.19598942571097255,-0.05250339732987991,,,,,10
barabasi_albert,60,0.25,1.75,116,3.8666666666666667,3.2221455929585523,0.8333135154203153,2.0,15.0,232.0,1752.0,0.6218069477287732,16.883629086935517,24.5494129309124,0.007666666666666666,0.4145,3.200742715685565,0.5617520207971559,3.15507694676781,1.6555565770787406,0.403930647220633,-0.14725202079715594,0.010569352779366992,,,,,11
barabasi_albert,60,0.25,1.75,116,3.8666666666666667,2.9691001255524463,0.7678707221256327,2.0,15.0,232.0,1658.0,0.6098313578928304,16.78159852877227,24.87994321459905,0.008666666666666666,0.417,3.290224664168847,0.5790522663923041,3.320290510237976,1.7018403435356104,0.4367819033720471,-0.16205226639230413,-0.019781903372047105,,,,,12
barabasi_albert,60,0.25,1.75,116,3.8666666666666667,2.8836705005176224,0.7457768535821437,2.0,14.0,232.0,1628.0,0.6598808446843951,15.382790552470967,24.819111962934794,0.010333333333333333,0.40975,3.320401615025942,0.5847403152053187,3.35374875193547,1.717449111220315,0.4392045482858837,-0.17499031520531866,-0.029454548285883675,,,,,13
barabasi_albert,60,0.25,1.75,116,3.8666666666666667,3.3089105289942315,0.8557527230157496,1.0,17.0,232.0,1786.0,0.6671172556012432,18.9472384684039,24.99046052138037,0.014,0.4065,3.1701301269465727,0.5556845057773835,3.1410933747062213,2.4595837191826857,0.41278363132200513,-0.1491845057773835,-0.0062836313220051565,,,,,14
barabasi_albert,60,0.25,1.75,116,3.8666666666666667,2.8134597128012255,0.7276188912416962,2.0,16.0,232.0,1604.0,0.6468471785166081,17.271857502685897,24.417613116743976,0.014,0.45225,3.3451502924916787,0.5893502165290999,3.3858832648032693,2.5953752269331987,0.4598623854802199,-0.13710021652909993,-0.007612385480219919,,,,,15
barabasi_albert,60,0.25,1.75,116,3.8666666666666667,3.04667396060396,0.7879329208458518,2.0,18.0,232.0,1686.0,0.6880385830272355,19.28627287485118,24.959700223371318,0.008666666666666666,0.415,3.26278931614097,0.5738169701659209,3.2999879270943877,2.5314744694197184,0.4374285429606522,-0.15881697016592095,-0.02242854296065222,,,,,16
barabasi_albert,60,0.25,1.75,116,3.8666666666666667,3.3589019369761632,0.8686815354248698,2.0,19.0,232.0,1806.0,0.6921241266529781,20.27450568428271,24.92722714063455,0.015,0.398,3.1525279357801486,0.5521613748741233,3.0537396681373825,2.4459268467259774,0.39677924150091876,-0.1541613748741233,0.0012207584990812648,,,,,17
barabasi_albert,60,0.25,1.75,116,3.8666666666666667,3.2013885876114574,0.8279453243822734,2.0,22.0,232.0,1744.0,0.7407524672918292,23.18336152781,25.834710056555153,0.008666666666666666,0.3775,3.208075469203618,0.5631941321794316,3.1863656481404723,2.4890240709338416,0.42625902059587867,-0.1856941321794316,-0.048759020595878666,,,,,18
barabasi_albert,60,0.25,1.75,116,3.8666666666666667,3.41792659696229,0.8839465336971439,2.0,19.0,232.0,1830.0,0.6711991422804418,20.191911626369,26.16644880310212,0.005,0.33325,3.1317873952441793,0.5479779953612599,3.0836631622095005,2.429835048034277,0.39356899904716736,-0.21472799536125992,-0.060318999047167365,,,,,19
barabasi_albert,60,0.25,2.5,116,3.8666666666666667,2.9858927568744917,0.7722136440192651,2.0,17.0,232.0,1664.0,0.6457552359634395,18.196620111047135,24.62285946903313,0.008666666666666666,0.83675,6.702627371054852,0.8948243212111723,6.553696146495422,5.2003143396115235,0.7698081015748439,-0.058074321211172286,0.06694189842515608,,,,,0
barabasi_albert,60,0.25,2.5,116,3.8666666666666667,3.427665224156071,0.8864651441782943,2.0,18.0,232.0,1834.0,0.6685921768130791,19.64520176157545,24.81289234661742,0.015666666666666666,0.8025,6.384429137943656,0.8825129198282555,6.419240788200115,3.3022909334191324,0.7328398049196934,-0.08001291982825554,0.06966019508030663,,,,,1
barabasi_albert,60,0.25,2.5,116,3.8666666666666667,3.0411985941218775,0.7865168777901408,2.0,20.0,232.0,1684.0,0.6206312331723144,21.234488374401188,24.700898878265384,0.009666666666666667,0.84825,6.662706662357251,0.8933758875359866,6.787345226644451,5.169341375966832,0.7751953537156818,-0.045125887535986675,0.07305464628431813,,,,,2
barabasi_albert,60,0.25,2.5,116,3.8666666666666667,3.495075901258162,0.903898939980559,2.0,23.0,232.0,1862.0,0.6700598828846954,24.152105311497735,24.68769007367027,0.016,0.81725,6.336244078329801,0.880486450770666,6.310981036207149,3.277367626722311,0.7298583890470874,-0.06323645077066598,0.08739161095291259,,,,,3
barabasi_albert,60,0.25,2.5,116,3.8666666666666667,3.593821859184948,0.9294366877202451,2.0,25.0,232.0,1904.0,0.7355745731025667,26.08995500532395,25.77052843040459,0.007333333333333333,0.77025,6.2659693276709225,0.8774482571862066,6.278663317257151,3.241018617760822,0.7303887028806241,-0.10719825718620657,0.039861297119375916,,,,,4
barabasi_albert,60,0.25,2.5,116,3.8666666666666667,2.6106618998935027,0.6751711810069404,2.0,14.0,232.0,1538.0,0.6094146979869973,15.440726427579595,23.80458467987868,0.010333333333333333,0.888,6.9717783110879825,0.9039422024757381,6.917837181482797,5.409138344809642,0.7929023549653402,-0.015942202475738076,0.09509764503465978,,,,,5
barabasi_albert,60,0.25,2.5,116,3.8666666666666667,3.4807406619217627,0.9001915504970076,1.0,21.0,232.0,1856.0,0.7917077923341576,22.126035660423234,25.155378098783615,0.009,0.77875,6.346477588219924,0.8809206333533376,6.5341363651819435,3.2826608214930637,0.7154314035764291,-0.10217063335333754,0.06331859642357096,,,,,6
barabasi_albert,60,0.25,2.5,116,3.8666666666666667,3.030218180630269,0.783677115680242,2.0,20.0,232.0,1680.0,0.6539966539905515,21.170539628702763,24.96239210552569,0.009666666666666667,0.84225,6.670633740309425,0.8936655864909178,6.646193918416049,5.175491695067657,0.76800405145565,-0.05141558649091771,0.07424594854435007,,,,,7
barabasi_albert,60,0.25,2.5,116,3.8666666666666667,3.3983656202487817,0.8788876604091677,2.0,21.0,232.0,1822.0,0.6610505002766947,22.17562136900998,25.68173930405711,0.008333333333333333,0.741,6.40541909858486,0.8833816091325755,6.376567103076147,3.313147809612858,0.7258451229967239,-0.14238160913257547,0.015154877003276113,,,,,8
barabasi_albert,60,0.25,2.5,116,3.8666666666666667,3.9600785626325923,1.024158248956705,2.0,21.0,232.0,2070.0,0.6783350373216329,22.3869882508877,26.625989773705985,0.008,0.6865,6.009475430882023,0.8654663878466761,6.092364747170048,3.108349360801046,0.6919889388283309,-0.17896638784667607,-0.005488938828330903,,,,,9
barabasi_albert,60,0.25,2.5,116,3.8666666666666667,2.704728370013439,0.6994987163827859,2.0,14.0,232.0,1568.0,0.5336923042983751,15.738774905125538,24.052217122121004,0.010666666666666666,0.86975,6.904761904761905,0.9017729078202186,6.904464285714285,5.357142857142857,0.7848420979600812,-0.03202290782021855,0.08490790203991883,,,,,10
barabasi_albert,60,0.25,2.5,116,3.8666666666666667,3.480740661921763,0.9001915504970077,2.0,22.0,232.0,1856.0,0.6557848654555467,23.122227032176937,25.107433544611805,0.011666666666666667,0.77375,6.346477588219924,0.8809206333533376,6.1574510359156145,3.2826608214930637,0.7230293004952014,-0.10717063335333754,0.05072069950479863,,,,,11
barabasi_albert,60,0.25,2.5,116,3.8666666666666667,3.427665224156071,0.8864651441782943,2.0,16.0,232.0,1834.0,0.6741673051335081,17.51470552561298,25.986495737524827,0.007,0.73775,6.384429137943656,0.8825129198282555,6.220690545828289,3.3022909334191324,0.720189526196061,-0.1447629198282555,0.017560473803938992,,,,,12
barabasi_albert,60,0.25,2.5,116,3.8666666666666667,3.164736253711445,0.8184662725115807,2.0,21.0,232.0,1730.0,0.6891680439932739,22.177564963753838,25.47297394624679,0.007666666666666666,0.81575,6.573530542207777,0.8900441156183962,6.614898449930291,5.1001530068853445,0.7673514089974885,-0.07429411561839627,0.048398591002511426,,,,,13
barabasi_albert,60,0.25,2.5,116,3.8666666666666667,3.148897514298545,0.8143700468013478,2.0,18.0,232.0,1724.0,0.6729495090540093,19.31421822380188,24.99693982293219,0.009333333333333334,0.7865,6.5849594651383265,0.8904787049468845,6.566368308027697,3.4060135164508583,0.7487211597629116,-0.10397870494688455,0.03777884023708833,,,,,14
barabasi_albert,60,0.25,2.5,116,3.8666666666666667,3.2836294282732665,0.8492145073120517,2.0,22.0,232.0,1776.0,0.6386804713690413,23.14621062928847,24.719093108267266,0.01,0.83375,6.487841867068902,0.8867124449373037,6.431772371622897,5.033670414105182,0.7503922462567286,-0.05296244493730373,0.08335775374327137,,,,,15
barabasi_albert,60,0.25,2.5,116,3.8666666666666667,3.47115094585195,0.8977114515134353,2.0,23.0,232.0,1852.0,0.7062839421406003,24.166624299967992,25.114869330993116,0.017,0.81,6.353327539040825,0.8812101076369577,6.3296394859319,4.929305849255812,0.7428196639305957,-0.07121010763695768,0.06718033606940432,,,,,16
barabasi_albert,60,0.25,2.5,116,3.8666666666666667,3.2887011958454897,0.8505261713393508,2.0,19.0,232.0,1778.0,0.6416790528489427,20.2503823088351,24.92236203503008,0.013333333333333334,0.8105,6.484191885420198,0.8865676034655909,6.501101092707608,3.353892354527688,0.7435893949222518,-0.07606760346559094,0.06691060507774815,,,,,17
barabasi_albert,60,0.25,2.5,116,3.8666666666666667,3.495075901258162,0.903898939980559,2.0,19.0,232.0,1862.0,0.7649403881334217,20.724036952335915,25.702161922674023,0.008666666666666666,0.7765,6.336244078329801,0.880486450770666,6.427327586955791,4.916051440083466,0.7328079772414466,-0.10398645077066604,0.04369202275855333,,,,,18
barabasi_albert,60,0.25,2.5,116,3.8666666666666667,3.25303277300156,0.8413015792245413,2.0,16.0,232.0,1764.0,0.7887638815901501,17.867819110692444,25.487042767866313,0.009,0.7835,6.509871953780914,0.8875815249731899,6.57693485882202,3.3671751485073695,0.7414393483306015,-0.1040815249731899,0.04206065166939843,,,,,19
barabasi_albert,60,0.35,0.75,116,3.8666666666666667,2.8311756490114766,0.7322005988822784,2.0,14.0,232.0,1610.0,0.64855969629559,15.3863113288165,48.80707444204249,0.009,0.02175,0.3128925601325051,0.0033140507613458334,0.31328367583267075,0.24276146906832297,0.007382666267679547,0.018435949238654166,0.01436733373232045,,,,,0
barabasi_albert,60,0.35,0.75,116,3.8666666666666667,2.980305726300948,0.7707687223192107,2.0,17.0,232.0,1662.0,0.5173805276360083,18.20185354198926,48.80870575714324,0.008666666666666666,0.027,0.3079588328715742,0.003182295862298432,0.3099964053218237,0.23893357722794556,0.007408435577450249,0.023817704137701567,0.01959156442254975,,,,,1
barabasi_albert,60,0.35,0.75,116,3.8666666666666667,3.242769735204082,0.8386473453114005,1.0,19.0,232.0,1760.0,0.5562386245440379,20.336734334824794,48.24800734135926,0.013333333333333334,0.02625,0.2992621838484799,0.002957876452407369,0.3011841694257827,0.23218617712382064,0.007994003688548317,0.02329212354759263,0.01825599631145168,,,,,2
barabasi_albert,60,0.35,0.75,116,3.8666666666666667,3.2632635334721107,0.843947465553132,2.0,21.0,232.0,1768.0,0.6606539913699544,22.21964605544246,49.61840700625864,0.009666666666666667,0.0295,0.2985843524371387,0.0029408008473988446,0.2989189728321114,0.23166027344260764,0.007824883635353145,0.026559199152601153,0.021675116364646856,,,,,3
barabasi_albert,60,0.35,0.75,116,3.8666666666666667,2.974708202309747,0.7693210868042448,2.0,16.0,232.0,1660.0,0.6888485841969245,17.554722807520164,48.18743454068036,0.009,0.02875,0.3081442943956848,0.00318719018604287,0.31165740499342875,0.2390774697897555,0.007767473904269443,0.02556280981395713,0.020982526095730557,,,,,4
barabasi_albert,60,0.35,0.75,116,3.8666666666666667,3.1169785940162553,0.8061151536248936,2.0,20.0,232.0,1712.0,0.7231271300566062,21.18948030186924,50.2703094109952,0.007333333333333333,0.017,0.30342844719972295,0.003064148846827055,0.3063581011726859,0.2354186228273713,0.007899647964666141,0.013935851153172946,0.00910035203533386,,,,,5
barabasi_albert,60,0.35,0.75,116,3.8666666666666667,3.1699982474583304,0.8198271329633613,2.0,16.0,232.0,1732.0,0.5846317247891936,17.50873772765432,49.07963589709169,0.009333333333333334,0.02475,0.30167146400337186,0.0030190550808212023,0.3076658840424044,0.23405544620951266,0.008386025407429982,0.021730944919178798,0.016363974592570017,,,,,6
barabasi_albert,60,0.35,0.75,116,3.8666666666666667,3.24790530786981,0.8399755106559853,2.0,20.0,232.0,1762.0,0.6706056524381774,21.268123157385784,47.62062676164385,0.014333333333333333,0.036,0.2990922932961286,0.002953591029849885,0.30321770423814415,0.23205436548837563,0.008538190724605259,0.03304640897015011,0.02746180927539474,,,,,7
barabasi_albert,60,0.35,0.75,116,3.8666666666666667,3.1699982474583304,0.8198271329633613,2.0,22.0,232.0,1732.0,0.7119374791845324,23.157218003344866,49.15055493475311,0.007666666666666666,0.02125,0.30167146400337186,0.0030190550808212023,0.29227673845412894,0.23405544620951266,0.006661662759982303,0.018230944919178798,0.014588337240017698,,,,,8
barabasi_albert,60,0.35,0.75,116,3.8666666666666667,2.9238483012784515,0.7561676641237375,2.0,16.0,232.0,1642.0,0.7308578403284449,17.390599712747353,49.32822881911542,0.006333333333333333,0.02075,0.30982866688826793,0.0032318492866314987,0.3085733266000138,0.24038431051675963,0.007383774665609224,0.017518150713368503,0.013366225334390778,,,,,9
barabasi_albert,60,0.35,0.75,116,3.8666666666666667,2.7414513593269447,0.7089960412052443,2.0,14.0,232.0,1580.0,0.6575362825267375,15.879536863492802,46.80923425160955,0.011333333333333334,0.03175,0.31584909094867014,0.003394558791067157,0.32020563013416903,0.24505532918431305,0.007477103043605691,0.028355441208932845,0.02427289695639431,,,,,10
barabasi_albert,60,0.35,0.75,116,3.8666666666666667,3.0575952787916334,0.7907573996874914,2.0,16.0,232.0,1690.0,0.6425556315564607,17.757804639421224,48.61867192726027,0.012333333333333333,0.024,0.3053970393131581,0.0031151551145716517,0.30338958032629365,0.23694597877745024,0.0074689724339987084,0.02088484488542835,0.01653102756600129,,,,,11
barabasi_albert,60,0.35,0.75,116,3.8666666666666667,2.8311756490114766,0.7322005988822784,1.0,17.0,232.0,1610.0,0.6181216073708415,18.22688915765208,49.815573243115786,0.007666666666666666,0.0155,0.3128925601325051,0.0033140507613458334,0.31041099844869563,0.24276146906832297,0.007202108188976158,0.012185949238654167,0.008297891811023842,,,,,12
barabasi_albert,60,0.35,0.75,116,3.8666666666666667,2.6861786157207703,0.694701366134682,2.0,13.0,232.0,1562.0,0.6726625323418254,14.543701773285454,48.10368240717673,0.007666666666666666,0.023,0.3176637511526155,0.003444552886346935,0.31617127921832094,0.24646325520461554,0.006891046265192616,0.019555447113653063,0.016108953734807384,,,,,13
barabasi_albert,60,0.35,0.75,116,3.8666666666666667,4.14112169452781,1.0709797485847785,2.0,24.0,232.0,2158.0,0.6429415215743389,25.594845319503897,54.47510155449903,0.009666666666666667,0.02075,0.27026042450344145,0.0022798739237854145,0.2711399357987005,0.2096848121147391,0.008818301458999716,0.018470126076214587,0.011931698541000285,,,,,14
barabasi_albert,60,0.35,0.75,116,3.8666666666666667,3.084729413669139,0.7977748483627084,2.0,18.0,232.0,1700.0,0.7017975853771952,19.21303775776333,48.411996894798115,0.010333333333333333,0.0255,0.30449748790608716,0.0030917844850817775,0.30741777631380723,0.23624805096161935,0.007934042274474093,0.02240821551491822,0.017565957725525903,,,,,15
barabasi_albert,60,0.35,0.75,116,3.8666666666666667,3.3786913969102823,0.873799499200935,2.0,22.0,232.0,1814.0,0.7109883700275289,23.12453497900126,51.367622400896856,0.011,0.0185,0.29477424344321423,0.0028459294145617192,0.29354178216674903,0.22870415439559727,0.008127701843167315,0.01565407058543828,0.010372298156832684,,,,,16
barabasi_albert,60,0.35,0.75,116,3.8666666666666667,3.21696889771861,0.8319747149272267,1.0,14.0,232.0,1750.0,0.7115505916882574,16.043460233244225,48.189872213314025,0.007333333333333333,0.03075,0.30011600065869776,0.002979470630654843,0.3148695480186652,0.23284862120071378,0.008892177122328971,0.027770529369345157,0.02185782287767103,,,,,17
barabasi_albert,60,0.35,0.75,116,3.8666666666666667,3.0793217146349328,0.7963763055090344,2.0,17.0,232.0,1698.0,0.6355269761102712,18.271231584587742,49.720340511238376,0.006666666666666667,0.0185,0.30467676227422696,0.00309643359327974,0.30482122108392606,0.2363871431437968,0.007558483506427516,0.015403566406720259,0.010941516493572483,,,,,18
barabasi_albert,60,0.35,0.75,116,3.8666666666666667,3.0081371127142607,0.7779664946674812,2.0,16.0,232.0,1672.0,0.6453185079414262,17.556911201161185,48.90941358238134,0.009333333333333334,0.02475,0.3070365222262678,0.0031580236669560982,0.3096635372979021,0.2382179913824492,0.0076353342868789595,0.021591976333043904,0.017114665713121043,,,,,19
barabasi_albert,60,0.35,1.25,116,3.8666666666666667,3.237626016423487,0.8373170732129708,2.0,18.0,232.0,1758.0,0.6476581893986678,19.47038105231909,51.043571011756875,0.011,0.0595,0.8317565673168225,0.039066668679508885,0.8032187126795727,0.6453283711940864,0.05974211251176234,0.020433331320491112,-0.0002421125117623435,,,,,0
barabasi_albert,60,0.35,1.25,116,3.8666666666666667,3.388542787426805,0.8763472726103806,2.0,17.0,232.0,1818.0,0.5897699019362858,18.7781380972745,50.14716166816107,0.008333333333333333,0.06825,0.8179160577122929,0.03748511417652771,0.8107416647060666,0.6345900447767789,0.06479012367305316,0.030764885823472296,0.003459876326946845,,,,,1
barabasi_albert,60,0.35,1.25,116,3.8666666666666667,3.100895927882062,0.8019558434177746,2.0,18.0,232.0,1706.0,0.624883077384778,19.19382541996984,47.7472075670442,0.013333333333333334,0.08775,0.8443376600569356,0.04053573486643398,0.8477950771994102,0.6550895638372776,0.06811612882272775,0.04721426513356602,0.01963387117727225,,,,,2
barabasi_albert,60,0.35,1.25,116,3.8666666666666667,3.3934577580331764,0.8776183856982352,2.0,21.0,232.0,1820.0,0.5951913779970068,22.165054926574065,51.52364118838874,0.006666666666666667,0.063,0.8174665297543402,0.037434353878485246,0.8280548354522359,0.6342412730852639,0.06377425283563248,0.025565646121514754,-0.0007742528356324829,,,,,3
barabasi_albert,60,0.35,1.25,116,3.8666666666666667,3.3389951915043072,0.8635332391821484,2.0,22.0,232.0,1798.0,0.659849327167694,23.17096176915031,51.93630515929062,0.004666666666666667,0.04925,0.8224525099059115,0.03799950436938018,0.822257531940201,0.638109705961483,0.06041279624208524,0.01125049563061982,-0.011162796242085236,,,,,4
barabasi_albert,60,0.35,1.25,116,3.8666666666666667,3.612324582438417,0.9342218747685561,2.0,20.0,232.0,1912.0,0.6237711911017892,21.58048279045489,51.63625830099298,0.008666666666666666,0.05875,0.7975569980119633,0.03522449032188883,0.811651755304416,0.6187942225954888,0.06349833506848997,0.023525509678111164,-0.00474833506848997,,,,,5
barabasi_albert,60,0.35,1.25,116,3.8666666666666667,3.9474323581566564,1.020887678833618,2.0,23.0,232.0,2064.0,0.7126952678577246,24.19729885672332,51.62573202113734,0.011,0.06825,0.7676280350585044,0.03204331250581966,0.7772730166196921,0.39704898365095054,0.06368895369111441,0.036206687494180344,0.004561046308885597,,,,,6
barabasi_albert,60,0.35,1.25,116,3.8666666666666667,2.8546258754675518,0.7382653126209185,2.0,15.0,232.0,1618.0,0.5817319858679096,16.578303860280208,49.03294816719171,0.008333333333333333,0.0695,0.8669946455826646,0.04325679366121068,0.8727870667061696,0.6726682595037915,0.06953307648857615,0.026243206338789328,-3.307648857614476e-05,,,,,7
barabasi_albert,60,0.35,1.25,116,3.8666666666666667,2.8546258754675518,0.7382653126209185,2.0,13.0,232.0,1618.0,0.542814944636726,14.714184353687108,46.94832609519449,0.014333333333333333,0.0915,0.8669946455826646,0.04325679366121068,0.8554098033356549,0.6726682595037915,0.06952313592051913,0.04824320633878932,0.021976864079480865,,,,,8
barabasi_albert,60,0.35,1.25,116,3.8666666666666667,3.8230296304835973,0.9887145596078268,1.0,27.0,232.0,2006.0,0.5831971930570965,28.071498375814045,51.70656192849255,0.012333333333333333,0.0565,0.7786462738337376,0.033194806283649084,0.7959308786192707,0.6041221090089344,0.05800488187752903,0.023305193716350918,-0.0015048818775290282,,,,,9
barabasi_albert,60,0.35,1.25,116,3.8666666666666667,3.25303277300156,0.8413015792245413,2.0,19.0,232.0,1764.0,0.6604566172064693,20.126904865665445,49.6531420517626,0.012666666666666666,0.0715,0.8303408104312392,0.03890322725336394,0.8187088809747671,0.4294866260851237,0.06501698700679363,0.032596772746636055,0.006483012993206361,,,,,10
barabasi_albert,60,0.35,1.25,116,3.8666666666666667,3.2632635334721107,0.843947465553132,2.0,18.0,232.0,1768.0,0.6170603925632637,19.55072851713325,48.623189273299154,0.015,0.08425,0.8294009789920521,0.03879493812649596,0.8358538616087791,0.4290005063751993,0.06610797043307977,0.045455061873504045,0.018142029566920237,,,,,11
barabasi_albert,60,0.35,1.25,116,3.8666666666666667,3.626139667592643,0.9377947416187871,2.0,21.0,232.0,1918.0,0.7350447633295893,22.19353591043447,50.28543372250061,0.011666666666666667,0.07225,0.7963085386011128,0.035088412445065977,0.8045118894944604,0.4118837268626446,0.06578218982323215,0.03716158755493402,0.006467810176767841,,,,,12
barabasi_albert,60,0.35,1.25,116,3.8666666666666667,3.1116269413639897,0.8047311055251697,2.0,17.0,232.0,1710.0,0.6056763644785097,18.185345990182547,51.07309183648881,0.005666666666666667,0.05925,0.8433495524509488,0.04041927287516714,0.8387874675874748,0.654322928625736,0.06685999191427065,0.018830727124832858,-0.007609991914270656,,,,,13
barabasi_albert,60,0.35,1.25,116,3.8666666666666667,3.0793217146349323,0.7963763055090343,2.0,15.0,232.0,1698.0,0.6637843446194731,16.50581782739564,49.41938504875952,0.009333333333333334,0.07,0.8463243396506306,0.04077045083445248,0.8542221508374566,0.6566309531772133,0.07013754588167732,0.029229549165547528,-0.0001375458816773173,,,,,14
barabasi_albert,60,0.35,1.25,116,3.8666666666666667,3.5188381921057723,0.9100443600273549,1.0,17.0,232.0,1872.0,0.6352331043281255,18.67065235168525,51.04901159971564,0.011666666666666667,0.0685,0.8060328683400422,0.03615611570817783,0.8009951629129168,0.41691355258967694,0.06671917788356771,0.032343884291822174,0.0017808221164322957,,,,,15
barabasi_albert,60,0.35,1.25,116,3.8666666666666667,3.1961782734314985,0.8265978293357323,2.0,16.0,232.0,1742.0,0.6885683858813502,17.459901455743957,49.845247782066735,0.008333333333333333,0.0695,0.835567613927688,0.039508516451254985,0.8409339748964476,0.432190145135011,0.06959681429672131,0.02999148354874502,-9.681429672130093e-05,,,,,16
barabasi_albert,60,0.35,1.25,116,3.8666666666666667,3.383620677453205,0.8750743131344496,1.0,21.0,232.0,1816.0,0.6636367235155031,22.172021120000686,51.24241305156728,0.007666666666666666,0.06075,0.8183663280781969,0.037535996602464816,0.8251566521366044,0.6349393924744631,0.06470757663107161,0.023214003397535182,-0.003957576631071616,,,,,17
barabasi_albert,60,0.35,1.25,116,3.8666666666666667,3.164736253711445,0.8184662725115807,2.0,18.0,232.0,1730.0,0.6641437622438683,19.267838539471917,50.193651337041246,0.008666666666666666,0.069,0.8384605283428289,0.03984575063775953,0.8326238311304424,0.43368648017732525,0.06716960193304639,0.029154249362240474,0.0018303980669536202,,,,,18
barabasi_albert,60,0.35,1.25,116,3.8666666666666667,2.9066972475455515,0.751732046779022,2.0,17.0,232.0,1636.0,0.7225013694736845,18.303283199243765,48.58976291578576,0.009333333333333334,0.07775,0.862211923340855,0.042674322628329917,0.8712056856446688,0.6689575267299736,0.07051229975035196,0.03507567737167008,0.007237700249648038,,,,,19
barabasi_albert,60,0.35,1.75,116,3.8666666666666667,3.2427697352040825,0.8386473453114006,2.0,15.0,232.0,1760.0,0.7215745292062776,16.959646686985362,49.74852396495705,0.008333333333333333,0.17675,1.6293163342861685,0.18530292693937608,1.6410446027269354,0.8427498280790526,0.18855000634045968,-0.008552926939376093,-0.01180000634045969,,,,,0
barabasi_albert,60,0.35,1.75,116,3.8666666666666667,3.132978703335781,0.8102531129316676,2.0,20.0,232.0,1718.0,0.6379740092386817,21.163014433210034,47.806332718428806,0.018333333333333333,0.199,1.6491120520094396,0.19001709322248123,1.655758257908702,1.2794834886280135,0.1921564512621128,0.008982906777518784,0.006843548737887201,,,,,1
barabasi_albert,60,0.35,1.75,116,3.8666666666666667,3.475949110994322,0.8989523562916351,1.0,17.0,232.0,1854.0,0.5538506127587106,18.752331794614584,50.64849059543391,0.011666666666666667,0.1575,1.5874749481535835,0.17545553856066973,1.6171716777871463,1.2316615977053664,0.1775263977792816,-0.017955538560669726,-0.020026397779281585,,,,,2
barabasi_albert,60,0.35,1.75,116,3.8666666666666667,3.2117838587855747,0.8306337565824762,2.0,18.0,232.0,1748.0,0.7025873558694158,19.30247463031369,49.66321119557651,0.008333333333333333,0.17475,1.6348993877717013,0.18662901133618773,1.6415940188854214,0.8456376143646731,0.18716878526619649,-0.01187901133618774,-0.012418785266196497,,,,,3
barabasi_albert,60,0.35,1.75,116,3.8666666666666667,3.04667396060396,0.7879329208458518,2.0,18.0,232.0,1686.0,0.610491635774838,19.173403535645427,50.23296183971398,0.007333333333333333,0.1625,1.664688426602536,0.19374999854545988,1.6584817219085222,1.291568606846795,0.19224439858116596,-0.031249998545459873,-0.029744398581165954,,,,,4
barabasi_albert,60,0.35,1.75,116,3.8666666666666667,2.918142483765238,0.7546920216634236,2.0,16.0,232.0,1640.0,0.6130116980476639,17.22165194251204,47.54218086687618,0.013,0.21375,1.6878732147764808,0.1993429193146023,1.7012234188674928,1.3095568045679593,0.20328402819220803,0.0144070806853977,0.010465971807791963,,,,,5
barabasi_albert,60,0.35,1.75,116,3.8666666666666667,3.2221455929585523,0.8333135154203153,2.0,18.0,232.0,1752.0,0.7187878351609708,19.783949855366732,49.99012262524463,0.011,0.158,1.633031997798758,0.18618516276038927,1.5992803235339088,1.2670075844990363,0.17948590730783037,-0.028185162760389265,-0.02148590730783037,,,,,6
barabasi_albert,60,0.35,1.75,116,3.8666666666666667,3.0575952787916334,0.7907573996874914,2.0,14.0,232.0,1690.0,0.7290001452355218,15.705453101041238,48.356621622801235,0.006666666666666667,0.20825,1.6627172140383053,0.19327647804086562,1.6972615975368595,0.8600261451922269,0.20421527368108702,0.014973521959134373,0.004034726318912968,,,,,7
barabasi_albert,60,0.35,1.75,116,3.8666666666666667,3.5377331097124256,0.9149309766497652,2.0,20.0,232.0,1880.0,0.7499965937794528,21.480773113057314,50.77459985042513,0.010333333333333333,0.15025,1.576459509879152,0.17289080035062698,1.564873891498359,0.8154100913168029,0.16845403711720724,-0.02264080035062699,-0.01820403711720725,,,,,8
barabasi_albert,60,0.35,1.75,116,3.8666666666666667,3.528298299306464,0.9124909394758096,2.0,20.0,232.0,1876.0,0.6899072455836717,21.212862460706454,50.90950121755464,0.011333333333333334,0.142,1.57813927541682,0.17328112854352173,1.5579703833840142,1.2244184033406362,0.16433660983559295,-0.03128112854352175,-0.022336609835592963,,,,,9
barabasi_albert,60,0.35,1.75,116,3.8666666666666667,3.7392809766347086,0.967055424991735,2.0,19.0,232.0,1968.0,0.7475425221684674,20.39518012744414,48.49805698023034,0.016,0.17575,1.5408103899030676,0.16467467041588582,1.5218159169930559,0.796970891329173,0.15693347190432427,0.011075329584114169,0.018816528095675716,,,,,10
barabasi_albert,60,0.35,1.75,116,3.8666666666666667,3.8143005766311715,0.9864570456804754,2.0,20.0,232.0,2002.0,0.6934011213408164,21.82822750990856,51.35256301488949,0.010333333333333333,0.139,1.5276705579991172,0.1616799570324034,1.5042945645469756,1.1852616398269014,0.1506819196230265,-0.022679957032403386,-0.011681919623026477,,,,,11
barabasi_albert,60,0.35,1.75,116,3.8666666666666667,2.997035572398536,0.7750954066547938,2.0,14.0,232.0,1668.0,0.611156226353165,15.794173971522728,48.109561517353136,0.01,0.19775,1.6736464559057393,0.19590587173184634,1.6600480784515048,0.8656792013305548,0.1987052864558382,0.0018441282681536664,-0.0009552864558382002,,,,,12
barabasi_albert,60,0.35,1.75,116,3.8666666666666667,3.575223380744512,0.9246267363994428,2.0,19.0,232.0,1896.0,0.6499185703237378,20.480247401819113,51.3796297834828,0.009666666666666667,0.142,1.569793689282275,0.17134463615735057,1.5659707003407037,0.8119622530770387,0.16831695971269692,-0.029344636157350584,-0.02631695971269693,,,,,13
barabasi_albert,60,0.35,1.75,116,3.8666666666666667,3.8360859682175468,0.9920911986769517,2.0,26.0,232.0,2012.0,0.7185074654314274,27.094468526909502,51.804462136978856,0.010666666666666666,0.1425,1.5238694310386267,0.16081712744940094,1.4775950338762684,0.7882083263992897,0.15139166808200355,-0.01831712744940095,-0.008891668082003562,,,,,14
barabasi_albert,60,0.35,1.75,116,3.8666666666666667,2.6985592864012125,0.6979032637244514,2.0,15.0,232.0,1566.0,0.6518789287795816,16.491555839198597,47.500479247867545,0.01,0.203,1.7272924172386699,0.20894633902631463,1.710912920178648,1.3401406685472437,0.20542702945954727,-0.005946339026314612,-0.0024270294595472586,,,,,15
barabasi_albert,60,0.35,1.75,116,3.8666666666666667,3.0025914733036116,0.7765322775785203,2.0,17.0,232.0,1670.0,0.679922496166805,18.40552536350601,49.0981489199333,0.008333333333333333,0.181,1.6726439721644586,0.19566428744950623,1.671274134428634,1.297741012886218,0.19268197023276412,-0.014664287449506236,-0.011681970232764127,,,,,16
barabasi_albert,60,0.35,1.75,116,3.8666666666666667,4.525728916121935,1.1704471334798108,2.0,34.0,232.0,2358.0,0.658376271047987,35.039483522357,54.32409242957129,0.010666666666666666,0.12,1.40763431350945,0.13524721183669933,1.428324110962326,1.0921300708262973,0.1370251282877724,-0.015247211836699331,-0.017025128287772417,,,,,17
barabasi_albert,60,0.35,1.75,116,3.8666666666666667,3.537733109712426,0.9149309766497653,2.0,18.0,232.0,1880.0,0.7506475446820449,19.44961504411826,49.50452032644395,0.013,0.16475,1.576459509879152,0.17289080035062698,1.5591660208591416,1.2231151369752042,0.16668488886905553,-0.008140800350626975,-0.0019348888690555177,,,,,18
barabasi_albert,60,0.35,1.75,116,3.8666666666666667,3.3389951915043072,0.8635332391821484,2.0,17.0,232.0,1798.0,0.515053937916484,18.332897674159945,49.93525186508424,0.008,0.1695,1.6120069194155864,0.1812094061687357,1.6001600582190194,0.8337966824563378,0.1816025338191236,-0.011709406168735698,-0.012102533819123601,,,,,19
barabasi_albert,60,0.35,2.5,116,3.8666666666666667,2.8546258754675518,0.7382653126209185,2.0,15.0,232.0,1618.0,0.5266494955264578,16.95737416089135,47.129167383704704,0.014333333333333333,0.50275,3.4679785823306584,0.6115001622393615,3.448321720969603,2.690673038015166,0.4715075158287557,-0.10875016223936151,0.03124248417124431,,,,,0
barabasi_albert,60,0.35,2.5,116,3.8666666666666667,2.9066972475455515,0.751732046779022,2.0,19.0,232.0,1636.0,0.6643268418202074,20.220621334948127,48.324703928871784,0.012666666666666666,0.46675,3.44884769336342,0.6081296236002691,3.4230556642772743,2.675830106919894,0.47263903245398775,-0.14137962360026912,-0.0058890324539877525,,,,,1
barabasi_albert,60,0.35,2.5,116,3.8666666666666667,2.77168220079832,0.7168143622754276,2.0,17.0,232.0,1590.0,0.6093428240511434,18.264381443583147,46.45025658584832,0.016,0.5285,3.4983809799022714,0.6167967523649783,3.508634855188191,2.7142611050965897,0.4895902343635376,-0.08829675236497836,0.03890976563646237,,,,,2
barabasi_albert,60,0.35,2.5,116,3.8666666666666667,3.2988213383301344,0.8531434495681381,2.0,21.0,232.0,1782.0,0.6617130987037605,22.193408484412423,50.42596221983512,0.006666666666666667,0.379,3.304546104593782,0.5817609030428905,3.2727825795366954,2.563871977702072,0.43282268388535294,-0.20276090304289052,-0.05382268388535294,,,,,3
barabasi_albert,60,0.35,2.5,116,3.8666666666666667,3.5845346823386834,0.9270348316393147,2.0,23.0,232.0,1900.0,0.6583530837386072,24.145958170115534,50.66879046127025,0.009666666666666667,0.37625,3.2002865393143636,0.5616621619987711,3.2082182839699915,1.6553206237832916,0.41024474219128654,-0.18541216199877109,-0.033994742191286564,,,,,4
barabasi_albert,60,0.35,2.5,116,3.8666666666666667,3.3934577580331764,0.8776183856982352,1.0,17.0,232.0,1820.0,0.5365034638721017,18.53709021359652,51.06130844792411,0.008666666666666666,0.36725,3.269866119017361,0.5751732253056989,3.305876929078091,1.6913100615607037,0.4205336077240861,-0.2079232253056989,-0.05328360772408608,,,,,5
barabasi_albert,60,0.35,2.5,116,3.8666666666666667,3.752628708281998,0.9705074245556892,2.0,27.0,232.0,1974.0,0.7624592951092093,28.095997935190773,51.522191180014765,0.015,0.368,3.1397284707989255,0.5495838136055391,3.1842530685098236,2.4359962273439937,0.4064577239194157,-0.1815838136055391,-0.03845772391941571,,,,,6
barabasi_albert,60,0.35,2.5,116,3.8666666666666667,3.707949418329339,0.958952435774829,2.0,23.0,232.0,1954.0,0.639168050346986,24.138793701518118,52.303887672689754,0.009333333333333334,0.32175,3.155755774894309,0.552809310625666,3.0964493301592264,1.6322874697729184,0.39137765214459475,-0.23105931062566598,-0.06962765214459476,,,,,7
barabasi_albert,60,0.35,2.5,116,3.8666666666666667,4.2913349386357105,1.1098280013713044,1.0,28.0,232.0,2234.0,0.6684669244133976,29.09610378158164,54.26683107147914,0.011,0.27625,2.9513728709978975,0.5101396087797141,2.910791494021676,1.5265721746540848,0.34868008886525786,-0.2338896087797141,-0.07243008886525787,,,,,8
barabasi_albert,60,0.35,2.5,116,3.8666666666666667,2.9858927568744917,0.7722136440192651,2.0,16.0,232.0,1664.0,0.7090438320073786,17.44933143105967,49.14172114195753,0.009333333333333334,0.42425,3.419707842374925,0.6029395820320118,3.340184894919698,1.7688144012284095,0.44564681953426144,-0.1786895820320118,-0.021396819534261424,,,,,9
barabasi_albert,60,0.35,2.5,116,3.8666666666666667,3.1436002007606216,0.8130000519208505,2.0,20.0,232.0,1722.0,0.6878812449583761,21.147720993428514,48.4992621588305,0.008333333333333333,0.4595,3.361623660057639,0.5923912718821838,3.3732154657819757,2.608156287975754,0.4468843890549094,-0.13289127188218375,0.012615610945090616,,,,,10
barabasi_albert,60,0.35,2.5,116,3.8666666666666667,3.035713352007326,0.7850982806915497,2.0,15.0,232.0,1682.0,0.6491500543998735,16.59486934228974,49.15793467954174,0.01,0.42275,3.4013605442176877,0.5996369220264796,3.386259676284307,2.638986629134413,0.44403853323210707,-0.17688692202647954,-0.021288533232107054,,,,,11
barabasi_albert,60,0.35,2.5,116,3.8666666666666667,3.5424410918022176,0.9161485582247114,1.0,19.0,232.0,1882.0,0.66587442015503,20.454752067280292,52.62926908885833,0.008,0.32575,3.2155543592730353,0.5646604962132735,3.2796575442369904,1.6632177720377768,0.40814616411723387,-0.23891049621327354,-0.08239616411723388,,,,,12
barabasi_albert,60,0.35,2.5,116,3.8666666666666667,3.196178273431498,0.8265978293357322,1.0,17.0,232.0,1742.0,0.6092190510472215,18.248637246099456,49.77627051354329,0.007333333333333333,0.39275,3.342270455710752,0.5888163373338795,3.3181398392740467,1.728760580540044,0.42681239635152807,-0.19606633733387951,-0.03406239635152808,,,,,13
barabasi_albert,60,0.35,2.5,116,3.8666666666666667,3.263263533472111,0.8439474655531322,2.0,19.0,232.0,1768.0,0.5926260114273332,20.22182609492107,49.896460296540376,0.005666666666666667,0.3985,3.3176039159682085,0.5842160768634977,3.2906483841509666,1.7160020255007973,0.4298876546488598,-0.18571607686349773,-0.031387654648859786,,,,,14
barabasi_albert,60,0.35,2.5,116,3.8666666666666667,3.3189690501051006,0.8583540646823535,2.0,20.0,232.0,1790.0,0.6266229259710724,21.19186743370134,49.799968516134,0.012,0.41025,3.297153374741734,0.5803647783283047,3.284433752886588,2.558136239023759,0.42891893518381247,-0.17011477832830468,-0.018668935183812463,,,,,15
barabasi_albert,60,0.35,2.5,116,3.8666666666666667,3.0955164709983727,0.8005646045685446,2.0,15.0,232.0,1704.0,0.6722367409149651,16.520208444631525,49.33658724502583,0.008,0.41425,3.3793320722786433,0.595635926630899,3.4126155799732842,1.7479303822130914,0.44328306737861567,-0.18138592663089903,-0.029033067378615662,,,,,16
barabasi_albert,60,0.35,2.5,116,3.8666666666666667,2.877885025886583,0.7442806101430819,2.0,16.0,232.0,1626.0,0.675823603816371,17.288510961482864,48.64614856684393,0.009333333333333334,0.46125,3.459436750191317,0.6099988355874093,3.5035743914868602,2.68404575445878,0.47225603918538456,-0.1487488355874093,-0.011006039185384564,,,,,17
barabasi_albert,60,0.35,2.5,116,3.8666666666666667,3.1752515210959618,0.8211857382144728,2.0,19.0,232.0,1734.0,0.6289657315853435,20.19595018014772,48.97960534426787,0.010333333333333333,0.44175,3.349971549919798,0.5902425078230391,3.3955282750921993,2.599115857696395,0.4500475951711271,-0.14849250782303913,-0.008297595171127103,,,,,18
barabasi_albert,60,0.35,2.5,116,3.8666666666666667,3.2221455929585523,0.8333135154203153,2.0,20.0,232.0,1752.0,0.6673107746989604,21.17816441516578,49.39777111345789,0.009333333333333334,0.4175,3.332718362854608,0.5870407251236018,3.309303143322483,1.7238198428558316,0.438176609135112,-0.16954072512360185,-0.020676609135112045,,,,,19
