graph_type,num_sensors,noise,amplitude,num_edges_mean,num_edges_ci95,mean_degree_mean,mean_degree_ci95,degree_std_mean,degree_std_ci95,degree_cv_mean,degree_cv_ci95,min_degree_mean,min_degree_ci95,max_degree_mean,max_degree_ci95,trace_L_mean,trace_L_ci95,trace_L2_mean,trace_L2_ci95,lambda_2_mean,lambda_2_ci95,lambda_max_mean,lambda_max_ci95,tau_mean,tau_ci95,pfa_mean,pfa_ci95,observed_pd_mean,observed_pd_ci95,gesnr_mean_mean,gesnr_mean_ci95,predicted_pd_mean_mean,predicted_pd_mean_ci95,mean_local_gesnr_mean,mean_local_gesnr_ci95,median_local_gesnr_mean,median_local_gesnr_ci95,predicted_pd_local_mean,predicted_pd_local_ci95,residual_mean_mean,residual_mean_ci95,residual_local_mean,residual_local_ci95,star_center_observed_pd_mean,star_center_observed_pd_ci95,star_center_predicted_pd_mean,star_center_predicted_pd_ci95,star_leaf_observed_pd_mean,star_leaf_observed_pd_ci95,star_leaf_predicted_pd_mean,star_leaf_predicted_pd_ci95,local_abs_error,old_abs_error
barabasi_albert,15,0.15,0.75,26.0,0.0,3.4666666666666672,1.9968686188423001e-16,1.8362215065439351,0.16654201990378273,0.5296792807338274,0.04804096727993731,1.9,0.13489645151589028,8.1,0.8031092211229003,52.0,0.0,284.9,9.959524782575564,0.8739783096163996,0.05579414240584189,9.572523295911616,0.7029028631155338,2.840368190474165,0.05876564919926344,0.010150000000000001,0.0008961502980667618,0.47885,0.027325097586381332,3.6384159599828627,0.05998766078942526,0.6395699709592646,0.010029882643141646,3.639840512054568,0.06514059546988316,2.9979256201466042,0.19141722820505863,0.5414372593918539,0.019476567626604328,-0.16071997095926455,0.01831517817612,-0.062587259391854,0.012946301979302554,,,,,,,,,0.06258725939185394,0.1607199709592646
barabasi_albert,15,0.15,1.25,26.0,0.0,3.4666666666666672,1.9968686188423001e-16,1.9479505647711304,0.11109673766015075,0.561908816760903,0.03204713586350503,1.6,0.2202849828840144,8.05,0.577154362276451,52.0,0.0,290.1,7.146400433637534,0.8359435611176599,0.07136557542233173,9.504409396259373,0.47666888588871364,2.871738034426663,0.038178514213877884,0.009266666666666668,0.0011081354024556017,0.94905,0.009216182980868058,10.00489924314445,0.11495681048892278,0.9594488848917185,0.0012372098836834012,9.99640405841677,0.12940098505867265,7.662444072314573,0.6552858653843224,0.9056822760260494,0.0076019699840835725,-0.010398884891718512,0.008540146276371067,0.04336772397395066,0.003908710272101728,,,,,,,,,0.0433677239739505,0.010398884891718585
barabasi_albert,15,0.15,1.75,26.0,0.0,3.4666666666666672,1.9968686188423001e-16,1.8606889311722685,0.14689721213071397,0.5367371916843082,0.04237419580693671,1.9,0.13489645151589028,8.05,0.6741074410694953,52.0,0.0,285.8,8.787962867947329,0.9121982574582514,0.04315719597043075,9.525065846844374,0.5583719620326382,2.850758973024786,0.04984473953561121,0.010233333333333334,0.0007313709629046786,0.9994125,0.000908588632237704,19.76872106455398,0.2888812264149222,0.992650442433413,0.00028989773812512207,19.792988693150157,0.3192637260610964,16.300481308881505,1.05876445477653,0.9828177720456498,0.0021676590784990278,0.006762057566587076,0.0007342418376499801,0.016594727954350335,0.0014397207868364062,,,,,,,,,0.01659472795435024,0.0067620575665869875
barabasi_albert,15,0.15,2.5,26.0,0.0,3.4666666666666672,1.9968686188423001e-16,1.9490528214599816,0.1491892061292998,0.5622267754211486,0.04303534792191341,1.9,0.1348964515158903,8.2,0.6907728699758964,52.0,0.0,290.9,8.585817387443454,0.9000323893092324,0.06671322577106834,9.68637790638028,0.5746849997100165,2.8370307941261714,0.05584077504206547,0.011766666666666665,0.0012612620060690072,1.0,0.0,39.987588348335365,0.5908443404699748,0.9987826134985804,4.59379016344098e-05,39.929053359948185,0.6513275042489687,29.53781792987339,3.3733925498321646,0.9969875011135712,0.0003368996744350363,0.001217386501419593,4.59379016344098e-05,0.003012498886428833,0.0003368996744350363,,,,,,,,,0.0030124988864288493,0.0012173865014195595
barabasi_albert,15,0.25,0.75,26.0,0.0,3.4666666666666672,1.9968686188423001e-16,2.077002826273422,0.19162620880274953,0.5991354306557948,0.05527679100079313,1.75,0.19470625648856144,8.9,0.827902358850048,52.0,0.0,299.7,13.15046306168882,0.8911910488158824,0.053414458209910635,10.291020568042269,0.7243844381780387,8.16028754029005,0.19925456877407652,0.009700000000000002,0.0011463014106144194,0.1162,0.007272793447246786,1.2785615743504002,0.02600780511032671,0.10919886184002806,0.004935664838710746,1.277982732699433,0.02764882259276476,0.9838613599117721,0.10911808164232609,0.13390758181296172,0.003941662648699691,0.007001138159971951,0.005541433148997175,-0.01770758181296172,0.005102636413636034,,,,,,,,,0.017707581812961726,0.0070011381599719424
barabasi_albert,15,0.25,1.25,26.0,0.0,3.4666666666666672,1.9968686188423001e-16,1.8855964300847874,0.15143090004318596,0.5439220471398424,0.04368199039707287,1.85,0.16055889229418857,8.2,0.7052560565235564,52.0,0.0,287.3,8.867553676777284,0.9074516627438405,0.061005352849846414,9.63766233485698,0.6028013707767692,7.93809282666431,0.16447882372220388,0.009883333333333333,0.0010821599691498525,0.472175,0.027106838320557453,3.621623106254288,0.05380855611100436,0.6369714155535164,0.008955856253525523,3.637389650507316,0.0483425073224789,2.988620039726088,0.2554481243011917,0.5358548451858919,0.017282968030024333,-0.16479641555351637,0.019463650697770004,-0.06367984518589191,0.013790795369201289,,,,,,,,,0.06367984518589187,0.16479641555351643
barabasi_albert,15,0.25,1.75,26.0,0.0,3.4666666666666672,1.9968686188423001e-16,2.090809193102871,0.11959393604104292,0.6031180364719819,0.03449825078107008,1.85,0.16055889229418857,8.8,0.4842930822071323,52.0,0.0,298.9,7.701971804947777,0.9384309954864432,0.05730937468366155,10.105315544610194,0.391193895545537,8.114097456384336,0.1449239886338858,0.010166666666666666,0.0009970447560736855,0.80375,0.022463679714503353,6.955875764764317,0.08765203279010292,0.9031592473969692,0.0028858507497111453,6.9412514157072165,0.10632985502676874,5.032938936420281,0.4910314053374037,0.8061771150454025,0.011066967111980516,-0.09940924739696907,0.02003332252114575,-0.002427115045402423,0.013364873734121733,,,,,,,,,0.002427115045402495,0.09940924739696921
barabasi_albert,15,0.25,2.5,26.0,0.0,3.4666666666666672,1.9968686188423001e-16,1.9965982605064536,0.15302647247665366,0.5759418059153231,0.04414225167595778,1.8,0.1798619353545204,8.45,0.7587717221376857,52.0,0.0,293.8,9.214743152601761,0.9412695269993041,0.04973070748494005,9.933304178807298,0.6262758866229058,8.000481472968264,0.14622046131788408,0.010433333333333333,0.000998845696364658,0.99445,0.003949962464844979,14.32707420229747,0.22308811388010058,0.983388776220148,0.0006565428745253835,14.359981422184882,0.20945334034504803,11.184858284320955,0.9266219549149847,0.9599697818238526,0.004193505648281147,0.011061223779852164,0.0037064741028853855,0.03448021817614729,0.0022553965433763255,,,,,,,,,0.034480218176147326,0.01106122377985197
barabasi_albert,15,0.35,0.75,26.0,0.0,3.4666666666666672,1.9968686188423001e-16,1.913922281001018,0.15519524207267757,0.5520929656733704,0.04476785829019545,1.6,0.2202849828840144,7.85,0.6242757487891994,52.0,0.0,289.0,9.365350697342333,0.8065945208331258,0.05959857180498697,9.379206855673363,0.5026365501879995,15.47175263032057,0.28671303693243755,0.010600000000000002,0.0006991775285106559,0.0528875,0.003441856481533431,0.6633566754711004,0.010368677586054894,0.022319483907099084,0.0008584728185934825,0.6626243077458168,0.010822752361570459,0.5295106618122986,0.06014102944074433,0.03418516332843183,0.0006522181851173871,0.030568016092900913,0.003305368650932222,0.01870233667156817,0.003685877444784187,,,,,,,,,0.01870233667156817,0.030568016092900913
barabasi_albert,15,0.35,1.25,26.0,0.0,3.4666666666666672,1.9968686188423001e-16,1.9462132608052236,0.13821029707002033,0.5614076713861222,0.03986835492404433,1.8,0.1798619353545204,8.25,0.6177642200540165,52.0,0.0,290.5,7.9316615369569385,0.8797821697944508,0.05435557605893874,9.65558131943372,0.5346881552627337,15.652363648156495,0.24134377699157672,0.010616666666666668,0.0011583643539958344,0.194775,0.009262910134395924,1.8370071741721261,0.025175948537934156,0.23628155635616724,0.006330955302391998,1.8352998720431883,0.026907404443890833,1.4602994767497248,0.11190000083294935,0.23743454605285486,0.008020599697611902,-0.04150655635616719,0.005581620577473873,-0.04265954605285488,0.005106264853474667,,,,,,,,,0.04265954605285485,0.041506556356167235
barabasi_albert,15,0.35,1.75,26.0,0.0,3.4666666666666672,1.9968686188423001e-16,1.9873153634356129,0.14648896277210502,0.5732640471448883,0.04225643156887646,1.85,0.16055889229418857,8.65,0.6711013728428656,52.0,0.0,293.1,8.954681645285948,0.8664240799292531,0.05700887737799915,9.965392717023969,0.5897807480888303,15.716742218817732,0.3062966426137102,0.009683333333333334,0.0010346133441676772,0.45168749999999996,0.025415516011773928,3.585614369356594,0.05364006819908801,0.6310371016422164,0.009011558961271792,3.589847790780419,0.05470595914010848,2.802972155339277,0.23850983066105,0.522609751036247,0.017704502932647147,-0.17934960164221647,0.01763916565194126,-0.07092225103624696,0.010977591751043413,,,,,,,,,0.070922251036247,0.17934960164221642
barabasi_albert,15,0.35,2.5,26.0,0.0,3.4666666666666672,1.9968686188423001e-16,1.983623890799065,0.13795330472374445,0.5721991992689611,0.03979422251646474,1.95,0.098,8.65,0.5910011131880155,52.0,0.0,292.7,8.389527858241518,0.8752079288999374,0.051500970946702695,9.955131912739855,0.5164129701445247,15.874323986986465,0.32858174969769577,0.009666666666666667,0.000978279190946325,0.835625,0.02352527819064779,7.321137171917196,0.10308823864886098,0.9139659718032147,0.002886666384738796,7.31104629553751,0.10758102464561513,5.514547522289414,0.5199178886002576,0.8319481925412744,0.012036163740294445,-0.0783409718032149,0.020972159602457935,0.003676807458725623,0.013451093216116657,,,,,,,,,0.0036768074587255617,0.07834097180321475
barabasi_albert,30,0.15,0.75,56.0,0.0,3.7333333333333334,0.0,2.6804701166380527,0.1540041078479585,0.7179830669566211,0.04125110031641746,1.85,0.16055889229418857,13.9,1.1187282253100002,112.0,0.0,749.2,24.596407371381442,0.7353695610983081,0.03311190649319618,15.144066534047866,1.058214899909942,5.125784870644272,0.07488620227699136,0.010783333333333334,0.0010811214775050984,0.2864,0.015415539193670098,2.415981782556145,0.039775860015423485,0.3839738139032055,0.009953759959875465,2.415174064470219,0.040493503575925245,1.7513748752036293,0.1454239389851061,0.3217384590516828,0.01231627663428012,-0.09757381390320549,0.00800935070646511,-0.03533845905168278,0.008159486957777294,,,,,,,,,0.03533845905168281,0.09757381390320552
barabasi_albert,30,0.15,1.25,56.0,0.0,3.7333333333333334,0.0,2.639410460919482,0.08500098974902456,0.706984944889147,0.022768122254203008,1.85,0.16055889229418857,13.15,0.7823864975694221,112.0,0.0,740.2,13.93175535092024,0.7385771238794472,0.05232837366265912,14.460021307390562,0.7264110705894076,5.115323594525687,0.054081417826476616,0.010933333333333333,0.0012581410588549317,0.8164625000000001,0.012360513578901585,6.742484576106557,0.0614523899073761,0.8960926730349656,0.0022437461590764005,6.751977973075325,0.06286995830267583,5.061420458585582,0.3392704092240994,0.7823877086239744,0.007378576671736434,-0.07963017303496575,0.01078455651694884,0.034074791376025565,0.008771006493469227,,,,,,,,,0.03407479137602565,0.07963017303496556
barabasi_albert,30,0.15,1.75,56.0,0.0,3.7333333333333334,0.0,2.637160613659027,0.12792617194022426,0.7063823072300967,0.03426593891256007,1.95,0.098,12.9,0.9633533537651313,112.0,0.0,741.2,20.557440266623402,0.7452416275875366,0.03164583586328731,14.279053765407559,0.8515499666344832,5.1189840588634405,0.08014486017480986,0.010783333333333334,0.0009435313907762247,0.9973500000000002,0.0017857157491723312,13.216490437699909,0.18038781543433932,0.9796784415101291,0.0007087055587587562,13.236555028725451,0.20523564440515152,9.919986725057305,0.6703469422888308,0.9469759551593293,0.003198461623321843,0.01767155848987125,0.0014816676507032741,0.05037404484067061,0.0022846682463587816,,,,,,,,,0.05037404484067087,0.01767155848987112
barabasi_albert,30,0.15,2.5,56.0,0.0,3.7333333333333334,0.0,2.5540229874875076,0.11539186483284934,0.684113300219868,0.03090853522308466,1.9,0.13489645151589028,11.9,0.7904210736589772,112.0,0.0,727.8,18.484916092516308,0.7477075635053394,0.027415384513438484,13.37397704872418,0.696038310933713,5.094735573468364,0.07262008195417018,0.010483333333333334,0.0014223086331570992,1.0,0.0,27.212589047571022,0.33197593686029203,0.9967493424528892,0.0001061649900822347,27.150295574991663,0.3902109322329799,18.982977261290483,1.6883621337796908,0.9907425004001646,0.0006720600398677462,0.0032506575471109413,0.0001061649900822347,0.009257499599835451,0.0006720600398677462,,,,,,,,,0.00925749959983535,0.0032506575471108468
barabasi_albert,30,0.25,0.75,56.0,0.0,3.7333333333333334,0.0,2.6105770759081013,0.14012326503392866,0.6992617167610986,0.03753301741980231,1.85,0.16055889229418857,12.6,1.176,112.0,0.0,737.5,22.345402541391866,0.7518220486159526,0.020828527659763476,14.004512773788406,1.0838654571045465,14.246802273753087,0.21687181961699864,0.009416666666666669,0.0009872799777094464,0.0729625,0.004769346213332764,0.8763331661165538,0.013056120913966145,0.044486079517173045,0.0016085111411734973,0.8755705165251854,0.016009586251753943,0.6582266358167569,0.04571292316520884,0.06867311917589475,0.002185238951337475,0.028476420482826958,0.004032825791141662,0.0042893808241052465,0.003492148094779826,,,,,,,,,0.004289380824105252,0.028476420482826954
barabasi_albert,30,0.25,1.25,56.0,0.0,3.7333333333333334,0.0,2.583182607723464,0.09993050197337089,0.6919239127830706,0.026767098742867194,1.9,0.13489645151589028,12.4,0.7023833111552933,112.0,0.0,731.8,15.545056171285486,0.7378004684989731,0.040614234938716715,13.812915300297675,0.60546605766267,14.016599683293563,0.19645448473835764,0.0115,0.0015237483790990617,0.3036,0.016220460818296582,2.4416721849476266,0.025825423907236487,0.39049354756721466,0.00644700522478718,2.4411417354815392,0.02750653906279996,1.7673818402884816,0.1395820511786999,0.3275871505019469,0.008846829011849775,-0.08689354756721464,0.01106806046002705,-0.02398715050194691,0.009783087729955835,,,,,,,,,0.02398715050194694,0.08689354756721468
barabasi_albert,30,0.25,1.75,56.0,0.0,3.7333333333333334,0.0,2.6440382655175823,0.13335169014673154,0.7082245354064953,0.03571920271787451,1.95,0.098,12.9,0.9737908561795738,112.0,0.0,742.5,21.3192829937693,0.7614567333622917,0.04165227839988058,14.277764432596749,0.875150022484338,14.288223515744097,0.191285950669778,0.009866666666666666,0.0011738967546778868,0.5989875,0.0249490946304987,4.754296335215074,0.06759471284506333,0.7787452186443489,0.006316297269665913,4.769273944029694,0.0736177787312698,3.4515795306429653,0.2942909972146586,0.6265340550306358,0.013860620464473363,-0.17975771864434886,0.019918169729872717,-0.027546555030635772,0.01367820025822728,,,,,,,,,0.027546555030635744,0.17975771864434886
barabasi_albert,30,0.25,2.5,56.0,0.0,3.7333333333333334,0.0,2.6818654149590895,0.1322373529933475,0.7183568075783275,0.03542071955178951,1.85,0.16055889229418857,12.8,0.938906867193524,112.0,0.0,748.5,21.038609419726143,0.7340275856095178,0.049079087773883666,14.195775588524594,0.8412679894807062,14.404013585044385,0.2506869809776426,0.009983333333333332,0.0008229693634026816,0.9551374999999999,0.011943366788724185,9.663350064573844,0.13686411745921007,0.955791839284716,0.0015190082358211702,9.68532674480599,0.13174223494666626,7.012572065937453,0.5929672563035749,0.8889289082421057,0.006984873402416797,-0.0006543392847160545,0.010883768336271074,0.06620859175789434,0.006873896695217521,,,,,,,,,0.06620859175789418,0.0006543392847161433
barabasi_albert,30,0.35,0.75,56.0,0.0,3.7333333333333334,0.0,2.699368089971175,0.14614414314909174,0.7230450240994217,0.039145752629220994,1.95,0.098,12.8,0.928077129281148,112.0,0.0,751.9,24.603105991338833,0.7432085346970053,0.03409132271915217,14.20668699463485,0.8549689568810386,28.11528664120156,0.4971794804286691,0.0103,0.0009140524253330932,0.033350000000000005,0.002390318344797128,0.44290866657183126,0.006975399286788168,0.008049957178121287,0.00031621536605331196,0.4415599708198782,0.008161641187353538,0.315017801908708,0.027218715880154287,0.016546592382576025,0.00037761204647006433,0.02530004282187871,0.002180584661062411,0.01680340761742398,0.0026155959674539647,,,,,,,,,0.01680340761742398,0.02530004282187872
barabasi_albert,30,0.35,1.25,56.0,0.0,3.7333333333333334,0.0,2.7702210423579534,0.15882701643287742,0.7420234934887375,0.04254295083023502,1.85,0.16055889229418857,13.35,1.057167118193464,112.0,0.0,764.1,26.28304651091149,0.7503219425364078,0.02880408013303148,14.704142350049844,0.9540083606321356,28.317897706247635,0.5206936348351162,0.01005,0.0010462731520840673,0.11391250000000001,0.007054555910339449,1.2208036034605132,0.02103400539512344,0.09814463020560135,0.0039032902526036466,1.221026711315784,0.02221577090043254,0.9011125153473462,0.06966620618395954,0.12367219574999033,0.004170846839792668,0.015767869794398637,0.005200253099042937,-0.009759695749990329,0.005132316325378657,,,,,,,,,0.009759695749990319,0.015767869794398662
barabasi_albert,30,0.35,1.75,56.0,0.0,3.7333333333333334,0.0,2.6673515820202227,0.1707057175267248,0.7144691737554167,0.045724745766087004,1.8,0.1798619353545204,12.2,0.9171195181252636,112.0,0.0,747.9,27.76737864928253,0.7325480704924858,0.035388458648911505,13.703646151870625,0.8454007440012301,27.84193475922968,0.4973177815466517,0.01075,0.0011334661944826972,0.2865,0.018889216514358553,2.419272564640831,0.044034478924126,0.38476561934172177,0.01103469998997098,2.422355694044874,0.04521771160671518,1.6899183798336364,0.1564732272892417,0.3216008914930058,0.014465422717145739,-0.09826561934172173,0.011966491445251698,-0.03510089149300587,0.011966827640102743,,,,,,,,,0.035100891493005826,0.09826561934172179
barabasi_albert,30,0.35,2.5,56.0,0.0,3.7333333333333334,0.0,2.7599499090316817,0.19335091222282577,0.7392722970620575,0.051790422916828324,1.85,0.16055889229418857,13.75,1.3022535123877823,112.0,0.0,764.2,33.3895892504803,0.7307284405568043,0.03972836713693472,15.07598338858698,1.2278746162477192,28.31518216969498,0.5791731677110419,0.01015,0.001192951413940816,0.6100125000000001,0.03542026440118706,4.8886689562246435,0.10245353210963937,0.7901424984001123,0.009194548977193932,4.900220512919242,0.10763844772080365,3.5559824721169955,0.320004518340892,0.6367977126490837,0.020165263120306483,-0.1801299984001123,0.027025573051346518,-0.02678521264908377,0.017736663717293967,,,,,,,,,0.026785212649083623,0.18012999840011223
barabasi_albert,60,0.15,0.75,116.0,0.0,3.866666666666666,3.9937372376846002e-16,3.361242906501301,0.1849980479137502,0.8692869585779226,0.047844322736314705,1.95,0.098,19.65,1.684105947411048,232.0,0.0,1817.1,77.72890963368845,0.6496686711576143,0.025756933771653064,21.01273695328743,1.6003808081922415,9.216228637729559,0.15204901506833646,0.010216666666666666,0.0010526950208951992,0.16262500000000002,0.013860956838316904,1.608678860124882,0.03279832853665849,0.18068104271341048,0.007638585583559479,1.6073866034284165,0.03234454030307712,1.1474470934209078,0.09124519377191578,0.17824722344237087,0.008363139943109336,-0.018056042713410457,0.008743650174101213,-0.015622223442370877,0.007807490547327218,,,,,,,,,0.015622223442370853,0.018056042713410464
barabasi_albert,60,0.15,1.25,116.0,0.0,3.866666666666666,3.9937372376846002e-16,3.394813349641919,0.1964111052350146,0.8779689697349788,0.05079597549181411,1.95,0.098,19.6,2.0917409520603445,232.0,0.0,1832.0,85.17986675883351,0.6509151446979454,0.023513141619050743,21.015991686285524,1.9873474019899067,9.272979775140783,0.18841640673457494,0.009483333333333331,0.0009110674800564304,0.5439125,0.030685921710083407,4.452433587714553,0.09604853319287504,0.7477401018275239,0.0109839233832369,4.451686263993128,0.0864833471514209,3.0661380033522763,0.2841799767806893,0.5682871954254683,0.015148067688012226,-0.20382760182752407,0.020667625520016015,-0.024374695425468343,0.01748185020320613,,,,,,,,,0.02437469542546833,0.2038276018275239
barabasi_albert,60,0.15,1.75,116.0,0.0,3.866666666666666,3.9937372376846002e-16,3.292393408621539,0.2064014641744925,0.8514810539538461,0.05337968901064462,2.0,0.0,19.4,2.218398474006346,232.0,0.0,1792.1,82.52090046706189,0.6656794999782143,0.022830616623943888,20.80263133389347,2.076804216929495,9.136043559039948,0.162766296087607,0.010116666666666666,0.0011955849677896919,0.9444374999999999,0.014307526375542428,8.824689690170148,0.19935468253193916,0.944518750250837,0.003094277928936558,8.790660306577543,0.2196614913641953,6.080354017583444,0.5720562832633835,0.855695828575814,0.010170751840027635,-8.125025083702831e-05,0.011509287377311168,0.08874167142418592,0.006599239152280986,,,,,,,,,0.08874167142418588,8.125025083705051e-05
barabasi_albert,60,0.15,2.5,116.0,0.0,3.866666666666666,3.9937372376846002e-16,3.2888939243645945,0.14128918486849362,0.8505760149218778,0.03654030643150698,1.8,0.1798619353545204,19.15,1.4589549973218934,232.0,0.0,1784.0,58.65402230564906,0.6346423698450796,0.021454200761273388,20.497540901806694,1.3949754195708663,9.129920262733698,0.14783645951792393,0.010100000000000001,0.001219606724072768,0.9997375000000002,0.0003149089049567391,18.01512640121829,0.27937203968185054,0.9906890564537413,0.0003922724977420413,18.073840036770402,0.3319028488204485,12.825270054452739,0.9602233153774974,0.9712930911834372,0.0017636055932501212,0.009048443546258767,0.00034727945670775336,0.02844440881656269,0.0015728880882734974,,,,,,,,,0.02844440881656296,0.009048443546258889
barabasi_albert,60,0.25,0.75,116.0,0.0,3.866666666666666,3.9937372376846002e-16,3.324703097797034,0.13997551238398712,0.859837008050957,0.03620056354758287,1.8,0.1798619353545204,18.95,1.3374869600938366,232.0,0.0,1798.1,56.25214377388558,0.6531240518642037,0.025325156487420536,20.324191743622098,1.2487981711700042,25.332960387174175,0.32296213425850107,0.010433333333333333,0.0011435543645998301,0.047,0.00334059803974646,0.5813493229441953,0.009010531240743644,0.0160221370641984,0.0006232378005710254,0.5799984512505987,0.011227518278196083,0.399573526202902,0.03522134679937478,0.03416897314425847,0.0008859782805523131,0.030977862935801605,0.0032161915888673587,0.012831026855741537,0.0029855376158107886,,,,,,,,,0.012831026855741529,0.0309778629358016
barabasi_albert,60,0.25,1.25,116.0,0.0,3.866666666666666,3.9937372376846002e-16,3.267968724312284,0.14976677163783322,0.8451643252531771,0.038732785768405144,1.85,0.16055889229418857,18.7,1.3194132667292127,232.0,0.0,1776.5,58.51657834368507,0.6563369830951746,0.028273905766846758,20.019643684968123,1.2753827604081742,25.202460252246237,0.33653501640659744,0.01075,0.0012725885118402714,0.1778875,0.01144681128834806,1.6250127033584398,0.02685818374213653,0.18444233567929819,0.006364122727861238,1.6264217137620887,0.026387070298208498,1.0736916040766704,0.10030261147234161,0.18389986400124095,0.0070120601903460285,-0.006554835679298166,0.0071866672859434415,-0.006012364001240974,0.007310159788892351,,,,,,,,,0.006012364001240944,0.006554835679298182
barabasi_albert,60,0.25,1.75,116.0,0.0,3.866666666666666,3.9937372376846002e-16,3.3303079014110337,0.17584791223570775,0.8612865262269915,0.04547790833682097,1.8,0.1798619353545204,19.2,1.868098047691682,232.0,0.0,1803.7,74.96611967942233,0.6592541303273498,0.014446698348414984,20.58938158062796,1.7969944669409266,25.52319369551269,0.3393598267425591,0.009716666666666665,0.0012922090519409497,0.3787375,0.0195170879713542,3.1638159440888574,0.06089150342646073,0.5536903213012697,0.012517212860446917,3.1587781674086557,0.06873887653269288,2.1266876352628943,0.1828109818891434,0.4093871103472825,0.014479302973505536,-0.17495282130126974,0.009908026320117445,-0.03064961034728255,0.009504269866101233,,,,,,,,,0.030649610347282474,0.1749528213012697
barabasi_albert,60,0.25,2.5,116.0,0.0,3.866666666666666,3.9937372376846002e-16,3.2871038764627074,0.13651325950208357,0.850113071498976,0.03530515331950436,1.95,0.098,19.5,1.3224745545258785,232.0,0.0,1782.9,53.12589614550665,0.67506137739315,0.02680960595896194,20.83204229260199,1.2484685157285624,25.119327124910463,0.28741807446657175,0.01035,0.0012862844537295912,0.8004624999999999,0.02090784017231461,6.486069835417647,0.09777381137710495,0.8862155834591166,0.0038442653338578176,6.4823836925793845,0.09904879393333149,4.126373863356783,0.4172122373453443,0.7443722174026886,0.011187911990298637,-0.08575308345911664,0.017695617794114243,0.05609028259731136,0.01158524050630399,,,,,,,,,0.0560902825973113,0.0857530834591167
barabasi_albert,60,0.35,0.75,116.0,0.0,3.866666666666666,3.9937372376846002e-16,3.10731613387027,0.13374894776841345,0.8036162415181731,0.034590245112520714,1.85,0.16055889229418857,17.6,1.3444604474423343,232.0,0.0,1713.7,54.39766195440078,0.6565920428677176,0.024560484566947968,19.021269024035398,1.2860591028631136,49.17702469486867,0.6982929400399194,0.0094,0.0009592636552241088,0.0243,0.002324708991408783,0.3037849220817565,0.004369547654292435,0.0030794873351047683,0.0001081600643346547,0.3052381835860212,0.00467921669572145,0.2356951981668801,0.0033901662835027517,0.007762601750982168,0.0002572141850253858,0.02122051266489523,0.002323948520513647,0.016537398249017832,0.002247886529566166,,,,,,,,,0.01653739824901783,0.02122051266489523
barabasi_albert,60,0.35,1.25,116.0,0.0,3.866666666666666,3.9937372376846002e-16,3.3027505638798162,0.13036961382100548,0.8541596285896077,0.03371627943646695,1.85,0.16055889229418857,18.65,1.409615923800373,232.0,0.0,1788.6,52.726780204530236,0.6408834142022759,0.02222559301272236,20.017807963960216,1.3450443404305723,50.16610208633189,0.6235919813578255,0.009933333333333332,0.001237436172374864,0.06875,0.004636162716821111,0.8259056702485715,0.011888638122501752,0.03845972879833238,0.0013492241507148976,0.8274059949893353,0.01112940841791799,0.5670336315675106,0.048686859908199875,0.06568469763426513,0.0015427797278399235,0.030290271201667624,0.004182524914292245,0.0030653023657348922,0.003774029773159097,,,,,,,,,0.003065302365734879,0.030290271201667628
barabasi_albert,60,0.35,1.75,116.0,0.0,3.866666666666666,3.9937372376846002e-16,3.3719802292564,0.18189537118967208,0.8720638523938966,0.047041906342156575,1.95,0.098,18.75,1.969647310133413,232.0,0.0,1821.1,77.89884322632781,0.670179337243286,0.0287105646065253,20.203346826719837,1.903049587302681,49.858965635942354,0.7392795223324925,0.01065,0.0012409486938704248,0.16890000000000002,0.011390920631893862,1.6067770008534545,0.032070992684132694,0.18022556826164754,0.007436261829529849,1.6017110716446818,0.034307769485221705,1.060126302409741,0.09687043115787207,0.17834363759046473,0.008655935023030557,-0.011325568261647526,0.0065695542030049505,-0.009443637590464727,0.0056033255249414386,,,,,,,,,0.00944363759046471,0.011325568261647517
barabasi_albert,60,0.35,2.5,116.0,0.0,3.866666666666666,3.9937372376846002e-16,3.2709294518576657,0.16102587602580348,0.8459300306528444,0.04164462311012159,1.8,0.1798619353545204,19.3,1.6218770152608917,232.0,0.0,1778.7,66.99602081506508,0.6455868734281898,0.023677785529116764,20.607078391802283,1.5561931397858573,49.87070488083196,0.8124283193013788,0.01005,0.0012040109478626425,0.40774999999999995,0.02682627821058261,3.3156748011400667,0.058337213968939164,0.5831749510703734,0.011258787948603386,3.3125972436559983,0.0613111514263906,2.1511554278756884,0.21200429442852725,0.4338975742184613,0.014069789739494864,-0.17542495107037345,0.017289776861999395,-0.026147574218461322,0.01390637594969964,,,,,,,,,0.026147574218461367,0.17542495107037348
erdos_renyi,15,0.15,0.75,30.4,1.8397423160523552,4.053333333333333,0.2452989754736474,1.4716072216994422,0.11661681327120499,0.3647399005641991,0.02526213189001379,1.65,0.25732674293897034,7.05,0.5409891525325574,60.8,3.6794846321047103,345.2,36.885293557759645,0.97064525287952,0.16794351425125517,8.77954385384571,0.5325376826034394,3.1437598572975234,0.17788554452616165,0.009516666666666668,0.001397611822723872,0.5801375,0.016167908377481346,3.8776385830193085,0.03699261517468396,0.6766559484466209,0.00536163157934626,3.8809387596099727,0.03665577992589537,3.783973403464613,0.20178024042062792,0.6191939051828639,0.010689481333451935,-0.09651844844662094,0.01294201502765237,-0.0390564051828639,0.011620532954661845,,,,,,,,,0.03905640518286391,0.09651844844662094
erdos_renyi,15,0.15,1.25,30.6,1.8831896793528398,4.08,0.2510919572470453,1.5677754246895188,0.11941249653511368,0.3856751578151713,0.022856887388434225,1.5,0.2248274191931505,7.35,0.5736404522181577,61.2,3.7663793587056795,353.5,38.647172865894284,0.8861698754807341,0.13151584264195545,9.008850257291293,0.4951627262917739,3.1920070918151024,0.19112836630233088,0.009899999999999999,0.0008333117751597436,0.9585500000000001,0.012272292768243175,10.717834589222642,0.09935100396081381,0.9658154229944447,0.0007900309379084252,10.718940228814912,0.11766676279149131,10.465384797206706,0.462111610213209,0.9250571451655432,0.009215295023270908,-0.007265422994444598,0.011926995847510622,0.03349285483445671,0.004149955473193045,,,,,,,,,0.033492854834456964,0.007265422994444548
erdos_renyi,15,0.15,1.75,29.95,2.1065501355733764,3.9933333333333345,0.2808733514097835,1.575891398178172,0.10984600391236264,0.3999628123097415,0.028187936245573753,1.45,0.3327141969350049,7.0,0.512685396504985,59.9,4.213100271146753,343.1,40.800793996402106,0.8988923075145981,0.17481533173735114,8.831029258909357,0.4081051790014763,3.091416974137385,0.19760600352579633,0.010816666666666665,0.0007456305310868707,0.9968875,0.0014796287718990824,20.873488804230096,0.2635350152380789,0.9936086789623712,0.00020785848038141984,20.89480062068488,0.2329334972784817,20.607284737848556,0.8140367942490739,0.9806777535731198,0.003374550849651024,0.0032788210376286653,0.0014803642579498267,0.016209746426880268,0.0022542584323015356,,,,,,,,,0.016209746426880223,0.0032788210376288873
erdos_renyi,15,0.15,2.5,30.05,1.9312923952083156,4.006666666666666,0.2575056526944421,1.528416674230122,0.13927870440303583,0.3849242466984023,0.03428239150733384,1.55,0.2650676179869264,7.1,0.4905155182909206,60.1,3.8625847904166313,342.3,38.86253637468461,0.9060066293127094,0.17126561443283986,8.847630623971206,0.41199021921252493,3.119236668174982,0.1908103841954406,0.009883333333333334,0.0015206306094158427,1.0,0.0,42.7833229649595,0.5607281491630897,0.9989767478148355,3.620990211143406e-05,42.759476209001036,0.5911028225060175,41.98817087104474,2.4684005121765846,0.9970250528572857,0.0007428530404758129,0.0010232521851645583,3.620990211143406e-05,0.0029749471427143125,0.0007428530404758129,,,,,,,,,0.0029749471427142904,0.0010232521851645249
erdos_renyi,15,0.25,0.75,33.2,1.6062184422458006,4.426666666666668,0.21416245896610672,1.5269080548703284,0.1598202403279469,0.34840374399180524,0.03831854704486743,1.9,0.31475838687041074,7.25,0.5296582810990894,66.4,3.212436884491601,400.6,33.2940183532307,1.1864590010485556,0.21295282324347414,9.136839471488809,0.3881773800365761,9.447752189668275,0.3932719874196008,0.010533333333333332,0.0012087828298849058,0.14416250000000003,0.005874546758552614,1.411898167766385,0.016404357165419096,0.13624198075200247,0.00350965034643182,1.409380565528152,0.018048794373264215,1.4020072552001293,0.06159027803506256,0.15024888157051158,0.0021050717507511553,0.00792051924799755,0.0051998929889768035,-0.006086381570511565,0.005198429726521524,,,,,,,,,0.0060863815705115565,0.007920519247997554
erdos_renyi,15,0.25,1.25,30.6,1.5986478497056256,4.08,0.21315304662741674,1.6033086892579245,0.12033915213003735,0.3951581739312557,0.028780844992686527,1.4,0.26219157319149594,7.2,0.5433200084470913,61.2,3.197295699411251,353.9,31.319322961022674,0.8824449720682376,0.15151345553625584,8.94470384872148,0.4382445934775659,8.778862554816042,0.44766650591828844,0.010516666666666667,0.001301908441728248,0.5757375,0.017732936668289855,3.848580642130846,0.04040405240461291,0.6723790990211078,0.005966292064966656,3.850044231919843,0.03938763319252611,3.8173337877237317,0.23743037529243707,0.6058763811945114,0.012919661473748557,-0.09664159902110794,0.014107902210074125,-0.030138881194511514,0.011478258228613316,,,,,,,,,0.030138881194511358,0.0966415990211078
erdos_renyi,15,0.25,1.75,30.45,1.2105239405011021,4.059999999999999,0.16140319206681358,1.4444510385874925,0.11706875707049591,0.35877624488778215,0.0329163795198833,1.95,0.30079858622288136,6.9,0.5107097228882878,60.9,2.4210478810022042,342.4,22.52514934117208,1.0509013431096004,0.156201711683974,8.800186987014937,0.37154181548966586,8.749473037555429,0.3130623540433441,0.0093,0.0011165170991742752,0.9075875,0.019030059839978377,7.615793087933939,0.08314767803215535,0.921696466900728,0.0020848307556146314,7.6106736994336375,0.08611143248152542,7.392034603886394,0.34021061967544447,0.8708341615544184,0.01322029402556122,-0.014108966900727975,0.017168745404317995,0.03675333844558158,0.007166986457231745,,,,,,,,,0.036753338445581596,0.014108966900728048
erdos_renyi,15,0.25,2.5,30.75,1.7752826313161043,4.1000000000000005,0.23670435084214722,1.5373113059133066,0.12414831189705461,0.3745542128714755,0.02016413580003846,1.45,0.22370045761428853,6.9,0.5488736792646134,61.5,3.5505652626322086,354.4,36.39549704941099,0.9530568673347594,0.16909907232686128,8.758630301576757,0.485348592285931,8.796978736831722,0.48872265911190566,0.010199999999999999,0.0010279965867920672,0.9883750000000001,0.005776960113926246,15.488853363381605,0.1138518497807751,0.9864104733188732,0.0002513889572349029,15.492420776299392,0.12001134681316805,14.9426248908015,0.623148605524052,0.9655945295826525,0.004226171282419737,0.001964526681126788,0.005731330109920117,0.02278047041734744,0.002308980318097232,,,,,,,,,0.022780470417347654,0.001964526681126899
erdos_renyi,15,0.35,0.75,29.7,1.9029486261284643,3.96,0.25372648348379523,1.6132882216444233,0.11372603873433491,0.4119732308038069,0.03135079626911536,1.3,0.2060577333508359,6.9,0.5301352359738528,59.4,3.8058972522569285,339.4,38.07926098354104,0.7781202102282062,0.13418770756034268,8.804327238533803,0.42409143116729836,16.90928366520762,0.9480329616463025,0.010183333333333332,0.0009822611341555332,0.055112499999999995,0.0032418201900686655,0.7014343822468178,0.008741536018934414,0.025640170655860266,0.0007967042854697369,0.7006680395274929,0.008755685753605476,0.687103182762999,0.03730974498577673,0.03305961864284869,0.0004392967390993249,0.02947232934413973,0.0031215483201752613,0.022052881357151312,0.003190709525274857,,,,,,,,,0.022052881357151305,0.02947232934413973
erdos_renyi,15,0.35,1.25,31.4,1.8008662243194902,4.186666666666667,0.24011549657593204,1.5353956030894382,0.11246796266154226,0.3697360238424851,0.026203341033337647,1.8,0.2697929030317806,7.2,0.39199999999999996,62.8,3.6017324486389803,366.3,35.4449820782338,1.0618877814951133,0.17100819746109155,8.937798311502897,0.38669701741852125,17.571537669685334,0.8938315165972137,0.010833333333333332,0.0015178394925505787,0.25006249999999997,0.012158148142295353,1.9816641820977494,0.020686223405459135,0.27301747964347234,0.005300434656775508,1.9810596348773188,0.022527221017028188,1.9852673423072695,0.10669035913267745,0.2790748246048145,0.005102509243649212,-0.02295497964347239,0.0107052884451239,-0.02901232460481452,0.010602579227640139,,,,,,,,,0.02901232460481451,0.022954979643472373
erdos_renyi,15,0.35,1.75,29.0,1.7645730063493665,3.8666666666666663,0.23527640084658225,1.5263442379350223,0.13642489641160838,0.3969653660938889,0.03235596441361687,1.35,0.2144716887217469,6.95,0.5219677344333399,58.0,3.529146012698733,322.7,33.97233810957937,0.8229864409584998,0.1305186548479948,8.67174372684484,0.44547004827128994,16.46631218145987,0.9019614628673075,0.010499999999999999,0.001169198655950315,0.5632499999999999,0.018126479743588848,3.825695861441344,0.04502862848045178,0.6689345326934982,0.006712287501333654,3.824156504814782,0.04402165558880233,3.7517424019076997,0.16444016073411805,0.6030237080390626,0.01369866245967634,-0.10568453269349827,0.013003520983124819,-0.03977370803906259,0.010103808108234632,,,,,,,,,0.03977370803906266,0.10568453269349831
erdos_renyi,15,0.35,2.5,30.0,2.0008377192934383,4.0,0.26677836257245846,1.4852230364681671,0.128849872396877,0.3757166447556915,0.03319575638902805,1.55,0.3327141969350049,7.05,0.6111833216241906,60.0,4.001675438586877,339.6,39.1076681025736,0.8941858202458721,0.1990324185349409,8.850549418579147,0.4780460007128432,16.92047731093161,0.963494667897946,0.010066666666666665,0.0010699727711461408,0.9065875,0.021579341488843096,7.875550203438022,0.10007992074758446,0.9276162298495546,0.0022342019649469933,7.87131556443302,0.10756112382768247,7.588001264288257,0.4332001461211079,0.871440137451237,0.014036528967192503,-0.021028729849554728,0.019924896950545428,0.03514736254876301,0.008496195636056329,,,,,,,,,0.03514736254876294,0.021028729849554617
erdos_renyi,30,0.15,0.75,63.3,3.8839872079576865,4.220000000000001,0.25893248053051243,1.7147161692955646,0.09687440208984707,0.410045250409258,0.022719661294704145,1.2,0.1798619353545204,7.8,0.5433200084470913,126.6,7.767974415915373,760.4,81.11284731260452,0.6184838213321525,0.1228587109122761,9.92096096484635,0.5294151814170874,5.329988761931665,0.29345353132240737,0.009333333333333332,0.0011773364725475223,0.415275,0.012800160687724934,2.7181632735735404,0.027919626645086168,0.4574162233353345,0.00651302584282056,2.71785441042194,0.030061326822594145,2.7047549837552114,0.11568899173499964,0.4301220002874257,0.00815533679618964,-0.042141223335334474,0.008941657833974825,-0.014847000287425718,0.009018041993281585,,,,,,,,,0.014847000287425693,0.04214122333533449
erdos_renyi,30,0.15,1.25,61.35,3.125909753891446,4.09,0.20839398359276312,1.6336412119028871,0.12313826159467578,0.39966199958015813,0.02380956949766672,1.1,0.13489645151589028,7.9,0.5107097228882876,122.7,6.251819507782892,713.3,66.6632216506381,0.6048044599342652,0.07039820998828851,9.72625968233884,0.4621966469603743,5.166559593782152,0.26291558042652774,0.010816666666666665,0.001371652002650187,0.9073625,0.015105511445809237,7.553361048405472,0.06075168236378774,0.9202466569989836,0.0015072353290880801,7.546312990260631,0.06495346601242503,7.362286033261708,0.26776418913106237,0.8510641610338551,0.011054061586877455,-0.012884156998983681,0.014173597062560375,0.05629833896614504,0.005291217975568186,,,,,,,,,0.05629833896614489,0.012884156998983598
erdos_renyi,30,0.15,1.75,59.85,2.3932242510449107,3.9899999999999998,0.15954828340299407,1.7643238635822276,0.11120329107233926,0.4419762289678203,0.02030709632475856,1.15,0.16055889229418857,7.95,0.6111833216241906,119.7,4.786448502089821,696.3,51.81403354711012,0.5371770617938234,0.07524459787880246,9.921006917921243,0.5116239878558749,5.065494433372247,0.1783839300914069,0.010583333333333333,0.0009804297303429505,0.978675,0.006812780910673859,14.597660364917271,0.10082466730816483,0.9842210136449235,0.0002717317884381332,14.603272325056741,0.10020258145927505,14.423678000280479,0.6804180916928647,0.9496018557089885,0.006938192544408626,-0.005546013644923598,0.0066335308467537395,0.029073144291011415,0.002060289309589054,,,,,,,,,0.029073144291011488,0.005546013644923575
erdos_renyi,30,0.15,2.5,62.25,3.134307108857008,4.15,0.20895380725713383,1.8195716794292363,0.08297050805470142,0.4407226518986292,0.018089683616388273,1.0,0.0,8.7,0.6684599740015144,124.5,6.268614217714016,748.0,66.78123732716674,0.5719759752038357,0.06727541515625378,10.500988959739804,0.5726363363384815,5.288975783905,0.24871563423224632,0.010133333333333333,0.0011575155487569208,0.9999749999999998,3.3724112878968865e-05,29.903245321806537,0.25358242598356007,0.9974495603292202,5.589753671151309e-05,29.93210814686585,0.2565134394333317,29.13936529016445,1.7333818410193043,0.9904101929662001,0.0009922552085762223,0.0025254396707797442,7.319220745540032e-05,0.009564807033799843,0.0010030562840878646,,,,,,,,,0.009564807033799694,0.0025254396707796722
erdos_renyi,30,0.25,0.75,60.0,2.9244853798304593,4.000000000000001,0.19496569198869726,1.6345995760953502,0.09369404162306759,0.4107976684978031,0.02327619474147258,1.2,0.1798619353545204,7.6,0.3597238707090408,120.0,5.848970759660919,687.1,58.566036638814374,0.5465085167529348,0.09782403476682566,9.545149591494317,0.32006309049958187,14.133324394041002,0.6977200903130726,0.010183333333333332,0.0010475606752933467,0.08547500000000001,0.004780412000522218,0.9741976712569788,0.00904272530798916,0.05747840209059722,0.0012835717441814357,0.9732154095791923,0.009546749548153662,0.9233649963189586,0.04005355326754275,0.07116402050473851,0.0008418220653715142,0.027996597909402777,0.004770887697596619,0.014310979495261509,0.005013646757042355,,,,,,,,,0.0143109794952615,0.027996597909402787
erdos_renyi,30,0.25,1.25,63.15,2.827020413978758,4.209999999999999,0.18846802759858386,1.7078924591132285,0.13236887142002243,0.40662729147883275,0.028811350949536074,1.4,0.26219157319149594,7.95,0.5944124033557491,126.3,5.654040827957516,753.4,62.17417628768903,0.6498947942408086,0.09309023985321375,10.040583391614398,0.4707363175030898,14.89937494812412,0.6296510079259838,0.008883333333333332,0.0010842339684060882,0.4053375,0.011690554245449167,2.7206513097250093,0.026700667686459525,0.45801139054040513,0.006291990281979458,2.721476622093019,0.030780326346595496,2.6106692508439435,0.0986333337708186,0.4298830936596049,0.009208418431926923,-0.05267389054040511,0.009386174214530828,-0.024545593659604972,0.009730475129960873,,,,,,,,,0.024545593659604903,0.05267389054040511
erdos_renyi,30,0.25,1.75,59.05,2.31681355586322,3.9366666666666665,0.15445423705754802,1.7077855790407654,0.11148213616255336,0.43466078504738387,0.027949233544478348,1.05,0.098,7.85,0.49818428211593396,118.1,4.63362711172644,675.9,47.47765310565648,0.5185206178748444,0.07948181845189077,9.76316527620911,0.40323364264205497,13.824471744071852,0.508841940956487,0.010683333333333333,0.0013292310488724484,0.7793,0.0170599276792445,5.259262778704503,0.04906702382600142,0.8203198915290614,0.003556728889023485,5.27013740476386,0.046804659174444686,5.213959744011873,0.2010241513363566,0.7281584771072025,0.013439399321091271,-0.04101989152906129,0.014101376809795004,0.05114152289279751,0.006686944051648449,,,,,,,,,0.0511415228927975,0.04101989152906138
erdos_renyi,30,0.25,2.5,61.35,2.9971274317428116,4.089999999999999,0.19980849544952078,1.7769996158315848,0.11320544042930647,0.435250139010457,0.021543557386245794,1.2,0.1798619353545204,8.35,0.5910011131880155,122.7,5.994254863485623,727.1,63.86585242934063,0.5877526735893378,0.09287911907167053,10.24870944547451,0.5239018766190909,14.468352927963048,0.6770323709955965,0.009616666666666666,0.00129133949223685,0.9607875000000001,0.009696571946474582,10.766955126295603,0.08794217109972473,0.9662141507501241,0.0006757557835583276,10.773065967013679,0.08989321168030416,10.291907667334824,0.5326010619541227,0.9174740423820463,0.006538974510897688,-0.00542665075012394,0.009324923591450483,0.04331345761795384,0.00417985591874419,,,,,,,,,0.0433134576179538,0.00542665075012394
erdos_renyi,30,0.35,0.75,65.6,3.277857323249282,4.373333333333333,0.21852382154995215,1.8419691727454457,0.11159597074441664,0.4243695573635319,0.026792765901835575,1.2,0.2292798795313159,8.4,0.38680771776984463,131.2,6.555714646498564,815.7,68.3323135150259,0.6091617476733847,0.1190703626012695,10.415647095370952,0.3667638076945983,30.180597146212506,1.4135963637700155,0.010266666666666669,0.001220987463475736,0.0366375,0.003019197651782062,0.498708989023946,0.005237480224337539,0.010863007394494901,0.00029002424052205166,0.49756519681621675,0.005642172125328367,0.4956591353977943,0.020435432911003925,0.0145236164610417,0.0002243509592593459,0.0257744926055051,0.002989081296587791,0.022113883538958306,0.003046053363841058,,,,,,,,,0.022113883538958302,0.0257744926055051
erdos_renyi,30,0.35,1.25,62.55,3.3270660063374624,4.17,0.2218044004224975,1.7238299889574016,0.10658616899483314,0.41542017089034333,0.02334195052273125,1.2,0.1798619353545204,8.15,0.607866155627943,125.1,6.654132012674925,744.9,69.3428266179597,0.6726287504227232,0.10690540095296923,10.12203596660886,0.526188043719789,28.486853612866348,1.3884455851111146,0.010783333333333334,0.0011852052009762074,0.160425,0.008544854379591326,1.3835234377915637,0.013038175254511305,0.13021293553014832,0.0027224046880044432,1.3802410263821145,0.012500620404339517,1.323724930628749,0.06784006867943224,0.14879772721371187,0.0011923507271283855,0.030212064469851686,0.0084704060185641,0.011627272786288148,0.008088884592142019,,,,,,,,,0.01162727278628814,0.030212064469851696
erdos_renyi,30,0.35,1.75,62.65,3.2836350524829547,4.176666666666666,0.21890900349886366,1.7533840600968713,0.1167563362862384,0.4210293872443523,0.023951437929881532,1.4,0.2202849828840144,8.45,0.7176891278335812,125.3,6.5672701049659095,750.0,69.83531955137101,0.6899207269892872,0.13393709848850638,10.380126156114317,0.5706226831031168,28.881456569742294,1.4511040914783118,0.010133333333333333,0.0008510508949122809,0.4065,0.012587926379126776,2.7075310072122543,0.025147402512913676,0.4549545837794898,0.005951626417159271,2.6985718172456914,0.027597172864169163,2.5606449643155527,0.11280557575084973,0.4241656688039555,0.007961641971070037,-0.04845458377948977,0.008944657472171921,-0.017665668803955464,0.00784228452537373,,,,,,,,,0.017665668803955537,0.0484545837794898
erdos_renyi,30,0.35,2.5,60.0,3.480107681334618,4.0,0.2320071787556412,1.684068342802044,0.08729744363000237,0.4237183105843855,0.0162367072133491,1.1,0.13489645151589028,7.65,0.47746060735829016,120.0,6.960215362669236,694.2,65.53240674257039,0.5483260803804756,0.1042196110856512,9.661479636743078,0.42228673223556795,27.491783684235834,1.5628676980035272,0.00995,0.00109557078503821,0.7963,0.010360166037076316,5.500465549882231,0.053494030651270244,0.8365976525979816,0.003556036354894274,5.496403272473409,0.05668494656449552,5.375815805162851,0.25544051130759243,0.7460761352278588,0.009661435953390885,-0.040297652597981605,0.007792579824227148,0.05022386477214128,0.004839764226555931,,,,,,,,,0.05022386477214125,0.04029765259798157
erdos_renyi,60,0.15,0.75,123.15,3.6454641174449853,4.1049999999999995,0.12151547058149954,1.8285849806855718,0.07418816036412115,0.4468003502396429,0.019928804677120517,1.0,0.0,9.0,0.471601973122072,246.3,7.290928234889971,1464.0,72.87405464223875,0.45950023092090575,0.06360301695335446,10.906333582601121,0.41877923928198835,8.8236803355366,0.25193004361208055,0.010133333333333333,0.0009268660141504457,0.2755625,0.010430688448667128,1.8985213759558,0.014498472025670355,0.2517800013079823,0.003682190086696489,1.8985801636761734,0.015070606580310326,1.8279427933278505,0.06843406548735037,0.2624852153075813,0.003456936798070417,0.023782498692017713,0.009848408397127046,0.013077284692418709,0.008439194128694838,,,,,,,,,0.0130772846924187,0.023782498692017706
erdos_renyi,60,0.15,1.25,123.7,3.8943847294601786,4.123333333333333,0.1298128243153393,1.858567736213812,0.06438665974056748,0.45196600916543517,0.01603039103509759,1.05,0.098,8.9,0.42420352612743256,247.4,7.788769458920357,1481.0,77.46679864710804,0.43111444350621514,0.06400613062177145,10.994777979196664,0.30238693783587206,8.852514041872864,0.24816218248346927,0.010533333333333332,0.0012774559513354417,0.8030625,0.01318061530939321,5.267602364569738,0.035695680386851024,0.8210195856441423,0.0025509318086136476,5.26880356610341,0.036316600164020496,4.985505176423907,0.12842935075918613,0.7244949472576617,0.008850811909437853,-0.01795708564414224,0.010994158635742003,0.07856755274233831,0.006562966325475496,,,,,,,,,0.07856755274233829,0.017957085644142334
erdos_renyi,60,0.15,1.75,124.8,5.421278621758601,4.159999999999999,0.18070928739195335,1.861087167449125,0.0790550378934132,0.44919704891329637,0.017880218649615243,1.0,0.0,9.15,0.3835268466551764,249.6,10.842557243517202,1507.3,113.02189526486961,0.45909836369031015,0.06099584487852178,11.131919602719604,0.3589516444707557,8.918876622294807,0.3419840160536611,0.010433333333333333,0.001194480522778938,0.9546625000000001,0.007660338603035631,10.337709629121827,0.08178987722979195,0.9626461004901173,0.0007263037311303651,10.342262028560487,0.08809041270840899,10.208861166064043,0.35773798139334767,0.9032825206727111,0.006789710287081351,-0.007983600490117298,0.007140613033374323,0.05137997932728896,0.0027027700065364447,,,,,,,,,0.051379979327288994,0.00798360049011726
erdos_renyi,60,0.15,2.5,122.1,3.62216440093053,4.07,0.120738813364351,1.8212630373563807,0.06516264863043869,0.44824490586560267,0.014830901766310876,1.0,0.0,9.0,0.5320387797500241,244.2,7.24432880186106,1442.7,75.10139095214794,0.4481483738403972,0.06034610126891773,11.022057669048388,0.3952447130574696,8.803604423116298,0.22105664028452718,0.010233333333333334,0.0008868579664363278,0.9984249999999999,0.0005874624736055353,21.072790688175807,0.12578284527589495,0.9937786644192517,9.542484268529378e-05,21.0709876117728,0.16099031558060412,19.960067467575833,0.7964817937495114,0.9782979514458472,0.002246492205020104,0.0046463355807483345,0.0005866860469170094,0.02012704855415276,0.0020141563692564132,,,,,,,,,0.020127048554152704,0.004646335580748229
erdos_renyi,60,0.25,0.75,123.0,4.004200951895133,4.1000000000000005,0.13347336506317115,1.8992121011981742,0.07772955154714907,0.4647252476582978,0.020660711528241078,1.0,0.0,9.3,0.4289433774434937,246.0,8.008401903790267,1478.1,81.16112888115318,0.4165245763928441,0.059219002625890214,11.230689707880563,0.35546943971639405,24.601142338006763,0.7689993734920177,0.009683333333333332,0.0009110674800564304,0.05695000000000002,0.0031060784719134527,0.6795323546281202,0.00556148093942513,0.023668673403717578,0.0004819770868810173,0.6816861985131156,0.006049655787356615,0.646762019901541,0.027847820666504063,0.0327869836858213,0.00031838447360260755,0.033281326596282426,0.0031539447622395923,0.024163016314178692,0.003195665288200051,,,,,,,,,0.02416301631417872,0.03328132659628244
erdos_renyi,60,0.25,1.25,121.85,3.332530917454401,4.0616666666666665,0.11108436391514671,1.8422294541634927,0.08375011571305907,0.454035982531532,0.01844651916499228,1.0,0.0,8.7,0.40468935454767097,243.7,6.665061834908802,1442.9,69.76665431203317,0.4261933902432394,0.04614328713249779,10.676085344809348,0.357283650551395,24.3112614118842,0.6691671900887763,0.010583333333333335,0.0013278782706838703,0.2717124999999999,0.007862796585486415,1.892591001044598,0.012611302639940796,0.2502695817470959,0.0032004830782937158,1.891807621831698,0.014455956948496674,1.8402237272300426,0.06360282341919786,0.26200221614863345,0.003073564778608839,0.02144291825290407,0.00830460163530739,0.00971028385136655,0.008753069332981832,,,,,,,,,0.009710283851366464,0.02144291825290401
erdos_renyi,60,0.25,1.75,124.45,3.256429397523095,4.148333333333333,0.10854764658410318,1.8324909206437947,0.08213547784884594,0.44293067153220844,0.02144722992965109,1.0,0.0,9.2,0.5243831463829919,248.9,6.51285879504619,1488.4,65.4927173066634,0.48217800897765895,0.05626849625771037,11.116480685326872,0.45240068065550404,24.82929746115196,0.5534765557062035,0.010516666666666665,0.0012079229575370396,0.6292500000000001,0.017031066551885018,3.7287920168648867,0.029172069606453552,0.6544405288566961,0.0045520813591088906,3.7322162241906782,0.03343241466755068,3.5018358234960623,0.13870953475301231,0.5803987223175306,0.00986682797149307,-0.025190528856696225,0.013582034170819077,0.04885127768246936,0.01114371973330015,,,,,,,,,0.04885127768246944,0.025190528856696037
erdos_renyi,60,0.25,2.5,123.0,4.752321980940088,4.1000000000000005,0.1584107326980029,1.7750558057179369,0.06628778951424896,0.4354057499608177,0.020218727665846092,1.0,0.0,8.95,0.577154362276451,246.0,9.504643961880175,1452.4,91.76467103239793,0.45884944803980215,0.07086882943342196,10.971370152326406,0.46641934278793956,24.334790886378777,0.9181319352717602,0.01105,0.0010580168030591742,0.924925,0.00795799350206742,7.618554792141151,0.06675377752436307,0.9218269251607948,0.0016567776134970476,7.6275170425654935,0.07470257815197222,7.339742849036301,0.3147294859498081,0.8492883927157491,0.007974962556782088,0.0030980748392052558,0.00664053076089228,0.07563660728425074,0.002737567537356123,,,,,,,,,0.07563660728425092,0.0030980748392052115
erdos_renyi,60,0.35,0.75,126.95,4.274027781108145,4.2316666666666665,0.1424675927036048,1.8458196518791947,0.06950659884862818,0.43721979850162507,0.015223348368820003,1.05,0.098,9.3,0.49462032222493113,253.9,8.54805556221629,1540.2,92.43000559057477,0.5424849336667843,0.06558340569273717,11.237401424283892,0.4226259408558184,49.469004327829865,1.5550539802626668,0.009466666666666667,0.0009706713900020032,0.026625,0.0024660657459114697,0.35064713712439255,0.0022100595588180885,0.004433371577234616,7.109294358771801e-05,0.35062276443493084,0.002326686246858928,0.3356571455948075,0.009510229959049179,0.006133921172349535,6.569988355068564e-05,0.022191628422765387,0.0024837021787155926,0.02049107882765047,0.0024434804006108085,,,,,,,,,0.020491078827650465,0.022191628422765383
erdos_renyi,60,0.35,1.25,122.2,4.781165328111635,4.073333333333332,0.15937217760372113,1.8646238898723826,0.0669634785681119,0.4592236222280359,0.014891726420291481,1.0,0.0,8.95,0.48167667688256566,244.4,9.56233065622327,1457.4,99.18904678069629,0.41972539213328275,0.05378579358558039,10.923923921306791,0.39935819137465833,47.5666933944068,1.8436980327784738,0.010166666666666666,0.0012766643305370043,0.096575,0.005219084165475375,0.9642103611515005,0.006630454631064521,0.05604900761378935,0.0009363276636843315,0.9634193563049186,0.007004026116866574,0.8985917996150796,0.03886885494386159,0.07239977781740625,0.000550758532875258,0.040525992386210644,0.005318488795108345,0.02417522218259375,0.005212641985934281,,,,,,,,,0.024175222182593742,0.040525992386210644
erdos_renyi,60,0.35,1.75,128.5,4.058119346640627,4.283333333333333,0.13527064488802093,1.8913763603925056,0.07145271318977735,0.4423697030109094,0.014946882606175547,1.0,0.0,9.3,0.5146534858779407,257.0,8.116238693281254,1579.4,87.32250652910918,0.48500975086424064,0.058189021987607635,11.27257247826262,0.40819588477075286,49.96947060632236,1.512550962318963,0.010866666666666667,0.0014395198679741789,0.27866250000000004,0.009667727710900078,1.9080081037037602,0.011270970886834803,0.25418350756098257,0.0028710088581954053,1.9100074691387472,0.013242535687667341,1.8295285583611858,0.04908177860460762,0.2647547506794018,0.00318355031528044,0.02447899243901739,0.009239233473161659,0.013907749320598229,0.00803437495358591,,,,,,,,,0.01390774932059824,0.024478992439017466
erdos_renyi,60,0.35,2.5,125.05,4.411375224170015,4.168333333333333,0.14704584080566716,1.8842541922864726,0.07475867604346348,0.4530935770870463,0.016081673927041438,1.0,0.0,9.45,0.5593641126550002,250.1,8.82275044834003,1513.7,92.89058197572815,0.464994517802347,0.07308758574480663,11.394171309357805,0.471303321477649,48.91688087892349,1.6134908974330078,0.01,0.001101424914420072,0.6493249999999999,0.009302742184855748,3.871869130353042,0.026227361029327823,0.6759406551416012,0.003823348542115505,3.8736071624824158,0.026931935132286155,3.6750938782390135,0.14167519200878045,0.5952363576077031,0.007038795449168208,-0.026615655141601212,0.00695231080844285,0.05408864239229681,0.006508851078006864,,,,,,,,,0.054088642392296826,0.026615655141601247
star,15,0.15,0.75,14.0,0.0,1.8666666666666667,0.0,3.2427697352040807,3.9937372376846002e-16,1.737198072430758,0.0,1.0,0.0,14.0,0.0,28.0,0.0,238.0,0.0,0.9999999999999977,1.497651464131725e-16,15.000000000000004,7.9874744753692005e-16,2.5471568757187986,0.035310858703983955,0.010083333333333333,0.0006964006879151218,0.0982125,0.0020072301254006196,2.138963159732493,1.9968686188423001e-16,0.3134844544022333,2.4960857735528752e-17,2.1312667119345265,0.024647250991219016,1.145873121285264,9.984343094211501e-17,0.1442758153228036,0.0014941532621499326,-0.2152719544022334,0.00200723012540062,-0.04606331532280357,0.001982501655032153,0.987633909298798,0.0026265939160767314,0.9875788582362995,1.7930167878437328e-16,0.03519588723769536,0.00213460344890481,0.08453978031854407,8.934627366079953e-18,0.0460633153228036,0.21527195440223335
star,15,0.15,1.25,14.0,0.0,1.8666666666666667,0.0,3.2427697352040807,3.9937372376846002e-16,1.737198072430758,0.0,1.0,0.0,14.0,0.0,28.0,0.0,238.0,0.0,0.9999999999999977,1.497651464131725e-16,15.000000000000004,7.9874744753692005e-16,2.5070374022464788,0.04162357538481591,0.010916666666666667,0.0008289531903629212,0.29956249999999995,0.015486059552401519,5.941564332590259,3.9937372376846002e-16,0.8620415731918569,4.9921715471057503e-17,5.965701937691408,0.06727868641899695,3.182980892459068,3.9937372376846002e-16,0.5878873571446399,0.0007167736167478542,-0.5624790731918571,0.015486059552401525,-0.2883248571446399,0.01512352691736886,1.0,0.0,0.999081717301619,1.0822770012891408e-16,0.24912526667124965,0.015948329569460358,0.5582408058494837,4.1767503790641545e-17,0.28832485714463996,0.562479073191857
star,15,0.15,1.75,14.0,0.0,1.8666666666666667,0.0,3.2427697352040807,3.9937372376846002e-16,1.737198072430758,0.0,1.0,0.0,14.0,0.0,28.0,0.0,238.0,0.0,0.9999999999999977,1.497651464131725e-16,15.000000000000004,7.9874744753692005e-16,2.5027803972836375,0.05260574239371511,0.010966666666666664,0.001473834764239432,0.9571,0.008689761531462427,11.645466091876905,7.9874744753692005e-16,0.9722295085819187,0.0,11.761712798044035,0.11055298715972557,6.238642549219772,3.9937372376846002e-16,0.8846565287497915,0.00016847781324325523,-0.015129508581918699,0.008689761531462427,0.07244347125020849,0.008660306136259788,1.0,0.0,0.9998359792116537,5.3535075669220876e-17,0.9539769083697603,0.009314276522514467,0.8762396164454105,5.3535075669220876e-17,0.07244347125020845,0.01512950858191875
star,15,0.15,2.5,14.0,0.0,1.8666666666666667,0.0,3.2427697352040807,3.9937372376846002e-16,1.737198072430758,0.0,1.0,0.0,14.0,0.0,28.0,0.0,238.0,0.0,0.9999999999999977,1.497651464131725e-16,15.000000000000004,7.9874744753692005e-16,2.558113177472697,0.04547818745301789,0.009600000000000001,0.0011292216850712208,1.0,0.0,23.766257330361036,1.5974948950738401e-15,0.9954240491140934,1.497651464131725e-16,23.701430619517957,0.23156256129336103,12.731923569836272,1.5974948950738401e-15,0.9792455402815893,3.105779484459507e-05,0.0045759508859062326,0.0,0.020754459718410646,3.105779484459506e-05,1.0,0.0,0.9999735991975607,1.2579876088376212e-16,1.0,0.0,0.9777742804302886,7.893316279570367e-17,0.020754459718410723,0.004575950885906566
star,15,0.25,0.75,14.0,0.0,1.8666666666666667,0.0,3.2427697352040807,3.9937372376846002e-16,1.737198072430758,0.0,1.0,0.0,14.0,0.0,28.0,0.0,238.0,0.0,0.9999999999999977,1.497651464131725e-16,15.000000000000004,7.9874744753692005e-16,6.905913824007818,0.13951206370615457,0.010750000000000001,0.0008941425374027246,0.05994999999999999,0.0020022898207591702,0.7700267375036974,4.9921715471057503e-17,0.03229204867771325,3.120107216941094e-18,0.7711439637969504,0.009103674122837987,0.412514323662695,2.4960857735528752e-17,0.06331024717902936,0.0014369462904135245,0.027657951322286756,0.0020022898207591702,-0.003360247179029353,0.002218066416749967,0.6389304817587306,0.01605710384224533,0.8531628302830653,8.574336209259004e-17,0.01843919338280757,0.0014963413067146426,0.006703263661191531,3.3776151405026904e-19,0.0033602471790293714,0.02765795132228674
star,15,0.25,1.25,14.0,0.0,1.8666666666666667,0.0,3.2427697352040807,3.9937372376846002e-16,1.737198072430758,0.0,1.0,0.0,14.0,0.0,28.0,0.0,238.0,0.0,0.9999999999999977,1.497651464131725e-16,15.000000000000004,7.9874744753692005e-16,7.076464546899703,0.11638419820110103,0.01105,0.0010706811626468374,0.0980375,0.003693825379496238,2.1389631597324925,1.9968686188423001e-16,0.3134844544022332,2.4960857735528752e-17,2.151935398359709,0.03544867135339182,1.145873121285264,9.984343094211501e-17,0.14552878204341446,0.002148951538669403,-0.21544695440223327,0.0036938253794962382,-0.04749128204341444,0.0024671269236264466,0.9910644335951131,0.0025155332612017663,0.9875788582362995,1.7293389519373775e-16,0.033359820647817715,0.0026089530187825855,0.08453978031854407,7.383521290899366e-18,0.04749128204341446,0.21544695440223322
star,15,0.25,1.75,14.0,0.0,1.8666666666666667,0.0,3.2427697352040807,3.9937372376846002e-16,1.737198072430758,0.0,1.0,0.0,14.0,0.0,28.0,0.0,238.0,0.0,0.9999999999999977,1.497651464131725e-16,15.000000000000004,7.9874744753692005e-16,6.900997140651546,0.11661357630220472,0.010783333333333334,0.0011067914852459179,0.1698,0.007603073637473341,4.192367793075688,3.9937372376846002e-16,0.7189759566134465,0.0,4.187501651887295,0.033131593750301086,2.245911317719118,1.9968686188423001e-16,0.3846542318928151,0.0007452939362118675,-0.5491759566134464,0.007603073637473344,-0.21485423189281513,0.007683658845788514,1.0,0.0,0.9977601927223019,7.319960384102108e-17,0.11064944777644928,0.008268881032660163,0.34097823146950407,2.953408516359746e-17,0.2148542318928151,0.5491759566134464
star,15,0.25,2.5,14.0,0.0,1.8666666666666667,0.0,3.2427697352040807,3.9937372376846002e-16,1.737198072430758,0.0,1.0,0.0,14.0,0.0,28.0,0.0,238.0,0.0,0.9999999999999977,1.497651464131725e-16,15.000000000000004,7.9874744753692005e-16,7.085980809726125,0.12645034916203238,0.01035,0.0012571362517863986,0.644575,0.02640028490775291,8.55585263892997,7.9874744753692005e-16,0.9408175448610763,0.0,8.431219839104843,0.1279885207035714,4.583492485141056,3.9937372376846002e-16,0.7780441506455823,0.0005088403482135279,-0.29624254486107626,0.02640028490775291,-0.13346915064558235,0.026205523766271104,1.0,0.0,0.9996388512931345,4.735989767742219e-17,0.6201549705840759,0.027873166936285318,0.7627468496387504,3.157326511828147e-17,0.1334691506455823,0.29624254486107626
star,15,0.35,0.75,14.0,0.0,1.8666666666666667,0.0,3.2427697352040807,3.9937372376846002e-16,1.737198072430758,0.0,1.0,0.0,14.0,0.0,28.0,0.0,238.0,0.0,0.9999999999999977,1.497651464131725e-16,15.000000000000004,7.9874744753692005e-16,13.858320406921314,0.2718744345293477,0.01055,0.0015109971224636953,0.032087500000000005,0.0023454562203500937,0.39287078444066204,0.0,0.005920618787596175,3.9001340211763674e-19,0.39056793024436465,0.005751744941038545,0.21046649166464038,0.0,0.03463462043697109,0.0010676757397703024,0.026166881212403827,0.0023454562203500933,-0.0025471204369710886,0.0021089009737841062,0.30374557300508037,0.01950241087764063,0.5090888364547143,4.9921715471057503e-17,0.012886451464093712,0.0012156292016789238,0.001203037736333693,7.231042006829626e-20,0.0025471204369710843,0.02616688121240383
star,15,0.35,1.25,14.0,0.0,1.8666666666666667,0.0,3.2427697352040807,3.9937372376846002e-16,1.737198072430758,0.0,1.0,0.0,14.0,0.0,28.0,0.0,238.0,0.0,0.9999999999999977,1.497651464131725e-16,15.000000000000004,7.9874744753692005e-16,13.696361393980222,0.28379370911387997,0.010616666666666667,0.0014370793236478424,0.07517500000000002,0.0021055000781162103,1.0913077345573943,9.984343094211501e-17,0.07535874285430524,6.240214433882188e-18,1.093841127512617,0.010515971713238844,0.58462914351289,0.0,0.07771800013062073,0.0012701271272780262,-0.00018374285430525772,0.0021055000781162107,-0.002543000130620731,0.0017695363692163807,0.822752633362333,0.012508968365557498,0.9341704175232944,8.2785799554189e-17,0.021504342876712275,0.0014891602090085195,0.016214986234255095,6.042061644797215e-19,0.0025430001306207123,0.0001837428543052244
star,15,0.35,1.75,14.0,0.0,1.8666666666666667,0.0,3.2427697352040807,3.9937372376846002e-16,1.737198072430758,0.0,1.0,0.0,14.0,0.0,28.0,0.0,238.0,0.0,0.9999999999999977,1.497651464131725e-16,15.000000000000004,7.9874744753692005e-16,13.696704341390372,0.23362258349932016,0.010199999999999999,0.000818761523734804,0.099975,0.003626087125553557,2.138963159732493,1.9968686188423001e-16,0.3134844544022333,2.4960857735528752e-17,2.133314960138824,0.03011067465144815,1.145873121285264,9.984343094211501e-17,0.14439998319601727,0.0018253541854231475,-0.21350945440223335,0.003626087125553557,-0.04442498319601727,0.002650155045859755,0.9899564481561411,0.003046666284116644,0.9875788582362995,1.743690558613922e-16,0.03679598675404143,0.002782862502986688,0.08453978031854407,7.383521290899366e-18,0.04442498319601727,0.21350945440223335
star,15,0.35,2.5,14.0,0.0,1.8666666666666667,0.0,3.2427697352040807,3.9937372376846002e-16,1.737198072430758,0.0,1.0,0.0,14.0,0.0,28.0,0.0,238.0,0.0,0.9999999999999977,1.497651464131725e-16,15.000000000000004,7.9874744753692005e-16,13.995947092739987,0.20381415183528714,0.009166666666666667,0.0008694618891062374,0.16609999999999997,0.008130892240804754,4.365230938229577,3.9937372376846002e-16,0.7394009491990442,4.9921715471057503e-17,4.417545502754923,0.06346241943557605,2.33851657405156,0.0,0.4079121503942992,0.0013222068475576402,-0.5733009491990441,0.008130892240804752,-0.24181215039429915,0.007659047174180517,1.0,0.0,0.9979799133734059,4.602554751697408e-17,0.10490447829816726,0.008076850215801814,0.364596652651693,2.0883751895320773e-17,0.2418121503942992,0.5733009491990442
star,30,0.15,0.75,29.0,0.0,1.933333333333333,1.9968686188423001e-16,5.026153819992203,0.0,2.599734734478725,1.9968686188423001e-16,1.0,0.0,29.0,0.0,58.0,0.0,928.0,0.0,0.9999999999999986,1.497651464131725e-16,30.0,0.0,5.090155436873662,0.09181258068720238,0.010166666666666668,0.0012490911783892419,0.0506625,0.0021896952774061364,1.1219093348196882,9.984343094211501e-17,0.08044422061331274,6.240214433882188e-18,1.1187273678269671,0.019265197414733454,0.580297931803287,4.9921715471057503e-17,0.0481595034938361,0.0011537553912846267,-0.029781720613312763,0.0021896952774061364,0.0025029965061639002,0.0016130321443139906,0.9871891240826647,0.0043899658536788524,0.9889957706499505,8.646694759686888e-17,0.01856760134616503,0.0016694999276348759,0.01591400653549326,2.233656841519988e-18,0.002502996506163896,0.029781720613312745
star,30,0.15,1.25,29.0,0.0,1.933333333333333,1.9968686188423001e-16,5.026153819992203,0.0,2.599734734478725,1.9968686188423001e-16,1.0,0.0,29.0,0.0,58.0,0.0,928.0,0.0,0.9999999999999986,1.497651464131725e-16,30.0,0.0,5.0562987353464255,0.08422301303154356,0.011149999999999998,0.0012263803918430352,0.0827625,0.004067990288439994,3.11641481894358,1.9968686188423001e-16,0.5448549713619592,4.9921715471057503e-17,3.153274483871083,0.06826735920868578,1.6119386994535752,9.984343094211501e-17,0.2091278295645061,0.0012372480709946562,-0.46209247136195924,0.004067990288439994,-0.12636532956450608,0.004046780551473855,1.0,0.0,0.9991875477088138,5.906817032719493e-17,0.050325331111625606,0.00421615233813681,0.1811933269247296,1.5786632559140735e-17,0.12636532956450608,0.46209247136195913
star,30,0.15,1.75,29.0,0.0,1.933333333333333,1.9968686188423001e-16,5.026153819992203,0.0,2.599734734478725,1.9968686188423001e-16,1.0,0.0,29.0,0.0,58.0,0.0,928.0,0.0,0.9999999999999986,1.497651464131725e-16,30.0,0.0,5.032926946676423,0.07380168384725448,0.010633333333333335,0.0008903973224425518,0.23378749999999998,0.012823949598412791,6.108173045129416,3.9937372376846002e-16,0.8702499232682295,0.0,6.0609926740222075,0.12379175160248104,3.1593998509290073,1.9968686188423001e-16,0.5681789234190606,0.0006245549728267824,-0.6364624232682294,0.012823949598412786,-0.33439142341906064,0.012627663191976854,1.0,0.0,0.9998548949337298,5.1154536058417e-17,0.20782718209675455,0.012912430466206134,0.5535397879086374,8.353500758128309e-17,0.33439142341906064,0.6364624232682294
star,30,0.15,2.5,29.0,0.0,1.933333333333333,1.9968686188423001e-16,5.026153819992203,0.0,2.599734734478725,1.9968686188423001e-16,1.0,0.0,29.0,0.0,58.0,0.0,928.0,0.0,0.9999999999999986,1.497651464131725e-16,30.0,0.0,5.191416945594144,0.1124145287495582,0.00935,0.001057167118193464,0.9902874999999998,0.00429609769533873,12.46565927577432,7.9874744753692005e-16,0.9765671980824531,0.0,12.563450223541164,0.2648069532132568,6.447754797814301,3.9937372376846002e-16,0.8889994346239959,0.00016848580621125244,0.01372030191754694,0.004296097695338729,0.10128806537600413,0.004318442226334749,1.0,0.0,0.9999766442448129,1.9270040831830381e-16,0.9899430972063958,0.004453454535844136,0.8851082683919811,4.602554751697408e-17,0.10128806537600388,0.013720301917546696
star,30,0.25,0.75,29.0,0.0,1.933333333333333,1.9968686188423001e-16,5.026153819992203,0.0,2.599734734478725,1.9968686188423001e-16,1.0,0.0,29.0,0.0,58.0,0.0,928.0,0.0,0.9999999999999986,1.497651464131725e-16,30.0,0.0,13.976377573404221,0.2780659140478303,0.010899999999999998,0.0015034140018034662,0.035375000000000004,0.002095392753035498,0.40388736053508784,2.4960857735528752e-17,0.006352356058773506,3.9001340211763674e-19,0.4047891435211102,0.006694378289078928,0.2089072554491834,1.2480428867764376e-17,0.03020335183092713,0.0009918773114037747,0.029022643941226493,0.002095392753035498,0.005171648169072876,0.0018798907434914535,0.672415693173918,0.025393505678050723,0.867861343305597,6.881233598410334e-17,0.013269501007854845,0.001390037499185793,0.001180372832199209,1.5721942865815978e-19,0.005171648169072875,0.029022643941226497
star,30,0.25,1.25,29.0,0.0,1.933333333333333,1.9968686188423001e-16,5.026153819992203,0.0,2.599734734478725,1.9968686188423001e-16,1.0,0.0,29.0,0.0,58.0,0.0,928.0,0.0,0.9999999999999986,1.497651464131725e-16,30.0,0.0,14.00490828551229,0.24748617626661,0.0106,0.001196829183119818,0.051750000000000004,0.00165824510917574,1.1219093348196882,9.984343094211501e-17,0.08044422061331274,6.240214433882188e-18,1.1201490977598854,0.024728496915926004,0.580297931803287,4.9921715471057503e-17,0.04824464814819611,0.0014809418258696651,-0.02869422061331276,0.0016582451091757403,0.0035053518518038938,0.0014668398125076536,0.989230447881787,0.004035128568997042,0.9889957706499504,2.953408516359746e-17,0.019532434690931057,0.0015003543036586605,0.01591400653549326,2.1503854995032294e-18,0.003505351851803895,0.02869422061331274
star,30,0.25,1.75,29.0,0.0,1.933333333333333,1.9968686188423001e-16,5.026153819992203,0.0,2.599734734478725,1.9968686188423001e-16,1.0,0.0,29.0,0.0,58.0,0.0,928.0,0.0,0.9999999999999986,1.497651464131725e-16,30.0,0.0,13.886377953090843,0.25690095735688945,0.010516666666666665,0.0010957758233191496,0.06332499999999999,0.002784844047414693,2.1989422962465897,1.9968686188423001e-16,0.3289230700154925,2.4960857735528752e-17,2.1648397342556613,0.04143350861209668,1.1373839463344424,9.984343094211501e-17,0.11259592962149514,0.0011903628662056872,-0.26559807001549246,0.002784844047414692,-0.04927092962149515,0.0025760383634200155,1.0,0.0,0.9980180242895751,6.697700960801252e-17,0.03209671795731821,0.002667276200817334,0.08307766632258515,3.946658139785184e-18,0.04927092962149515,0.2655980700154925
star,30,0.25,2.5,29.0,0.0,1.933333333333333,1.9968686188423001e-16,5.026153819992203,0.0,2.599734734478725,1.9968686188423001e-16,1.0,0.0,29.0,0.0,58.0,0.0,928.0,0.0,0.9999999999999986,1.497651464131725e-16,30.0,0.0,14.21273523758891,0.3190116024148389,0.009983333333333334,0.0015163401537875017,0.11895000000000003,0.008182575312017734,4.487637339278753,3.9937372376846002e-16,0.7528138927866977,0.0,4.4708473857852455,0.09750625506949259,2.321191727213148,1.9968686188423001e-16,0.381347639115581,0.000959385090877672,-0.6338638927866976,0.008182575312017729,-0.262397639115581,0.00805139779783128,1.0,0.0,0.9996804935572611,1.0411999274271736e-16,0.0888142278379949,0.008302823355951379,0.36019671307616885,3.107601726870134e-17,0.262397639115581,0.6338638927866977
star,30,0.35,0.75,29.0,0.0,1.933333333333333,1.9968686188423001e-16,5.026153819992203,0.0,2.599734734478725,1.9968686188423001e-16,1.0,0.0,29.0,0.0,58.0,0.0,928.0,0.0,0.9999999999999986,1.497651464131725e-16,30.0,0.0,27.76151819288632,0.33685283283872297,0.009983333333333334,0.0009172113724515117,0.021475,0.0010938841707179823,0.20606497986484076,1.2480428867764376e-17,0.0011397298144360986,9.750335052940919e-20,0.20730847543299064,0.0034540426484135794,0.10658533441284865,6.240214433882188e-18,0.018416779719317607,0.0006243247939137511,0.020335270185563907,0.0010938841707179825,0.0030582202806823944,0.0010724236414062372,0.31470433900892525,0.018779599269806983,0.5396449472203708,1.0707015133844175e-16,0.011242234227622494,0.0009701991182383844,0.00021087994890564644,1.7450444074374908e-20,0.0030582202806823944,0.020335270185563904
star,30,0.35,1.25,29.0,0.0,1.933333333333333,1.9968686188423001e-16,5.026153819992203,0.0,2.599734734478725,1.9968686188423001e-16,1.0,0.0,29.0,0.0,58.0,0.0,928.0,0.0,0.9999999999999986,1.497651464131725e-16,30.0,0.0,27.43607821384183,0.5597521768154485,0.010383333333333333,0.0013714882086378827,0.04175,0.0015669519523752577,0.5724027218467799,0.0,0.015373858380865949,1.560053608470547e-18,0.5702611461460774,0.010058978117986467,0.2960703733690241,0.0,0.033916886873497795,0.0011386946570954757,0.026376141619134052,0.0015669519523752577,0.00783311312650221,0.0019586123252539793,0.8284696487968637,0.01655486664424488,0.9413177569003359,5.468649934570566e-17,0.01486085132544121,0.0015763916590743128,0.0028779916374270737,1.7441929585419926e-19,0.007833113126502207,0.026376141619134055
star,30,0.35,1.75,29.0,0.0,1.933333333333333,1.9968686188423001e-16,5.026153819992203,0.0,2.599734734478725,1.9968686188423001e-16,1.0,0.0,29.0,0.0,58.0,0.0,928.0,0.0,0.9999999999999986,1.497651464131725e-16,30.0,0.0,27.394458041879993,0.402907014983515,0.010633333333333333,0.0010501577269448567,0.05143749999999999,0.0023242400993601507,1.1219093348196882,9.984343094211501e-17,0.08044422061331274,6.240214433882188e-18,1.1233987661779836,0.017653264148138097,0.580297931803287,4.9921715471057503e-17,0.048439264501019,0.0010572198273509229,-0.029006720613312758,0.0023242400993601507,0.0029982354989809947,0.0016661576730674736,0.9884263416354259,0.005146094908246233,0.9889957706499507,6.215203453740268e-17,0.01904042595784038,0.0017290313775285393,0.01591400653549326,2.3139334421854804e-18,0.0029982354989809903,0.029006720613312754
star,30,0.35,2.5,29.0,0.0,1.933333333333333,1.9968686188423001e-16,5.026153819992203,0.0,2.599734734478725,1.9968686188423001e-16,1.0,0.0,29.0,0.0,58.0,0.0,928.0,0.0,0.9999999999999986,1.497651464131725e-16,30.0,0.0,28.032231739710625,0.3639063510182606,0.009033333333333334,0.0011762865148050796,0.06258749999999999,0.002658833764424189,2.2896108873871195,0.0,0.3521526693689824,2.4960857735528752e-17,2.2876765609477756,0.048040110330269406,1.1842814934760963,0.0,0.12148448937593004,0.0013138716843171699,-0.2895651693689823,0.0026588337644241865,-0.05889698937593004,0.0017854212489915805,1.0,0.0,0.9982124974877313,4.9921715471057503e-17,0.030327046284008535,0.001805128529579588,0.09130721613905275,4.627866884370961e-18,0.05889698937593005,0.28956516936898236
star,60,0.15,0.75,59.0,0.0,1.9666666666666668,9.984343094211501e-17,7.425107556272989,0.0,3.7754784184438934,1.9968686188423001e-16,1.0,0.0,59.0,0.0,118.0,0.0,3658.0,0.0,0.9999999999999979,9.984343094211501e-17,60.0,0.0,10.397482817989669,0.1637453075466979,0.009699999999999999,0.0011033609049398605,0.029012500000000004,0.0011394752889863503,0.5748227091490079,4.9921715471057503e-17,0.0155382569566622,1.560053608470547e-18,0.5815330335714892,0.012682095407254275,0.2922827334655974,4.9921715471057503e-17,0.01962339462243918,0.0007382786021579952,0.013474243043337806,0.0011394752889863507,0.009389105377560823,0.0008025379483437548,0.987457602729323,0.006034023065316969,0.9896559796008878,1.5982747315347737e-16,0.012373923527463145,0.0008001529929258958,0.002784906945252394,1.5721942865815978e-19,0.009389105377560825,0.013474243043337804
star,60,0.15,1.25,59.0,0.0,1.9666666666666668,9.984343094211501e-17,7.425107556272989,0.0,3.7754784184438934,1.9968686188423001e-16,1.0,0.0,59.0,0.0,118.0,0.0,3658.0,0.0,0.9999999999999979,9.984343094211501e-17,60.0,0.0,10.137012779780214,0.17197247900032586,0.010249999999999999,0.001141366729713069,0.03874999999999999,0.0017000134674389155,1.596729747636133,9.984343094211501e-17,0.17761948666571054,1.2480428867764376e-17,1.5829951654848569,0.025960046914189475,0.8118964818488814,0.0,0.05256831992103288,0.0005305730200276645,-0.13886948666571056,0.001700013467438915,-0.01381831992103288,0.0015610783137358772,1.0,0.0,0.9992367634231976,7.652854067337932e-17,0.02274792235421756,0.0015868985815144447,0.03680855805818073,2.87659671981088e-18,0.013818319921032884,0.13886948666571053
star,60,0.15,1.75,59.0,0.0,1.9666666666666668,9.984343094211501e-17,7.425107556272989,0.0,3.7754784184438934,1.9968686188423001e-16,1.0,0.0,59.0,0.0,118.0,0.0,3658.0,0.0,0.9999999999999979,9.984343094211501e-17,60.0,0.0,10.241269291387308,0.2260900084458971,0.009633333333333334,0.0007186666666666665,0.0595375,0.005155523010632179,3.129590305366821,1.9968686188423001e-16,0.5475328096174834,9.984343094211501e-17,3.0922871802439538,0.07456390700441796,1.5913171044238077,9.984343094211501e-17,0.1897452486294175,0.0006652934128177449,-0.48799530961748355,0.005155523010632176,-0.1302077486294175,0.004921985577629041,1.0,0.0,0.9998636904410617,1.0589995061415043e-16,0.043995888175803584,0.004971014373560908,0.1763529044726054,2.4328834701823273e-17,0.1302077486294175,0.4879953096174834
star,60,0.15,2.5,59.0,0.0,1.9666666666666668,9.984343094211501e-17,7.425107556272989,0.0,3.7754784184438934,1.9968686188423001e-16,1.0,0.0,59.0,0.0,118.0,0.0,3658.0,0.0,0.9999999999999979,9.984343094211501e-17,60.0,0.0,10.18650258010499,0.22182489057167853,0.009916666666666667,0.0008686540640789839,0.2064625,0.0190888367801294,6.386918990544532,3.9937372376846002e-16,0.8826164067549559,0.0,6.515631646133643,0.18919871746186803,3.2475859273955257,0.0,0.5783342267534969,0.0004309991744021795,-0.676153906754956,0.019088836780129393,-0.37187172675349683,0.01899657047697308,1.0,0.0,0.9999780601100128,1.5386906095100995e-16,0.1924693986183856,0.01925945764417035,0.5708895409460014,7.147701892863962e-17,0.3718717267534969,0.6761539067549559
star,60,0.25,0.75,59.0,0.0,1.9666666666666668,9.984343094211501e-17,7.425107556272989,0.0,3.7754784184438934,1.9968686188423001e-16,1.0,0.0,59.0,0.0,118.0,0.0,3658.0,0.0,0.9999999999999979,9.984343094211501e-17,60.0,0.0,28.434930067356948,0.5054590264974618,0.010183333333333334,0.0012993174906544079,0.023100000000000002,0.0014688820310197247,0.2069361752936429,0.0,0.0011520954830297296,0.0,0.20942817787917054,0.007382882642150465,0.10522178404761502,0.0,0.01513895628637169,0.0010581185837067687,0.02194790451697027,0.0014688820310197247,0.007961043713628312,0.0015131200618283837,0.669201551834379,0.021838431647255834,0.8748696119490129,8.2785799554189e-17,0.011914751537549399,0.001297938263035163,0.00020404167392456093,8.17590449316559e-21,0.007961043713628312,0.021947904516970273
star,60,0.25,1.25,59.0,0.0,1.9666666666666668,9.984343094211501e-17,7.425107556272989,0.0,3.7754784184438934,1.9968686188423001e-16,1.0,0.0,59.0,0.0,118.0,0.0,3658.0,0.0,0.9999999999999979,9.984343094211501e-17,60.0,0.0,28.832579594643544,0.5910883755334184,0.010333333333333333,0.0009154032122161645,0.0277375,0.0015423533752712203,0.5748227091490079,4.9921715471057503e-17,0.0155382569566622,1.560053608470547e-18,0.5658520649210597,0.012973692195112112,0.2922827334655974,4.9921715471057503e-17,0.018710538880232715,0.000755253688846769,0.012199243043337804,0.0015423533752712206,0.009026961119767285,0.001305842278071252,0.9911529791149979,0.003771120176108508,0.9896559796008878,1.8545094209226998e-16,0.011943129826890558,0.001317845299929795,0.002784906945252394,1.7441929585419926e-19,0.009026961119767283,0.012199243043337799
star,60,0.25,1.75,59.0,0.0,1.9666666666666668,9.984343094211501e-17,7.425107556272989,0.0,3.7754784184438934,1.9968686188423001e-16,1.0,0.0,59.0,0.0,118.0,0.0,3658.0,0.0,0.9999999999999979,9.984343094211501e-17,60.0,0.0,28.548631424398174,0.7850693747299543,0.011166666666666668,0.002044982220143186,0.03485,0.0026241800122785218,1.1266525099320561,1.9968686188423001e-16,0.08124702537081352,0.0,1.1439580834426646,0.02385448517726578,0.5728741575925707,0.0,0.03229651297347282,0.0007055340643172131,-0.04639702537081352,0.002624180012278522,0.0025534870265271777,0.002560425035909192,1.0,0.0,0.9981379538989892,5.581417467334376e-17,0.017970948432020663,0.0026022621724820353,0.015405804149656172,3.0210308223986077e-19,0.0025534870265271764,0.04639702537081352
star,60,0.25,2.5,59.0,0.0,1.9666666666666668,9.984343094211501e-17,7.425107556272989,0.0,3.7754784184438934,1.9968686188423001e-16,1.0,0.0,59.0,0.0,118.0,0.0,3658.0,0.0,0.9999999999999979,9.984343094211501e-17,60.0,0.0,28.099333742684202,0.6721454588300113,0.011133333333333332,0.0014190867337462978,0.04706249999999999,0.00343696989213954,2.2992908365960316,1.9968686188423001e-16,0.35462133301376336,2.4960857735528752e-17,2.262560639757189,0.061527268457909706,1.1691309338623896,1.9968686188423001e-16,0.10329952455717772,0.0008266821745440482,-0.30755883301376336,0.0034369698921395426,-0.05623702455717774,0.003162380900731603,1.0,0.0,0.9996998571870893,1.277644855779751e-16,0.031447461894381884,0.00320306711542051,0.0886081711193352,3.120107216941094e-18,0.05623702455717773,0.30755883301376336
star,60,0.35,0.75,59.0,0.0,1.9666666666666668,9.984343094211501e-17,7.425107556272989,0.0,3.7754784184438934,1.9968686188423001e-16,1.0,0.0,59.0,0.0,118.0,0.0,3658.0,0.0,0.9999999999999979,9.984343094211501e-17,60.0,0.0,55.58003637694027,0.9722271095238627,0.010566666666666665,0.0010546405834377503,0.016762500000000003,0.0010661389943450886,0.10557968127226677,6.240214433882188e-18,0.00020582326254847913,0.0,0.10482720235743645,0.003324483671419419,0.05368458369776278,0.0,0.009153963905558064,0.000592678155160043,0.016556676737451523,0.0010661389943450886,0.007608536094441934,0.0011914975635048304,0.3470099926302974,0.0258963269275741,0.5551377941964732,5.1154536058417e-17,0.011258444935758475,0.000934293595613448,3.6423898412419695e-05,2.8906187547254754e-21,0.0076085360944419395,0.016556676737451523
star,60,0.35,1.25,59.0,0.0,1.9666666666666668,9.984343094211501e-17,7.425107556272989,0.0,3.7754784184438934,1.9968686188423001e-16,1.0,0.0,59.0,0.0,118.0,0.0,3658.0,0.0,0.9999999999999979,9.984343094211501e-17,60.0,0.0,56.02523701199122,0.8222777750696221,0.009316666666666666,0.0008284109921589792,0.0238375,0.0011839650766097705,0.29327689242296334,2.4960857735528752e-17,0.002809160026352599,0.0,0.28740265568362716,0.007483924143012456,0.14912384360489658,1.2480428867764376e-17,0.01559327766112124,0.0008169758254432492,0.021028339973647402,0.0011839650766097705,0.008244222338878759,0.0010117359297492886,0.8217635857684609,0.018629501373888347,0.9446784451999661,7.571003007408208e-17,0.01088653046301814,0.000949296596021484,0.0004981959258513339,2.1802411981774907e-20,0.00824422233887876,0.021028339973647402
star,60,0.35,1.75,59.0,0.0,1.9666666666666668,9.984343094211501e-17,7.425107556272989,0.0,3.7754784184438934,1.9968686188423001e-16,1.0,0.0,59.0,0.0,118.0,0.0,3658.0,0.0,0.9999999999999979,9.984343094211501e-17,60.0,0.0,55.30966693830713,0.6456153483084157,0.010533333333333336,0.0009566840392089715,0.030862499999999994,0.0013159968155056654,0.5748227091490079,4.9921715471057503e-17,0.0155382569566622,1.560053608470547e-18,0.5777187438997633,0.016105831764888886,0.2922827334655974,2.4960857735528752e-17,0.019401348631091657,0.0009375888274087947,0.015324243043337803,0.0013159968155056659,0.01146115136890834,0.00121141357551244,0.9900804553244381,0.00396065018145301,0.9896559796008881,1.0471667380375572e-16,0.014428860301074164,0.0012501153615904076,0.002784906945252394,2.0912138933289405e-19,0.011461151368908337,0.015324243043337795
star,60,0.35,2.5,59.0,0.0,1.9666666666666668,9.984343094211501e-17,7.425107556272989,0.0,3.7754784184438934,1.9968686188423001e-16,1.0,0.0,59.0,0.0,118.0,0.0,3658.0,0.0,0.9999999999999979,9.984343094211501e-17,60.0,0.0,55.076944337495114,0.7668247540006528,0.01065,0.0010324396701573513,0.035525,0.001442623140780637,1.1731075696918534,9.984343094211501e-17,0.08931289811592844,1.2480428867764376e-17,1.1863696501831158,0.02653755083948298,0.5964953744195863,4.9921715471057503e-17,0.03378713101364851,0.0007526822529470036,-0.053787898115928455,0.0014426231407806368,0.0017378689863514866,0.0013915543609542712,1.0,0.0,0.9983206792993113,1.1162834934668753e-17,0.018794365053455366,0.0014156726027035797,0.017056578087995582,2.233656841519988e-18,0.0017378689863514901,0.053787898115928434
watts_strogatz,15,0.15,0.75,30.0,0.0,4.0,0.0,0.8755300715489323,0.0900587592574076,0.21888251788723306,0.0225146898143519,2.55,0.22370045761428858,5.55,0.2650676179869264,60.0,0.0,312.1,2.437693301377133,0.8750981420346488,0.07738866262303738,7.57385979968428,0.20381044458970965,3.0363044691276313,0.024879967731117926,0.0095,0.0012436838318818052,0.6331,0.011361039157438111,4.003012698849682,0.015549754057623115,0.6944148567417078,0.002118299133493891,4.007532485796826,0.016605050803932788,4.003012698849682,0.015549754057623115,0.6695771084152302,0.0068338447355184755,-0.0613148567417078,0.010094610498683624,-0.036477108415230275,0.008470414158723854,,,,,,,,,0.03647710841523022,0.06131485674170778
watts_strogatz,15,0.15,1.25,30.0,0.0,4.0,0.0,0.7852000981106068,0.05827176141189686,0.1963000245276517,0.014567940352974216,2.65,0.2144716887217469,5.35,0.21447168872174688,60.0,0.0,309.5,1.3300969493750603,0.9864414353926392,0.078461212072737,7.363800876287629,0.14756617257853658,3.0204166337036447,0.034035834760398606,0.009066666666666667,0.0010161270814293035,0.9969249999999998,0.00085913790940013,11.165214687274057,0.024030586350556087,0.9691616916412119,0.00016442027178683902,11.161347339030915,0.025571283263417798,11.165214687274057,0.024030586350556087,0.9624714167369337,0.0015011171403452293,0.027763308358788114,0.0007579877608214048,0.03445358326306612,0.0008590692060027931,,,,,,,,,0.034453583263066134,0.02776330835878793
watts_strogatz,15,0.15,1.75,30.0,0.0,4.0,0.0,0.8030051429942354,0.08434204022337309,0.20075128574855886,0.021085510055843273,2.75,0.19470625648856144,5.45,0.2650676179869264,60.0,0.0,310.2,2.1639566101302297,0.9689040421173072,0.12043429201115226,7.446483539962482,0.20471673396462794,3.0046888420863125,0.03442986448173906,0.011383333333333334,0.0013583206952377301,1.0,0.0,21.86031362159487,0.07539927713040018,0.9943364173545758,5.0401382465990947e-05,21.85766580099436,0.07750349142878522,21.86031362159487,0.07539927713040018,0.9929939565153081,0.00040300537210540146,0.005663582645424154,5.040138246599096e-05,0.007006043484691871,0.0004030053721054015,,,,,,,,,0.007006043484691915,0.005663582645424214
watts_strogatz,15,0.15,2.5,30.0,0.0,4.0,0.0,0.8673105122768605,0.07493531986060814,0.21682762806921513,0.018733829965152035,2.55,0.22370045761428858,5.5,0.26601938987501206,60.0,0.0,311.7,1.975924780157915,0.9865523438664324,0.0809570583406188,7.524795460249424,0.17366231694303225,2.996032533463437,0.036159684964761483,0.010883333333333333,0.0013120498760310075,1.0,0.0,44.50474224271454,0.1403962857353579,0.9990784985525758,7.4791848325996675e-06,44.48759206770955,0.18824692472104354,44.50474224271454,0.1403962857353579,0.9987930965932904,7.424288436620341e-05,0.0009215014474239613,7.479184832599669e-06,0.0012069034067096972,7.424288436620341e-05,,,,,,,,,0.0012069034067095918,0.0009215014474242
watts_strogatz,15,0.25,0.75,30.0,0.0,4.0,0.0,0.7668374471768217,0.0803868286604278,0.19170936179420542,0.02009670716510695,2.85,0.16055889229418857,5.6,0.29826727681905135,60.0,0.0,309.3,1.9345612313635194,0.9561218423685904,0.07641739498147715,7.46793804916534,0.19883595221107406,8.34663585402193,0.07672566197945505,0.01025,0.0009929524172506842,0.1543875,0.006401116862868953,1.4475341534245696,0.004496570627943222,0.1438453488761708,0.000977814731279378,1.4471531017705044,0.004291929441293858,1.4475341534245696,0.004496570627943222,0.1483293336819767,0.0004270126367328595,0.010542151123829219,0.0062265768459386864,0.006058166318023283,0.006313051652945847,,,,,,,,,0.006058166318023306,0.010542151123829224
watts_strogatz,15,0.25,1.25,30.0,0.0,4.0,0.0,0.8102963770691816,0.08620378707284056,0.2025740942672954,0.02155094676821014,2.75,0.19470625648856144,5.35,0.21447168872174688,60.0,0.0,310.4,2.2138366791850888,0.9194713916974944,0.0775612740773835,7.420464526613952,0.1471234181557713,8.372882534424875,0.0852692594235445,0.010183333333333336,0.0009811169073891816,0.644275,0.010643085200210855,4.013883638708264,0.014206248990882525,0.6958932993936309,0.0019276554781042952,4.01027095673596,0.015870788989979116,4.013883638708264,0.014206248990882525,0.6728213700040533,0.006644528228518065,-0.05161829939363087,0.009814043767928144,-0.028546370004053363,0.009413707059294228,,,,,,,,,0.028546370004053245,0.05161829939363083
watts_strogatz,15,0.25,1.75,30.0,0.0,4.0,0.0,0.7724954286350674,0.11308690701217049,0.19312385715876684,0.028271726753042622,2.7,0.20605773335083594,5.5,0.3334729532155731,60.0,0.0,309.9,2.674973920187673,0.8628641084564469,0.0950536230215436,7.464927229688383,0.2666646049873792,8.38969138712349,0.06225403070968015,0.010083333333333335,0.0007640825251654156,0.9653,0.0050458105394475495,7.873900942250273,0.033801579484611446,0.9277778857939992,0.0007407799014524409,7.874988952929961,0.034096881142335486,7.873900942250273,0.033801579484611446,0.9147107907025965,0.004462633298930011,0.03752211420600064,0.004436264861480878,0.050589209297403515,0.0018246953563808507,,,,,,,,,0.050589209297403515,0.03752211420600082
watts_strogatz,15,0.25,2.5,30.0,0.0,4.0,0.0,0.7036766850267474,0.07086754684614771,0.17591917125668685,0.017716886711536928,2.85,0.16055889229418857,5.2,0.1798619353545204,60.0,0.0,307.8,1.555051801472593,0.8698530925703862,0.05624149980300514,7.26322240196679,0.11816032500870258,8.40014416492441,0.05764163121484697,0.01005,0.0007602506665721456,0.9999750000000001,3.3724112878968865e-05,16.122450639302045,0.04039122279888011,0.9877328913775699,7.848856121213668e-05,16.114435283444955,0.04299753502264334,16.122450639302045,0.04039122279888011,0.9854790028393067,0.0007127353795611609,0.012242108622430253,7.528211876999845e-05,0.014495997160693557,0.0006954501810957701,,,,,,,,,0.014495997160693386,0.012242108622430137
watts_strogatz,15,0.35,0.75,30.0,0.0,4.0,0.0,0.8450389431775458,0.08115721905602778,0.21125973579438645,0.020289304764006946,2.6,0.2202849828840144,5.8,0.26979290303178055,60.0,0.0,311.2,2.0189452170560953,0.9247561623452689,0.0952159120484378,7.64365418093371,0.17126412953612868,16.379909072383363,0.15211719673413504,0.010533333333333334,0.0009365110815403913,0.05865,0.003482721138178563,0.7362842407967966,0.0023861879636054113,0.02889512424278771,0.00023277129573830851,0.7369995814277492,0.0027476009511442035,0.7362842407967966,0.0023861879636054113,0.03129847211100787,0.0001648757076528691,0.02975487575721229,0.003406216788509065,0.027351527888992134,0.003565012226466188,,,,,,,,,0.02735152788899213,0.02975487575721229
watts_strogatz,15,0.35,1.25,30.0,0.0,4.0,0.0,0.7584188903435829,0.09517482596604292,0.18960472258589572,0.02379370649151073,2.75,0.19470625648856144,5.5,0.26601938987501206,60.0,0.0,309.3,2.036395370566128,0.8578318910179151,0.05434146512402637,7.37939173622283,0.20735476331870797,16.278838379345906,0.14792763088918723,0.0104,0.0007651476026239444,0.26770000000000005,0.008166420803316596,2.051511272903597,0.006757144802263042,0.2909503444282943,0.001739974012655356,2.0507230812544,0.006842403486918128,2.051511272903597,0.006757144802263042,0.29158093341787306,0.0016787950342614887,-0.023250344428294312,0.007957695811545198,-0.02388093341787302,0.007989458336479528,,,,,,,,,0.023880933417873007,0.023250344428294267
watts_strogatz,15,0.35,1.75,30.0,0.0,4.0,0.0,0.7954721369452129,0.07419179384583888,0.19886803423630323,0.01854794846145972,2.7,0.20605773335083594,5.35,0.21447168872174688,60.0,0.0,309.9,1.8534290269375666,0.960383272068069,0.08438283878725003,7.369295980950708,0.13296023058012763,16.287994132988995,0.15783862303667778,0.010200000000000002,0.000989013519973341,0.6530875,0.012130906857995756,4.017009001742921,0.011929615423267682,0.6963248877245002,0.0016154750588404636,4.015858039936408,0.01343754777913478,4.017009001742921,0.011929615423267682,0.6748244363660237,0.005342173089330741,-0.04323738772450024,0.011268034934723632,-0.021736936366023744,0.00997149205682676,,,,,,,,,0.021736936366023696,0.04323738772450014
watts_strogatz,15,0.35,2.5,30.0,0.0,4.0,0.0,0.7736428583218667,0.1114896732040815,0.19341071458046669,0.027872418301020375,2.65,0.21447168872174693,5.45,0.2650676179869264,60.0,0.0,309.9,2.705039196135904,0.8588252824400324,0.055243926671180506,7.3875123836404715,0.1750560880513858,16.396691818265012,0.13666682719319825,0.01035,0.0013700131813085097,0.9713375,0.005221042005042778,8.198581352957754,0.0353671161912509,0.9344111782296208,0.0006855347236690355,8.201792516553752,0.036644532925174306,8.198581352957754,0.0353671161912509,0.921861888514956,0.00453896160670467,0.036926321770379134,0.004581901103613093,0.0494756114850442,0.0015098098315080165,,,,,,,,,0.04947561148504398,0.036926321770379134
watts_strogatz,30,0.15,0.75,60.0,0.0,4.0,0.0,0.8536320456028511,0.06029232139301057,0.21340801140071278,0.015073080348252643,2.35,0.21447168872174693,5.8,0.3049707492444756,120.0,0.0,622.4,3.1230786430261905,0.5043097403371004,0.05119185120674418,7.946992761396055,0.21828260264665672,4.889552122626389,0.036668296395640065,0.010950000000000001,0.001061197062132365,0.4761500000000001,0.010338113830817857,2.8344605626443693,0.007088717479147498,0.4842611325873034,0.0016009723937725877,2.8389604610533263,0.006258776576888632,2.8344605626443693,0.007088717479147498,0.47340724123131295,0.002848261233240695,-0.008111132587303425,0.010215946222921893,0.002742758768687037,0.010387265306434069,,,,,,,,,0.0027427587686871258,0.008111132587303338
watts_strogatz,30,0.15,1.25,60.0,0.0,4.0,0.0,0.7986463875907273,0.061703743689977546,0.19966159689768181,0.015425935922494386,2.35,0.2144716887217469,5.6,0.29826727681905135,120.0,0.0,619.7,3.220922522312022,0.46074231184262776,0.04653555571002545,7.801396222381994,0.19262388654778734,4.940528076114489,0.04128972126751398,0.009266666666666668,0.0010347490471816218,0.9809499999999998,0.0033768299989939167,7.890657043711521,0.02021447906356865,0.9281577896180246,0.00044415526251647016,7.891662372330383,0.017243969455269664,7.890657043711521,0.02021447906356865,0.91486190472805,0.002553742258965342,0.052792210381975194,0.00306688863103965,0.06608809527194996,0.0018792846725314027,,,,,,,,,0.06608809527194981,0.052792210381975124
watts_strogatz,30,0.15,1.75,60.0,0.0,4.0,0.0,0.8575368510435479,0.08761219897179345,0.21438421276088698,0.021903049742948363,2.3,0.20605773335083594,6.1,0.37351136106162186,120.0,0.0,623.2,5.122119298226385,0.463307090732073,0.050262170664399496,8.07259335247757,0.2923241637803967,4.922162915104246,0.03212645369434469,0.009983333333333334,0.000961456728582037,0.9999874999999999,2.4499999999997302e-05,15.423321574420495,0.06197183303827041,0.9862753391550036,0.00014298192041527932,15.410284913840716,0.062404896457465504,15.423321574420495,0.06197183303827041,0.98252996380503,0.0009715405854268132,0.013712160844996329,0.00014074262668917523,0.017457536194969946,0.0009629733993528251,,,,,,,,,0.017457536194969925,0.013712160844996268
watts_strogatz,30,0.15,2.5,60.0,0.0,4.0,0.0,0.8259678017252833,0.05404068727493743,0.20649195043132082,0.013510171818734358,2.45,0.22370045761428858,5.85,0.25732674293897034,120.0,0.0,620.9,2.387408901541144,0.4382358568908874,0.05915281817433353,7.828342340879486,0.15197155994619543,4.9033052053498825,0.044962860172894976,0.010833333333333334,0.0015066978726779178,1.0,0.0,31.531429721770643,0.06104173250447442,0.9977760655318463,1.0910828122312273e-05,31.530150917228163,0.08320838711991377,31.531429721770643,0.06104173250447442,0.9972174096943922,0.00010050491836516423,0.002223934468153654,1.0910828122312273e-05,0.0027825903056077684,0.00010050491836516421,,,,,,,,,0.0027825903056077905,0.002223934468153721
watts_strogatz,30,0.25,0.75,60.0,0.0,4.0,0.0,0.8240794134370404,0.06499514602674952,0.2060198533592601,0.01624878650668738,2.35,0.2144716887217469,5.9,0.28080935656926054,120.0,0.0,621.0,3.1475838687041073,0.45052983493759546,0.05040494309170885,7.886732372327058,0.17677428701939416,13.617341269872904,0.12638319278240234,0.0105,0.0012722574677821645,0.0954875,0.005928421840014245,1.0215564939156967,0.0025881272923678053,0.06439038704359615,0.0003908002851531681,1.0223244172621864,0.003499407546832628,1.0215564939156967,0.0025881272923678053,0.06850496296969241,0.0002885870580699734,0.031097112956403855,0.005852666351193087,0.026982537030307584,0.005996259492274088,,,,,,,,,0.02698253703030759,0.031097112956403855
watts_strogatz,30,0.25,1.25,60.0,0.0,4.0,0.0,0.8682609643935686,0.06788085169531596,0.21706524109839215,0.01697021292382899,2.5,0.2248274191931505,5.95,0.2650676179869264,120.0,0.0,623.3,3.7864568634737363,0.4282828716033242,0.06081429316991494,7.921196723221892,0.19120849144670507,13.548828007814702,0.10521555784295007,0.011383333333333332,0.0010863040079373814,0.47175,0.012389806421324536,2.8324726833355767,0.008490987262699068,0.48380856091974733,0.001924500571285412,2.824754022952618,0.010366991689271793,2.8324726833355767,0.008490987262699068,0.46975654935841893,0.003853133473448928,-0.012058560919747371,0.011881037574128315,0.0019934506415809684,0.011375613677881223,,,,,,,,,0.0019934506415810738,0.01205856091974733
watts_strogatz,30,0.25,1.75,60.0,0.0,4.0,0.0,0.8691719074948026,0.06548132744326578,0.21729297687370064,0.016370331860816444,2.45,0.22370045761428858,6.2,0.26979290303178055,120.0,0.0,623.3,3.295390209304346,0.4673914484352334,0.04567297240843337,8.07656270584976,0.20296196474077924,13.687407346674798,0.12126568661666955,0.011,0.0013506288766989617,0.89075,0.009632615264927027,5.551560357683572,0.014699452908517777,0.8400189416189112,0.0009098342744885022,5.552722106354204,0.016161019766730497,5.551560357683572,0.014699452908517777,0.8172757900265,0.00403151640802085,0.05073105838108871,0.008998564969438821,0.07347420997350021,0.006992095276566576,,,,,,,,,0.07347420997350007,0.05073105838108882
watts_strogatz,30,0.25,2.5,60.0,0.0,4.0,0.0,0.8247987139752591,0.0730239292676399,0.20619967849381476,0.018255982316909974,2.4,0.2202849828840144,6.0,0.2843866900431246,120.0,0.0,621.2,3.4876523245361057,0.40341854753323664,0.05565335788775163,7.923633665670908,0.20775079752873502,13.601235672783409,0.08066074167844993,0.010666666666666666,0.0008195842620335626,0.9986499999999999,0.0005669931773468634,11.348924322867166,0.031903974762680705,0.9703845055884756,0.00020654757133121342,11.372074334529488,0.03491799162982452,11.348924322867166,0.031903974762680705,0.9634222053718808,0.0016892038726848766,0.028265494411524622,0.00046294101008925086,0.03522779462811922,0.0013376124433712446,,,,,,,,,0.03522779462811909,0.028265494411524372
watts_strogatz,30,0.35,0.75,60.0,0.0,4.0,0.0,0.789550388272071,0.044838316347869306,0.19738759706801776,0.011209579086967326,2.55,0.22370045761428858,5.75,0.24110054683515444,120.0,0.0,619.0,2.1186331243963576,0.438332124917398,0.04093017582149105,7.793227828513362,0.145475035496428,26.607250174586078,0.22152926705662015,0.010583333333333333,0.0014730533591253267,0.040400000000000005,0.0031040028825271475,0.5220300816638994,0.0008922398308103622,0.012182960843806906,5.264079905641655e-05,0.523007111064473,0.0007658041994315853,0.5220300816638994,0.0008922398308103622,0.013162847756900391,8.754270549670402e-05,0.028217039156193103,0.003098241352796813,0.027237152243099604,0.0031185072941326874,,,,,,,,,0.027237152243099614,0.0282170391561931
watts_strogatz,30,0.35,1.25,60.0,0.0,4.0,0.0,0.7420265092963421,0.07259290736978799,0.18550662732408552,0.018148226842446998,2.8,0.1798619353545204,5.8,0.26979290303178055,120.0,0.0,617.3,3.1446919019030677,0.4376941460044015,0.0729091682957216,7.7739566974303305,0.21154457275093588,26.68123803965243,0.19554081632215528,0.010766666666666666,0.001220527390561601,0.1624125,0.006954428058325217,1.452117186825639,0.0036939565626405036,0.14484304511508322,0.0008065788278946258,1.451714333110034,0.003426735769244855,1.452117186825639,0.0036939565626405036,0.1490412783037654,0.000401666000906869,0.01756945488491681,0.006723291314381041,0.013371221696234632,0.006906697121795005,,,,,,,,,0.013371221696234586,0.017569454884916763
watts_strogatz,30,0.35,1.75,60.0,0.0,4.0,0.0,0.8489576439416453,0.062420965453748846,0.21223941098541133,0.015605241363437211,2.35,0.2144716887217469,5.9,0.3453864349879482,120.0,0.0,622.2,3.1140017915689664,0.46103887493649465,0.0601735775242441,7.995698388710852,0.2231936470397123,26.727877408430523,0.21969295478094855,0.01105,0.0013265241129441344,0.468825,0.013233204192882623,2.83491571075166,0.007086731282937229,0.4843638193918811,0.0015992124481775173,2.835517250141373,0.008171661311690904,2.83491571075166,0.007086731282937229,0.4732421328304858,0.003123541630153706,-0.015538819391881157,0.012734629854663313,-0.004417132830485754,0.012808479048975956,,,,,,,,,0.0044171328304857815,0.01553881939188112
watts_strogatz,30,0.35,2.5,60.0,0.0,4.0,0.0,0.8419558256959929,0.05404043235223729,0.21048895642399823,0.013510108088059322,2.35,0.2144716887217469,6.0,0.2843866900431246,120.0,0.0,621.7,2.610710086910214,0.4208522888351872,0.05079606232221799,7.968228533189119,0.17810694992781476,26.48874409646812,0.17875251171588807,0.011416666666666669,0.0010775831198181229,0.9140499999999999,0.006258284345359233,5.787789790276294,0.01219603714391178,0.8538501693036402,0.0006711110025105415,5.789388769749776,0.017131987240104184,5.787789790276294,0.01219603714391178,0.8327131377648384,0.003688534351393011,0.060199830696359834,0.005739274695383132,0.08133686223516168,0.003950474996545206,,,,,,,,,0.08133686223516157,0.0601998306963597
watts_strogatz,60,0.15,0.75,120.0,0.0,4.0,0.0,0.828544895423418,0.037206566180337006,0.2071362238558545,0.009301641545084251,2.2,0.1798619353545204,6.05,0.22370045761428858,240.0,0.0,1241.6,3.7899261484264195,0.2853314052840895,0.03630960200892025,8.121099221642234,0.1498263249879666,8.35790558081784,0.030594246869827733,0.011166666666666668,0.001106004663547796,0.30755,0.006756484783641486,2.0067885768928484,0.0030500050587890385,0.2794446197688061,0.0007835165715896986,2.008296161472281,0.004393111054284581,2.0067885768928484,0.0030500050587890385,0.28132900922027637,0.0009481654543345213,0.028105380231193876,0.0065600441842168875,0.0262209907797236,0.006528858376850046,,,,,,,,,0.02622099077972362,0.02810538023119391
watts_strogatz,60,0.15,1.25,120.0,0.0,4.0,0.0,0.8535003833470928,0.044673222811870174,0.2133750958367732,0.011168305702967543,2.05,0.09799999999999999,6.5,0.26601938987501206,240.0,0.0,1244.3,4.649309263920712,0.29204936773646856,0.02554032343499515,8.407715765127938,0.20130106669318434,8.397191198799119,0.05083210895137762,0.00955,0.0009635573830392028,0.9242625,0.004649971730247967,5.568409428459623,0.01037301454112426,0.841067236817412,0.0006393483424235511,5.563631703271069,0.012443843425111437,5.568409428459623,0.01037301454112426,0.8184942418094805,0.002805792375062145,0.08319526318258788,0.004568649902196116,0.10576825819051967,0.004710345686738201,,,,,,,,,0.10576825819051949,0.08319526318258796
watts_strogatz,60,0.15,1.75,120.0,0.0,4.0,0.0,0.8539687140104378,0.042825389368641345,0.21349217850260946,0.010706347342160336,2.3,0.20605773335083594,6.3,0.28791957941502744,240.0,0.0,1244.3,4.490023654843327,0.29649030378837515,0.03554365902091929,8.295533161176778,0.2213565278230578,8.332200237136613,0.044179135395211316,0.011666666666666665,0.0011896748781870926,0.9993375,0.00035060644828489,10.9140634839031,0.019632577449434287,0.9673729827428522,0.00014588379960278025,10.917951734808595,0.02837957756971751,10.9140634839031,0.019632577449434287,0.9597722359330261,0.001180908825482481,0.031964517257147745,0.0002748183932750699,0.03956526406697405,0.0009215811702338438,,,,,,,,,0.039565264066973915,0.03196451725714777
watts_strogatz,60,0.15,2.5,120.0,0.0,4.0,0.0,0.8548437485716098,0.03913676184453827,0.21371093714290246,0.009784190461134568,2.15,0.16055889229418857,6.25,0.19470625648856144,240.0,0.0,1244.3,4.084440411327384,0.3341329009526063,0.027688893750307246,8.21787603816006,0.14796213441677822,8.396239153101305,0.050458651192553806,0.009699999999999999,0.0012875282634722104,1.0,0.0,22.273506772433564,0.036469869644786795,0.9946012736236416,2.2577360583088908e-05,22.275826264282507,0.04909680112342507,22.273506772433564,0.036469869644786795,0.9931747244533368,0.00018985456239913468,0.005398726376358387,2.2577360583088908e-05,0.006825275546663218,0.00018985456239913468,,,,,,,,,0.006825275546663234,0.005398726376358409
watts_strogatz,60,0.25,0.75,120.0,0.0,4.0,0.0,0.8144411607423638,0.03676624910906364,0.20361029018559096,0.00919156227726591,2.05,0.09799999999999998,6.25,0.24110054683515444,240.0,0.0,1240.2,3.550849979786159,0.26063913123695437,0.031496501828491515,8.235457536377455,0.1808645657486454,23.19186402483302,0.10370817631953598,0.010850000000000002,0.0012463679067852827,0.06026250000000001,0.0030970895059547012,0.7228500930488055,0.0010346589217775203,0.02759890059974532,9.836412844856058e-05,0.7218077973897381,0.0011378470434674993,0.7228500930488055,0.0010346589217775203,0.029523874236607267,0.00010004007653646878,0.032663599400254685,0.003118238269190606,0.030738625763392737,0.003082631798967316,,,,,,,,,0.030738625763392743,0.03266359940025469
watts_strogatz,60,0.25,1.25,120.0,0.0,4.0,0.0,0.8413109565223609,0.04233098771512032,0.21032773913059022,0.01058274692878008,2.25,0.19470625648856144,6.4,0.2202849828840144,240.0,0.0,1243.0,4.317623127796613,0.3184835338066872,0.027001499652202166,8.285624072646044,0.14870037556204052,23.22049244280968,0.12833410518930086,0.010433333333333334,0.000982975599513928,0.30462500000000003,0.010496063911370727,2.0056684258611384,0.0034773406861698867,0.27915693377601913,0.0008933294553584416,2.0068177838606323,0.005665551294809113,2.0056684258611384,0.0034773406861698867,0.2807344802238315,0.0013699463412315727,0.025468066223980863,0.010481757723311821,0.023890519776168483,0.010310994784184922,,,,,,,,,0.023890519776168517,0.0254680662239809
watts_strogatz,60,0.25,1.75,120.0,0.0,4.0,0.0,0.8665205436260915,0.05022360897407289,0.21663013590652289,0.012555902243518222,2.05,0.09799999999999998,6.3,0.25035721847413395,240.0,0.0,1245.8,5.334809304538398,0.28390810022058416,0.021554481870814993,8.307764781309663,0.17356526104744213,23.244523758303234,0.13811411365348827,0.011166666666666668,0.0011939161568023458,0.7489874999999999,0.00994263992464037,3.9267352174637464,0.008375225830585191,0.6838905674185816,0.0011836729937984712,3.9242454455916063,0.008457496200582426,3.9267352174637464,0.008375225830585191,0.6599421136828545,0.0034510381201681307,0.0650969325814185,0.00938767322525457,0.0890453863171456,0.008572878679354107,,,,,,,,,0.08904538631714543,0.06509693258141835
watts_strogatz,60,0.25,2.5,120.0,0.0,4.0,0.0,0.8778694082672868,0.023272126546356176,0.2194673520668217,0.005818031636589044,2.1,0.13489645151589028,6.3,0.25035721847413395,240.0,0.0,1246.4,2.4397659939558047,0.3365488359994635,0.02734393101629792,8.295992512596008,0.18154907323659952,23.262353782199668,0.13588896091828842,0.011099999999999999,0.0012868301323304813,0.9894999999999998,0.0017695788972759044,8.011601888536534,0.007842597284190836,0.9307196888366089,0.00016160571098305297,8.017260468660748,0.01384347428438881,8.011601888536534,0.007842597284190836,0.9157400336124093,0.0013215098901379208,0.058780311163390886,0.0016448367056756748,0.07375996638759064,0.0010028881760765754,,,,,,,,,0.07375996638759053,0.058780311163390886
watts_strogatz,60,0.35,0.75,120.0,0.0,4.0,0.0,0.8394472572476597,0.058619142185166756,0.20986181431191492,0.014654785546291689,2.15,0.16055889229418857,6.25,0.2799078795829649,240.0,0.0,1243.3,5.953640619955066,0.3002568601084016,0.03812689631552161,8.230913909272877,0.24354019932423332,45.49808756723013,0.28586182351914724,0.010966666666666666,0.0012840338120195108,0.027075,0.002350522013690173,0.3683510092255222,0.0008789137446513692,0.005024714693789925,3.0495221846727134e-05,0.3683300942962563,0.0012896553115888628,0.3683510092255222,0.0008789137446513692,0.005465930645525709,2.9194425157594344e-05,0.022050285306210074,0.002361081366008117,0.02160906935447429,0.002354744603029472,,,,,,,,,0.02160906935447429,0.022050285306210074
watts_strogatz,60,0.35,1.25,120.0,0.0,4.0,0.0,0.83469507036854,0.05182579641790073,0.208673767592135,0.012956449104475182,2.3,0.20605773335083594,6.25,0.3139544050034218,240.0,0.0,1242.6,5.198134402182949,0.3286793814366086,0.03971858000393469,8.241871318322218,0.20746871543198875,45.89303580207566,0.2730257543330885,0.009166666666666667,0.000865577453198372,0.09125000000000001,0.005602444861045277,1.0234752023614984,0.0021370218323390807,0.0646795068647173,0.0003232377273889121,1.022503265768526,0.0031101821194167763,1.0234752023614984,0.0021370218323390807,0.0685990807299657,0.00022404684328789214,0.026570493135282702,0.005598041471462624,0.022650919270034285,0.005503497767518481,,,,,,,,,0.022650919270034306,0.026570493135282716
watts_strogatz,60,0.35,1.75,120.0,0.0,4.0,0.0,0.8221413808238648,0.034097408533074205,0.2055353452059662,0.008524352133268551,2.1,0.13489645151589028,6.25,0.24110054683515444,240.0,0.0,1240.9,3.273227796919474,0.28843592642287275,0.031173373982569523,8.294558368224937,0.12706047596642434,45.710566144484865,0.21230687727850817,0.009716666666666667,0.0011795050106614376,0.29731250000000004,0.008305226124967466,2.0073459502856497,0.002652497902574164,0.2795877299903039,0.0006816111520990878,2.0081906416090285,0.0036839561664755703,2.0073459502856497,0.002652497902574164,0.2811448176205907,0.0009411579908671766,0.017724770009696102,0.008361019469158041,0.016167682379409333,0.008208539800426051,,,,,,,,,0.016167682379409354,0.017724770009696134
watts_strogatz,60,0.35,2.5,120.0,0.0,4.0,0.0,0.8001978423532821,0.04424798522838341,0.20004946058832052,0.011061996307095853,2.35,0.2144716887217469,6.1,0.28080935656926054,240.0,0.0,1239.0,4.09655053865926,0.29554154624606366,0.03290869785743042,8.083188476441041,0.17995783955402955,45.427979423085176,0.2751791275623771,0.010716666666666666,0.0011168943051555454,0.780975,0.0117149378977171,4.099794579618766,0.00679326762616846,0.7072722289577559,0.0008770969849833961,4.097506223294806,0.012090876684973688,4.099794579618766,0.00679326762616846,0.6860045696063027,0.003439397534204267,0.0737027710422441,0.01100383747261937,0.09497043039369726,0.008939053537855414,,,,,,,,,0.09497043039369724,0.0737027710422441
