graph_type,n,noise_model,sigma,amplitude,pattern,detector,pfa_mean,pd_mean,pd_std,threshold_mean,graph_energy_mean,mahalanobis_energy_mean,signal_max_abs_mean,rayleigh_mean,pd_rank,is_winner
barabasi_albert,20,correlated,0.15,0.75,cluster,euclidean,0.009325,0.55775,0.0037934153476781762,0.9304951449657303,2.91796875,20.23206731193694,0.375,5.1875,3.0,False
barabasi_albert,20,correlated,0.15,0.75,cluster,laplacian,0.0098,0.67625,0.12996667521586702,3.8682639549444446,2.91796875,20.23206731193694,0.375,5.1875,1.0,True
barabasi_albert,20,correlated,0.15,0.75,cluster,mahalanobis,0.009725000000000001,0.563275,0.04612948261867532,37.64966627823914,2.91796875,20.23206731193694,0.375,5.1875,2.0,False
barabasi_albert,20,correlated,0.15,0.75,cluster,max_abs,0.00885,0.468125,0.026243904054084638,0.5240619450927928,2.91796875,20.23206731193694,0.375,5.1875,4.0,False
barabasi_albert,20,correlated,0.15,0.75,constant,euclidean,0.009325,0.5263500000000001,0.004108933357129775,0.9304951449657303,1.1636878843346588e-17,10.512898558724137,0.16770509831248423,2.068778461039394e-17,1.0,True
barabasi_albert,20,correlated,0.15,0.75,constant,laplacian,0.0098,0.01,0.0008124038404635967,3.8682639549444446,1.1636878843346588e-17,10.512898558724137,0.16770509831248423,2.068778461039394e-17,4.0,False
barabasi_albert,20,correlated,0.15,0.75,constant,mahalanobis,0.009725000000000001,0.20400000000000001,0.024405873609987132,37.64966627823914,1.1636878843346588e-17,10.512898558724137,0.16770509831248423,2.068778461039394e-17,2.0,False
barabasi_albert,20,correlated,0.15,0.75,constant,max_abs,0.00885,0.1499,0.01316687763544063,0.5240619450927928,1.1636878843346588e-17,10.512898558724137,0.16770509831248423,2.068778461039394e-17,3.0,False
barabasi_albert,20,correlated,0.15,0.75,edge_bipolar,euclidean,0.009325,0.59615,0.008758424515859037,0.9304951449657303,3.656249999999999,35.39374107114389,0.5303300858899106,6.5,4.0,False
barabasi_albert,20,correlated,0.15,0.75,edge_bipolar,laplacian,0.0098,0.8028,0.15107501447956245,3.8682639549444446,3.656249999999999,35.39374107114389,0.5303300858899106,6.5,2.0,False
barabasi_albert,20,correlated,0.15,0.75,edge_bipolar,mahalanobis,0.009725000000000001,0.91405,0.02507063355136184,37.64966627823914,3.656249999999999,35.39374107114389,0.5303300858899106,6.5,1.0,True
barabasi_albert,20,correlated,0.15,0.75,edge_bipolar,max_abs,0.00885,0.8023,0.01101604889846326,0.5240619450927928,3.656249999999999,35.39374107114389,0.5303300858899106,6.5,3.0,False
barabasi_albert,20,correlated,0.15,0.75,fiedler,euclidean,0.009325,0.56865,0.012374301327078344,0.9304951449657303,0.8048955828685689,19.902068843826434,0.48417194103062405,1.4309254806552332,1.0,True
barabasi_albert,20,correlated,0.15,0.75,fiedler,laplacian,0.0098,0.08075,0.03808608669842571,3.8682639549444446,0.8048955828685689,19.902068843826434,0.48417194103062405,1.4309254806552332,4.0,False
barabasi_albert,20,correlated,0.15,0.75,fiedler,mahalanobis,0.009725000000000001,0.5352250000000001,0.1646976902286935,37.64966627823914,0.8048955828685689,19.902068843826434,0.48417194103062405,1.4309254806552332,2.0,False
barabasi_albert,20,correlated,0.15,0.75,fiedler,max_abs,0.00885,0.5052,0.29424202056583737,0.5240619450927928,0.8048955828685689,19.902068843826434,0.48417194103062405,1.4309254806552332,3.0,False
barabasi_albert,20,correlated,0.15,0.75,high_frequency,euclidean,0.009325,0.6041000000000001,0.004702481614353505,0.9304951449657303,7.097573405736421,38.66533722900474,0.5913661720003069,12.617908276864744,4.0,False
barabasi_albert,20,correlated,0.15,0.75,high_frequency,laplacian,0.0098,0.992775,0.0020188693205191446,3.8682639549444446,7.097573405736421,38.66533722900474,0.5913661720003069,12.617908276864744,1.0,True
barabasi_albert,20,correlated,0.15,0.75,high_frequency,mahalanobis,0.009725000000000001,0.9442,0.02152564362181382,37.64966627823914,7.097573405736421,38.66533722900474,0.5913661720003069,12.617908276864744,2.0,False
barabasi_albert,20,correlated,0.15,0.75,high_frequency,max_abs,0.00885,0.715725,0.1274271131536247,0.5240619450927928,7.097573405736421,38.66533722900474,0.5913661720003069,12.617908276864744,3.0,False
barabasi_albert,20,correlated,0.15,0.75,point,euclidean,0.009325,0.582025,0.0046678867452699365,0.9304951449657303,2.953125,29.77446918749975,0.75,5.25,3.0,False
barabasi_albert,20,correlated,0.15,0.75,point,laplacian,0.0098,0.553075,0.31997954491915054,3.8682639549444446,2.953125,29.77446918749975,0.75,5.25,4.0,False
barabasi_albert,20,correlated,0.15,0.75,point,mahalanobis,0.009725000000000001,0.830775,0.012321627327589494,37.64966627823914,2.953125,29.77446918749975,0.75,5.25,2.0,False
barabasi_albert,20,correlated,0.15,0.75,point,max_abs,0.00885,0.9344,0.010008329864001636,0.5240619450927928,2.953125,29.77446918749975,0.75,5.25,1.0,True
barabasi_albert,20,correlated,0.15,1.5,cluster,euclidean,0.009325,1.0,0.0,0.9304951449657303,10.40625,85.45662358481152,0.75,4.625,1.5,False
barabasi_albert,20,correlated,0.15,1.5,cluster,laplacian,0.0098,0.9999750000000001,4.999999999998833e-05,3.8682639549444446,10.40625,85.45662358481152,0.75,4.625,3.0,False
barabasi_albert,20,correlated,0.15,1.5,cluster,mahalanobis,0.009725000000000001,1.0,0.0,37.64966627823914,10.40625,85.45662358481152,0.75,4.625,1.5,False
barabasi_albert,20,correlated,0.15,1.5,cluster,max_abs,0.00885,0.999575,0.0001707825127660061,0.5240619450927928,10.40625,85.45662358481152,0.75,4.625,4.0,False
barabasi_albert,20,correlated,0.15,1.5,constant,euclidean,0.009325,0.998475,0.00043493294502335196,0.9304951449657303,4.654751537338635e-17,42.05159423489655,0.33541019662496846,2.068778461039394e-17,1.0,True
barabasi_albert,20,correlated,0.15,1.5,constant,laplacian,0.0098,0.010624999999999999,0.000942956343987709,3.8682639549444446,4.654751537338635e-17,42.05159423489655,0.33541019662496846,2.068778461039394e-17,4.0,False
barabasi_albert,20,correlated,0.15,1.5,constant,mahalanobis,0.009725000000000001,0.96705,0.015563311558491251,37.64966627823914,4.654751537338635e-17,42.05159423489655,0.33541019662496846,2.068778461039394e-17,2.0,False
barabasi_albert,20,correlated,0.15,1.5,constant,max_abs,0.00885,0.810275,0.01970082485582774,0.5240619450927928,4.654751537338635e-17,42.05159423489655,0.33541019662496846,2.068778461039394e-17,3.0,False
barabasi_albert,20,correlated,0.15,1.5,edge_bipolar,euclidean,0.009325,1.0,0.0,0.9304951449657303,17.156249999999996,137.93744451930544,1.0606601717798212,7.625,2.5,False
barabasi_albert,20,correlated,0.15,1.5,edge_bipolar,laplacian,0.0098,1.0,0.0,3.8682639549444446,17.156249999999996,137.93744451930544,1.0606601717798212,7.625,2.5,False
barabasi_albert,20,correlated,0.15,1.5,edge_bipolar,mahalanobis,0.009725000000000001,1.0,0.0,37.64966627823914,17.156249999999996,137.93744451930544,1.0606601717798212,7.625,2.5,False
barabasi_albert,20,correlated,0.15,1.5,edge_bipolar,max_abs,0.00885,1.0,0.0,0.5240619450927928,17.156249999999996,137.93744451930544,1.0606601717798212,7.625,2.5,False
barabasi_albert,20,correlated,0.15,1.5,fiedler,euclidean,0.009325,1.0,0.0,0.9304951449657303,3.2195823314742755,79.60827537530574,0.9683438820612481,1.4309254806552332,1.0,True
barabasi_albert,20,correlated,0.15,1.5,fiedler,laplacian,0.0098,0.805625,0.26829136369501966,3.8682639549444446,3.2195823314742755,79.60827537530574,0.9683438820612481,1.4309254806552332,4.0,False
barabasi_albert,20,correlated,0.15,1.5,fiedler,mahalanobis,0.009725000000000001,0.99985,0.00017320508075686865,37.64966627823914,3.2195823314742755,79.60827537530574,0.9683438820612481,1.4309254806552332,2.0,False
barabasi_albert,20,correlated,0.15,1.5,fiedler,max_abs,0.00885,0.997,0.004589117562233529,0.5240619450927928,3.2195823314742755,79.60827537530574,0.9683438820612481,1.4309254806552332,3.0,False
barabasi_albert,20,correlated,0.15,1.5,high_frequency,euclidean,0.009325,1.0,0.0,0.9304951449657303,28.390293622945684,154.66134891601897,1.1827323440006139,12.617908276864744,2.5,False
barabasi_albert,20,correlated,0.15,1.5,high_frequency,laplacian,0.0098,1.0,0.0,3.8682639549444446,28.390293622945684,154.66134891601897,1.1827323440006139,12.617908276864744,2.5,False
barabasi_albert,20,correlated,0.15,1.5,high_frequency,mahalanobis,0.009725000000000001,1.0,0.0,37.64966627823914,28.390293622945684,154.66134891601897,1.1827323440006139,12.617908276864744,2.5,False
barabasi_albert,20,correlated,0.15,1.5,high_frequency,max_abs,0.00885,1.0,0.0,0.5240619450927928,28.390293622945684,154.66134891601897,1.1827323440006139,12.617908276864744,2.5,False
barabasi_albert,20,correlated,0.15,1.5,point,euclidean,0.009325,1.0,0.0,0.9304951449657303,14.0625,119.3899103818463,1.5,6.25,2.5,False
barabasi_albert,20,correlated,0.15,1.5,point,laplacian,0.0098,1.0,0.0,3.8682639549444446,14.0625,119.3899103818463,1.5,6.25,2.5,False
barabasi_albert,20,correlated,0.15,1.5,point,mahalanobis,0.009725000000000001,1.0,0.0,37.64966627823914,14.0625,119.3899103818463,1.5,6.25,2.5,False
barabasi_albert,20,correlated,0.15,1.5,point,max_abs,0.00885,1.0,0.0,0.5240619450927928,14.0625,119.3899103818463,1.5,6.25,2.5,False
barabasi_albert,20,correlated,0.15,3.0,cluster,euclidean,0.009325,1.0,0.0,0.9304951449657303,30.9375,309.9154007599164,1.5,3.4375,2.5,False
barabasi_albert,20,correlated,0.15,3.0,cluster,laplacian,0.0098,1.0,0.0,3.8682639549444446,30.9375,309.9154007599164,1.5,3.4375,2.5,False
barabasi_albert,20,correlated,0.15,3.0,cluster,mahalanobis,0.009725000000000001,1.0,0.0,37.64966627823914,30.9375,309.9154007599164,1.5,3.4375,2.5,False
barabasi_albert,20,correlated,0.15,3.0,cluster,max_abs,0.00885,1.0,0.0,0.5240619450927928,30.9375,309.9154007599164,1.5,3.4375,2.5,False
barabasi_albert,20,correlated,0.15,3.0,constant,euclidean,0.009325,1.0,0.0,0.9304951449657303,1.861900614935454e-16,168.2063769395862,0.6708203932499369,2.068778461039394e-17,2.0,False
barabasi_albert,20,correlated,0.15,3.0,constant,laplacian,0.0098,0.009975,0.00033040379335998323,3.8682639549444446,1.861900614935454e-16,168.2063769395862,0.6708203932499369,2.068778461039394e-17,4.0,False
barabasi_albert,20,correlated,0.15,3.0,constant,mahalanobis,0.009725000000000001,1.0,0.0,37.64966627823914,1.861900614935454e-16,168.2063769395862,0.6708203932499369,2.068778461039394e-17,2.0,False
barabasi_albert,20,correlated,0.15,3.0,constant,max_abs,0.00885,1.0,0.0,0.5240619450927928,1.861900614935454e-16,168.2063769395862,0.6708203932499369,2.068778461039394e-17,2.0,False
barabasi_albert,20,correlated,0.15,3.0,edge_bipolar,euclidean,0.009325,1.0,0.0,0.9304951449657303,73.12499999999999,541.7630224046047,2.1213203435596424,8.125,2.5,False
barabasi_albert,20,correlated,0.15,3.0,edge_bipolar,laplacian,0.0098,1.0,0.0,3.8682639549444446,73.12499999999999,541.7630224046047,2.1213203435596424,8.125,2.5,False
barabasi_albert,20,correlated,0.15,3.0,edge_bipolar,mahalanobis,0.009725000000000001,1.0,0.0,37.64966627823914,73.12499999999999,541.7630224046047,2.1213203435596424,8.125,2.5,False
barabasi_albert,20,correlated,0.15,3.0,edge_bipolar,max_abs,0.00885,1.0,0.0,0.5240619450927928,73.12499999999999,541.7630224046047,2.1213203435596424,8.125,2.5,False
barabasi_albert,20,correlated,0.15,3.0,fiedler,euclidean,0.009325,1.0,0.0,0.9304951449657303,12.878329325897102,318.43310150122295,1.9366877641224962,1.4309254806552332,2.5,False
barabasi_albert,20,correlated,0.15,3.0,fiedler,laplacian,0.0098,1.0,0.0,3.8682639549444446,12.878329325897102,318.43310150122295,1.9366877641224962,1.4309254806552332,2.5,False
barabasi_albert,20,correlated,0.15,3.0,fiedler,mahalanobis,0.009725000000000001,1.0,0.0,37.64966627823914,12.878329325897102,318.43310150122295,1.9366877641224962,1.4309254806552332,2.5,False
barabasi_albert,20,correlated,0.15,3.0,fiedler,max_abs,0.00885,1.0,0.0,0.5240619450927928,12.878329325897102,318.43310150122295,1.9366877641224962,1.4309254806552332,2.5,False
barabasi_albert,20,correlated,0.15,3.0,high_frequency,euclidean,0.009325,1.0,0.0,0.9304951449657303,113.56117449178274,618.6453956640759,2.3654646880012278,12.617908276864744,2.5,False
barabasi_albert,20,correlated,0.15,3.0,high_frequency,laplacian,0.0098,1.0,0.0,3.8682639549444446,113.56117449178274,618.6453956640759,2.3654646880012278,12.617908276864744,2.5,False
barabasi_albert,20,correlated,0.15,3.0,high_frequency,mahalanobis,0.009725000000000001,1.0,0.0,37.64966627823914,113.56117449178274,618.6453956640759,2.3654646880012278,12.617908276864744,2.5,False
barabasi_albert,20,correlated,0.15,3.0,high_frequency,max_abs,0.00885,1.0,0.0,0.5240619450927928,113.56117449178274,618.6453956640759,2.3654646880012278,12.617908276864744,2.5,False
barabasi_albert,20,correlated,0.15,3.0,point,euclidean,0.009325,1.0,0.0,0.9304951449657303,31.5,476.79535798647066,3.0,3.5,2.5,False
barabasi_albert,20,correlated,0.15,3.0,point,laplacian,0.0098,1.0,0.0,3.8682639549444446,31.5,476.79535798647066,3.0,3.5,2.5,False
barabasi_albert,20,correlated,0.15,3.0,point,mahalanobis,0.009725000000000001,1.0,0.0,37.64966627823914,31.5,476.79535798647066,3.0,3.5,2.5,False
barabasi_albert,20,correlated,0.15,3.0,point,max_abs,0.00885,1.0,0.0,0.5240619450927928,31.5,476.79535798647066,3.0,3.5,2.5,False
barabasi_albert,20,correlated,0.3,0.75,cluster,euclidean,0.0101,0.07535,0.006962039930939782,3.6970716688766228,3.234375,5.318380207795348,0.375,5.75,2.0,False
barabasi_albert,20,correlated,0.3,0.75,cluster,laplacian,0.011425000000000001,0.11235,0.031267075334927,15.96153370067602,3.234375,5.318380207795348,0.375,5.75,1.0,True
barabasi_albert,20,correlated,0.3,0.75,cluster,mahalanobis,0.010075,0.070625,0.0015564382416273419,37.67887090174939,3.234375,5.318380207795348,0.375,5.75,3.0,False
barabasi_albert,20,correlated,0.3,0.75,cluster,max_abs,0.010199999999999999,0.064625,0.005304950518148118,1.038463638052384,3.234375,5.318380207795348,0.375,5.75,4.0,False
barabasi_albert,20,correlated,0.3,0.75,constant,euclidean,0.0101,0.094775,0.00769648188027058,3.6970716688766228,7.796708825042217e-17,2.7161361241087043,0.16770509831248423,1.3860815688963944e-16,1.0,True
barabasi_albert,20,correlated,0.3,0.75,constant,laplacian,0.011425000000000001,0.0106,0.001267543556122103,15.96153370067602,7.796708825042217e-17,2.7161361241087043,0.16770509831248423,1.3860815688963944e-16,4.0,False
barabasi_albert,20,correlated,0.3,0.75,constant,mahalanobis,0.010075,0.029525,0.001960229578391264,37.67887090174939,7.796708825042217e-17,2.7161361241087043,0.16770509831248423,1.3860815688963944e-16,3.0,False
barabasi_albert,20,correlated,0.3,0.75,constant,max_abs,0.010199999999999999,0.034,0.0032155870381627063,1.038463638052384,7.796708825042217e-17,2.7161361241087043,0.16770509831248423,1.3860815688963944e-16,2.0,False
barabasi_albert,20,correlated,0.3,0.75,edge_bipolar,euclidean,0.0101,0.05795,0.008224151425324481,3.6970716688766228,5.976562499999999,8.146639904656142,0.5303300858899106,10.625,4.0,False
barabasi_albert,20,correlated,0.3,0.75,edge_bipolar,laplacian,0.011425000000000001,0.270975,0.12054167674847292,15.96153370067602,5.976562499999999,8.146639904656142,0.5303300858899106,10.625,1.0,True
barabasi_albert,20,correlated,0.3,0.75,edge_bipolar,mahalanobis,0.010075,0.1368,0.020245657970702425,37.67887090174939,5.976562499999999,8.146639904656142,0.5303300858899106,10.625,2.0,False
barabasi_albert,20,correlated,0.3,0.75,edge_bipolar,max_abs,0.010199999999999999,0.10545,0.009964771280198391,1.038463638052384,5.976562499999999,8.146639904656142,0.5303300858899106,10.625,3.0,False
barabasi_albert,20,correlated,0.3,0.75,fiedler,euclidean,0.0101,0.069525,0.015503198594698668,3.6970716688766228,0.8727523172866247,5.22518215421763,0.5294947978777215,1.5515596751762215,3.0,False
barabasi_albert,20,correlated,0.3,0.75,fiedler,laplacian,0.011425000000000001,0.017925,0.00343159341025905,15.96153370067602,0.8727523172866247,5.22518215421763,0.5294947978777215,1.5515596751762215,4.0,False
barabasi_albert,20,correlated,0.3,0.75,fiedler,mahalanobis,0.010075,0.0707,0.01697193762263657,37.67887090174939,0.8727523172866247,5.22518215421763,0.5294947978777215,1.5515596751762215,2.0,False
barabasi_albert,20,correlated,0.3,0.75,fiedler,max_abs,0.010199999999999999,0.08082500000000001,0.04035247823864106,1.038463638052384,0.8727523172866247,5.22518215421763,0.5294947978777215,1.5515596751762215,1.0,True
barabasi_albert,20,correlated,0.3,0.75,high_frequency,euclidean,0.0101,0.0541,0.005972715741882693,3.6970716688766228,8.40736627205239,8.89001577571371,0.7002178042117033,14.946428928093138,4.0,False
barabasi_albert,20,correlated,0.3,0.75,high_frequency,laplacian,0.011425000000000001,0.436475,0.03750852125406526,15.96153370067602,8.40736627205239,8.89001577571371,0.7002178042117033,14.946428928093138,1.0,True
barabasi_albert,20,correlated,0.3,0.75,high_frequency,mahalanobis,0.010075,0.154975,0.015324571772157295,37.67887090174939,8.40736627205239,8.89001577571371,0.7002178042117033,14.946428928093138,2.0,False
barabasi_albert,20,correlated,0.3,0.75,high_frequency,max_abs,0.010199999999999999,0.15435,0.019837590579503354,1.038463638052384,8.40736627205239,8.89001577571371,0.7002178042117033,14.946428928093138,3.0,False
barabasi_albert,20,correlated,0.3,0.75,point,euclidean,0.0101,0.059324999999999996,0.006868466592576054,3.6970716688766228,1.828125,7.352332007301947,0.75,3.25,3.0,False
barabasi_albert,20,correlated,0.3,0.75,point,laplacian,0.011425000000000001,0.03655,0.013559129765585988,15.96153370067602,1.828125,7.352332007301947,0.75,3.25,4.0,False
barabasi_albert,20,correlated,0.3,0.75,point,mahalanobis,0.010075,0.11474999999999999,0.009967447015158894,37.67887090174939,1.828125,7.352332007301947,0.75,3.25,2.0,False
barabasi_albert,20,correlated,0.3,0.75,point,max_abs,0.010199999999999999,0.17195,0.008788060081724537,1.038463638052384,1.828125,7.352332007301947,0.75,3.25,1.0,True
barabasi_albert,20,correlated,0.3,1.5,cluster,euclidean,0.0101,0.5661,0.013197221929886096,3.6970716688766228,10.828125,20.740750423959767,0.75,4.8125,3.0,False
barabasi_albert,20,correlated,0.3,1.5,cluster,laplacian,0.011425000000000001,0.583475,0.18986883849998484,15.96153370067602,10.828125,20.740750423959767,0.75,4.8125,1.0,True
barabasi_albert,20,correlated,0.3,1.5,cluster,mahalanobis,0.010075,0.574175,0.10327282233643721,37.67887090174939,10.828125,20.740750423959767,0.75,4.8125,2.0,False
barabasi_albert,20,correlated,0.3,1.5,cluster,max_abs,0.010199999999999999,0.487975,0.02154303831867735,1.038463638052384,10.828125,20.740750423959767,0.75,4.8125,4.0,False
barabasi_albert,20,correlated,0.3,1.5,constant,euclidean,0.0101,0.53,0.01467355898660353,3.6970716688766228,3.118683530016887e-16,10.864544496434817,0.33541019662496846,1.3860815688963944e-16,1.0,True
barabasi_albert,20,correlated,0.3,1.5,constant,laplacian,0.011425000000000001,0.010450000000000001,0.0014011899704655802,15.96153370067602,3.118683530016887e-16,10.864544496434817,0.33541019662496846,1.3860815688963944e-16,4.0,False
barabasi_albert,20,correlated,0.3,1.5,constant,mahalanobis,0.010075,0.215825,0.009348573866282123,37.67887090174939,3.118683530016887e-16,10.864544496434817,0.33541019662496846,1.3860815688963944e-16,2.0,False
barabasi_albert,20,correlated,0.3,1.5,constant,max_abs,0.010199999999999999,0.16570000000000001,0.007580237463298897,1.038463638052384,3.118683530016887e-16,10.864544496434817,0.33541019662496846,1.3860815688963944e-16,3.0,False
barabasi_albert,20,correlated,0.3,1.5,edge_bipolar,euclidean,0.0101,0.6045,0.025530112938776182,3.6970716688766228,21.093749999999996,32.99477881488555,1.0606601717798212,9.375,4.0,False
barabasi_albert,20,correlated,0.3,1.5,edge_bipolar,laplacian,0.011425000000000001,0.927775,0.07449918903361741,15.96153370067602,21.093749999999996,32.99477881488555,1.0606601717798212,9.375,1.0,True
barabasi_albert,20,correlated,0.3,1.5,edge_bipolar,mahalanobis,0.010075,0.88465,0.031869577970221066,37.67887090174939,21.093749999999996,32.99477881488555,1.0606601717798212,9.375,2.0,False
barabasi_albert,20,correlated,0.3,1.5,edge_bipolar,max_abs,0.010199999999999999,0.813975,0.010842624221100697,1.038463638052384,21.093749999999996,32.99477881488555,1.0606601717798212,9.375,3.0,False
barabasi_albert,20,correlated,0.3,1.5,fiedler,euclidean,0.0101,0.581025,0.01793272148894307,3.6970716688766228,3.491009269146499,20.90072861687052,1.058989595755443,1.5515596751762215,2.0,False
barabasi_albert,20,correlated,0.3,1.5,fiedler,laplacian,0.011425000000000001,0.081425,0.03351640145759486,15.96153370067602,3.491009269146499,20.90072861687052,1.058989595755443,1.5515596751762215,4.0,False
barabasi_albert,20,correlated,0.3,1.5,fiedler,mahalanobis,0.010075,0.5755,0.13654925851135186,37.67887090174939,3.491009269146499,20.90072861687052,1.058989595755443,1.5515596751762215,3.0,False
barabasi_albert,20,correlated,0.3,1.5,fiedler,max_abs,0.010199999999999999,0.588425,0.23007741269697324,1.038463638052384,3.491009269146499,20.90072861687052,1.058989595755443,1.5515596751762215,1.0,True
barabasi_albert,20,correlated,0.3,1.5,high_frequency,euclidean,0.0101,0.606525,0.02404140525565563,3.6970716688766228,33.62946508820956,35.56006310285484,1.4004356084234066,14.946428928093138,4.0,False
barabasi_albert,20,correlated,0.3,1.5,high_frequency,laplacian,0.011425000000000001,0.99385,0.0011958260743100755,15.96153370067602,33.62946508820956,35.56006310285484,1.4004356084234066,14.946428928093138,1.0,True
barabasi_albert,20,correlated,0.3,1.5,high_frequency,mahalanobis,0.010075,0.9186,0.014619393512272216,37.67887090174939,33.62946508820956,35.56006310285484,1.4004356084234066,14.946428928093138,2.0,False
barabasi_albert,20,correlated,0.3,1.5,high_frequency,max_abs,0.010199999999999999,0.8827,0.02751435988715713,1.038463638052384,33.62946508820956,35.56006310285484,1.4004356084234066,14.946428928093138,3.0,False
barabasi_albert,20,correlated,0.3,1.5,point,euclidean,0.0101,0.5917749999999999,0.017735158114134,3.6970716688766228,8.4375,29.687840018115022,1.5,3.75,3.0,False
barabasi_albert,20,correlated,0.3,1.5,point,laplacian,0.011425000000000001,0.44625000000000004,0.18512324723455637,15.96153370067602,8.4375,29.687840018115022,1.5,3.75,4.0,False
barabasi_albert,20,correlated,0.3,1.5,point,mahalanobis,0.010075,0.828175,0.017263907437193925,37.67887090174939,8.4375,29.687840018115022,1.5,3.75,2.0,False
barabasi_albert,20,correlated,0.3,1.5,point,max_abs,0.010199999999999999,0.9395,0.003807886552931945,1.038463638052384,8.4375,29.687840018115022,1.5,3.75,1.0,True
barabasi_albert,20,correlated,0.3,3.0,cluster,euclidean,0.0101,0.999925,9.574271077560716e-05,3.6970716688766228,47.25,82.18223204282035,1.5,5.25,3.0,False
barabasi_albert,20,correlated,0.3,3.0,cluster,laplacian,0.011425000000000001,0.9999750000000001,5.000000000001299e-05,15.96153370067602,47.25,82.18223204282035,1.5,5.25,1.0,True
barabasi_albert,20,correlated,0.3,3.0,cluster,mahalanobis,0.010075,0.99995,5.7735026918956215e-05,37.67887090174939,47.25,82.18223204282035,1.5,5.25,2.0,False
barabasi_albert,20,correlated,0.3,3.0,cluster,max_abs,0.010199999999999999,0.99975,0.00012909944487356635,1.038463638052384,47.25,82.18223204282035,1.5,5.25,4.0,False
barabasi_albert,20,correlated,0.3,3.0,constant,euclidean,0.0101,0.9984500000000001,0.0003696845502136733,3.6970716688766228,1.2474734120067548e-15,43.45817798573927,0.6708203932499369,1.3860815688963944e-16,1.0,True
barabasi_albert,20,correlated,0.3,3.0,constant,laplacian,0.011425000000000001,0.010425,0.0018661457606521524,15.96153370067602,1.2474734120067548e-15,43.45817798573927,0.6708203932499369,1.3860815688963944e-16,4.0,False
barabasi_albert,20,correlated,0.3,3.0,constant,mahalanobis,0.010075,0.973375,0.010376696648420124,37.67887090174939,1.2474734120067548e-15,43.45817798573927,0.6708203932499369,1.3860815688963944e-16,2.0,False
barabasi_albert,20,correlated,0.3,3.0,constant,max_abs,0.010199999999999999,0.8251999999999999,0.01576345985710835,1.038463638052384,1.2474734120067548e-15,43.45817798573927,0.6708203932499369,1.3860815688963944e-16,3.0,False
barabasi_albert,20,correlated,0.3,3.0,edge_bipolar,euclidean,0.0101,1.0,0.0,3.6970716688766228,86.62499999999999,132.2443844548737,2.1213203435596424,9.625,2.5,False
barabasi_albert,20,correlated,0.3,3.0,edge_bipolar,laplacian,0.011425000000000001,1.0,0.0,15.96153370067602,86.62499999999999,132.2443844548737,2.1213203435596424,9.625,2.5,False
barabasi_albert,20,correlated,0.3,3.0,edge_bipolar,mahalanobis,0.010075,1.0,0.0,37.67887090174939,86.62499999999999,132.2443844548737,2.1213203435596424,9.625,2.5,False
barabasi_albert,20,correlated,0.3,3.0,edge_bipolar,max_abs,0.010199999999999999,1.0,0.0,1.038463638052384,86.62499999999999,132.2443844548737,2.1213203435596424,9.625,2.5,False
barabasi_albert,20,correlated,0.3,3.0,fiedler,euclidean,0.0101,1.0,0.0,3.6970716688766228,13.964037076585996,83.60291446748208,2.117979191510886,1.5515596751762215,1.0,True
barabasi_albert,20,correlated,0.3,3.0,fiedler,laplacian,0.011425000000000001,0.8193250000000001,0.27503162696921485,15.96153370067602,13.964037076585996,83.60291446748208,2.117979191510886,1.5515596751762215,4.0,False
barabasi_albert,20,correlated,0.3,3.0,fiedler,mahalanobis,0.010075,0.99995,9.999999999998899e-05,37.67887090174939,13.964037076585996,83.60291446748208,2.117979191510886,1.5515596751762215,2.0,False
barabasi_albert,20,correlated,0.3,3.0,fiedler,max_abs,0.010199999999999999,0.9996,0.0005477225575051756,1.038463638052384,13.964037076585996,83.60291446748208,2.117979191510886,1.5515596751762215,3.0,False
barabasi_albert,20,correlated,0.3,3.0,high_frequency,euclidean,0.0101,1.0,0.0,3.6970716688766228,134.51786035283823,142.24025241141936,2.8008712168468133,14.946428928093138,2.5,False
barabasi_albert,20,correlated,0.3,3.0,high_frequency,laplacian,0.011425000000000001,1.0,0.0,15.96153370067602,134.51786035283823,142.24025241141936,2.8008712168468133,14.946428928093138,2.5,False
barabasi_albert,20,correlated,0.3,3.0,high_frequency,mahalanobis,0.010075,1.0,0.0,37.67887090174939,134.51786035283823,142.24025241141936,2.8008712168468133,14.946428928093138,2.5,False
barabasi_albert,20,correlated,0.3,3.0,high_frequency,max_abs,0.010199999999999999,1.0,0.0,1.038463638052384,134.51786035283823,142.24025241141936,2.8008712168468133,14.946428928093138,2.5,False
barabasi_albert,20,correlated,0.3,3.0,point,euclidean,0.0101,1.0,0.0,3.6970716688766228,65.25,120.05436961526425,3.0,7.25,2.5,False
barabasi_albert,20,correlated,0.3,3.0,point,laplacian,0.011425000000000001,1.0,0.0,15.96153370067602,65.25,120.05436961526425,3.0,7.25,2.5,False
barabasi_albert,20,correlated,0.3,3.0,point,mahalanobis,0.010075,1.0,0.0,37.67887090174939,65.25,120.05436961526425,3.0,7.25,2.5,False
barabasi_albert,20,correlated,0.3,3.0,point,max_abs,0.010199999999999999,1.0,0.0,1.038463638052384,65.25,120.05436961526425,3.0,7.25,2.5,False
barabasi_albert,20,iid,0.15,0.75,cluster,euclidean,0.0105,0.7236,0.013179529581893251,0.8436852786982685,2.70703125,24.999999999999996,0.375,4.8125,1.5,False
barabasi_albert,20,iid,0.15,0.75,cluster,laplacian,0.010225,0.4509,0.15532844770571383,4.9587230982847945,2.70703125,24.999999999999996,0.375,4.8125,4.0,False
barabasi_albert,20,iid,0.15,0.75,cluster,mahalanobis,0.0105,0.7236,0.013179529581893251,37.49712349770082,2.70703125,24.999999999999996,0.375,4.8125,1.5,False
barabasi_albert,20,iid,0.15,0.75,cluster,max_abs,0.010675,0.506,0.03235397966247735,0.5234590748984607,2.70703125,24.999999999999996,0.375,4.8125,3.0,False
barabasi_albert,20,iid,0.15,0.75,constant,euclidean,0.0105,0.719725,0.01451123128246989,0.8436852786982685,1.978269403368921e-17,25.0,0.16770509831248423,3.5169233837669714e-17,1.5,False
barabasi_albert,20,iid,0.15,0.75,constant,laplacian,0.010225,0.010575,0.001433817747600208,4.9587230982847945,1.978269403368921e-17,25.0,0.16770509831248423,3.5169233837669714e-17,4.0,False
barabasi_albert,20,iid,0.15,0.75,constant,mahalanobis,0.0105,0.719725,0.01451123128246989,37.49712349770082,1.978269403368921e-17,25.0,0.16770509831248423,3.5169233837669714e-17,1.5,False
barabasi_albert,20,iid,0.15,0.75,constant,max_abs,0.010675,0.16392500000000002,0.015266166294565692,0.5234590748984607,1.978269403368921e-17,25.0,0.16770509831248423,3.5169233837669714e-17,3.0,False
barabasi_albert,20,iid,0.15,0.75,edge_bipolar,euclidean,0.0105,0.7207,0.008937934138640045,0.8436852786982685,4.992187499999999,24.999999999999996,0.5303300858899106,8.875,3.5,False
barabasi_albert,20,iid,0.15,0.75,edge_bipolar,laplacian,0.010225,0.839,0.024615577723601526,4.9587230982847945,4.992187499999999,24.999999999999996,0.5303300858899106,8.875,1.0,True
barabasi_albert,20,iid,0.15,0.75,edge_bipolar,mahalanobis,0.0105,0.7207,0.008937934138640045,37.49712349770082,4.992187499999999,24.999999999999996,0.5303300858899106,8.875,3.5,False
barabasi_albert,20,iid,0.15,0.75,edge_bipolar,max_abs,0.010675,0.7713,0.01992201462369372,0.5234590748984607,4.992187499999999,24.999999999999996,0.5303300858899106,8.875,2.0,False
barabasi_albert,20,iid,0.15,0.75,fiedler,euclidean,0.0105,0.72335,0.011827792129838359,0.8436852786982685,0.9309308976499349,24.999999999999996,0.40889239904997254,1.6549882624887733,1.5,False
barabasi_albert,20,iid,0.15,0.75,fiedler,laplacian,0.010225,0.050975,0.01322229808568339,4.9587230982847945,0.9309308976499349,24.999999999999996,0.40889239904997254,1.6549882624887733,4.0,False
barabasi_albert,20,iid,0.15,0.75,fiedler,mahalanobis,0.0105,0.72335,0.011827792129838359,37.49712349770082,0.9309308976499349,24.999999999999996,0.40889239904997254,1.6549882624887733,1.5,False
barabasi_albert,20,iid,0.15,0.75,fiedler,max_abs,0.010675,0.391,0.03975483199142797,0.5234590748984607,0.9309308976499349,24.999999999999996,0.40889239904997254,1.6549882624887733,3.0,False
barabasi_albert,20,iid,0.15,0.75,high_frequency,euclidean,0.0105,0.72385,0.016650425419990546,0.8436852786982685,7.541563131632517,25.0,0.6404297575804423,13.407223345124475,3.5,False
barabasi_albert,20,iid,0.15,0.75,high_frequency,laplacian,0.010225,0.96135,0.0035265658460699183,4.9587230982847945,7.541563131632517,25.0,0.6404297575804423,13.407223345124475,1.0,True
barabasi_albert,20,iid,0.15,0.75,high_frequency,mahalanobis,0.0105,0.72385,0.016650425419990546,37.49712349770082,7.541563131632517,25.0,0.6404297575804423,13.407223345124475,3.5,False
barabasi_albert,20,iid,0.15,0.75,high_frequency,max_abs,0.010675,0.815575,0.10265561764138059,0.5234590748984607,7.541563131632517,25.0,0.6404297575804423,13.407223345124475,2.0,False
barabasi_albert,20,iid,0.15,0.75,point,euclidean,0.0105,0.7213,0.00890617763128492,0.8436852786982685,2.390625,24.999999999999996,0.75,4.25,2.5,False
barabasi_albert,20,iid,0.15,0.75,point,laplacian,0.010225,0.36555,0.2545686089577162,4.9587230982847945,2.390625,24.999999999999996,0.75,4.25,4.0,False
barabasi_albert,20,iid,0.15,0.75,point,mahalanobis,0.0105,0.7213,0.00890617763128492,37.49712349770082,2.390625,24.999999999999996,0.75,4.25,2.5,False
barabasi_albert,20,iid,0.15,0.75,point,max_abs,0.010675,0.93675,0.006624449662676388,0.5234590748984607,2.390625,24.999999999999996,0.75,4.25,1.0,True
barabasi_albert,20,iid,0.15,1.5,cluster,euclidean,0.0105,1.0,0.0,0.8436852786982685,11.53125,99.99999999999999,0.75,5.125,1.5,False
barabasi_albert,20,iid,0.15,1.5,cluster,laplacian,0.010225,0.99965,0.0005196152422706683,4.9587230982847945,11.53125,99.99999999999999,0.75,5.125,4.0,False
barabasi_albert,20,iid,0.15,1.5,cluster,mahalanobis,0.0105,1.0,0.0,37.49712349770082,11.53125,99.99999999999999,0.75,5.125,1.5,False
barabasi_albert,20,iid,0.15,1.5,cluster,max_abs,0.010675,0.99995,9.999999999998899e-05,0.5234590748984607,11.53125,99.99999999999999,0.75,5.125,3.0,False
barabasi_albert,20,iid,0.15,1.5,constant,euclidean,0.0105,1.0,0.0,0.8436852786982685,7.913077613475684e-17,100.0,0.33541019662496846,3.5169233837669714e-17,1.5,False
barabasi_albert,20,iid,0.15,1.5,constant,laplacian,0.010225,0.009825,0.0008920949127381756,4.9587230982847945,7.913077613475684e-17,100.0,0.33541019662496846,3.5169233837669714e-17,4.0,False
barabasi_albert,20,iid,0.15,1.5,constant,mahalanobis,0.0105,1.0,0.0,37.49712349770082,7.913077613475684e-17,100.0,0.33541019662496846,3.5169233837669714e-17,1.5,False
barabasi_albert,20,iid,0.15,1.5,constant,max_abs,0.010675,0.892925,0.01876617080457985,0.5234590748984607,7.913077613475684e-17,100.0,0.33541019662496846,3.5169233837669714e-17,3.0,False
barabasi_albert,20,iid,0.15,1.5,edge_bipolar,euclidean,0.0105,1.0,0.0,0.8436852786982685,16.874999999999996,99.99999999999999,1.0606601717798212,7.5,2.5,False
barabasi_albert,20,iid,0.15,1.5,edge_bipolar,laplacian,0.010225,1.0,0.0,4.9587230982847945,16.874999999999996,99.99999999999999,1.0606601717798212,7.5,2.5,False
barabasi_albert,20,iid,0.15,1.5,edge_bipolar,mahalanobis,0.0105,1.0,0.0,37.49712349770082,16.874999999999996,99.99999999999999,1.0606601717798212,7.5,2.5,False
barabasi_albert,20,iid,0.15,1.5,edge_bipolar,max_abs,0.010675,1.0,0.0,0.5234590748984607,16.874999999999996,99.99999999999999,1.0606601717798212,7.5,2.5,False
barabasi_albert,20,iid,0.15,1.5,fiedler,euclidean,0.0105,1.0,0.0,0.8436852786982685,3.7237235905997395,99.99999999999999,0.8177847980999451,1.6549882624887733,1.5,False
barabasi_albert,20,iid,0.15,1.5,fiedler,laplacian,0.010225,0.81105,0.09937221274917185,4.9587230982847945,3.7237235905997395,99.99999999999999,0.8177847980999451,1.6549882624887733,4.0,False
barabasi_albert,20,iid,0.15,1.5,fiedler,mahalanobis,0.0105,1.0,0.0,37.49712349770082,3.7237235905997395,99.99999999999999,0.8177847980999451,1.6549882624887733,1.5,False
barabasi_albert,20,iid,0.15,1.5,fiedler,max_abs,0.010675,0.999,0.0008445906306213654,0.5234590748984607,3.7237235905997395,99.99999999999999,0.8177847980999451,1.6549882624887733,3.0,False
barabasi_albert,20,iid,0.15,1.5,high_frequency,euclidean,0.0105,1.0,0.0,0.8436852786982685,30.16625252653007,100.0,1.2808595151608846,13.407223345124475,2.5,False
barabasi_albert,20,iid,0.15,1.5,high_frequency,laplacian,0.010225,1.0,0.0,4.9587230982847945,30.16625252653007,100.0,1.2808595151608846,13.407223345124475,2.5,False
barabasi_albert,20,iid,0.15,1.5,high_frequency,mahalanobis,0.0105,1.0,0.0,37.49712349770082,30.16625252653007,100.0,1.2808595151608846,13.407223345124475,2.5,False
barabasi_albert,20,iid,0.15,1.5,high_frequency,max_abs,0.010675,1.0,0.0,0.5234590748984607,30.16625252653007,100.0,1.2808595151608846,13.407223345124475,2.5,False
barabasi_albert,20,iid,0.15,1.5,point,euclidean,0.0105,1.0,0.0,0.8436852786982685,7.875,99.99999999999999,1.5,3.5,2.0,False
barabasi_albert,20,iid,0.15,1.5,point,laplacian,0.010225,0.9979,0.002876340267307287,4.9587230982847945,7.875,99.99999999999999,1.5,3.5,4.0,False
barabasi_albert,20,iid,0.15,1.5,point,mahalanobis,0.0105,1.0,0.0,37.49712349770082,7.875,99.99999999999999,1.5,3.5,2.0,False
barabasi_albert,20,iid,0.15,1.5,point,max_abs,0.010675,1.0,0.0,0.5234590748984607,7.875,99.99999999999999,1.5,3.5,2.0,False
barabasi_albert,20,iid,0.15,3.0,cluster,euclidean,0.0105,1.0,0.0,0.8436852786982685,41.625,399.99999999999994,1.5,4.625,2.5,False
barabasi_albert,20,iid,0.15,3.0,cluster,laplacian,0.010225,1.0,0.0,4.9587230982847945,41.625,399.99999999999994,1.5,4.625,2.5,False
barabasi_albert,20,iid,0.15,3.0,cluster,mahalanobis,0.0105,1.0,0.0,37.49712349770082,41.625,399.99999999999994,1.5,4.625,2.5,False
barabasi_albert,20,iid,0.15,3.0,cluster,max_abs,0.010675,1.0,0.0,0.5234590748984607,41.625,399.99999999999994,1.5,4.625,2.5,False
barabasi_albert,20,iid,0.15,3.0,constant,euclidean,0.0105,1.0,0.0,0.8436852786982685,3.1652310453902735e-16,400.0,0.6708203932499369,3.5169233837669714e-17,2.0,False
barabasi_albert,20,iid,0.15,3.0,constant,laplacian,0.010225,0.0107,0.0024385788210895838,4.9587230982847945,3.1652310453902735e-16,400.0,0.6708203932499369,3.5169233837669714e-17,4.0,False
barabasi_albert,20,iid,0.15,3.0,constant,mahalanobis,0.0105,1.0,0.0,37.49712349770082,3.1652310453902735e-16,400.0,0.6708203932499369,3.5169233837669714e-17,2.0,False
barabasi_albert,20,iid,0.15,3.0,constant,max_abs,0.010675,1.0,0.0,0.5234590748984607,3.1652310453902735e-16,400.0,0.6708203932499369,3.5169233837669714e-17,2.0,False
barabasi_albert,20,iid,0.15,3.0,edge_bipolar,euclidean,0.0105,1.0,0.0,0.8436852786982685,64.12499999999999,399.99999999999994,2.1213203435596424,7.125,2.5,False
barabasi_albert,20,iid,0.15,3.0,edge_bipolar,laplacian,0.010225,1.0,0.0,4.9587230982847945,64.12499999999999,399.99999999999994,2.1213203435596424,7.125,2.5,False
barabasi_albert,20,iid,0.15,3.0,edge_bipolar,mahalanobis,0.0105,1.0,0.0,37.49712349770082,64.12499999999999,399.99999999999994,2.1213203435596424,7.125,2.5,False
barabasi_albert,20,iid,0.15,3.0,edge_bipolar,max_abs,0.010675,1.0,0.0,0.5234590748984607,64.12499999999999,399.99999999999994,2.1213203435596424,7.125,2.5,False
barabasi_albert,20,iid,0.15,3.0,fiedler,euclidean,0.0105,1.0,0.0,0.8436852786982685,14.894894362398958,399.99999999999994,1.6355695961998902,1.6549882624887733,2.5,False
barabasi_albert,20,iid,0.15,3.0,fiedler,laplacian,0.010225,1.0,0.0,4.9587230982847945,14.894894362398958,399.99999999999994,1.6355695961998902,1.6549882624887733,2.5,False
barabasi_albert,20,iid,0.15,3.0,fiedler,mahalanobis,0.0105,1.0,0.0,37.49712349770082,14.894894362398958,399.99999999999994,1.6355695961998902,1.6549882624887733,2.5,False
barabasi_albert,20,iid,0.15,3.0,fiedler,max_abs,0.010675,1.0,0.0,0.5234590748984607,14.894894362398958,399.99999999999994,1.6355695961998902,1.6549882624887733,2.5,False
barabasi_albert,20,iid,0.15,3.0,high_frequency,euclidean,0.0105,1.0,0.0,0.8436852786982685,120.66501010612028,400.0,2.561719030321769,13.407223345124475,2.5,False
barabasi_albert,20,iid,0.15,3.0,high_frequency,laplacian,0.010225,1.0,0.0,4.9587230982847945,120.66501010612028,400.0,2.561719030321769,13.407223345124475,2.5,False
barabasi_albert,20,iid,0.15,3.0,high_frequency,mahalanobis,0.0105,1.0,0.0,37.49712349770082,120.66501010612028,400.0,2.561719030321769,13.407223345124475,2.5,False
barabasi_albert,20,iid,0.15,3.0,high_frequency,max_abs,0.010675,1.0,0.0,0.5234590748984607,120.66501010612028,400.0,2.561719030321769,13.407223345124475,2.5,False
barabasi_albert,20,iid,0.15,3.0,point,euclidean,0.0105,1.0,0.0,0.8436852786982685,49.5,399.99999999999994,3.0,5.5,2.5,False
barabasi_albert,20,iid,0.15,3.0,point,laplacian,0.010225,1.0,0.0,4.9587230982847945,49.5,399.99999999999994,3.0,5.5,2.5,False
barabasi_albert,20,iid,0.15,3.0,point,mahalanobis,0.0105,1.0,0.0,37.49712349770082,49.5,399.99999999999994,3.0,5.5,2.5,False
barabasi_albert,20,iid,0.15,3.0,point,max_abs,0.010675,1.0,0.0,0.5234590748984607,49.5,399.99999999999994,3.0,5.5,2.5,False
barabasi_albert,20,iid,0.3,0.75,cluster,euclidean,0.00985,0.08864999999999999,0.005529617226053419,3.3862979624289062,2.8828125,6.249999999999999,0.375,5.125,1.5,False
barabasi_albert,20,iid,0.3,0.75,cluster,laplacian,0.010675,0.06465,0.02655779860354895,19.753509369522607,2.8828125,6.249999999999999,0.375,5.125,3.0,False
barabasi_albert,20,iid,0.3,0.75,cluster,mahalanobis,0.00985,0.08864999999999999,0.005529617226053419,37.62553291587674,2.8828125,6.249999999999999,0.375,5.125,1.5,False
barabasi_albert,20,iid,0.3,0.75,cluster,max_abs,0.0108,0.05585,0.003345145736735546,1.0414401490098337,2.8828125,6.249999999999999,0.375,5.125,4.0,False
barabasi_albert,20,iid,0.3,0.75,constant,euclidean,0.00985,0.088725,0.0025355801440038687,3.3862979624289062,-1.9782694033689203e-17,6.25,0.16770509831248423,-3.51692338376697e-17,1.5,False
barabasi_albert,20,iid,0.3,0.75,constant,laplacian,0.010675,0.0095,0.0006271629240742261,19.753509369522607,-1.9782694033689203e-17,6.25,0.16770509831248423,-3.51692338376697e-17,4.0,False
barabasi_albert,20,iid,0.3,0.75,constant,mahalanobis,0.00985,0.088725,0.0025355801440038687,37.62553291587674,-1.9782694033689203e-17,6.25,0.16770509831248423,-3.51692338376697e-17,1.5,False
barabasi_albert,20,iid,0.3,0.75,constant,max_abs,0.0108,0.037125,0.004490267252625397,1.0414401490098337,-1.9782694033689203e-17,6.25,0.16770509831248423,-3.51692338376697e-17,3.0,False
barabasi_albert,20,iid,0.3,0.75,edge_bipolar,euclidean,0.00985,0.088575,0.0058094032969545776,3.3862979624289062,3.5156249999999996,6.249999999999999,0.5303300858899106,6.25,2.5,False
barabasi_albert,20,iid,0.3,0.75,edge_bipolar,laplacian,0.010675,0.07930000000000001,0.04775848964669353,19.753509369522607,3.5156249999999996,6.249999999999999,0.5303300858899106,6.25,4.0,False
barabasi_albert,20,iid,0.3,0.75,edge_bipolar,mahalanobis,0.00985,0.088575,0.0058094032969545776,37.62553291587674,3.5156249999999996,6.249999999999999,0.5303300858899106,6.25,2.5,False
barabasi_albert,20,iid,0.3,0.75,edge_bipolar,max_abs,0.0108,0.0967,0.005777542730261717,1.0414401490098337,3.5156249999999996,6.249999999999999,0.5303300858899106,6.25,1.0,True
barabasi_albert,20,iid,0.3,0.75,fiedler,euclidean,0.00985,0.0882,0.00612372435695794,3.3862979624289062,0.8929234480951092,6.25,0.46054807006065335,1.587419463280194,1.5,False
barabasi_albert,20,iid,0.3,0.75,fiedler,laplacian,0.010675,0.015550000000000001,0.00292175746198528,19.753509369522607,0.8929234480951092,6.25,0.46054807006065335,1.587419463280194,4.0,False
barabasi_albert,20,iid,0.3,0.75,fiedler,mahalanobis,0.00985,0.0882,0.00612372435695794,37.62553291587674,0.8929234480951092,6.25,0.46054807006065335,1.587419463280194,1.5,False
barabasi_albert,20,iid,0.3,0.75,fiedler,max_abs,0.0108,0.061975,0.024240788628535445,1.0414401490098337,0.8929234480951092,6.25,0.46054807006065335,1.587419463280194,3.0,False
barabasi_albert,20,iid,0.3,0.75,high_frequency,euclidean,0.00985,0.08802499999999999,0.006381418337642505,3.3862979624289062,7.725944444920743,6.250000000000002,0.6963019735585094,13.73501234652576,3.5,False
barabasi_albert,20,iid,0.3,0.75,high_frequency,laplacian,0.010675,0.29962500000000003,0.02793186650882229,19.753509369522607,7.725944444920743,6.250000000000002,0.6963019735585094,13.73501234652576,1.0,True
barabasi_albert,20,iid,0.3,0.75,high_frequency,mahalanobis,0.00985,0.08802499999999999,0.006381418337642505,37.62553291587674,7.725944444920743,6.250000000000002,0.6963019735585094,13.73501234652576,3.5,False
barabasi_albert,20,iid,0.3,0.75,high_frequency,max_abs,0.0108,0.134775,0.014779349331640636,1.0414401490098337,7.725944444920743,6.250000000000002,0.6963019735585094,13.73501234652576,2.0,False
barabasi_albert,20,iid,0.3,0.75,point,euclidean,0.00985,0.088225,0.00474086841552614,3.3862979624289062,2.953125,6.249999999999999,0.75,5.25,2.5,False
barabasi_albert,20,iid,0.3,0.75,point,laplacian,0.010675,0.064475,0.038699041762469175,19.753509369522607,2.953125,6.249999999999999,0.75,5.25,4.0,False
barabasi_albert,20,iid,0.3,0.75,point,mahalanobis,0.00985,0.088225,0.00474086841552614,37.62553291587674,2.953125,6.249999999999999,0.75,5.25,2.5,False
barabasi_albert,20,iid,0.3,0.75,point,max_abs,0.0108,0.1726,0.007628892449104263,1.0414401490098337,2.953125,6.249999999999999,0.75,5.25,1.0,True
barabasi_albert,20,iid,0.3,1.5,cluster,euclidean,0.00985,0.718525,0.006633940508224873,3.3862979624289062,9.0,24.999999999999996,0.75,4.0,1.5,False
barabasi_albert,20,iid,0.3,1.5,cluster,laplacian,0.010675,0.35302500000000003,0.08352557991417958,19.753509369522607,9.0,24.999999999999996,0.75,4.0,4.0,False
barabasi_albert,20,iid,0.3,1.5,cluster,mahalanobis,0.00985,0.718525,0.006633940508224873,37.62553291587674,9.0,24.999999999999996,0.75,4.0,1.5,False
barabasi_albert,20,iid,0.3,1.5,cluster,max_abs,0.0108,0.518825,0.013907162423250359,1.0414401490098337,9.0,24.999999999999996,0.75,4.0,3.0,False
barabasi_albert,20,iid,0.3,1.5,constant,euclidean,0.00985,0.719775,0.013106582315767907,3.3862979624289062,-7.913077613475681e-17,25.0,0.33541019662496846,-3.51692338376697e-17,1.5,False
barabasi_albert,20,iid,0.3,1.5,constant,laplacian,0.010675,0.01005,0.0009678154093971991,19.753509369522607,-7.913077613475681e-17,25.0,0.33541019662496846,-3.51692338376697e-17,4.0,False
barabasi_albert,20,iid,0.3,1.5,constant,mahalanobis,0.00985,0.719775,0.013106582315767907,37.62553291587674,-7.913077613475681e-17,25.0,0.33541019662496846,-3.51692338376697e-17,1.5,False
barabasi_albert,20,iid,0.3,1.5,constant,max_abs,0.0108,0.170675,0.00631789785714625,1.0414401490098337,-7.913077613475681e-17,25.0,0.33541019662496846,-3.51692338376697e-17,3.0,False
barabasi_albert,20,iid,0.3,1.5,edge_bipolar,euclidean,0.00985,0.71465,0.008013530224979911,3.3862979624289062,16.874999999999996,24.999999999999996,1.0606601717798212,7.5,3.5,False
barabasi_albert,20,iid,0.3,1.5,edge_bipolar,laplacian,0.010675,0.73395,0.19411773918595557,19.753509369522607,16.874999999999996,24.999999999999996,1.0606601717798212,7.5,2.0,False
barabasi_albert,20,iid,0.3,1.5,edge_bipolar,mahalanobis,0.00985,0.71465,0.008013530224979911,37.62553291587674,16.874999999999996,24.999999999999996,1.0606601717798212,7.5,3.5,False
barabasi_albert,20,iid,0.3,1.5,edge_bipolar,max_abs,0.0108,0.77795,0.00922080979813235,1.0414401490098337,16.874999999999996,24.999999999999996,1.0606601717798212,7.5,1.0,True
barabasi_albert,20,iid,0.3,1.5,fiedler,euclidean,0.00985,0.7188,0.007617961232070753,3.3862979624289062,3.5716937923804366,25.0,0.9210961401213067,1.587419463280194,1.5,False
barabasi_albert,20,iid,0.3,1.5,fiedler,laplacian,0.010675,0.050025,0.013749757573620467,19.753509369522607,3.5716937923804366,25.0,0.9210961401213067,1.587419463280194,4.0,False
barabasi_albert,20,iid,0.3,1.5,fiedler,mahalanobis,0.00985,0.7188,0.007617961232070753,37.62553291587674,3.5716937923804366,25.0,0.9210961401213067,1.587419463280194,1.5,False
barabasi_albert,20,iid,0.3,1.5,fiedler,max_abs,0.0108,0.479375,0.18381417020095778,1.0414401490098337,3.5716937923804366,25.0,0.9210961401213067,1.587419463280194,3.0,False
barabasi_albert,20,iid,0.3,1.5,high_frequency,euclidean,0.00985,0.7215750000000001,0.008995693414073242,3.3862979624289062,30.903777779682972,25.000000000000007,1.3926039471170188,13.73501234652576,3.5,False
barabasi_albert,20,iid,0.3,1.5,high_frequency,laplacian,0.010675,0.9655,0.006433765097773886,19.753509369522607,30.903777779682972,25.000000000000007,1.3926039471170188,13.73501234652576,1.0,True
barabasi_albert,20,iid,0.3,1.5,high_frequency,mahalanobis,0.00985,0.7215750000000001,0.008995693414073242,37.62553291587674,30.903777779682972,25.000000000000007,1.3926039471170188,13.73501234652576,3.5,False
barabasi_albert,20,iid,0.3,1.5,high_frequency,max_abs,0.0108,0.88205,0.02618886531842618,1.0414401490098337,30.903777779682972,25.000000000000007,1.3926039471170188,13.73501234652576,2.0,False
barabasi_albert,20,iid,0.3,1.5,point,euclidean,0.00985,0.719625,0.007340470012199478,3.3862979624289062,7.3125,24.999999999999996,1.5,3.25,2.5,False
barabasi_albert,20,iid,0.3,1.5,point,laplacian,0.010675,0.237825,0.10103571563231158,19.753509369522607,7.3125,24.999999999999996,1.5,3.25,4.0,False
barabasi_albert,20,iid,0.3,1.5,point,mahalanobis,0.00985,0.719625,0.007340470012199478,37.62553291587674,7.3125,24.999999999999996,1.5,3.25,2.5,False
barabasi_albert,20,iid,0.3,1.5,point,max_abs,0.0108,0.937725,0.0037499999999999886,1.0414401490098337,7.3125,24.999999999999996,1.5,3.25,1.0,True
barabasi_albert,20,iid,0.3,3.0,cluster,euclidean,0.00985,1.0,0.0,3.3862979624289062,33.75,99.99999999999999,1.5,3.75,2.0,False
barabasi_albert,20,iid,0.3,3.0,cluster,laplacian,0.010675,0.9954500000000001,0.005849501403253723,19.753509369522607,33.75,99.99999999999999,1.5,3.75,4.0,False
barabasi_albert,20,iid,0.3,3.0,cluster,mahalanobis,0.00985,1.0,0.0,37.62553291587674,33.75,99.99999999999999,1.5,3.75,2.0,False
barabasi_albert,20,iid,0.3,3.0,cluster,max_abs,0.0108,1.0,0.0,1.0414401490098337,33.75,99.99999999999999,1.5,3.75,2.0,False
barabasi_albert,20,iid,0.3,3.0,constant,euclidean,0.00985,1.0,0.0,3.3862979624289062,-3.1652310453902725e-16,100.0,0.6708203932499369,-3.51692338376697e-17,1.5,False
barabasi_albert,20,iid,0.3,3.0,constant,laplacian,0.010675,0.010625,0.0013744695946679454,19.753509369522607,-3.1652310453902725e-16,100.0,0.6708203932499369,-3.51692338376697e-17,4.0,False
barabasi_albert,20,iid,0.3,3.0,constant,mahalanobis,0.00985,1.0,0.0,37.62553291587674,-3.1652310453902725e-16,100.0,0.6708203932499369,-3.51692338376697e-17,1.5,False
barabasi_albert,20,iid,0.3,3.0,constant,max_abs,0.0108,0.8983,0.010588987990675388,1.0414401490098337,-3.1652310453902725e-16,100.0,0.6708203932499369,-3.51692338376697e-17,3.0,False
barabasi_albert,20,iid,0.3,3.0,edge_bipolar,euclidean,0.00985,1.0,0.0,3.3862979624289062,70.87499999999999,99.99999999999999,2.1213203435596424,7.875,2.5,False
barabasi_albert,20,iid,0.3,3.0,edge_bipolar,laplacian,0.010675,1.0,0.0,19.753509369522607,70.87499999999999,99.99999999999999,2.1213203435596424,7.875,2.5,False
barabasi_albert,20,iid,0.3,3.0,edge_bipolar,mahalanobis,0.00985,1.0,0.0,37.62553291587674,70.87499999999999,99.99999999999999,2.1213203435596424,7.875,2.5,False
barabasi_albert,20,iid,0.3,3.0,edge_bipolar,max_abs,0.0108,1.0,0.0,1.0414401490098337,70.87499999999999,99.99999999999999,2.1213203435596424,7.875,2.5,False
barabasi_albert,20,iid,0.3,3.0,fiedler,euclidean,0.00985,1.0,0.0,3.3862979624289062,14.286775169521746,100.0,1.8421922802426134,1.587419463280194,1.5,False
barabasi_albert,20,iid,0.3,3.0,fiedler,laplacian,0.010675,0.7726500000000001,0.15482983132028103,19.753509369522607,14.286775169521746,100.0,1.8421922802426134,1.587419463280194,4.0,False
barabasi_albert,20,iid,0.3,3.0,fiedler,mahalanobis,0.00985,1.0,0.0,37.62553291587674,14.286775169521746,100.0,1.8421922802426134,1.587419463280194,1.5,False
barabasi_albert,20,iid,0.3,3.0,fiedler,max_abs,0.0108,0.999275,0.0005619905100028816,1.0414401490098337,14.286775169521746,100.0,1.8421922802426134,1.587419463280194,3.0,False
barabasi_albert,20,iid,0.3,3.0,high_frequency,euclidean,0.00985,1.0,0.0,3.3862979624289062,123.61511111873189,100.00000000000003,2.7852078942340377,13.73501234652576,2.5,False
barabasi_albert,20,iid,0.3,3.0,high_frequency,laplacian,0.010675,1.0,0.0,19.753509369522607,123.61511111873189,100.00000000000003,2.7852078942340377,13.73501234652576,2.5,False
barabasi_albert,20,iid,0.3,3.0,high_frequency,mahalanobis,0.00985,1.0,0.0,37.62553291587674,123.61511111873189,100.00000000000003,2.7852078942340377,13.73501234652576,2.5,False
barabasi_albert,20,iid,0.3,3.0,high_frequency,max_abs,0.0108,1.0,0.0,1.0414401490098337,123.61511111873189,100.00000000000003,2.7852078942340377,13.73501234652576,2.5,False
barabasi_albert,20,iid,0.3,3.0,point,euclidean,0.00985,1.0,0.0,3.3862979624289062,31.5,99.99999999999999,3.0,3.5,2.0,False
barabasi_albert,20,iid,0.3,3.0,point,laplacian,0.010675,0.97085,0.05605428916089588,19.753509369522607,31.5,99.99999999999999,3.0,3.5,4.0,False
barabasi_albert,20,iid,0.3,3.0,point,mahalanobis,0.00985,1.0,0.0,37.62553291587674,31.5,99.99999999999999,3.0,3.5,2.0,False
barabasi_albert,20,iid,0.3,3.0,point,max_abs,0.0108,1.0,0.0,1.0414401490098337,31.5,99.99999999999999,3.0,3.5,2.0,False
barabasi_albert,40,correlated,0.15,0.75,cluster,euclidean,0.009,0.395975,0.01557206366114226,1.5199309459051695,2.7421875,20.163776105428518,0.2651650429449553,4.875000000000001,1.0,True
barabasi_albert,40,correlated,0.15,0.75,cluster,laplacian,0.0095,0.355825,0.04021445635589271,7.40479817564364,2.7421875,20.163776105428518,0.2651650429449553,4.875000000000001,2.0,False
barabasi_albert,40,correlated,0.15,0.75,cluster,mahalanobis,0.00885,0.354325,0.06859540193530954,64.19697766949308,2.7421875,20.163776105428518,0.2651650429449553,4.875000000000001,3.0,False
barabasi_albert,40,correlated,0.15,0.75,cluster,max_abs,0.010025,0.20782499999999998,0.014848204156283235,0.5502800001555699,2.7421875,20.163776105428518,0.2651650429449553,4.875000000000001,4.0,False
barabasi_albert,40,correlated,0.15,0.75,constant,euclidean,0.009,0.402925,0.010963994101907683,1.5199309459051695,2.4685547825929926e-18,10.387559483102613,0.11858541225631422,4.388541835720874e-18,1.0,True
barabasi_albert,40,correlated,0.15,0.75,constant,laplacian,0.0095,0.00955,0.0018699376103674338,7.40479817564364,2.4685547825929926e-18,10.387559483102613,0.11858541225631422,4.388541835720874e-18,4.0,False
barabasi_albert,40,correlated,0.15,0.75,constant,mahalanobis,0.00885,0.111125,0.009477824996625894,64.19697766949308,2.4685547825929926e-18,10.387559483102613,0.11858541225631422,4.388541835720874e-18,2.0,False
barabasi_albert,40,correlated,0.15,0.75,constant,max_abs,0.010025,0.075925,0.006883978985054115,0.5502800001555699,2.4685547825929926e-18,10.387559483102613,0.11858541225631422,4.388541835720874e-18,3.0,False
barabasi_albert,40,correlated,0.15,0.75,edge_bipolar,euclidean,0.009,0.394625,0.02115803629829576,1.5199309459051695,5.132812499999999,33.00885435065087,0.5303300858899106,9.125,4.0,False
barabasi_albert,40,correlated,0.15,0.75,edge_bipolar,laplacian,0.0095,0.755425,0.10933234882686822,7.40479817564364,5.132812499999999,33.00885435065087,0.5303300858899106,9.125,1.0,True
barabasi_albert,40,correlated,0.15,0.75,edge_bipolar,mahalanobis,0.00885,0.713625,0.017104653362949713,64.19697766949308,5.132812499999999,33.00885435065087,0.5303300858899106,9.125,3.0,False
barabasi_albert,40,correlated,0.15,0.75,edge_bipolar,max_abs,0.010025,0.722,0.02059401207471079,0.5502800001555699,5.132812499999999,33.00885435065087,0.5303300858899106,9.125,2.0,False
barabasi_albert,40,correlated,0.15,0.75,fiedler,euclidean,0.009,0.40090000000000003,0.01915010878994336,1.5199309459051695,0.8067480796260609,16.547106337938047,0.38255860531919533,1.434218808224108,1.0,True
barabasi_albert,40,correlated,0.15,0.75,fiedler,laplacian,0.0095,0.03205,0.0031246333118196976,7.40479817564364,0.8067480796260609,16.547106337938047,0.38255860531919533,1.434218808224108,4.0,False
barabasi_albert,40,correlated,0.15,0.75,fiedler,mahalanobis,0.00885,0.25165,0.031609334064481645,64.19697766949308,0.8067480796260609,16.547106337938047,0.38255860531919533,1.434218808224108,2.0,False
barabasi_albert,40,correlated,0.15,0.75,fiedler,max_abs,0.010025,0.224025,0.04801675922703101,0.5502800001555699,0.8067480796260609,16.547106337938047,0.38255860531919533,1.434218808224108,3.0,False
barabasi_albert,40,correlated,0.15,0.75,high_frequency,euclidean,0.009,0.397725,0.0192274760000717,1.5199309459051695,9.726005867211745,35.6379474501072,0.5708975271403024,17.29067709726532,4.0,False
barabasi_albert,40,correlated,0.15,0.75,high_frequency,laplacian,0.0095,0.98215,0.00592480660725171,7.40479817564364,9.726005867211745,35.6379474501072,0.5708975271403024,17.29067709726532,1.0,True
barabasi_albert,40,correlated,0.15,0.75,high_frequency,mahalanobis,0.00885,0.770475,0.046196491569526495,64.19697766949308,9.726005867211745,35.6379474501072,0.5708975271403024,17.29067709726532,2.0,False
barabasi_albert,40,correlated,0.15,0.75,high_frequency,max_abs,0.010025,0.6527,0.13719074312795307,0.5502800001555699,9.726005867211745,35.6379474501072,0.5708975271403024,17.29067709726532,3.0,False
barabasi_albert,40,correlated,0.15,0.75,point,euclidean,0.009,0.39854999999999996,0.016784218778364394,1.5199309459051695,6.1875,29.37067326671911,0.75,11.0,4.0,False
barabasi_albert,40,correlated,0.15,0.75,point,laplacian,0.0095,0.752275,0.3526678075753442,7.40479817564364,6.1875,29.37067326671911,0.75,11.0,2.0,False
barabasi_albert,40,correlated,0.15,0.75,point,mahalanobis,0.00885,0.628725,0.013827117077202557,64.19697766949308,6.1875,29.37067326671911,0.75,11.0,3.0,False
barabasi_albert,40,correlated,0.15,0.75,point,max_abs,0.010025,0.908025,0.006771201272054083,0.5502800001555699,6.1875,29.37067326671911,0.75,11.0,1.0,True
barabasi_albert,40,correlated,0.15,1.5,cluster,euclidean,0.009,0.999375,0.0001258305739211702,1.5199309459051695,12.0234375,80.1799437407295,0.5303300858899106,5.343750000000001,2.0,False
barabasi_albert,40,correlated,0.15,1.5,cluster,laplacian,0.0095,0.9992,0.0007257180352359683,7.40479817564364,12.0234375,80.1799437407295,0.5303300858899106,5.343750000000001,3.0,False
barabasi_albert,40,correlated,0.15,1.5,cluster,mahalanobis,0.00885,0.99945,0.000544671154612293,64.19697766949308,12.0234375,80.1799437407295,0.5303300858899106,5.343750000000001,1.0,True
barabasi_albert,40,correlated,0.15,1.5,cluster,max_abs,0.010025,0.9768,0.0011747340124471147,0.5502800001555699,12.0234375,80.1799437407295,0.5303300858899106,5.343750000000001,4.0,False
barabasi_albert,40,correlated,0.15,1.5,constant,euclidean,0.009,0.994325,0.0005123475382979822,1.5199309459051695,9.87421913037197e-18,41.550237932410454,0.23717082451262844,4.388541835720874e-18,1.0,True
barabasi_albert,40,correlated,0.15,1.5,constant,laplacian,0.0095,0.010225,0.0009215023964519394,7.40479817564364,9.87421913037197e-18,41.550237932410454,0.23717082451262844,4.388541835720874e-18,4.0,False
barabasi_albert,40,correlated,0.15,1.5,constant,mahalanobis,0.00885,0.87085,0.012964181424216455,64.19697766949308,9.87421913037197e-18,41.550237932410454,0.23717082451262844,4.388541835720874e-18,2.0,False
barabasi_albert,40,correlated,0.15,1.5,constant,max_abs,0.010025,0.483475,0.02706601497573416,0.5502800001555699,9.87421913037197e-18,41.550237932410454,0.23717082451262844,4.388541835720874e-18,3.0,False
barabasi_albert,40,correlated,0.15,1.5,edge_bipolar,euclidean,0.009,1.0,0.0,1.5199309459051695,16.593749999999996,136.189998215257,1.0606601717798212,7.375,2.5,False
barabasi_albert,40,correlated,0.15,1.5,edge_bipolar,laplacian,0.0095,1.0,0.0,7.40479817564364,16.593749999999996,136.189998215257,1.0606601717798212,7.375,2.5,False
barabasi_albert,40,correlated,0.15,1.5,edge_bipolar,mahalanobis,0.00885,1.0,0.0,64.19697766949308,16.593749999999996,136.189998215257,1.0606601717798212,7.375,2.5,False
barabasi_albert,40,correlated,0.15,1.5,edge_bipolar,max_abs,0.010025,1.0,0.0,0.5502800001555699,16.593749999999996,136.189998215257,1.0606601717798212,7.375,2.5,False
barabasi_albert,40,correlated,0.15,1.5,fiedler,euclidean,0.009,0.999175,0.0004716990566028273,1.5199309459051695,3.2269923185042435,66.18842535175219,0.7651172106383907,1.434218808224108,1.0,True
barabasi_albert,40,correlated,0.15,1.5,fiedler,laplacian,0.0095,0.466725,0.10440687636996583,7.40479817564364,3.2269923185042435,66.18842535175219,0.7651172106383907,1.434218808224108,4.0,False
barabasi_albert,40,correlated,0.15,1.5,fiedler,mahalanobis,0.00885,0.993225,0.003356957948301772,64.19697766949308,3.2269923185042435,66.18842535175219,0.7651172106383907,1.434218808224108,2.0,False
barabasi_albert,40,correlated,0.15,1.5,fiedler,max_abs,0.010025,0.9698,0.030948451765260666,0.5502800001555699,3.2269923185042435,66.18842535175219,0.7651172106383907,1.434218808224108,3.0,False
barabasi_albert,40,correlated,0.15,1.5,high_frequency,euclidean,0.009,1.0,0.0,1.5199309459051695,38.90402346884698,142.5517898004288,1.1417950542806048,17.29067709726532,2.5,False
barabasi_albert,40,correlated,0.15,1.5,high_frequency,laplacian,0.0095,1.0,0.0,7.40479817564364,38.90402346884698,142.5517898004288,1.1417950542806048,17.29067709726532,2.5,False
barabasi_albert,40,correlated,0.15,1.5,high_frequency,mahalanobis,0.00885,1.0,0.0,64.19697766949308,38.90402346884698,142.5517898004288,1.1417950542806048,17.29067709726532,2.5,False
barabasi_albert,40,correlated,0.15,1.5,high_frequency,max_abs,0.010025,1.0,0.0,0.5502800001555699,38.90402346884698,142.5517898004288,1.1417950542806048,17.29067709726532,2.5,False
barabasi_albert,40,correlated,0.15,1.5,point,euclidean,0.009,1.0,0.0,1.5199309459051695,12.9375,116.80154937746597,1.5,5.75,2.0,False
barabasi_albert,40,correlated,0.15,1.5,point,laplacian,0.0095,0.999725,0.0003403429642777423,7.40479817564364,12.9375,116.80154937746597,1.5,5.75,4.0,False
barabasi_albert,40,correlated,0.15,1.5,point,mahalanobis,0.00885,1.0,0.0,64.19697766949308,12.9375,116.80154937746597,1.5,5.75,2.0,False
barabasi_albert,40,correlated,0.15,1.5,point,max_abs,0.010025,1.0,0.0,0.5502800001555699,12.9375,116.80154937746597,1.5,5.75,2.0,False
barabasi_albert,40,correlated,0.15,3.0,cluster,euclidean,0.009,1.0,0.0,1.5199309459051695,52.87499999999999,317.28862882671467,1.0606601717798212,5.875,2.5,False
barabasi_albert,40,correlated,0.15,3.0,cluster,laplacian,0.0095,1.0,0.0,7.40479817564364,52.87499999999999,317.28862882671467,1.0606601717798212,5.875,2.5,False
barabasi_albert,40,correlated,0.15,3.0,cluster,mahalanobis,0.00885,1.0,0.0,64.19697766949308,52.87499999999999,317.28862882671467,1.0606601717798212,5.875,2.5,False
barabasi_albert,40,correlated,0.15,3.0,cluster,max_abs,0.010025,1.0,0.0,0.5502800001555699,52.87499999999999,317.28862882671467,1.0606601717798212,5.875,2.5,False
barabasi_albert,40,correlated,0.15,3.0,constant,euclidean,0.009,1.0,0.0,1.5199309459051695,3.949687652148788e-17,166.20095172964182,0.4743416490252569,4.388541835720874e-18,1.5,False
barabasi_albert,40,correlated,0.15,3.0,constant,laplacian,0.0095,0.01,0.0007393691004272942,7.40479817564364,3.949687652148788e-17,166.20095172964182,0.4743416490252569,4.388541835720874e-18,4.0,False
barabasi_albert,40,correlated,0.15,3.0,constant,mahalanobis,0.00885,1.0,0.0,64.19697766949308,3.949687652148788e-17,166.20095172964182,0.4743416490252569,4.388541835720874e-18,1.5,False
barabasi_albert,40,correlated,0.15,3.0,constant,max_abs,0.010025,0.99995,5.773502691895622e-05,0.5502800001555699,3.949687652148788e-17,166.20095172964182,0.4743416490252569,4.388541835720874e-18,3.0,False
barabasi_albert,40,correlated,0.15,3.0,edge_bipolar,euclidean,0.009,1.0,0.0,1.5199309459051695,64.12499999999999,541.5125527997072,2.1213203435596424,7.125,2.5,False
barabasi_albert,40,correlated,0.15,3.0,edge_bipolar,laplacian,0.0095,1.0,0.0,7.40479817564364,64.12499999999999,541.5125527997072,2.1213203435596424,7.125,2.5,False
barabasi_albert,40,correlated,0.15,3.0,edge_bipolar,mahalanobis,0.00885,1.0,0.0,64.19697766949308,64.12499999999999,541.5125527997072,2.1213203435596424,7.125,2.5,False
barabasi_albert,40,correlated,0.15,3.0,edge_bipolar,max_abs,0.010025,1.0,0.0,0.5502800001555699,64.12499999999999,541.5125527997072,2.1213203435596424,7.125,2.5,False
barabasi_albert,40,correlated,0.15,3.0,fiedler,euclidean,0.009,1.0,0.0,1.5199309459051695,12.907969274016974,264.75370140700875,1.5302344212767813,1.434218808224108,2.5,False
barabasi_albert,40,correlated,0.15,3.0,fiedler,laplacian,0.0095,1.0,0.0,7.40479817564364,12.907969274016974,264.75370140700875,1.5302344212767813,1.434218808224108,2.5,False
barabasi_albert,40,correlated,0.15,3.0,fiedler,mahalanobis,0.00885,1.0,0.0,64.19697766949308,12.907969274016974,264.75370140700875,1.5302344212767813,1.434218808224108,2.5,False
barabasi_albert,40,correlated,0.15,3.0,fiedler,max_abs,0.010025,1.0,0.0,0.5502800001555699,12.907969274016974,264.75370140700875,1.5302344212767813,1.434218808224108,2.5,False
barabasi_albert,40,correlated,0.15,3.0,high_frequency,euclidean,0.009,1.0,0.0,1.5199309459051695,155.61609387538792,570.2071592017152,2.2835901085612096,17.29067709726532,2.5,False
barabasi_albert,40,correlated,0.15,3.0,high_frequency,laplacian,0.0095,1.0,0.0,7.40479817564364,155.61609387538792,570.2071592017152,2.2835901085612096,17.29067709726532,2.5,False
barabasi_albert,40,correlated,0.15,3.0,high_frequency,mahalanobis,0.00885,1.0,0.0,64.19697766949308,155.61609387538792,570.2071592017152,2.2835901085612096,17.29067709726532,2.5,False
barabasi_albert,40,correlated,0.15,3.0,high_frequency,max_abs,0.010025,1.0,0.0,0.5502800001555699,155.61609387538792,570.2071592017152,2.2835901085612096,17.29067709726532,2.5,False
barabasi_albert,40,correlated,0.15,3.0,point,euclidean,0.009,1.0,0.0,1.5199309459051695,40.5,463.9272447159816,3.0,4.5,2.5,False
barabasi_albert,40,correlated,0.15,3.0,point,laplacian,0.0095,1.0,0.0,7.40479817564364,40.5,463.9272447159816,3.0,4.5,2.5,False
barabasi_albert,40,correlated,0.15,3.0,point,mahalanobis,0.00885,1.0,0.0,64.19697766949308,40.5,463.9272447159816,3.0,4.5,2.5,False
barabasi_albert,40,correlated,0.15,3.0,point,max_abs,0.010025,1.0,0.0,0.5502800001555699,40.5,463.9272447159816,3.0,4.5,2.5,False
barabasi_albert,40,correlated,0.3,0.75,cluster,euclidean,0.010325,0.054,0.0035990739549686007,6.006367010449637,2.6015625,5.167992402988211,0.2651650429449553,4.625000000000001,1.0,True
barabasi_albert,40,correlated,0.3,0.75,cluster,laplacian,0.0103,0.0435,0.015606622525923623,29.260544467957452,2.6015625,5.167992402988211,0.2651650429449553,4.625000000000001,2.0,False
barabasi_albert,40,correlated,0.3,0.75,cluster,mahalanobis,0.0097,0.042675000000000005,0.002506491571898856,63.60774522567107,2.6015625,5.167992402988211,0.2651650429449553,4.625000000000001,3.0,False
barabasi_albert,40,correlated,0.3,0.75,cluster,max_abs,0.009925,0.031875,0.001772709790123583,1.0958271887210205,2.6015625,5.167992402988211,0.2651650429449553,4.625000000000001,4.0,False
barabasi_albert,40,correlated,0.3,0.75,constant,euclidean,0.010325,0.070025,0.005844869545165231,6.006367010449637,-3.4559766956301897e-17,2.5725647862364633,0.11858541225631422,-6.143958570009228e-17,1.0,True
barabasi_albert,40,correlated,0.3,0.75,constant,laplacian,0.0103,0.010575000000000001,0.0018997806890972099,29.260544467957452,-3.4559766956301897e-17,2.5725647862364633,0.11858541225631422,-6.143958570009228e-17,4.0,False
barabasi_albert,40,correlated,0.3,0.75,constant,mahalanobis,0.0097,0.022325,0.0019855729651664772,63.60774522567107,-3.4559766956301897e-17,2.5725647862364633,0.11858541225631422,-6.143958570009228e-17,3.0,False
barabasi_albert,40,correlated,0.3,0.75,constant,max_abs,0.009925,0.023525,0.0019687136240025705,1.0958271887210205,-3.4559766956301897e-17,2.5725647862364633,0.11858541225631422,-6.143958570009228e-17,2.0,False
barabasi_albert,40,correlated,0.3,0.75,edge_bipolar,euclidean,0.010325,0.041025,0.004256269884926632,6.006367010449637,5.062499999999999,8.125338847399995,0.5303300858899106,9.0,4.0,False
barabasi_albert,40,correlated,0.3,0.75,edge_bipolar,laplacian,0.0103,0.10475,0.010358410431464219,29.260544467957452,5.062499999999999,8.125338847399995,0.5303300858899106,9.0,1.0,True
barabasi_albert,40,correlated,0.3,0.75,edge_bipolar,mahalanobis,0.0097,0.08195,0.003331165962041921,63.60774522567107,5.062499999999999,8.125338847399995,0.5303300858899106,9.0,2.0,False
barabasi_albert,40,correlated,0.3,0.75,edge_bipolar,max_abs,0.009925,0.07205,0.00551935986626468,1.0958271887210205,5.062499999999999,8.125338847399995,0.5303300858899106,9.0,3.0,False
barabasi_albert,40,correlated,0.3,0.75,fiedler,euclidean,0.010325,0.0532,0.0064254701514104545,6.006367010449637,0.8079219639097043,4.195070661277784,0.41316990675660925,1.436305713617252,1.0,True
barabasi_albert,40,correlated,0.3,0.75,fiedler,laplacian,0.0103,0.0135,0.0011224972160321829,29.260544467957452,0.8079219639097043,4.195070661277784,0.41316990675660925,1.436305713617252,4.0,False
barabasi_albert,40,correlated,0.3,0.75,fiedler,mahalanobis,0.0097,0.03265,0.0030924639582917265,63.60774522567107,0.8079219639097043,4.195070661277784,0.41316990675660925,1.436305713617252,3.0,False
barabasi_albert,40,correlated,0.3,0.75,fiedler,max_abs,0.009925,0.036699999999999997,0.010716653706575888,1.0958271887210205,0.8079219639097043,4.195070661277784,0.41316990675660925,1.436305713617252,2.0,False
barabasi_albert,40,correlated,0.3,0.75,high_frequency,euclidean,0.010325,0.041075,0.0038395963329495952,6.006367010449637,9.886778842310704,9.035276374235693,0.6404158589905032,17.576495719663473,4.0,False
barabasi_albert,40,correlated,0.3,0.75,high_frequency,laplacian,0.0103,0.32375,0.028258391084183564,29.260544467957452,9.886778842310704,9.035276374235693,0.6404158589905032,17.576495719663473,1.0,True
barabasi_albert,40,correlated,0.3,0.75,high_frequency,mahalanobis,0.0097,0.0949,0.005419102016632151,63.60774522567107,9.886778842310704,9.035276374235693,0.6404158589905032,17.576495719663473,2.0,False
barabasi_albert,40,correlated,0.3,0.75,high_frequency,max_abs,0.009925,0.0879,0.025659696023141044,1.0958271887210205,9.886778842310704,9.035276374235693,0.6404158589905032,17.576495719663473,3.0,False
barabasi_albert,40,correlated,0.3,0.75,point,euclidean,0.010325,0.04505,0.005150080905513361,6.006367010449637,2.8125,7.250720499737435,0.75,5.0,3.0,False
barabasi_albert,40,correlated,0.3,0.75,point,laplacian,0.0103,0.0409,0.025926948657076225,29.260544467957452,2.8125,7.250720499737435,0.75,5.0,4.0,False
barabasi_albert,40,correlated,0.3,0.75,point,mahalanobis,0.0097,0.068425,0.005403316882557722,63.60774522567107,2.8125,7.250720499737435,0.75,5.0,2.0,False
barabasi_albert,40,correlated,0.3,0.75,point,max_abs,0.009925,0.132375,0.007541606813758819,1.0958271887210205,2.8125,7.250720499737435,0.75,5.0,1.0,True
barabasi_albert,40,correlated,0.3,1.5,cluster,euclidean,0.010325,0.4193,0.01701430770459577,6.006367010449637,13.851562499999998,21.679777774259176,0.5303300858899106,6.156250000000001,2.0,False
barabasi_albert,40,correlated,0.3,1.5,cluster,laplacian,0.0103,0.5296,0.06643467969868347,29.260544467957452,13.851562499999998,21.679777774259176,0.5303300858899106,6.156250000000001,1.0,True
barabasi_albert,40,correlated,0.3,1.5,cluster,mahalanobis,0.0097,0.41585,0.024146842443681982,63.60774522567107,13.851562499999998,21.679777774259176,0.5303300858899106,6.156250000000001,3.0,False
barabasi_albert,40,correlated,0.3,1.5,cluster,max_abs,0.009925,0.2178,0.009819368615140179,1.0958271887210205,13.851562499999998,21.679777774259176,0.5303300858899106,6.156250000000001,4.0,False
barabasi_albert,40,correlated,0.3,1.5,constant,euclidean,0.010325,0.41595,0.0179440798036567,6.006367010449637,-1.3823906782520759e-16,10.290259144945853,0.23717082451262844,-6.143958570009228e-17,1.0,True
barabasi_albert,40,correlated,0.3,1.5,constant,laplacian,0.0103,0.0104,0.0009695359714832659,29.260544467957452,-1.3823906782520759e-16,10.290259144945853,0.23717082451262844,-6.143958570009228e-17,4.0,False
barabasi_albert,40,correlated,0.3,1.5,constant,mahalanobis,0.0097,0.11812500000000001,0.010941777734902134,63.60774522567107,-1.3823906782520759e-16,10.290259144945853,0.23717082451262844,-6.143958570009228e-17,2.0,False
barabasi_albert,40,correlated,0.3,1.5,constant,max_abs,0.009925,0.080825,0.004674309218126961,1.0958271887210205,-1.3823906782520759e-16,10.290259144945853,0.23717082451262844,-6.143958570009228e-17,3.0,False
barabasi_albert,40,correlated,0.3,1.5,edge_bipolar,euclidean,0.010325,0.41785,0.021499224792226046,6.006367010449637,16.874999999999996,33.44573258196956,1.0606601717798212,7.5,4.0,False
barabasi_albert,40,correlated,0.3,1.5,edge_bipolar,laplacian,0.0103,0.67805,0.11015000378272044,29.260544467957452,16.874999999999996,33.44573258196956,1.0606601717798212,7.5,3.0,False
barabasi_albert,40,correlated,0.3,1.5,edge_bipolar,mahalanobis,0.0097,0.7369,0.011933426442839758,63.60774522567107,16.874999999999996,33.44573258196956,1.0606601717798212,7.5,1.0,True
barabasi_albert,40,correlated,0.3,1.5,edge_bipolar,max_abs,0.009925,0.730175,0.0062387899467765216,1.0958271887210205,16.874999999999996,33.44573258196956,1.0606601717798212,7.5,2.0,False
barabasi_albert,40,correlated,0.3,1.5,fiedler,euclidean,0.010325,0.42175,0.015079677273292924,6.006367010449637,3.231687855638817,16.780282645111136,0.8263398135132185,1.436305713617252,1.0,True
barabasi_albert,40,correlated,0.3,1.5,fiedler,laplacian,0.0103,0.0381,0.0071418951733182605,29.260544467957452,3.231687855638817,16.780282645111136,0.8263398135132185,1.436305713617252,4.0,False
barabasi_albert,40,correlated,0.3,1.5,fiedler,mahalanobis,0.0097,0.272475,0.03234711476056765,63.60774522567107,3.231687855638817,16.780282645111136,0.8263398135132185,1.436305713617252,3.0,False
barabasi_albert,40,correlated,0.3,1.5,fiedler,max_abs,0.009925,0.30052500000000004,0.17313575357697403,1.0958271887210205,3.231687855638817,16.780282645111136,0.8263398135132185,1.436305713617252,2.0,False
barabasi_albert,40,correlated,0.3,1.5,high_frequency,euclidean,0.010325,0.419475,0.019351550325490734,6.006367010449637,39.54711536924282,36.14110549694277,1.2808317179810065,17.576495719663473,4.0,False
barabasi_albert,40,correlated,0.3,1.5,high_frequency,laplacian,0.0103,0.982875,0.004897193073588207,29.260544467957452,39.54711536924282,36.14110549694277,1.2808317179810065,17.576495719663473,1.0,True
barabasi_albert,40,correlated,0.3,1.5,high_frequency,mahalanobis,0.0097,0.791225,0.024780822558314458,63.60774522567107,39.54711536924282,36.14110549694277,1.2808317179810065,17.576495719663473,2.0,False
barabasi_albert,40,correlated,0.3,1.5,high_frequency,max_abs,0.009925,0.743,0.14381031488271862,1.0958271887210205,39.54711536924282,36.14110549694277,1.2808317179810065,17.576495719663473,3.0,False
barabasi_albert,40,correlated,0.3,1.5,point,euclidean,0.010325,0.426925,0.01698359502578885,6.006367010449637,9.0,28.97519312839146,1.5,4.0,3.0,False
barabasi_albert,40,correlated,0.3,1.5,point,laplacian,0.0103,0.276175,0.1964524772898864,29.260544467957452,9.0,28.97519312839146,1.5,4.0,4.0,False
barabasi_albert,40,correlated,0.3,1.5,point,mahalanobis,0.0097,0.633425,0.008941056984495717,63.60774522567107,9.0,28.97519312839146,1.5,4.0,2.0,False
barabasi_albert,40,correlated,0.3,1.5,point,max_abs,0.009925,0.915125,0.00288718432617898,1.0958271887210205,9.0,28.97519312839146,1.5,4.0,1.0,True
barabasi_albert,40,correlated,0.3,3.0,cluster,euclidean,0.010325,0.999425,0.00033040379336002834,6.006367010449637,45.84375,78.06840640762871,1.0606601717798212,5.093750000000001,1.0,True
barabasi_albert,40,correlated,0.3,3.0,cluster,laplacian,0.0103,0.9984500000000001,0.0016421530582338118,29.260544467957452,45.84375,78.06840640762871,1.0606601717798212,5.093750000000001,3.0,False
barabasi_albert,40,correlated,0.3,3.0,cluster,mahalanobis,0.0097,0.998675,0.0012038133853162914,63.60774522567107,45.84375,78.06840640762871,1.0606601717798212,5.093750000000001,2.0,False
barabasi_albert,40,correlated,0.3,3.0,cluster,max_abs,0.009925,0.9782500000000001,0.0024528894525979897,1.0958271887210205,45.84375,78.06840640762871,1.0606601717798212,5.093750000000001,4.0,False
barabasi_albert,40,correlated,0.3,3.0,constant,euclidean,0.010325,0.9945,0.0007874007874012001,6.006367010449637,-5.529562713008303e-16,41.16103657978341,0.4743416490252569,-6.143958570009228e-17,1.0,True
barabasi_albert,40,correlated,0.3,3.0,constant,laplacian,0.0103,0.009575,0.000987842767515829,29.260544467957452,-5.529562713008303e-16,41.16103657978341,0.4743416490252569,-6.143958570009228e-17,4.0,False
barabasi_albert,40,correlated,0.3,3.0,constant,mahalanobis,0.0097,0.87235,0.022581777314167904,63.60774522567107,-5.529562713008303e-16,41.16103657978341,0.4743416490252569,-6.143958570009228e-17,2.0,False
barabasi_albert,40,correlated,0.3,3.0,constant,max_abs,0.009925,0.49724999999999997,0.010542770034483367,1.0958271887210205,-5.529562713008303e-16,41.16103657978341,0.4743416490252569,-6.143958570009228e-17,3.0,False
barabasi_albert,40,correlated,0.3,3.0,edge_bipolar,euclidean,0.010325,0.9999750000000001,4.999999999998833e-05,6.006367010449637,95.625,128.7798404645502,2.1213203435596424,10.625000000000002,4.0,False
barabasi_albert,40,correlated,0.3,3.0,edge_bipolar,laplacian,0.0103,1.0,0.0,29.260544467957452,95.625,128.7798404645502,2.1213203435596424,10.625000000000002,2.0,False
barabasi_albert,40,correlated,0.3,3.0,edge_bipolar,mahalanobis,0.0097,1.0,0.0,63.60774522567107,95.625,128.7798404645502,2.1213203435596424,10.625000000000002,2.0,False
barabasi_albert,40,correlated,0.3,3.0,edge_bipolar,max_abs,0.009925,1.0,0.0,1.0958271887210205,95.625,128.7798404645502,2.1213203435596424,10.625000000000002,2.0,False
barabasi_albert,40,correlated,0.3,3.0,fiedler,euclidean,0.010325,0.99945,0.0003316624790355555,6.006367010449637,12.926751422555268,67.12113058044454,1.652679627026437,1.436305713617252,1.0,True
barabasi_albert,40,correlated,0.3,3.0,fiedler,laplacian,0.0103,0.502475,0.0561111025852579,29.260544467957452,12.926751422555268,67.12113058044454,1.652679627026437,1.436305713617252,4.0,False
barabasi_albert,40,correlated,0.3,3.0,fiedler,mahalanobis,0.0097,0.9949,0.0029966648127543144,63.60774522567107,12.926751422555268,67.12113058044454,1.652679627026437,1.436305713617252,2.0,False
barabasi_albert,40,correlated,0.3,3.0,fiedler,max_abs,0.009925,0.972225,0.03113116070220744,1.0958271887210205,12.926751422555268,67.12113058044454,1.652679627026437,1.436305713617252,3.0,False
barabasi_albert,40,correlated,0.3,3.0,high_frequency,euclidean,0.010325,1.0,0.0,6.006367010449637,158.18846147697127,144.56442198777108,2.561663435962013,17.576495719663473,2.5,False
barabasi_albert,40,correlated,0.3,3.0,high_frequency,laplacian,0.0103,1.0,0.0,29.260544467957452,158.18846147697127,144.56442198777108,2.561663435962013,17.576495719663473,2.5,False
barabasi_albert,40,correlated,0.3,3.0,high_frequency,mahalanobis,0.0097,1.0,0.0,63.60774522567107,158.18846147697127,144.56442198777108,2.561663435962013,17.576495719663473,2.5,False
barabasi_albert,40,correlated,0.3,3.0,high_frequency,max_abs,0.009925,1.0,0.0,1.0958271887210205,158.18846147697127,144.56442198777108,2.561663435962013,17.576495719663473,2.5,False
barabasi_albert,40,correlated,0.3,3.0,point,euclidean,0.010325,0.9999750000000001,4.999999999998833e-05,6.006367010449637,63.0,116.32687474717179,3.0,7.0,3.0,False
barabasi_albert,40,correlated,0.3,3.0,point,laplacian,0.0103,0.9934499999999999,0.006023564835986479,29.260544467957452,63.0,116.32687474717179,3.0,7.0,4.0,False
barabasi_albert,40,correlated,0.3,3.0,point,mahalanobis,0.0097,1.0,0.0,63.60774522567107,63.0,116.32687474717179,3.0,7.0,1.5,False
barabasi_albert,40,correlated,0.3,3.0,point,max_abs,0.009925,1.0,0.0,1.0958271887210205,63.0,116.32687474717179,3.0,7.0,1.5,False
barabasi_albert,40,iid,0.15,0.75,cluster,euclidean,0.011025,0.5137,0.008710530025970446,1.4327563481083536,3.216796875,24.999999999999996,0.2651650429449553,5.718750000000001,1.5,False
barabasi_albert,40,iid,0.15,0.75,cluster,laplacian,0.01065,0.330225,0.09061829745329214,8.962768397121561,3.216796875,24.999999999999996,0.2651650429449553,5.718750000000001,3.0,False
barabasi_albert,40,iid,0.15,0.75,cluster,mahalanobis,0.011025,0.5137,0.008710530025970446,63.67805991592682,3.216796875,24.999999999999996,0.2651650429449553,5.718750000000001,1.5,False
barabasi_albert,40,iid,0.15,0.75,cluster,max_abs,0.010725,0.220675,0.009309269573924686,0.5479571020592408,3.216796875,24.999999999999996,0.2651650429449553,5.718750000000001,4.0,False
barabasi_albert,40,iid,0.15,0.75,constant,euclidean,0.011025,0.5158,0.010902904811715712,1.4327563481083536,3.949687652148788e-17,25.0,0.11858541225631422,7.021666937153405e-17,1.5,False
barabasi_albert,40,iid,0.15,0.75,constant,laplacian,0.01065,0.0109,0.0011518101695447331,8.962768397121561,3.949687652148788e-17,25.0,0.11858541225631422,7.021666937153405e-17,4.0,False
barabasi_albert,40,iid,0.15,0.75,constant,mahalanobis,0.011025,0.5158,0.010902904811715712,63.67805991592682,3.949687652148788e-17,25.0,0.11858541225631422,7.021666937153405e-17,1.5,False
barabasi_albert,40,iid,0.15,0.75,constant,max_abs,0.010725,0.08055,0.004103250743820882,0.5479571020592408,3.949687652148788e-17,25.0,0.11858541225631422,7.021666937153405e-17,3.0,False
barabasi_albert,40,iid,0.15,0.75,edge_bipolar,euclidean,0.011025,0.510325,0.007605863965827046,1.4327563481083536,4.570312499999999,24.999999999999996,0.5303300858899106,8.125,3.5,False
barabasi_albert,40,iid,0.15,0.75,edge_bipolar,laplacian,0.01065,0.537675,0.24391106815121505,8.962768397121561,4.570312499999999,24.999999999999996,0.5303300858899106,8.125,2.0,False
barabasi_albert,40,iid,0.15,0.75,edge_bipolar,mahalanobis,0.011025,0.510325,0.007605863965827046,63.67805991592682,4.570312499999999,24.999999999999996,0.5303300858899106,8.125,3.5,False
barabasi_albert,40,iid,0.15,0.75,edge_bipolar,max_abs,0.010725,0.7014,0.007859177225808475,0.5479571020592408,4.570312499999999,24.999999999999996,0.5303300858899106,8.125,1.0,True
barabasi_albert,40,iid,0.15,0.75,fiedler,euclidean,0.011025,0.5144500000000001,0.010315845416962505,1.4327563481083536,0.8380889971511822,25.000000000000004,0.4424389969852054,1.489935994935435,1.5,False
barabasi_albert,40,iid,0.15,0.75,fiedler,laplacian,0.01065,0.028499999999999998,0.004053804797142226,8.962768397121561,0.8380889971511822,25.000000000000004,0.4424389969852054,1.489935994935435,4.0,False
barabasi_albert,40,iid,0.15,0.75,fiedler,mahalanobis,0.011025,0.5144500000000001,0.010315845416962505,63.67805991592682,0.8380889971511822,25.000000000000004,0.4424389969852054,1.489935994935435,1.5,False
barabasi_albert,40,iid,0.15,0.75,fiedler,max_abs,0.010725,0.340175,0.15071578937412852,0.5479571020592408,0.8380889971511822,25.000000000000004,0.4424389969852054,1.489935994935435,3.0,False
barabasi_albert,40,iid,0.15,0.75,high_frequency,euclidean,0.011025,0.5169,0.016595782596792497,1.4327563481083536,9.421887012104694,25.0,0.6285760194439229,16.750021354852784,3.5,False
barabasi_albert,40,iid,0.15,0.75,high_frequency,laplacian,0.01065,0.9298500000000001,0.008256916292821818,8.962768397121561,9.421887012104694,25.0,0.6285760194439229,16.750021354852784,1.0,True
barabasi_albert,40,iid,0.15,0.75,high_frequency,mahalanobis,0.011025,0.5169,0.016595782596792497,63.67805991592682,9.421887012104694,25.0,0.6285760194439229,16.750021354852784,3.5,False
barabasi_albert,40,iid,0.15,0.75,high_frequency,max_abs,0.010725,0.716675,0.09593773588461768,0.5479571020592408,9.421887012104694,25.0,0.6285760194439229,16.750021354852784,2.0,False
barabasi_albert,40,iid,0.15,0.75,point,euclidean,0.011025,0.51315,0.01676315403894305,1.4327563481083536,4.78125,24.999999999999996,0.75,8.5,3.5,False
barabasi_albert,40,iid,0.15,0.75,point,laplacian,0.01065,0.52535,0.34264156684986913,8.962768397121561,4.78125,24.999999999999996,0.75,8.5,2.0,False
barabasi_albert,40,iid,0.15,0.75,point,mahalanobis,0.011025,0.51315,0.01676315403894305,63.67805991592682,4.78125,24.999999999999996,0.75,8.5,3.5,False
barabasi_albert,40,iid,0.15,0.75,point,max_abs,0.010725,0.9117,0.0032135131346653963,0.5479571020592408,4.78125,24.999999999999996,0.75,8.5,1.0,True
barabasi_albert,40,iid,0.15,1.5,cluster,euclidean,0.011025,1.0,0.0,1.4327563481083536,12.234375,99.99999999999999,0.5303300858899106,5.437500000000001,1.5,False
barabasi_albert,40,iid,0.15,1.5,cluster,laplacian,0.01065,0.995225,0.002980352328165226,8.962768397121561,12.234375,99.99999999999999,0.5303300858899106,5.437500000000001,3.0,False
barabasi_albert,40,iid,0.15,1.5,cluster,mahalanobis,0.011025,1.0,0.0,63.67805991592682,12.234375,99.99999999999999,0.5303300858899106,5.437500000000001,1.5,False
barabasi_albert,40,iid,0.15,1.5,cluster,max_abs,0.010725,0.9916,0.0007745966692414196,0.5479571020592408,12.234375,99.99999999999999,0.5303300858899106,5.437500000000001,4.0,False
barabasi_albert,40,iid,0.15,1.5,constant,euclidean,0.011025,0.999925,4.999999999998833e-05,1.4327563481083536,1.5798750608595153e-16,100.0,0.23717082451262844,7.021666937153405e-17,1.5,False
barabasi_albert,40,iid,0.15,1.5,constant,laplacian,0.01065,0.0101,0.0012727922061357864,8.962768397121561,1.5798750608595153e-16,100.0,0.23717082451262844,7.021666937153405e-17,4.0,False
barabasi_albert,40,iid,0.15,1.5,constant,mahalanobis,0.011025,0.999925,4.999999999998833e-05,63.67805991592682,1.5798750608595153e-16,100.0,0.23717082451262844,7.021666937153405e-17,1.5,False
barabasi_albert,40,iid,0.15,1.5,constant,max_abs,0.010725,0.5372250000000001,0.010291541834600527,0.5479571020592408,1.5798750608595153e-16,100.0,0.23717082451262844,7.021666937153405e-17,3.0,False
barabasi_albert,40,iid,0.15,1.5,edge_bipolar,euclidean,0.011025,1.0,0.0,1.4327563481083536,20.812499999999996,99.99999999999999,1.0606601717798212,9.25,2.0,False
barabasi_albert,40,iid,0.15,1.5,edge_bipolar,laplacian,0.01065,0.9998750000000001,0.0002499999999999663,8.962768397121561,20.812499999999996,99.99999999999999,1.0606601717798212,9.25,4.0,False
barabasi_albert,40,iid,0.15,1.5,edge_bipolar,mahalanobis,0.011025,1.0,0.0,63.67805991592682,20.812499999999996,99.99999999999999,1.0606601717798212,9.25,2.0,False
barabasi_albert,40,iid,0.15,1.5,edge_bipolar,max_abs,0.010725,1.0,0.0,0.5479571020592408,20.812499999999996,99.99999999999999,1.0606601717798212,9.25,2.0,False
barabasi_albert,40,iid,0.15,1.5,fiedler,euclidean,0.011025,1.0,0.0,1.4327563481083536,3.352355988604729,100.00000000000001,0.8848779939704108,1.489935994935435,1.5,False
barabasi_albert,40,iid,0.15,1.5,fiedler,laplacian,0.01065,0.318175,0.05681527816822982,8.962768397121561,3.352355988604729,100.00000000000001,0.8848779939704108,1.489935994935435,4.0,False
barabasi_albert,40,iid,0.15,1.5,fiedler,mahalanobis,0.011025,1.0,0.0,63.67805991592682,3.352355988604729,100.00000000000001,0.8848779939704108,1.489935994935435,1.5,False
barabasi_albert,40,iid,0.15,1.5,fiedler,max_abs,0.010725,0.99195,0.011515062599337818,0.5479571020592408,3.352355988604729,100.00000000000001,0.8848779939704108,1.489935994935435,3.0,False
barabasi_albert,40,iid,0.15,1.5,high_frequency,euclidean,0.011025,0.9999750000000001,4.999999999998833e-05,1.4327563481083536,37.687548048418776,100.0,1.2571520388878459,16.750021354852784,3.5,False
barabasi_albert,40,iid,0.15,1.5,high_frequency,laplacian,0.01065,1.0,0.0,8.962768397121561,37.687548048418776,100.0,1.2571520388878459,16.750021354852784,1.5,False
barabasi_albert,40,iid,0.15,1.5,high_frequency,mahalanobis,0.011025,0.9999750000000001,4.999999999998833e-05,63.67805991592682,37.687548048418776,100.0,1.2571520388878459,16.750021354852784,3.5,False
barabasi_albert,40,iid,0.15,1.5,high_frequency,max_abs,0.010725,1.0,0.0,0.5479571020592408,37.687548048418776,100.0,1.2571520388878459,16.750021354852784,1.5,False
barabasi_albert,40,iid,0.15,1.5,point,euclidean,0.011025,1.0,0.0,1.4327563481083536,13.5,99.99999999999999,1.5,6.0,2.0,False
barabasi_albert,40,iid,0.15,1.5,point,laplacian,0.01065,0.960575,0.045151771836772936,8.962768397121561,13.5,99.99999999999999,1.5,6.0,4.0,False
barabasi_albert,40,iid,0.15,1.5,point,mahalanobis,0.011025,1.0,0.0,63.67805991592682,13.5,99.99999999999999,1.5,6.0,2.0,False
barabasi_albert,40,iid,0.15,1.5,point,max_abs,0.010725,1.0,0.0,0.5479571020592408,13.5,99.99999999999999,1.5,6.0,2.0,False
barabasi_albert,40,iid,0.15,3.0,cluster,euclidean,0.011025,1.0,0.0,1.4327563481083536,55.40625,399.9999999999999,1.0606601717798212,6.156250000000002,2.5,False
barabasi_albert,40,iid,0.15,3.0,cluster,laplacian,0.01065,1.0,0.0,8.962768397121561,55.40625,399.9999999999999,1.0606601717798212,6.156250000000002,2.5,False
barabasi_albert,40,iid,0.15,3.0,cluster,mahalanobis,0.011025,1.0,0.0,63.67805991592682,55.40625,399.9999999999999,1.0606601717798212,6.156250000000002,2.5,False
barabasi_albert,40,iid,0.15,3.0,cluster,max_abs,0.010725,1.0,0.0,0.5479571020592408,55.40625,399.9999999999999,1.0606601717798212,6.156250000000002,2.5,False
barabasi_albert,40,iid,0.15,3.0,constant,euclidean,0.011025,1.0,0.0,1.4327563481083536,6.319500243438061e-16,400.0,0.4743416490252569,7.021666937153405e-17,2.0,False
barabasi_albert,40,iid,0.15,3.0,constant,laplacian,0.01065,0.0101,0.0015853495934125485,8.962768397121561,6.319500243438061e-16,400.0,0.4743416490252569,7.021666937153405e-17,4.0,False
barabasi_albert,40,iid,0.15,3.0,constant,mahalanobis,0.011025,1.0,0.0,63.67805991592682,6.319500243438061e-16,400.0,0.4743416490252569,7.021666937153405e-17,2.0,False
barabasi_albert,40,iid,0.15,3.0,constant,max_abs,0.010725,1.0,0.0,0.5479571020592408,6.319500243438061e-16,400.0,0.4743416490252569,7.021666937153405e-17,2.0,False
barabasi_albert,40,iid,0.15,3.0,edge_bipolar,euclidean,0.011025,1.0,0.0,1.4327563481083536,73.12499999999999,399.99999999999994,2.1213203435596424,8.125,2.5,False
barabasi_albert,40,iid,0.15,3.0,edge_bipolar,laplacian,0.01065,1.0,0.0,8.962768397121561,73.12499999999999,399.99999999999994,2.1213203435596424,8.125,2.5,False
barabasi_albert,40,iid,0.15,3.0,edge_bipolar,mahalanobis,0.011025,1.0,0.0,63.67805991592682,73.12499999999999,399.99999999999994,2.1213203435596424,8.125,2.5,False
barabasi_albert,40,iid,0.15,3.0,edge_bipolar,max_abs,0.010725,1.0,0.0,0.5479571020592408,73.12499999999999,399.99999999999994,2.1213203435596424,8.125,2.5,False
barabasi_albert,40,iid,0.15,3.0,fiedler,euclidean,0.011025,1.0,0.0,1.4327563481083536,13.409423954418916,400.00000000000006,1.7697559879408216,1.489935994935435,2.5,False
barabasi_albert,40,iid,0.15,3.0,fiedler,laplacian,0.01065,1.0,0.0,8.962768397121561,13.409423954418916,400.00000000000006,1.7697559879408216,1.489935994935435,2.5,False
barabasi_albert,40,iid,0.15,3.0,fiedler,mahalanobis,0.011025,1.0,0.0,63.67805991592682,13.409423954418916,400.00000000000006,1.7697559879408216,1.489935994935435,2.5,False
barabasi_albert,40,iid,0.15,3.0,fiedler,max_abs,0.010725,1.0,0.0,0.5479571020592408,13.409423954418916,400.00000000000006,1.7697559879408216,1.489935994935435,2.5,False
barabasi_albert,40,iid,0.15,3.0,high_frequency,euclidean,0.011025,1.0,0.0,1.4327563481083536,150.7501921936751,400.0,2.5143040777756918,16.750021354852784,2.5,False
barabasi_albert,40,iid,0.15,3.0,high_frequency,laplacian,0.01065,1.0,0.0,8.962768397121561,150.7501921936751,400.0,2.5143040777756918,16.750021354852784,2.5,False
barabasi_albert,40,iid,0.15,3.0,high_frequency,mahalanobis,0.011025,1.0,0.0,63.67805991592682,150.7501921936751,400.0,2.5143040777756918,16.750021354852784,2.5,False
barabasi_albert,40,iid,0.15,3.0,high_frequency,max_abs,0.010725,1.0,0.0,0.5479571020592408,150.7501921936751,400.0,2.5143040777756918,16.750021354852784,2.5,False
barabasi_albert,40,iid,0.15,3.0,point,euclidean,0.011025,1.0,0.0,1.4327563481083536,36.0,399.99999999999994,3.0,4.0,2.5,False
barabasi_albert,40,iid,0.15,3.0,point,laplacian,0.01065,1.0,0.0,8.962768397121561,36.0,399.99999999999994,3.0,4.0,2.5,False
barabasi_albert,40,iid,0.15,3.0,point,mahalanobis,0.011025,1.0,0.0,63.67805991592682,36.0,399.99999999999994,3.0,4.0,2.5,False
barabasi_albert,40,iid,0.15,3.0,point,max_abs,0.010725,1.0,0.0,0.5479571020592408,36.0,399.99999999999994,3.0,4.0,2.5,False
barabasi_albert,40,iid,0.3,0.75,cluster,euclidean,0.01035,0.057525,0.0013937359864766375,5.710774313959343,3.2167968749999996,6.249999999999999,0.2651650429449553,5.71875,1.5,False
barabasi_albert,40,iid,0.3,0.75,cluster,laplacian,0.010324999999999999,0.043325,0.006754936466515924,36.26721321667924,3.2167968749999996,6.249999999999999,0.2651650429449553,5.71875,3.0,False
barabasi_albert,40,iid,0.3,0.75,cluster,mahalanobis,0.01035,0.057525,0.0013937359864766375,63.45304793288158,3.2167968749999996,6.249999999999999,0.2651650429449553,5.71875,1.5,False
barabasi_albert,40,iid,0.3,0.75,cluster,max_abs,0.012225,0.0313,0.0022196095752781983,1.0925397209945136,3.2167968749999996,6.249999999999999,0.2651650429449553,5.71875,4.0,False
barabasi_albert,40,iid,0.3,0.75,constant,euclidean,0.01035,0.057749999999999996,0.00391109532825098,5.710774313959343,-1.8925586666546276e-17,6.25,0.11858541225631422,-3.364548740719339e-17,1.5,False
barabasi_albert,40,iid,0.3,0.75,constant,laplacian,0.010324999999999999,0.01065,0.0010472185381603337,36.26721321667924,-1.8925586666546276e-17,6.25,0.11858541225631422,-3.364548740719339e-17,4.0,False
barabasi_albert,40,iid,0.3,0.75,constant,mahalanobis,0.01035,0.057749999999999996,0.00391109532825098,63.45304793288158,-1.8925586666546276e-17,6.25,0.11858541225631422,-3.364548740719339e-17,1.5,False
barabasi_albert,40,iid,0.3,0.75,constant,max_abs,0.012225,0.024425,0.000607590871118606,1.0925397209945136,-1.8925586666546276e-17,6.25,0.11858541225631422,-3.364548740719339e-17,3.0,False
barabasi_albert,40,iid,0.3,0.75,edge_bipolar,euclidean,0.01035,0.058325,0.0029892864254422555,5.710774313959343,5.484375,6.249999999999999,0.5303300858899106,9.750000000000002,3.5,False
barabasi_albert,40,iid,0.3,0.75,edge_bipolar,laplacian,0.010324999999999999,0.09845,0.07523379116682431,36.26721321667924,5.484375,6.249999999999999,0.5303300858899106,9.750000000000002,1.0,True
barabasi_albert,40,iid,0.3,0.75,edge_bipolar,mahalanobis,0.01035,0.058325,0.0029892864254422555,63.45304793288158,5.484375,6.249999999999999,0.5303300858899106,9.750000000000002,3.5,False
barabasi_albert,40,iid,0.3,0.75,edge_bipolar,max_abs,0.012225,0.068525,0.004039286240579311,1.0925397209945136,5.484375,6.249999999999999,0.5303300858899106,9.750000000000002,2.0,False
barabasi_albert,40,iid,0.3,0.75,fiedler,euclidean,0.01035,0.05745,0.00447101778122163,5.710774313959343,0.8138554298068728,6.250000000000001,0.3495760046619484,1.4468540974344404,1.5,False
barabasi_albert,40,iid,0.3,0.75,fiedler,laplacian,0.010324999999999999,0.01245,0.0010148891565092215,36.26721321667924,0.8138554298068728,6.250000000000001,0.3495760046619484,1.4468540974344404,4.0,False
barabasi_albert,40,iid,0.3,0.75,fiedler,mahalanobis,0.01035,0.05745,0.00447101778122163,63.45304793288158,0.8138554298068728,6.250000000000001,0.3495760046619484,1.4468540974344404,1.5,False
barabasi_albert,40,iid,0.3,0.75,fiedler,max_abs,0.012225,0.033375,0.009819495913742211,1.0925397209945136,0.8138554298068728,6.250000000000001,0.3495760046619484,1.4468540974344404,3.0,False
barabasi_albert,40,iid,0.3,0.75,high_frequency,euclidean,0.01035,0.056425,0.0015945218719101973,5.710774313959343,11.659270535920072,6.25,0.7148759487173433,20.72759206385791,3.5,False
barabasi_albert,40,iid,0.3,0.75,high_frequency,laplacian,0.010324999999999999,0.293725,0.01400960979708809,36.26721321667924,11.659270535920072,6.25,0.7148759487173433,20.72759206385791,1.0,True
barabasi_albert,40,iid,0.3,0.75,high_frequency,mahalanobis,0.01035,0.056425,0.0015945218719101973,63.45304793288158,11.659270535920072,6.25,0.7148759487173433,20.72759206385791,3.5,False
barabasi_albert,40,iid,0.3,0.75,high_frequency,max_abs,0.012225,0.11435,0.008087232736439168,1.0925397209945136,11.659270535920072,6.25,0.7148759487173433,20.72759206385791,2.0,False
barabasi_albert,40,iid,0.3,0.75,point,euclidean,0.01035,0.0573,0.0015853495934125485,5.710774313959343,2.53125,6.249999999999999,0.75,4.5,2.5,False
barabasi_albert,40,iid,0.3,0.75,point,laplacian,0.010324999999999999,0.0245,0.005937451754189951,36.26721321667924,2.53125,6.249999999999999,0.75,4.5,4.0,False
barabasi_albert,40,iid,0.3,0.75,point,mahalanobis,0.01035,0.0573,0.0015853495934125485,63.45304793288158,2.53125,6.249999999999999,0.75,4.5,2.5,False
barabasi_albert,40,iid,0.3,0.75,point,max_abs,0.012225,0.135875,0.005193826463536618,1.0925397209945136,2.53125,6.249999999999999,0.75,4.5,1.0,True
barabasi_albert,40,iid,0.3,1.5,cluster,euclidean,0.01035,0.5193,0.00921882132740768,5.710774313959343,12.445312499999998,24.999999999999996,0.5303300858899106,5.53125,1.5,False
barabasi_albert,40,iid,0.3,1.5,cluster,laplacian,0.010324999999999999,0.3009,0.0706420554627341,36.26721321667924,12.445312499999998,24.999999999999996,0.5303300858899106,5.53125,3.0,False
barabasi_albert,40,iid,0.3,1.5,cluster,mahalanobis,0.01035,0.5193,0.00921882132740768,63.45304793288158,12.445312499999998,24.999999999999996,0.5303300858899106,5.53125,1.5,False
barabasi_albert,40,iid,0.3,1.5,cluster,max_abs,0.012225,0.230375,0.008315597793704705,1.0925397209945136,12.445312499999998,24.999999999999996,0.5303300858899106,5.53125,4.0,False
barabasi_albert,40,iid,0.3,1.5,constant,euclidean,0.01035,0.51785,0.009819877799647011,5.710774313959343,-7.57023466661851e-17,25.0,0.23717082451262844,-3.364548740719339e-17,1.5,False
barabasi_albert,40,iid,0.3,1.5,constant,laplacian,0.010324999999999999,0.01015,0.0005744562646538035,36.26721321667924,-7.57023466661851e-17,25.0,0.23717082451262844,-3.364548740719339e-17,4.0,False
barabasi_albert,40,iid,0.3,1.5,constant,mahalanobis,0.01035,0.51785,0.009819877799647011,63.45304793288158,-7.57023466661851e-17,25.0,0.23717082451262844,-3.364548740719339e-17,1.5,False
barabasi_albert,40,iid,0.3,1.5,constant,max_abs,0.012225,0.084325,0.004616185293796894,1.0925397209945136,-7.57023466661851e-17,25.0,0.23717082451262844,-3.364548740719339e-17,3.0,False
barabasi_albert,40,iid,0.3,1.5,edge_bipolar,euclidean,0.01035,0.5206999999999999,0.011052903087726138,5.710774313959343,23.062499999999996,24.999999999999996,1.0606601717798212,10.25,3.5,False
barabasi_albert,40,iid,0.3,1.5,edge_bipolar,laplacian,0.010324999999999999,0.65205,0.22256556337403147,36.26721321667924,23.062499999999996,24.999999999999996,1.0606601717798212,10.25,2.0,False
barabasi_albert,40,iid,0.3,1.5,edge_bipolar,mahalanobis,0.01035,0.5206999999999999,0.011052903087726138,63.45304793288158,23.062499999999996,24.999999999999996,1.0606601717798212,10.25,3.5,False
barabasi_albert,40,iid,0.3,1.5,edge_bipolar,max_abs,0.012225,0.712675,0.009540920640413364,1.0925397209945136,23.062499999999996,24.999999999999996,1.0606601717798212,10.25,1.0,True
barabasi_albert,40,iid,0.3,1.5,fiedler,euclidean,0.01035,0.520425,0.009158011065000249,5.710774313959343,3.255421719227491,25.000000000000004,0.6991520093238968,1.4468540974344404,1.5,False
barabasi_albert,40,iid,0.3,1.5,fiedler,laplacian,0.010324999999999999,0.026625,0.0027584717991429005,36.26721321667924,3.255421719227491,25.000000000000004,0.6991520093238968,1.4468540974344404,4.0,False
barabasi_albert,40,iid,0.3,1.5,fiedler,mahalanobis,0.01035,0.520425,0.009158011065000249,63.45304793288158,3.255421719227491,25.000000000000004,0.6991520093238968,1.4468540974344404,1.5,False
barabasi_albert,40,iid,0.3,1.5,fiedler,max_abs,0.012225,0.25222500000000003,0.16154752396740718,1.0925397209945136,3.255421719227491,25.000000000000004,0.6991520093238968,1.4468540974344404,3.0,False
barabasi_albert,40,iid,0.3,1.5,high_frequency,euclidean,0.01035,0.519775,0.007369475331844653,5.710774313959343,46.63708214368029,25.0,1.4297518974346866,20.72759206385791,3.5,False
barabasi_albert,40,iid,0.3,1.5,high_frequency,laplacian,0.010324999999999999,0.9616,0.004557045826702492,36.26721321667924,46.63708214368029,25.0,1.4297518974346866,20.72759206385791,1.0,True
barabasi_albert,40,iid,0.3,1.5,high_frequency,mahalanobis,0.01035,0.519775,0.007369475331844653,63.45304793288158,46.63708214368029,25.0,1.4297518974346866,20.72759206385791,3.5,False
barabasi_albert,40,iid,0.3,1.5,high_frequency,max_abs,0.012225,0.8712,0.016705089044958744,1.0925397209945136,46.63708214368029,25.0,1.4297518974346866,20.72759206385791,2.0,False
barabasi_albert,40,iid,0.3,1.5,point,euclidean,0.01035,0.518125,0.007656097787602596,5.710774313959343,9.5625,24.999999999999996,1.5,4.25,2.5,False
barabasi_albert,40,iid,0.3,1.5,point,laplacian,0.010324999999999999,0.17415,0.10765669200441436,36.26721321667924,9.5625,24.999999999999996,1.5,4.25,4.0,False
barabasi_albert,40,iid,0.3,1.5,point,mahalanobis,0.01035,0.518125,0.007656097787602596,63.45304793288158,9.5625,24.999999999999996,1.5,4.25,2.5,False
barabasi_albert,40,iid,0.3,1.5,point,max_abs,0.012225,0.913775,0.0023767975653527077,1.0925397209945136,9.5625,24.999999999999996,1.5,4.25,1.0,True
barabasi_albert,40,iid,0.3,3.0,cluster,euclidean,0.01035,1.0,0.0,5.710774313959343,47.81249999999999,99.99999999999997,1.0606601717798212,5.312500000000001,1.5,False
barabasi_albert,40,iid,0.3,3.0,cluster,laplacian,0.010324999999999999,0.988325,0.01341426479535868,36.26721321667924,47.81249999999999,99.99999999999997,1.0606601717798212,5.312500000000001,4.0,False
barabasi_albert,40,iid,0.3,3.0,cluster,mahalanobis,0.01035,1.0,0.0,63.45304793288158,47.81249999999999,99.99999999999997,1.0606601717798212,5.312500000000001,1.5,False
barabasi_albert,40,iid,0.3,3.0,cluster,max_abs,0.012225,0.992525,0.0004645786621588688,1.0925397209945136,47.81249999999999,99.99999999999997,1.0606601717798212,5.312500000000001,3.0,False
barabasi_albert,40,iid,0.3,3.0,constant,euclidean,0.01035,1.0,0.0,5.710774313959343,-3.028093866647404e-16,100.0,0.4743416490252569,-3.364548740719339e-17,1.5,False
barabasi_albert,40,iid,0.3,3.0,constant,laplacian,0.010324999999999999,0.0093,0.001202774570177915,36.26721321667924,-3.028093866647404e-16,100.0,0.4743416490252569,-3.364548740719339e-17,4.0,False
barabasi_albert,40,iid,0.3,3.0,constant,mahalanobis,0.01035,1.0,0.0,63.45304793288158,-3.028093866647404e-16,100.0,0.4743416490252569,-3.364548740719339e-17,1.5,False
barabasi_albert,40,iid,0.3,3.0,constant,max_abs,0.012225,0.547125,0.018756398908105935,1.0925397209945136,-3.028093866647404e-16,100.0,0.4743416490252569,-3.364548740719339e-17,3.0,False
barabasi_albert,40,iid,0.3,3.0,edge_bipolar,euclidean,0.01035,1.0,0.0,5.710774313959343,59.624999999999986,99.99999999999999,2.1213203435596424,6.625,2.0,False
barabasi_albert,40,iid,0.3,3.0,edge_bipolar,laplacian,0.010324999999999999,0.9995,0.0005830951894845456,36.26721321667924,59.624999999999986,99.99999999999999,2.1213203435596424,6.625,4.0,False
barabasi_albert,40,iid,0.3,3.0,edge_bipolar,mahalanobis,0.01035,1.0,0.0,63.45304793288158,59.624999999999986,99.99999999999999,2.1213203435596424,6.625,2.0,False
barabasi_albert,40,iid,0.3,3.0,edge_bipolar,max_abs,0.012225,1.0,0.0,1.0925397209945136,59.624999999999986,99.99999999999999,2.1213203435596424,6.625,2.0,False
barabasi_albert,40,iid,0.3,3.0,fiedler,euclidean,0.01035,1.0,0.0,5.710774313959343,13.021686876909964,100.00000000000001,1.3983040186477935,1.4468540974344404,1.5,False
barabasi_albert,40,iid,0.3,3.0,fiedler,laplacian,0.010324999999999999,0.275225,0.05584313595540041,36.26721321667924,13.021686876909964,100.00000000000001,1.3983040186477935,1.4468540974344404,4.0,False
barabasi_albert,40,iid,0.3,3.0,fiedler,mahalanobis,0.01035,1.0,0.0,63.45304793288158,13.021686876909964,100.00000000000001,1.3983040186477935,1.4468540974344404,1.5,False
barabasi_albert,40,iid,0.3,3.0,fiedler,max_abs,0.012225,0.96245,0.03179785108043205,1.0925397209945136,13.021686876909964,100.00000000000001,1.3983040186477935,1.4468540974344404,3.0,False
barabasi_albert,40,iid,0.3,3.0,high_frequency,euclidean,0.01035,0.9999750000000001,5.000000000001299e-05,5.710774313959343,186.54832857472115,100.0,2.859503794869373,20.72759206385791,3.5,False
barabasi_albert,40,iid,0.3,3.0,high_frequency,laplacian,0.010324999999999999,1.0,0.0,36.26721321667924,186.54832857472115,100.0,2.859503794869373,20.72759206385791,1.5,False
barabasi_albert,40,iid,0.3,3.0,high_frequency,mahalanobis,0.01035,0.9999750000000001,5.000000000001299e-05,63.45304793288158,186.54832857472115,100.0,2.859503794869373,20.72759206385791,3.5,False
barabasi_albert,40,iid,0.3,3.0,high_frequency,max_abs,0.012225,1.0,0.0,1.0925397209945136,186.54832857472115,100.0,2.859503794869373,20.72759206385791,1.5,False
barabasi_albert,40,iid,0.3,3.0,point,euclidean,0.01035,0.9999750000000001,4.999999999998833e-05,5.710774313959343,63.0,99.99999999999999,3.0,7.0,2.5,False
barabasi_albert,40,iid,0.3,3.0,point,laplacian,0.010324999999999999,0.9972,0.005207686626516622,36.26721321667924,63.0,99.99999999999999,3.0,7.0,4.0,False
barabasi_albert,40,iid,0.3,3.0,point,mahalanobis,0.01035,0.9999750000000001,4.999999999998833e-05,63.45304793288158,63.0,99.99999999999999,3.0,7.0,2.5,False
barabasi_albert,40,iid,0.3,3.0,point,max_abs,0.012225,1.0,0.0,1.0925397209945136,63.0,99.99999999999999,3.0,7.0,1.0,True
barabasi_albert,60,correlated,0.15,0.75,cluster,euclidean,0.011275,0.3278,0.008618971322998274,2.060492499393667,3.234375,20.98387414114317,0.21650635094610968,5.749999999999999,1.0,True
barabasi_albert,60,correlated,0.15,0.75,cluster,laplacian,0.01035,0.301975,0.10980942203047364,10.832937238912317,3.234375,20.98387414114317,0.21650635094610968,5.749999999999999,2.0,False
barabasi_albert,60,correlated,0.15,0.75,cluster,mahalanobis,0.01095,0.291625,0.027724883528459882,88.34528404371291,3.234375,20.98387414114317,0.21650635094610968,5.749999999999999,3.0,False
barabasi_albert,60,correlated,0.15,0.75,cluster,max_abs,0.0107,0.125475,0.013011885592283182,0.563107188082817,3.234375,20.98387414114317,0.21650635094610968,5.749999999999999,4.0,False
barabasi_albert,60,correlated,0.15,0.75,constant,euclidean,0.011275,0.3322,0.00858292879305581,2.060492499393667,4.03113307963993e-17,10.951697800484796,0.09682458365518543,7.16645880824876e-17,1.0,True
barabasi_albert,60,correlated,0.15,0.75,constant,laplacian,0.01035,0.009675,0.0008180260794538679,10.832937238912317,4.03113307963993e-17,10.951697800484796,0.09682458365518543,7.16645880824876e-17,4.0,False
barabasi_albert,60,correlated,0.15,0.75,constant,mahalanobis,0.01095,0.09235,0.003478026260203719,88.34528404371291,4.03113307963993e-17,10.951697800484796,0.09682458365518543,7.16645880824876e-17,2.0,False
barabasi_albert,60,correlated,0.15,0.75,constant,max_abs,0.0107,0.053575,0.0032221886971436024,0.563107188082817,4.03113307963993e-17,10.951697800484796,0.09682458365518543,7.16645880824876e-17,3.0,False
barabasi_albert,60,correlated,0.15,0.75,edge_bipolar,euclidean,0.011275,0.313625,0.008206653804484907,2.060492499393667,5.906249999999999,32.30696463454025,0.5303300858899106,10.5,4.0,False
barabasi_albert,60,correlated,0.15,0.75,edge_bipolar,laplacian,0.01035,0.632525,0.22907322519229523,10.832937238912317,5.906249999999999,32.30696463454025,0.5303300858899106,10.5,2.0,False
barabasi_albert,60,correlated,0.15,0.75,edge_bipolar,mahalanobis,0.01095,0.580875,0.05110397081767062,88.34528404371291,5.906249999999999,32.30696463454025,0.5303300858899106,10.5,3.0,False
barabasi_albert,60,correlated,0.15,0.75,edge_bipolar,max_abs,0.0107,0.685725,0.013323006417472022,0.563107188082817,5.906249999999999,32.30696463454025,0.5303300858899106,10.5,1.0,True
barabasi_albert,60,correlated,0.15,0.75,fiedler,euclidean,0.011275,0.327075,0.009351425916226171,2.060492499393667,0.8115531849792307,16.250141185836036,0.2716538381802189,1.4427612177408542,1.0,True
barabasi_albert,60,correlated,0.15,0.75,fiedler,laplacian,0.01035,0.027525,0.0026348624252510787,10.832937238912317,0.8115531849792307,16.250141185836036,0.2716538381802189,1.4427612177408542,4.0,False
barabasi_albert,60,correlated,0.15,0.75,fiedler,mahalanobis,0.01095,0.182525,0.0077907530658681105,88.34528404371291,0.8115531849792307,16.250141185836036,0.2716538381802189,1.4427612177408542,2.0,False
barabasi_albert,60,correlated,0.15,0.75,fiedler,max_abs,0.0107,0.09745,0.009904376137176266,0.563107188082817,0.8115531849792307,16.250141185836036,0.2716538381802189,1.4427612177408542,3.0,False
barabasi_albert,60,correlated,0.15,0.75,high_frequency,euclidean,0.011275,0.314175,0.011778051621554396,2.060492499393667,12.561952392107266,34.83193745328204,0.6287012560948968,22.332359808190695,4.0,False
barabasi_albert,60,correlated,0.15,0.75,high_frequency,laplacian,0.01035,0.976975,0.0038767469180572976,10.832937238912317,12.561952392107266,34.83193745328204,0.6287012560948968,22.332359808190695,1.0,True
barabasi_albert,60,correlated,0.15,0.75,high_frequency,mahalanobis,0.01095,0.6380750000000001,0.03200024739487702,88.34528404371291,12.561952392107266,34.83193745328204,0.6287012560948968,22.332359808190695,3.0,False
barabasi_albert,60,correlated,0.15,0.75,high_frequency,max_abs,0.0107,0.697975,0.16849598165337157,0.563107188082817,12.561952392107266,34.83193745328204,0.6287012560948968,22.332359808190695,2.0,False
barabasi_albert,60,correlated,0.15,0.75,point,euclidean,0.011275,0.31485,0.015253087119224972,2.060492499393667,2.109375,28.542173318738385,0.75,3.75,3.0,False
barabasi_albert,60,correlated,0.15,0.75,point,laplacian,0.01035,0.125975,0.08859184970037218,10.832937238912317,2.109375,28.542173318738385,0.75,3.75,4.0,False
barabasi_albert,60,correlated,0.15,0.75,point,mahalanobis,0.01095,0.48360000000000003,0.011901540516532605,88.34528404371291,2.109375,28.542173318738385,0.75,3.75,2.0,False
barabasi_albert,60,correlated,0.15,0.75,point,max_abs,0.0107,0.89625,0.004840454524112401,0.563107188082817,2.109375,28.542173318738385,0.75,3.75,1.0,True
barabasi_albert,60,correlated,0.15,1.5,cluster,euclidean,0.011275,0.9982,0.00035590260840109286,2.060492499393667,14.062500000000002,84.48531688544325,0.43301270189221935,6.25,2.0,False
barabasi_albert,60,correlated,0.15,1.5,cluster,laplacian,0.01035,0.9988,0.0008755950357709625,10.832937238912317,14.062500000000002,84.48531688544325,0.43301270189221935,6.25,1.0,True
barabasi_albert,60,correlated,0.15,1.5,cluster,mahalanobis,0.01095,0.9981500000000001,0.0013699148392023084,88.34528404371291,14.062500000000002,84.48531688544325,0.43301270189221935,6.25,3.0,False
barabasi_albert,60,correlated,0.15,1.5,cluster,max_abs,0.0107,0.891725,0.005205365821278455,0.563107188082817,14.062500000000002,84.48531688544325,0.43301270189221935,6.25,4.0,False
barabasi_albert,60,correlated,0.15,1.5,constant,euclidean,0.011275,0.9876750000000001,0.0012763881332363669,2.060492499393667,1.612453231855972e-16,43.806791201939184,0.19364916731037085,7.16645880824876e-17,1.0,True
barabasi_albert,60,correlated,0.15,1.5,constant,laplacian,0.01035,0.010475,0.0014637281168304438,10.832937238912317,1.612453231855972e-16,43.806791201939184,0.19364916731037085,7.16645880824876e-17,4.0,False
barabasi_albert,60,correlated,0.15,1.5,constant,mahalanobis,0.01095,0.813925,0.01613451269794041,88.34528404371291,1.612453231855972e-16,43.806791201939184,0.19364916731037085,7.16645880824876e-17,2.0,False
barabasi_albert,60,correlated,0.15,1.5,constant,max_abs,0.0107,0.3216,0.017923169362587636,0.563107188082817,1.612453231855972e-16,43.806791201939184,0.19364916731037085,7.16645880824876e-17,3.0,False
barabasi_albert,60,correlated,0.15,1.5,edge_bipolar,euclidean,0.011275,0.9999,8.164965809276361e-05,2.060492499393667,13.218749999999996,137.87252324929008,1.0606601717798212,5.875,3.0,False
barabasi_albert,60,correlated,0.15,1.5,edge_bipolar,laplacian,0.01035,0.999225,0.0011842719282326851,10.832937238912317,13.218749999999996,137.87252324929008,1.0606601717798212,5.875,4.0,False
barabasi_albert,60,correlated,0.15,1.5,edge_bipolar,mahalanobis,0.01095,1.0,0.0,88.34528404371291,13.218749999999996,137.87252324929008,1.0606601717798212,5.875,1.5,False
barabasi_albert,60,correlated,0.15,1.5,edge_bipolar,max_abs,0.0107,1.0,0.0,0.563107188082817,13.218749999999996,137.87252324929008,1.0606601717798212,5.875,1.5,False
barabasi_albert,60,correlated,0.15,1.5,fiedler,euclidean,0.011275,0.997525,0.00026299556396769093,2.060492499393667,3.2462127399169227,65.00056474334414,0.5433076763604378,1.4427612177408542,1.0,True
barabasi_albert,60,correlated,0.15,1.5,fiedler,laplacian,0.01035,0.25835,0.039068358893952375,10.832937238912317,3.2462127399169227,65.00056474334414,0.5433076763604378,1.4427612177408542,4.0,False
barabasi_albert,60,correlated,0.15,1.5,fiedler,mahalanobis,0.01095,0.97835,0.003869108424430621,88.34528404371291,3.2462127399169227,65.00056474334414,0.5433076763604378,1.4427612177408542,2.0,False
barabasi_albert,60,correlated,0.15,1.5,fiedler,max_abs,0.0107,0.783475,0.046114450012983976,0.563107188082817,3.2462127399169227,65.00056474334414,0.5433076763604378,1.4427612177408542,3.0,False
barabasi_albert,60,correlated,0.15,1.5,high_frequency,euclidean,0.011275,0.999925,9.574271077562005e-05,2.060492499393667,50.24780956842906,139.32774981312815,1.2574025121897936,22.332359808190695,4.0,False
barabasi_albert,60,correlated,0.15,1.5,high_frequency,laplacian,0.01035,1.0,0.0,10.832937238912317,50.24780956842906,139.32774981312815,1.2574025121897936,22.332359808190695,1.5,False
barabasi_albert,60,correlated,0.15,1.5,high_frequency,mahalanobis,0.01095,1.0,0.0,88.34528404371291,50.24780956842906,139.32774981312815,1.2574025121897936,22.332359808190695,1.5,False
barabasi_albert,60,correlated,0.15,1.5,high_frequency,max_abs,0.0107,0.9999750000000001,4.999999999998833e-05,0.563107188082817,50.24780956842906,139.32774981312815,1.2574025121897936,22.332359808190695,3.0,False
barabasi_albert,60,correlated,0.15,1.5,point,euclidean,0.011275,0.99975,0.00017320508075686865,2.060492499393667,9.5625,114.686240523304,1.5,4.25,3.0,False
barabasi_albert,60,correlated,0.15,1.5,point,laplacian,0.01035,0.97125,0.04545477606002109,10.832937238912317,9.5625,114.686240523304,1.5,4.25,4.0,False
barabasi_albert,60,correlated,0.15,1.5,point,mahalanobis,0.01095,1.0,0.0,88.34528404371291,9.5625,114.686240523304,1.5,4.25,1.5,False
barabasi_albert,60,correlated,0.15,1.5,point,max_abs,0.0107,1.0,0.0,0.563107188082817,9.5625,114.686240523304,1.5,4.25,1.5,False
barabasi_albert,60,correlated,0.15,3.0,cluster,euclidean,0.011275,1.0,0.0,2.060492499393667,50.4375,331.7017036482287,0.8660254037844387,5.604166666666666,2.5,False
barabasi_albert,60,correlated,0.15,3.0,cluster,laplacian,0.01035,1.0,0.0,10.832937238912317,50.4375,331.7017036482287,0.8660254037844387,5.604166666666666,2.5,False
barabasi_albert,60,correlated,0.15,3.0,cluster,mahalanobis,0.01095,1.0,0.0,88.34528404371291,50.4375,331.7017036482287,0.8660254037844387,5.604166666666666,2.5,False
barabasi_albert,60,correlated,0.15,3.0,cluster,max_abs,0.0107,1.0,0.0,0.563107188082817,50.4375,331.7017036482287,0.8660254037844387,5.604166666666666,2.5,False
barabasi_albert,60,correlated,0.15,3.0,constant,euclidean,0.011275,1.0,0.0,2.060492499393667,6.449812927423888e-16,175.22716480775674,0.3872983346207417,7.16645880824876e-17,1.5,False
barabasi_albert,60,correlated,0.15,3.0,constant,laplacian,0.01035,0.010624999999999999,0.0006994045086119094,10.832937238912317,6.449812927423888e-16,175.22716480775674,0.3872983346207417,7.16645880824876e-17,4.0,False
barabasi_albert,60,correlated,0.15,3.0,constant,mahalanobis,0.01095,1.0,0.0,88.34528404371291,6.449812927423888e-16,175.22716480775674,0.3872983346207417,7.16645880824876e-17,1.5,False
barabasi_albert,60,correlated,0.15,3.0,constant,max_abs,0.0107,0.99665,0.0007047458170621806,0.563107188082817,6.449812927423888e-16,175.22716480775674,0.3872983346207417,7.16645880824876e-17,3.0,False
barabasi_albert,60,correlated,0.15,3.0,edge_bipolar,euclidean,0.011275,1.0,0.0,2.060492499393667,79.87499999999999,527.0259287058079,2.1213203435596424,8.875,2.5,False
barabasi_albert,60,correlated,0.15,3.0,edge_bipolar,laplacian,0.01035,1.0,0.0,10.832937238912317,79.87499999999999,527.0259287058079,2.1213203435596424,8.875,2.5,False
barabasi_albert,60,correlated,0.15,3.0,edge_bipolar,mahalanobis,0.01095,1.0,0.0,88.34528404371291,79.87499999999999,527.0259287058079,2.1213203435596424,8.875,2.5,False
barabasi_albert,60,correlated,0.15,3.0,edge_bipolar,max_abs,0.0107,1.0,0.0,0.563107188082817,79.87499999999999,527.0259287058079,2.1213203435596424,8.875,2.5,False
barabasi_albert,60,correlated,0.15,3.0,fiedler,euclidean,0.011275,1.0,0.0,2.060492499393667,12.98485095966769,260.00225897337657,1.0866153527208755,1.4427612177408542,2.5,False
barabasi_albert,60,correlated,0.15,3.0,fiedler,laplacian,0.01035,1.0,0.0,10.832937238912317,12.98485095966769,260.00225897337657,1.0866153527208755,1.4427612177408542,2.5,False
barabasi_albert,60,correlated,0.15,3.0,fiedler,mahalanobis,0.01095,1.0,0.0,88.34528404371291,12.98485095966769,260.00225897337657,1.0866153527208755,1.4427612177408542,2.5,False
barabasi_albert,60,correlated,0.15,3.0,fiedler,max_abs,0.0107,1.0,0.0,0.563107188082817,12.98485095966769,260.00225897337657,1.0866153527208755,1.4427612177408542,2.5,False
barabasi_albert,60,correlated,0.15,3.0,high_frequency,euclidean,0.011275,1.0,0.0,2.060492499393667,200.99123827371625,557.3109992525126,2.514805024379587,22.332359808190695,2.5,False
barabasi_albert,60,correlated,0.15,3.0,high_frequency,laplacian,0.01035,1.0,0.0,10.832937238912317,200.99123827371625,557.3109992525126,2.514805024379587,22.332359808190695,2.5,False
barabasi_albert,60,correlated,0.15,3.0,high_frequency,mahalanobis,0.01095,1.0,0.0,88.34528404371291,200.99123827371625,557.3109992525126,2.514805024379587,22.332359808190695,2.5,False
barabasi_albert,60,correlated,0.15,3.0,high_frequency,max_abs,0.0107,1.0,0.0,0.563107188082817,200.99123827371625,557.3109992525126,2.514805024379587,22.332359808190695,2.5,False
barabasi_albert,60,correlated,0.15,3.0,point,euclidean,0.011275,1.0,0.0,2.060492499393667,81.0,462.6464971991782,3.0,9.0,2.5,False
barabasi_albert,60,correlated,0.15,3.0,point,laplacian,0.01035,1.0,0.0,10.832937238912317,81.0,462.6464971991782,3.0,9.0,2.5,False
barabasi_albert,60,correlated,0.15,3.0,point,mahalanobis,0.01095,1.0,0.0,88.34528404371291,81.0,462.6464971991782,3.0,9.0,2.5,False
barabasi_albert,60,correlated,0.15,3.0,point,max_abs,0.0107,1.0,0.0,0.563107188082817,81.0,462.6464971991782,3.0,9.0,2.5,False
barabasi_albert,60,correlated,0.3,0.75,cluster,euclidean,0.00975,0.040275,0.0031415229852201705,8.28261592030328,3.52734375,4.940580799610229,0.21650635094610968,6.270833333333332,2.0,False
barabasi_albert,60,correlated,0.3,0.75,cluster,laplacian,0.00965,0.0423,0.005378351668184841,43.76531908138448,3.52734375,4.940580799610229,0.21650635094610968,6.270833333333332,1.0,True
barabasi_albert,60,correlated,0.3,0.75,cluster,mahalanobis,0.009725000000000001,0.032325,0.0008421203397773168,88.41541229836903,3.52734375,4.940580799610229,0.21650635094610968,6.270833333333332,3.0,False
barabasi_albert,60,correlated,0.3,0.75,cluster,max_abs,0.009275,0.021025000000000002,0.0020838665984174685,1.1309867904275313,3.52734375,4.940580799610229,0.21650635094610968,6.270833333333332,4.0,False
barabasi_albert,60,correlated,0.3,0.75,constant,euclidean,0.00975,0.051250000000000004,0.005615751656427358,8.28261592030328,2.4186798477839578e-17,2.734225886772604,0.09682458365518543,4.299875284949256e-17,1.0,True
barabasi_albert,60,correlated,0.3,0.75,constant,laplacian,0.00965,0.00895,0.0008660254037844379,43.76531908138448,2.4186798477839578e-17,2.734225886772604,0.09682458365518543,4.299875284949256e-17,4.0,False
barabasi_albert,60,correlated,0.3,0.75,constant,mahalanobis,0.009725000000000001,0.0191,0.0017048949136725896,88.41541229836903,2.4186798477839578e-17,2.734225886772604,0.09682458365518543,4.299875284949256e-17,3.0,False
barabasi_albert,60,correlated,0.3,0.75,constant,max_abs,0.009275,0.019200000000000002,0.0018312108926427147,1.1309867904275313,2.4186798477839578e-17,2.734225886772604,0.09682458365518543,4.299875284949256e-17,2.0,False
barabasi_albert,60,correlated,0.3,0.75,edge_bipolar,euclidean,0.00975,0.033025,0.0033029027637317262,8.28261592030328,4.148437499999999,8.377578195889974,0.5303300858899106,7.375,4.0,False
barabasi_albert,60,correlated,0.3,0.75,edge_bipolar,laplacian,0.00965,0.046425,0.029994374472557348,43.76531908138448,4.148437499999999,8.377578195889974,0.5303300858899106,7.375,3.0,False
barabasi_albert,60,correlated,0.3,0.75,edge_bipolar,mahalanobis,0.009725000000000001,0.06185,0.005222068555658761,88.41541229836903,4.148437499999999,8.377578195889974,0.5303300858899106,7.375,1.0,True
barabasi_albert,60,correlated,0.3,0.75,edge_bipolar,max_abs,0.009275,0.0579,0.004400757510550505,1.1309867904275313,4.148437499999999,8.377578195889974,0.5303300858899106,7.375,2.0,False
barabasi_albert,60,correlated,0.3,0.75,fiedler,euclidean,0.00975,0.03925,0.0028053520278211092,8.28261592030328,0.7143475592248353,4.592543560518028,0.4549659802801226,1.269951216399707,2.0,False
barabasi_albert,60,correlated,0.3,0.75,fiedler,laplacian,0.00965,0.01205,0.001150362261782493,43.76531908138448,0.7143475592248353,4.592543560518028,0.4549659802801226,1.269951216399707,4.0,False
barabasi_albert,60,correlated,0.3,0.75,fiedler,mahalanobis,0.009725000000000001,0.031775,0.009544762961959824,88.41541229836903,0.7143475592248353,4.592543560518028,0.4549659802801226,1.269951216399707,3.0,False
barabasi_albert,60,correlated,0.3,0.75,fiedler,max_abs,0.009275,0.042975,0.0375410331060117,1.1309867904275313,0.7143475592248353,4.592543560518028,0.4549659802801226,1.269951216399707,1.0,True
barabasi_albert,60,correlated,0.3,0.75,high_frequency,euclidean,0.00975,0.032125,0.003652738698565776,8.28261592030328,12.503254101274987,8.668819306463908,0.6029839158109946,22.228007291155528,4.0,False
barabasi_albert,60,correlated,0.3,0.75,high_frequency,laplacian,0.00965,0.28705,0.016397255867979868,43.76531908138448,12.503254101274987,8.668819306463908,0.6029839158109946,22.228007291155528,1.0,True
barabasi_albert,60,correlated,0.3,0.75,high_frequency,mahalanobis,0.009725000000000001,0.063125,0.003835253142449227,88.41541229836903,12.503254101274987,8.668819306463908,0.6029839158109946,22.228007291155528,3.0,False
barabasi_albert,60,correlated,0.3,0.75,high_frequency,max_abs,0.009275,0.06565,0.023446463841412565,1.1309867904275313,12.503254101274987,8.668819306463908,0.6029839158109946,22.228007291155528,2.0,False
barabasi_albert,60,correlated,0.3,0.75,point,euclidean,0.00975,0.03295,0.0017310882896798383,8.28261592030328,2.25,7.223109184627555,0.75,4.0,3.0,False
barabasi_albert,60,correlated,0.3,0.75,point,laplacian,0.00965,0.020325,0.007956705767254855,43.76531908138448,2.25,7.223109184627555,0.75,4.0,4.0,False
barabasi_albert,60,correlated,0.3,0.75,point,mahalanobis,0.009725000000000001,0.048825,0.003780983117303397,88.41541229836903,2.25,7.223109184627555,0.75,4.0,2.0,False
barabasi_albert,60,correlated,0.3,0.75,point,max_abs,0.009275,0.1115,0.002949576240750522,1.1309867904275313,2.25,7.223109184627555,0.75,4.0,1.0,True
barabasi_albert,60,correlated,0.3,1.5,cluster,euclidean,0.00975,0.312675,0.015067487072059058,8.28261592030328,12.890625,19.36417958520563,0.43301270189221935,5.729166666666666,1.0,True
barabasi_albert,60,correlated,0.3,1.5,cluster,laplacian,0.00965,0.285875,0.08960034877164261,43.76531908138448,12.890625,19.36417958520563,0.43301270189221935,5.729166666666666,2.0,False
barabasi_albert,60,correlated,0.3,1.5,cluster,mahalanobis,0.009725000000000001,0.247375,0.03532660706417566,88.41541229836903,12.890625,19.36417958520563,0.43301270189221935,5.729166666666666,3.0,False
barabasi_albert,60,correlated,0.3,1.5,cluster,max_abs,0.009275,0.119275,0.007182559896490021,1.1309867904275313,12.890625,19.36417958520563,0.43301270189221935,5.729166666666666,4.0,False
barabasi_albert,60,correlated,0.3,1.5,constant,euclidean,0.00975,0.328125,0.00973357591021922,8.28261592030328,9.674719391135831e-17,10.936903547090417,0.19364916731037085,4.299875284949256e-17,1.0,True
barabasi_albert,60,correlated,0.3,1.5,constant,laplacian,0.00965,0.0091,0.0013038404810405302,43.76531908138448,9.674719391135831e-17,10.936903547090417,0.19364916731037085,4.299875284949256e-17,4.0,False
barabasi_albert,60,correlated,0.3,1.5,constant,mahalanobis,0.009725000000000001,0.09035,0.0027147743920996423,88.41541229836903,9.674719391135831e-17,10.936903547090417,0.19364916731037085,4.299875284949256e-17,2.0,False
barabasi_albert,60,correlated,0.3,1.5,constant,max_abs,0.009275,0.051750000000000004,0.001427118308573842,1.1309867904275313,9.674719391135831e-17,10.936903547090417,0.19364916731037085,4.299875284949256e-17,3.0,False
barabasi_albert,60,correlated,0.3,1.5,edge_bipolar,euclidean,0.00975,0.304125,0.011544804026054309,8.28261592030328,25.031249999999996,32.053368645627764,1.0606601717798212,11.125,4.0,False
barabasi_albert,60,correlated,0.3,1.5,edge_bipolar,laplacian,0.00965,0.67165,0.2181507506290088,43.76531908138448,25.031249999999996,32.053368645627764,1.0606601717798212,11.125,2.0,False
barabasi_albert,60,correlated,0.3,1.5,edge_bipolar,mahalanobis,0.009725000000000001,0.5710500000000001,0.040660259058036864,88.41541229836903,25.031249999999996,32.053368645627764,1.0606601717798212,11.125,3.0,False
barabasi_albert,60,correlated,0.3,1.5,edge_bipolar,max_abs,0.009275,0.67725,0.005714601181768195,1.1309867904275313,25.031249999999996,32.053368645627764,1.0606601717798212,11.125,1.0,True
barabasi_albert,60,correlated,0.3,1.5,fiedler,euclidean,0.00975,0.317625,0.0066344429557675276,8.28261592030328,2.857390236899341,18.37017424207211,0.9099319605602452,1.269951216399707,2.0,False
barabasi_albert,60,correlated,0.3,1.5,fiedler,laplacian,0.00965,0.021675,0.004519126021699328,43.76531908138448,2.857390236899341,18.37017424207211,0.9099319605602452,1.269951216399707,4.0,False
barabasi_albert,60,correlated,0.3,1.5,fiedler,mahalanobis,0.009725000000000001,0.23520000000000002,0.13309953668839972,88.41541229836903,2.857390236899341,18.37017424207211,0.9099319605602452,1.269951216399707,3.0,False
barabasi_albert,60,correlated,0.3,1.5,fiedler,max_abs,0.009275,0.360075,0.3589124812076987,1.1309867904275313,2.857390236899341,18.37017424207211,0.9099319605602452,1.269951216399707,1.0,True
barabasi_albert,60,correlated,0.3,1.5,high_frequency,euclidean,0.00975,0.299225,0.012730377056474014,8.28261592030328,50.01301640509995,34.67527722585563,1.2059678316219893,22.228007291155528,4.0,False
barabasi_albert,60,correlated,0.3,1.5,high_frequency,laplacian,0.00965,0.9735,0.0031283648551066762,43.76531908138448,50.01301640509995,34.67527722585563,1.2059678316219893,22.228007291155528,1.0,True
barabasi_albert,60,correlated,0.3,1.5,high_frequency,mahalanobis,0.009725000000000001,0.63305,0.021923123256811155,88.41541229836903,50.01301640509995,34.67527722585563,1.2059678316219893,22.228007291155528,3.0,False
barabasi_albert,60,correlated,0.3,1.5,high_frequency,max_abs,0.009275,0.673025,0.13122505794753273,1.1309867904275313,50.01301640509995,34.67527722585563,1.2059678316219893,22.228007291155528,2.0,False
barabasi_albert,60,correlated,0.3,1.5,point,euclidean,0.00975,0.3052,0.012468627296806447,8.28261592030328,10.125,28.8375246735842,1.5,4.5,3.0,False
barabasi_albert,60,correlated,0.3,1.5,point,laplacian,0.00965,0.162725,0.0967050627768095,43.76531908138448,10.125,28.8375246735842,1.5,4.5,4.0,False
barabasi_albert,60,correlated,0.3,1.5,point,mahalanobis,0.009725000000000001,0.486775,0.011915640981499893,88.41541229836903,10.125,28.8375246735842,1.5,4.5,2.0,False
barabasi_albert,60,correlated,0.3,1.5,point,max_abs,0.009275,0.8902,0.006178996682310121,1.1309867904275313,10.125,28.8375246735842,1.5,4.5,1.0,True
barabasi_albert,60,correlated,0.3,3.0,cluster,euclidean,0.00975,0.9973,0.0010708252269472744,8.28261592030328,56.8125,83.07393530334552,0.8660254037844387,6.312499999999999,1.0,True
barabasi_albert,60,correlated,0.3,3.0,cluster,laplacian,0.00965,0.99075,0.017567678655227403,43.76531908138448,56.8125,83.07393530334552,0.8660254037844387,6.312499999999999,3.0,False
barabasi_albert,60,correlated,0.3,3.0,cluster,mahalanobis,0.009725000000000001,0.9969250000000001,0.00370078820433341,88.41541229836903,56.8125,83.07393530334552,0.8660254037844387,6.312499999999999,2.0,False
barabasi_albert,60,correlated,0.3,3.0,cluster,max_abs,0.009275,0.88915,0.0137923892056453,1.1309867904275313,56.8125,83.07393530334552,0.8660254037844387,6.312499999999999,4.0,False
barabasi_albert,60,correlated,0.3,3.0,constant,euclidean,0.00975,0.987825,0.0009105858919765235,8.28261592030328,3.8698877564543325e-16,43.747614188361666,0.3872983346207417,4.299875284949256e-17,1.0,True
barabasi_albert,60,correlated,0.3,3.0,constant,laplacian,0.00965,0.0094,0.0016593171286204862,43.76531908138448,3.8698877564543325e-16,43.747614188361666,0.3872983346207417,4.299875284949256e-17,4.0,False
barabasi_albert,60,correlated,0.3,3.0,constant,mahalanobis,0.009725000000000001,0.81485,0.017962646427146147,88.41541229836903,3.8698877564543325e-16,43.747614188361666,0.3872983346207417,4.299875284949256e-17,2.0,False
barabasi_albert,60,correlated,0.3,3.0,constant,max_abs,0.009275,0.31655,0.01176931037345292,1.1309867904275313,3.8698877564543325e-16,43.747614188361666,0.3872983346207417,4.299875284949256e-17,3.0,False
barabasi_albert,60,correlated,0.3,3.0,edge_bipolar,euclidean,0.00975,0.999575,0.0004193248541802587,8.28261592030328,115.87499999999999,126.85196384352058,2.1213203435596424,12.875,4.0,False
barabasi_albert,60,correlated,0.3,3.0,edge_bipolar,laplacian,0.00965,0.99995,9.999999999998899e-05,43.76531908138448,115.87499999999999,126.85196384352058,2.1213203435596424,12.875,3.0,False
barabasi_albert,60,correlated,0.3,3.0,edge_bipolar,mahalanobis,0.009725000000000001,1.0,0.0,88.41541229836903,115.87499999999999,126.85196384352058,2.1213203435596424,12.875,1.5,False
barabasi_albert,60,correlated,0.3,3.0,edge_bipolar,max_abs,0.009275,1.0,0.0,1.1309867904275313,115.87499999999999,126.85196384352058,2.1213203435596424,12.875,1.5,False
barabasi_albert,60,correlated,0.3,3.0,fiedler,euclidean,0.00975,0.99775,0.0013988090172238174,8.28261592030328,11.429560947597365,73.48069696828844,1.8198639211204903,1.269951216399707,1.0,True
barabasi_albert,60,correlated,0.3,3.0,fiedler,laplacian,0.00965,0.187375,0.08076601492377017,43.76531908138448,11.429560947597365,73.48069696828844,1.8198639211204903,1.269951216399707,4.0,False
barabasi_albert,60,correlated,0.3,3.0,fiedler,mahalanobis,0.009725000000000001,0.977875,0.016382383831420887,88.41541229836903,11.429560947597365,73.48069696828844,1.8198639211204903,1.269951216399707,2.0,False
barabasi_albert,60,correlated,0.3,3.0,fiedler,max_abs,0.009275,0.9451,0.06075974544603254,1.1309867904275313,11.429560947597365,73.48069696828844,1.8198639211204903,1.269951216399707,3.0,False
barabasi_albert,60,correlated,0.3,3.0,high_frequency,euclidean,0.00975,0.999925,5.000000000001299e-05,8.28261592030328,200.0520656203998,138.70110890342252,2.4119356632439786,22.228007291155528,4.0,False
barabasi_albert,60,correlated,0.3,3.0,high_frequency,laplacian,0.00965,1.0,0.0,43.76531908138448,200.0520656203998,138.70110890342252,2.4119356632439786,22.228007291155528,2.0,False
barabasi_albert,60,correlated,0.3,3.0,high_frequency,mahalanobis,0.009725000000000001,1.0,0.0,88.41541229836903,200.0520656203998,138.70110890342252,2.4119356632439786,22.228007291155528,2.0,False
barabasi_albert,60,correlated,0.3,3.0,high_frequency,max_abs,0.009275,1.0,0.0,1.1309867904275313,200.0520656203998,138.70110890342252,2.4119356632439786,22.228007291155528,2.0,False
barabasi_albert,60,correlated,0.3,3.0,point,euclidean,0.00975,0.999625,0.00017078251276601513,8.28261592030328,47.25,116.13559398766725,3.0,5.25,3.0,False
barabasi_albert,60,correlated,0.3,3.0,point,laplacian,0.00965,0.968375,0.056841907955310605,43.76531908138448,47.25,116.13559398766725,3.0,5.25,4.0,False
barabasi_albert,60,correlated,0.3,3.0,point,mahalanobis,0.009725000000000001,0.9999750000000001,5.000000000001299e-05,88.41541229836903,47.25,116.13559398766725,3.0,5.25,2.0,False
barabasi_albert,60,correlated,0.3,3.0,point,max_abs,0.009275,1.0,0.0,1.1309867904275313,47.25,116.13559398766725,3.0,5.25,1.0,True
barabasi_albert,60,iid,0.15,0.75,cluster,euclidean,0.009075,0.3899,0.010893423092245435,1.9909994217420643,3.1054687500000004,25.0,0.21650635094610968,5.520833333333333,1.5,False
barabasi_albert,60,iid,0.15,0.75,cluster,laplacian,0.0087,0.19322499999999998,0.05442581342218659,12.967342983824347,3.1054687500000004,25.0,0.21650635094610968,5.520833333333333,3.0,False
barabasi_albert,60,iid,0.15,0.75,cluster,mahalanobis,0.009075,0.3899,0.010893423092245435,88.4888631885362,3.1054687500000004,25.0,0.21650635094610968,5.520833333333333,1.5,False
barabasi_albert,60,iid,0.15,0.75,cluster,max_abs,0.0099,0.116625,0.011641699475019395,0.5664535565658456,3.1054687500000004,25.0,0.21650635094610968,5.520833333333333,4.0,False
barabasi_albert,60,iid,0.15,0.75,constant,euclidean,0.009075,0.384075,0.011970066833564481,1.9909994217420643,4.03113307963993e-17,25.000000000000014,0.09682458365518543,7.16645880824876e-17,1.5,False
barabasi_albert,60,iid,0.15,0.75,constant,laplacian,0.0087,0.00815,0.002042057785666214,12.967342983824347,4.03113307963993e-17,25.000000000000014,0.09682458365518543,7.16645880824876e-17,4.0,False
barabasi_albert,60,iid,0.15,0.75,constant,mahalanobis,0.009075,0.384075,0.011970066833564481,88.4888631885362,4.03113307963993e-17,25.000000000000014,0.09682458365518543,7.16645880824876e-17,1.5,False
barabasi_albert,60,iid,0.15,0.75,constant,max_abs,0.0099,0.049875,0.005321888762460185,0.5664535565658456,4.03113307963993e-17,25.000000000000014,0.09682458365518543,7.16645880824876e-17,3.0,False
barabasi_albert,60,iid,0.15,0.75,edge_bipolar,euclidean,0.009075,0.384525,0.012202834370205418,1.9909994217420643,6.468749999999999,24.999999999999996,0.5303300858899106,11.5,3.5,False
barabasi_albert,60,iid,0.15,0.75,edge_bipolar,laplacian,0.0087,0.5551,0.16791392636308242,12.967342983824347,6.468749999999999,24.999999999999996,0.5303300858899106,11.5,2.0,False
barabasi_albert,60,iid,0.15,0.75,edge_bipolar,mahalanobis,0.009075,0.384525,0.012202834370205418,88.4888631885362,6.468749999999999,24.999999999999996,0.5303300858899106,11.5,3.5,False
barabasi_albert,60,iid,0.15,0.75,edge_bipolar,max_abs,0.0099,0.648675,0.01778676942748928,0.5664535565658456,6.468749999999999,24.999999999999996,0.5303300858899106,11.5,1.0,True
barabasi_albert,60,iid,0.15,0.75,fiedler,euclidean,0.009075,0.38987499999999997,0.012531127908798428,1.9909994217420643,0.6691485373593874,25.0,0.5557145823005727,1.1895973997500218,2.5,False
barabasi_albert,60,iid,0.15,0.75,fiedler,laplacian,0.0087,0.017375,0.0022246722605064042,12.967342983824347,0.6691485373593874,25.0,0.5557145823005727,1.1895973997500218,4.0,False
barabasi_albert,60,iid,0.15,0.75,fiedler,mahalanobis,0.009075,0.38987499999999997,0.012531127908798428,88.4888631885362,0.6691485373593874,25.0,0.5557145823005727,1.1895973997500218,2.5,False
barabasi_albert,60,iid,0.15,0.75,fiedler,max_abs,0.0099,0.5307999999999999,0.39151779014496896,0.5664535565658456,0.6691485373593874,25.0,0.5557145823005727,1.1895973997500218,1.0,True
barabasi_albert,60,iid,0.15,0.75,high_frequency,euclidean,0.009075,0.386075,0.0141730671815713,1.9909994217420643,13.98299343024943,25.0,0.6796089771485894,24.8586549871101,3.5,False
barabasi_albert,60,iid,0.15,0.75,high_frequency,laplacian,0.0087,0.9467,0.022695080230452302,12.967342983824347,13.98299343024943,25.0,0.6796089771485894,24.8586549871101,1.0,True
barabasi_albert,60,iid,0.15,0.75,high_frequency,mahalanobis,0.009075,0.386075,0.0141730671815713,88.4888631885362,13.98299343024943,25.0,0.6796089771485894,24.8586549871101,3.5,False
barabasi_albert,60,iid,0.15,0.75,high_frequency,max_abs,0.0099,0.7906,0.1328556359361544,0.5664535565658456,13.98299343024943,25.0,0.6796089771485894,24.8586549871101,2.0,False
barabasi_albert,60,iid,0.15,0.75,point,euclidean,0.009075,0.3861,0.009815973376763659,1.9909994217420643,3.375,24.999999999999996,0.75,6.0,2.5,False
barabasi_albert,60,iid,0.15,0.75,point,laplacian,0.0087,0.22859999999999997,0.19473686519677433,12.967342983824347,3.375,24.999999999999996,0.75,6.0,4.0,False
barabasi_albert,60,iid,0.15,0.75,point,mahalanobis,0.009075,0.3861,0.009815973376763659,88.4888631885362,3.375,24.999999999999996,0.75,6.0,2.5,False
barabasi_albert,60,iid,0.15,0.75,point,max_abs,0.0099,0.89005,0.009001666512374249,0.5664535565658456,3.375,24.999999999999996,0.75,6.0,1.0,True
barabasi_albert,60,iid,0.15,1.5,cluster,euclidean,0.009075,0.9998750000000001,5.000000000001299e-05,1.9909994217420643,12.75,100.0,0.43301270189221935,5.666666666666666,1.5,False
barabasi_albert,60,iid,0.15,1.5,cluster,laplacian,0.0087,0.970475,0.03860711290250369,12.967342983824347,12.75,100.0,0.43301270189221935,5.666666666666666,3.0,False
barabasi_albert,60,iid,0.15,1.5,cluster,mahalanobis,0.009075,0.9998750000000001,5.000000000001299e-05,88.4888631885362,12.75,100.0,0.43301270189221935,5.666666666666666,1.5,False
barabasi_albert,60,iid,0.15,1.5,cluster,max_abs,0.0099,0.917875,0.01005331620246107,0.5664535565658456,12.75,100.0,0.43301270189221935,5.666666666666666,4.0,False
barabasi_albert,60,iid,0.15,1.5,constant,euclidean,0.009075,0.999825,0.00014999999999999787,1.9909994217420643,1.612453231855972e-16,100.00000000000006,0.19364916731037085,7.16645880824876e-17,1.5,False
barabasi_albert,60,iid,0.15,1.5,constant,laplacian,0.0087,0.009475,0.0020902551678363738,12.967342983824347,1.612453231855972e-16,100.00000000000006,0.19364916731037085,7.16645880824876e-17,4.0,False
barabasi_albert,60,iid,0.15,1.5,constant,mahalanobis,0.009075,0.999825,0.00014999999999999787,88.4888631885362,1.612453231855972e-16,100.00000000000006,0.19364916731037085,7.16645880824876e-17,1.5,False
barabasi_albert,60,iid,0.15,1.5,constant,max_abs,0.0099,0.31995,0.02673730228226726,0.5664535565658456,1.612453231855972e-16,100.00000000000006,0.19364916731037085,7.16645880824876e-17,3.0,False
barabasi_albert,60,iid,0.15,1.5,edge_bipolar,euclidean,0.009075,0.999825,0.0001499999999999732,1.9909994217420643,28.406249999999996,99.99999999999999,1.0606601717798212,12.625,2.5,False
barabasi_albert,60,iid,0.15,1.5,edge_bipolar,laplacian,0.0087,0.99915,0.0016340134638367972,12.967342983824347,28.406249999999996,99.99999999999999,1.0606601717798212,12.625,4.0,False
barabasi_albert,60,iid,0.15,1.5,edge_bipolar,mahalanobis,0.009075,0.999825,0.0001499999999999732,88.4888631885362,28.406249999999996,99.99999999999999,1.0606601717798212,12.625,2.5,False
barabasi_albert,60,iid,0.15,1.5,edge_bipolar,max_abs,0.0099,1.0,0.0,0.5664535565658456,28.406249999999996,99.99999999999999,1.0606601717798212,12.625,1.0,True
barabasi_albert,60,iid,0.15,1.5,fiedler,euclidean,0.009075,0.999825,0.00017078251276598713,1.9909994217420643,2.6765941494375496,100.0,1.1114291646011454,1.1895973997500218,1.5,False
barabasi_albert,60,iid,0.15,1.5,fiedler,laplacian,0.0087,0.09595,0.0323353779422271,12.967342983824347,2.6765941494375496,100.0,1.1114291646011454,1.1895973997500218,4.0,False
barabasi_albert,60,iid,0.15,1.5,fiedler,mahalanobis,0.009075,0.999825,0.00017078251276598713,88.4888631885362,2.6765941494375496,100.0,1.1114291646011454,1.1895973997500218,1.5,False
barabasi_albert,60,iid,0.15,1.5,fiedler,max_abs,0.0099,0.9783,0.03950139238052248,0.5664535565658456,2.6765941494375496,100.0,1.1114291646011454,1.1895973997500218,3.0,False
barabasi_albert,60,iid,0.15,1.5,high_frequency,euclidean,0.009075,0.999725,0.00017078251276595824,1.9909994217420643,55.93197372099772,100.0,1.3592179542971787,24.8586549871101,3.5,False
barabasi_albert,60,iid,0.15,1.5,high_frequency,laplacian,0.0087,1.0,0.0,12.967342983824347,55.93197372099772,100.0,1.3592179542971787,24.8586549871101,1.5,False
barabasi_albert,60,iid,0.15,1.5,high_frequency,mahalanobis,0.009075,0.999725,0.00017078251276595824,88.4888631885362,55.93197372099772,100.0,1.3592179542971787,24.8586549871101,3.5,False
barabasi_albert,60,iid,0.15,1.5,high_frequency,max_abs,0.0099,1.0,0.0,0.5664535565658456,55.93197372099772,100.0,1.3592179542971787,24.8586549871101,1.5,False
barabasi_albert,60,iid,0.15,1.5,point,euclidean,0.009075,0.9998750000000001,0.00012583057392115304,1.9909994217420643,9.5625,99.99999999999999,1.5,4.25,2.5,False
barabasi_albert,60,iid,0.15,1.5,point,laplacian,0.0087,0.858725,0.15550010450157262,12.967342983824347,9.5625,99.99999999999999,1.5,4.25,4.0,False
barabasi_albert,60,iid,0.15,1.5,point,mahalanobis,0.009075,0.9998750000000001,0.00012583057392115304,88.4888631885362,9.5625,99.99999999999999,1.5,4.25,2.5,False
barabasi_albert,60,iid,0.15,1.5,point,max_abs,0.0099,1.0,0.0,0.5664535565658456,9.5625,99.99999999999999,1.5,4.25,1.0,True
barabasi_albert,60,iid,0.15,3.0,cluster,euclidean,0.009075,1.0,0.0,1.9909994217420643,51.37500000000001,400.0,0.8660254037844387,5.708333333333333,2.5,False
barabasi_albert,60,iid,0.15,3.0,cluster,laplacian,0.0087,1.0,0.0,12.967342983824347,51.37500000000001,400.0,0.8660254037844387,5.708333333333333,2.5,False
barabasi_albert,60,iid,0.15,3.0,cluster,mahalanobis,0.009075,1.0,0.0,88.4888631885362,51.37500000000001,400.0,0.8660254037844387,5.708333333333333,2.5,False
barabasi_albert,60,iid,0.15,3.0,cluster,max_abs,0.0099,1.0,0.0,0.5664535565658456,51.37500000000001,400.0,0.8660254037844387,5.708333333333333,2.5,False
barabasi_albert,60,iid,0.15,3.0,constant,euclidean,0.009075,1.0,0.0,1.9909994217420643,6.449812927423888e-16,400.0000000000002,0.3872983346207417,7.16645880824876e-17,1.5,False
barabasi_albert,60,iid,0.15,3.0,constant,laplacian,0.0087,0.01035,0.0018574175621006719,12.967342983824347,6.449812927423888e-16,400.0000000000002,0.3872983346207417,7.16645880824876e-17,4.0,False
barabasi_albert,60,iid,0.15,3.0,constant,mahalanobis,0.009075,1.0,0.0,88.4888631885362,6.449812927423888e-16,400.0000000000002,0.3872983346207417,7.16645880824876e-17,1.5,False
barabasi_albert,60,iid,0.15,3.0,constant,max_abs,0.0099,0.999325,0.00047871355387818135,0.5664535565658456,6.449812927423888e-16,400.0000000000002,0.3872983346207417,7.16645880824876e-17,3.0,False
barabasi_albert,60,iid,0.15,3.0,edge_bipolar,euclidean,0.009075,1.0,0.0,1.9909994217420643,107.99999999999997,399.99999999999994,2.1213203435596424,12.0,2.5,False
barabasi_albert,60,iid,0.15,3.0,edge_bipolar,laplacian,0.0087,1.0,0.0,12.967342983824347,107.99999999999997,399.99999999999994,2.1213203435596424,12.0,2.5,False
barabasi_albert,60,iid,0.15,3.0,edge_bipolar,mahalanobis,0.009075,1.0,0.0,88.4888631885362,107.99999999999997,399.99999999999994,2.1213203435596424,12.0,2.5,False
barabasi_albert,60,iid,0.15,3.0,edge_bipolar,max_abs,0.0099,1.0,0.0,0.5664535565658456,107.99999999999997,399.99999999999994,2.1213203435596424,12.0,2.5,False
barabasi_albert,60,iid,0.15,3.0,fiedler,euclidean,0.009075,1.0,0.0,1.9909994217420643,10.706376597750198,400.0,2.2228583292022908,1.1895973997500218,2.0,False
barabasi_albert,60,iid,0.15,3.0,fiedler,laplacian,0.0087,0.984875,0.017476150415161058,12.967342983824347,10.706376597750198,400.0,2.2228583292022908,1.1895973997500218,4.0,False
barabasi_albert,60,iid,0.15,3.0,fiedler,mahalanobis,0.009075,1.0,0.0,88.4888631885362,10.706376597750198,400.0,2.2228583292022908,1.1895973997500218,2.0,False
barabasi_albert,60,iid,0.15,3.0,fiedler,max_abs,0.0099,1.0,0.0,0.5664535565658456,10.706376597750198,400.0,2.2228583292022908,1.1895973997500218,2.0,False
barabasi_albert,60,iid,0.15,3.0,high_frequency,euclidean,0.009075,1.0,0.0,1.9909994217420643,223.72789488399087,400.0,2.7184359085943575,24.8586549871101,2.5,False
barabasi_albert,60,iid,0.15,3.0,high_frequency,laplacian,0.0087,1.0,0.0,12.967342983824347,223.72789488399087,400.0,2.7184359085943575,24.8586549871101,2.5,False
barabasi_albert,60,iid,0.15,3.0,high_frequency,mahalanobis,0.009075,1.0,0.0,88.4888631885362,223.72789488399087,400.0,2.7184359085943575,24.8586549871101,2.5,False
barabasi_albert,60,iid,0.15,3.0,high_frequency,max_abs,0.0099,1.0,0.0,0.5664535565658456,223.72789488399087,400.0,2.7184359085943575,24.8586549871101,2.5,False
barabasi_albert,60,iid,0.15,3.0,point,euclidean,0.009075,1.0,0.0,1.9909994217420643,47.25,399.99999999999994,3.0,5.25,2.5,False
barabasi_albert,60,iid,0.15,3.0,point,laplacian,0.0087,1.0,0.0,12.967342983824347,47.25,399.99999999999994,3.0,5.25,2.5,False
barabasi_albert,60,iid,0.15,3.0,point,mahalanobis,0.009075,1.0,0.0,88.4888631885362,47.25,399.99999999999994,3.0,5.25,2.5,False
barabasi_albert,60,iid,0.15,3.0,point,max_abs,0.0099,1.0,0.0,0.5664535565658456,47.25,399.99999999999994,3.0,5.25,2.5,False
barabasi_albert,60,iid,0.3,0.75,cluster,euclidean,0.009375,0.041075,0.0020139099615755765,7.963983217975716,3.0703125,6.25,0.21650635094610968,5.458333333333332,1.5,False
barabasi_albert,60,iid,0.3,0.75,cluster,laplacian,0.00945,0.0286,0.005538351138500822,52.07453657040833,3.0703125,6.25,0.21650635094610968,5.458333333333332,3.0,False
barabasi_albert,60,iid,0.3,0.75,cluster,mahalanobis,0.009375,0.041075,0.0020139099615755765,88.48870242195238,3.0703125,6.25,0.21650635094610968,5.458333333333332,1.5,False
barabasi_albert,60,iid,0.3,0.75,cluster,max_abs,0.00935,0.01975,0.0031890437438203954,1.1347072178949484,3.0703125,6.25,0.21650635094610968,5.458333333333332,4.0,False
barabasi_albert,60,iid,0.3,0.75,constant,euclidean,0.009375,0.04215,0.004266536456346451,7.963983217975716,4.8373596955679156e-17,6.2500000000000036,0.09682458365518543,8.599750569898512e-17,1.5,False
barabasi_albert,60,iid,0.3,0.75,constant,laplacian,0.00945,0.009325,0.001456880228433346,52.07453657040833,4.8373596955679156e-17,6.2500000000000036,0.09682458365518543,8.599750569898512e-17,4.0,False
barabasi_albert,60,iid,0.3,0.75,constant,mahalanobis,0.009375,0.04215,0.004266536456346451,88.48870242195238,4.8373596955679156e-17,6.2500000000000036,0.09682458365518543,8.599750569898512e-17,1.5,False
barabasi_albert,60,iid,0.3,0.75,constant,max_abs,0.00935,0.0173,0.003934463114581202,1.1347072178949484,4.8373596955679156e-17,6.2500000000000036,0.09682458365518543,8.599750569898512e-17,3.0,False
barabasi_albert,60,iid,0.3,0.75,edge_bipolar,euclidean,0.009375,0.040125,0.004218510795687661,7.963983217975716,6.8203125,6.249999999999999,0.5303300858899106,12.125000000000002,3.5,False
barabasi_albert,60,iid,0.3,0.75,edge_bipolar,laplacian,0.00945,0.09065000000000001,0.066992412505696,52.07453657040833,6.8203125,6.249999999999999,0.5303300858899106,12.125000000000002,1.0,True
barabasi_albert,60,iid,0.3,0.75,edge_bipolar,mahalanobis,0.009375,0.040125,0.004218510795687661,88.48870242195238,6.8203125,6.249999999999999,0.5303300858899106,12.125000000000002,3.5,False
barabasi_albert,60,iid,0.3,0.75,edge_bipolar,max_abs,0.00935,0.0539,0.0037532208390483324,1.1347072178949484,6.8203125,6.249999999999999,0.5303300858899106,12.125000000000002,2.0,False
barabasi_albert,60,iid,0.3,0.75,fiedler,euclidean,0.009375,0.0435,0.003626752449965855,7.963983217975716,0.7475922750574511,6.25,0.36467464497222324,1.3290529334354684,1.5,False
barabasi_albert,60,iid,0.3,0.75,fiedler,laplacian,0.00945,0.012325,0.0006344288770224759,52.07453657040833,0.7475922750574511,6.25,0.36467464497222324,1.3290529334354684,4.0,False
barabasi_albert,60,iid,0.3,0.75,fiedler,mahalanobis,0.009375,0.0435,0.003626752449965855,88.48870242195238,0.7475922750574511,6.25,0.36467464497222324,1.3290529334354684,1.5,False
barabasi_albert,60,iid,0.3,0.75,fiedler,max_abs,0.00935,0.02645,0.015562669008453104,1.1347072178949484,0.7475922750574511,6.25,0.36467464497222324,1.3290529334354684,3.0,False
barabasi_albert,60,iid,0.3,0.75,high_frequency,euclidean,0.009375,0.043325,0.005109712973021739,7.963983217975716,14.375632936100713,6.249999999999999,0.7057229985799595,25.556680775290154,3.5,False
barabasi_albert,60,iid,0.3,0.75,high_frequency,laplacian,0.00945,0.268325,0.05732790914263896,52.07453657040833,14.375632936100713,6.249999999999999,0.7057229985799595,25.556680775290154,1.0,True
barabasi_albert,60,iid,0.3,0.75,high_frequency,mahalanobis,0.009375,0.043325,0.005109712973021739,88.48870242195238,14.375632936100713,6.249999999999999,0.7057229985799595,25.556680775290154,3.5,False
barabasi_albert,60,iid,0.3,0.75,high_frequency,max_abs,0.00935,0.08952500000000001,0.022002026421824583,1.1347072178949484,14.375632936100713,6.249999999999999,0.7057229985799595,25.556680775290154,2.0,False
barabasi_albert,60,iid,0.3,0.75,point,euclidean,0.009375,0.041575,0.0039296946446257105,7.963983217975716,3.9375,6.249999999999999,0.75,7.0,2.5,False
barabasi_albert,60,iid,0.3,0.75,point,laplacian,0.00945,0.032549999999999996,0.015893289988755215,52.07453657040833,3.9375,6.249999999999999,0.75,7.0,4.0,False
barabasi_albert,60,iid,0.3,0.75,point,mahalanobis,0.009375,0.041575,0.0039296946446257105,88.48870242195238,3.9375,6.249999999999999,0.75,7.0,2.5,False
barabasi_albert,60,iid,0.3,0.75,point,max_abs,0.00935,0.1098,0.006597979488702075,1.1347072178949484,3.9375,6.249999999999999,0.75,7.0,1.0,True
barabasi_albert,60,iid,0.3,1.5,cluster,euclidean,0.009375,0.385225,0.017597987574341185,7.963983217975716,13.968750000000002,25.0,0.43301270189221935,6.208333333333333,1.5,False
barabasi_albert,60,iid,0.3,1.5,cluster,laplacian,0.00945,0.22617500000000001,0.025217636024549708,52.07453657040833,13.968750000000002,25.0,0.43301270189221935,6.208333333333333,3.0,False
barabasi_albert,60,iid,0.3,1.5,cluster,mahalanobis,0.009375,0.385225,0.017597987574341185,88.48870242195238,13.968750000000002,25.0,0.43301270189221935,6.208333333333333,1.5,False
barabasi_albert,60,iid,0.3,1.5,cluster,max_abs,0.00935,0.115975,0.014026017491314723,1.1347072178949484,13.968750000000002,25.0,0.43301270189221935,6.208333333333333,4.0,False
barabasi_albert,60,iid,0.3,1.5,constant,euclidean,0.009375,0.38405,0.010652855642189726,7.963983217975716,1.9349438782271662e-16,25.000000000000014,0.19364916731037085,8.599750569898512e-17,1.5,False
barabasi_albert,60,iid,0.3,1.5,constant,laplacian,0.00945,0.010175,0.0013817259737975058,52.07453657040833,1.9349438782271662e-16,25.000000000000014,0.19364916731037085,8.599750569898512e-17,4.0,False
barabasi_albert,60,iid,0.3,1.5,constant,mahalanobis,0.009375,0.38405,0.010652855642189726,88.48870242195238,1.9349438782271662e-16,25.000000000000014,0.19364916731037085,8.599750569898512e-17,1.5,False
barabasi_albert,60,iid,0.3,1.5,constant,max_abs,0.00935,0.048975000000000005,0.007747418925035613,1.1347072178949484,1.9349438782271662e-16,25.000000000000014,0.19364916731037085,8.599750569898512e-17,3.0,False
barabasi_albert,60,iid,0.3,1.5,edge_bipolar,euclidean,0.009375,0.3907,0.012011661000877454,7.963983217975716,27.843749999999993,24.999999999999996,1.0606601717798212,12.375,3.5,False
barabasi_albert,60,iid,0.3,1.5,edge_bipolar,laplacian,0.00945,0.5523,0.3618256394084495,52.07453657040833,27.843749999999993,24.999999999999996,1.0606601717798212,12.375,2.0,False
barabasi_albert,60,iid,0.3,1.5,edge_bipolar,mahalanobis,0.009375,0.3907,0.012011661000877454,88.48870242195238,27.843749999999993,24.999999999999996,1.0606601717798212,12.375,3.5,False
barabasi_albert,60,iid,0.3,1.5,edge_bipolar,max_abs,0.00935,0.6495,0.017207169048587566,1.1347072178949484,27.843749999999993,24.999999999999996,1.0606601717798212,12.375,1.0,True
barabasi_albert,60,iid,0.3,1.5,fiedler,euclidean,0.009375,0.3877,0.009227856378018333,7.963983217975716,2.9903691002298043,25.0,0.7293492899444465,1.3290529334354684,1.5,False
barabasi_albert,60,iid,0.3,1.5,fiedler,laplacian,0.00945,0.0202,0.0017416467303484175,52.07453657040833,2.9903691002298043,25.0,0.7293492899444465,1.3290529334354684,4.0,False
barabasi_albert,60,iid,0.3,1.5,fiedler,mahalanobis,0.009375,0.3877,0.009227856378018333,88.48870242195238,2.9903691002298043,25.0,0.7293492899444465,1.3290529334354684,1.5,False
barabasi_albert,60,iid,0.3,1.5,fiedler,max_abs,0.00935,0.229375,0.2172681963994424,1.1347072178949484,2.9903691002298043,25.0,0.7293492899444465,1.3290529334354684,3.0,False
barabasi_albert,60,iid,0.3,1.5,high_frequency,euclidean,0.009375,0.384975,0.014183411672325761,7.963983217975716,57.50253174440285,24.999999999999996,1.411445997159919,25.556680775290154,3.5,False
barabasi_albert,60,iid,0.3,1.5,high_frequency,laplacian,0.00945,0.946225,0.020590835340024472,52.07453657040833,57.50253174440285,24.999999999999996,1.411445997159919,25.556680775290154,1.0,True
barabasi_albert,60,iid,0.3,1.5,high_frequency,mahalanobis,0.009375,0.384975,0.014183411672325761,88.48870242195238,57.50253174440285,24.999999999999996,1.411445997159919,25.556680775290154,3.5,False
barabasi_albert,60,iid,0.3,1.5,high_frequency,max_abs,0.00935,0.8184750000000001,0.0772857630270069,1.1347072178949484,57.50253174440285,24.999999999999996,1.411445997159919,25.556680775290154,2.0,False
barabasi_albert,60,iid,0.3,1.5,point,euclidean,0.009375,0.38375,0.01534503176927307,7.963983217975716,21.9375,24.999999999999996,1.5,9.75,3.5,False
barabasi_albert,60,iid,0.3,1.5,point,laplacian,0.00945,0.4104,0.39984207715880365,52.07453657040833,21.9375,24.999999999999996,1.5,9.75,2.0,False
barabasi_albert,60,iid,0.3,1.5,point,mahalanobis,0.009375,0.38375,0.01534503176927307,88.48870242195238,21.9375,24.999999999999996,1.5,9.75,3.5,False
barabasi_albert,60,iid,0.3,1.5,point,max_abs,0.00935,0.89025,0.008487834431310149,1.1347072178949484,21.9375,24.999999999999996,1.5,9.75,1.0,True
barabasi_albert,60,iid,0.3,3.0,cluster,euclidean,0.009375,0.999925,9.574271077562005e-05,7.963983217975716,47.06250000000001,100.0,0.8660254037844387,5.229166666666666,1.5,False
barabasi_albert,60,iid,0.3,3.0,cluster,laplacian,0.00945,0.949325,0.04600662090032985,52.07453657040833,47.06250000000001,100.0,0.8660254037844387,5.229166666666666,3.0,False
barabasi_albert,60,iid,0.3,3.0,cluster,mahalanobis,0.009375,0.999925,9.574271077562005e-05,88.48870242195238,47.06250000000001,100.0,0.8660254037844387,5.229166666666666,1.5,False
barabasi_albert,60,iid,0.3,3.0,cluster,max_abs,0.00935,0.91435,0.011299705010898864,1.1347072178949484,47.06250000000001,100.0,0.8660254037844387,5.229166666666666,4.0,False
barabasi_albert,60,iid,0.3,3.0,constant,euclidean,0.009375,0.99985,0.00012909944487356635,7.963983217975716,7.739775512908665e-16,100.00000000000006,0.3872983346207417,8.599750569898512e-17,1.5,False
barabasi_albert,60,iid,0.3,3.0,constant,laplacian,0.00945,0.009049999999999999,0.0014571661996262933,52.07453657040833,7.739775512908665e-16,100.00000000000006,0.3872983346207417,8.599750569898512e-17,4.0,False
barabasi_albert,60,iid,0.3,3.0,constant,mahalanobis,0.009375,0.99985,0.00012909944487356635,88.48870242195238,7.739775512908665e-16,100.00000000000006,0.3872983346207417,8.599750569898512e-17,1.5,False
barabasi_albert,60,iid,0.3,3.0,constant,max_abs,0.00935,0.320575,0.023528617327274737,1.1347072178949484,7.739775512908665e-16,100.00000000000006,0.3872983346207417,8.599750569898512e-17,3.0,False
barabasi_albert,60,iid,0.3,3.0,edge_bipolar,euclidean,0.009375,0.999825,0.00012583057392116285,7.963983217975716,97.87499999999999,99.99999999999999,2.1213203435596424,10.875,3.5,False
barabasi_albert,60,iid,0.3,3.0,edge_bipolar,laplacian,0.00945,0.9999,0.00011547005383791244,52.07453657040833,97.87499999999999,99.99999999999999,2.1213203435596424,10.875,2.0,False
barabasi_albert,60,iid,0.3,3.0,edge_bipolar,mahalanobis,0.009375,0.999825,0.00012583057392116285,88.48870242195238,97.87499999999999,99.99999999999999,2.1213203435596424,10.875,3.5,False
barabasi_albert,60,iid,0.3,3.0,edge_bipolar,max_abs,0.00935,1.0,0.0,1.1347072178949484,97.87499999999999,99.99999999999999,2.1213203435596424,10.875,1.0,True
barabasi_albert,60,iid,0.3,3.0,fiedler,euclidean,0.009375,0.9997,0.00021602468994690488,7.963983217975716,11.961476400919217,100.0,1.458698579888893,1.3290529334354684,1.5,False
barabasi_albert,60,iid,0.3,3.0,fiedler,laplacian,0.00945,0.12595,0.042237779297685615,52.07453657040833,11.961476400919217,100.0,1.458698579888893,1.3290529334354684,4.0,False
barabasi_albert,60,iid,0.3,3.0,fiedler,mahalanobis,0.009375,0.9997,0.00021602468994690488,88.48870242195238,11.961476400919217,100.0,1.458698579888893,1.3290529334354684,1.5,False
barabasi_albert,60,iid,0.3,3.0,fiedler,max_abs,0.00935,0.87635,0.17250255070577938,1.1347072178949484,11.961476400919217,100.0,1.458698579888893,1.3290529334354684,3.0,False
barabasi_albert,60,iid,0.3,3.0,high_frequency,euclidean,0.009375,0.999925,9.574271077562005e-05,7.963983217975716,230.0101269776114,99.99999999999999,2.822891994319838,25.556680775290154,3.5,False
barabasi_albert,60,iid,0.3,3.0,high_frequency,laplacian,0.00945,1.0,0.0,52.07453657040833,230.0101269776114,99.99999999999999,2.822891994319838,25.556680775290154,1.5,False
barabasi_albert,60,iid,0.3,3.0,high_frequency,mahalanobis,0.009375,0.999925,9.574271077562005e-05,88.48870242195238,230.0101269776114,99.99999999999999,2.822891994319838,25.556680775290154,3.5,False
barabasi_albert,60,iid,0.3,3.0,high_frequency,max_abs,0.00935,1.0,0.0,1.1347072178949484,230.0101269776114,99.99999999999999,2.822891994319838,25.556680775290154,1.5,False
barabasi_albert,60,iid,0.3,3.0,point,euclidean,0.009375,0.99985,9.999999999998899e-05,7.963983217975716,47.25,99.99999999999999,3.0,5.25,2.5,False
barabasi_albert,60,iid,0.3,3.0,point,laplacian,0.00945,0.826,0.20668963850823943,52.07453657040833,47.25,99.99999999999999,3.0,5.25,4.0,False
barabasi_albert,60,iid,0.3,3.0,point,mahalanobis,0.009375,0.99985,9.999999999998899e-05,88.48870242195238,47.25,99.99999999999999,3.0,5.25,2.5,False
barabasi_albert,60,iid,0.3,3.0,point,max_abs,0.00935,1.0,0.0,1.1347072178949484,47.25,99.99999999999999,3.0,5.25,1.0,True
random_geometric,20,correlated,0.15,0.75,cluster,euclidean,0.0103,0.577025,0.008147954753597161,0.9209266663895836,5.02734375,22.875558408959748,0.375,8.9375,3.0,False
random_geometric,20,correlated,0.15,0.75,cluster,laplacian,0.009225,0.58965,0.11203024889138943,8.357698257383797,5.02734375,22.875558408959748,0.375,8.9375,2.0,False
random_geometric,20,correlated,0.15,0.75,cluster,mahalanobis,0.009275,0.649275,0.06167243441495289,37.77640325127912,5.02734375,22.875558408959748,0.375,8.9375,1.0,True
random_geometric,20,correlated,0.15,0.75,cluster,max_abs,0.009475,0.483475,0.013141885963082573,0.5210702945687951,5.02734375,22.875558408959748,0.375,8.9375,4.0,False
random_geometric,20,correlated,0.15,0.75,constant,euclidean,0.0103,0.5264249999999999,0.004248431082960689,0.9209266663895836,2.0131800398989605e-16,8.753687510090367,0.16770509831248423,3.578986737598153e-16,1.0,True
random_geometric,20,correlated,0.15,0.75,constant,laplacian,0.009225,0.008775,0.0010688779163215974,8.357698257383797,2.0131800398989605e-16,8.753687510090367,0.16770509831248423,3.578986737598153e-16,4.0,False
random_geometric,20,correlated,0.15,0.75,constant,mahalanobis,0.009275,0.1495,0.005496059194246981,37.77640325127912,2.0131800398989605e-16,8.753687510090367,0.16770509831248423,3.578986737598153e-16,3.0,False
random_geometric,20,correlated,0.15,0.75,constant,max_abs,0.009475,0.1574,0.0074471471047643555,0.5210702945687951,2.0131800398989605e-16,8.753687510090367,0.16770509831248423,3.578986737598153e-16,2.0,False
random_geometric,20,correlated,0.15,0.75,edge_bipolar,euclidean,0.0103,0.61075,0.00604455678000183,0.9209266663895836,7.382812499999998,30.06317239482233,0.5303300858899106,13.125,4.0,False
random_geometric,20,correlated,0.15,0.75,edge_bipolar,laplacian,0.009225,0.8134,0.15327424223702216,8.357698257383797,7.382812499999998,30.06317239482233,0.5303300858899106,13.125,2.0,False
random_geometric,20,correlated,0.15,0.75,edge_bipolar,mahalanobis,0.009275,0.830925,0.026911506213266247,37.77640325127912,7.382812499999998,30.06317239482233,0.5303300858899106,13.125,1.0,True
random_geometric,20,correlated,0.15,0.75,edge_bipolar,max_abs,0.009475,0.798825,0.008760279675900746,0.5210702945687951,7.382812499999998,30.06317239482233,0.5303300858899106,13.125,3.0,False
random_geometric,20,correlated,0.15,0.75,fiedler,euclidean,0.0103,0.5795250000000001,0.01603337664581812,0.9209266663895836,1.9973575747100876,17.933175978200683,0.40725857869633725,3.550857910595711,1.0,True
random_geometric,20,correlated,0.15,0.75,fiedler,laplacian,0.009225,0.111775,0.040671232667164964,8.357698257383797,1.9973575747100876,17.933175978200683,0.40725857869633725,3.550857910595711,4.0,False
random_geometric,20,correlated,0.15,0.75,fiedler,mahalanobis,0.009275,0.4684,0.15990099019914375,37.77640325127912,1.9973575747100876,17.933175978200683,0.40725857869633725,3.550857910595711,2.0,False
random_geometric,20,correlated,0.15,0.75,fiedler,max_abs,0.009475,0.4168,0.31807543130521726,0.5210702945687951,1.9973575747100876,17.933175978200683,0.40725857869633725,3.550857910595711,3.0,False
random_geometric,20,correlated,0.15,0.75,high_frequency,euclidean,0.0103,0.613575,0.00681536254843912,0.9209266663895836,9.89853092557846,31.18820204932639,0.631344518410792,17.59738831213948,4.0,False
random_geometric,20,correlated,0.15,0.75,high_frequency,laplacian,0.009225,0.9466749999999999,0.024092927731321177,8.357698257383797,9.89853092557846,31.18820204932639,0.631344518410792,17.59738831213948,1.0,True
random_geometric,20,correlated,0.15,0.75,high_frequency,mahalanobis,0.009275,0.8541,0.023838763950059738,37.77640325127912,9.89853092557846,31.18820204932639,0.631344518410792,17.59738831213948,2.0,False
random_geometric,20,correlated,0.15,0.75,high_frequency,max_abs,0.009475,0.777,0.2548801417660205,0.5210702945687951,9.89853092557846,31.18820204932639,0.631344518410792,17.59738831213948,3.0,False
random_geometric,20,correlated,0.15,0.75,point,euclidean,0.0103,0.595625,0.004364535103154379,0.9209266663895836,6.46875,28.055718246447864,0.75,11.5,4.0,False
random_geometric,20,correlated,0.15,0.75,point,laplacian,0.009225,0.6900999999999999,0.2543675686875196,8.357698257383797,6.46875,28.055718246447864,0.75,11.5,3.0,False
random_geometric,20,correlated,0.15,0.75,point,mahalanobis,0.009275,0.790975,0.014603738105932549,37.77640325127912,6.46875,28.055718246447864,0.75,11.5,2.0,False
random_geometric,20,correlated,0.15,0.75,point,max_abs,0.009475,0.93645,0.004450093631973696,0.5210702945687951,6.46875,28.055718246447864,0.75,11.5,1.0,True
random_geometric,20,correlated,0.15,1.5,cluster,euclidean,0.0103,1.0,0.0,0.9209266663895836,23.0625,95.0828197697903,0.75,10.25,1.5,False
random_geometric,20,correlated,0.15,1.5,cluster,laplacian,0.009225,0.9999750000000001,4.999999999998833e-05,8.357698257383797,23.0625,95.0828197697903,0.75,10.25,3.0,False
random_geometric,20,correlated,0.15,1.5,cluster,mahalanobis,0.009275,1.0,0.0,37.77640325127912,23.0625,95.0828197697903,0.75,10.25,1.5,False
random_geometric,20,correlated,0.15,1.5,cluster,max_abs,0.009475,0.999825,0.00012583057392116285,0.5210702945687951,23.0625,95.0828197697903,0.75,10.25,4.0,False
random_geometric,20,correlated,0.15,1.5,constant,euclidean,0.0103,0.99765,0.0003109126351029322,0.9209266663895836,8.052720159595842e-16,35.01475004036147,0.33541019662496846,3.578986737598153e-16,1.0,True
random_geometric,20,correlated,0.15,1.5,constant,laplacian,0.009225,0.00835,0.0006557438524302001,8.357698257383797,8.052720159595842e-16,35.01475004036147,0.33541019662496846,3.578986737598153e-16,4.0,False
random_geometric,20,correlated,0.15,1.5,constant,mahalanobis,0.009275,0.910775,0.009002360801478647,37.77640325127912,8.052720159595842e-16,35.01475004036147,0.33541019662496846,3.578986737598153e-16,2.0,False
random_geometric,20,correlated,0.15,1.5,constant,max_abs,0.009475,0.8118000000000001,0.006459102104782048,0.5210702945687951,8.052720159595842e-16,35.01475004036147,0.33541019662496846,3.578986737598153e-16,3.0,False
random_geometric,20,correlated,0.15,1.5,edge_bipolar,euclidean,0.0103,1.0,0.0,0.9209266663895836,30.656249999999993,118.92145867316093,1.0606601717798212,13.625,2.5,False
random_geometric,20,correlated,0.15,1.5,edge_bipolar,laplacian,0.009225,1.0,0.0,8.357698257383797,30.656249999999993,118.92145867316093,1.0606601717798212,13.625,2.5,False
random_geometric,20,correlated,0.15,1.5,edge_bipolar,mahalanobis,0.009275,1.0,0.0,37.77640325127912,30.656249999999993,118.92145867316093,1.0606601717798212,13.625,2.5,False
random_geometric,20,correlated,0.15,1.5,edge_bipolar,max_abs,0.009475,1.0,0.0,0.5210702945687951,30.656249999999993,118.92145867316093,1.0606601717798212,13.625,2.5,False
random_geometric,20,correlated,0.15,1.5,fiedler,euclidean,0.0103,0.9999750000000001,4.999999999998833e-05,0.9209266663895836,7.98943029884035,71.73270391280273,0.8145171573926745,3.550857910595711,1.0,True
random_geometric,20,correlated,0.15,1.5,fiedler,laplacian,0.009225,0.942825,0.03322904101334655,8.357698257383797,7.98943029884035,71.73270391280273,0.8145171573926745,3.550857910595711,4.0,False
random_geometric,20,correlated,0.15,1.5,fiedler,mahalanobis,0.009275,0.999225,0.0006448514040717744,37.77640325127912,7.98943029884035,71.73270391280273,0.8145171573926745,3.550857910595711,2.0,False
random_geometric,20,correlated,0.15,1.5,fiedler,max_abs,0.009475,0.988,0.008963630216975,0.5210702945687951,7.98943029884035,71.73270391280273,0.8145171573926745,3.550857910595711,3.0,False
random_geometric,20,correlated,0.15,1.5,high_frequency,euclidean,0.0103,1.0,0.0,0.9209266663895836,39.59412370231384,124.75280819730555,1.262689036821584,17.59738831213948,2.0,False
random_geometric,20,correlated,0.15,1.5,high_frequency,laplacian,0.009225,1.0,0.0,8.357698257383797,39.59412370231384,124.75280819730555,1.262689036821584,17.59738831213948,2.0,False
random_geometric,20,correlated,0.15,1.5,high_frequency,mahalanobis,0.009275,1.0,0.0,37.77640325127912,39.59412370231384,124.75280819730555,1.262689036821584,17.59738831213948,2.0,False
random_geometric,20,correlated,0.15,1.5,high_frequency,max_abs,0.009475,0.9999,0.00019999999999997797,0.5210702945687951,39.59412370231384,124.75280819730555,1.262689036821584,17.59738831213948,4.0,False
random_geometric,20,correlated,0.15,1.5,point,euclidean,0.0103,1.0,0.0,0.9209266663895836,28.6875,112.21902128418559,1.5,12.75,2.5,False
random_geometric,20,correlated,0.15,1.5,point,laplacian,0.009225,1.0,0.0,8.357698257383797,28.6875,112.21902128418559,1.5,12.75,2.5,False
random_geometric,20,correlated,0.15,1.5,point,mahalanobis,0.009275,1.0,0.0,37.77640325127912,28.6875,112.21902128418559,1.5,12.75,2.5,False
random_geometric,20,correlated,0.15,1.5,point,max_abs,0.009475,1.0,0.0,0.5210702945687951,28.6875,112.21902128418559,1.5,12.75,2.5,False
random_geometric,20,correlated,0.15,3.0,cluster,euclidean,0.0103,1.0,0.0,0.9209266663895836,87.75,381.25788954405834,1.5,9.75,2.5,False
random_geometric,20,correlated,0.15,3.0,cluster,laplacian,0.009225,1.0,0.0,8.357698257383797,87.75,381.25788954405834,1.5,9.75,2.5,False
random_geometric,20,correlated,0.15,3.0,cluster,mahalanobis,0.009275,1.0,0.0,37.77640325127912,87.75,381.25788954405834,1.5,9.75,2.5,False
random_geometric,20,correlated,0.15,3.0,cluster,max_abs,0.009475,1.0,0.0,0.5210702945687951,87.75,381.25788954405834,1.5,9.75,2.5,False
random_geometric,20,correlated,0.15,3.0,constant,euclidean,0.0103,1.0,0.0,0.9209266663895836,3.221088063838337e-15,140.05900016144588,0.6708203932499369,3.578986737598153e-16,2.0,False
random_geometric,20,correlated,0.15,3.0,constant,laplacian,0.009225,0.009075,0.0008460693430998041,8.357698257383797,3.221088063838337e-15,140.05900016144588,0.6708203932499369,3.578986737598153e-16,4.0,False
random_geometric,20,correlated,0.15,3.0,constant,mahalanobis,0.009275,1.0,0.0,37.77640325127912,3.221088063838337e-15,140.05900016144588,0.6708203932499369,3.578986737598153e-16,2.0,False
random_geometric,20,correlated,0.15,3.0,constant,max_abs,0.009475,1.0,0.0,0.5210702945687951,3.221088063838337e-15,140.05900016144588,0.6708203932499369,3.578986737598153e-16,2.0,False
random_geometric,20,correlated,0.15,3.0,edge_bipolar,euclidean,0.0103,1.0,0.0,0.9209266663895836,114.74999999999997,480.6340697405773,2.1213203435596424,12.75,2.5,False
random_geometric,20,correlated,0.15,3.0,edge_bipolar,laplacian,0.009225,1.0,0.0,8.357698257383797,114.74999999999997,480.6340697405773,2.1213203435596424,12.75,2.5,False
random_geometric,20,correlated,0.15,3.0,edge_bipolar,mahalanobis,0.009275,1.0,0.0,37.77640325127912,114.74999999999997,480.6340697405773,2.1213203435596424,12.75,2.5,False
random_geometric,20,correlated,0.15,3.0,edge_bipolar,max_abs,0.009475,1.0,0.0,0.5210702945687951,114.74999999999997,480.6340697405773,2.1213203435596424,12.75,2.5,False
random_geometric,20,correlated,0.15,3.0,fiedler,euclidean,0.0103,1.0,0.0,0.9209266663895836,31.9577211953614,286.93081565121093,1.629034314785349,3.550857910595711,2.5,False
random_geometric,20,correlated,0.15,3.0,fiedler,laplacian,0.009225,1.0,0.0,8.357698257383797,31.9577211953614,286.93081565121093,1.629034314785349,3.550857910595711,2.5,False
random_geometric,20,correlated,0.15,3.0,fiedler,mahalanobis,0.009275,1.0,0.0,37.77640325127912,31.9577211953614,286.93081565121093,1.629034314785349,3.550857910595711,2.5,False
random_geometric,20,correlated,0.15,3.0,fiedler,max_abs,0.009475,1.0,0.0,0.5210702945687951,31.9577211953614,286.93081565121093,1.629034314785349,3.550857910595711,2.5,False
random_geometric,20,correlated,0.15,3.0,high_frequency,euclidean,0.0103,1.0,0.0,0.9209266663895836,158.37649480925535,499.0112327892222,2.525378073643168,17.59738831213948,2.5,False
random_geometric,20,correlated,0.15,3.0,high_frequency,laplacian,0.009225,1.0,0.0,8.357698257383797,158.37649480925535,499.0112327892222,2.525378073643168,17.59738831213948,2.5,False
random_geometric,20,correlated,0.15,3.0,high_frequency,mahalanobis,0.009275,1.0,0.0,37.77640325127912,158.37649480925535,499.0112327892222,2.525378073643168,17.59738831213948,2.5,False
random_geometric,20,correlated,0.15,3.0,high_frequency,max_abs,0.009475,1.0,0.0,0.5210702945687951,158.37649480925535,499.0112327892222,2.525378073643168,17.59738831213948,2.5,False
random_geometric,20,correlated,0.15,3.0,point,euclidean,0.0103,1.0,0.0,0.9209266663895836,85.5,448.83599558822846,3.0,9.5,2.5,False
random_geometric,20,correlated,0.15,3.0,point,laplacian,0.009225,1.0,0.0,8.357698257383797,85.5,448.83599558822846,3.0,9.5,2.5,False
random_geometric,20,correlated,0.15,3.0,point,mahalanobis,0.009275,1.0,0.0,37.77640325127912,85.5,448.83599558822846,3.0,9.5,2.5,False
random_geometric,20,correlated,0.15,3.0,point,max_abs,0.009475,1.0,0.0,0.5210702945687951,85.5,448.83599558822846,3.0,9.5,2.5,False
random_geometric,20,correlated,0.3,0.75,cluster,euclidean,0.009925,0.06325,0.0029399546481762868,3.7307767292882743,4.88671875,5.906741055830425,0.375,8.6875,3.0,False
random_geometric,20,correlated,0.3,0.75,cluster,laplacian,0.01055,0.083825,0.01107019271136084,29.49882701552728,4.88671875,5.906741055830425,0.375,8.6875,1.0,True
random_geometric,20,correlated,0.3,0.75,cluster,mahalanobis,0.009675,0.0837,0.0032020826556060883,37.43155066608777,4.88671875,5.906741055830425,0.375,8.6875,2.0,False
random_geometric,20,correlated,0.3,0.75,cluster,max_abs,0.009325,0.056749999999999995,0.006276676402895618,1.0463825807332081,4.88671875,5.906741055830425,0.375,8.6875,4.0,False
random_geometric,20,correlated,0.3,0.75,constant,euclidean,0.009925,0.09575,0.0021205345238091942,3.7307767292882743,1.826989978405415e-16,2.1988969843956165,0.16770509831248423,3.2479821838318495e-16,1.0,True
random_geometric,20,correlated,0.3,0.75,constant,laplacian,0.01055,0.0116,0.0009660917830792959,29.49882701552728,1.826989978405415e-16,2.1988969843956165,0.16770509831248423,3.2479821838318495e-16,4.0,False
random_geometric,20,correlated,0.3,0.75,constant,mahalanobis,0.009675,0.02885,0.001666333299993331,37.43155066608777,1.826989978405415e-16,2.1988969843956165,0.16770509831248423,3.2479821838318495e-16,3.0,False
random_geometric,20,correlated,0.3,0.75,constant,max_abs,0.009325,0.033299999999999996,0.003345643934033226,1.0463825807332081,1.826989978405415e-16,2.1988969843956165,0.16770509831248423,3.2479821838318495e-16,2.0,False
random_geometric,20,correlated,0.3,0.75,edge_bipolar,euclidean,0.009925,0.05115,0.0016196707484341785,3.7307767292882743,6.257812499999999,7.61662155653653,0.5303300858899106,11.125,4.0,False
random_geometric,20,correlated,0.3,0.75,edge_bipolar,laplacian,0.01055,0.1202,0.0351965907439911,29.49882701552728,6.257812499999999,7.61662155653653,0.5303300858899106,11.125,2.0,False
random_geometric,20,correlated,0.3,0.75,edge_bipolar,mahalanobis,0.009675,0.1217,0.00650691939399898,37.43155066608777,6.257812499999999,7.61662155653653,0.5303300858899106,11.125,1.0,True
random_geometric,20,correlated,0.3,0.75,edge_bipolar,max_abs,0.009325,0.092375,0.005182904591057023,1.0463825807332081,6.257812499999999,7.61662155653653,0.5303300858899106,11.125,3.0,False
random_geometric,20,correlated,0.3,0.75,fiedler,euclidean,0.009925,0.07275000000000001,0.007741877463940298,3.7307767292882743,1.6196508788617467,3.765733078730111,0.3288656255963684,2.8793793401986605,1.0,True
random_geometric,20,correlated,0.3,0.75,fiedler,laplacian,0.01055,0.019975,0.0034528973341239094,29.49882701552728,1.6196508788617467,3.765733078730111,0.3288656255963684,2.8793793401986605,4.0,False
random_geometric,20,correlated,0.3,0.75,fiedler,mahalanobis,0.009675,0.04625,0.004665833258915282,37.43155066608777,1.6196508788617467,3.765733078730111,0.3288656255963684,2.8793793401986605,2.0,False
random_geometric,20,correlated,0.3,0.75,fiedler,max_abs,0.009325,0.041025,0.007712489870333703,1.0463825807332081,1.6196508788617467,3.765733078730111,0.3288656255963684,2.8793793401986605,3.0,False
random_geometric,20,correlated,0.3,0.75,high_frequency,euclidean,0.009925,0.052074999999999996,0.002450000000000001,3.7307767292882743,9.90042122885806,7.708626088201769,0.712865927396291,17.60074885130322,4.0,False
random_geometric,20,correlated,0.3,0.75,high_frequency,laplacian,0.01055,0.2723,0.035016091538986265,29.49882701552728,9.90042122885806,7.708626088201769,0.712865927396291,17.60074885130322,1.0,True
random_geometric,20,correlated,0.3,0.75,high_frequency,mahalanobis,0.009675,0.12890000000000001,0.002409702609590381,37.43155066608777,9.90042122885806,7.708626088201769,0.712865927396291,17.60074885130322,3.0,False
random_geometric,20,correlated,0.3,0.75,high_frequency,max_abs,0.009325,0.14945,0.015843084716472777,1.0463825807332081,9.90042122885806,7.708626088201769,0.712865927396291,17.60074885130322,2.0,False
random_geometric,20,correlated,0.3,0.75,point,euclidean,0.009925,0.055025,0.002875615876063189,3.7307767292882743,4.78125,7.087624361613747,0.75,8.5,4.0,False
random_geometric,20,correlated,0.3,0.75,point,laplacian,0.01055,0.076075,0.02438870981964127,29.49882701552728,4.78125,7.087624361613747,0.75,8.5,3.0,False
random_geometric,20,correlated,0.3,0.75,point,mahalanobis,0.009675,0.11125,0.0030347981810987016,37.43155066608777,4.78125,7.087624361613747,0.75,8.5,2.0,False
random_geometric,20,correlated,0.3,0.75,point,max_abs,0.009325,0.1696,0.008222327326655551,1.0463825807332081,4.78125,7.087624361613747,0.75,8.5,1.0,True
random_geometric,20,correlated,0.3,1.5,cluster,euclidean,0.009925,0.556775,0.007656533158029177,3.7307767292882743,15.75,22.509331289773336,0.75,7.0,2.0,False
random_geometric,20,correlated,0.3,1.5,cluster,laplacian,0.01055,0.517925,0.13882457455364308,29.49882701552728,15.75,22.509331289773336,0.75,7.0,3.0,False
random_geometric,20,correlated,0.3,1.5,cluster,mahalanobis,0.009675,0.643425,0.06156738178613732,37.43155066608777,15.75,22.509331289773336,0.75,7.0,1.0,True
random_geometric,20,correlated,0.3,1.5,cluster,max_abs,0.009325,0.474,0.01892511558749377,1.0463825807332081,15.75,22.509331289773336,0.75,7.0,4.0,False
random_geometric,20,correlated,0.3,1.5,constant,euclidean,0.009925,0.51825,0.0054101755978895865,3.7307767292882743,7.30795991362166e-16,8.795587937582466,0.33541019662496846,3.2479821838318495e-16,1.0,True
random_geometric,20,correlated,0.3,1.5,constant,laplacian,0.01055,0.01065,0.0006757711644237757,29.49882701552728,7.30795991362166e-16,8.795587937582466,0.33541019662496846,3.2479821838318495e-16,4.0,False
random_geometric,20,correlated,0.3,1.5,constant,mahalanobis,0.009675,0.15812500000000002,0.006004095824240877,37.43155066608777,7.30795991362166e-16,8.795587937582466,0.33541019662496846,3.2479821838318495e-16,2.0,False
random_geometric,20,correlated,0.3,1.5,constant,max_abs,0.009325,0.151525,0.015200959399546677,1.0463825807332081,7.30795991362166e-16,8.795587937582466,0.33541019662496846,3.2479821838318495e-16,3.0,False
random_geometric,20,correlated,0.3,1.5,edge_bipolar,euclidean,0.009925,0.588525,0.007209889042142103,3.7307767292882743,24.187499999999993,30.644440212921975,1.0606601717798212,10.75,4.0,False
random_geometric,20,correlated,0.3,1.5,edge_bipolar,laplacian,0.01055,0.804775,0.12021803455943432,29.49882701552728,24.187499999999993,30.644440212921975,1.0606601717798212,10.75,2.0,False
random_geometric,20,correlated,0.3,1.5,edge_bipolar,mahalanobis,0.009675,0.8521000000000001,0.01564054560003155,37.43155066608777,24.187499999999993,30.644440212921975,1.0606601717798212,10.75,1.0,True
random_geometric,20,correlated,0.3,1.5,edge_bipolar,max_abs,0.009325,0.7955,0.01666333299993332,1.0463825807332081,24.187499999999993,30.644440212921975,1.0606601717798212,10.75,3.0,False
random_geometric,20,correlated,0.3,1.5,fiedler,euclidean,0.009925,0.557825,0.008199339404285364,3.7307767292882743,6.478603515446987,15.062932314920443,0.6577312511927368,2.8793793401986605,1.0,True
random_geometric,20,correlated,0.3,1.5,fiedler,laplacian,0.01055,0.109925,0.044129912380002155,29.49882701552728,6.478603515446987,15.062932314920443,0.6577312511927368,2.8793793401986605,4.0,False
random_geometric,20,correlated,0.3,1.5,fiedler,mahalanobis,0.009675,0.38034999999999997,0.06805745122076397,37.43155066608777,6.478603515446987,15.062932314920443,0.6577312511927368,2.8793793401986605,2.0,False
random_geometric,20,correlated,0.3,1.5,fiedler,max_abs,0.009325,0.2919,0.07161038099791585,1.0463825807332081,6.478603515446987,15.062932314920443,0.6577312511927368,2.8793793401986605,3.0,False
random_geometric,20,correlated,0.3,1.5,high_frequency,euclidean,0.009925,0.5957749999999999,0.003684539772255631,3.7307767292882743,39.60168491543224,30.834504352807077,1.425731854792582,17.60074885130322,4.0,False
random_geometric,20,correlated,0.3,1.5,high_frequency,laplacian,0.01055,0.967975,0.007950838530201282,29.49882701552728,39.60168491543224,30.834504352807077,1.425731854792582,17.60074885130322,1.0,True
random_geometric,20,correlated,0.3,1.5,high_frequency,mahalanobis,0.009675,0.86,0.004946379147079908,37.43155066608777,39.60168491543224,30.834504352807077,1.425731854792582,17.60074885130322,3.0,False
random_geometric,20,correlated,0.3,1.5,high_frequency,max_abs,0.009325,0.899525,0.019838577737999907,1.0463825807332081,39.60168491543224,30.834504352807077,1.425731854792582,17.60074885130322,2.0,False
random_geometric,20,correlated,0.3,1.5,point,euclidean,0.009925,0.5780000000000001,0.007831134443148521,3.7307767292882743,21.9375,28.269183436103827,1.5,9.75,4.0,False
random_geometric,20,correlated,0.3,1.5,point,laplacian,0.01055,0.760825,0.0902057047346046,29.49882701552728,21.9375,28.269183436103827,1.5,9.75,3.0,False
random_geometric,20,correlated,0.3,1.5,point,mahalanobis,0.009675,0.8067249999999999,0.010018108603923182,37.43155066608777,21.9375,28.269183436103827,1.5,9.75,2.0,False
random_geometric,20,correlated,0.3,1.5,point,max_abs,0.009325,0.934025,0.007161645527856543,1.0463825807332081,21.9375,28.269183436103827,1.5,9.75,1.0,True
random_geometric,20,correlated,0.3,3.0,cluster,euclidean,0.009925,0.9999750000000001,4.999999999998833e-05,3.7307767292882743,66.9375,90.9741626987662,1.5,7.4375,2.5,False
random_geometric,20,correlated,0.3,3.0,cluster,laplacian,0.01055,0.9999750000000001,4.999999999998833e-05,29.49882701552728,66.9375,90.9741626987662,1.5,7.4375,2.5,False
random_geometric,20,correlated,0.3,3.0,cluster,mahalanobis,0.009675,1.0,0.0,37.43155066608777,66.9375,90.9741626987662,1.5,7.4375,1.0,True
random_geometric,20,correlated,0.3,3.0,cluster,max_abs,0.009325,0.999725,0.0001707825127659727,1.0463825807332081,66.9375,90.9741626987662,1.5,7.4375,4.0,False
random_geometric,20,correlated,0.3,3.0,constant,euclidean,0.009925,0.99815,0.0006454972243679516,3.7307767292882743,2.923183965448664e-15,35.182351750329865,0.6708203932499369,3.2479821838318495e-16,1.0,True
random_geometric,20,correlated,0.3,3.0,constant,laplacian,0.01055,0.010075,0.0007675719293112972,29.49882701552728,2.923183965448664e-15,35.182351750329865,0.6708203932499369,3.2479821838318495e-16,4.0,False
random_geometric,20,correlated,0.3,3.0,constant,mahalanobis,0.009675,0.9183749999999999,0.006475273481998041,37.43155066608777,2.923183965448664e-15,35.182351750329865,0.6708203932499369,3.2479821838318495e-16,2.0,False
random_geometric,20,correlated,0.3,3.0,constant,max_abs,0.009325,0.805075,0.02114984239499987,1.0463825807332081,2.923183965448664e-15,35.182351750329865,0.6708203932499369,3.2479821838318495e-16,3.0,False
random_geometric,20,correlated,0.3,3.0,edge_bipolar,euclidean,0.009925,1.0,0.0,3.7307767292882743,109.12499999999999,121.3470494037964,2.1213203435596424,12.125,2.5,False
random_geometric,20,correlated,0.3,3.0,edge_bipolar,laplacian,0.01055,1.0,0.0,29.49882701552728,109.12499999999999,121.3470494037964,2.1213203435596424,12.125,2.5,False
random_geometric,20,correlated,0.3,3.0,edge_bipolar,mahalanobis,0.009675,1.0,0.0,37.43155066608777,109.12499999999999,121.3470494037964,2.1213203435596424,12.125,2.5,False
random_geometric,20,correlated,0.3,3.0,edge_bipolar,max_abs,0.009325,1.0,0.0,1.0463825807332081,109.12499999999999,121.3470494037964,2.1213203435596424,12.125,2.5,False
random_geometric,20,correlated,0.3,3.0,fiedler,euclidean,0.009925,0.9998750000000001,0.00012583057392115304,3.7307767292882743,25.914414061787948,60.251729259681774,1.3154625023854736,2.8793793401986605,1.0,True
random_geometric,20,correlated,0.3,3.0,fiedler,laplacian,0.01055,0.8974,0.06158392647436504,29.49882701552728,25.914414061787948,60.251729259681774,1.3154625023854736,2.8793793401986605,4.0,False
random_geometric,20,correlated,0.3,3.0,fiedler,mahalanobis,0.009675,0.998075,0.0015819292019556748,37.43155066608777,25.914414061787948,60.251729259681774,1.3154625023854736,2.8793793401986605,2.0,False
random_geometric,20,correlated,0.3,3.0,fiedler,max_abs,0.009325,0.98145,0.017862157391162665,1.0463825807332081,25.914414061787948,60.251729259681774,1.3154625023854736,2.8793793401986605,3.0,False
random_geometric,20,correlated,0.3,3.0,high_frequency,euclidean,0.009925,1.0,0.0,3.7307767292882743,158.40673966172895,123.33801741122831,2.851463709585164,17.60074885130322,2.5,False
random_geometric,20,correlated,0.3,3.0,high_frequency,laplacian,0.01055,1.0,0.0,29.49882701552728,158.40673966172895,123.33801741122831,2.851463709585164,17.60074885130322,2.5,False
random_geometric,20,correlated,0.3,3.0,high_frequency,mahalanobis,0.009675,1.0,0.0,37.43155066608777,158.40673966172895,123.33801741122831,2.851463709585164,17.60074885130322,2.5,False
random_geometric,20,correlated,0.3,3.0,high_frequency,max_abs,0.009325,1.0,0.0,1.0463825807332081,158.40673966172895,123.33801741122831,2.851463709585164,17.60074885130322,2.5,False
random_geometric,20,correlated,0.3,3.0,point,euclidean,0.009925,1.0,0.0,3.7307767292882743,72.0,113.23302060136857,3.0,8.0,2.5,False
random_geometric,20,correlated,0.3,3.0,point,laplacian,0.01055,1.0,0.0,29.49882701552728,72.0,113.23302060136857,3.0,8.0,2.5,False
random_geometric,20,correlated,0.3,3.0,point,mahalanobis,0.009675,1.0,0.0,37.43155066608777,72.0,113.23302060136857,3.0,8.0,2.5,False
random_geometric,20,correlated,0.3,3.0,point,max_abs,0.009325,1.0,0.0,1.0463825807332081,72.0,113.23302060136857,3.0,8.0,2.5,False
random_geometric,20,iid,0.15,0.75,cluster,euclidean,0.009375,0.721775,0.0068839789850541015,0.8453334528700998,5.09765625,24.999999999999996,0.375,9.0625,1.5,False
random_geometric,20,iid,0.15,0.75,cluster,laplacian,0.009875,0.486625,0.10873525570546719,9.836486753569389,5.09765625,24.999999999999996,0.375,9.0625,4.0,False
random_geometric,20,iid,0.15,0.75,cluster,mahalanobis,0.009375,0.721775,0.0068839789850541015,37.57037568311554,5.09765625,24.999999999999996,0.375,9.0625,1.5,False
random_geometric,20,iid,0.15,0.75,cluster,max_abs,0.009925,0.518575,0.01910887664585927,0.5213031160893571,5.09765625,24.999999999999996,0.375,9.0625,3.0,False
random_geometric,20,iid,0.15,0.75,constant,euclidean,0.009375,0.7193499999999999,0.0050103226775661085,0.8453334528700998,2.816124680089875e-16,25.0,0.16770509831248423,5.006443875715335e-16,1.5,False
random_geometric,20,iid,0.15,0.75,constant,laplacian,0.009875,0.009649999999999999,0.0010082988974836117,9.836486753569389,2.816124680089875e-16,25.0,0.16770509831248423,5.006443875715335e-16,4.0,False
random_geometric,20,iid,0.15,0.75,constant,mahalanobis,0.009375,0.7193499999999999,0.0050103226775661085,37.57037568311554,2.816124680089875e-16,25.0,0.16770509831248423,5.006443875715335e-16,1.5,False
random_geometric,20,iid,0.15,0.75,constant,max_abs,0.009925,0.166725,0.011487783366109694,0.5213031160893571,2.816124680089875e-16,25.0,0.16770509831248423,5.006443875715335e-16,3.0,False
random_geometric,20,iid,0.15,0.75,edge_bipolar,euclidean,0.009375,0.716625,0.012670536689501403,0.8453334528700998,7.312499999999998,24.999999999999996,0.5303300858899106,13.0,3.5,False
random_geometric,20,iid,0.15,0.75,edge_bipolar,laplacian,0.009875,0.744625,0.04929999154834273,9.836486753569389,7.312499999999998,24.999999999999996,0.5303300858899106,13.0,2.0,False
random_geometric,20,iid,0.15,0.75,edge_bipolar,mahalanobis,0.009375,0.716625,0.012670536689501403,37.57037568311554,7.312499999999998,24.999999999999996,0.5303300858899106,13.0,3.5,False
random_geometric,20,iid,0.15,0.75,edge_bipolar,max_abs,0.009925,0.7718,0.012813274366843147,0.5213031160893571,7.312499999999998,24.999999999999996,0.5303300858899106,13.0,1.0,True
random_geometric,20,iid,0.15,0.75,fiedler,euclidean,0.009375,0.717975,0.008968974300331091,0.8453334528700998,1.9738946568119546,25.0,0.5604194634627848,3.509146056554586,1.5,False
random_geometric,20,iid,0.15,0.75,fiedler,laplacian,0.009875,0.076375,0.02477113575649422,9.836486753569389,1.9738946568119546,25.0,0.5604194634627848,3.509146056554586,4.0,False
random_geometric,20,iid,0.15,0.75,fiedler,mahalanobis,0.009375,0.717975,0.008968974300331091,37.57037568311554,1.9738946568119546,25.0,0.5604194634627848,3.509146056554586,1.5,False
random_geometric,20,iid,0.15,0.75,fiedler,max_abs,0.009925,0.6418,0.19960873394384993,0.5213031160893571,1.9738946568119546,25.0,0.5604194634627848,3.509146056554586,3.0,False
random_geometric,20,iid,0.15,0.75,high_frequency,euclidean,0.009375,0.7235,0.008949860334105782,0.8453334528700998,10.05038230199268,25.0,0.7127133544089999,17.867346314653652,3.5,False
random_geometric,20,iid,0.15,0.75,high_frequency,laplacian,0.009875,0.8946999999999999,0.015800632898716395,9.836486753569389,10.05038230199268,25.0,0.7127133544089999,17.867346314653652,2.0,False
random_geometric,20,iid,0.15,0.75,high_frequency,mahalanobis,0.009375,0.7235,0.008949860334105782,37.57037568311554,10.05038230199268,25.0,0.7127133544089999,17.867346314653652,3.5,False
random_geometric,20,iid,0.15,0.75,high_frequency,max_abs,0.009925,0.902275,0.012755750337266187,0.5213031160893571,10.05038230199268,25.0,0.7127133544089999,17.867346314653652,1.0,True
random_geometric,20,iid,0.15,0.75,point,euclidean,0.009375,0.721225,0.0032180480626201762,0.8453334528700998,7.171875,24.999999999999996,0.75,12.75,2.5,False
random_geometric,20,iid,0.15,0.75,point,laplacian,0.009875,0.67435,0.25808606445654264,9.836486753569389,7.171875,24.999999999999996,0.75,12.75,4.0,False
random_geometric,20,iid,0.15,0.75,point,mahalanobis,0.009375,0.721225,0.0032180480626201762,37.57037568311554,7.171875,24.999999999999996,0.75,12.75,2.5,False
random_geometric,20,iid,0.15,0.75,point,max_abs,0.009925,0.9353,0.003987480407475375,0.5213031160893571,7.171875,24.999999999999996,0.75,12.75,1.0,True
random_geometric,20,iid,0.15,1.5,cluster,euclidean,0.009375,1.0,0.0,0.8453334528700998,21.375,99.99999999999999,0.75,9.5,1.5,False
random_geometric,20,iid,0.15,1.5,cluster,laplacian,0.009875,0.999925,9.574271077560716e-05,9.836486753569389,21.375,99.99999999999999,0.75,9.5,4.0,False
random_geometric,20,iid,0.15,1.5,cluster,mahalanobis,0.009375,1.0,0.0,37.57037568311554,21.375,99.99999999999999,0.75,9.5,1.5,False
random_geometric,20,iid,0.15,1.5,cluster,max_abs,0.009925,0.99995,5.7735026918956215e-05,0.5213031160893571,21.375,99.99999999999999,0.75,9.5,3.0,False
random_geometric,20,iid,0.15,1.5,constant,euclidean,0.009375,1.0,0.0,0.8453334528700998,1.12644987203595e-15,100.0,0.33541019662496846,5.006443875715335e-16,1.5,False
random_geometric,20,iid,0.15,1.5,constant,laplacian,0.009875,0.009174999999999999,0.0010242883708539625,9.836486753569389,1.12644987203595e-15,100.0,0.33541019662496846,5.006443875715335e-16,4.0,False
random_geometric,20,iid,0.15,1.5,constant,mahalanobis,0.009375,1.0,0.0,37.57037568311554,1.12644987203595e-15,100.0,0.33541019662496846,5.006443875715335e-16,1.5,False
random_geometric,20,iid,0.15,1.5,constant,max_abs,0.009925,0.89785,0.007598903429662291,0.5213031160893571,1.12644987203595e-15,100.0,0.33541019662496846,5.006443875715335e-16,3.0,False
random_geometric,20,iid,0.15,1.5,edge_bipolar,euclidean,0.009375,1.0,0.0,0.8453334528700998,32.34374999999999,99.99999999999999,1.0606601717798212,14.375,2.5,False
random_geometric,20,iid,0.15,1.5,edge_bipolar,laplacian,0.009875,1.0,0.0,9.836486753569389,32.34374999999999,99.99999999999999,1.0606601717798212,14.375,2.5,False
random_geometric,20,iid,0.15,1.5,edge_bipolar,mahalanobis,0.009375,1.0,0.0,37.57037568311554,32.34374999999999,99.99999999999999,1.0606601717798212,14.375,2.5,False
random_geometric,20,iid,0.15,1.5,edge_bipolar,max_abs,0.009925,1.0,0.0,0.5213031160893571,32.34374999999999,99.99999999999999,1.0606601717798212,14.375,2.5,False
random_geometric,20,iid,0.15,1.5,fiedler,euclidean,0.009375,1.0,0.0,0.8453334528700998,7.895578627247819,100.0,1.1208389269255696,3.509146056554586,1.5,False
random_geometric,20,iid,0.15,1.5,fiedler,laplacian,0.009875,0.8831,0.10880110293558608,9.836486753569389,7.895578627247819,100.0,1.1208389269255696,3.509146056554586,4.0,False
random_geometric,20,iid,0.15,1.5,fiedler,mahalanobis,0.009375,1.0,0.0,37.57037568311554,7.895578627247819,100.0,1.1208389269255696,3.509146056554586,1.5,False
random_geometric,20,iid,0.15,1.5,fiedler,max_abs,0.009925,0.999775,0.00045000000000000595,0.5213031160893571,7.895578627247819,100.0,1.1208389269255696,3.509146056554586,3.0,False
random_geometric,20,iid,0.15,1.5,high_frequency,euclidean,0.009375,1.0,0.0,0.8453334528700998,40.20152920797072,100.0,1.4254267088179997,17.867346314653652,2.5,False
random_geometric,20,iid,0.15,1.5,high_frequency,laplacian,0.009875,1.0,0.0,9.836486753569389,40.20152920797072,100.0,1.4254267088179997,17.867346314653652,2.5,False
random_geometric,20,iid,0.15,1.5,high_frequency,mahalanobis,0.009375,1.0,0.0,37.57037568311554,40.20152920797072,100.0,1.4254267088179997,17.867346314653652,2.5,False
random_geometric,20,iid,0.15,1.5,high_frequency,max_abs,0.009925,1.0,0.0,0.5213031160893571,40.20152920797072,100.0,1.4254267088179997,17.867346314653652,2.5,False
random_geometric,20,iid,0.15,1.5,point,euclidean,0.009375,1.0,0.0,0.8453334528700998,22.5,99.99999999999999,1.5,10.0,2.0,False
random_geometric,20,iid,0.15,1.5,point,laplacian,0.009875,0.999575,0.0006652067347824864,9.836486753569389,22.5,99.99999999999999,1.5,10.0,4.0,False
random_geometric,20,iid,0.15,1.5,point,mahalanobis,0.009375,1.0,0.0,37.57037568311554,22.5,99.99999999999999,1.5,10.0,2.0,False
random_geometric,20,iid,0.15,1.5,point,max_abs,0.009925,1.0,0.0,0.5213031160893571,22.5,99.99999999999999,1.5,10.0,2.0,False
random_geometric,20,iid,0.15,3.0,cluster,euclidean,0.009375,1.0,0.0,0.8453334528700998,87.75,399.99999999999994,1.5,9.75,2.5,False
random_geometric,20,iid,0.15,3.0,cluster,laplacian,0.009875,1.0,0.0,9.836486753569389,87.75,399.99999999999994,1.5,9.75,2.5,False
random_geometric,20,iid,0.15,3.0,cluster,mahalanobis,0.009375,1.0,0.0,37.57037568311554,87.75,399.99999999999994,1.5,9.75,2.5,False
random_geometric,20,iid,0.15,3.0,cluster,max_abs,0.009925,1.0,0.0,0.5213031160893571,87.75,399.99999999999994,1.5,9.75,2.5,False
random_geometric,20,iid,0.15,3.0,constant,euclidean,0.009375,1.0,0.0,0.8453334528700998,4.5057994881438e-15,400.0,0.6708203932499369,5.006443875715335e-16,2.0,False
random_geometric,20,iid,0.15,3.0,constant,laplacian,0.009875,0.009275,0.0012148388096094617,9.836486753569389,4.5057994881438e-15,400.0,0.6708203932499369,5.006443875715335e-16,4.0,False
random_geometric,20,iid,0.15,3.0,constant,mahalanobis,0.009375,1.0,0.0,37.57037568311554,4.5057994881438e-15,400.0,0.6708203932499369,5.006443875715335e-16,2.0,False
random_geometric,20,iid,0.15,3.0,constant,max_abs,0.009925,1.0,0.0,0.5213031160893571,4.5057994881438e-15,400.0,0.6708203932499369,5.006443875715335e-16,2.0,False
random_geometric,20,iid,0.15,3.0,edge_bipolar,euclidean,0.009375,1.0,0.0,0.8453334528700998,130.5,399.99999999999994,2.1213203435596424,14.500000000000002,2.5,False
random_geometric,20,iid,0.15,3.0,edge_bipolar,laplacian,0.009875,1.0,0.0,9.836486753569389,130.5,399.99999999999994,2.1213203435596424,14.500000000000002,2.5,False
random_geometric,20,iid,0.15,3.0,edge_bipolar,mahalanobis,0.009375,1.0,0.0,37.57037568311554,130.5,399.99999999999994,2.1213203435596424,14.500000000000002,2.5,False
random_geometric,20,iid,0.15,3.0,edge_bipolar,max_abs,0.009925,1.0,0.0,0.5213031160893571,130.5,399.99999999999994,2.1213203435596424,14.500000000000002,2.5,False
random_geometric,20,iid,0.15,3.0,fiedler,euclidean,0.009375,1.0,0.0,0.8453334528700998,31.582314508991274,400.0,2.2416778538511393,3.509146056554586,2.5,False
random_geometric,20,iid,0.15,3.0,fiedler,laplacian,0.009875,1.0,0.0,9.836486753569389,31.582314508991274,400.0,2.2416778538511393,3.509146056554586,2.5,False
random_geometric,20,iid,0.15,3.0,fiedler,mahalanobis,0.009375,1.0,0.0,37.57037568311554,31.582314508991274,400.0,2.2416778538511393,3.509146056554586,2.5,False
random_geometric,20,iid,0.15,3.0,fiedler,max_abs,0.009925,1.0,0.0,0.5213031160893571,31.582314508991274,400.0,2.2416778538511393,3.509146056554586,2.5,False
random_geometric,20,iid,0.15,3.0,high_frequency,euclidean,0.009375,1.0,0.0,0.8453334528700998,160.8061168318829,400.0,2.8508534176359994,17.867346314653652,2.5,False
random_geometric,20,iid,0.15,3.0,high_frequency,laplacian,0.009875,1.0,0.0,9.836486753569389,160.8061168318829,400.0,2.8508534176359994,17.867346314653652,2.5,False
random_geometric,20,iid,0.15,3.0,high_frequency,mahalanobis,0.009375,1.0,0.0,37.57037568311554,160.8061168318829,400.0,2.8508534176359994,17.867346314653652,2.5,False
random_geometric,20,iid,0.15,3.0,high_frequency,max_abs,0.009925,1.0,0.0,0.5213031160893571,160.8061168318829,400.0,2.8508534176359994,17.867346314653652,2.5,False
random_geometric,20,iid,0.15,3.0,point,euclidean,0.009375,1.0,0.0,0.8453334528700998,114.75,399.99999999999994,3.0,12.75,2.5,False
random_geometric,20,iid,0.15,3.0,point,laplacian,0.009875,1.0,0.0,9.836486753569389,114.75,399.99999999999994,3.0,12.75,2.5,False
random_geometric,20,iid,0.15,3.0,point,mahalanobis,0.009375,1.0,0.0,37.57037568311554,114.75,399.99999999999994,3.0,12.75,2.5,False
random_geometric,20,iid,0.15,3.0,point,max_abs,0.009925,1.0,0.0,0.5213031160893571,114.75,399.99999999999994,3.0,12.75,2.5,False
random_geometric,20,iid,0.3,0.75,cluster,euclidean,0.0095,0.0902,0.003503331747541664,3.381824157640606,5.44921875,6.249999999999999,0.375,9.6875,1.5,False
random_geometric,20,iid,0.3,0.75,cluster,laplacian,0.01075,0.072125,0.008420362224987715,37.68966958158401,5.44921875,6.249999999999999,0.375,9.6875,3.0,False
random_geometric,20,iid,0.3,0.75,cluster,mahalanobis,0.0095,0.0902,0.003503331747541664,37.57582397378451,5.44921875,6.249999999999999,0.375,9.6875,1.5,False
random_geometric,20,iid,0.3,0.75,cluster,max_abs,0.011275,0.061399999999999996,0.0014832396974191339,1.0393457503597936,5.44921875,6.249999999999999,0.375,9.6875,4.0,False
random_geometric,20,iid,0.3,0.75,constant,euclidean,0.0095,0.0876,0.0034029399054347114,3.381824157640606,1.8386268572487615e-16,6.25,0.16770509831248423,3.268669968442244e-16,1.5,False
random_geometric,20,iid,0.3,0.75,constant,laplacian,0.01075,0.010225,0.0019155068954891984,37.68966958158401,1.8386268572487615e-16,6.25,0.16770509831248423,3.268669968442244e-16,4.0,False
random_geometric,20,iid,0.3,0.75,constant,mahalanobis,0.0095,0.0876,0.0034029399054347114,37.57582397378451,1.8386268572487615e-16,6.25,0.16770509831248423,3.268669968442244e-16,1.5,False
random_geometric,20,iid,0.3,0.75,constant,max_abs,0.011275,0.0356,0.0025442746183015176,1.0393457503597936,1.8386268572487615e-16,6.25,0.16770509831248423,3.268669968442244e-16,3.0,False
random_geometric,20,iid,0.3,0.75,edge_bipolar,euclidean,0.0095,0.08935,0.0050123181596276704,3.381824157640606,8.015624999999998,6.249999999999999,0.5303300858899106,14.250000000000002,3.5,False
random_geometric,20,iid,0.3,0.75,edge_bipolar,laplacian,0.01075,0.1295,0.03544150109687794,37.68966958158401,8.015624999999998,6.249999999999999,0.5303300858899106,14.250000000000002,1.0,True
random_geometric,20,iid,0.3,0.75,edge_bipolar,mahalanobis,0.0095,0.08935,0.0050123181596276704,37.57582397378451,8.015624999999998,6.249999999999999,0.5303300858899106,14.250000000000002,3.5,False
random_geometric,20,iid,0.3,0.75,edge_bipolar,max_abs,0.011275,0.0943,0.0011430952132988107,1.0393457503597936,8.015624999999998,6.249999999999999,0.5303300858899106,14.250000000000002,2.0,False
random_geometric,20,iid,0.3,0.75,fiedler,euclidean,0.0095,0.091225,0.005573972252053887,3.381824157640606,1.6941188763708919,6.25,0.5748289567475868,3.0117668913260296,2.5,False
random_geometric,20,iid,0.3,0.75,fiedler,laplacian,0.01075,0.017375,0.006990648515457393,37.68966958158401,1.6941188763708919,6.25,0.5748289567475868,3.0117668913260296,4.0,False
random_geometric,20,iid,0.3,0.75,fiedler,mahalanobis,0.0095,0.091225,0.005573972252053887,37.57582397378451,1.6941188763708919,6.25,0.5748289567475868,3.0117668913260296,2.5,False
random_geometric,20,iid,0.3,0.75,fiedler,max_abs,0.011275,0.0942,0.04075086911138624,1.0393457503597936,1.6941188763708919,6.25,0.5748289567475868,3.0117668913260296,1.0,True
random_geometric,20,iid,0.3,0.75,high_frequency,euclidean,0.0095,0.0891,0.004088194385463264,3.381824157640606,10.054940860915185,6.250000000000001,0.6133292922332172,17.87545041940477,3.5,False
random_geometric,20,iid,0.3,0.75,high_frequency,laplacian,0.01075,0.19025,0.012627615240680503,37.68966958158401,10.054940860915185,6.250000000000001,0.6133292922332172,17.87545041940477,1.0,True
random_geometric,20,iid,0.3,0.75,high_frequency,mahalanobis,0.0095,0.0891,0.004088194385463264,37.57582397378451,10.054940860915185,6.250000000000001,0.6133292922332172,17.87545041940477,3.5,False
random_geometric,20,iid,0.3,0.75,high_frequency,max_abs,0.011275,0.11435000000000001,0.03088133200926843,1.0393457503597936,10.054940860915185,6.250000000000001,0.6133292922332172,17.87545041940477,2.0,False
random_geometric,20,iid,0.3,0.75,point,euclidean,0.0095,0.089975,0.006821229117004257,3.381824157640606,5.765625,6.249999999999999,0.75,10.25,2.5,False
random_geometric,20,iid,0.3,0.75,point,laplacian,0.01075,0.0722,0.03435840508521896,37.68966958158401,5.765625,6.249999999999999,0.75,10.25,4.0,False
random_geometric,20,iid,0.3,0.75,point,mahalanobis,0.0095,0.089975,0.006821229117004257,37.57582397378451,5.765625,6.249999999999999,0.75,10.25,2.5,False
random_geometric,20,iid,0.3,0.75,point,max_abs,0.011275,0.17809999999999998,0.00587707410196605,1.0393457503597936,5.765625,6.249999999999999,0.75,10.25,1.0,True
random_geometric,20,iid,0.3,1.5,cluster,euclidean,0.0095,0.7188749999999999,0.004997582749023067,3.381824157640606,17.578125,24.999999999999996,0.75,7.8125,1.5,False
random_geometric,20,iid,0.3,1.5,cluster,laplacian,0.01075,0.413575,0.16677988237994013,37.68966958158401,17.578125,24.999999999999996,0.75,7.8125,4.0,False
random_geometric,20,iid,0.3,1.5,cluster,mahalanobis,0.0095,0.7188749999999999,0.004997582749023067,37.57582397378451,17.578125,24.999999999999996,0.75,7.8125,1.5,False
random_geometric,20,iid,0.3,1.5,cluster,max_abs,0.011275,0.520975,0.009942962335239948,1.0393457503597936,17.578125,24.999999999999996,0.75,7.8125,3.0,False
random_geometric,20,iid,0.3,1.5,constant,euclidean,0.0095,0.7231,0.007588148654316184,3.381824157640606,7.354507428995046e-16,25.0,0.33541019662496846,3.268669968442244e-16,1.5,False
random_geometric,20,iid,0.3,1.5,constant,laplacian,0.01075,0.009975,0.0008460693430998035,37.68966958158401,7.354507428995046e-16,25.0,0.33541019662496846,3.268669968442244e-16,4.0,False
random_geometric,20,iid,0.3,1.5,constant,mahalanobis,0.0095,0.7231,0.007588148654316184,37.57582397378451,7.354507428995046e-16,25.0,0.33541019662496846,3.268669968442244e-16,1.5,False
random_geometric,20,iid,0.3,1.5,constant,max_abs,0.011275,0.1763,0.006931570288662363,1.0393457503597936,7.354507428995046e-16,25.0,0.33541019662496846,3.268669968442244e-16,3.0,False
random_geometric,20,iid,0.3,1.5,edge_bipolar,euclidean,0.0095,0.7184250000000001,0.005720941064778292,3.381824157640606,26.718749999999993,24.999999999999996,1.0606601717798212,11.875,2.5,False
random_geometric,20,iid,0.3,1.5,edge_bipolar,laplacian,0.01075,0.714975,0.08687847355166098,37.68966958158401,26.718749999999993,24.999999999999996,1.0606601717798212,11.875,4.0,False
random_geometric,20,iid,0.3,1.5,edge_bipolar,mahalanobis,0.0095,0.7184250000000001,0.005720941064778292,37.57582397378451,26.718749999999993,24.999999999999996,1.0606601717798212,11.875,2.5,False
random_geometric,20,iid,0.3,1.5,edge_bipolar,max_abs,0.011275,0.779375,0.006061559205353073,1.0393457503597936,26.718749999999993,24.999999999999996,1.0606601717798212,11.875,1.0,True
random_geometric,20,iid,0.3,1.5,fiedler,euclidean,0.0095,0.719,0.006668832981364446,3.381824157640606,6.7764755054835675,25.0,1.1496579134951737,3.0117668913260296,1.5,False
random_geometric,20,iid,0.3,1.5,fiedler,laplacian,0.01075,0.0733,0.06205980986113315,37.68966958158401,6.7764755054835675,25.0,1.1496579134951737,3.0117668913260296,4.0,False
random_geometric,20,iid,0.3,1.5,fiedler,mahalanobis,0.0095,0.719,0.006668832981364446,37.57582397378451,6.7764755054835675,25.0,1.1496579134951737,3.0117668913260296,1.5,False
random_geometric,20,iid,0.3,1.5,fiedler,max_abs,0.011275,0.666025,0.23552253076935123,1.0393457503597936,6.7764755054835675,25.0,1.1496579134951737,3.0117668913260296,3.0,False
random_geometric,20,iid,0.3,1.5,high_frequency,euclidean,0.0095,0.720125,0.005195751469550232,3.381824157640606,40.21976344366074,25.000000000000004,1.2266585844664344,17.87545041940477,3.5,False
random_geometric,20,iid,0.3,1.5,high_frequency,laplacian,0.01075,0.9047000000000001,0.011277706622654572,37.68966958158401,40.21976344366074,25.000000000000004,1.2266585844664344,17.87545041940477,1.0,True
random_geometric,20,iid,0.3,1.5,high_frequency,mahalanobis,0.0095,0.720125,0.005195751469550232,37.57582397378451,40.21976344366074,25.000000000000004,1.2266585844664344,17.87545041940477,3.5,False
random_geometric,20,iid,0.3,1.5,high_frequency,max_abs,0.011275,0.804675,0.08939938012462204,1.0393457503597936,40.21976344366074,25.000000000000004,1.2266585844664344,17.87545041940477,2.0,False
random_geometric,20,iid,0.3,1.5,point,euclidean,0.0095,0.720325,0.009157647077715984,3.381824157640606,23.0625,24.999999999999996,1.5,10.25,2.5,False
random_geometric,20,iid,0.3,1.5,point,laplacian,0.01075,0.622475,0.05475036529558503,37.68966958158401,23.0625,24.999999999999996,1.5,10.25,4.0,False
random_geometric,20,iid,0.3,1.5,point,mahalanobis,0.0095,0.720325,0.009157647077715984,37.57582397378451,23.0625,24.999999999999996,1.5,10.25,2.5,False
random_geometric,20,iid,0.3,1.5,point,max_abs,0.011275,0.938075,0.0031073836797751997,1.0393457503597936,23.0625,24.999999999999996,1.5,10.25,1.0,True
random_geometric,20,iid,0.3,3.0,cluster,euclidean,0.0095,1.0,0.0,3.381824157640606,77.625,99.99999999999999,1.5,8.625,2.0,False
random_geometric,20,iid,0.3,3.0,cluster,laplacian,0.01075,0.9989250000000001,0.0020188693205191043,37.68966958158401,77.625,99.99999999999999,1.5,8.625,4.0,False
random_geometric,20,iid,0.3,3.0,cluster,mahalanobis,0.0095,1.0,0.0,37.57582397378451,77.625,99.99999999999999,1.5,8.625,2.0,False
random_geometric,20,iid,0.3,3.0,cluster,max_abs,0.011275,1.0,0.0,1.0393457503597936,77.625,99.99999999999999,1.5,8.625,2.0,False
random_geometric,20,iid,0.3,3.0,constant,euclidean,0.0095,1.0,0.0,3.381824157640606,2.9418029715980185e-15,100.0,0.6708203932499369,3.268669968442244e-16,1.5,False
random_geometric,20,iid,0.3,3.0,constant,laplacian,0.01075,0.010750000000000001,0.0005567764362830017,37.68966958158401,2.9418029715980185e-15,100.0,0.6708203932499369,3.268669968442244e-16,4.0,False
random_geometric,20,iid,0.3,3.0,constant,mahalanobis,0.0095,1.0,0.0,37.57582397378451,2.9418029715980185e-15,100.0,0.6708203932499369,3.268669968442244e-16,1.5,False
random_geometric,20,iid,0.3,3.0,constant,max_abs,0.011275,0.90175,0.008290355842785025,1.0393457503597936,2.9418029715980185e-15,100.0,0.6708203932499369,3.268669968442244e-16,3.0,False
random_geometric,20,iid,0.3,3.0,edge_bipolar,euclidean,0.0095,1.0,0.0,3.381824157640606,111.37499999999999,99.99999999999999,2.1213203435596424,12.375,2.0,False
random_geometric,20,iid,0.3,3.0,edge_bipolar,laplacian,0.01075,0.9999750000000001,5.000000000001299e-05,37.68966958158401,111.37499999999999,99.99999999999999,2.1213203435596424,12.375,4.0,False
random_geometric,20,iid,0.3,3.0,edge_bipolar,mahalanobis,0.0095,1.0,0.0,37.57582397378451,111.37499999999999,99.99999999999999,2.1213203435596424,12.375,2.0,False
random_geometric,20,iid,0.3,3.0,edge_bipolar,max_abs,0.011275,1.0,0.0,1.0393457503597936,111.37499999999999,99.99999999999999,2.1213203435596424,12.375,2.0,False
random_geometric,20,iid,0.3,3.0,fiedler,euclidean,0.0095,1.0,0.0,3.381824157640606,27.10590202193427,100.0,2.2993158269903473,3.0117668913260296,1.5,False
random_geometric,20,iid,0.3,3.0,fiedler,laplacian,0.01075,0.642925,0.3752743296576519,37.68966958158401,27.10590202193427,100.0,2.2993158269903473,3.0117668913260296,4.0,False
random_geometric,20,iid,0.3,3.0,fiedler,mahalanobis,0.0095,1.0,0.0,37.57582397378451,27.10590202193427,100.0,2.2993158269903473,3.0117668913260296,1.5,False
random_geometric,20,iid,0.3,3.0,fiedler,max_abs,0.011275,0.999675,0.0006499999999999931,1.0393457503597936,27.10590202193427,100.0,2.2993158269903473,3.0117668913260296,3.0,False
random_geometric,20,iid,0.3,3.0,high_frequency,euclidean,0.0095,1.0,0.0,3.381824157640606,160.87905377464295,100.00000000000001,2.4533171689328688,17.87545041940477,2.5,False
random_geometric,20,iid,0.3,3.0,high_frequency,laplacian,0.01075,1.0,0.0,37.68966958158401,160.87905377464295,100.00000000000001,2.4533171689328688,17.87545041940477,2.5,False
random_geometric,20,iid,0.3,3.0,high_frequency,mahalanobis,0.0095,1.0,0.0,37.57582397378451,160.87905377464295,100.00000000000001,2.4533171689328688,17.87545041940477,2.5,False
random_geometric,20,iid,0.3,3.0,high_frequency,max_abs,0.011275,1.0,0.0,1.0393457503597936,160.87905377464295,100.00000000000001,2.4533171689328688,17.87545041940477,2.5,False
random_geometric,20,iid,0.3,3.0,point,euclidean,0.0095,1.0,0.0,3.381824157640606,103.5,99.99999999999999,3.0,11.5,2.0,False
random_geometric,20,iid,0.3,3.0,point,laplacian,0.01075,0.9963500000000001,0.007299999999999989,37.68966958158401,103.5,99.99999999999999,3.0,11.5,4.0,False
random_geometric,20,iid,0.3,3.0,point,mahalanobis,0.0095,1.0,0.0,37.57582397378451,103.5,99.99999999999999,3.0,11.5,2.0,False
random_geometric,20,iid,0.3,3.0,point,max_abs,0.011275,1.0,0.0,1.0393457503597936,103.5,99.99999999999999,3.0,11.5,2.0,False
random_geometric,40,correlated,0.15,0.75,cluster,euclidean,0.010125,0.42012499999999997,0.021083386034189706,1.4992670483777841,6.609374999999998,19.672277699711678,0.2651650429449553,11.75,1.0,True
random_geometric,40,correlated,0.15,0.75,cluster,laplacian,0.0108,0.30815000000000003,0.1429611019356897,22.75537950836455,6.609374999999998,19.672277699711678,0.2651650429449553,11.75,3.0,False
random_geometric,40,correlated,0.15,0.75,cluster,mahalanobis,0.0104,0.36235,0.07551359700963355,63.39759231779312,6.609374999999998,19.672277699711678,0.2651650429449553,11.75,2.0,False
random_geometric,40,correlated,0.15,0.75,cluster,max_abs,0.010575000000000001,0.212375,0.01295694794309216,0.5470089060600708,6.609374999999998,19.672277699711678,0.2651650429449553,11.75,4.0,False
random_geometric,40,correlated,0.15,0.75,constant,euclidean,0.010125,0.41600000000000004,0.01863849063989177,1.4992670483777841,-1.0779355883989403e-16,8.462443870258998,0.11858541225631422,-1.9163299349314501e-16,1.0,True
random_geometric,40,correlated,0.15,0.75,constant,laplacian,0.0108,0.011275,0.0008421203397773183,22.75537950836455,-1.0779355883989403e-16,8.462443870258998,0.11858541225631422,-1.9163299349314501e-16,4.0,False
random_geometric,40,correlated,0.15,0.75,constant,mahalanobis,0.0104,0.092475,0.004057400645733671,63.39759231779312,-1.0779355883989403e-16,8.462443870258998,0.11858541225631422,-1.9163299349314501e-16,2.0,False
random_geometric,40,correlated,0.15,0.75,constant,max_abs,0.010575000000000001,0.079425,0.004933136257324878,0.5470089060600708,-1.0779355883989403e-16,8.462443870258998,0.11858541225631422,-1.9163299349314501e-16,3.0,False
random_geometric,40,correlated,0.15,0.75,edge_bipolar,euclidean,0.010125,0.4266,0.022264321233758756,1.4992670483777841,12.09375,27.904826519065587,0.5303300858899106,21.500000000000004,4.0,False
random_geometric,40,correlated,0.15,0.75,edge_bipolar,laplacian,0.0108,0.700475,0.050829543574578764,22.75537950836455,12.09375,27.904826519065587,0.5303300858899106,21.500000000000004,2.0,False
random_geometric,40,correlated,0.15,0.75,edge_bipolar,mahalanobis,0.0104,0.60685,0.011532129031536198,63.39759231779312,12.09375,27.904826519065587,0.5303300858899106,21.500000000000004,3.0,False
random_geometric,40,correlated,0.15,0.75,edge_bipolar,max_abs,0.010575000000000001,0.723225,0.008848116560413666,0.5470089060600708,12.09375,27.904826519065587,0.5303300858899106,21.500000000000004,1.0,True
random_geometric,40,correlated,0.15,0.75,fiedler,euclidean,0.010125,0.426375,0.020102964126383623,1.4992670483777841,1.929876845454782,15.598978863682575,0.38113031040930445,3.4308921696973904,1.0,True
random_geometric,40,correlated,0.15,0.75,fiedler,laplacian,0.0108,0.034775,0.007384386681821766,22.75537950836455,1.929876845454782,15.598978863682575,0.38113031040930445,3.4308921696973904,4.0,False
random_geometric,40,correlated,0.15,0.75,fiedler,mahalanobis,0.0104,0.25235,0.12380636763376376,63.39759231779312,1.929876845454782,15.598978863682575,0.38113031040930445,3.4308921696973904,3.0,False
random_geometric,40,correlated,0.15,0.75,fiedler,max_abs,0.010575000000000001,0.3146,0.3249288434924381,0.5470089060600708,1.929876845454782,15.598978863682575,0.38113031040930445,3.4308921696973904,2.0,False
random_geometric,40,correlated,0.15,0.75,high_frequency,euclidean,0.010125,0.425075,0.02491216235763837,1.4992670483777841,16.15893310902848,28.986192476610512,0.659447144654486,28.72699219382841,4.0,False
random_geometric,40,correlated,0.15,0.75,high_frequency,laplacian,0.0108,0.86075,0.01617992583419343,22.75537950836455,16.15893310902848,28.986192476610512,0.659447144654486,28.72699219382841,1.0,True
random_geometric,40,correlated,0.15,0.75,high_frequency,mahalanobis,0.0104,0.6380250000000001,0.03204854390868116,63.39759231779312,16.15893310902848,28.986192476610512,0.659447144654486,28.72699219382841,3.0,False
random_geometric,40,correlated,0.15,0.75,high_frequency,max_abs,0.010575000000000001,0.78305,0.12569191169946722,0.5470089060600708,16.15893310902848,28.986192476610512,0.659447144654486,28.72699219382841,2.0,False
random_geometric,40,correlated,0.15,0.75,point,euclidean,0.010125,0.424125,0.025363671527074565,1.4992670483777841,7.59375,26.94378487730655,0.75,13.5,3.0,False
random_geometric,40,correlated,0.15,0.75,point,laplacian,0.0108,0.35362499999999997,0.18780494091831915,22.75537950836455,7.59375,26.94378487730655,0.75,13.5,4.0,False
random_geometric,40,correlated,0.15,0.75,point,mahalanobis,0.0104,0.579275,0.010884354214498286,63.39759231779312,7.59375,26.94378487730655,0.75,13.5,2.0,False
random_geometric,40,correlated,0.15,0.75,point,max_abs,0.010575000000000001,0.913625,0.005543389456520869,0.5470089060600708,7.59375,26.94378487730655,0.75,13.5,1.0,True
random_geometric,40,correlated,0.15,1.5,cluster,euclidean,0.010125,0.999725,0.0002500000000000008,1.4992670483777841,32.976562499999986,85.27914730594642,0.5303300858899106,14.656249999999998,2.0,False
random_geometric,40,correlated,0.15,1.5,cluster,laplacian,0.0108,0.9996,0.00025819888974716853,22.75537950836455,32.976562499999986,85.27914730594642,0.5303300858899106,14.656249999999998,3.0,False
random_geometric,40,correlated,0.15,1.5,cluster,mahalanobis,0.0104,0.99975,0.000238047614284751,63.39759231779312,32.976562499999986,85.27914730594642,0.5303300858899106,14.656249999999998,1.0,True
random_geometric,40,correlated,0.15,1.5,cluster,max_abs,0.010575000000000001,0.9823500000000001,0.0017785762095938417,0.5470089060600708,32.976562499999986,85.27914730594642,0.5303300858899106,14.656249999999998,4.0,False
random_geometric,40,correlated,0.15,1.5,constant,euclidean,0.010125,0.9928,0.001358921140709294,1.4992670483777841,-4.311742353595761e-16,33.84977548103599,0.23717082451262844,-1.9163299349314501e-16,1.0,True
random_geometric,40,correlated,0.15,1.5,constant,laplacian,0.0108,0.01085,0.000759385716659635,22.75537950836455,-4.311742353595761e-16,33.84977548103599,0.23717082451262844,-1.9163299349314501e-16,4.0,False
random_geometric,40,correlated,0.15,1.5,constant,mahalanobis,0.0104,0.749825,0.003909283821878392,63.39759231779312,-4.311742353595761e-16,33.84977548103599,0.23717082451262844,-1.9163299349314501e-16,2.0,False
random_geometric,40,correlated,0.15,1.5,constant,max_abs,0.010575000000000001,0.498225,0.018569576372838088,0.5470089060600708,-4.311742353595761e-16,33.84977548103599,0.23717082451262844,-1.9163299349314501e-16,3.0,False
random_geometric,40,correlated,0.15,1.5,edge_bipolar,euclidean,0.010125,0.9999750000000001,5.000000000001299e-05,1.4992670483777841,44.71875,112.27606613632074,1.0606601717798212,19.875000000000004,3.0,False
random_geometric,40,correlated,0.15,1.5,edge_bipolar,laplacian,0.0108,0.999925,0.00014999999999996497,22.75537950836455,44.71875,112.27606613632074,1.0606601717798212,19.875000000000004,4.0,False
random_geometric,40,correlated,0.15,1.5,edge_bipolar,mahalanobis,0.0104,1.0,0.0,63.39759231779312,44.71875,112.27606613632074,1.0606601717798212,19.875000000000004,1.5,False
random_geometric,40,correlated,0.15,1.5,edge_bipolar,max_abs,0.010575000000000001,1.0,0.0,0.5470089060600708,44.71875,112.27606613632074,1.0606601717798212,19.875000000000004,1.5,False
random_geometric,40,correlated,0.15,1.5,fiedler,euclidean,0.010125,0.998925,0.0011701139545645888,1.4992670483777841,7.719507381819128,62.3959154547303,0.7622606208186089,3.4308921696973904,1.0,True
random_geometric,40,correlated,0.15,1.5,fiedler,laplacian,0.0108,0.3534,0.1401757943916614,22.75537950836455,7.719507381819128,62.3959154547303,0.7622606208186089,3.4308921696973904,4.0,False
random_geometric,40,correlated,0.15,1.5,fiedler,mahalanobis,0.0104,0.9701,0.04325713813927132,63.39759231779312,7.719507381819128,62.3959154547303,0.7622606208186089,3.4308921696973904,2.0,False
random_geometric,40,correlated,0.15,1.5,fiedler,max_abs,0.010575000000000001,0.91255,0.11320475549492907,0.5470089060600708,7.719507381819128,62.3959154547303,0.7622606208186089,3.4308921696973904,3.0,False
random_geometric,40,correlated,0.15,1.5,high_frequency,euclidean,0.010125,0.9999750000000001,4.999999999998833e-05,1.4992670483777841,64.63573243611393,115.94476990644205,1.318894289308972,28.72699219382841,4.0,False
random_geometric,40,correlated,0.15,1.5,high_frequency,laplacian,0.0108,1.0,0.0,22.75537950836455,64.63573243611393,115.94476990644205,1.318894289308972,28.72699219382841,2.0,False
random_geometric,40,correlated,0.15,1.5,high_frequency,mahalanobis,0.0104,1.0,0.0,63.39759231779312,64.63573243611393,115.94476990644205,1.318894289308972,28.72699219382841,2.0,False
random_geometric,40,correlated,0.15,1.5,high_frequency,max_abs,0.010575000000000001,1.0,0.0,0.5470089060600708,64.63573243611393,115.94476990644205,1.318894289308972,28.72699219382841,2.0,False
random_geometric,40,correlated,0.15,1.5,point,euclidean,0.010125,1.0,0.0,1.4992670483777841,37.125,107.72788339032364,1.5,16.5,2.0,False
random_geometric,40,correlated,0.15,1.5,point,laplacian,0.0108,0.9998,0.00039999999999997443,22.75537950836455,37.125,107.72788339032364,1.5,16.5,4.0,False
random_geometric,40,correlated,0.15,1.5,point,mahalanobis,0.0104,1.0,0.0,63.39759231779312,37.125,107.72788339032364,1.5,16.5,2.0,False
random_geometric,40,correlated,0.15,1.5,point,max_abs,0.010575000000000001,1.0,0.0,0.5470089060600708,37.125,107.72788339032364,1.5,16.5,2.0,False
random_geometric,40,correlated,0.15,3.0,cluster,euclidean,0.010125,1.0,0.0,1.4992670483777841,104.62499999999997,316.428372698688,1.0606601717798212,11.625,2.5,False
random_geometric,40,correlated,0.15,3.0,cluster,laplacian,0.0108,1.0,0.0,22.75537950836455,104.62499999999997,316.428372698688,1.0606601717798212,11.625,2.5,False
random_geometric,40,correlated,0.15,3.0,cluster,mahalanobis,0.0104,1.0,0.0,63.39759231779312,104.62499999999997,316.428372698688,1.0606601717798212,11.625,2.5,False
random_geometric,40,correlated,0.15,3.0,cluster,max_abs,0.010575000000000001,1.0,0.0,0.5470089060600708,104.62499999999997,316.428372698688,1.0606601717798212,11.625,2.5,False
random_geometric,40,correlated,0.15,3.0,constant,euclidean,0.010125,1.0,0.0,1.4992670483777841,-1.7246969414383044e-15,135.39910192414396,0.4743416490252569,-1.9163299349314501e-16,1.5,False
random_geometric,40,correlated,0.15,3.0,constant,laplacian,0.0108,0.0102,0.0009865765724632485,22.75537950836455,-1.7246969414383044e-15,135.39910192414396,0.4743416490252569,-1.9163299349314501e-16,4.0,False
random_geometric,40,correlated,0.15,3.0,constant,mahalanobis,0.0104,1.0,0.0,63.39759231779312,-1.7246969414383044e-15,135.39910192414396,0.4743416490252569,-1.9163299349314501e-16,1.5,False
random_geometric,40,correlated,0.15,3.0,constant,max_abs,0.010575000000000001,0.999925,4.999999999998833e-05,0.5470089060600708,-1.7246969414383044e-15,135.39910192414396,0.4743416490252569,-1.9163299349314501e-16,3.0,False
random_geometric,40,correlated,0.15,3.0,edge_bipolar,euclidean,0.010125,1.0,0.0,1.4992670483777841,181.125,450.0938842179447,2.1213203435596424,20.125000000000004,2.5,False
random_geometric,40,correlated,0.15,3.0,edge_bipolar,laplacian,0.0108,1.0,0.0,22.75537950836455,181.125,450.0938842179447,2.1213203435596424,20.125000000000004,2.5,False
random_geometric,40,correlated,0.15,3.0,edge_bipolar,mahalanobis,0.0104,1.0,0.0,63.39759231779312,181.125,450.0938842179447,2.1213203435596424,20.125000000000004,2.5,False
random_geometric,40,correlated,0.15,3.0,edge_bipolar,max_abs,0.010575000000000001,1.0,0.0,0.5470089060600708,181.125,450.0938842179447,2.1213203435596424,20.125000000000004,2.5,False
random_geometric,40,correlated,0.15,3.0,fiedler,euclidean,0.010125,1.0,0.0,1.4992670483777841,30.878029527276514,249.5836618189212,1.5245212416372178,3.4308921696973904,2.0,False
random_geometric,40,correlated,0.15,3.0,fiedler,laplacian,0.0108,0.9998,0.00039999999999997443,22.75537950836455,30.878029527276514,249.5836618189212,1.5245212416372178,3.4308921696973904,4.0,False
random_geometric,40,correlated,0.15,3.0,fiedler,mahalanobis,0.0104,1.0,0.0,63.39759231779312,30.878029527276514,249.5836618189212,1.5245212416372178,3.4308921696973904,2.0,False
random_geometric,40,correlated,0.15,3.0,fiedler,max_abs,0.010575000000000001,1.0,0.0,0.5470089060600708,30.878029527276514,249.5836618189212,1.5245212416372178,3.4308921696973904,2.0,False
random_geometric,40,correlated,0.15,3.0,high_frequency,euclidean,0.010125,1.0,0.0,1.4992670483777841,258.5429297444557,463.7790796257682,2.637788578617944,28.72699219382841,2.5,False
random_geometric,40,correlated,0.15,3.0,high_frequency,laplacian,0.0108,1.0,0.0,22.75537950836455,258.5429297444557,463.7790796257682,2.637788578617944,28.72699219382841,2.5,False
random_geometric,40,correlated,0.15,3.0,high_frequency,mahalanobis,0.0104,1.0,0.0,63.39759231779312,258.5429297444557,463.7790796257682,2.637788578617944,28.72699219382841,2.5,False
random_geometric,40,correlated,0.15,3.0,high_frequency,max_abs,0.010575000000000001,1.0,0.0,0.5470089060600708,258.5429297444557,463.7790796257682,2.637788578617944,28.72699219382841,2.5,False
random_geometric,40,correlated,0.15,3.0,point,euclidean,0.010125,1.0,0.0,1.4992670483777841,135.0,431.2800912539918,3.0,15.0,2.5,False
random_geometric,40,correlated,0.15,3.0,point,laplacian,0.0108,1.0,0.0,22.75537950836455,135.0,431.2800912539918,3.0,15.0,2.5,False
random_geometric,40,correlated,0.15,3.0,point,mahalanobis,0.0104,1.0,0.0,63.39759231779312,135.0,431.2800912539918,3.0,15.0,2.5,False
random_geometric,40,correlated,0.15,3.0,point,max_abs,0.010575000000000001,1.0,0.0,0.5470089060600708,135.0,431.2800912539918,3.0,15.0,2.5,False
random_geometric,40,correlated,0.3,0.75,cluster,euclidean,0.0089,0.048600000000000004,0.0007257180352359075,6.069721620841326,5.976562499999999,4.777788574841095,0.2651650429449553,10.625000000000002,1.0,True
random_geometric,40,correlated,0.3,0.75,cluster,laplacian,0.00825,0.031575,0.006444829969311317,87.60943992511542,5.976562499999999,4.777788574841095,0.2651650429449553,10.625000000000002,3.0,False
random_geometric,40,correlated,0.3,0.75,cluster,mahalanobis,0.008625,0.036125,0.0028324018076537065,64.08662037807636,5.976562499999999,4.777788574841095,0.2651650429449553,10.625000000000002,2.0,False
random_geometric,40,correlated,0.3,0.75,cluster,max_abs,0.0106,0.0282,0.0018457157599876188,1.098795965053941,5.976562499999999,4.777788574841095,0.2651650429449553,10.625000000000002,4.0,False
random_geometric,40,correlated,0.3,0.75,constant,euclidean,0.0089,0.067575,0.004863040886797751,6.069721620841326,1.8102735072348617e-17,2.112499014772361,0.11858541225631422,3.2182640128619776e-17,1.0,True
random_geometric,40,correlated,0.3,0.75,constant,laplacian,0.00825,0.0095,0.0011518101695447327,87.60943992511542,1.8102735072348617e-17,2.112499014772361,0.11858541225631422,3.2182640128619776e-17,4.0,False
random_geometric,40,correlated,0.3,0.75,constant,mahalanobis,0.008625,0.017750000000000002,0.00044347115652166935,64.08662037807636,1.8102735072348617e-17,2.112499014772361,0.11858541225631422,3.2182640128619776e-17,3.0,False
random_geometric,40,correlated,0.3,0.75,constant,max_abs,0.0106,0.021225,0.0018571932227602677,1.098795965053941,1.8102735072348617e-17,2.112499014772361,0.11858541225631422,3.2182640128619776e-17,2.0,False
random_geometric,40,correlated,0.3,0.75,edge_bipolar,euclidean,0.0089,0.038775000000000004,0.001417450763401207,6.069721620841326,10.054687499999998,7.063918457589711,0.5303300858899106,17.875,4.0,False
random_geometric,40,correlated,0.3,0.75,edge_bipolar,laplacian,0.00825,0.060625,0.013891094269351147,87.60943992511542,10.054687499999998,7.063918457589711,0.5303300858899106,17.875,3.0,False
random_geometric,40,correlated,0.3,0.75,edge_bipolar,mahalanobis,0.008625,0.063975,0.005346260375252966,64.08662037807636,10.054687499999998,7.063918457589711,0.5303300858899106,17.875,2.0,False
random_geometric,40,correlated,0.3,0.75,edge_bipolar,max_abs,0.0106,0.06555,0.004340122886125077,1.098795965053941,10.054687499999998,7.063918457589711,0.5303300858899106,17.875,1.0,True
random_geometric,40,correlated,0.3,0.75,fiedler,euclidean,0.0089,0.050775,0.0035659267145208293,6.069721620841326,1.8269305621931793,3.640079331946375,0.38008292289712153,3.2478765550100968,1.0,True
random_geometric,40,correlated,0.3,0.75,fiedler,laplacian,0.00825,0.0121,0.0008124038404635956,87.60943992511542,1.8269305621931793,3.640079331946375,0.38008292289712153,3.2478765550100968,4.0,False
random_geometric,40,correlated,0.3,0.75,fiedler,mahalanobis,0.008625,0.0281,0.0038738439135652674,64.08662037807636,1.8269305621931793,3.640079331946375,0.38008292289712153,3.2478765550100968,3.0,False
random_geometric,40,correlated,0.3,0.75,fiedler,max_abs,0.0106,0.03225,0.011843845096364047,1.098795965053941,1.8269305621931793,3.640079331946375,0.38008292289712153,3.2478765550100968,2.0,False
random_geometric,40,correlated,0.3,0.75,high_frequency,euclidean,0.0089,0.03615,0.004064070209367284,6.069721620841326,15.623753755574999,7.253035857185066,0.6677958642811915,27.77556223213334,4.0,False
random_geometric,40,correlated,0.3,0.75,high_frequency,laplacian,0.00825,0.13615,0.008033471644729109,87.60943992511542,15.623753755574999,7.253035857185066,0.6677958642811915,27.77556223213334,1.0,True
random_geometric,40,correlated,0.3,0.75,high_frequency,mahalanobis,0.008625,0.06415,0.003938273733503041,64.08662037807636,15.623753755574999,7.253035857185066,0.6677958642811915,27.77556223213334,3.0,False
random_geometric,40,correlated,0.3,0.75,high_frequency,max_abs,0.0106,0.09570000000000001,0.030654417843654008,1.098795965053941,15.623753755574999,7.253035857185066,0.6677958642811915,27.77556223213334,2.0,False
random_geometric,40,correlated,0.3,0.75,point,euclidean,0.0089,0.039900000000000005,0.003169647719647513,6.069721620841326,11.953125,6.74906290655952,0.75,21.25,4.0,False
random_geometric,40,correlated,0.3,0.75,point,laplacian,0.00825,0.083775,0.017168842904129174,87.60943992511542,11.953125,6.74906290655952,0.75,21.25,2.0,False
random_geometric,40,correlated,0.3,0.75,point,mahalanobis,0.008625,0.05735,0.0008062257748298534,64.08662037807636,11.953125,6.74906290655952,0.75,21.25,3.0,False
random_geometric,40,correlated,0.3,0.75,point,max_abs,0.0106,0.132575,0.0030587306735528927,1.098795965053941,11.953125,6.74906290655952,0.75,21.25,1.0,True
random_geometric,40,correlated,0.3,1.5,cluster,euclidean,0.0089,0.400275,0.014689083247999729,6.069721620841326,25.031249999999993,20.067897210253307,0.5303300858899106,11.125,1.0,True
random_geometric,40,correlated,0.3,1.5,cluster,laplacian,0.00825,0.27742500000000003,0.07511410764075324,87.60943992511542,25.031249999999993,20.067897210253307,0.5303300858899106,11.125,3.0,False
random_geometric,40,correlated,0.3,1.5,cluster,mahalanobis,0.008625,0.35497500000000004,0.031202497229121478,64.08662037807636,25.031249999999993,20.067897210253307,0.5303300858899106,11.125,2.0,False
random_geometric,40,correlated,0.3,1.5,cluster,max_abs,0.0106,0.209225,0.0054786707633634425,1.098795965053941,25.031249999999993,20.067897210253307,0.5303300858899106,11.125,4.0,False
random_geometric,40,correlated,0.3,1.5,constant,euclidean,0.0089,0.3986,0.01412916605229527,6.069721620841326,7.241094028939447e-17,8.449996059089443,0.23717082451262844,3.2182640128619776e-17,1.0,True
random_geometric,40,correlated,0.3,1.5,constant,laplacian,0.00825,0.008199999999999999,0.0013038404810405296,87.60943992511542,7.241094028939447e-17,8.449996059089443,0.23717082451262844,3.2182640128619776e-17,4.0,False
random_geometric,40,correlated,0.3,1.5,constant,mahalanobis,0.008625,0.078875,0.0028860295678780987,64.08662037807636,7.241094028939447e-17,8.449996059089443,0.23717082451262844,3.2182640128619776e-17,2.0,False
random_geometric,40,correlated,0.3,1.5,constant,max_abs,0.0106,0.078075,0.0026924276530051225,1.098795965053941,7.241094028939447e-17,8.449996059089443,0.23717082451262844,3.2182640128619776e-17,3.0,False
random_geometric,40,correlated,0.3,1.5,edge_bipolar,euclidean,0.0089,0.39992500000000003,0.011001325677692962,6.069721620841326,46.12499999999999,28.085132066100478,1.0606601717798212,20.5,4.0,False
random_geometric,40,correlated,0.3,1.5,edge_bipolar,laplacian,0.00825,0.667325,0.12006302164557855,87.60943992511542,46.12499999999999,28.085132066100478,1.0606601717798212,20.5,2.0,False
random_geometric,40,correlated,0.3,1.5,edge_bipolar,mahalanobis,0.008625,0.58985,0.015877552288267406,64.08662037807636,46.12499999999999,28.085132066100478,1.0606601717798212,20.5,3.0,False
random_geometric,40,correlated,0.3,1.5,edge_bipolar,max_abs,0.0106,0.7147749999999999,0.008076044824045963,1.098795965053941,46.12499999999999,28.085132066100478,1.0606601717798212,20.5,1.0,True
random_geometric,40,correlated,0.3,1.5,fiedler,euclidean,0.0089,0.408625,0.010239262668766742,6.069721620841326,7.307722248772717,14.5603173277855,0.7601658457942431,3.2478765550100968,1.0,True
random_geometric,40,correlated,0.3,1.5,fiedler,laplacian,0.00825,0.029675,0.004616185293796889,87.60943992511542,7.307722248772717,14.5603173277855,0.7601658457942431,3.2478765550100968,4.0,False
random_geometric,40,correlated,0.3,1.5,fiedler,mahalanobis,0.008625,0.207675,0.06729771541441805,64.08662037807636,7.307722248772717,14.5603173277855,0.7601658457942431,3.2478765550100968,3.0,False
random_geometric,40,correlated,0.3,1.5,fiedler,max_abs,0.0106,0.261725,0.2068730589032801,1.098795965053941,7.307722248772717,14.5603173277855,0.7601658457942431,3.2478765550100968,2.0,False
random_geometric,40,correlated,0.3,1.5,high_frequency,euclidean,0.0089,0.39944999999999997,0.012737739202856998,6.069721620841326,62.495015022299995,29.012143428740263,1.335591728562383,27.77556223213334,4.0,False
random_geometric,40,correlated,0.3,1.5,high_frequency,laplacian,0.00825,0.85375,0.017259876399711934,87.60943992511542,62.495015022299995,29.012143428740263,1.335591728562383,27.77556223213334,1.0,True
random_geometric,40,correlated,0.3,1.5,high_frequency,mahalanobis,0.008625,0.614825,0.012598776395613423,64.08662037807636,62.495015022299995,29.012143428740263,1.335591728562383,27.77556223213334,3.0,False
random_geometric,40,correlated,0.3,1.5,high_frequency,max_abs,0.0106,0.783825,0.16856180617209818,1.098795965053941,62.495015022299995,29.012143428740263,1.335591728562383,27.77556223213334,2.0,False
random_geometric,40,correlated,0.3,1.5,point,euclidean,0.0089,0.39797499999999997,0.01255504546653125,6.069721620841326,42.1875,26.982209671914195,1.5,18.75,4.0,False
random_geometric,40,correlated,0.3,1.5,point,laplacian,0.00825,0.609775,0.1070514323429008,87.60943992511542,42.1875,26.982209671914195,1.5,18.75,2.0,False
random_geometric,40,correlated,0.3,1.5,point,mahalanobis,0.008625,0.558325,0.007697348028163106,64.08662037807636,42.1875,26.982209671914195,1.5,18.75,3.0,False
random_geometric,40,correlated,0.3,1.5,point,max_abs,0.0106,0.9102250000000001,0.002876774814498574,1.098795965053941,42.1875,26.982209671914195,1.5,18.75,1.0,True
random_geometric,40,correlated,0.3,3.0,cluster,euclidean,0.0089,0.9992749999999999,0.00012583057392116776,6.069721620841326,85.78124999999999,75.04689695913817,1.0606601717798212,9.53125,1.0,True
random_geometric,40,correlated,0.3,3.0,cluster,laplacian,0.00825,0.9822500000000001,0.016128752793277825,87.60943992511542,85.78124999999999,75.04689695913817,1.0606601717798212,9.53125,3.0,False
random_geometric,40,correlated,0.3,3.0,cluster,mahalanobis,0.008625,0.998425,0.0006396613687465217,64.08662037807636,85.78124999999999,75.04689695913817,1.0606601717798212,9.53125,2.0,False
random_geometric,40,correlated,0.3,3.0,cluster,max_abs,0.0106,0.9762500000000001,0.0018119970566569667,1.098795965053941,85.78124999999999,75.04689695913817,1.0606601717798212,9.53125,4.0,False
random_geometric,40,correlated,0.3,3.0,constant,euclidean,0.0089,0.99145,0.00146173412995204,6.069721620841326,2.8964376115757787e-16,33.79998423635777,0.4743416490252569,3.2182640128619776e-17,1.0,True
random_geometric,40,correlated,0.3,3.0,constant,laplacian,0.00825,0.0097,0.0006976149845485452,87.60943992511542,2.8964376115757787e-16,33.79998423635777,0.4743416490252569,3.2182640128619776e-17,4.0,False
random_geometric,40,correlated,0.3,3.0,constant,mahalanobis,0.008625,0.7369,0.007153087911291647,64.08662037807636,2.8964376115757787e-16,33.79998423635777,0.4743416490252569,3.2182640128619776e-17,2.0,False
random_geometric,40,correlated,0.3,3.0,constant,max_abs,0.0106,0.48575,0.00576743732808024,1.098795965053941,2.8964376115757787e-16,33.79998423635777,0.4743416490252569,3.2182640128619776e-17,3.0,False
random_geometric,40,correlated,0.3,3.0,edge_bipolar,euclidean,0.0089,0.999925,9.574271077563292e-05,6.069721620841326,185.625,112.51706222788833,2.1213203435596424,20.625000000000004,4.0,False
random_geometric,40,correlated,0.3,3.0,edge_bipolar,laplacian,0.00825,1.0,0.0,87.60943992511542,185.625,112.51706222788833,2.1213203435596424,20.625000000000004,2.0,False
random_geometric,40,correlated,0.3,3.0,edge_bipolar,mahalanobis,0.008625,1.0,0.0,64.08662037807636,185.625,112.51706222788833,2.1213203435596424,20.625000000000004,2.0,False
random_geometric,40,correlated,0.3,3.0,edge_bipolar,max_abs,0.0106,1.0,0.0,1.098795965053941,185.625,112.51706222788833,2.1213203435596424,20.625000000000004,2.0,False
random_geometric,40,correlated,0.3,3.0,fiedler,euclidean,0.0089,0.99855,0.0007187952884282718,6.069721620841326,29.23088899509087,58.241269311142,1.5203316915884861,3.2478765550100968,1.0,True
random_geometric,40,correlated,0.3,3.0,fiedler,laplacian,0.00825,0.338675,0.0731180039388385,87.60943992511542,29.23088899509087,58.241269311142,1.5203316915884861,3.2478765550100968,4.0,False
random_geometric,40,correlated,0.3,3.0,fiedler,mahalanobis,0.008625,0.9728749999999999,0.02103764483016106,64.08662037807636,29.23088899509087,58.241269311142,1.5203316915884861,3.2478765550100968,2.0,False
random_geometric,40,correlated,0.3,3.0,fiedler,max_abs,0.0106,0.9351499999999999,0.04997015776107444,1.098795965053941,29.23088899509087,58.241269311142,1.5203316915884861,3.2478765550100968,3.0,False
random_geometric,40,correlated,0.3,3.0,high_frequency,euclidean,0.0089,0.99995,5.7735026918956215e-05,6.069721620841326,249.98006008919998,116.04857371496105,2.671183457124766,27.77556223213334,4.0,False
random_geometric,40,correlated,0.3,3.0,high_frequency,laplacian,0.00825,1.0,0.0,87.60943992511542,249.98006008919998,116.04857371496105,2.671183457124766,27.77556223213334,2.0,False
random_geometric,40,correlated,0.3,3.0,high_frequency,mahalanobis,0.008625,1.0,0.0,64.08662037807636,249.98006008919998,116.04857371496105,2.671183457124766,27.77556223213334,2.0,False
random_geometric,40,correlated,0.3,3.0,high_frequency,max_abs,0.0106,1.0,0.0,1.098795965053941,249.98006008919998,116.04857371496105,2.671183457124766,27.77556223213334,2.0,False
random_geometric,40,correlated,0.3,3.0,point,euclidean,0.0089,0.9999750000000001,4.999999999998833e-05,6.069721620841326,137.25,107.99467886421131,3.0,15.25,3.0,False
random_geometric,40,correlated,0.3,3.0,point,laplacian,0.00825,0.999675,0.0006499999999999931,87.60943992511542,137.25,107.99467886421131,3.0,15.25,4.0,False
random_geometric,40,correlated,0.3,3.0,point,mahalanobis,0.008625,1.0,0.0,64.08662037807636,137.25,107.99467886421131,3.0,15.25,1.5,False
random_geometric,40,correlated,0.3,3.0,point,max_abs,0.0106,1.0,0.0,1.098795965053941,137.25,107.99467886421131,3.0,15.25,1.5,False
random_geometric,40,iid,0.15,0.75,cluster,euclidean,0.00865,0.5078,0.0046740417912837385,1.4393871263964308,5.730468749999999,24.999999999999996,0.2651650429449553,10.1875,1.5,False
random_geometric,40,iid,0.15,0.75,cluster,laplacian,0.009600000000000001,0.23472500000000002,0.10276505161451209,22.27341848572124,5.730468749999999,24.999999999999996,0.2651650429449553,10.1875,3.0,False
random_geometric,40,iid,0.15,0.75,cluster,mahalanobis,0.00865,0.5078,0.0046740417912837385,63.97276117317469,5.730468749999999,24.999999999999996,0.2651650429449553,10.1875,1.5,False
random_geometric,40,iid,0.15,0.75,cluster,max_abs,0.010125,0.217025,0.016125833311801285,0.5493782979068542,5.730468749999999,24.999999999999996,0.2651650429449553,10.1875,4.0,False
random_geometric,40,iid,0.15,0.75,constant,euclidean,0.00865,0.501725,0.005593076076721976,1.4393871263964308,-1.4811328695557956e-16,25.0,0.11858541225631422,-2.633125101432527e-16,1.5,False
random_geometric,40,iid,0.15,0.75,constant,laplacian,0.009600000000000001,0.0092,0.00048304589153964856,22.27341848572124,-1.4811328695557956e-16,25.0,0.11858541225631422,-2.633125101432527e-16,4.0,False
random_geometric,40,iid,0.15,0.75,constant,mahalanobis,0.00865,0.501725,0.005593076076721976,63.97276117317469,-1.4811328695557956e-16,25.0,0.11858541225631422,-2.633125101432527e-16,1.5,False
random_geometric,40,iid,0.15,0.75,constant,max_abs,0.010125,0.079275,0.009446824863413104,0.5493782979068542,-1.4811328695557956e-16,25.0,0.11858541225631422,-2.633125101432527e-16,3.0,False
random_geometric,40,iid,0.15,0.75,edge_bipolar,euclidean,0.00865,0.502175,0.006935596585730795,1.4393871263964308,11.1796875,24.999999999999996,0.5303300858899106,19.875,3.5,False
random_geometric,40,iid,0.15,0.75,edge_bipolar,laplacian,0.009600000000000001,0.61875,0.1751606976464755,22.27341848572124,11.1796875,24.999999999999996,0.5303300858899106,19.875,2.0,False
random_geometric,40,iid,0.15,0.75,edge_bipolar,mahalanobis,0.00865,0.502175,0.006935596585730795,63.97276117317469,11.1796875,24.999999999999996,0.5303300858899106,19.875,3.5,False
random_geometric,40,iid,0.15,0.75,edge_bipolar,max_abs,0.010125,0.6999249999999999,0.012594807130983258,0.5493782979068542,11.1796875,24.999999999999996,0.5303300858899106,19.875,1.0,True
random_geometric,40,iid,0.15,0.75,fiedler,euclidean,0.00865,0.505775,0.00473524022621874,1.4393871263964308,1.5882424824073877,25.0,0.3466846753106959,2.823542190946467,1.5,False
random_geometric,40,iid,0.15,0.75,fiedler,laplacian,0.009600000000000001,0.0252,0.004891489207456832,22.27341848572124,1.5882424824073877,25.0,0.3466846753106959,2.823542190946467,4.0,False
random_geometric,40,iid,0.15,0.75,fiedler,mahalanobis,0.00865,0.505775,0.00473524022621874,63.97276117317469,1.5882424824073877,25.0,0.3466846753106959,2.823542190946467,1.5,False
random_geometric,40,iid,0.15,0.75,fiedler,max_abs,0.010125,0.27365,0.2862808585986845,0.5493782979068542,1.5882424824073877,25.0,0.3466846753106959,2.823542190946467,3.0,False
random_geometric,40,iid,0.15,0.75,high_frequency,euclidean,0.00865,0.5065999999999999,0.006888154082674588,1.4393871263964308,14.822138462425615,25.000000000000004,0.7117832899461907,26.350468377645534,3.5,False
random_geometric,40,iid,0.15,0.75,high_frequency,laplacian,0.009600000000000001,0.808025,0.013389392567750524,22.27341848572124,14.822138462425615,25.000000000000004,0.7117832899461907,26.350468377645534,2.0,False
random_geometric,40,iid,0.15,0.75,high_frequency,mahalanobis,0.00865,0.5065999999999999,0.006888154082674588,63.97276117317469,14.822138462425615,25.000000000000004,0.7117832899461907,26.350468377645534,3.5,False
random_geometric,40,iid,0.15,0.75,high_frequency,max_abs,0.010125,0.85975,0.004081257976000358,0.5493782979068542,14.822138462425615,25.000000000000004,0.7117832899461907,26.350468377645534,1.0,True
random_geometric,40,iid,0.15,0.75,point,euclidean,0.00865,0.5057499999999999,0.004983639901383973,1.4393871263964308,5.90625,24.999999999999996,0.75,10.5,2.5,False
random_geometric,40,iid,0.15,0.75,point,laplacian,0.009600000000000001,0.282275,0.20635896515538157,22.27341848572124,5.90625,24.999999999999996,0.75,10.5,4.0,False
random_geometric,40,iid,0.15,0.75,point,mahalanobis,0.00865,0.5057499999999999,0.004983639901383973,63.97276117317469,5.90625,24.999999999999996,0.75,10.5,2.5,False
random_geometric,40,iid,0.15,0.75,point,max_abs,0.010125,0.91125,0.0036900767833023002,0.5493782979068542,5.90625,24.999999999999996,0.75,10.5,1.0,True
random_geometric,40,iid,0.15,1.5,cluster,euclidean,0.00865,0.9999750000000001,5.000000000001299e-05,1.4393871263964308,16.945312499999996,99.99999999999997,0.5303300858899106,7.531250000000001,1.5,False
random_geometric,40,iid,0.15,1.5,cluster,laplacian,0.009600000000000001,0.8452500000000001,0.2157319092454027,22.27341848572124,16.945312499999996,99.99999999999997,0.5303300858899106,7.531250000000001,4.0,False
random_geometric,40,iid,0.15,1.5,cluster,mahalanobis,0.00865,0.9999750000000001,5.000000000001299e-05,63.97276117317469,16.945312499999996,99.99999999999997,0.5303300858899106,7.531250000000001,1.5,False
random_geometric,40,iid,0.15,1.5,cluster,max_abs,0.010125,0.991375,0.001828250529878212,0.5493782979068542,16.945312499999996,99.99999999999997,0.5303300858899106,7.531250000000001,3.0,False
random_geometric,40,iid,0.15,1.5,constant,euclidean,0.00865,0.99995,5.7735026918956215e-05,1.4393871263964308,-5.924531478223182e-16,100.0,0.23717082451262844,-2.633125101432527e-16,1.5,False
random_geometric,40,iid,0.15,1.5,constant,laplacian,0.009600000000000001,0.009575,0.001212091855705114,22.27341848572124,-5.924531478223182e-16,100.0,0.23717082451262844,-2.633125101432527e-16,4.0,False
random_geometric,40,iid,0.15,1.5,constant,mahalanobis,0.00865,0.99995,5.7735026918956215e-05,63.97276117317469,-5.924531478223182e-16,100.0,0.23717082451262844,-2.633125101432527e-16,1.5,False
random_geometric,40,iid,0.15,1.5,constant,max_abs,0.010125,0.5313749999999999,0.02440196371879388,0.5493782979068542,-5.924531478223182e-16,100.0,0.23717082451262844,-2.633125101432527e-16,3.0,False
random_geometric,40,iid,0.15,1.5,edge_bipolar,euclidean,0.00865,1.0,0.0,1.4393871263964308,39.9375,99.99999999999999,1.0606601717798212,17.750000000000004,2.5,False
random_geometric,40,iid,0.15,1.5,edge_bipolar,laplacian,0.009600000000000001,1.0,0.0,22.27341848572124,39.9375,99.99999999999999,1.0606601717798212,17.750000000000004,2.5,False
random_geometric,40,iid,0.15,1.5,edge_bipolar,mahalanobis,0.00865,1.0,0.0,63.97276117317469,39.9375,99.99999999999999,1.0606601717798212,17.750000000000004,2.5,False
random_geometric,40,iid,0.15,1.5,edge_bipolar,max_abs,0.010125,1.0,0.0,0.5493782979068542,39.9375,99.99999999999999,1.0606601717798212,17.750000000000004,2.5,False
random_geometric,40,iid,0.15,1.5,fiedler,euclidean,0.00865,0.9999750000000001,4.999999999998833e-05,1.4393871263964308,6.352969929629551,100.0,0.6933693506213918,2.823542190946467,1.5,False
random_geometric,40,iid,0.15,1.5,fiedler,laplacian,0.009600000000000001,0.239875,0.10403087282148504,22.27341848572124,6.352969929629551,100.0,0.6933693506213918,2.823542190946467,4.0,False
random_geometric,40,iid,0.15,1.5,fiedler,mahalanobis,0.00865,0.9999750000000001,4.999999999998833e-05,63.97276117317469,6.352969929629551,100.0,0.6933693506213918,2.823542190946467,1.5,False
random_geometric,40,iid,0.15,1.5,fiedler,max_abs,0.010125,0.901775,0.09009448281295214,0.5493782979068542,6.352969929629551,100.0,0.6933693506213918,2.823542190946467,3.0,False
random_geometric,40,iid,0.15,1.5,high_frequency,euclidean,0.00865,0.9999750000000001,4.999999999998833e-05,1.4393871263964308,59.28855384970246,100.00000000000001,1.4235665798923813,26.350468377645534,3.5,False
random_geometric,40,iid,0.15,1.5,high_frequency,laplacian,0.009600000000000001,1.0,0.0,22.27341848572124,59.28855384970246,100.00000000000001,1.4235665798923813,26.350468377645534,1.5,False
random_geometric,40,iid,0.15,1.5,high_frequency,mahalanobis,0.00865,0.9999750000000001,4.999999999998833e-05,63.97276117317469,59.28855384970246,100.00000000000001,1.4235665798923813,26.350468377645534,3.5,False
random_geometric,40,iid,0.15,1.5,high_frequency,max_abs,0.010125,1.0,0.0,0.5493782979068542,59.28855384970246,100.00000000000001,1.4235665798923813,26.350468377645534,1.5,False
random_geometric,40,iid,0.15,1.5,point,euclidean,0.00865,0.99995,5.7735026918956215e-05,1.4393871263964308,40.5,99.99999999999999,1.5,18.0,2.5,False
random_geometric,40,iid,0.15,1.5,point,laplacian,0.009600000000000001,0.999825,0.00028722813232689233,22.27341848572124,40.5,99.99999999999999,1.5,18.0,4.0,False
random_geometric,40,iid,0.15,1.5,point,mahalanobis,0.00865,0.99995,5.7735026918956215e-05,63.97276117317469,40.5,99.99999999999999,1.5,18.0,2.5,False
random_geometric,40,iid,0.15,1.5,point,max_abs,0.010125,1.0,0.0,0.5493782979068542,40.5,99.99999999999999,1.5,18.0,1.0,True
random_geometric,40,iid,0.15,3.0,cluster,euclidean,0.00865,1.0,0.0,1.4393871263964308,98.99999999999999,399.99999999999994,1.0606601717798212,11.0,2.5,False
random_geometric,40,iid,0.15,3.0,cluster,laplacian,0.009600000000000001,1.0,0.0,22.27341848572124,98.99999999999999,399.99999999999994,1.0606601717798212,11.0,2.5,False
random_geometric,40,iid,0.15,3.0,cluster,mahalanobis,0.00865,1.0,0.0,63.97276117317469,98.99999999999999,399.99999999999994,1.0606601717798212,11.0,2.5,False
random_geometric,40,iid,0.15,3.0,cluster,max_abs,0.010125,1.0,0.0,0.5493782979068542,98.99999999999999,399.99999999999994,1.0606601717798212,11.0,2.5,False
random_geometric,40,iid,0.15,3.0,constant,euclidean,0.00865,1.0,0.0,1.4393871263964308,-2.369812591289273e-15,400.0,0.4743416490252569,-2.633125101432527e-16,2.0,False
random_geometric,40,iid,0.15,3.0,constant,laplacian,0.009600000000000001,0.01035,0.0019485036994233975,22.27341848572124,-2.369812591289273e-15,400.0,0.4743416490252569,-2.633125101432527e-16,4.0,False
random_geometric,40,iid,0.15,3.0,constant,mahalanobis,0.00865,1.0,0.0,63.97276117317469,-2.369812591289273e-15,400.0,0.4743416490252569,-2.633125101432527e-16,2.0,False
random_geometric,40,iid,0.15,3.0,constant,max_abs,0.010125,1.0,0.0,0.5493782979068542,-2.369812591289273e-15,400.0,0.4743416490252569,-2.633125101432527e-16,2.0,False
random_geometric,40,iid,0.15,3.0,edge_bipolar,euclidean,0.00865,1.0,0.0,1.4393871263964308,148.5,399.99999999999994,2.1213203435596424,16.5,2.5,False
random_geometric,40,iid,0.15,3.0,edge_bipolar,laplacian,0.009600000000000001,1.0,0.0,22.27341848572124,148.5,399.99999999999994,2.1213203435596424,16.5,2.5,False
random_geometric,40,iid,0.15,3.0,edge_bipolar,mahalanobis,0.00865,1.0,0.0,63.97276117317469,148.5,399.99999999999994,2.1213203435596424,16.5,2.5,False
random_geometric,40,iid,0.15,3.0,edge_bipolar,max_abs,0.010125,1.0,0.0,0.5493782979068542,148.5,399.99999999999994,2.1213203435596424,16.5,2.5,False
random_geometric,40,iid,0.15,3.0,fiedler,euclidean,0.00865,1.0,0.0,1.4393871263964308,25.411879718518204,400.0,1.3867387012427836,2.823542190946467,2.0,False
random_geometric,40,iid,0.15,3.0,fiedler,laplacian,0.009600000000000001,0.999925,0.00014999999999998966,22.27341848572124,25.411879718518204,400.0,1.3867387012427836,2.823542190946467,4.0,False
random_geometric,40,iid,0.15,3.0,fiedler,mahalanobis,0.00865,1.0,0.0,63.97276117317469,25.411879718518204,400.0,1.3867387012427836,2.823542190946467,2.0,False
random_geometric,40,iid,0.15,3.0,fiedler,max_abs,0.010125,1.0,0.0,0.5493782979068542,25.411879718518204,400.0,1.3867387012427836,2.823542190946467,2.0,False
random_geometric,40,iid,0.15,3.0,high_frequency,euclidean,0.00865,1.0,0.0,1.4393871263964308,237.15421539880984,400.00000000000006,2.8471331597847627,26.350468377645534,2.5,False
random_geometric,40,iid,0.15,3.0,high_frequency,laplacian,0.009600000000000001,1.0,0.0,22.27341848572124,237.15421539880984,400.00000000000006,2.8471331597847627,26.350468377645534,2.5,False
random_geometric,40,iid,0.15,3.0,high_frequency,mahalanobis,0.00865,1.0,0.0,63.97276117317469,237.15421539880984,400.00000000000006,2.8471331597847627,26.350468377645534,2.5,False
random_geometric,40,iid,0.15,3.0,high_frequency,max_abs,0.010125,1.0,0.0,0.5493782979068542,237.15421539880984,400.00000000000006,2.8471331597847627,26.350468377645534,2.5,False
random_geometric,40,iid,0.15,3.0,point,euclidean,0.00865,1.0,0.0,1.4393871263964308,137.25,399.99999999999994,3.0,15.25,2.5,False
random_geometric,40,iid,0.15,3.0,point,laplacian,0.009600000000000001,1.0,0.0,22.27341848572124,137.25,399.99999999999994,3.0,15.25,2.5,False
random_geometric,40,iid,0.15,3.0,point,mahalanobis,0.00865,1.0,0.0,63.97276117317469,137.25,399.99999999999994,3.0,15.25,2.5,False
random_geometric,40,iid,0.15,3.0,point,max_abs,0.010125,1.0,0.0,0.5493782979068542,137.25,399.99999999999994,3.0,15.25,2.5,False
random_geometric,40,iid,0.3,0.75,cluster,euclidean,0.010775,0.056475000000000004,0.00642670210916921,5.711859277733318,7.927734374999997,6.249999999999998,0.2651650429449553,14.09375,1.5,False
random_geometric,40,iid,0.3,0.75,cluster,laplacian,0.0108,0.03885,0.005493329288024403,100.31442949587802,7.927734374999997,6.249999999999998,0.2651650429449553,14.09375,3.0,False
random_geometric,40,iid,0.3,0.75,cluster,mahalanobis,0.010775,0.056475000000000004,0.00642670210916921,63.46510308592575,7.927734374999997,6.249999999999998,0.2651650429449553,14.09375,1.5,False
random_geometric,40,iid,0.3,0.75,cluster,max_abs,0.010825,0.02975,0.0031984371183438965,1.1003080828911824,7.927734374999997,6.249999999999998,0.2651650429449553,14.09375,4.0,False
random_geometric,40,iid,0.3,0.75,constant,euclidean,0.010775,0.054974999999999996,0.004893107397145501,5.711859277733318,4.85482440576622e-17,6.25,0.11858541225631422,8.630798943584395e-17,1.5,False
random_geometric,40,iid,0.3,0.75,constant,laplacian,0.0108,0.009375,0.0015041608956491322,100.31442949587802,4.85482440576622e-17,6.25,0.11858541225631422,8.630798943584395e-17,4.0,False
random_geometric,40,iid,0.3,0.75,constant,mahalanobis,0.010775,0.054974999999999996,0.004893107397145501,63.46510308592575,4.85482440576622e-17,6.25,0.11858541225631422,8.630798943584395e-17,1.5,False
random_geometric,40,iid,0.3,0.75,constant,max_abs,0.010825,0.02225,0.002093641166325628,1.1003080828911824,4.85482440576622e-17,6.25,0.11858541225631422,8.630798943584395e-17,3.0,False
random_geometric,40,iid,0.3,0.75,edge_bipolar,euclidean,0.010775,0.0566,0.00553413648789643,5.711859277733318,12.515625,6.249999999999999,0.5303300858899106,22.25,3.5,False
random_geometric,40,iid,0.3,0.75,edge_bipolar,laplacian,0.0108,0.0747,0.017605491567500558,100.31442949587802,12.515625,6.249999999999999,0.5303300858899106,22.25,1.0,True
random_geometric,40,iid,0.3,0.75,edge_bipolar,mahalanobis,0.010775,0.0566,0.00553413648789643,63.46510308592575,12.515625,6.249999999999999,0.5303300858899106,22.25,3.5,False
random_geometric,40,iid,0.3,0.75,edge_bipolar,max_abs,0.010825,0.06535,0.005013648039767717,1.1003080828911824,12.515625,6.249999999999999,0.5303300858899106,22.25,2.0,False
random_geometric,40,iid,0.3,0.75,fiedler,euclidean,0.010775,0.056975,0.005152588346323297,5.711859277733318,1.9236277757079077,6.25,0.3325016855021252,3.4197827123696136,1.5,False
random_geometric,40,iid,0.3,0.75,fiedler,laplacian,0.0108,0.01235,0.002991655060330318,100.31442949587802,1.9236277757079077,6.25,0.3325016855021252,3.4197827123696136,4.0,False
random_geometric,40,iid,0.3,0.75,fiedler,mahalanobis,0.010775,0.056975,0.005152588346323297,63.46510308592575,1.9236277757079077,6.25,0.3325016855021252,3.4197827123696136,1.5,False
random_geometric,40,iid,0.3,0.75,fiedler,max_abs,0.010825,0.0291,0.007407653699609164,1.1003080828911824,1.9236277757079077,6.25,0.3325016855021252,3.4197827123696136,3.0,False
random_geometric,40,iid,0.3,0.75,high_frequency,euclidean,0.010775,0.05565,0.0010344080432788626,5.711859277733318,15.936296057359591,6.250000000000001,0.5956145737035227,28.331192990861496,3.5,False
random_geometric,40,iid,0.3,0.75,high_frequency,laplacian,0.0108,0.116075,0.014990524785121214,100.31442949587802,15.936296057359591,6.250000000000001,0.5956145737035227,28.331192990861496,1.0,True
random_geometric,40,iid,0.3,0.75,high_frequency,mahalanobis,0.010775,0.05565,0.0010344080432788626,63.46510308592575,15.936296057359591,6.250000000000001,0.5956145737035227,28.331192990861496,3.5,False
random_geometric,40,iid,0.3,0.75,high_frequency,max_abs,0.010825,0.07457499999999999,0.040616201611343876,1.1003080828911824,15.936296057359591,6.250000000000001,0.5956145737035227,28.331192990861496,2.0,False
random_geometric,40,iid,0.3,0.75,point,euclidean,0.010775,0.0565,0.005668039049500863,5.711859277733318,7.59375,6.249999999999999,0.75,13.5,2.5,False
random_geometric,40,iid,0.3,0.75,point,laplacian,0.0108,0.034525,0.007149533784334007,100.31442949587802,7.59375,6.249999999999999,0.75,13.5,4.0,False
random_geometric,40,iid,0.3,0.75,point,mahalanobis,0.010775,0.0565,0.005668039049500863,63.46510308592575,7.59375,6.249999999999999,0.75,13.5,2.5,False
random_geometric,40,iid,0.3,0.75,point,max_abs,0.010825,0.125175,0.007832570884879797,1.1003080828911824,7.59375,6.249999999999999,0.75,13.5,1.0,True
random_geometric,40,iid,0.3,1.5,cluster,euclidean,0.010775,0.521925,0.005697587208634891,5.711859277733318,26.226562499999996,24.999999999999996,0.5303300858899106,11.65625,1.5,False
random_geometric,40,iid,0.3,1.5,cluster,laplacian,0.0108,0.237625,0.02809488387589455,100.31442949587802,26.226562499999996,24.999999999999996,0.5303300858899106,11.65625,3.0,False
random_geometric,40,iid,0.3,1.5,cluster,mahalanobis,0.010775,0.521925,0.005697587208634891,63.46510308592575,26.226562499999996,24.999999999999996,0.5303300858899106,11.65625,1.5,False
random_geometric,40,iid,0.3,1.5,cluster,max_abs,0.010825,0.214,0.017664465271650134,1.1003080828911824,26.226562499999996,24.999999999999996,0.5303300858899106,11.65625,4.0,False
random_geometric,40,iid,0.3,1.5,constant,euclidean,0.010775,0.518275,0.017915426313654916,5.711859277733318,1.941929762306488e-16,25.0,0.23717082451262844,8.630798943584395e-17,1.5,False
random_geometric,40,iid,0.3,1.5,constant,laplacian,0.0108,0.0103,0.0022015146301277828,100.31442949587802,1.941929762306488e-16,25.0,0.23717082451262844,8.630798943584395e-17,4.0,False
random_geometric,40,iid,0.3,1.5,constant,mahalanobis,0.010775,0.518275,0.017915426313654916,63.46510308592575,1.941929762306488e-16,25.0,0.23717082451262844,8.630798943584395e-17,1.5,False
random_geometric,40,iid,0.3,1.5,constant,max_abs,0.010825,0.077775,0.008876326191993321,1.1003080828911824,1.941929762306488e-16,25.0,0.23717082451262844,8.630798943584395e-17,3.0,False
random_geometric,40,iid,0.3,1.5,edge_bipolar,euclidean,0.010775,0.5186499999999999,0.010627166445796641,5.711859277733318,42.75,24.999999999999996,1.0606601717798212,19.000000000000004,3.5,False
random_geometric,40,iid,0.3,1.5,edge_bipolar,laplacian,0.0108,0.5221,0.09102896974773106,100.31442949587802,42.75,24.999999999999996,1.0606601717798212,19.000000000000004,2.0,False
random_geometric,40,iid,0.3,1.5,edge_bipolar,mahalanobis,0.010775,0.5186499999999999,0.010627166445796641,63.46510308592575,42.75,24.999999999999996,1.0606601717798212,19.000000000000004,3.5,False
random_geometric,40,iid,0.3,1.5,edge_bipolar,max_abs,0.010825,0.696625,0.016104321366225468,1.1003080828911824,42.75,24.999999999999996,1.0606601717798212,19.000000000000004,1.0,True
random_geometric,40,iid,0.3,1.5,fiedler,euclidean,0.010775,0.520525,0.014186936479263822,5.711859277733318,7.694511102831631,25.0,0.6650033710042504,3.4197827123696136,1.5,False
random_geometric,40,iid,0.3,1.5,fiedler,laplacian,0.0108,0.027475,0.009937932380530673,100.31442949587802,7.694511102831631,25.0,0.6650033710042504,3.4197827123696136,4.0,False
random_geometric,40,iid,0.3,1.5,fiedler,mahalanobis,0.010775,0.520525,0.014186936479263822,63.46510308592575,7.694511102831631,25.0,0.6650033710042504,3.4197827123696136,1.5,False
random_geometric,40,iid,0.3,1.5,fiedler,max_abs,0.010825,0.2116,0.1607211456736999,1.1003080828911824,7.694511102831631,25.0,0.6650033710042504,3.4197827123696136,3.0,False
random_geometric,40,iid,0.3,1.5,high_frequency,euclidean,0.010775,0.5198499999999999,0.008654286028706595,5.711859277733318,63.745184229438365,25.000000000000004,1.1912291474070453,28.331192990861496,3.5,False
random_geometric,40,iid,0.3,1.5,high_frequency,laplacian,0.0108,0.786675,0.03172710460578883,100.31442949587802,63.745184229438365,25.000000000000004,1.1912291474070453,28.331192990861496,1.0,True
random_geometric,40,iid,0.3,1.5,high_frequency,mahalanobis,0.010775,0.5198499999999999,0.008654286028706595,63.46510308592575,63.745184229438365,25.000000000000004,1.1912291474070453,28.331192990861496,3.5,False
random_geometric,40,iid,0.3,1.5,high_frequency,max_abs,0.010825,0.645825,0.25106224161881985,1.1003080828911824,63.745184229438365,25.000000000000004,1.1912291474070453,28.331192990861496,2.0,False
random_geometric,40,iid,0.3,1.5,point,euclidean,0.010775,0.520025,0.01338316728830162,5.711859277733318,41.625,24.999999999999996,1.5,18.5,2.5,False
random_geometric,40,iid,0.3,1.5,point,laplacian,0.0108,0.507725,0.08487977281622125,100.31442949587802,41.625,24.999999999999996,1.5,18.5,4.0,False
random_geometric,40,iid,0.3,1.5,point,mahalanobis,0.010775,0.520025,0.01338316728830162,63.46510308592575,41.625,24.999999999999996,1.5,18.5,2.5,False
random_geometric,40,iid,0.3,1.5,point,max_abs,0.010825,0.91,0.0046137475729244835,1.1003080828911824,41.625,24.999999999999996,1.5,18.5,1.0,True
random_geometric,40,iid,0.3,3.0,cluster,euclidean,0.010775,1.0,0.0,5.711859277733318,118.96874999999997,99.99999999999999,1.0606601717798212,13.21875,1.5,False
random_geometric,40,iid,0.3,3.0,cluster,laplacian,0.0108,0.99395,0.008759566199304616,100.31442949587802,118.96874999999997,99.99999999999999,1.0606601717798212,13.21875,3.0,False
random_geometric,40,iid,0.3,3.0,cluster,mahalanobis,0.010775,1.0,0.0,63.46510308592575,118.96874999999997,99.99999999999999,1.0606601717798212,13.21875,1.5,False
random_geometric,40,iid,0.3,3.0,cluster,max_abs,0.010825,0.991425,0.0016214705259938497,1.1003080828911824,118.96874999999997,99.99999999999999,1.0606601717798212,13.21875,4.0,False
random_geometric,40,iid,0.3,3.0,constant,euclidean,0.010775,0.9999750000000001,4.999999999998833e-05,5.711859277733318,7.767719049225952e-16,100.0,0.4743416490252569,8.630798943584395e-17,1.5,False
random_geometric,40,iid,0.3,3.0,constant,laplacian,0.0108,0.00915,0.0009327379053088819,100.31442949587802,7.767719049225952e-16,100.0,0.4743416490252569,8.630798943584395e-17,4.0,False
random_geometric,40,iid,0.3,3.0,constant,mahalanobis,0.010775,0.9999750000000001,4.999999999998833e-05,63.46510308592575,7.767719049225952e-16,100.0,0.4743416490252569,8.630798943584395e-17,1.5,False
random_geometric,40,iid,0.3,3.0,constant,max_abs,0.010825,0.526,0.023235031023578784,1.1003080828911824,7.767719049225952e-16,100.0,0.4743416490252569,8.630798943584395e-17,3.0,False
random_geometric,40,iid,0.3,3.0,edge_bipolar,euclidean,0.010775,1.0,0.0,5.711859277733318,189.0,99.99999999999999,2.1213203435596424,21.0,2.0,False
random_geometric,40,iid,0.3,3.0,edge_bipolar,laplacian,0.0108,0.9999750000000001,5.000000000001299e-05,100.31442949587802,189.0,99.99999999999999,2.1213203435596424,21.0,4.0,False
random_geometric,40,iid,0.3,3.0,edge_bipolar,mahalanobis,0.010775,1.0,0.0,63.46510308592575,189.0,99.99999999999999,2.1213203435596424,21.0,2.0,False
random_geometric,40,iid,0.3,3.0,edge_bipolar,max_abs,0.010825,1.0,0.0,1.1003080828911824,189.0,99.99999999999999,2.1213203435596424,21.0,2.0,False
random_geometric,40,iid,0.3,3.0,fiedler,euclidean,0.010775,0.9999750000000001,4.999999999998833e-05,5.711859277733318,30.778044411326523,100.0,1.3300067420085009,3.4197827123696136,1.5,False
random_geometric,40,iid,0.3,3.0,fiedler,laplacian,0.0108,0.30572499999999997,0.17842216556993884,100.31442949587802,30.778044411326523,100.0,1.3300067420085009,3.4197827123696136,4.0,False
random_geometric,40,iid,0.3,3.0,fiedler,mahalanobis,0.010775,0.9999750000000001,4.999999999998833e-05,63.46510308592575,30.778044411326523,100.0,1.3300067420085009,3.4197827123696136,1.5,False
random_geometric,40,iid,0.3,3.0,fiedler,max_abs,0.010825,0.885275,0.10430785764584885,1.1003080828911824,30.778044411326523,100.0,1.3300067420085009,3.4197827123696136,3.0,False
random_geometric,40,iid,0.3,3.0,high_frequency,euclidean,0.010775,1.0,0.0,5.711859277733318,254.98073691775346,100.00000000000001,2.3824582948140907,28.331192990861496,2.0,False
random_geometric,40,iid,0.3,3.0,high_frequency,laplacian,0.0108,1.0,0.0,100.31442949587802,254.98073691775346,100.00000000000001,2.3824582948140907,28.331192990861496,2.0,False
random_geometric,40,iid,0.3,3.0,high_frequency,mahalanobis,0.010775,1.0,0.0,63.46510308592575,254.98073691775346,100.00000000000001,2.3824582948140907,28.331192990861496,2.0,False
random_geometric,40,iid,0.3,3.0,high_frequency,max_abs,0.010825,0.99995,9.999999999998899e-05,1.1003080828911824,254.98073691775346,100.00000000000001,2.3824582948140907,28.331192990861496,4.0,False
random_geometric,40,iid,0.3,3.0,point,euclidean,0.010775,0.9999750000000001,5.000000000001299e-05,5.711859277733318,141.75,99.99999999999999,3.0,15.75,2.5,False
random_geometric,40,iid,0.3,3.0,point,laplacian,0.0108,0.99925,0.0010472185381603099,100.31442949587802,141.75,99.99999999999999,3.0,15.75,4.0,False
random_geometric,40,iid,0.3,3.0,point,mahalanobis,0.010775,0.9999750000000001,5.000000000001299e-05,63.46510308592575,141.75,99.99999999999999,3.0,15.75,2.5,False
random_geometric,40,iid,0.3,3.0,point,max_abs,0.010825,1.0,0.0,1.1003080828911824,141.75,99.99999999999999,3.0,15.75,1.0,True
random_geometric,60,correlated,0.15,0.75,cluster,euclidean,0.010675,0.32225000000000004,0.019438364128701802,2.064157572634762,5.707031250000001,17.513136685271,0.21650635094610968,10.145833333333334,1.0,True
random_geometric,60,correlated,0.15,0.75,cluster,laplacian,0.0104,0.138375,0.06130619191131241,34.67914721309212,5.707031250000001,17.513136685271,0.21650635094610968,10.145833333333334,3.0,False
random_geometric,60,correlated,0.15,0.75,cluster,mahalanobis,0.009875,0.204725,0.059827773650705074,88.64078909521884,5.707031250000001,17.513136685271,0.21650635094610968,10.145833333333334,2.0,False
random_geometric,60,correlated,0.15,0.75,cluster,max_abs,0.010175,0.115125,0.0074280437083617985,0.5644149222426832,5.707031250000001,17.513136685271,0.21650635094610968,10.145833333333334,4.0,False
random_geometric,60,correlated,0.15,0.75,constant,euclidean,0.010675,0.334325,0.016246102096605652,2.064157572634762,5.025479239284446e-16,8.279773478046696,0.09682458365518543,8.934185314283454e-16,1.0,True
random_geometric,60,correlated,0.15,0.75,constant,laplacian,0.0104,0.009625,0.0013047988350699882,34.67914721309212,5.025479239284446e-16,8.279773478046696,0.09682458365518543,8.934185314283454e-16,4.0,False
random_geometric,60,correlated,0.15,0.75,constant,mahalanobis,0.009875,0.058575,0.0029067450295247243,88.64078909521884,5.025479239284446e-16,8.279773478046696,0.09682458365518543,8.934185314283454e-16,2.0,False
random_geometric,60,correlated,0.15,0.75,constant,max_abs,0.010175,0.052275,0.002732977619130215,0.5644149222426832,5.025479239284446e-16,8.279773478046696,0.09682458365518543,8.934185314283454e-16,3.0,False
random_geometric,60,correlated,0.15,0.75,edge_bipolar,euclidean,0.010675,0.30825,0.021116423308253068,2.064157572634762,10.335937499999998,28.35914717522771,0.5303300858899106,18.375,4.0,False
random_geometric,60,correlated,0.15,0.75,edge_bipolar,laplacian,0.0104,0.403125,0.236495022851081,34.67914721309212,10.335937499999998,28.35914717522771,0.5303300858899106,18.375,3.0,False
random_geometric,60,correlated,0.15,0.75,edge_bipolar,mahalanobis,0.009875,0.471775,0.03841192306216042,88.64078909521884,10.335937499999998,28.35914717522771,0.5303300858899106,18.375,2.0,False
random_geometric,60,correlated,0.15,0.75,edge_bipolar,max_abs,0.010175,0.673775,0.010007122463525695,0.5644149222426832,10.335937499999998,28.35914717522771,0.5303300858899106,18.375,1.0,True
random_geometric,60,correlated,0.15,0.75,fiedler,euclidean,0.010675,0.329925,0.015625059999884793,2.064157572634762,1.3931544803556022,11.823419067743247,0.2713739136536809,2.4767190761877362,1.0,True
random_geometric,60,correlated,0.15,0.75,fiedler,laplacian,0.0104,0.01805,0.0036115555282084937,34.67914721309212,1.3931544803556022,11.823419067743247,0.2713739136536809,2.4767190761877362,4.0,False
random_geometric,60,correlated,0.15,0.75,fiedler,mahalanobis,0.009875,0.104375,0.033866145829328335,88.64078909521884,1.3931544803556022,11.823419067743247,0.2713739136536809,2.4767190761877362,3.0,False
random_geometric,60,correlated,0.15,0.75,fiedler,max_abs,0.010175,0.143825,0.14359311438923525,0.5644149222426832,1.3931544803556022,11.823419067743247,0.2713739136536809,2.4767190761877362,2.0,False
random_geometric,60,correlated,0.15,0.75,high_frequency,euclidean,0.010675,0.3053,0.01620740571467251,2.064157572634762,17.527375190386305,29.16196518778171,0.6411278890535677,31.159778116242315,4.0,False
random_geometric,60,correlated,0.15,0.75,high_frequency,laplacian,0.0104,0.76085,0.015396211655252508,34.67914721309212,17.527375190386305,29.16196518778171,0.6411278890535677,31.159778116242315,1.0,True
random_geometric,60,correlated,0.15,0.75,high_frequency,mahalanobis,0.009875,0.4889,0.014452912047980734,88.64078909521884,17.527375190386305,29.16196518778171,0.6411278890535677,31.159778116242315,3.0,False
random_geometric,60,correlated,0.15,0.75,high_frequency,max_abs,0.010175,0.704025,0.08085754448411103,0.5644149222426832,17.527375190386305,29.16196518778171,0.6411278890535677,31.159778116242315,2.0,False
random_geometric,60,correlated,0.15,0.75,point,euclidean,0.010675,0.31045,0.01802415046541723,2.064157572634762,9.28125,26.885869680228033,0.75,16.5,4.0,False
random_geometric,60,correlated,0.15,0.75,point,laplacian,0.0104,0.3349,0.29949707844985735,34.67914721309212,9.28125,26.885869680228033,0.75,16.5,3.0,False
random_geometric,60,correlated,0.15,0.75,point,mahalanobis,0.009875,0.43274999999999997,0.010551619149053235,88.64078909521884,9.28125,26.885869680228033,0.75,16.5,2.0,False
random_geometric,60,correlated,0.15,0.75,point,max_abs,0.010175,0.89165,0.0041251262606939315,0.5644149222426832,9.28125,26.885869680228033,0.75,16.5,1.0,True
random_geometric,60,correlated,0.15,1.5,cluster,euclidean,0.010675,0.9971,0.0012489995996796531,2.064157572634762,27.234375000000007,73.30259978099369,0.43301270189221935,12.104166666666666,1.0,True
random_geometric,60,correlated,0.15,1.5,cluster,laplacian,0.0104,0.961325,0.050028883324202494,34.67914721309212,27.234375000000007,73.30259978099369,0.43301270189221935,12.104166666666666,3.0,False
random_geometric,60,correlated,0.15,1.5,cluster,mahalanobis,0.009875,0.990325,0.008115160709026868,88.64078909521884,27.234375000000007,73.30259978099369,0.43301270189221935,12.104166666666666,2.0,False
random_geometric,60,correlated,0.15,1.5,cluster,max_abs,0.010175,0.8784000000000001,0.00784219357067903,0.5644149222426832,27.234375000000007,73.30259978099369,0.43301270189221935,12.104166666666666,4.0,False
random_geometric,60,correlated,0.15,1.5,constant,euclidean,0.010675,0.983,0.0015383974345618706,2.064157572634762,2.0101916957137784e-15,33.119093912186784,0.19364916731037085,8.934185314283454e-16,1.0,True
random_geometric,60,correlated,0.15,1.5,constant,laplacian,0.0104,0.00905,0.0007724420150837648,34.67914721309212,2.0101916957137784e-15,33.119093912186784,0.19364916731037085,8.934185314283454e-16,4.0,False
random_geometric,60,correlated,0.15,1.5,constant,mahalanobis,0.009875,0.595325,0.012779247500016066,88.64078909521884,2.0101916957137784e-15,33.119093912186784,0.19364916731037085,8.934185314283454e-16,2.0,False
random_geometric,60,correlated,0.15,1.5,constant,max_abs,0.010175,0.319875,0.011674009593965553,0.5644149222426832,2.0101916957137784e-15,33.119093912186784,0.19364916731037085,8.934185314283454e-16,3.0,False
random_geometric,60,correlated,0.15,1.5,edge_bipolar,euclidean,0.010675,0.999725,0.00017078251276598713,2.064157572634762,51.74999999999999,111.03599352373642,1.0606601717798212,23.0,4.0,False
random_geometric,60,correlated,0.15,1.5,edge_bipolar,laplacian,0.0104,0.9998,0.00040000000000001146,34.67914721309212,51.74999999999999,111.03599352373642,1.0606601717798212,23.0,3.0,False
random_geometric,60,correlated,0.15,1.5,edge_bipolar,mahalanobis,0.009875,0.9999750000000001,4.999999999998833e-05,88.64078909521884,51.74999999999999,111.03599352373642,1.0606601717798212,23.0,2.0,False
random_geometric,60,correlated,0.15,1.5,edge_bipolar,max_abs,0.010175,1.0,0.0,0.5644149222426832,51.74999999999999,111.03599352373642,1.0606601717798212,23.0,1.0,True
random_geometric,60,correlated,0.15,1.5,fiedler,euclidean,0.010675,0.9931,0.003383292282181212,2.064157572634762,5.572617921422409,47.29367627097299,0.5427478273073618,2.4767190761877362,1.0,True
random_geometric,60,correlated,0.15,1.5,fiedler,laplacian,0.0104,0.106375,0.04478603763079144,34.67914721309212,5.572617921422409,47.29367627097299,0.5427478273073618,2.4767190761877362,4.0,False
random_geometric,60,correlated,0.15,1.5,fiedler,mahalanobis,0.009875,0.8349249999999999,0.09732476132345082,88.64078909521884,5.572617921422409,47.29367627097299,0.5427478273073618,2.4767190761877362,2.0,False
random_geometric,60,correlated,0.15,1.5,fiedler,max_abs,0.010175,0.667925,0.22093744778405794,0.5644149222426832,5.572617921422409,47.29367627097299,0.5427478273073618,2.4767190761877362,3.0,False
random_geometric,60,correlated,0.15,1.5,high_frequency,euclidean,0.010675,0.999825,9.574271077562005e-05,2.064157572634762,70.10950076154522,116.64786075112684,1.2822557781071353,31.159778116242315,4.0,False
random_geometric,60,correlated,0.15,1.5,high_frequency,laplacian,0.0104,1.0,0.0,34.67914721309212,70.10950076154522,116.64786075112684,1.2822557781071353,31.159778116242315,1.5,False
random_geometric,60,correlated,0.15,1.5,high_frequency,mahalanobis,0.009875,0.9999750000000001,4.999999999998833e-05,88.64078909521884,70.10950076154522,116.64786075112684,1.2822557781071353,31.159778116242315,3.0,False
random_geometric,60,correlated,0.15,1.5,high_frequency,max_abs,0.010175,1.0,0.0,0.5644149222426832,70.10950076154522,116.64786075112684,1.2822557781071353,31.159778116242315,1.5,False
random_geometric,60,correlated,0.15,1.5,point,euclidean,0.010675,0.99975,9.999999999998899e-05,2.064157572634762,54.0,106.97425558954589,1.5,24.0,4.0,False
random_geometric,60,correlated,0.15,1.5,point,laplacian,0.0104,0.9998,0.00040000000000001146,34.67914721309212,54.0,106.97425558954589,1.5,24.0,3.0,False
random_geometric,60,correlated,0.15,1.5,point,mahalanobis,0.009875,1.0,0.0,88.64078909521884,54.0,106.97425558954589,1.5,24.0,1.5,False
random_geometric,60,correlated,0.15,1.5,point,max_abs,0.010175,1.0,0.0,0.5644149222426832,54.0,106.97425558954589,1.5,24.0,1.5,False
random_geometric,60,correlated,0.15,3.0,cluster,euclidean,0.010675,1.0,0.0,2.064157572634762,96.75000000000003,282.38882410325425,0.8660254037844387,10.75,2.5,False
random_geometric,60,correlated,0.15,3.0,cluster,laplacian,0.0104,1.0,0.0,34.67914721309212,96.75000000000003,282.38882410325425,0.8660254037844387,10.75,2.5,False
random_geometric,60,correlated,0.15,3.0,cluster,mahalanobis,0.009875,1.0,0.0,88.64078909521884,96.75000000000003,282.38882410325425,0.8660254037844387,10.75,2.5,False
random_geometric,60,correlated,0.15,3.0,cluster,max_abs,0.010175,1.0,0.0,0.5644149222426832,96.75000000000003,282.38882410325425,0.8660254037844387,10.75,2.5,False
random_geometric,60,correlated,0.15,3.0,constant,euclidean,0.010675,1.0,0.0,2.064157572634762,8.040766782855114e-15,132.47637564874714,0.3872983346207417,8.934185314283454e-16,1.5,False
random_geometric,60,correlated,0.15,3.0,constant,laplacian,0.0104,0.00955,0.0011090536506409413,34.67914721309212,8.040766782855114e-15,132.47637564874714,0.3872983346207417,8.934185314283454e-16,4.0,False
random_geometric,60,correlated,0.15,3.0,constant,mahalanobis,0.009875,1.0,0.0,88.64078909521884,8.040766782855114e-15,132.47637564874714,0.3872983346207417,8.934185314283454e-16,1.5,False
random_geometric,60,correlated,0.15,3.0,constant,max_abs,0.010175,0.99545,0.001250333288900763,0.5644149222426832,8.040766782855114e-15,132.47637564874714,0.3872983346207417,8.934185314283454e-16,3.0,False
random_geometric,60,correlated,0.15,3.0,edge_bipolar,euclidean,0.010675,1.0,0.0,2.064157572634762,153.0,449.2661469014935,2.1213203435596424,17.0,2.5,False
random_geometric,60,correlated,0.15,3.0,edge_bipolar,laplacian,0.0104,1.0,0.0,34.67914721309212,153.0,449.2661469014935,2.1213203435596424,17.0,2.5,False
random_geometric,60,correlated,0.15,3.0,edge_bipolar,mahalanobis,0.009875,1.0,0.0,88.64078909521884,153.0,449.2661469014935,2.1213203435596424,17.0,2.5,False
random_geometric,60,correlated,0.15,3.0,edge_bipolar,max_abs,0.010175,1.0,0.0,0.5644149222426832,153.0,449.2661469014935,2.1213203435596424,17.0,2.5,False
random_geometric,60,correlated,0.15,3.0,fiedler,euclidean,0.010675,1.0,0.0,2.064157572634762,22.290471685689635,189.17470508389195,1.0854956546147236,2.4767190761877362,2.0,False
random_geometric,60,correlated,0.15,3.0,fiedler,laplacian,0.0104,0.940875,0.07318234645960275,34.67914721309212,22.290471685689635,189.17470508389195,1.0854956546147236,2.4767190761877362,4.0,False
random_geometric,60,correlated,0.15,3.0,fiedler,mahalanobis,0.009875,1.0,0.0,88.64078909521884,22.290471685689635,189.17470508389195,1.0854956546147236,2.4767190761877362,2.0,False
random_geometric,60,correlated,0.15,3.0,fiedler,max_abs,0.010175,1.0,0.0,0.5644149222426832,22.290471685689635,189.17470508389195,1.0854956546147236,2.4767190761877362,2.0,False
random_geometric,60,correlated,0.15,3.0,high_frequency,euclidean,0.010675,1.0,0.0,2.064157572634762,280.4380030461809,466.59144300450737,2.5645115562142706,31.159778116242315,2.5,False
random_geometric,60,correlated,0.15,3.0,high_frequency,laplacian,0.0104,1.0,0.0,34.67914721309212,280.4380030461809,466.59144300450737,2.5645115562142706,31.159778116242315,2.5,False
random_geometric,60,correlated,0.15,3.0,high_frequency,mahalanobis,0.009875,1.0,0.0,88.64078909521884,280.4380030461809,466.59144300450737,2.5645115562142706,31.159778116242315,2.5,False
random_geometric,60,correlated,0.15,3.0,high_frequency,max_abs,0.010175,1.0,0.0,0.5644149222426832,280.4380030461809,466.59144300450737,2.5645115562142706,31.159778116242315,2.5,False
random_geometric,60,correlated,0.15,3.0,point,euclidean,0.010675,1.0,0.0,2.064157572634762,153.0,428.25700496263795,3.0,17.0,2.5,False
random_geometric,60,correlated,0.15,3.0,point,laplacian,0.0104,1.0,0.0,34.67914721309212,153.0,428.25700496263795,3.0,17.0,2.5,False
random_geometric,60,correlated,0.15,3.0,point,mahalanobis,0.009875,1.0,0.0,88.64078909521884,153.0,428.25700496263795,3.0,17.0,2.5,False
random_geometric,60,correlated,0.15,3.0,point,max_abs,0.010175,1.0,0.0,0.5644149222426832,153.0,428.25700496263795,3.0,17.0,2.5,False
random_geometric,60,correlated,0.3,0.75,cluster,euclidean,0.011375,0.039724999999999996,0.00297475489186364,8.293990070427844,7.699218750000002,4.905393754336158,0.21650635094610968,13.687500000000002,1.0,True
random_geometric,60,correlated,0.3,0.75,cluster,laplacian,0.01015,0.031575,0.014073704795350321,139.29294993951788,7.699218750000002,4.905393754336158,0.21650635094610968,13.687500000000002,3.0,False
random_geometric,60,correlated,0.3,0.75,cluster,mahalanobis,0.010675,0.03245,0.008961584681293815,88.50024190787818,7.699218750000002,4.905393754336158,0.21650635094610968,13.687500000000002,2.0,False
random_geometric,60,correlated,0.3,0.75,cluster,max_abs,0.009275,0.02245,0.0022575798250929406,1.1295575679592726,7.699218750000002,4.905393754336158,0.21650635094610968,13.687500000000002,4.0,False
random_geometric,60,correlated,0.3,0.75,constant,euclidean,0.011375,0.05525,0.004311612227462023,8.293990070427844,5.052353459815378e-16,2.071341169993355,0.09682458365518543,8.981961706338444e-16,1.0,True
random_geometric,60,correlated,0.3,0.75,constant,laplacian,0.01015,0.009725,0.001639867880857072,139.29294993951788,5.052353459815378e-16,2.071341169993355,0.09682458365518543,8.981961706338444e-16,4.0,False
random_geometric,60,correlated,0.3,0.75,constant,mahalanobis,0.010675,0.01765,0.0020485767417079263,88.50024190787818,5.052353459815378e-16,2.071341169993355,0.09682458365518543,8.981961706338444e-16,3.0,False
random_geometric,60,correlated,0.3,0.75,constant,max_abs,0.009275,0.0183,0.0011460075625114056,1.1295575679592726,5.052353459815378e-16,2.071341169993355,0.09682458365518543,8.981961706338444e-16,2.0,False
random_geometric,60,correlated,0.3,0.75,edge_bipolar,euclidean,0.011375,0.031325,0.004404070087241269,8.293990070427844,12.3046875,6.933200827128109,0.5303300858899106,21.875000000000004,4.0,False
random_geometric,60,correlated,0.3,0.75,edge_bipolar,laplacian,0.01015,0.05055,0.006337454799312837,139.29294993951788,12.3046875,6.933200827128109,0.5303300858899106,21.875000000000004,2.0,False
random_geometric,60,correlated,0.3,0.75,edge_bipolar,mahalanobis,0.010675,0.0477,0.006198924637924446,88.50024190787818,12.3046875,6.933200827128109,0.5303300858899106,21.875000000000004,3.0,False
random_geometric,60,correlated,0.3,0.75,edge_bipolar,max_abs,0.009275,0.051825,0.002713392710243028,1.1295575679592726,12.3046875,6.933200827128109,0.5303300858899106,21.875000000000004,1.0,True
random_geometric,60,correlated,0.3,0.75,fiedler,euclidean,0.011375,0.044725,0.004200297608503472,8.293990070427844,1.5412247870361095,2.8559810708830025,0.24143965179393917,2.7399551769530834,1.0,True
random_geometric,60,correlated,0.3,0.75,fiedler,laplacian,0.01015,0.0124,0.0022730302828309758,139.29294993951788,1.5412247870361095,2.8559810708830025,0.24143965179393917,2.7399551769530834,4.0,False
random_geometric,60,correlated,0.3,0.75,fiedler,mahalanobis,0.010675,0.020725,0.0035668613654023604,88.50024190787818,1.5412247870361095,2.8559810708830025,0.24143965179393917,2.7399551769530834,2.0,False
random_geometric,60,correlated,0.3,0.75,fiedler,max_abs,0.009275,0.019675,0.0025773047937719747,1.1295575679592726,1.5412247870361095,2.8559810708830025,0.24143965179393917,2.7399551769530834,3.0,False
random_geometric,60,correlated,0.3,0.75,high_frequency,euclidean,0.011375,0.0308,0.0030408332191467964,8.293990070427844,17.597416615886758,7.295311842798931,0.6295108742034039,31.2842962060209,4.0,False
random_geometric,60,correlated,0.3,0.75,high_frequency,laplacian,0.01015,0.095725,0.009401196732331472,139.29294993951788,17.597416615886758,7.295311842798931,0.6295108742034039,31.2842962060209,1.0,True
random_geometric,60,correlated,0.3,0.75,high_frequency,mahalanobis,0.010675,0.0495,0.0024041630560342623,88.50024190787818,17.597416615886758,7.295311842798931,0.6295108742034039,31.2842962060209,3.0,False
random_geometric,60,correlated,0.3,0.75,high_frequency,max_abs,0.009275,0.069925,0.025007782122104843,1.1295575679592726,17.597416615886758,7.295311842798931,0.6295108742034039,31.2842962060209,2.0,False
random_geometric,60,correlated,0.3,0.75,point,euclidean,0.011375,0.03225,0.0030293013495964177,8.293990070427844,9.140625,6.6899363806404,0.75,16.25,4.0,False
random_geometric,60,correlated,0.3,0.75,point,laplacian,0.01015,0.034025,0.009890188741036914,139.29294993951788,9.140625,6.6899363806404,0.75,16.25,3.0,False
random_geometric,60,correlated,0.3,0.75,point,mahalanobis,0.010675,0.0462,0.007728302961625318,88.50024190787818,9.140625,6.6899363806404,0.75,16.25,2.0,False
random_geometric,60,correlated,0.3,0.75,point,max_abs,0.009275,0.108925,0.006919718202354778,1.1295575679592726,9.140625,6.6899363806404,0.75,16.25,1.0,True
random_geometric,60,correlated,0.3,1.5,cluster,euclidean,0.011375,0.31465,0.012741925547838807,8.293990070427844,24.703125000000004,17.427552129682354,0.43301270189221935,10.979166666666666,1.0,True
random_geometric,60,correlated,0.3,1.5,cluster,laplacian,0.01015,0.161,0.08353446394552769,139.29294993951788,24.703125000000004,17.427552129682354,0.43301270189221935,10.979166666666666,3.0,False
random_geometric,60,correlated,0.3,1.5,cluster,mahalanobis,0.010675,0.207425,0.051247268219876844,88.50024190787818,24.703125000000004,17.427552129682354,0.43301270189221935,10.979166666666666,2.0,False
random_geometric,60,correlated,0.3,1.5,cluster,max_abs,0.009275,0.11950000000000001,0.01271534506020186,1.1295575679592726,24.703125000000004,17.427552129682354,0.43301270189221935,10.979166666666666,4.0,False
random_geometric,60,correlated,0.3,1.5,constant,euclidean,0.011375,0.328725,0.014084832267371889,8.293990070427844,2.020941383926151e-15,8.28536467997342,0.19364916731037085,8.981961706338444e-16,1.0,True
random_geometric,60,correlated,0.3,1.5,constant,laplacian,0.01015,0.009725000000000001,0.0031668859573193773,139.29294993951788,2.020941383926151e-15,8.28536467997342,0.19364916731037085,8.981961706338444e-16,4.0,False
random_geometric,60,correlated,0.3,1.5,constant,mahalanobis,0.010675,0.060200000000000004,0.006974716242734659,88.50024190787818,2.020941383926151e-15,8.28536467997342,0.19364916731037085,8.981961706338444e-16,2.0,False
random_geometric,60,correlated,0.3,1.5,constant,max_abs,0.009275,0.0539,0.006081118318204306,1.1295575679592726,2.020941383926151e-15,8.28536467997342,0.19364916731037085,8.981961706338444e-16,3.0,False
random_geometric,60,correlated,0.3,1.5,edge_bipolar,euclidean,0.011375,0.302525,0.02071736389279937,8.293990070427844,52.3125,27.667969619786206,1.0606601717798212,23.250000000000004,4.0,False
random_geometric,60,correlated,0.3,1.5,edge_bipolar,laplacian,0.01015,0.546325,0.12316050164994731,139.29294993951788,52.3125,27.667969619786206,1.0606601717798212,23.250000000000004,2.0,False
random_geometric,60,correlated,0.3,1.5,edge_bipolar,mahalanobis,0.010675,0.4588,0.02253530563360523,88.50024190787818,52.3125,27.667969619786206,1.0606601717798212,23.250000000000004,3.0,False
random_geometric,60,correlated,0.3,1.5,edge_bipolar,max_abs,0.009275,0.6689499999999999,0.012282914963476697,1.1295575679592726,52.3125,27.667969619786206,1.0606601717798212,23.250000000000004,1.0,True
random_geometric,60,correlated,0.3,1.5,fiedler,euclidean,0.011375,0.327225,0.010067894516729908,8.293990070427844,6.164899148144438,11.42392428353201,0.48287930358787834,2.7399551769530834,1.0,True
random_geometric,60,correlated,0.3,1.5,fiedler,laplacian,0.01015,0.0201,0.0047307504690059475,139.29294993951788,6.164899148144438,11.42392428353201,0.48287930358787834,2.7399551769530834,4.0,False
random_geometric,60,correlated,0.3,1.5,fiedler,mahalanobis,0.010675,0.0984,0.015601922958404837,88.50024190787818,6.164899148144438,11.42392428353201,0.48287930358787834,2.7399551769530834,2.0,False
random_geometric,60,correlated,0.3,1.5,fiedler,max_abs,0.009275,0.08365,0.02150821548463129,1.1295575679592726,6.164899148144438,11.42392428353201,0.48287930358787834,2.7399551769530834,3.0,False
random_geometric,60,correlated,0.3,1.5,high_frequency,euclidean,0.011375,0.300425,0.01682069657693561,8.293990070427844,70.38966646354703,29.181247371195724,1.2590217484068078,31.2842962060209,4.0,False
random_geometric,60,correlated,0.3,1.5,high_frequency,laplacian,0.01015,0.7608,0.026638443397966522,139.29294993951788,70.38966646354703,29.181247371195724,1.2590217484068078,31.2842962060209,1.0,True
random_geometric,60,correlated,0.3,1.5,high_frequency,mahalanobis,0.010675,0.49505,0.007505775553976202,88.50024190787818,70.38966646354703,29.181247371195724,1.2590217484068078,31.2842962060209,3.0,False
random_geometric,60,correlated,0.3,1.5,high_frequency,max_abs,0.009275,0.6834250000000001,0.25899042935985106,1.1295575679592726,70.38966646354703,29.181247371195724,1.2590217484068078,31.2842962060209,2.0,False
random_geometric,60,correlated,0.3,1.5,point,euclidean,0.011375,0.29857500000000003,0.015334356849897542,8.293990070427844,47.8125,26.745596921102457,1.5,21.25,4.0,False
random_geometric,60,correlated,0.3,1.5,point,laplacian,0.01015,0.46957499999999996,0.13202919815959901,139.29294993951788,47.8125,26.745596921102457,1.5,21.25,2.0,False
random_geometric,60,correlated,0.3,1.5,point,mahalanobis,0.010675,0.42945,0.014866853511531388,88.50024190787818,47.8125,26.745596921102457,1.5,21.25,3.0,False
random_geometric,60,correlated,0.3,1.5,point,max_abs,0.009275,0.889575,0.008566358619623638,1.1295575679592726,47.8125,26.745596921102457,1.5,21.25,1.0,True
random_geometric,60,correlated,0.3,3.0,cluster,euclidean,0.011375,0.9963,0.0006683312551920736,8.293990070427844,93.56250000000003,68.83853838501015,0.8660254037844387,10.395833333333334,1.0,True
random_geometric,60,correlated,0.3,3.0,cluster,laplacian,0.01015,0.900675,0.13928819942837944,139.29294993951788,93.56250000000003,68.83853838501015,0.8660254037844387,10.395833333333334,3.0,False
random_geometric,60,correlated,0.3,3.0,cluster,mahalanobis,0.010675,0.981975,0.01590437570817124,88.50024190787818,93.56250000000003,68.83853838501015,0.8660254037844387,10.395833333333334,2.0,False
random_geometric,60,correlated,0.3,3.0,cluster,max_abs,0.009275,0.8741,0.01096205576827024,1.1295575679592726,93.56250000000003,68.83853838501015,0.8660254037844387,10.395833333333334,4.0,False
random_geometric,60,correlated,0.3,3.0,constant,euclidean,0.011375,0.983025,0.0013937359864766691,8.293990070427844,8.083765535704604e-15,33.14145871989368,0.3872983346207417,8.981961706338444e-16,1.0,True
random_geometric,60,correlated,0.3,3.0,constant,laplacian,0.01015,0.009850000000000001,0.0009574271077563377,139.29294993951788,8.083765535704604e-15,33.14145871989368,0.3872983346207417,8.981961706338444e-16,4.0,False
random_geometric,60,correlated,0.3,3.0,constant,mahalanobis,0.010675,0.5989249999999999,0.023498421932830558,88.50024190787818,8.083765535704604e-15,33.14145871989368,0.3872983346207417,8.981961706338444e-16,2.0,False
random_geometric,60,correlated,0.3,3.0,constant,max_abs,0.009275,0.31837499999999996,0.01586912620992936,1.1295575679592726,8.083765535704604e-15,33.14145871989368,0.3872983346207417,8.981961706338444e-16,3.0,False
random_geometric,60,correlated,0.3,3.0,edge_bipolar,euclidean,0.011375,0.9997750000000001,0.00017078251276598713,8.293990070427844,196.87499999999997,111.44222164531377,2.1213203435596424,21.875,3.0,False
random_geometric,60,correlated,0.3,3.0,edge_bipolar,laplacian,0.01015,0.999175,0.0016499999999999941,139.29294993951788,196.87499999999997,111.44222164531377,2.1213203435596424,21.875,4.0,False
random_geometric,60,correlated,0.3,3.0,edge_bipolar,mahalanobis,0.010675,1.0,0.0,88.50024190787818,196.87499999999997,111.44222164531377,2.1213203435596424,21.875,1.5,False
random_geometric,60,correlated,0.3,3.0,edge_bipolar,max_abs,0.009275,1.0,0.0,1.1295575679592726,196.87499999999997,111.44222164531377,2.1213203435596424,21.875,1.5,False
random_geometric,60,correlated,0.3,3.0,fiedler,euclidean,0.011375,0.992075,0.0021746647251166236,8.293990070427844,24.659596592577753,45.69569713412804,0.9657586071757567,2.7399551769530834,1.0,True
random_geometric,60,correlated,0.3,3.0,fiedler,laplacian,0.01015,0.1319,0.057829116080627296,139.29294993951788,24.659596592577753,45.69569713412804,0.9657586071757567,2.7399551769530834,4.0,False
random_geometric,60,correlated,0.3,3.0,fiedler,mahalanobis,0.010675,0.838775,0.03323546048023609,88.50024190787818,24.659596592577753,45.69569713412804,0.9657586071757567,2.7399551769530834,2.0,False
random_geometric,60,correlated,0.3,3.0,fiedler,max_abs,0.009275,0.658875,0.13908676848164483,1.1295575679592726,24.659596592577753,45.69569713412804,0.9657586071757567,2.7399551769530834,3.0,False
random_geometric,60,correlated,0.3,3.0,high_frequency,euclidean,0.011375,0.999825,0.00014999999999998966,8.293990070427844,281.5586658541881,116.7249894847829,2.5180434968136156,31.2842962060209,3.5,False
random_geometric,60,correlated,0.3,3.0,high_frequency,laplacian,0.01015,1.0,0.0,139.29294993951788,281.5586658541881,116.7249894847829,2.5180434968136156,31.2842962060209,1.5,False
random_geometric,60,correlated,0.3,3.0,high_frequency,mahalanobis,0.010675,1.0,0.0,88.50024190787818,281.5586658541881,116.7249894847829,2.5180434968136156,31.2842962060209,1.5,False
random_geometric,60,correlated,0.3,3.0,high_frequency,max_abs,0.009275,0.999825,0.0003500000000000632,1.1295575679592726,281.5586658541881,116.7249894847829,2.5180434968136156,31.2842962060209,3.5,False
random_geometric,60,correlated,0.3,3.0,point,euclidean,0.011375,0.999575,0.0001258305739212082,8.293990070427844,198.0,106.91472817232795,3.0,22.0,3.0,False
random_geometric,60,correlated,0.3,3.0,point,laplacian,0.01015,0.9995,0.0007071067811865089,139.29294993951788,198.0,106.91472817232795,3.0,22.0,4.0,False
random_geometric,60,correlated,0.3,3.0,point,mahalanobis,0.010675,0.99995,5.7735026918956215e-05,88.50024190787818,198.0,106.91472817232795,3.0,22.0,2.0,False
random_geometric,60,correlated,0.3,3.0,point,max_abs,0.009275,1.0,0.0,1.1295575679592726,198.0,106.91472817232795,3.0,22.0,1.0,True
random_geometric,60,iid,0.15,0.75,cluster,euclidean,0.009125,0.374725,0.008649229252752326,2.001708776057284,6.984375000000002,25.0,0.21650635094610968,12.416666666666666,1.5,False
random_geometric,60,iid,0.15,0.75,cluster,laplacian,0.009625,0.145925,0.07742546415747212,40.218726376905565,6.984375000000002,25.0,0.21650635094610968,12.416666666666666,3.0,False
random_geometric,60,iid,0.15,0.75,cluster,mahalanobis,0.009125,0.374725,0.008649229252752326,88.96483449143486,6.984375000000002,25.0,0.21650635094610968,12.416666666666666,1.5,False
random_geometric,60,iid,0.15,0.75,cluster,max_abs,0.010625,0.11695,0.005512712580935084,0.5663476380951803,6.984375000000002,25.0,0.21650635094610968,12.416666666666666,4.0,False
random_geometric,60,iid,0.15,0.75,constant,euclidean,0.009125,0.37172499999999997,0.010507576631491508,2.001708776057284,4.864233916098849e-16,25.000000000000014,0.09682458365518543,8.647526961953504e-16,1.5,False
random_geometric,60,iid,0.15,0.75,constant,laplacian,0.009625,0.009125,0.001846392879824515,40.218726376905565,4.864233916098849e-16,25.000000000000014,0.09682458365518543,8.647526961953504e-16,4.0,False
random_geometric,60,iid,0.15,0.75,constant,mahalanobis,0.009125,0.37172499999999997,0.010507576631491508,88.96483449143486,4.864233916098849e-16,25.000000000000014,0.09682458365518543,8.647526961953504e-16,1.5,False
random_geometric,60,iid,0.15,0.75,constant,max_abs,0.010625,0.052975,0.0036627630736007647,0.5663476380951803,4.864233916098849e-16,25.000000000000014,0.09682458365518543,8.647526961953504e-16,3.0,False
random_geometric,60,iid,0.15,0.75,edge_bipolar,euclidean,0.009125,0.374425,0.012235569732001307,2.001708776057284,14.835937499999996,24.999999999999996,0.5303300858899106,26.375,3.5,False
random_geometric,60,iid,0.15,0.75,edge_bipolar,laplacian,0.009625,0.52635,0.03710763623119461,40.218726376905565,14.835937499999996,24.999999999999996,0.5303300858899106,26.375,2.0,False
random_geometric,60,iid,0.15,0.75,edge_bipolar,mahalanobis,0.009125,0.374425,0.012235569732001307,88.96483449143486,14.835937499999996,24.999999999999996,0.5303300858899106,26.375,3.5,False
random_geometric,60,iid,0.15,0.75,edge_bipolar,max_abs,0.010625,0.645825,0.011280181736124665,0.5663476380951803,14.835937499999996,24.999999999999996,0.5303300858899106,26.375,1.0,True
random_geometric,60,iid,0.15,0.75,fiedler,euclidean,0.009125,0.377325,0.006391335280414155,2.001708776057284,1.3873255240697828,24.999999999999996,0.3435082591058155,2.4663564872351693,1.5,False
random_geometric,60,iid,0.15,0.75,fiedler,laplacian,0.009625,0.01635,0.003809199390948182,40.218726376905565,1.3873255240697828,24.999999999999996,0.3435082591058155,2.4663564872351693,4.0,False
random_geometric,60,iid,0.15,0.75,fiedler,mahalanobis,0.009125,0.377325,0.006391335280414155,88.96483449143486,1.3873255240697828,24.999999999999996,0.3435082591058155,2.4663564872351693,1.5,False
random_geometric,60,iid,0.15,0.75,fiedler,max_abs,0.010625,0.23852500000000001,0.23814497510270227,0.5663476380951803,1.3873255240697828,24.999999999999996,0.3435082591058155,2.4663564872351693,3.0,False
random_geometric,60,iid,0.15,0.75,high_frequency,euclidean,0.009125,0.37065000000000003,0.012453781219640348,2.001708776057284,18.29370083246414,24.999999999999996,0.5475471072989848,32.52213481326959,3.5,False
random_geometric,60,iid,0.15,0.75,high_frequency,laplacian,0.009625,0.6677,0.015759018581963356,40.218726376905565,18.29370083246414,24.999999999999996,0.5475471072989848,32.52213481326959,1.0,True
random_geometric,60,iid,0.15,0.75,high_frequency,mahalanobis,0.009125,0.37065000000000003,0.012453781219640348,88.96483449143486,18.29370083246414,24.999999999999996,0.5475471072989848,32.52213481326959,3.5,False
random_geometric,60,iid,0.15,0.75,high_frequency,max_abs,0.010625,0.52085,0.33392403826818656,0.5663476380951803,18.29370083246414,24.999999999999996,0.5475471072989848,32.52213481326959,2.0,False
random_geometric,60,iid,0.15,0.75,point,euclidean,0.009125,0.3771,0.011600862036935012,2.001708776057284,12.9375,24.999999999999996,0.75,23.0,3.5,False
random_geometric,60,iid,0.15,0.75,point,laplacian,0.009625,0.43000000000000005,0.1759237903184217,40.218726376905565,12.9375,24.999999999999996,0.75,23.0,2.0,False
random_geometric,60,iid,0.15,0.75,point,mahalanobis,0.009125,0.3771,0.011600862036935012,88.96483449143486,12.9375,24.999999999999996,0.75,23.0,3.5,False
random_geometric,60,iid,0.15,0.75,point,max_abs,0.010625,0.89055,0.005692392584259546,0.5663476380951803,12.9375,24.999999999999996,0.75,23.0,1.0,True
random_geometric,60,iid,0.15,1.5,cluster,euclidean,0.009125,0.999925,0.00014999999999996497,2.001708776057284,22.265625000000004,100.0,0.43301270189221935,9.895833333333332,1.5,False
random_geometric,60,iid,0.15,1.5,cluster,laplacian,0.009625,0.8377,0.07429952893524965,40.218726376905565,22.265625000000004,100.0,0.43301270189221935,9.895833333333332,4.0,False
random_geometric,60,iid,0.15,1.5,cluster,mahalanobis,0.009125,0.999925,0.00014999999999996497,88.96483449143486,22.265625000000004,100.0,0.43301270189221935,9.895833333333332,1.5,False
random_geometric,60,iid,0.15,1.5,cluster,max_abs,0.010625,0.915775,0.008442501603987618,0.5663476380951803,22.265625000000004,100.0,0.43301270189221935,9.895833333333332,3.0,False
random_geometric,60,iid,0.15,1.5,constant,euclidean,0.009125,0.999825,0.00014999999999998966,2.001708776057284,1.9456935664395394e-15,100.00000000000006,0.19364916731037085,8.647526961953504e-16,1.5,False
random_geometric,60,iid,0.15,1.5,constant,laplacian,0.009625,0.009525,0.0007274384280931735,40.218726376905565,1.9456935664395394e-15,100.00000000000006,0.19364916731037085,8.647526961953504e-16,4.0,False
random_geometric,60,iid,0.15,1.5,constant,mahalanobis,0.009125,0.999825,0.00014999999999998966,88.96483449143486,1.9456935664395394e-15,100.00000000000006,0.19364916731037085,8.647526961953504e-16,1.5,False
random_geometric,60,iid,0.15,1.5,constant,max_abs,0.010625,0.322675,0.013123611037617151,0.5663476380951803,1.9456935664395394e-15,100.00000000000006,0.19364916731037085,8.647526961953504e-16,3.0,False
random_geometric,60,iid,0.15,1.5,edge_bipolar,euclidean,0.009125,0.999925,9.574271077560716e-05,2.001708776057284,54.28125,99.99999999999999,1.0606601717798212,24.125000000000004,3.5,False
random_geometric,60,iid,0.15,1.5,edge_bipolar,laplacian,0.009625,0.9999750000000001,5.000000000001299e-05,40.218726376905565,54.28125,99.99999999999999,1.0606601717798212,24.125000000000004,2.0,False
random_geometric,60,iid,0.15,1.5,edge_bipolar,mahalanobis,0.009125,0.999925,9.574271077560716e-05,88.96483449143486,54.28125,99.99999999999999,1.0606601717798212,24.125000000000004,3.5,False
random_geometric,60,iid,0.15,1.5,edge_bipolar,max_abs,0.010625,1.0,0.0,0.5663476380951803,54.28125,99.99999999999999,1.0606601717798212,24.125000000000004,1.0,True
random_geometric,60,iid,0.15,1.5,fiedler,euclidean,0.009125,0.999925,9.574271077563292e-05,2.001708776057284,5.549302096279131,99.99999999999999,0.687016518211631,2.4663564872351693,1.5,False
random_geometric,60,iid,0.15,1.5,fiedler,laplacian,0.009625,0.070725,0.027863401921995573,40.218726376905565,5.549302096279131,99.99999999999999,0.687016518211631,2.4663564872351693,4.0,False
random_geometric,60,iid,0.15,1.5,fiedler,mahalanobis,0.009125,0.999925,9.574271077563292e-05,88.96483449143486,5.549302096279131,99.99999999999999,0.687016518211631,2.4663564872351693,1.5,False
random_geometric,60,iid,0.15,1.5,fiedler,max_abs,0.010625,0.80345,0.22649642381282759,0.5663476380951803,5.549302096279131,99.99999999999999,0.687016518211631,2.4663564872351693,3.0,False
random_geometric,60,iid,0.15,1.5,high_frequency,euclidean,0.009125,0.999825,0.00012583057392115304,2.001708776057284,73.17480332985656,99.99999999999999,1.0950942145979696,32.52213481326959,2.5,False
random_geometric,60,iid,0.15,1.5,high_frequency,laplacian,0.009625,1.0,0.0,40.218726376905565,73.17480332985656,99.99999999999999,1.0950942145979696,32.52213481326959,1.0,True
random_geometric,60,iid,0.15,1.5,high_frequency,mahalanobis,0.009125,0.999825,0.00012583057392115304,88.96483449143486,73.17480332985656,99.99999999999999,1.0950942145979696,32.52213481326959,2.5,False
random_geometric,60,iid,0.15,1.5,high_frequency,max_abs,0.010625,0.99745,0.0034923726414382667,0.5663476380951803,73.17480332985656,99.99999999999999,1.0950942145979696,32.52213481326959,4.0,False
random_geometric,60,iid,0.15,1.5,point,euclidean,0.009125,0.99985,5.7735026918956215e-05,2.001708776057284,50.625,99.99999999999999,1.5,22.5,3.0,False
random_geometric,60,iid,0.15,1.5,point,laplacian,0.009625,0.99985,0.00023804761428473546,40.218726376905565,50.625,99.99999999999999,1.5,22.5,3.0,False
random_geometric,60,iid,0.15,1.5,point,mahalanobis,0.009125,0.99985,5.7735026918956215e-05,88.96483449143486,50.625,99.99999999999999,1.5,22.5,3.0,False
random_geometric,60,iid,0.15,1.5,point,max_abs,0.010625,1.0,0.0,0.5663476380951803,50.625,99.99999999999999,1.5,22.5,1.0,True
random_geometric,60,iid,0.15,3.0,cluster,euclidean,0.009125,1.0,0.0,2.001708776057284,123.00000000000003,400.0,0.8660254037844387,13.666666666666668,2.5,False
random_geometric,60,iid,0.15,3.0,cluster,laplacian,0.009625,1.0,0.0,40.218726376905565,123.00000000000003,400.0,0.8660254037844387,13.666666666666668,2.5,False
random_geometric,60,iid,0.15,3.0,cluster,mahalanobis,0.009125,1.0,0.0,88.96483449143486,123.00000000000003,400.0,0.8660254037844387,13.666666666666668,2.5,False
random_geometric,60,iid,0.15,3.0,cluster,max_abs,0.010625,1.0,0.0,0.5663476380951803,123.00000000000003,400.0,0.8660254037844387,13.666666666666668,2.5,False
random_geometric,60,iid,0.15,3.0,constant,euclidean,0.009125,1.0,0.0,2.001708776057284,7.782774265758158e-15,400.0000000000002,0.3872983346207417,8.647526961953504e-16,1.5,False
random_geometric,60,iid,0.15,3.0,constant,laplacian,0.009625,0.010199999999999999,0.0014787382008545887,40.218726376905565,7.782774265758158e-15,400.0000000000002,0.3872983346207417,8.647526961953504e-16,4.0,False
random_geometric,60,iid,0.15,3.0,constant,mahalanobis,0.009125,1.0,0.0,88.96483449143486,7.782774265758158e-15,400.0000000000002,0.3872983346207417,8.647526961953504e-16,1.5,False
random_geometric,60,iid,0.15,3.0,constant,max_abs,0.010625,0.99925,0.00019148542155129967,0.5663476380951803,7.782774265758158e-15,400.0000000000002,0.3872983346207417,8.647526961953504e-16,3.0,False
random_geometric,60,iid,0.15,3.0,edge_bipolar,euclidean,0.009125,1.0,0.0,2.001708776057284,159.74999999999997,399.99999999999994,2.1213203435596424,17.75,2.5,False
random_geometric,60,iid,0.15,3.0,edge_bipolar,laplacian,0.009625,1.0,0.0,40.218726376905565,159.74999999999997,399.99999999999994,2.1213203435596424,17.75,2.5,False
random_geometric,60,iid,0.15,3.0,edge_bipolar,mahalanobis,0.009125,1.0,0.0,88.96483449143486,159.74999999999997,399.99999999999994,2.1213203435596424,17.75,2.5,False
random_geometric,60,iid,0.15,3.0,edge_bipolar,max_abs,0.010625,1.0,0.0,0.5663476380951803,159.74999999999997,399.99999999999994,2.1213203435596424,17.75,2.5,False
random_geometric,60,iid,0.15,3.0,fiedler,euclidean,0.009125,1.0,0.0,2.001708776057284,22.197208385116525,399.99999999999994,1.374033036423262,2.4663564872351693,2.0,False
random_geometric,60,iid,0.15,3.0,fiedler,laplacian,0.009625,0.86755,0.1642033799895727,40.218726376905565,22.197208385116525,399.99999999999994,1.374033036423262,2.4663564872351693,4.0,False
random_geometric,60,iid,0.15,3.0,fiedler,mahalanobis,0.009125,1.0,0.0,88.96483449143486,22.197208385116525,399.99999999999994,1.374033036423262,2.4663564872351693,2.0,False
random_geometric,60,iid,0.15,3.0,fiedler,max_abs,0.010625,1.0,0.0,0.5663476380951803,22.197208385116525,399.99999999999994,1.374033036423262,2.4663564872351693,2.0,False
random_geometric,60,iid,0.15,3.0,high_frequency,euclidean,0.009125,1.0,0.0,2.001708776057284,292.69921331942624,399.99999999999994,2.1901884291959393,32.52213481326959,2.5,False
random_geometric,60,iid,0.15,3.0,high_frequency,laplacian,0.009625,1.0,0.0,40.218726376905565,292.69921331942624,399.99999999999994,2.1901884291959393,32.52213481326959,2.5,False
random_geometric,60,iid,0.15,3.0,high_frequency,mahalanobis,0.009125,1.0,0.0,88.96483449143486,292.69921331942624,399.99999999999994,2.1901884291959393,32.52213481326959,2.5,False
random_geometric,60,iid,0.15,3.0,high_frequency,max_abs,0.010625,1.0,0.0,0.5663476380951803,292.69921331942624,399.99999999999994,2.1901884291959393,32.52213481326959,2.5,False
random_geometric,60,iid,0.15,3.0,point,euclidean,0.009125,1.0,0.0,2.001708776057284,153.0,399.99999999999994,3.0,17.0,2.5,False
random_geometric,60,iid,0.15,3.0,point,laplacian,0.009625,1.0,0.0,40.218726376905565,153.0,399.99999999999994,3.0,17.0,2.5,False
random_geometric,60,iid,0.15,3.0,point,mahalanobis,0.009125,1.0,0.0,88.96483449143486,153.0,399.99999999999994,3.0,17.0,2.5,False
random_geometric,60,iid,0.15,3.0,point,max_abs,0.010625,1.0,0.0,0.5663476380951803,153.0,399.99999999999994,3.0,17.0,2.5,False
random_geometric,60,iid,0.3,0.75,cluster,euclidean,0.011775,0.045625,0.00272564976962681,7.904769183045912,6.773437500000001,6.25,0.21650635094610968,12.041666666666666,1.5,False
random_geometric,60,iid,0.3,0.75,cluster,laplacian,0.010775,0.027575,0.008826994581018691,148.98303565535502,6.773437500000001,6.25,0.21650635094610968,12.041666666666666,3.0,False
random_geometric,60,iid,0.3,0.75,cluster,mahalanobis,0.011775,0.045625,0.00272564976962681,87.83076870051013,6.773437500000001,6.25,0.21650635094610968,12.041666666666666,1.5,False
random_geometric,60,iid,0.3,0.75,cluster,max_abs,0.01,0.020275,0.0020483733383671403,1.1273182334272918,6.773437500000001,6.25,0.21650635094610968,12.041666666666666,4.0,False
random_geometric,60,iid,0.3,0.75,constant,euclidean,0.011775,0.046425,0.001152894907034749,7.904769183045912,4.944856577691646e-16,6.2500000000000036,0.09682458365518543,8.790856138118477e-16,1.5,False
random_geometric,60,iid,0.3,0.75,constant,laplacian,0.010775,0.01055,0.0017310882896798372,148.98303565535502,4.944856577691646e-16,6.2500000000000036,0.09682458365518543,8.790856138118477e-16,4.0,False
random_geometric,60,iid,0.3,0.75,constant,mahalanobis,0.011775,0.046425,0.001152894907034749,87.83076870051013,4.944856577691646e-16,6.2500000000000036,0.09682458365518543,8.790856138118477e-16,1.5,False
random_geometric,60,iid,0.3,0.75,constant,max_abs,0.01,0.018349999999999998,0.000988264472024907,1.1273182334272918,4.944856577691646e-16,6.2500000000000036,0.09682458365518543,8.790856138118477e-16,3.0,False
random_geometric,60,iid,0.3,0.75,edge_bipolar,euclidean,0.011775,0.045175,0.001958528359083254,7.904769183045912,11.460937499999998,6.249999999999999,0.5303300858899106,20.375,3.5,False
random_geometric,60,iid,0.3,0.75,edge_bipolar,laplacian,0.010775,0.046725,0.014072994232453404,148.98303565535502,11.460937499999998,6.249999999999999,0.5303300858899106,20.375,2.0,False
random_geometric,60,iid,0.3,0.75,edge_bipolar,mahalanobis,0.011775,0.045175,0.001958528359083254,87.83076870051013,11.460937499999998,6.249999999999999,0.5303300858899106,20.375,3.5,False
random_geometric,60,iid,0.3,0.75,edge_bipolar,max_abs,0.01,0.05395,0.0030956959368344562,1.1273182334272918,11.460937499999998,6.249999999999999,0.5303300858899106,20.375,1.0,True
random_geometric,60,iid,0.3,0.75,fiedler,euclidean,0.011775,0.045225,0.002120338023366399,7.904769183045912,1.322085316322362,6.25,0.22338384411418594,2.3503738956841986,1.5,False
random_geometric,60,iid,0.3,0.75,fiedler,laplacian,0.010775,0.012125,0.0020516253719104443,148.98303565535502,1.322085316322362,6.25,0.22338384411418594,2.3503738956841986,4.0,False
random_geometric,60,iid,0.3,0.75,fiedler,mahalanobis,0.011775,0.045225,0.002120338023366399,87.83076870051013,1.322085316322362,6.25,0.22338384411418594,2.3503738956841986,1.5,False
random_geometric,60,iid,0.3,0.75,fiedler,max_abs,0.01,0.020900000000000002,0.0020672042311618206,1.1273182334272918,1.322085316322362,6.25,0.22338384411418594,2.3503738956841986,3.0,False
random_geometric,60,iid,0.3,0.75,high_frequency,euclidean,0.011775,0.045725,0.0034199171529926456,7.904769183045912,17.101252893541794,6.250000000000001,0.5732330605720555,30.402227366296515,3.5,False
random_geometric,60,iid,0.3,0.75,high_frequency,laplacian,0.010775,0.089875,0.007471891772949242,148.98303565535502,17.101252893541794,6.250000000000001,0.5732330605720555,30.402227366296515,1.0,True
random_geometric,60,iid,0.3,0.75,high_frequency,mahalanobis,0.011775,0.045725,0.0034199171529926456,87.83076870051013,17.101252893541794,6.250000000000001,0.5732330605720555,30.402227366296515,3.5,False
random_geometric,60,iid,0.3,0.75,high_frequency,max_abs,0.01,0.057550000000000004,0.03377479336230892,1.1273182334272918,17.101252893541794,6.250000000000001,0.5732330605720555,30.402227366296515,2.0,False
random_geometric,60,iid,0.3,0.75,point,euclidean,0.011775,0.046875,0.003115953572610906,7.904769183045912,10.125,6.249999999999999,0.75,18.0,2.5,False
random_geometric,60,iid,0.3,0.75,point,laplacian,0.010775,0.04065,0.008190441583537078,148.98303565535502,10.125,6.249999999999999,0.75,18.0,4.0,False
random_geometric,60,iid,0.3,0.75,point,mahalanobis,0.011775,0.046875,0.003115953572610906,87.83076870051013,10.125,6.249999999999999,0.75,18.0,2.5,False
random_geometric,60,iid,0.3,0.75,point,max_abs,0.01,0.11205,0.00482873344332307,1.1273182334272918,10.125,6.249999999999999,0.75,18.0,1.0,True
random_geometric,60,iid,0.3,1.5,cluster,euclidean,0.011775,0.40305,0.0063237647015049634,7.904769183045912,26.812500000000004,25.0,0.43301270189221935,11.916666666666666,1.5,False
random_geometric,60,iid,0.3,1.5,cluster,laplacian,0.010775,0.16675,0.06096324029008519,148.98303565535502,26.812500000000004,25.0,0.43301270189221935,11.916666666666666,3.0,False
random_geometric,60,iid,0.3,1.5,cluster,mahalanobis,0.011775,0.40305,0.0063237647015049634,87.83076870051013,26.812500000000004,25.0,0.43301270189221935,11.916666666666666,1.5,False
random_geometric,60,iid,0.3,1.5,cluster,max_abs,0.01,0.125275,0.0037827459162183565,1.1273182334272918,26.812500000000004,25.0,0.43301270189221935,11.916666666666666,4.0,False
random_geometric,60,iid,0.3,1.5,constant,euclidean,0.011775,0.39945,0.0058335238064140945,7.904769183045912,1.9779426310766585e-15,25.000000000000014,0.19364916731037085,8.790856138118477e-16,1.5,False
random_geometric,60,iid,0.3,1.5,constant,laplacian,0.010775,0.0115,0.0022464787260658998,148.98303565535502,1.9779426310766585e-15,25.000000000000014,0.19364916731037085,8.790856138118477e-16,4.0,False
random_geometric,60,iid,0.3,1.5,constant,mahalanobis,0.011775,0.39945,0.0058335238064140945,87.83076870051013,1.9779426310766585e-15,25.000000000000014,0.19364916731037085,8.790856138118477e-16,1.5,False
random_geometric,60,iid,0.3,1.5,constant,max_abs,0.01,0.052875000000000005,0.0024662724910277066,1.1273182334272918,1.9779426310766585e-15,25.000000000000014,0.19364916731037085,8.790856138118477e-16,3.0,False
random_geometric,60,iid,0.3,1.5,edge_bipolar,euclidean,0.011775,0.40695000000000003,0.006855897704409933,7.904769183045912,46.12499999999999,24.999999999999996,1.0606601717798212,20.5,3.5,False
random_geometric,60,iid,0.3,1.5,edge_bipolar,laplacian,0.010775,0.414825,0.18571037262360982,148.98303565535502,46.12499999999999,24.999999999999996,1.0606601717798212,20.5,2.0,False
random_geometric,60,iid,0.3,1.5,edge_bipolar,mahalanobis,0.011775,0.40695000000000003,0.006855897704409933,87.83076870051013,46.12499999999999,24.999999999999996,1.0606601717798212,20.5,3.5,False
random_geometric,60,iid,0.3,1.5,edge_bipolar,max_abs,0.01,0.660875,0.012344600709081908,1.1273182334272918,46.12499999999999,24.999999999999996,1.0606601717798212,20.5,1.0,True
random_geometric,60,iid,0.3,1.5,fiedler,euclidean,0.011775,0.40285,0.00656074182797445,7.904769183045912,5.288341265289448,25.0,0.4467676882283719,2.3503738956841986,1.5,False
random_geometric,60,iid,0.3,1.5,fiedler,laplacian,0.010775,0.017425,0.001547847968417223,148.98303565535502,5.288341265289448,25.0,0.4467676882283719,2.3503738956841986,4.0,False
random_geometric,60,iid,0.3,1.5,fiedler,mahalanobis,0.011775,0.40285,0.00656074182797445,87.83076870051013,5.288341265289448,25.0,0.4467676882283719,2.3503738956841986,1.5,False
random_geometric,60,iid,0.3,1.5,fiedler,max_abs,0.01,0.08165,0.021298591502726182,1.1273182334272918,5.288341265289448,25.0,0.4467676882283719,2.3503738956841986,3.0,False
random_geometric,60,iid,0.3,1.5,high_frequency,euclidean,0.011775,0.4042,0.010882401695704234,7.904769183045912,68.40501157416718,25.000000000000004,1.146466121144111,30.402227366296515,3.5,False
random_geometric,60,iid,0.3,1.5,high_frequency,laplacian,0.010775,0.692075,0.020569941662532728,148.98303565535502,68.40501157416718,25.000000000000004,1.146466121144111,30.402227366296515,1.0,True
random_geometric,60,iid,0.3,1.5,high_frequency,mahalanobis,0.011775,0.4042,0.010882401695704234,87.83076870051013,68.40501157416718,25.000000000000004,1.146466121144111,30.402227366296515,3.5,False
random_geometric,60,iid,0.3,1.5,high_frequency,max_abs,0.01,0.551125,0.3088505180503992,1.1273182334272918,68.40501157416718,25.000000000000004,1.146466121144111,30.402227366296515,2.0,False
random_geometric,60,iid,0.3,1.5,point,euclidean,0.011775,0.403275,0.00891903395366711,7.904769183045912,37.125,24.999999999999996,1.5,16.5,2.5,False
random_geometric,60,iid,0.3,1.5,point,laplacian,0.010775,0.28685000000000005,0.061374560419335526,148.98303565535502,37.125,24.999999999999996,1.5,16.5,4.0,False
random_geometric,60,iid,0.3,1.5,point,mahalanobis,0.011775,0.403275,0.00891903395366711,87.83076870051013,37.125,24.999999999999996,1.5,16.5,2.5,False
random_geometric,60,iid,0.3,1.5,point,max_abs,0.01,0.893675,0.0035311707218239024,1.1273182334272918,37.125,24.999999999999996,1.5,16.5,1.0,True
random_geometric,60,iid,0.3,3.0,cluster,euclidean,0.011775,0.999825,0.00012583057392118245,7.904769183045912,99.18750000000001,100.0,0.8660254037844387,11.020833333333334,1.5,False
random_geometric,60,iid,0.3,3.0,cluster,laplacian,0.010775,0.85055,0.22274976243908026,148.98303565535502,99.18750000000001,100.0,0.8660254037844387,11.020833333333334,4.0,False
random_geometric,60,iid,0.3,3.0,cluster,mahalanobis,0.011775,0.999825,0.00012583057392118245,87.83076870051013,99.18750000000001,100.0,0.8660254037844387,11.020833333333334,1.5,False
random_geometric,60,iid,0.3,3.0,cluster,max_abs,0.01,0.92205,0.004553753030925886,1.1273182334272918,99.18750000000001,100.0,0.8660254037844387,11.020833333333334,3.0,False
random_geometric,60,iid,0.3,3.0,constant,euclidean,0.011775,0.9999,0.0,7.904769183045912,7.911770524306634e-15,100.00000000000006,0.3872983346207417,8.790856138118477e-16,1.5,False
random_geometric,60,iid,0.3,3.0,constant,laplacian,0.010775,0.011,0.002453568829277059,148.98303565535502,7.911770524306634e-15,100.00000000000006,0.3872983346207417,8.790856138118477e-16,4.0,False
random_geometric,60,iid,0.3,3.0,constant,mahalanobis,0.011775,0.9999,0.0,87.83076870051013,7.911770524306634e-15,100.00000000000006,0.3872983346207417,8.790856138118477e-16,1.5,False
random_geometric,60,iid,0.3,3.0,constant,max_abs,0.01,0.33525,0.013702189606044692,1.1273182334272918,7.911770524306634e-15,100.00000000000006,0.3872983346207417,8.790856138118477e-16,3.0,False
random_geometric,60,iid,0.3,3.0,edge_bipolar,euclidean,0.011775,0.999925,9.574271077562005e-05,7.904769183045912,175.49999999999997,99.99999999999999,2.1213203435596424,19.5,2.5,False
random_geometric,60,iid,0.3,3.0,edge_bipolar,laplacian,0.010775,0.999275,0.001062622541952989,148.98303565535502,175.49999999999997,99.99999999999999,2.1213203435596424,19.5,4.0,False
random_geometric,60,iid,0.3,3.0,edge_bipolar,mahalanobis,0.011775,0.999925,9.574271077562005e-05,87.83076870051013,175.49999999999997,99.99999999999999,2.1213203435596424,19.5,2.5,False
random_geometric,60,iid,0.3,3.0,edge_bipolar,max_abs,0.01,1.0,0.0,1.1273182334272918,175.49999999999997,99.99999999999999,2.1213203435596424,19.5,1.0,True
random_geometric,60,iid,0.3,3.0,fiedler,euclidean,0.011775,0.9998750000000001,5.000000000001299e-05,7.904769183045912,21.153365061157793,100.0,0.8935353764567437,2.3503738956841986,1.5,False
random_geometric,60,iid,0.3,3.0,fiedler,laplacian,0.010775,0.079425,0.00837789750872298,148.98303565535502,21.153365061157793,100.0,0.8935353764567437,2.3503738956841986,4.0,False
random_geometric,60,iid,0.3,3.0,fiedler,mahalanobis,0.011775,0.9998750000000001,5.000000000001299e-05,87.83076870051013,21.153365061157793,100.0,0.8935353764567437,2.3503738956841986,1.5,False
random_geometric,60,iid,0.3,3.0,fiedler,max_abs,0.01,0.6675500000000001,0.16883255017916418,1.1273182334272918,21.153365061157793,100.0,0.8935353764567437,2.3503738956841986,3.0,False
random_geometric,60,iid,0.3,3.0,high_frequency,euclidean,0.011775,0.999925,9.574271077560716e-05,7.904769183045912,273.6200462966687,100.00000000000001,2.292932242288222,30.402227366296515,2.5,False
random_geometric,60,iid,0.3,3.0,high_frequency,laplacian,0.010775,1.0,0.0,148.98303565535502,273.6200462966687,100.00000000000001,2.292932242288222,30.402227366296515,1.0,True
random_geometric,60,iid,0.3,3.0,high_frequency,mahalanobis,0.011775,0.999925,9.574271077560716e-05,87.83076870051013,273.6200462966687,100.00000000000001,2.292932242288222,30.402227366296515,2.5,False
random_geometric,60,iid,0.3,3.0,high_frequency,max_abs,0.01,0.997675,0.004072161588149487,1.1273182334272918,273.6200462966687,100.00000000000001,2.292932242288222,30.402227366296515,4.0,False
random_geometric,60,iid,0.3,3.0,point,euclidean,0.011775,0.99995,5.773502691895622e-05,7.904769183045912,148.5,99.99999999999999,3.0,16.5,2.5,False
random_geometric,60,iid,0.3,3.0,point,laplacian,0.010775,0.998775,0.0008845903006477271,148.98303565535502,148.5,99.99999999999999,3.0,16.5,4.0,False
random_geometric,60,iid,0.3,3.0,point,mahalanobis,0.011775,0.99995,5.773502691895622e-05,87.83076870051013,148.5,99.99999999999999,3.0,16.5,2.5,False
random_geometric,60,iid,0.3,3.0,point,max_abs,0.01,1.0,0.0,1.1273182334272918,148.5,99.99999999999999,3.0,16.5,1.0,True
star,20,correlated,0.15,0.75,cluster,euclidean,0.00915,0.5484,0.017005685323836076,0.932863054798864,2.25,20.82558729441896,0.375,4.0,2.0,False
star,20,correlated,0.15,0.75,cluster,laplacian,0.009575,0.288025,0.008245150089598138,3.9286980184077036,2.25,20.82558729441896,0.375,4.0,4.0,False
star,20,correlated,0.15,0.75,cluster,mahalanobis,0.010125,0.58925,0.025532919927027543,37.53652247824347,2.25,20.82558729441896,0.375,4.0,1.0,True
star,20,correlated,0.15,0.75,cluster,max_abs,0.00915,0.41825,0.01939424313209121,0.5472860672968576,2.25,20.82558729441896,0.375,4.0,3.0,False
star,20,correlated,0.15,0.75,constant,euclidean,0.00915,0.5242249999999999,0.014708812551211217,0.932863054798864,3.7238012298709096e-17,22.059097712404515,0.16770509831248423,6.620091075326063e-17,2.0,False
star,20,correlated,0.15,0.75,constant,laplacian,0.009575,0.008975,0.000826135582092915,3.9286980184077036,3.7238012298709096e-17,22.059097712404515,0.16770509831248423,6.620091075326063e-17,4.0,False
star,20,correlated,0.15,0.75,constant,mahalanobis,0.010125,0.6295999999999999,0.02255881202545917,37.53652247824347,3.7238012298709096e-17,22.059097712404515,0.16770509831248423,6.620091075326063e-17,1.0,True
star,20,correlated,0.15,0.75,constant,max_abs,0.00915,0.10955000000000001,0.009698281634736468,0.5472860672968576,3.7238012298709096e-17,22.059097712404515,0.16770509831248423,6.620091075326063e-17,3.0,False
star,20,correlated,0.15,0.75,edge_bipolar,euclidean,0.00915,0.5682,0.025911001524449005,0.932863054798864,6.1875,35.75018410107478,0.5303300858899106,11.000000000000002,4.0,False
star,20,correlated,0.15,0.75,edge_bipolar,laplacian,0.009575,0.80055,0.008934017386745293,3.9286980184077036,6.1875,35.75018410107478,0.5303300858899106,11.000000000000002,2.0,False
star,20,correlated,0.15,0.75,edge_bipolar,mahalanobis,0.010125,0.9216,0.011843985815594324,37.53652247824347,6.1875,35.75018410107478,0.5303300858899106,11.000000000000002,1.0,True
star,20,correlated,0.15,0.75,edge_bipolar,max_abs,0.00915,0.7409,0.016711872027593652,0.5472860672968576,6.1875,35.75018410107478,0.5303300858899106,11.000000000000002,3.0,False
star,20,correlated,0.15,0.75,fiedler,euclidean,0.00915,0.589675,0.02576048330291959,0.932863054798864,0.5625000000000001,27.22676172600505,0.5244468746596721,1.0,3.0,False
star,20,correlated,0.15,0.75,fiedler,laplacian,0.009575,0.017375,0.0017914147109663538,3.9286980184077036,0.5625000000000001,27.22676172600505,0.5244468746596721,1.0,4.0,False
star,20,correlated,0.15,0.75,fiedler,mahalanobis,0.010125,0.7776,0.01562540666137463,37.53652247824347,0.5625000000000001,27.22676172600505,0.5244468746596721,1.0,1.0,True
star,20,correlated,0.15,0.75,fiedler,max_abs,0.00915,0.631675,0.02098767495460129,0.5472860672968576,0.5625000000000001,27.22676172600505,0.5244468746596721,1.0,2.0,False
star,20,correlated,0.15,0.75,high_frequency,euclidean,0.00915,0.5618,0.020017825389720346,0.932863054798864,11.250000000000004,43.42126423863755,0.7310095758606723,20.00000000000001,4.0,False
star,20,correlated,0.15,0.75,high_frequency,laplacian,0.009575,0.9794,0.0014537308324904456,3.9286980184077036,11.250000000000004,43.42126423863755,0.7310095758606723,20.00000000000001,1.0,True
star,20,correlated,0.15,0.75,high_frequency,mahalanobis,0.010125,0.975725,0.004719728099513096,37.53652247824347,11.250000000000004,43.42126423863755,0.7310095758606723,20.00000000000001,2.0,False
star,20,correlated,0.15,0.75,high_frequency,max_abs,0.00915,0.8264,0.010088937836396202,0.5472860672968576,11.250000000000004,43.42126423863755,0.7310095758606723,20.00000000000001,3.0,False
star,20,correlated,0.15,0.75,point,euclidean,0.00915,0.5859,0.02327645448373386,0.932863054798864,0.5625,27.51694168650589,0.75,1.0,3.0,False
star,20,correlated,0.15,0.75,point,laplacian,0.009575,0.021475,0.0018246004128758344,3.9286980184077036,0.5625,27.51694168650589,0.75,1.0,4.0,False
star,20,correlated,0.15,0.75,point,mahalanobis,0.010125,0.785725,0.017221183660441768,37.53652247824347,0.5625,27.51694168650589,0.75,1.0,2.0,False
star,20,correlated,0.15,0.75,point,max_abs,0.00915,0.919875,0.00534376583818314,0.5472860672968576,0.5625,27.51694168650589,0.75,1.0,1.0,True
star,20,correlated,0.15,1.5,cluster,euclidean,0.00915,0.99995,5.7735026918956215e-05,0.932863054798864,9.0,83.30234917767584,0.75,4.0,2.0,False
star,20,correlated,0.15,1.5,cluster,laplacian,0.009575,0.9615750000000001,0.0025011663945713517,3.9286980184077036,9.0,83.30234917767584,0.75,4.0,4.0,False
star,20,correlated,0.15,1.5,cluster,mahalanobis,0.010125,0.9999750000000001,4.999999999998833e-05,37.53652247824347,9.0,83.30234917767584,0.75,4.0,1.0,True
star,20,correlated,0.15,1.5,cluster,max_abs,0.00915,0.9995,0.0003366501646120487,0.5472860672968576,9.0,83.30234917767584,0.75,4.0,3.0,False
star,20,correlated,0.15,1.5,constant,euclidean,0.00915,0.99975,0.00012909944487356635,0.932863054798864,1.4895204919483638e-16,88.23639084961806,0.33541019662496846,6.620091075326063e-17,2.0,False
star,20,correlated,0.15,1.5,constant,laplacian,0.009575,0.0089,0.0014445299120013635,3.9286980184077036,1.4895204919483638e-16,88.23639084961806,0.33541019662496846,6.620091075326063e-17,4.0,False
star,20,correlated,0.15,1.5,constant,mahalanobis,0.010125,1.0,0.0,37.53652247824347,1.4895204919483638e-16,88.23639084961806,0.33541019662496846,6.620091075326063e-17,1.0,True
star,20,correlated,0.15,1.5,constant,max_abs,0.00915,0.7377,0.02963308961279603,0.5472860672968576,1.4895204919483638e-16,88.23639084961806,0.33541019662496846,6.620091075326063e-17,3.0,False
star,20,correlated,0.15,1.5,edge_bipolar,euclidean,0.00915,1.0,0.0,0.932863054798864,24.75,143.00073640429918,1.0606601717798212,11.000000000000002,2.5,False
star,20,correlated,0.15,1.5,edge_bipolar,laplacian,0.009575,1.0,0.0,3.9286980184077036,24.75,143.00073640429918,1.0606601717798212,11.000000000000002,2.5,False
star,20,correlated,0.15,1.5,edge_bipolar,mahalanobis,0.010125,1.0,0.0,37.53652247824347,24.75,143.00073640429918,1.0606601717798212,11.000000000000002,2.5,False
star,20,correlated,0.15,1.5,edge_bipolar,max_abs,0.00915,1.0,0.0,0.5472860672968576,24.75,143.00073640429918,1.0606601717798212,11.000000000000002,2.5,False
star,20,correlated,0.15,1.5,fiedler,euclidean,0.00915,1.0,0.0,0.932863054798864,2.2500000000000004,108.9070469040202,1.0488937493193442,1.0,2.0,False
star,20,correlated,0.15,1.5,fiedler,laplacian,0.009575,0.13822500000000001,0.013543356304845567,3.9286980184077036,2.2500000000000004,108.9070469040202,1.0488937493193442,1.0,4.0,False
star,20,correlated,0.15,1.5,fiedler,mahalanobis,0.010125,1.0,0.0,37.53652247824347,2.2500000000000004,108.9070469040202,1.0488937493193442,1.0,2.0,False
star,20,correlated,0.15,1.5,fiedler,max_abs,0.00915,1.0,0.0,0.5472860672968576,2.2500000000000004,108.9070469040202,1.0488937493193442,1.0,2.0,False
star,20,correlated,0.15,1.5,high_frequency,euclidean,0.00915,1.0,0.0,0.932863054798864,45.000000000000014,173.6850569545502,1.4620191517213446,20.00000000000001,2.5,False
star,20,correlated,0.15,1.5,high_frequency,laplacian,0.009575,1.0,0.0,3.9286980184077036,45.000000000000014,173.6850569545502,1.4620191517213446,20.00000000000001,2.5,False
star,20,correlated,0.15,1.5,high_frequency,mahalanobis,0.010125,1.0,0.0,37.53652247824347,45.000000000000014,173.6850569545502,1.4620191517213446,20.00000000000001,2.5,False
star,20,correlated,0.15,1.5,high_frequency,max_abs,0.00915,1.0,0.0,0.5472860672968576,45.000000000000014,173.6850569545502,1.4620191517213446,20.00000000000001,2.5,False
star,20,correlated,0.15,1.5,point,euclidean,0.00915,1.0,0.0,0.932863054798864,2.25,110.06776674602361,1.5,1.0,2.0,False
star,20,correlated,0.15,1.5,point,laplacian,0.009575,0.153975,0.009463042146512234,3.9286980184077036,2.25,110.06776674602361,1.5,1.0,4.0,False
star,20,correlated,0.15,1.5,point,mahalanobis,0.010125,1.0,0.0,37.53652247824347,2.25,110.06776674602361,1.5,1.0,2.0,False
star,20,correlated,0.15,1.5,point,max_abs,0.00915,1.0,0.0,0.5472860672968576,2.25,110.06776674602361,1.5,1.0,2.0,False
star,20,correlated,0.15,3.0,cluster,euclidean,0.00915,1.0,0.0,0.932863054798864,36.0,333.20939671070334,1.5,4.0,2.5,False
star,20,correlated,0.15,3.0,cluster,laplacian,0.009575,1.0,0.0,3.9286980184077036,36.0,333.20939671070334,1.5,4.0,2.5,False
star,20,correlated,0.15,3.0,cluster,mahalanobis,0.010125,1.0,0.0,37.53652247824347,36.0,333.20939671070334,1.5,4.0,2.5,False
star,20,correlated,0.15,3.0,cluster,max_abs,0.00915,1.0,0.0,0.5472860672968576,36.0,333.20939671070334,1.5,4.0,2.5,False
star,20,correlated,0.15,3.0,constant,euclidean,0.00915,1.0,0.0,0.932863054798864,5.958081967793455e-16,352.94556339847225,0.6708203932499369,6.620091075326063e-17,2.0,False
star,20,correlated,0.15,3.0,constant,laplacian,0.009575,0.0094,0.0010456258094238753,3.9286980184077036,5.958081967793455e-16,352.94556339847225,0.6708203932499369,6.620091075326063e-17,4.0,False
star,20,correlated,0.15,3.0,constant,mahalanobis,0.010125,1.0,0.0,37.53652247824347,5.958081967793455e-16,352.94556339847225,0.6708203932499369,6.620091075326063e-17,2.0,False
star,20,correlated,0.15,3.0,constant,max_abs,0.00915,1.0,0.0,0.5472860672968576,5.958081967793455e-16,352.94556339847225,0.6708203932499369,6.620091075326063e-17,2.0,False
star,20,correlated,0.15,3.0,edge_bipolar,euclidean,0.00915,1.0,0.0,0.932863054798864,99.0,572.0029456171965,2.1213203435596424,11.000000000000002,2.5,False
star,20,correlated,0.15,3.0,edge_bipolar,laplacian,0.009575,1.0,0.0,3.9286980184077036,99.0,572.0029456171965,2.1213203435596424,11.000000000000002,2.5,False
star,20,correlated,0.15,3.0,edge_bipolar,mahalanobis,0.010125,1.0,0.0,37.53652247824347,99.0,572.0029456171965,2.1213203435596424,11.000000000000002,2.5,False
star,20,correlated,0.15,3.0,edge_bipolar,max_abs,0.00915,1.0,0.0,0.5472860672968576,99.0,572.0029456171965,2.1213203435596424,11.000000000000002,2.5,False
star,20,correlated,0.15,3.0,fiedler,euclidean,0.00915,1.0,0.0,0.932863054798864,9.000000000000002,435.6281876160808,2.0977874986386884,1.0,2.5,False
star,20,correlated,0.15,3.0,fiedler,laplacian,0.009575,1.0,0.0,3.9286980184077036,9.000000000000002,435.6281876160808,2.0977874986386884,1.0,2.5,False
star,20,correlated,0.15,3.0,fiedler,mahalanobis,0.010125,1.0,0.0,37.53652247824347,9.000000000000002,435.6281876160808,2.0977874986386884,1.0,2.5,False
star,20,correlated,0.15,3.0,fiedler,max_abs,0.00915,1.0,0.0,0.5472860672968576,9.000000000000002,435.6281876160808,2.0977874986386884,1.0,2.5,False
star,20,correlated,0.15,3.0,high_frequency,euclidean,0.00915,1.0,0.0,0.932863054798864,180.00000000000006,694.7402278182008,2.924038303442689,20.00000000000001,2.5,False
star,20,correlated,0.15,3.0,high_frequency,laplacian,0.009575,1.0,0.0,3.9286980184077036,180.00000000000006,694.7402278182008,2.924038303442689,20.00000000000001,2.5,False
star,20,correlated,0.15,3.0,high_frequency,mahalanobis,0.010125,1.0,0.0,37.53652247824347,180.00000000000006,694.7402278182008,2.924038303442689,20.00000000000001,2.5,False
star,20,correlated,0.15,3.0,high_frequency,max_abs,0.00915,1.0,0.0,0.5472860672968576,180.00000000000006,694.7402278182008,2.924038303442689,20.00000000000001,2.5,False
star,20,correlated,0.15,3.0,point,euclidean,0.00915,1.0,0.0,0.932863054798864,9.0,440.27106698409443,3.0,1.0,2.5,False
star,20,correlated,0.15,3.0,point,laplacian,0.009575,1.0,0.0,3.9286980184077036,9.0,440.27106698409443,3.0,1.0,2.5,False
star,20,correlated,0.15,3.0,point,mahalanobis,0.010125,1.0,0.0,37.53652247824347,9.0,440.27106698409443,3.0,1.0,2.5,False
star,20,correlated,0.15,3.0,point,max_abs,0.00915,1.0,0.0,0.5472860672968576,9.0,440.27106698409443,3.0,1.0,2.5,False
star,20,correlated,0.3,0.75,cluster,euclidean,0.009225,0.0738,0.005021951811795885,3.6769397818183593,2.25,5.20639682360474,0.375,4.0,1.0,True
star,20,correlated,0.3,0.75,cluster,laplacian,0.010700000000000001,0.062525,0.0029511297271835875,14.87309644398218,2.25,5.20639682360474,0.375,4.0,3.0,False
star,20,correlated,0.3,0.75,cluster,mahalanobis,0.009575,0.067925,0.004371403283462492,37.60837787212644,2.25,5.20639682360474,0.375,4.0,2.0,False
star,20,correlated,0.3,0.75,cluster,max_abs,0.01025,0.060475,0.0037686204372422575,1.078660383579958,2.25,5.20639682360474,0.375,4.0,4.0,False
star,20,correlated,0.3,0.75,constant,euclidean,0.009225,0.0909,0.004194440765266967,3.6769397818183593,3.7238012298709096e-17,5.514774428101129,0.16770509831248423,6.620091075326063e-17,1.0,True
star,20,correlated,0.3,0.75,constant,laplacian,0.010700000000000001,0.012275000000000001,0.0011236102527122111,14.87309644398218,3.7238012298709096e-17,5.514774428101129,0.16770509831248423,6.620091075326063e-17,4.0,False
star,20,correlated,0.3,0.75,constant,mahalanobis,0.009575,0.074525,0.002425386567126985,37.60837787212644,3.7238012298709096e-17,5.514774428101129,0.16770509831248423,6.620091075326063e-17,2.0,False
star,20,correlated,0.3,0.75,constant,max_abs,0.01025,0.02985,0.0014059397805975425,1.078660383579958,3.7238012298709096e-17,5.514774428101129,0.16770509831248423,6.620091075326063e-17,3.0,False
star,20,correlated,0.3,0.75,edge_bipolar,euclidean,0.009225,0.06195,0.002776688675382963,3.6769397818183593,6.1875,8.937546025268697,0.5303300858899106,11.000000000000002,4.0,False
star,20,correlated,0.3,0.75,edge_bipolar,laplacian,0.010700000000000001,0.2063,0.006982358722762193,14.87309644398218,6.1875,8.937546025268697,0.5303300858899106,11.000000000000002,1.0,True
star,20,correlated,0.3,0.75,edge_bipolar,mahalanobis,0.009575,0.159275,0.004353064054969396,37.60837787212644,6.1875,8.937546025268697,0.5303300858899106,11.000000000000002,2.0,False
star,20,correlated,0.3,0.75,edge_bipolar,max_abs,0.01025,0.1174,0.0031895663237081883,1.078660383579958,6.1875,8.937546025268697,0.5303300858899106,11.000000000000002,3.0,False
star,20,correlated,0.3,0.75,fiedler,euclidean,0.009225,0.054,0.0038279672586548235,3.6769397818183593,0.5625000000000001,6.806690431501263,0.5244468746596721,1.0,3.0,False
star,20,correlated,0.3,0.75,fiedler,laplacian,0.010700000000000001,0.013225,0.0015882380174268595,14.87309644398218,0.5625000000000001,6.806690431501263,0.5244468746596721,1.0,4.0,False
star,20,correlated,0.3,0.75,fiedler,mahalanobis,0.009575,0.1005,0.005028584956691767,37.60837787212644,0.5625000000000001,6.806690431501263,0.5244468746596721,1.0,1.0,True
star,20,correlated,0.3,0.75,fiedler,max_abs,0.01025,0.06055,0.0077341235228477355,1.078660383579958,0.5625000000000001,6.806690431501263,0.5244468746596721,1.0,2.0,False
star,20,correlated,0.3,0.75,high_frequency,euclidean,0.009225,0.06365,0.0027814864131731226,3.6769397818183593,11.250000000000004,10.855316059659387,0.7310095758606723,20.00000000000001,4.0,False
star,20,correlated,0.3,0.75,high_frequency,laplacian,0.010700000000000001,0.4175,0.008288546314040858,14.87309644398218,11.250000000000004,10.855316059659387,0.7310095758606723,20.00000000000001,1.0,True
star,20,correlated,0.3,0.75,high_frequency,mahalanobis,0.009575,0.21789999999999998,0.002183269719175054,37.60837787212644,11.250000000000004,10.855316059659387,0.7310095758606723,20.00000000000001,2.0,False
star,20,correlated,0.3,0.75,high_frequency,max_abs,0.01025,0.194975,0.007090545348090891,1.078660383579958,11.250000000000004,10.855316059659387,0.7310095758606723,20.00000000000001,3.0,False
star,20,correlated,0.3,0.75,point,euclidean,0.009225,0.056874999999999995,0.005554202613036967,3.6769397818183593,0.5625,6.879235421626477,0.75,1.0,3.0,False
star,20,correlated,0.3,0.75,point,laplacian,0.010700000000000001,0.0146,0.0008602325267042617,14.87309644398218,0.5625,6.879235421626477,0.75,1.0,4.0,False
star,20,correlated,0.3,0.75,point,mahalanobis,0.009575,0.1026,0.004318178628387972,37.60837787212644,0.5625,6.879235421626477,0.75,1.0,2.0,False
star,20,correlated,0.3,0.75,point,max_abs,0.01025,0.141675,0.01107952315460071,1.078660383579958,0.5625,6.879235421626477,0.75,1.0,1.0,True
star,20,correlated,0.3,1.5,cluster,euclidean,0.009225,0.56785,0.006694525126300386,3.6769397818183593,9.0,20.82558729441896,0.75,4.0,2.0,False
star,20,correlated,0.3,1.5,cluster,laplacian,0.010700000000000001,0.31577500000000003,0.013096150833991923,14.87309644398218,9.0,20.82558729441896,0.75,4.0,4.0,False
star,20,correlated,0.3,1.5,cluster,mahalanobis,0.009575,0.585125,0.008185098248239481,37.60837787212644,9.0,20.82558729441896,0.75,4.0,1.0,True
star,20,correlated,0.3,1.5,cluster,max_abs,0.01025,0.4495,0.01896540710521833,1.078660383579958,9.0,20.82558729441896,0.75,4.0,3.0,False
star,20,correlated,0.3,1.5,constant,euclidean,0.009225,0.53615,0.010037762034769788,3.6769397818183593,1.4895204919483638e-16,22.059097712404515,0.33541019662496846,6.620091075326063e-17,2.0,False
star,20,correlated,0.3,1.5,constant,laplacian,0.010700000000000001,0.0115,0.0019304576314093673,14.87309644398218,1.4895204919483638e-16,22.059097712404515,0.33541019662496846,6.620091075326063e-17,4.0,False
star,20,correlated,0.3,1.5,constant,mahalanobis,0.009575,0.6274,0.011152578177264668,37.60837787212644,1.4895204919483638e-16,22.059097712404515,0.33541019662496846,6.620091075326063e-17,1.0,True
star,20,correlated,0.3,1.5,constant,max_abs,0.01025,0.121,0.01108903362185663,1.078660383579958,1.4895204919483638e-16,22.059097712404515,0.33541019662496846,6.620091075326063e-17,3.0,False
star,20,correlated,0.3,1.5,edge_bipolar,euclidean,0.009225,0.591525,0.008893209019620929,3.6769397818183593,24.75,35.750184101074794,1.0606601717798212,11.000000000000002,4.0,False
star,20,correlated,0.3,1.5,edge_bipolar,laplacian,0.010700000000000001,0.82335,0.005987486951969082,14.87309644398218,24.75,35.750184101074794,1.0606601717798212,11.000000000000002,2.0,False
star,20,correlated,0.3,1.5,edge_bipolar,mahalanobis,0.009575,0.9203749999999999,0.003063086678499293,37.60837787212644,24.75,35.750184101074794,1.0606601717798212,11.000000000000002,1.0,True
star,20,correlated,0.3,1.5,edge_bipolar,max_abs,0.01025,0.76265,0.007598464757216887,1.078660383579958,24.75,35.750184101074794,1.0606601717798212,11.000000000000002,3.0,False
star,20,correlated,0.3,1.5,fiedler,euclidean,0.009225,0.612375,0.009351425916226183,3.6769397818183593,2.2500000000000004,27.22676172600505,1.0488937493193442,1.0,3.0,False
star,20,correlated,0.3,1.5,fiedler,laplacian,0.010700000000000001,0.021825,0.0021823152842795194,14.87309644398218,2.2500000000000004,27.22676172600505,1.0488937493193442,1.0,4.0,False
star,20,correlated,0.3,1.5,fiedler,mahalanobis,0.009575,0.777125,0.0058880528756683915,37.60837787212644,2.2500000000000004,27.22676172600505,1.0488937493193442,1.0,1.0,True
star,20,correlated,0.3,1.5,fiedler,max_abs,0.01025,0.6542,0.00941948335455119,1.078660383579958,2.2500000000000004,27.22676172600505,1.0488937493193442,1.0,2.0,False
star,20,correlated,0.3,1.5,high_frequency,euclidean,0.009225,0.5787,0.011237734053921498,3.6769397818183593,45.000000000000014,43.42126423863755,1.4620191517213446,20.00000000000001,4.0,False
star,20,correlated,0.3,1.5,high_frequency,laplacian,0.010700000000000001,0.98185,0.0009949874371066518,14.87309644398218,45.000000000000014,43.42126423863755,1.4620191517213446,20.00000000000001,1.0,True
star,20,correlated,0.3,1.5,high_frequency,mahalanobis,0.009575,0.9743999999999999,0.0027117030319216647,37.60837787212644,45.000000000000014,43.42126423863755,1.4620191517213446,20.00000000000001,2.0,False
star,20,correlated,0.3,1.5,high_frequency,max_abs,0.01025,0.8383,0.005670390933025073,1.078660383579958,45.000000000000014,43.42126423863755,1.4620191517213446,20.00000000000001,3.0,False
star,20,correlated,0.3,1.5,point,euclidean,0.009225,0.588425,0.017350192121894984,3.6769397818183593,12.375,28.822751508759676,1.5,5.5,3.0,False
star,20,correlated,0.3,1.5,point,laplacian,0.010700000000000001,0.2638,0.476669857798176,14.87309644398218,12.375,28.822751508759676,1.5,5.5,4.0,False
star,20,correlated,0.3,1.5,point,mahalanobis,0.009575,0.806775,0.05373244674620107,37.60837787212644,12.375,28.822751508759676,1.5,5.5,2.0,False
star,20,correlated,0.3,1.5,point,max_abs,0.01025,0.9056,0.029203538598373095,1.078660383579958,12.375,28.822751508759676,1.5,5.5,1.0,True
star,20,correlated,0.3,3.0,cluster,euclidean,0.009225,0.99995,5.7735026918956215e-05,3.6769397818183593,36.0,83.30234917767584,1.5,4.0,2.0,False
star,20,correlated,0.3,3.0,cluster,laplacian,0.010700000000000001,0.96845,0.003958535082577905,14.87309644398218,36.0,83.30234917767584,1.5,4.0,4.0,False
star,20,correlated,0.3,3.0,cluster,mahalanobis,0.009575,1.0,0.0,37.60837787212644,36.0,83.30234917767584,1.5,4.0,1.0,True
star,20,correlated,0.3,3.0,cluster,max_abs,0.01025,0.999425,0.00048562674281108555,1.078660383579958,36.0,83.30234917767584,1.5,4.0,3.0,False
star,20,correlated,0.3,3.0,constant,euclidean,0.009225,0.99985,5.7735026918956215e-05,3.6769397818183593,5.958081967793455e-16,88.23639084961806,0.6708203932499369,6.620091075326063e-17,2.0,False
star,20,correlated,0.3,3.0,constant,laplacian,0.010700000000000001,0.0123,0.0018129166187849533,14.87309644398218,5.958081967793455e-16,88.23639084961806,0.6708203932499369,6.620091075326063e-17,4.0,False
star,20,correlated,0.3,3.0,constant,mahalanobis,0.009575,1.0,0.0,37.60837787212644,5.958081967793455e-16,88.23639084961806,0.6708203932499369,6.620091075326063e-17,1.0,True
star,20,correlated,0.3,3.0,constant,max_abs,0.01025,0.775675,0.014954681541243202,1.078660383579958,5.958081967793455e-16,88.23639084961806,0.6708203932499369,6.620091075326063e-17,3.0,False
star,20,correlated,0.3,3.0,edge_bipolar,euclidean,0.009225,1.0,0.0,3.6769397818183593,99.0,143.00073640429918,2.1213203435596424,11.000000000000002,2.5,False
star,20,correlated,0.3,3.0,edge_bipolar,laplacian,0.010700000000000001,1.0,0.0,14.87309644398218,99.0,143.00073640429918,2.1213203435596424,11.000000000000002,2.5,False
star,20,correlated,0.3,3.0,edge_bipolar,mahalanobis,0.009575,1.0,0.0,37.60837787212644,99.0,143.00073640429918,2.1213203435596424,11.000000000000002,2.5,False
star,20,correlated,0.3,3.0,edge_bipolar,max_abs,0.01025,1.0,0.0,1.078660383579958,99.0,143.00073640429918,2.1213203435596424,11.000000000000002,2.5,False
star,20,correlated,0.3,3.0,fiedler,euclidean,0.009225,1.0,0.0,3.6769397818183593,9.000000000000002,108.9070469040202,2.0977874986386884,1.0,2.0,False
star,20,correlated,0.3,3.0,fiedler,laplacian,0.010700000000000001,0.1866,0.01699705856905835,14.87309644398218,9.000000000000002,108.9070469040202,2.0977874986386884,1.0,4.0,False
star,20,correlated,0.3,3.0,fiedler,mahalanobis,0.009575,1.0,0.0,37.60837787212644,9.000000000000002,108.9070469040202,2.0977874986386884,1.0,2.0,False
star,20,correlated,0.3,3.0,fiedler,max_abs,0.01025,1.0,0.0,1.078660383579958,9.000000000000002,108.9070469040202,2.0977874986386884,1.0,2.0,False
star,20,correlated,0.3,3.0,high_frequency,euclidean,0.009225,1.0,0.0,3.6769397818183593,180.00000000000006,173.6850569545502,2.924038303442689,20.00000000000001,2.5,False
star,20,correlated,0.3,3.0,high_frequency,laplacian,0.010700000000000001,1.0,0.0,14.87309644398218,180.00000000000006,173.6850569545502,2.924038303442689,20.00000000000001,2.5,False
star,20,correlated,0.3,3.0,high_frequency,mahalanobis,0.009575,1.0,0.0,37.60837787212644,180.00000000000006,173.6850569545502,2.924038303442689,20.00000000000001,2.5,False
star,20,correlated,0.3,3.0,high_frequency,max_abs,0.01025,1.0,0.0,1.078660383579958,180.00000000000006,173.6850569545502,2.924038303442689,20.00000000000001,2.5,False
star,20,correlated,0.3,3.0,point,euclidean,0.009225,1.0,0.0,3.6769397818183593,9.0,110.0677667460235,3.0,1.0,2.0,False
star,20,correlated,0.3,3.0,point,laplacian,0.010700000000000001,0.19885,0.015331340450202005,14.87309644398218,9.0,110.0677667460235,3.0,1.0,4.0,False
star,20,correlated,0.3,3.0,point,mahalanobis,0.009575,1.0,0.0,37.60837787212644,9.0,110.0677667460235,3.0,1.0,2.0,False
star,20,correlated,0.3,3.0,point,max_abs,0.01025,1.0,0.0,1.078660383579958,9.0,110.0677667460235,3.0,1.0,2.0,False
star,20,iid,0.15,0.75,cluster,euclidean,0.011575,0.719075,0.007461177297629807,0.8434933743830364,2.25,24.999999999999996,0.375,4.0,1.5,False
star,20,iid,0.15,0.75,cluster,laplacian,0.0089,0.345225,0.006905251624669459,3.4831581828412577,2.25,24.999999999999996,0.375,4.0,4.0,False
star,20,iid,0.15,0.75,cluster,mahalanobis,0.011575,0.719075,0.007461177297629807,37.48859441702384,2.25,24.999999999999996,0.375,4.0,1.5,False
star,20,iid,0.15,0.75,cluster,max_abs,0.01135,0.51665,0.011612206221615821,0.5214344401635846,2.25,24.999999999999996,0.375,4.0,3.0,False
star,20,iid,0.15,0.75,constant,euclidean,0.011575,0.721875,0.0031826351764955413,0.8434933743830364,3.7238012298709096e-17,25.0,0.16770509831248423,6.620091075326063e-17,1.5,False
star,20,iid,0.15,0.75,constant,laplacian,0.0089,0.008675,0.001723127002477376,3.4831581828412577,3.7238012298709096e-17,25.0,0.16770509831248423,6.620091075326063e-17,4.0,False
star,20,iid,0.15,0.75,constant,mahalanobis,0.011575,0.721875,0.0031826351764955413,37.48859441702384,3.7238012298709096e-17,25.0,0.16770509831248423,6.620091075326063e-17,1.5,False
star,20,iid,0.15,0.75,constant,max_abs,0.01135,0.16875,0.009505963040814613,0.5214344401635846,3.7238012298709096e-17,25.0,0.16770509831248423,6.620091075326063e-17,3.0,False
star,20,iid,0.15,0.75,edge_bipolar,euclidean,0.011575,0.7224,0.006441014412859725,0.8434933743830364,6.1875,24.999999999999996,0.5303300858899106,11.000000000000002,3.5,False
star,20,iid,0.15,0.75,edge_bipolar,laplacian,0.0089,0.869425,0.0015478479684172032,3.4831581828412577,6.1875,24.999999999999996,0.5303300858899106,11.000000000000002,1.0,True
star,20,iid,0.15,0.75,edge_bipolar,mahalanobis,0.011575,0.7224,0.006441014412859725,37.48859441702384,6.1875,24.999999999999996,0.5303300858899106,11.000000000000002,3.5,False
star,20,iid,0.15,0.75,edge_bipolar,max_abs,0.01135,0.7747999999999999,0.007422039252568434,0.5214344401635846,6.1875,24.999999999999996,0.5303300858899106,11.000000000000002,2.0,False
star,20,iid,0.15,0.75,fiedler,euclidean,0.011575,0.72055,0.003349129240066247,0.8434933743830364,0.5625000000000001,25.000000000000004,0.5244468746596721,1.0,1.5,False
star,20,iid,0.15,0.75,fiedler,laplacian,0.0089,0.0184,0.0019339079605813715,3.4831581828412577,0.5625000000000001,25.000000000000004,0.5244468746596721,1.0,4.0,False
star,20,iid,0.15,0.75,fiedler,mahalanobis,0.011575,0.72055,0.003349129240066247,37.48859441702384,0.5625000000000001,25.000000000000004,0.5244468746596721,1.0,1.5,False
star,20,iid,0.15,0.75,fiedler,max_abs,0.01135,0.6985,0.008965489389877195,0.5214344401635846,0.5625000000000001,25.000000000000004,0.5244468746596721,1.0,3.0,False
star,20,iid,0.15,0.75,high_frequency,euclidean,0.011575,0.726225,0.007686514164431097,0.8434933743830364,11.250000000000004,24.99999999999999,0.7310095758606723,20.00000000000001,3.5,False
star,20,iid,0.15,0.75,high_frequency,laplacian,0.0089,0.9919,0.0006582805886043895,3.4831581828412577,11.250000000000004,24.99999999999999,0.7310095758606723,20.00000000000001,1.0,True
star,20,iid,0.15,0.75,high_frequency,mahalanobis,0.011575,0.726225,0.007686514164431097,37.48859441702384,11.250000000000004,24.99999999999999,0.7310095758606723,20.00000000000001,3.5,False
star,20,iid,0.15,0.75,high_frequency,max_abs,0.01135,0.919225,0.003302902763731715,0.5214344401635846,11.250000000000004,24.99999999999999,0.7310095758606723,20.00000000000001,2.0,False
star,20,iid,0.15,0.75,point,euclidean,0.011575,0.720025,0.007487489565935989,0.8434933743830364,0.5625,24.999999999999996,0.75,1.0,2.5,False
star,20,iid,0.15,0.75,point,laplacian,0.0089,0.022775,0.0025434556545508445,3.4831581828412577,0.5625,24.999999999999996,0.75,1.0,4.0,False
star,20,iid,0.15,0.75,point,mahalanobis,0.011575,0.720025,0.007487489565935989,37.48859441702384,0.5625,24.999999999999996,0.75,1.0,2.5,False
star,20,iid,0.15,0.75,point,max_abs,0.01135,0.9373,0.005855481762132503,0.5214344401635846,0.5625,24.999999999999996,0.75,1.0,1.0,True
star,20,iid,0.15,1.5,cluster,euclidean,0.011575,1.0,0.0,0.8434933743830364,9.0,99.99999999999999,0.75,4.0,1.5,False
star,20,iid,0.15,1.5,cluster,laplacian,0.0089,0.983425,0.0012010412149464757,3.4831581828412577,9.0,99.99999999999999,0.75,4.0,4.0,False
star,20,iid,0.15,1.5,cluster,mahalanobis,0.011575,1.0,0.0,37.48859441702384,9.0,99.99999999999999,0.75,4.0,1.5,False
star,20,iid,0.15,1.5,cluster,max_abs,0.01135,0.9999750000000001,5.000000000001299e-05,0.5214344401635846,9.0,99.99999999999999,0.75,4.0,3.0,False
star,20,iid,0.15,1.5,constant,euclidean,0.011575,1.0,0.0,0.8434933743830364,1.4895204919483638e-16,100.0,0.33541019662496846,6.620091075326063e-17,1.5,False
star,20,iid,0.15,1.5,constant,laplacian,0.0089,0.0094,0.00039157800414902445,3.4831581828412577,1.4895204919483638e-16,100.0,0.33541019662496846,6.620091075326063e-17,4.0,False
star,20,iid,0.15,1.5,constant,mahalanobis,0.011575,1.0,0.0,37.48859441702384,1.4895204919483638e-16,100.0,0.33541019662496846,6.620091075326063e-17,1.5,False
star,20,iid,0.15,1.5,constant,max_abs,0.01135,0.89625,0.010952473084498579,0.5214344401635846,1.4895204919483638e-16,100.0,0.33541019662496846,6.620091075326063e-17,3.0,False
star,20,iid,0.15,1.5,edge_bipolar,euclidean,0.011575,1.0,0.0,0.8434933743830364,24.75,99.99999999999999,1.0606601717798212,11.000000000000002,2.5,False
star,20,iid,0.15,1.5,edge_bipolar,laplacian,0.0089,1.0,0.0,3.4831581828412577,24.75,99.99999999999999,1.0606601717798212,11.000000000000002,2.5,False
star,20,iid,0.15,1.5,edge_bipolar,mahalanobis,0.011575,1.0,0.0,37.48859441702384,24.75,99.99999999999999,1.0606601717798212,11.000000000000002,2.5,False
star,20,iid,0.15,1.5,edge_bipolar,max_abs,0.01135,1.0,0.0,0.5214344401635846,24.75,99.99999999999999,1.0606601717798212,11.000000000000002,2.5,False
star,20,iid,0.15,1.5,fiedler,euclidean,0.011575,1.0,0.0,0.8434933743830364,2.2500000000000004,100.00000000000001,1.0488937493193442,1.0,2.0,False
star,20,iid,0.15,1.5,fiedler,laplacian,0.0089,0.24662499999999998,0.010557895939374782,3.4831581828412577,2.2500000000000004,100.00000000000001,1.0488937493193442,1.0,4.0,False
star,20,iid,0.15,1.5,fiedler,mahalanobis,0.011575,1.0,0.0,37.48859441702384,2.2500000000000004,100.00000000000001,1.0488937493193442,1.0,2.0,False
star,20,iid,0.15,1.5,fiedler,max_abs,0.01135,1.0,0.0,0.5214344401635846,2.2500000000000004,100.00000000000001,1.0488937493193442,1.0,2.0,False
star,20,iid,0.15,1.5,high_frequency,euclidean,0.011575,1.0,0.0,0.8434933743830364,45.000000000000014,99.99999999999996,1.4620191517213446,20.00000000000001,2.5,False
star,20,iid,0.15,1.5,high_frequency,laplacian,0.0089,1.0,0.0,3.4831581828412577,45.000000000000014,99.99999999999996,1.4620191517213446,20.00000000000001,2.5,False
star,20,iid,0.15,1.5,high_frequency,mahalanobis,0.011575,1.0,0.0,37.48859441702384,45.000000000000014,99.99999999999996,1.4620191517213446,20.00000000000001,2.5,False
star,20,iid,0.15,1.5,high_frequency,max_abs,0.01135,1.0,0.0,0.5214344401635846,45.000000000000014,99.99999999999996,1.4620191517213446,20.00000000000001,2.5,False
star,20,iid,0.15,1.5,point,euclidean,0.011575,1.0,0.0,0.8434933743830364,2.25,99.99999999999999,1.5,1.0,2.0,False
star,20,iid,0.15,1.5,point,laplacian,0.0089,0.247775,0.009817798463335178,3.4831581828412577,2.25,99.99999999999999,1.5,1.0,4.0,False
star,20,iid,0.15,1.5,point,mahalanobis,0.011575,1.0,0.0,37.48859441702384,2.25,99.99999999999999,1.5,1.0,2.0,False
star,20,iid,0.15,1.5,point,max_abs,0.01135,1.0,0.0,0.5214344401635846,2.25,99.99999999999999,1.5,1.0,2.0,False
star,20,iid,0.15,3.0,cluster,euclidean,0.011575,1.0,0.0,0.8434933743830364,36.0,399.99999999999994,1.5,4.0,2.5,False
star,20,iid,0.15,3.0,cluster,laplacian,0.0089,1.0,0.0,3.4831581828412577,36.0,399.99999999999994,1.5,4.0,2.5,False
star,20,iid,0.15,3.0,cluster,mahalanobis,0.011575,1.0,0.0,37.48859441702384,36.0,399.99999999999994,1.5,4.0,2.5,False
star,20,iid,0.15,3.0,cluster,max_abs,0.01135,1.0,0.0,0.5214344401635846,36.0,399.99999999999994,1.5,4.0,2.5,False
star,20,iid,0.15,3.0,constant,euclidean,0.011575,1.0,0.0,0.8434933743830364,5.958081967793455e-16,400.0,0.6708203932499369,6.620091075326063e-17,2.0,False
star,20,iid,0.15,3.0,constant,laplacian,0.0089,0.008725,0.0005123475382979801,3.4831581828412577,5.958081967793455e-16,400.0,0.6708203932499369,6.620091075326063e-17,4.0,False
star,20,iid,0.15,3.0,constant,mahalanobis,0.011575,1.0,0.0,37.48859441702384,5.958081967793455e-16,400.0,0.6708203932499369,6.620091075326063e-17,2.0,False
star,20,iid,0.15,3.0,constant,max_abs,0.01135,1.0,0.0,0.5214344401635846,5.958081967793455e-16,400.0,0.6708203932499369,6.620091075326063e-17,2.0,False
star,20,iid,0.15,3.0,edge_bipolar,euclidean,0.011575,1.0,0.0,0.8434933743830364,99.0,399.99999999999994,2.1213203435596424,11.000000000000002,2.5,False
star,20,iid,0.15,3.0,edge_bipolar,laplacian,0.0089,1.0,0.0,3.4831581828412577,99.0,399.99999999999994,2.1213203435596424,11.000000000000002,2.5,False
star,20,iid,0.15,3.0,edge_bipolar,mahalanobis,0.011575,1.0,0.0,37.48859441702384,99.0,399.99999999999994,2.1213203435596424,11.000000000000002,2.5,False
star,20,iid,0.15,3.0,edge_bipolar,max_abs,0.01135,1.0,0.0,0.5214344401635846,99.0,399.99999999999994,2.1213203435596424,11.000000000000002,2.5,False
star,20,iid,0.15,3.0,fiedler,euclidean,0.011575,1.0,0.0,0.8434933743830364,9.000000000000002,400.00000000000006,2.0977874986386884,1.0,2.5,False
star,20,iid,0.15,3.0,fiedler,laplacian,0.0089,1.0,0.0,3.4831581828412577,9.000000000000002,400.00000000000006,2.0977874986386884,1.0,2.5,False
star,20,iid,0.15,3.0,fiedler,mahalanobis,0.011575,1.0,0.0,37.48859441702384,9.000000000000002,400.00000000000006,2.0977874986386884,1.0,2.5,False
star,20,iid,0.15,3.0,fiedler,max_abs,0.01135,1.0,0.0,0.5214344401635846,9.000000000000002,400.00000000000006,2.0977874986386884,1.0,2.5,False
star,20,iid,0.15,3.0,high_frequency,euclidean,0.011575,1.0,0.0,0.8434933743830364,180.00000000000006,399.99999999999983,2.924038303442689,20.00000000000001,2.5,False
star,20,iid,0.15,3.0,high_frequency,laplacian,0.0089,1.0,0.0,3.4831581828412577,180.00000000000006,399.99999999999983,2.924038303442689,20.00000000000001,2.5,False
star,20,iid,0.15,3.0,high_frequency,mahalanobis,0.011575,1.0,0.0,37.48859441702384,180.00000000000006,399.99999999999983,2.924038303442689,20.00000000000001,2.5,False
star,20,iid,0.15,3.0,high_frequency,max_abs,0.01135,1.0,0.0,0.5214344401635846,180.00000000000006,399.99999999999983,2.924038303442689,20.00000000000001,2.5,False
star,20,iid,0.15,3.0,point,euclidean,0.011575,1.0,0.0,0.8434933743830364,9.0,399.99999999999994,3.0,1.0,2.5,False
star,20,iid,0.15,3.0,point,laplacian,0.0089,1.0,0.0,3.4831581828412577,9.0,399.99999999999994,3.0,1.0,2.5,False
star,20,iid,0.15,3.0,point,mahalanobis,0.011575,1.0,0.0,37.48859441702384,9.0,399.99999999999994,3.0,1.0,2.5,False
star,20,iid,0.15,3.0,point,max_abs,0.01135,1.0,0.0,0.5214344401635846,9.0,399.99999999999994,3.0,1.0,2.5,False
star,20,iid,0.3,0.75,cluster,euclidean,0.00955,0.0881,0.003335665850571166,3.383786134539992,2.25,6.249999999999999,0.375,4.0,1.5,False
star,20,iid,0.3,0.75,cluster,laplacian,0.00925,0.0672,0.004117442571953291,13.625118705116732,2.25,6.249999999999999,0.375,4.0,3.0,False
star,20,iid,0.3,0.75,cluster,mahalanobis,0.00955,0.0881,0.003335665850571166,37.59762371711103,2.25,6.249999999999999,0.375,4.0,1.5,False
star,20,iid,0.3,0.75,cluster,max_abs,0.009049999999999999,0.0596,0.0037300580871259025,1.0443009625359088,2.25,6.249999999999999,0.375,4.0,4.0,False
star,20,iid,0.3,0.75,constant,euclidean,0.00955,0.088625,0.005884655186726467,3.383786134539992,3.7238012298709096e-17,6.25,0.16770509831248423,6.620091075326063e-17,1.5,False
star,20,iid,0.3,0.75,constant,laplacian,0.00925,0.01005,0.0009291573243177565,13.625118705116732,3.7238012298709096e-17,6.25,0.16770509831248423,6.620091075326063e-17,4.0,False
star,20,iid,0.3,0.75,constant,mahalanobis,0.00955,0.088625,0.005884655186726467,37.59762371711103,3.7238012298709096e-17,6.25,0.16770509831248423,6.620091075326063e-17,1.5,False
star,20,iid,0.3,0.75,constant,max_abs,0.009049999999999999,0.03605,0.0034317148288671466,1.0443009625359088,3.7238012298709096e-17,6.25,0.16770509831248423,6.620091075326063e-17,3.0,False
star,20,iid,0.3,0.75,edge_bipolar,euclidean,0.00955,0.08875,0.0038353617821530153,3.383786134539992,6.1875,6.249999999999999,0.5303300858899106,11.000000000000002,3.5,False
star,20,iid,0.3,0.75,edge_bipolar,laplacian,0.00925,0.232975,0.007780906116899241,13.625118705116732,6.1875,6.249999999999999,0.5303300858899106,11.000000000000002,1.0,True
star,20,iid,0.3,0.75,edge_bipolar,mahalanobis,0.00955,0.08875,0.0038353617821530153,37.59762371711103,6.1875,6.249999999999999,0.5303300858899106,11.000000000000002,3.5,False
star,20,iid,0.3,0.75,edge_bipolar,max_abs,0.009049999999999999,0.0941,0.004006661120351125,1.0443009625359088,6.1875,6.249999999999999,0.5303300858899106,11.000000000000002,2.0,False
star,20,iid,0.3,0.75,fiedler,euclidean,0.00955,0.08895,0.004033608806019742,3.383786134539992,0.5625000000000001,6.250000000000001,0.5244468746596721,1.0,1.5,False
star,20,iid,0.3,0.75,fiedler,laplacian,0.00925,0.012775,0.000741057802513857,13.625118705116732,0.5625000000000001,6.250000000000001,0.5244468746596721,1.0,4.0,False
star,20,iid,0.3,0.75,fiedler,mahalanobis,0.00955,0.08895,0.004033608806019742,37.59762371711103,0.5625000000000001,6.250000000000001,0.5244468746596721,1.0,1.5,False
star,20,iid,0.3,0.75,fiedler,max_abs,0.009049999999999999,0.080925,0.00442295150323853,1.0443009625359088,0.5625000000000001,6.250000000000001,0.5244468746596721,1.0,3.0,False
star,20,iid,0.3,0.75,high_frequency,euclidean,0.00955,0.090625,0.004125833249175246,3.383786134539992,11.250000000000004,6.249999999999997,0.7310095758606723,20.00000000000001,3.5,False
star,20,iid,0.3,0.75,high_frequency,laplacian,0.00925,0.46897500000000003,0.01367512949359772,13.625118705116732,11.250000000000004,6.249999999999997,0.7310095758606723,20.00000000000001,1.0,True
star,20,iid,0.3,0.75,high_frequency,mahalanobis,0.00955,0.090625,0.004125833249175246,37.59762371711103,11.250000000000004,6.249999999999997,0.7310095758606723,20.00000000000001,3.5,False
star,20,iid,0.3,0.75,high_frequency,max_abs,0.009049999999999999,0.1601,0.006208596191303378,1.0443009625359088,11.250000000000004,6.249999999999997,0.7310095758606723,20.00000000000001,2.0,False
star,20,iid,0.3,0.75,point,euclidean,0.00955,0.089575,0.0075074962537453205,3.383786134539992,0.5625,6.249999999999999,0.75,1.0,2.5,False
star,20,iid,0.3,0.75,point,laplacian,0.00925,0.013125,0.0004112987559751021,13.625118705116732,0.5625,6.249999999999999,0.75,1.0,4.0,False
star,20,iid,0.3,0.75,point,mahalanobis,0.00955,0.089575,0.0075074962537453205,37.59762371711103,0.5625,6.249999999999999,0.75,1.0,2.5,False
star,20,iid,0.3,0.75,point,max_abs,0.009049999999999999,0.170375,0.0054107146786107,1.0443009625359088,0.5625,6.249999999999999,0.75,1.0,1.0,True
star,20,iid,0.3,1.5,cluster,euclidean,0.00955,0.7160500000000001,0.01164431191612449,3.383786134539992,9.0,24.999999999999996,0.75,4.0,1.5,False
star,20,iid,0.3,1.5,cluster,laplacian,0.00925,0.3543,0.011505071345570462,13.625118705116732,9.0,24.999999999999996,0.75,4.0,4.0,False
star,20,iid,0.3,1.5,cluster,mahalanobis,0.00955,0.7160500000000001,0.01164431191612449,37.59762371711103,9.0,24.999999999999996,0.75,4.0,1.5,False
star,20,iid,0.3,1.5,cluster,max_abs,0.009049999999999999,0.51095,0.012545517127643648,1.0443009625359088,9.0,24.999999999999996,0.75,4.0,3.0,False
star,20,iid,0.3,1.5,constant,euclidean,0.00955,0.72375,0.009187854301558506,3.383786134539992,1.4895204919483638e-16,25.0,0.33541019662496846,6.620091075326063e-17,1.5,False
star,20,iid,0.3,1.5,constant,laplacian,0.00925,0.010374999999999999,0.00098784276751583,13.625118705116732,1.4895204919483638e-16,25.0,0.33541019662496846,6.620091075326063e-17,4.0,False
star,20,iid,0.3,1.5,constant,mahalanobis,0.00955,0.72375,0.009187854301558506,37.59762371711103,1.4895204919483638e-16,25.0,0.33541019662496846,6.620091075326063e-17,1.5,False
star,20,iid,0.3,1.5,constant,max_abs,0.009049999999999999,0.1683,0.008573602898820705,1.0443009625359088,1.4895204919483638e-16,25.0,0.33541019662496846,6.620091075326063e-17,3.0,False
star,20,iid,0.3,1.5,edge_bipolar,euclidean,0.00955,0.7206250000000001,0.012177677665849698,3.383786134539992,24.75,24.999999999999996,1.0606601717798212,11.000000000000002,3.5,False
star,20,iid,0.3,1.5,edge_bipolar,laplacian,0.00925,0.877975,0.006667020823926281,13.625118705116732,24.75,24.999999999999996,1.0606601717798212,11.000000000000002,1.0,True
star,20,iid,0.3,1.5,edge_bipolar,mahalanobis,0.00955,0.7206250000000001,0.012177677665849698,37.59762371711103,24.75,24.999999999999996,1.0606601717798212,11.000000000000002,3.5,False
star,20,iid,0.3,1.5,edge_bipolar,max_abs,0.009049999999999999,0.776075,0.008374713925462405,1.0443009625359088,24.75,24.999999999999996,1.0606601717798212,11.000000000000002,2.0,False
star,20,iid,0.3,1.5,fiedler,euclidean,0.00955,0.7188,0.00800708020025604,3.383786134539992,2.2500000000000004,25.000000000000004,1.0488937493193442,1.0,1.5,False
star,20,iid,0.3,1.5,fiedler,laplacian,0.00925,0.02105,0.001654287359157008,13.625118705116732,2.2500000000000004,25.000000000000004,1.0488937493193442,1.0,4.0,False
star,20,iid,0.3,1.5,fiedler,mahalanobis,0.00955,0.7188,0.00800708020025604,37.59762371711103,2.2500000000000004,25.000000000000004,1.0488937493193442,1.0,1.5,False
star,20,iid,0.3,1.5,fiedler,max_abs,0.009049999999999999,0.701025,0.010627127238032549,1.0443009625359088,2.2500000000000004,25.000000000000004,1.0488937493193442,1.0,3.0,False
star,20,iid,0.3,1.5,high_frequency,euclidean,0.00955,0.7202999999999999,0.015568129838444513,3.383786134539992,45.000000000000014,24.99999999999999,1.4620191517213446,20.00000000000001,3.5,False
star,20,iid,0.3,1.5,high_frequency,laplacian,0.00925,0.991975,0.0006344288770224864,13.625118705116732,45.000000000000014,24.99999999999999,1.4620191517213446,20.00000000000001,1.0,True
star,20,iid,0.3,1.5,high_frequency,mahalanobis,0.00955,0.7202999999999999,0.015568129838444513,37.59762371711103,45.000000000000014,24.99999999999999,1.4620191517213446,20.00000000000001,3.5,False
star,20,iid,0.3,1.5,high_frequency,max_abs,0.009049999999999999,0.91825,0.0040120651373908205,1.0443009625359088,45.000000000000014,24.99999999999999,1.4620191517213446,20.00000000000001,2.0,False
star,20,iid,0.3,1.5,point,euclidean,0.00955,0.718375,0.006610282394371156,3.383786134539992,2.25,24.999999999999996,1.5,1.0,2.5,False
star,20,iid,0.3,1.5,point,laplacian,0.00925,0.0235,0.0019916492328386206,13.625118705116732,2.25,24.999999999999996,1.5,1.0,4.0,False
star,20,iid,0.3,1.5,point,mahalanobis,0.00955,0.718375,0.006610282394371156,37.59762371711103,2.25,24.999999999999996,1.5,1.0,2.5,False
star,20,iid,0.3,1.5,point,max_abs,0.009049999999999999,0.93625,0.0022883764259113253,1.0443009625359088,2.25,24.999999999999996,1.5,1.0,1.0,True
star,20,iid,0.3,3.0,cluster,euclidean,0.00955,1.0,0.0,3.383786134539992,36.0,99.99999999999999,1.5,4.0,1.5,False
star,20,iid,0.3,3.0,cluster,laplacian,0.00925,0.98555,0.0014011899704656039,13.625118705116732,36.0,99.99999999999999,1.5,4.0,4.0,False
star,20,iid,0.3,3.0,cluster,mahalanobis,0.00955,1.0,0.0,37.59762371711103,36.0,99.99999999999999,1.5,4.0,1.5,False
star,20,iid,0.3,3.0,cluster,max_abs,0.009049999999999999,0.9999750000000001,4.999999999998833e-05,1.0443009625359088,36.0,99.99999999999999,1.5,4.0,3.0,False
star,20,iid,0.3,3.0,constant,euclidean,0.00955,1.0,0.0,3.383786134539992,5.958081967793455e-16,100.0,0.6708203932499369,6.620091075326063e-17,1.5,False
star,20,iid,0.3,3.0,constant,laplacian,0.00925,0.010975,0.001187083260208258,13.625118705116732,5.958081967793455e-16,100.0,0.6708203932499369,6.620091075326063e-17,4.0,False
star,20,iid,0.3,3.0,constant,mahalanobis,0.00955,1.0,0.0,37.59762371711103,5.958081967793455e-16,100.0,0.6708203932499369,6.620091075326063e-17,1.5,False
star,20,iid,0.3,3.0,constant,max_abs,0.009049999999999999,0.8954500000000001,0.007932422916948744,1.0443009625359088,5.958081967793455e-16,100.0,0.6708203932499369,6.620091075326063e-17,3.0,False
star,20,iid,0.3,3.0,edge_bipolar,euclidean,0.00955,1.0,0.0,3.383786134539992,99.0,99.99999999999999,2.1213203435596424,11.000000000000002,2.5,False
star,20,iid,0.3,3.0,edge_bipolar,laplacian,0.00925,1.0,0.0,13.625118705116732,99.0,99.99999999999999,2.1213203435596424,11.000000000000002,2.5,False
star,20,iid,0.3,3.0,edge_bipolar,mahalanobis,0.00955,1.0,0.0,37.59762371711103,99.0,99.99999999999999,2.1213203435596424,11.000000000000002,2.5,False
star,20,iid,0.3,3.0,edge_bipolar,max_abs,0.009049999999999999,1.0,0.0,1.0443009625359088,99.0,99.99999999999999,2.1213203435596424,11.000000000000002,2.5,False
star,20,iid,0.3,3.0,fiedler,euclidean,0.00955,1.0,0.0,3.383786134539992,9.000000000000002,100.00000000000001,2.0977874986386884,1.0,2.0,False
star,20,iid,0.3,3.0,fiedler,laplacian,0.00925,0.27435,0.02445110767770383,13.625118705116732,9.000000000000002,100.00000000000001,2.0977874986386884,1.0,4.0,False
star,20,iid,0.3,3.0,fiedler,mahalanobis,0.00955,1.0,0.0,37.59762371711103,9.000000000000002,100.00000000000001,2.0977874986386884,1.0,2.0,False
star,20,iid,0.3,3.0,fiedler,max_abs,0.009049999999999999,1.0,0.0,1.0443009625359088,9.000000000000002,100.00000000000001,2.0977874986386884,1.0,2.0,False
star,20,iid,0.3,3.0,high_frequency,euclidean,0.00955,1.0,0.0,3.383786134539992,180.00000000000006,99.99999999999996,2.924038303442689,20.00000000000001,2.5,False
star,20,iid,0.3,3.0,high_frequency,laplacian,0.00925,1.0,0.0,13.625118705116732,180.00000000000006,99.99999999999996,2.924038303442689,20.00000000000001,2.5,False
star,20,iid,0.3,3.0,high_frequency,mahalanobis,0.00955,1.0,0.0,37.59762371711103,180.00000000000006,99.99999999999996,2.924038303442689,20.00000000000001,2.5,False
star,20,iid,0.3,3.0,high_frequency,max_abs,0.009049999999999999,1.0,0.0,1.0443009625359088,180.00000000000006,99.99999999999996,2.924038303442689,20.00000000000001,2.5,False
star,20,iid,0.3,3.0,point,euclidean,0.00955,1.0,0.0,3.383786134539992,9.0,99.99999999999999,3.0,1.0,2.0,False
star,20,iid,0.3,3.0,point,laplacian,0.00925,0.274475,0.01747996472155099,13.625118705116732,9.0,99.99999999999999,3.0,1.0,4.0,False
star,20,iid,0.3,3.0,point,mahalanobis,0.00955,1.0,0.0,37.59762371711103,9.0,99.99999999999999,3.0,1.0,2.0,False
star,20,iid,0.3,3.0,point,max_abs,0.009049999999999999,1.0,0.0,1.0443009625359088,9.0,99.99999999999999,3.0,1.0,2.0,False
star,40,correlated,0.15,0.75,cluster,euclidean,0.010425,0.43122499999999997,0.02325229379365974,1.48420773534498,2.249999999999999,21.01901389375825,0.2651650429449553,3.999999999999999,1.0,True
star,40,correlated,0.15,0.75,cluster,laplacian,0.008749999999999999,0.0906,0.00784219357067906,9.403820389356419,2.249999999999999,21.01901389375825,0.2651650429449553,3.999999999999999,4.0,False
star,40,correlated,0.15,0.75,cluster,mahalanobis,0.0103,0.4009,0.010085633346498354,63.3428049914141,2.249999999999999,21.01901389375825,0.2651650429449553,3.999999999999999,2.0,False
star,40,correlated,0.15,0.75,cluster,max_abs,0.010175,0.19117499999999998,0.022248351998893457,0.5669782044052921,2.249999999999999,21.01901389375825,0.2651650429449553,3.999999999999999,3.0,False
star,40,correlated,0.15,0.75,constant,euclidean,0.010425,0.42485,0.020138272021203815,1.48420773534498,-1.1849062956446365e-16,24.062829982821604,0.11858541225631422,-2.1065000811460213e-16,2.0,False
star,40,correlated,0.15,0.75,constant,laplacian,0.008749999999999999,0.008925,0.0011757976016304845,9.403820389356419,-1.1849062956446365e-16,24.062829982821604,0.11858541225631422,-2.1065000811460213e-16,4.0,False
star,40,correlated,0.15,0.75,constant,mahalanobis,0.0103,0.498275,0.014916741154376401,63.3428049914141,-1.1849062956446365e-16,24.062829982821604,0.11858541225631422,-2.1065000811460213e-16,1.0,True
star,40,correlated,0.15,0.75,constant,max_abs,0.010175,0.059274999999999994,0.009638940121541715,0.5669782044052921,-1.1849062956446365e-16,24.062829982821604,0.11858541225631422,-2.1065000811460213e-16,3.0,False
star,40,correlated,0.15,0.75,edge_bipolar,euclidean,0.010425,0.429375,0.024657436336056243,1.48420773534498,11.812499999999998,32.58849375002665,0.5303300858899106,21.0,4.0,False
star,40,correlated,0.15,0.75,edge_bipolar,laplacian,0.008749999999999999,0.67525,0.012137682370754849,9.403820389356419,11.812499999999998,32.58849375002665,0.5303300858899106,21.0,3.0,False
star,40,correlated,0.15,0.75,edge_bipolar,mahalanobis,0.0103,0.72665,0.009108786966440728,63.3428049914141,11.812499999999998,32.58849375002665,0.5303300858899106,21.0,1.0,True
star,40,correlated,0.15,0.75,edge_bipolar,max_abs,0.010175,0.68425,0.02661697453380707,0.5669782044052921,11.812499999999998,32.58849375002665,0.5303300858899106,21.0,2.0,False
star,40,correlated,0.15,0.75,fiedler,euclidean,0.010425,0.443375,0.023270349517501173,1.48420773534498,0.5625,26.113380863002543,0.508188377054638,1.0,3.0,False
star,40,correlated,0.15,0.75,fiedler,laplacian,0.008749999999999999,0.0118,0.00223308456325923,9.403820389356419,0.5625,26.113380863002543,0.508188377054638,1.0,4.0,False
star,40,correlated,0.15,0.75,fiedler,mahalanobis,0.0103,0.5556,0.009891073416638588,63.3428049914141,0.5625,26.113380863002543,0.508188377054638,1.0,1.0,True
star,40,correlated,0.15,0.75,fiedler,max_abs,0.010175,0.4717,0.025319952606590722,0.5669782044052921,0.5625,26.113380863002543,0.508188377054638,1.0,2.0,False
star,40,correlated,0.15,0.75,high_frequency,euclidean,0.010425,0.431375,0.023664371954480443,1.48420773534498,22.500000000000007,38.73985099269958,0.7405656621799314,40.000000000000014,4.0,False
star,40,correlated,0.15,0.75,high_frequency,laplacian,0.008749999999999999,0.9476749999999999,0.0032221886971436032,9.403820389356419,22.500000000000007,38.73985099269958,0.7405656621799314,40.000000000000014,1.0,True
star,40,correlated,0.15,0.75,high_frequency,mahalanobis,0.0103,0.847075,0.008110641158379547,63.3428049914141,22.500000000000007,38.73985099269958,0.7405656621799314,40.000000000000014,2.0,False
star,40,correlated,0.15,0.75,high_frequency,max_abs,0.010175,0.8103,0.014132468527000735,0.5669782044052921,22.500000000000007,38.73985099269958,0.7405656621799314,40.000000000000014,3.0,False
star,40,correlated,0.15,0.75,point,euclidean,0.010425,0.4436,0.027866228066723835,1.48420773534498,0.5625,26.248969571329642,0.75,1.0,3.0,False
star,40,correlated,0.15,0.75,point,laplacian,0.008749999999999999,0.012199999999999999,0.0011860297916438136,9.403820389356419,0.5625,26.248969571329642,0.75,1.0,4.0,False
star,40,correlated,0.15,0.75,point,mahalanobis,0.0103,0.561175,0.012427757909883269,63.3428049914141,0.5625,26.248969571329642,0.75,1.0,2.0,False
star,40,correlated,0.15,0.75,point,max_abs,0.010175,0.8926499999999999,0.010699065379742275,0.5669782044052921,0.5625,26.248969571329642,0.75,1.0,1.0,True
star,40,correlated,0.15,1.5,cluster,euclidean,0.010425,0.99975,0.00012909944487356635,1.48420773534498,8.999999999999996,84.07605557503301,0.5303300858899106,3.999999999999999,2.0,False
star,40,correlated,0.15,1.5,cluster,laplacian,0.008749999999999999,0.53025,0.014950250834016132,9.403820389356419,8.999999999999996,84.07605557503301,0.5303300858899106,3.999999999999999,4.0,False
star,40,correlated,0.15,1.5,cluster,mahalanobis,0.0103,0.9997750000000001,9.574271077562005e-05,63.3428049914141,8.999999999999996,84.07605557503301,0.5303300858899106,3.999999999999999,1.0,True
star,40,correlated,0.15,1.5,cluster,max_abs,0.010175,0.971925,0.007877129341750486,0.5669782044052921,8.999999999999996,84.07605557503301,0.5303300858899106,3.999999999999999,3.0,False
star,40,correlated,0.15,1.5,constant,euclidean,0.010425,0.9987,0.0006683312551921051,1.48420773534498,-4.739625182578546e-16,96.25131993128642,0.23717082451262844,-2.1065000811460213e-16,2.0,False
star,40,correlated,0.15,1.5,constant,laplacian,0.008749999999999999,0.008375,0.0009464847243000458,9.403820389356419,-4.739625182578546e-16,96.25131993128642,0.23717082451262844,-2.1065000811460213e-16,4.0,False
star,40,correlated,0.15,1.5,constant,mahalanobis,0.0103,1.0,0.0,63.3428049914141,-4.739625182578546e-16,96.25131993128642,0.23717082451262844,-2.1065000811460213e-16,1.0,True
star,40,correlated,0.15,1.5,constant,max_abs,0.010175,0.41064999999999996,0.04015183681975209,0.5669782044052921,-4.739625182578546e-16,96.25131993128642,0.23717082451262844,-2.1065000811460213e-16,3.0,False
star,40,correlated,0.15,1.5,edge_bipolar,euclidean,0.010425,1.0,0.0,1.48420773534498,47.24999999999999,130.35397500010654,1.0606601717798212,21.0,2.0,False
star,40,correlated,0.15,1.5,edge_bipolar,laplacian,0.008749999999999999,0.9999,0.00014142135623729395,9.403820389356419,47.24999999999999,130.35397500010654,1.0606601717798212,21.0,4.0,False
star,40,correlated,0.15,1.5,edge_bipolar,mahalanobis,0.0103,1.0,0.0,63.3428049914141,47.24999999999999,130.35397500010654,1.0606601717798212,21.0,2.0,False
star,40,correlated,0.15,1.5,edge_bipolar,max_abs,0.010175,1.0,0.0,0.5669782044052921,47.24999999999999,130.35397500010654,1.0606601717798212,21.0,2.0,False
star,40,correlated,0.15,1.5,fiedler,euclidean,0.010425,0.9999750000000001,4.999999999998833e-05,1.48420773534498,2.25,104.45352345201017,1.016376754109276,1.0,2.0,False
star,40,correlated,0.15,1.5,fiedler,laplacian,0.008749999999999999,0.0247,0.002092844953645635,9.403820389356419,2.25,104.45352345201017,1.016376754109276,1.0,4.0,False
star,40,correlated,0.15,1.5,fiedler,mahalanobis,0.0103,1.0,0.0,63.3428049914141,2.25,104.45352345201017,1.016376754109276,1.0,1.0,True
star,40,correlated,0.15,1.5,fiedler,max_abs,0.010175,0.99995,5.773502691895622e-05,0.5669782044052921,2.25,104.45352345201017,1.016376754109276,1.0,3.0,False
star,40,correlated,0.15,1.5,high_frequency,euclidean,0.010425,0.9999750000000001,5.000000000001299e-05,1.48420773534498,90.00000000000003,154.95940397079832,1.4811313243598627,40.000000000000014,4.0,False
star,40,correlated,0.15,1.5,high_frequency,laplacian,0.008749999999999999,1.0,0.0,9.403820389356419,90.00000000000003,154.95940397079832,1.4811313243598627,40.000000000000014,2.0,False
star,40,correlated,0.15,1.5,high_frequency,mahalanobis,0.0103,1.0,0.0,63.3428049914141,90.00000000000003,154.95940397079832,1.4811313243598627,40.000000000000014,2.0,False
star,40,correlated,0.15,1.5,high_frequency,max_abs,0.010175,1.0,0.0,0.5669782044052921,90.00000000000003,154.95940397079832,1.4811313243598627,40.000000000000014,2.0,False
star,40,correlated,0.15,1.5,point,euclidean,0.010425,0.9999750000000001,4.999999999998833e-05,1.48420773534498,2.25,104.99587828531858,1.5,1.0,3.0,False
star,40,correlated,0.15,1.5,point,laplacian,0.008749999999999999,0.02785,0.005382997925567746,9.403820389356419,2.25,104.99587828531858,1.5,1.0,4.0,False
star,40,correlated,0.15,1.5,point,mahalanobis,0.0103,1.0,0.0,63.3428049914141,2.25,104.99587828531858,1.5,1.0,1.5,False
star,40,correlated,0.15,1.5,point,max_abs,0.010175,1.0,0.0,0.5669782044052921,2.25,104.99587828531858,1.5,1.0,1.5,False
star,40,correlated,0.15,3.0,cluster,euclidean,0.010425,1.0,0.0,1.48420773534498,35.999999999999986,336.304222300132,1.0606601717798212,3.999999999999999,2.0,False
star,40,correlated,0.15,3.0,cluster,laplacian,0.008749999999999999,0.9996750000000001,0.0002061552812808708,9.403820389356419,35.999999999999986,336.304222300132,1.0606601717798212,3.999999999999999,4.0,False
star,40,correlated,0.15,3.0,cluster,mahalanobis,0.0103,1.0,0.0,63.3428049914141,35.999999999999986,336.304222300132,1.0606601717798212,3.999999999999999,2.0,False
star,40,correlated,0.15,3.0,cluster,max_abs,0.010175,1.0,0.0,0.5669782044052921,35.999999999999986,336.304222300132,1.0606601717798212,3.999999999999999,2.0,False
star,40,correlated,0.15,3.0,constant,euclidean,0.010425,1.0,0.0,1.48420773534498,-1.8958500730314183e-15,385.00527972514567,0.4743416490252569,-2.1065000811460213e-16,1.5,False
star,40,correlated,0.15,3.0,constant,laplacian,0.008749999999999999,0.0093,0.0010862780491200214,9.403820389356419,-1.8958500730314183e-15,385.00527972514567,0.4743416490252569,-2.1065000811460213e-16,4.0,False
star,40,correlated,0.15,3.0,constant,mahalanobis,0.0103,1.0,0.0,63.3428049914141,-1.8958500730314183e-15,385.00527972514567,0.4743416490252569,-2.1065000811460213e-16,1.5,False
star,40,correlated,0.15,3.0,constant,max_abs,0.010175,0.9999,8.164965809276361e-05,0.5669782044052921,-1.8958500730314183e-15,385.00527972514567,0.4743416490252569,-2.1065000811460213e-16,3.0,False
star,40,correlated,0.15,3.0,edge_bipolar,euclidean,0.010425,1.0,0.0,1.48420773534498,188.99999999999997,521.4159000004264,2.1213203435596424,21.0,2.5,False
star,40,correlated,0.15,3.0,edge_bipolar,laplacian,0.008749999999999999,1.0,0.0,9.403820389356419,188.99999999999997,521.4159000004264,2.1213203435596424,21.0,2.5,False
star,40,correlated,0.15,3.0,edge_bipolar,mahalanobis,0.0103,1.0,0.0,63.3428049914141,188.99999999999997,521.4159000004264,2.1213203435596424,21.0,2.5,False
star,40,correlated,0.15,3.0,edge_bipolar,max_abs,0.010175,1.0,0.0,0.5669782044052921,188.99999999999997,521.4159000004264,2.1213203435596424,21.0,2.5,False
star,40,correlated,0.15,3.0,fiedler,euclidean,0.010425,1.0,0.0,1.48420773534498,9.0,417.8140938080407,2.032753508218552,1.0,2.0,False
star,40,correlated,0.15,3.0,fiedler,laplacian,0.008749999999999999,0.8483499999999999,0.04917007897763297,9.403820389356419,9.0,417.8140938080407,2.032753508218552,1.0,4.0,False
star,40,correlated,0.15,3.0,fiedler,mahalanobis,0.0103,1.0,0.0,63.3428049914141,9.0,417.8140938080407,2.032753508218552,1.0,2.0,False
star,40,correlated,0.15,3.0,fiedler,max_abs,0.010175,1.0,0.0,0.5669782044052921,9.0,417.8140938080407,2.032753508218552,1.0,2.0,False
star,40,correlated,0.15,3.0,high_frequency,euclidean,0.010425,1.0,0.0,1.48420773534498,360.0000000000001,619.8376158831933,2.9622626487197254,40.000000000000014,2.5,False
star,40,correlated,0.15,3.0,high_frequency,laplacian,0.008749999999999999,1.0,0.0,9.403820389356419,360.0000000000001,619.8376158831933,2.9622626487197254,40.000000000000014,2.5,False
star,40,correlated,0.15,3.0,high_frequency,mahalanobis,0.0103,1.0,0.0,63.3428049914141,360.0000000000001,619.8376158831933,2.9622626487197254,40.000000000000014,2.5,False
star,40,correlated,0.15,3.0,high_frequency,max_abs,0.010175,1.0,0.0,0.5669782044052921,360.0000000000001,619.8376158831933,2.9622626487197254,40.000000000000014,2.5,False
star,40,correlated,0.15,3.0,point,euclidean,0.010425,1.0,0.0,1.48420773534498,94.5,440.5929968069979,3.0,10.5,2.0,False
star,40,correlated,0.15,3.0,point,laplacian,0.008749999999999999,0.8741,0.08940402675495104,9.403820389356419,94.5,440.5929968069979,3.0,10.5,4.0,False
star,40,correlated,0.15,3.0,point,mahalanobis,0.0103,1.0,0.0,63.3428049914141,94.5,440.5929968069979,3.0,10.5,2.0,False
star,40,correlated,0.15,3.0,point,max_abs,0.010175,1.0,0.0,0.5669782044052921,94.5,440.5929968069979,3.0,10.5,2.0,False
star,40,correlated,0.3,0.75,cluster,euclidean,0.01055,0.0519,0.0022759613353482036,5.983099232248742,2.249999999999999,5.254753473439564,0.2651650429449553,3.999999999999999,1.0,True
star,40,correlated,0.3,0.75,cluster,laplacian,0.010175,0.02735,0.0031775252424908695,36.594372649459785,2.249999999999999,5.254753473439564,0.2651650429449553,3.999999999999999,4.0,False
star,40,correlated,0.3,0.75,cluster,mahalanobis,0.0107,0.0475,0.004319722213291036,63.439704347677676,2.249999999999999,5.254753473439564,0.2651650429449553,3.999999999999999,2.0,False
star,40,correlated,0.3,0.75,cluster,max_abs,0.010700000000000001,0.034175,0.0011354147553500713,1.1312395169200666,2.249999999999999,5.254753473439564,0.2651650429449553,3.999999999999999,3.0,False
star,40,correlated,0.3,0.75,constant,euclidean,0.01055,0.061200000000000004,0.003741657386773939,5.983099232248742,-1.1849062956446365e-16,6.015707495705401,0.11858541225631422,-2.1065000811460213e-16,1.0,True
star,40,correlated,0.3,0.75,constant,laplacian,0.010175,0.009725,0.0015521490478258406,36.594372649459785,-1.1849062956446365e-16,6.015707495705401,0.11858541225631422,-2.1065000811460213e-16,4.0,False
star,40,correlated,0.3,0.75,constant,mahalanobis,0.0107,0.05305,0.0060544749290641795,63.439704347677676,-1.1849062956446365e-16,6.015707495705401,0.11858541225631422,-2.1065000811460213e-16,2.0,False
star,40,correlated,0.3,0.75,constant,max_abs,0.010700000000000001,0.0186,0.000969535971483265,1.1312395169200666,-1.1849062956446365e-16,6.015707495705401,0.11858541225631422,-2.1065000811460213e-16,3.0,False
star,40,correlated,0.3,0.75,edge_bipolar,euclidean,0.01055,0.0473,0.0020768565991260294,5.983099232248742,11.812499999999998,8.14712343750666,0.5303300858899106,21.0,4.0,False
star,40,correlated,0.3,0.75,edge_bipolar,laplacian,0.010175,0.14585,0.009286010984270907,36.594372649459785,11.812499999999998,8.14712343750666,0.5303300858899106,21.0,1.0,True
star,40,correlated,0.3,0.75,edge_bipolar,mahalanobis,0.0107,0.08612500000000001,0.0052866971415683195,63.439704347677676,11.812499999999998,8.14712343750666,0.5303300858899106,21.0,3.0,False
star,40,correlated,0.3,0.75,edge_bipolar,max_abs,0.010700000000000001,0.0927,0.002420743687382042,1.1312395169200666,11.812499999999998,8.14712343750666,0.5303300858899106,21.0,2.0,False
star,40,correlated,0.3,0.75,fiedler,euclidean,0.01055,0.04025,0.002162560211107813,5.983099232248742,0.5625,6.528345215750636,0.508188377054638,1.0,2.0,False
star,40,correlated,0.3,0.75,fiedler,laplacian,0.010175,0.01085,0.0011120551545074865,36.594372649459785,0.5625,6.528345215750636,0.508188377054638,1.0,4.0,False
star,40,correlated,0.3,0.75,fiedler,mahalanobis,0.0107,0.060325000000000004,0.0060384186671677545,63.439704347677676,0.5625,6.528345215750636,0.508188377054638,1.0,1.0,True
star,40,correlated,0.3,0.75,fiedler,max_abs,0.010700000000000001,0.036750000000000005,0.002037154878746338,1.1312395169200666,0.5625,6.528345215750636,0.508188377054638,1.0,3.0,False
star,40,correlated,0.3,0.75,high_frequency,euclidean,0.01055,0.050025,0.002458149710656372,5.983099232248742,22.500000000000007,9.684962748174895,0.7405656621799314,40.000000000000014,4.0,False
star,40,correlated,0.3,0.75,high_frequency,laplacian,0.010175,0.31930000000000003,0.018679578867486987,36.594372649459785,22.500000000000007,9.684962748174895,0.7405656621799314,40.000000000000014,1.0,True
star,40,correlated,0.3,0.75,high_frequency,mahalanobis,0.0107,0.109775,0.0066173383370254435,63.439704347677676,22.500000000000007,9.684962748174895,0.7405656621799314,40.000000000000014,3.0,False
star,40,correlated,0.3,0.75,high_frequency,max_abs,0.010700000000000001,0.16915,0.003370954365359047,1.1312395169200666,22.500000000000007,9.684962748174895,0.7405656621799314,40.000000000000014,2.0,False
star,40,correlated,0.3,0.75,point,euclidean,0.01055,0.04435,0.006969696310935411,5.983099232248742,5.90625,6.88426557510935,0.75,10.5,4.0,False
star,40,correlated,0.3,0.75,point,laplacian,0.010175,0.09055,0.16030058224057286,36.594372649459785,5.90625,6.88426557510935,0.75,10.5,2.0,False
star,40,correlated,0.3,0.75,point,mahalanobis,0.0107,0.064275,0.009436939828849886,63.439704347677676,5.90625,6.88426557510935,0.75,10.5,3.0,False
star,40,correlated,0.3,0.75,point,max_abs,0.010700000000000001,0.1264,0.035760033557031244,1.1312395169200666,5.90625,6.88426557510935,0.75,10.5,1.0,True
star,40,correlated,0.3,1.5,cluster,euclidean,0.01055,0.41912499999999997,0.006414761621967484,5.983099232248742,8.999999999999996,21.01901389375825,0.5303300858899106,3.999999999999999,1.0,True
star,40,correlated,0.3,1.5,cluster,laplacian,0.010175,0.098275,0.010479305002400362,36.594372649459785,8.999999999999996,21.01901389375825,0.5303300858899106,3.999999999999999,4.0,False
star,40,correlated,0.3,1.5,cluster,mahalanobis,0.0107,0.39865,0.008050879869099218,63.439704347677676,8.999999999999996,21.01901389375825,0.5303300858899106,3.999999999999999,2.0,False
star,40,correlated,0.3,1.5,cluster,max_abs,0.010700000000000001,0.19640000000000002,0.006307138812488598,1.1312395169200666,8.999999999999996,21.01901389375825,0.5303300858899106,3.999999999999999,3.0,False
star,40,correlated,0.3,1.5,constant,euclidean,0.01055,0.4159,0.005974947698515848,5.983099232248742,-4.739625182578546e-16,24.062829982821604,0.23717082451262844,-2.1065000811460213e-16,2.0,False
star,40,correlated,0.3,1.5,constant,laplacian,0.010175,0.0093,0.0020542638584174146,36.594372649459785,-4.739625182578546e-16,24.062829982821604,0.23717082451262844,-2.1065000811460213e-16,4.0,False
star,40,correlated,0.3,1.5,constant,mahalanobis,0.0107,0.49445,0.017345604630568483,63.439704347677676,-4.739625182578546e-16,24.062829982821604,0.23717082451262844,-2.1065000811460213e-16,1.0,True
star,40,correlated,0.3,1.5,constant,max_abs,0.010700000000000001,0.061675,0.0034267331381360885,1.1312395169200666,-4.739625182578546e-16,24.062829982821604,0.23717082451262844,-2.1065000811460213e-16,3.0,False
star,40,correlated,0.3,1.5,edge_bipolar,euclidean,0.01055,0.42045,0.004538355061767066,5.983099232248742,47.24999999999999,32.58849375002665,1.0606601717798212,21.0,4.0,False
star,40,correlated,0.3,1.5,edge_bipolar,laplacian,0.010175,0.69655,0.015159705362132453,36.594372649459785,47.24999999999999,32.58849375002665,1.0606601717798212,21.0,2.0,False
star,40,correlated,0.3,1.5,edge_bipolar,mahalanobis,0.0107,0.726525,0.010904547980850313,63.439704347677676,47.24999999999999,32.58849375002665,1.0606601717798212,21.0,1.0,True
star,40,correlated,0.3,1.5,edge_bipolar,max_abs,0.010700000000000001,0.6875249999999999,0.011570760562728797,1.1312395169200666,47.24999999999999,32.58849375002665,1.0606601717798212,21.0,3.0,False
star,40,correlated,0.3,1.5,fiedler,euclidean,0.01055,0.42462500000000003,0.0033797189232242396,5.983099232248742,2.25,26.113380863002543,1.016376754109276,1.0,3.0,False
star,40,correlated,0.3,1.5,fiedler,laplacian,0.010175,0.01225,0.0005802298395176405,36.594372649459785,2.25,26.113380863002543,1.016376754109276,1.0,4.0,False
star,40,correlated,0.3,1.5,fiedler,mahalanobis,0.0107,0.549075,0.014427837675826517,63.439704347677676,2.25,26.113380863002543,1.016376754109276,1.0,1.0,True
star,40,correlated,0.3,1.5,fiedler,max_abs,0.010700000000000001,0.47197500000000003,0.005129246208427374,1.1312395169200666,2.25,26.113380863002543,1.016376754109276,1.0,2.0,False
star,40,correlated,0.3,1.5,high_frequency,euclidean,0.01055,0.4099,0.006235917467916579,5.983099232248742,90.00000000000003,38.73985099269958,1.4811313243598627,40.000000000000014,4.0,False
star,40,correlated,0.3,1.5,high_frequency,laplacian,0.010175,0.95145,0.0037934153476781086,36.594372649459785,90.00000000000003,38.73985099269958,1.4811313243598627,40.000000000000014,1.0,True
star,40,correlated,0.3,1.5,high_frequency,mahalanobis,0.0107,0.840675,0.010471349801561758,63.439704347677676,90.00000000000003,38.73985099269958,1.4811313243598627,40.000000000000014,2.0,False
star,40,correlated,0.3,1.5,high_frequency,max_abs,0.010700000000000001,0.8055749999999999,0.006874287841902814,1.1312395169200666,90.00000000000003,38.73985099269958,1.4811313243598627,40.000000000000014,3.0,False
star,40,correlated,0.3,1.5,point,euclidean,0.01055,0.42669999999999997,0.007276904103623568,5.983099232248742,2.25,26.248969571329653,1.5,1.0,3.0,False
star,40,correlated,0.3,1.5,point,laplacian,0.010175,0.013225,0.0023243278598338904,36.594372649459785,2.25,26.248969571329653,1.5,1.0,4.0,False
star,40,correlated,0.3,1.5,point,mahalanobis,0.0107,0.55665,0.012629198971695182,63.439704347677676,2.25,26.248969571329653,1.5,1.0,2.0,False
star,40,correlated,0.3,1.5,point,max_abs,0.010700000000000001,0.896225,0.001645954636879968,1.1312395169200666,2.25,26.248969571329653,1.5,1.0,1.0,True
star,40,correlated,0.3,3.0,cluster,euclidean,0.01055,0.9997750000000001,0.00014999999999998966,5.983099232248742,35.999999999999986,84.07605557503301,1.0606601717798212,3.999999999999999,1.5,False
star,40,correlated,0.3,3.0,cluster,laplacian,0.010175,0.546875,0.014836750542712036,36.594372649459785,35.999999999999986,84.07605557503301,1.0606601717798212,3.999999999999999,4.0,False
star,40,correlated,0.3,3.0,cluster,mahalanobis,0.0107,0.9997750000000001,0.00012583057392118245,63.439704347677676,35.999999999999986,84.07605557503301,1.0606601717798212,3.999999999999999,1.5,False
star,40,correlated,0.3,3.0,cluster,max_abs,0.010700000000000001,0.9747250000000001,0.0015239750654128565,1.1312395169200666,35.999999999999986,84.07605557503301,1.0606601717798212,3.999999999999999,3.0,False
star,40,correlated,0.3,3.0,constant,euclidean,0.01055,0.99875,0.00012909944487356635,5.983099232248742,-1.8958500730314183e-15,96.25131993128642,0.4743416490252569,-2.1065000811460213e-16,2.0,False
star,40,correlated,0.3,3.0,constant,laplacian,0.010175,0.0106,0.001023067283548187,36.594372649459785,-1.8958500730314183e-15,96.25131993128642,0.4743416490252569,-2.1065000811460213e-16,4.0,False
star,40,correlated,0.3,3.0,constant,mahalanobis,0.0107,0.9999750000000001,4.999999999998833e-05,63.439704347677676,-1.8958500730314183e-15,96.25131993128642,0.4743416490252569,-2.1065000811460213e-16,1.0,True
star,40,correlated,0.3,3.0,constant,max_abs,0.010700000000000001,0.412975,0.01491741152702661,1.1312395169200666,-1.8958500730314183e-15,96.25131993128642,0.4743416490252569,-2.1065000811460213e-16,3.0,False
star,40,correlated,0.3,3.0,edge_bipolar,euclidean,0.01055,0.99995,5.7735026918956215e-05,5.983099232248742,188.99999999999997,130.35397500010657,2.1213203435596424,21.0,3.5,False
star,40,correlated,0.3,3.0,edge_bipolar,laplacian,0.010175,0.99995,5.7735026918956215e-05,36.594372649459785,188.99999999999997,130.35397500010657,2.1213203435596424,21.0,3.5,False
star,40,correlated,0.3,3.0,edge_bipolar,mahalanobis,0.0107,1.0,0.0,63.439704347677676,188.99999999999997,130.35397500010657,2.1213203435596424,21.0,1.5,False
star,40,correlated,0.3,3.0,edge_bipolar,max_abs,0.010700000000000001,1.0,0.0,1.1312395169200666,188.99999999999997,130.35397500010657,2.1213203435596424,21.0,1.5,False
star,40,correlated,0.3,3.0,fiedler,euclidean,0.01055,1.0,0.0,5.983099232248742,9.0,104.45352345201017,2.032753508218552,1.0,1.5,False
star,40,correlated,0.3,3.0,fiedler,laplacian,0.010175,0.0285,0.0038995726261561855,36.594372649459785,9.0,104.45352345201017,2.032753508218552,1.0,4.0,False
star,40,correlated,0.3,3.0,fiedler,mahalanobis,0.0107,1.0,0.0,63.439704347677676,9.0,104.45352345201017,2.032753508218552,1.0,1.5,False
star,40,correlated,0.3,3.0,fiedler,max_abs,0.010700000000000001,0.9999750000000001,4.999999999998833e-05,1.1312395169200666,9.0,104.45352345201017,2.032753508218552,1.0,3.0,False
star,40,correlated,0.3,3.0,high_frequency,euclidean,0.01055,0.999925,9.574271077563292e-05,5.983099232248742,360.0000000000001,154.95940397079832,2.9622626487197254,40.000000000000014,4.0,False
star,40,correlated,0.3,3.0,high_frequency,laplacian,0.010175,1.0,0.0,36.594372649459785,360.0000000000001,154.95940397079832,2.9622626487197254,40.000000000000014,2.0,False
star,40,correlated,0.3,3.0,high_frequency,mahalanobis,0.0107,1.0,0.0,63.439704347677676,360.0000000000001,154.95940397079832,2.9622626487197254,40.000000000000014,2.0,False
star,40,correlated,0.3,3.0,high_frequency,max_abs,0.010700000000000001,1.0,0.0,1.1312395169200666,360.0000000000001,154.95940397079832,2.9622626487197254,40.000000000000014,2.0,False
star,40,correlated,0.3,3.0,point,euclidean,0.01055,1.0,0.0,5.983099232248742,9.0,104.99587828531855,3.0,1.0,2.0,False
star,40,correlated,0.3,3.0,point,laplacian,0.010175,0.030199999999999998,0.004844928620045223,36.594372649459785,9.0,104.99587828531855,3.0,1.0,4.0,False
star,40,correlated,0.3,3.0,point,mahalanobis,0.0107,1.0,0.0,63.439704347677676,9.0,104.99587828531855,3.0,1.0,2.0,False
star,40,correlated,0.3,3.0,point,max_abs,0.010700000000000001,1.0,0.0,1.1312395169200666,9.0,104.99587828531855,3.0,1.0,2.0,False
star,40,iid,0.15,0.75,cluster,euclidean,0.010575000000000001,0.51815,0.024932776286112516,1.4290035117229516,2.249999999999999,24.999999999999996,0.2651650429449553,3.999999999999999,1.5,False
star,40,iid,0.15,0.75,cluster,laplacian,0.0089,0.14055,0.006306346010171017,6.943974738714702,2.249999999999999,24.999999999999996,0.2651650429449553,3.999999999999999,4.0,False
star,40,iid,0.15,0.75,cluster,mahalanobis,0.010575000000000001,0.51815,0.024932776286112516,63.51126718768673,2.249999999999999,24.999999999999996,0.2651650429449553,3.999999999999999,1.5,False
star,40,iid,0.15,0.75,cluster,max_abs,0.011375,0.232675,0.014076309885761964,0.5438165837463131,2.249999999999999,24.999999999999996,0.2651650429449553,3.999999999999999,3.0,False
star,40,iid,0.15,0.75,constant,euclidean,0.010575000000000001,0.524475,0.02403918675829116,1.4290035117229516,-1.1849062956446365e-16,25.0,0.11858541225631422,-2.1065000811460213e-16,1.5,False
star,40,iid,0.15,0.75,constant,laplacian,0.0089,0.0102,0.0006976149845485452,6.943974738714702,-1.1849062956446365e-16,25.0,0.11858541225631422,-2.1065000811460213e-16,4.0,False
star,40,iid,0.15,0.75,constant,mahalanobis,0.010575000000000001,0.524475,0.02403918675829116,63.51126718768673,-1.1849062956446365e-16,25.0,0.11858541225631422,-2.1065000811460213e-16,1.5,False
star,40,iid,0.15,0.75,constant,max_abs,0.011375,0.09029999999999999,0.0062875538433744965,0.5438165837463131,-1.1849062956446365e-16,25.0,0.11858541225631422,-2.1065000811460213e-16,3.0,False
star,40,iid,0.15,0.75,edge_bipolar,euclidean,0.010575000000000001,0.518075,0.017882090668226294,1.4290035117229516,11.812499999999998,24.999999999999996,0.5303300858899106,21.0,3.5,False
star,40,iid,0.15,0.75,edge_bipolar,laplacian,0.0089,0.846475,0.0030115057142013004,6.943974738714702,11.812499999999998,24.999999999999996,0.5303300858899106,21.0,1.0,True
star,40,iid,0.15,0.75,edge_bipolar,mahalanobis,0.010575000000000001,0.518075,0.017882090668226294,63.51126718768673,11.812499999999998,24.999999999999996,0.5303300858899106,21.0,3.5,False
star,40,iid,0.15,0.75,edge_bipolar,max_abs,0.011375,0.71065,0.011003181358134608,0.5438165837463131,11.812499999999998,24.999999999999996,0.5303300858899106,21.0,2.0,False
star,40,iid,0.15,0.75,fiedler,euclidean,0.010575000000000001,0.5203500000000001,0.020789821227385936,1.4290035117229516,0.5625,24.999999999999996,0.508188377054638,1.0,2.5,False
star,40,iid,0.15,0.75,fiedler,laplacian,0.0089,0.01375,0.001332916601542147,6.943974738714702,0.5625,24.999999999999996,0.508188377054638,1.0,4.0,False
star,40,iid,0.15,0.75,fiedler,mahalanobis,0.010575000000000001,0.5203500000000001,0.020789821227385936,63.51126718768673,0.5625,24.999999999999996,0.508188377054638,1.0,2.5,False
star,40,iid,0.15,0.75,fiedler,max_abs,0.011375,0.5536,0.012178943577612397,0.5438165837463131,0.5625,24.999999999999996,0.508188377054638,1.0,1.0,True
star,40,iid,0.15,0.75,high_frequency,euclidean,0.010575000000000001,0.51875,0.02048438429633654,1.4290035117229516,22.500000000000007,25.00000000000002,0.7405656621799314,40.000000000000014,3.5,False
star,40,iid,0.15,0.75,high_frequency,laplacian,0.0089,0.991725,0.0003947573094108577,6.943974738714702,22.500000000000007,25.00000000000002,0.7405656621799314,40.000000000000014,1.0,True
star,40,iid,0.15,0.75,high_frequency,mahalanobis,0.010575000000000001,0.51875,0.02048438429633654,63.51126718768673,22.500000000000007,25.00000000000002,0.7405656621799314,40.000000000000014,3.5,False
star,40,iid,0.15,0.75,high_frequency,max_abs,0.011375,0.903925,0.007854669524132354,0.5438165837463131,22.500000000000007,25.00000000000002,0.7405656621799314,40.000000000000014,2.0,False
star,40,iid,0.15,0.75,point,euclidean,0.010575000000000001,0.521775,0.021049683291362545,1.4290035117229516,5.90625,24.999999999999996,0.75,10.5,2.5,False
star,40,iid,0.15,0.75,point,laplacian,0.0089,0.25835,0.4875672295523289,6.943974738714702,5.90625,24.999999999999996,0.75,10.5,4.0,False
star,40,iid,0.15,0.75,point,mahalanobis,0.010575000000000001,0.521775,0.021049683291362545,63.51126718768673,5.90625,24.999999999999996,0.75,10.5,2.5,False
star,40,iid,0.15,0.75,point,max_abs,0.011375,0.9181,0.00455265490309406,0.5438165837463131,5.90625,24.999999999999996,0.75,10.5,1.0,True
star,40,iid,0.15,1.5,cluster,euclidean,0.010575000000000001,1.0,0.0,1.4290035117229516,8.999999999999996,99.99999999999999,0.5303300858899106,3.999999999999999,1.5,False
star,40,iid,0.15,1.5,cluster,laplacian,0.0089,0.738575,0.006637959023675913,6.943974738714702,8.999999999999996,99.99999999999999,0.5303300858899106,3.999999999999999,4.0,False
star,40,iid,0.15,1.5,cluster,mahalanobis,0.010575000000000001,1.0,0.0,63.51126718768673,8.999999999999996,99.99999999999999,0.5303300858899106,3.999999999999999,1.5,False
star,40,iid,0.15,1.5,cluster,max_abs,0.011375,0.993525,0.0014637281168304805,0.5438165837463131,8.999999999999996,99.99999999999999,0.5303300858899106,3.999999999999999,3.0,False
star,40,iid,0.15,1.5,constant,euclidean,0.010575000000000001,0.9999750000000001,5.000000000001299e-05,1.4290035117229516,-4.739625182578546e-16,100.0,0.23717082451262844,-2.1065000811460213e-16,1.5,False
star,40,iid,0.15,1.5,constant,laplacian,0.0089,0.00935,0.0011090536506409422,6.943974738714702,-4.739625182578546e-16,100.0,0.23717082451262844,-2.1065000811460213e-16,4.0,False
star,40,iid,0.15,1.5,constant,mahalanobis,0.010575000000000001,0.9999750000000001,5.000000000001299e-05,63.51126718768673,-4.739625182578546e-16,100.0,0.23717082451262844,-2.1065000811460213e-16,1.5,False
star,40,iid,0.15,1.5,constant,max_abs,0.011375,0.563825,0.0291838282843998,0.5438165837463131,-4.739625182578546e-16,100.0,0.23717082451262844,-2.1065000811460213e-16,3.0,False
star,40,iid,0.15,1.5,edge_bipolar,euclidean,0.010575000000000001,1.0,0.0,1.4290035117229516,47.24999999999999,99.99999999999999,1.0606601717798212,21.0,2.5,False
star,40,iid,0.15,1.5,edge_bipolar,laplacian,0.0089,1.0,0.0,6.943974738714702,47.24999999999999,99.99999999999999,1.0606601717798212,21.0,2.5,False
star,40,iid,0.15,1.5,edge_bipolar,mahalanobis,0.010575000000000001,1.0,0.0,63.51126718768673,47.24999999999999,99.99999999999999,1.0606601717798212,21.0,2.5,False
star,40,iid,0.15,1.5,edge_bipolar,max_abs,0.011375,1.0,0.0,0.5438165837463131,47.24999999999999,99.99999999999999,1.0606601717798212,21.0,2.5,False
star,40,iid,0.15,1.5,fiedler,euclidean,0.010575000000000001,1.0,0.0,1.4290035117229516,2.25,99.99999999999999,1.016376754109276,1.0,2.0,False
star,40,iid,0.15,1.5,fiedler,laplacian,0.0089,0.040225,0.003876746918057285,6.943974738714702,2.25,99.99999999999999,1.016376754109276,1.0,4.0,False
star,40,iid,0.15,1.5,fiedler,mahalanobis,0.010575000000000001,1.0,0.0,63.51126718768673,2.25,99.99999999999999,1.016376754109276,1.0,2.0,False
star,40,iid,0.15,1.5,fiedler,max_abs,0.011375,1.0,0.0,0.5438165837463131,2.25,99.99999999999999,1.016376754109276,1.0,2.0,False
star,40,iid,0.15,1.5,high_frequency,euclidean,0.010575000000000001,0.9999750000000001,4.999999999998833e-05,1.4290035117229516,90.00000000000003,100.00000000000009,1.4811313243598627,40.000000000000014,3.5,False
star,40,iid,0.15,1.5,high_frequency,laplacian,0.0089,1.0,0.0,6.943974738714702,90.00000000000003,100.00000000000009,1.4811313243598627,40.000000000000014,1.5,False
star,40,iid,0.15,1.5,high_frequency,mahalanobis,0.010575000000000001,0.9999750000000001,4.999999999998833e-05,63.51126718768673,90.00000000000003,100.00000000000009,1.4811313243598627,40.000000000000014,3.5,False
star,40,iid,0.15,1.5,high_frequency,max_abs,0.011375,1.0,0.0,0.5438165837463131,90.00000000000003,100.00000000000009,1.4811313243598627,40.000000000000014,1.5,False
star,40,iid,0.15,1.5,point,euclidean,0.010575000000000001,1.0,0.0,1.4290035117229516,2.25,99.99999999999999,1.5,1.0,2.0,False
star,40,iid,0.15,1.5,point,laplacian,0.0089,0.044825000000000004,0.0007804912982645409,6.943974738714702,2.25,99.99999999999999,1.5,1.0,4.0,False
star,40,iid,0.15,1.5,point,mahalanobis,0.010575000000000001,1.0,0.0,63.51126718768673,2.25,99.99999999999999,1.5,1.0,2.0,False
star,40,iid,0.15,1.5,point,max_abs,0.011375,1.0,0.0,0.5438165837463131,2.25,99.99999999999999,1.5,1.0,2.0,False
star,40,iid,0.15,3.0,cluster,euclidean,0.010575000000000001,1.0,0.0,1.4290035117229516,35.999999999999986,399.99999999999994,1.0606601717798212,3.999999999999999,2.5,False
star,40,iid,0.15,3.0,cluster,laplacian,0.0089,1.0,0.0,6.943974738714702,35.999999999999986,399.99999999999994,1.0606601717798212,3.999999999999999,2.5,False
star,40,iid,0.15,3.0,cluster,mahalanobis,0.010575000000000001,1.0,0.0,63.51126718768673,35.999999999999986,399.99999999999994,1.0606601717798212,3.999999999999999,2.5,False
star,40,iid,0.15,3.0,cluster,max_abs,0.011375,1.0,0.0,0.5438165837463131,35.999999999999986,399.99999999999994,1.0606601717798212,3.999999999999999,2.5,False
star,40,iid,0.15,3.0,constant,euclidean,0.010575000000000001,1.0,0.0,1.4290035117229516,-1.8958500730314183e-15,400.0,0.4743416490252569,-2.1065000811460213e-16,2.0,False
star,40,iid,0.15,3.0,constant,laplacian,0.0089,0.00955,0.001391641716343206,6.943974738714702,-1.8958500730314183e-15,400.0,0.4743416490252569,-2.1065000811460213e-16,4.0,False
star,40,iid,0.15,3.0,constant,mahalanobis,0.010575000000000001,1.0,0.0,63.51126718768673,-1.8958500730314183e-15,400.0,0.4743416490252569,-2.1065000811460213e-16,2.0,False
star,40,iid,0.15,3.0,constant,max_abs,0.011375,1.0,0.0,0.5438165837463131,-1.8958500730314183e-15,400.0,0.4743416490252569,-2.1065000811460213e-16,2.0,False
star,40,iid,0.15,3.0,edge_bipolar,euclidean,0.010575000000000001,1.0,0.0,1.4290035117229516,188.99999999999997,399.99999999999994,2.1213203435596424,21.0,2.5,False
star,40,iid,0.15,3.0,edge_bipolar,laplacian,0.0089,1.0,0.0,6.943974738714702,188.99999999999997,399.99999999999994,2.1213203435596424,21.0,2.5,False
star,40,iid,0.15,3.0,edge_bipolar,mahalanobis,0.010575000000000001,1.0,0.0,63.51126718768673,188.99999999999997,399.99999999999994,2.1213203435596424,21.0,2.5,False
star,40,iid,0.15,3.0,edge_bipolar,max_abs,0.011375,1.0,0.0,0.5438165837463131,188.99999999999997,399.99999999999994,2.1213203435596424,21.0,2.5,False
star,40,iid,0.15,3.0,fiedler,euclidean,0.010575000000000001,1.0,0.0,1.4290035117229516,9.0,399.99999999999994,2.032753508218552,1.0,2.0,False
star,40,iid,0.15,3.0,fiedler,laplacian,0.0089,0.99985,9.999999999998899e-05,6.943974738714702,9.0,399.99999999999994,2.032753508218552,1.0,4.0,False
star,40,iid,0.15,3.0,fiedler,mahalanobis,0.010575000000000001,1.0,0.0,63.51126718768673,9.0,399.99999999999994,2.032753508218552,1.0,2.0,False
star,40,iid,0.15,3.0,fiedler,max_abs,0.011375,1.0,0.0,0.5438165837463131,9.0,399.99999999999994,2.032753508218552,1.0,2.0,False
star,40,iid,0.15,3.0,high_frequency,euclidean,0.010575000000000001,1.0,0.0,1.4290035117229516,360.0000000000001,400.00000000000034,2.9622626487197254,40.000000000000014,2.5,False
star,40,iid,0.15,3.0,high_frequency,laplacian,0.0089,1.0,0.0,6.943974738714702,360.0000000000001,400.00000000000034,2.9622626487197254,40.000000000000014,2.5,False
star,40,iid,0.15,3.0,high_frequency,mahalanobis,0.010575000000000001,1.0,0.0,63.51126718768673,360.0000000000001,400.00000000000034,2.9622626487197254,40.000000000000014,2.5,False
star,40,iid,0.15,3.0,high_frequency,max_abs,0.011375,1.0,0.0,0.5438165837463131,360.0000000000001,400.00000000000034,2.9622626487197254,40.000000000000014,2.5,False
star,40,iid,0.15,3.0,point,euclidean,0.010575000000000001,1.0,0.0,1.4290035117229516,9.0,399.99999999999994,3.0,1.0,2.0,False
star,40,iid,0.15,3.0,point,laplacian,0.0089,0.9997750000000001,0.00014999999999998966,6.943974738714702,9.0,399.99999999999994,3.0,1.0,4.0,False
star,40,iid,0.15,3.0,point,mahalanobis,0.010575000000000001,1.0,0.0,63.51126718768673,9.0,399.99999999999994,3.0,1.0,2.0,False
star,40,iid,0.15,3.0,point,max_abs,0.011375,1.0,0.0,0.5438165837463131,9.0,399.99999999999994,3.0,1.0,2.0,False
star,40,iid,0.3,0.75,cluster,euclidean,0.010525,0.055175,0.006029579863749493,5.738024248170341,2.249999999999999,6.249999999999999,0.2651650429449553,3.999999999999999,1.5,False
star,40,iid,0.3,0.75,cluster,laplacian,0.009925,0.0323,0.0019165942015286713,27.56394969158094,2.249999999999999,6.249999999999999,0.2651650429449553,3.999999999999999,3.0,False
star,40,iid,0.3,0.75,cluster,mahalanobis,0.010525,0.055175,0.006029579863749493,63.75582497967046,2.249999999999999,6.249999999999999,0.2651650429449553,3.999999999999999,1.5,False
star,40,iid,0.3,0.75,cluster,max_abs,0.0101,0.02865,0.0035902646142032505,1.0976647007661051,2.249999999999999,6.249999999999999,0.2651650429449553,3.999999999999999,4.0,False
star,40,iid,0.3,0.75,constant,euclidean,0.010525,0.055825,0.005061867244406948,5.738024248170341,-1.1849062956446365e-16,6.25,0.11858541225631422,-2.1065000811460213e-16,1.5,False
star,40,iid,0.3,0.75,constant,laplacian,0.009925,0.00955,0.0014341083176199298,27.56394969158094,-1.1849062956446365e-16,6.25,0.11858541225631422,-2.1065000811460213e-16,4.0,False
star,40,iid,0.3,0.75,constant,mahalanobis,0.010525,0.055825,0.005061867244406948,63.75582497967046,-1.1849062956446365e-16,6.25,0.11858541225631422,-2.1065000811460213e-16,1.5,False
star,40,iid,0.3,0.75,constant,max_abs,0.0101,0.022025,0.0024595053703268623,1.0976647007661051,-1.1849062956446365e-16,6.25,0.11858541225631422,-2.1065000811460213e-16,3.0,False
star,40,iid,0.3,0.75,edge_bipolar,euclidean,0.010525,0.054099999999999995,0.004764451699828638,5.738024248170341,11.812499999999998,6.249999999999999,0.5303300858899106,21.0,3.5,False
star,40,iid,0.3,0.75,edge_bipolar,laplacian,0.009925,0.217725,0.012935062169674074,27.56394969158094,11.812499999999998,6.249999999999999,0.5303300858899106,21.0,1.0,True
star,40,iid,0.3,0.75,edge_bipolar,mahalanobis,0.010525,0.054099999999999995,0.004764451699828638,63.75582497967046,11.812499999999998,6.249999999999999,0.5303300858899106,21.0,3.5,False
star,40,iid,0.3,0.75,edge_bipolar,max_abs,0.0101,0.06565,0.007677021992066106,1.0976647007661051,11.812499999999998,6.249999999999999,0.5303300858899106,21.0,2.0,False
star,40,iid,0.3,0.75,fiedler,euclidean,0.010525,0.055125,0.005448164828637253,5.738024248170341,0.5625,6.249999999999999,0.508188377054638,1.0,1.5,False
star,40,iid,0.3,0.75,fiedler,laplacian,0.009925,0.0108,0.0014719601443879743,27.56394969158094,0.5625,6.249999999999999,0.508188377054638,1.0,4.0,False
star,40,iid,0.3,0.75,fiedler,mahalanobis,0.010525,0.055125,0.005448164828637253,63.75582497967046,0.5625,6.249999999999999,0.508188377054638,1.0,1.5,False
star,40,iid,0.3,0.75,fiedler,max_abs,0.0101,0.048725,0.005555402775677029,1.0976647007661051,0.5625,6.249999999999999,0.508188377054638,1.0,3.0,False
star,40,iid,0.3,0.75,high_frequency,euclidean,0.010525,0.0532,0.0050259327492516255,5.738024248170341,22.500000000000007,6.250000000000005,0.7405656621799314,40.000000000000014,3.5,False
star,40,iid,0.3,0.75,high_frequency,laplacian,0.009925,0.457425,0.011756239478109793,27.56394969158094,22.500000000000007,6.250000000000005,0.7405656621799314,40.000000000000014,1.0,True
star,40,iid,0.3,0.75,high_frequency,mahalanobis,0.010525,0.0532,0.0050259327492516255,63.75582497967046,22.500000000000007,6.250000000000005,0.7405656621799314,40.000000000000014,3.5,False
star,40,iid,0.3,0.75,high_frequency,max_abs,0.0101,0.12342499999999999,0.00910910716444446,1.0976647007661051,22.500000000000007,6.250000000000005,0.7405656621799314,40.000000000000014,2.0,False
star,40,iid,0.3,0.75,point,euclidean,0.010525,0.053975,0.0058191494223812455,5.738024248170341,0.5625,6.249999999999999,0.75,1.0,2.5,False
star,40,iid,0.3,0.75,point,laplacian,0.009925,0.010975,0.0018500000000000003,27.56394969158094,0.5625,6.249999999999999,0.75,1.0,4.0,False
star,40,iid,0.3,0.75,point,mahalanobis,0.010525,0.053975,0.0058191494223812455,63.75582497967046,0.5625,6.249999999999999,0.75,1.0,2.5,False
star,40,iid,0.3,0.75,point,max_abs,0.0101,0.132275,0.008534000624951155,1.0976647007661051,0.5625,6.249999999999999,0.75,1.0,1.0,True
star,40,iid,0.3,1.5,cluster,euclidean,0.010525,0.5121,0.016394104631441933,5.738024248170341,8.999999999999996,24.999999999999996,0.5303300858899106,3.999999999999999,1.5,False
star,40,iid,0.3,1.5,cluster,laplacian,0.009925,0.144225,0.006650000000000002,27.56394969158094,8.999999999999996,24.999999999999996,0.5303300858899106,3.999999999999999,4.0,False
star,40,iid,0.3,1.5,cluster,mahalanobis,0.010525,0.5121,0.016394104631441933,63.75582497967046,8.999999999999996,24.999999999999996,0.5303300858899106,3.999999999999999,1.5,False
star,40,iid,0.3,1.5,cluster,max_abs,0.0101,0.220375,0.01428457793099489,1.0976647007661051,8.999999999999996,24.999999999999996,0.5303300858899106,3.999999999999999,3.0,False
star,40,iid,0.3,1.5,constant,euclidean,0.010525,0.5114,0.01893515249476484,5.738024248170341,-4.739625182578546e-16,25.0,0.23717082451262844,-2.1065000811460213e-16,1.5,False
star,40,iid,0.3,1.5,constant,laplacian,0.009925,0.00885,0.0013771952173409065,27.56394969158094,-4.739625182578546e-16,25.0,0.23717082451262844,-2.1065000811460213e-16,4.0,False
star,40,iid,0.3,1.5,constant,mahalanobis,0.010525,0.5114,0.01893515249476484,63.75582497967046,-4.739625182578546e-16,25.0,0.23717082451262844,-2.1065000811460213e-16,1.5,False
star,40,iid,0.3,1.5,constant,max_abs,0.0101,0.07645,0.005172040216394303,1.0976647007661051,-4.739625182578546e-16,25.0,0.23717082451262844,-2.1065000811460213e-16,3.0,False
star,40,iid,0.3,1.5,edge_bipolar,euclidean,0.010525,0.5103,0.020970932263492757,5.738024248170341,47.24999999999999,24.999999999999996,1.0606601717798212,21.0,3.5,False
star,40,iid,0.3,1.5,edge_bipolar,laplacian,0.009925,0.8518,0.01214001647445342,27.56394969158094,47.24999999999999,24.999999999999996,1.0606601717798212,21.0,1.0,True
star,40,iid,0.3,1.5,edge_bipolar,mahalanobis,0.010525,0.5103,0.020970932263492757,63.75582497967046,47.24999999999999,24.999999999999996,1.0606601717798212,21.0,3.5,False
star,40,iid,0.3,1.5,edge_bipolar,max_abs,0.0101,0.6993,0.01233369368842927,1.0976647007661051,47.24999999999999,24.999999999999996,1.0606601717798212,21.0,2.0,False
star,40,iid,0.3,1.5,fiedler,euclidean,0.010525,0.5121,0.017140206144229043,5.738024248170341,2.25,24.999999999999996,1.016376754109276,1.0,2.5,False
star,40,iid,0.3,1.5,fiedler,laplacian,0.009925,0.013175,0.001357387196049823,27.56394969158094,2.25,24.999999999999996,1.016376754109276,1.0,4.0,False
star,40,iid,0.3,1.5,fiedler,mahalanobis,0.010525,0.5121,0.017140206144229043,63.75582497967046,2.25,24.999999999999996,1.016376754109276,1.0,2.5,False
star,40,iid,0.3,1.5,fiedler,max_abs,0.0101,0.535,0.019150108789943384,1.0976647007661051,2.25,24.999999999999996,1.016376754109276,1.0,1.0,True
star,40,iid,0.3,1.5,high_frequency,euclidean,0.010525,0.5144,0.019505725655133522,5.738024248170341,90.00000000000003,25.00000000000002,1.4811313243598627,40.000000000000014,3.5,False
star,40,iid,0.3,1.5,high_frequency,laplacian,0.009925,0.992175,0.0005377421934967261,27.56394969158094,90.00000000000003,25.00000000000002,1.4811313243598627,40.000000000000014,1.0,True
star,40,iid,0.3,1.5,high_frequency,mahalanobis,0.010525,0.5144,0.019505725655133522,63.75582497967046,90.00000000000003,25.00000000000002,1.4811313243598627,40.000000000000014,3.5,False
star,40,iid,0.3,1.5,high_frequency,max_abs,0.0101,0.90115,0.007277591176573031,1.0976647007661051,90.00000000000003,25.00000000000002,1.4811313243598627,40.000000000000014,2.0,False
star,40,iid,0.3,1.5,point,euclidean,0.010525,0.508025,0.014386654695700917,5.738024248170341,23.625,24.999999999999996,1.5,10.5,2.5,False
star,40,iid,0.3,1.5,point,laplacian,0.009925,0.25787499999999997,0.4870188591488698,27.56394969158094,23.625,24.999999999999996,1.5,10.5,4.0,False
star,40,iid,0.3,1.5,point,mahalanobis,0.010525,0.508025,0.014386654695700917,63.75582497967046,23.625,24.999999999999996,1.5,10.5,2.5,False
star,40,iid,0.3,1.5,point,max_abs,0.0101,0.90985,0.008160678076401926,1.0976647007661051,23.625,24.999999999999996,1.5,10.5,1.0,True
star,40,iid,0.3,3.0,cluster,euclidean,0.010525,1.0,0.0,5.738024248170341,35.999999999999986,99.99999999999999,1.0606601717798212,3.999999999999999,1.5,False
star,40,iid,0.3,3.0,cluster,laplacian,0.009925,0.744425,0.015122251816445872,27.56394969158094,35.999999999999986,99.99999999999999,1.0606601717798212,3.999999999999999,4.0,False
star,40,iid,0.3,3.0,cluster,mahalanobis,0.010525,1.0,0.0,63.75582497967046,35.999999999999986,99.99999999999999,1.0606601717798212,3.999999999999999,1.5,False
star,40,iid,0.3,3.0,cluster,max_abs,0.0101,0.991525,0.0011324751652906097,1.0976647007661051,35.999999999999986,99.99999999999999,1.0606601717798212,3.999999999999999,3.0,False
star,40,iid,0.3,3.0,constant,euclidean,0.010525,1.0,0.0,5.738024248170341,-1.8958500730314183e-15,100.0,0.4743416490252569,-2.1065000811460213e-16,1.5,False
star,40,iid,0.3,3.0,constant,laplacian,0.009925,0.0098,0.0006683312551921144,27.56394969158094,-1.8958500730314183e-15,100.0,0.4743416490252569,-2.1065000811460213e-16,4.0,False
star,40,iid,0.3,3.0,constant,mahalanobis,0.010525,1.0,0.0,63.75582497967046,-1.8958500730314183e-15,100.0,0.4743416490252569,-2.1065000811460213e-16,1.5,False
star,40,iid,0.3,3.0,constant,max_abs,0.0101,0.53415,0.02481189230993876,1.0976647007661051,-1.8958500730314183e-15,100.0,0.4743416490252569,-2.1065000811460213e-16,3.0,False
star,40,iid,0.3,3.0,edge_bipolar,euclidean,0.010525,0.9999750000000001,5.000000000001299e-05,5.738024248170341,188.99999999999997,99.99999999999999,2.1213203435596424,21.0,3.5,False
star,40,iid,0.3,3.0,edge_bipolar,laplacian,0.009925,1.0,0.0,27.56394969158094,188.99999999999997,99.99999999999999,2.1213203435596424,21.0,1.5,False
star,40,iid,0.3,3.0,edge_bipolar,mahalanobis,0.010525,0.9999750000000001,5.000000000001299e-05,63.75582497967046,188.99999999999997,99.99999999999999,2.1213203435596424,21.0,3.5,False
star,40,iid,0.3,3.0,edge_bipolar,max_abs,0.0101,1.0,0.0,1.0976647007661051,188.99999999999997,99.99999999999999,2.1213203435596424,21.0,1.5,False
star,40,iid,0.3,3.0,fiedler,euclidean,0.010525,1.0,0.0,5.738024248170341,9.0,99.99999999999999,2.032753508218552,1.0,2.0,False
star,40,iid,0.3,3.0,fiedler,laplacian,0.009925,0.044875,0.005605577579518456,27.56394969158094,9.0,99.99999999999999,2.032753508218552,1.0,4.0,False
star,40,iid,0.3,3.0,fiedler,mahalanobis,0.010525,1.0,0.0,63.75582497967046,9.0,99.99999999999999,2.032753508218552,1.0,2.0,False
star,40,iid,0.3,3.0,fiedler,max_abs,0.0101,1.0,0.0,1.0976647007661051,9.0,99.99999999999999,2.032753508218552,1.0,2.0,False
star,40,iid,0.3,3.0,high_frequency,euclidean,0.010525,0.9999750000000001,4.999999999998833e-05,5.738024248170341,360.0000000000001,100.00000000000009,2.9622626487197254,40.000000000000014,3.5,False
star,40,iid,0.3,3.0,high_frequency,laplacian,0.009925,1.0,0.0,27.56394969158094,360.0000000000001,100.00000000000009,2.9622626487197254,40.000000000000014,1.5,False
star,40,iid,0.3,3.0,high_frequency,mahalanobis,0.010525,0.9999750000000001,4.999999999998833e-05,63.75582497967046,360.0000000000001,100.00000000000009,2.9622626487197254,40.000000000000014,3.5,False
star,40,iid,0.3,3.0,high_frequency,max_abs,0.0101,1.0,0.0,1.0976647007661051,360.0000000000001,100.00000000000009,2.9622626487197254,40.000000000000014,1.5,False
star,40,iid,0.3,3.0,point,euclidean,0.010525,1.0,0.0,5.738024248170341,9.0,99.99999999999999,3.0,1.0,2.0,False
star,40,iid,0.3,3.0,point,laplacian,0.009925,0.0483,0.003236252977338658,27.56394969158094,9.0,99.99999999999999,3.0,1.0,4.0,False
star,40,iid,0.3,3.0,point,mahalanobis,0.010525,1.0,0.0,63.75582497967046,9.0,99.99999999999999,3.0,1.0,2.0,False
star,40,iid,0.3,3.0,point,max_abs,0.0101,1.0,0.0,1.0976647007661051,9.0,99.99999999999999,3.0,1.0,2.0,False
star,60,correlated,0.15,0.75,cluster,euclidean,0.011525,0.3462,0.01849306176200504,2.029814109209825,2.25,21.53780627135024,0.21650635094610968,3.999999999999999,1.0,True
star,60,correlated,0.15,0.75,cluster,laplacian,0.010575,0.059225,0.0015649813630413195,14.468400449740821,2.25,21.53780627135024,0.21650635094610968,3.999999999999999,4.0,False
star,60,correlated,0.15,0.75,cluster,mahalanobis,0.010425,0.30379999999999996,0.019174288339683772,88.22378123253064,2.25,21.53780627135024,0.21650635094610968,3.999999999999999,2.0,False
star,60,correlated,0.15,0.75,cluster,max_abs,0.011825,0.113275,0.008873697087460223,0.5778083676496064,2.25,21.53780627135024,0.21650635094610968,3.999999999999999,3.0,False
star,60,correlated,0.15,0.75,constant,euclidean,0.011525,0.347275,0.0112846134182789,2.029814109209825,4.2998752849492583e-17,25.023160200639985,0.09682458365518543,7.644222728798677e-17,2.0,False
star,60,correlated,0.15,0.75,constant,laplacian,0.010575,0.010825,0.0009708243919473804,14.468400449740821,4.2998752849492583e-17,25.023160200639985,0.09682458365518543,7.644222728798677e-17,4.0,False
star,60,correlated,0.15,0.75,constant,mahalanobis,0.010425,0.39385,0.011119202609300126,88.22378123253064,4.2998752849492583e-17,25.023160200639985,0.09682458365518543,7.644222728798677e-17,1.0,True
star,60,correlated,0.15,0.75,constant,max_abs,0.011825,0.045200000000000004,0.0016911534525287713,0.5778083676496064,4.2998752849492583e-17,25.023160200639985,0.09682458365518543,7.644222728798677e-17,3.0,False
star,60,correlated,0.15,0.75,edge_bipolar,euclidean,0.011525,0.342275,0.016882214507186754,2.029814109209825,17.437499999999996,31.40905384478981,0.5303300858899106,31.0,4.0,False
star,60,correlated,0.15,0.75,edge_bipolar,laplacian,0.010575,0.64805,0.010916806614879124,14.468400449740821,17.437499999999996,31.40905384478981,0.5303300858899106,31.0,2.0,False
star,60,correlated,0.15,0.75,edge_bipolar,mahalanobis,0.010425,0.5585,0.013106995587598787,88.22378123253064,17.437499999999996,31.40905384478981,0.5303300858899106,31.0,3.0,False
star,60,correlated,0.15,0.75,edge_bipolar,max_abs,0.011825,0.649275,0.013024688096073569,0.5778083676496064,17.437499999999996,31.40905384478981,0.5303300858899106,31.0,1.0,True
star,60,correlated,0.15,0.75,fiedler,euclidean,0.011525,0.350075,0.014571519023995625,2.029814109209825,0.5625,25.742253908668395,0.5784421277213266,1.0,3.0,False
star,60,correlated,0.15,0.75,fiedler,laplacian,0.010575,0.01215,0.0014177446878757833,14.468400449740821,0.5625,25.742253908668395,0.5784421277213266,1.0,4.0,False
star,60,correlated,0.15,0.75,fiedler,mahalanobis,0.010425,0.41895,0.012413567845976716,88.22378123253064,0.5625,25.742253908668395,0.5784421277213266,1.0,2.0,False
star,60,correlated,0.15,0.75,fiedler,max_abs,0.011825,0.5291,0.006905553320818475,0.5778083676496064,0.5625,25.742253908668395,0.5784421277213266,1.0,1.0,True
star,60,correlated,0.15,0.75,high_frequency,euclidean,0.011525,0.335,0.01857291935408466,2.029814109209825,33.750000000000014,36.88696044970732,0.7437237390321758,60.000000000000014,4.0,False
star,60,correlated,0.15,0.75,high_frequency,laplacian,0.010575,0.9384,0.004987317248113817,14.468400449740821,33.750000000000014,36.88696044970732,0.7437237390321758,60.000000000000014,1.0,True
star,60,correlated,0.15,0.75,high_frequency,mahalanobis,0.010425,0.6875,0.008188202896036879,88.22378123253064,33.750000000000014,36.88696044970732,0.7437237390321758,60.000000000000014,3.0,False
star,60,correlated,0.15,0.75,high_frequency,max_abs,0.011825,0.7934,0.00526940856896358,0.5778083676496064,33.750000000000014,36.88696044970732,0.7437237390321758,60.000000000000014,2.0,False
star,60,correlated,0.15,0.75,point,euclidean,0.011525,0.3489,0.023082749691779217,2.029814109209825,0.5625,25.830606559795605,0.75,1.0,3.0,False
star,60,correlated,0.15,0.75,point,laplacian,0.010575,0.011425,0.0007804912982645397,14.468400449740821,0.5625,25.830606559795605,0.75,1.0,4.0,False
star,60,correlated,0.15,0.75,point,mahalanobis,0.010425,0.4201,0.017701788986803947,88.22378123253064,0.5625,25.830606559795605,0.75,1.0,2.0,False
star,60,correlated,0.15,0.75,point,max_abs,0.011825,0.878475,0.002470323865407136,0.5778083676496064,0.5625,25.830606559795605,0.75,1.0,1.0,True
star,60,correlated,0.15,1.5,cluster,euclidean,0.011525,0.9992,0.00028284271247464894,2.029814109209825,9.0,86.15122508540097,0.43301270189221935,3.999999999999999,1.0,True
star,60,correlated,0.15,1.5,cluster,laplacian,0.010575,0.31172500000000003,0.010036724233201455,14.468400449740821,9.0,86.15122508540097,0.43301270189221935,3.999999999999999,4.0,False
star,60,correlated,0.15,1.5,cluster,mahalanobis,0.010425,0.99875,0.00038729833462071894,88.22378123253064,9.0,86.15122508540097,0.43301270189221935,3.999999999999999,2.0,False
star,60,correlated,0.15,1.5,cluster,max_abs,0.011825,0.87305,0.007799786321859473,0.5778083676496064,9.0,86.15122508540097,0.43301270189221935,3.999999999999999,3.0,False
star,60,correlated,0.15,1.5,constant,euclidean,0.011525,0.997325,0.000727438428093139,2.029814109209825,1.7199501139797033e-16,100.09264080255994,0.19364916731037085,7.644222728798677e-17,2.0,False
star,60,correlated,0.15,1.5,constant,laplacian,0.010575,0.0104,0.0012301761391497292,14.468400449740821,1.7199501139797033e-16,100.09264080255994,0.19364916731037085,7.644222728798677e-17,4.0,False
star,60,correlated,0.15,1.5,constant,mahalanobis,0.010425,0.9998750000000001,0.00012583057392116285,88.22378123253064,1.7199501139797033e-16,100.09264080255994,0.19364916731037085,7.644222728798677e-17,1.0,True
star,60,correlated,0.15,1.5,constant,max_abs,0.011825,0.265625,0.01056957110451193,0.5778083676496064,1.7199501139797033e-16,100.09264080255994,0.19364916731037085,7.644222728798677e-17,3.0,False
star,60,correlated,0.15,1.5,edge_bipolar,euclidean,0.011525,0.9996,8.164965809276361e-05,2.029814109209825,69.74999999999999,125.6362153791593,1.0606601717798212,31.0,4.0,False
star,60,correlated,0.15,1.5,edge_bipolar,laplacian,0.010575,0.999625,0.00014999999999999787,14.468400449740821,69.74999999999999,125.6362153791593,1.0606601717798212,31.0,3.0,False
star,60,correlated,0.15,1.5,edge_bipolar,mahalanobis,0.010425,1.0,0.0,88.22378123253064,69.74999999999999,125.6362153791593,1.0606601717798212,31.0,1.5,False
star,60,correlated,0.15,1.5,edge_bipolar,max_abs,0.011825,1.0,0.0,0.5778083676496064,69.74999999999999,125.6362153791593,1.0606601717798212,31.0,1.5,False
star,60,correlated,0.15,1.5,fiedler,euclidean,0.011525,0.9998750000000001,9.574271077560716e-05,2.029814109209825,2.25,102.96901563467358,1.1568842554426533,1.0,3.0,False
star,60,correlated,0.15,1.5,fiedler,laplacian,0.010575,0.019925,0.0025773047937719742,14.468400449740821,2.25,102.96901563467358,1.1568842554426533,1.0,4.0,False
star,60,correlated,0.15,1.5,fiedler,mahalanobis,0.010425,0.99995,5.773502691895622e-05,88.22378123253064,2.25,102.96901563467358,1.1568842554426533,1.0,1.0,True
star,60,correlated,0.15,1.5,fiedler,max_abs,0.011825,0.999925,4.999999999998833e-05,0.5778083676496064,2.25,102.96901563467358,1.1568842554426533,1.0,2.0,False
star,60,correlated,0.15,1.5,high_frequency,euclidean,0.011525,0.9996,0.00028284271247460747,2.029814109209825,135.00000000000006,147.54784179882927,1.4874474780643516,60.000000000000014,4.0,False
star,60,correlated,0.15,1.5,high_frequency,laplacian,0.010575,1.0,0.0,14.468400449740821,135.00000000000006,147.54784179882927,1.4874474780643516,60.000000000000014,2.0,False
star,60,correlated,0.15,1.5,high_frequency,mahalanobis,0.010425,1.0,0.0,88.22378123253064,135.00000000000006,147.54784179882927,1.4874474780643516,60.000000000000014,2.0,False
star,60,correlated,0.15,1.5,high_frequency,max_abs,0.011825,1.0,0.0,0.5778083676496064,135.00000000000006,147.54784179882927,1.4874474780643516,60.000000000000014,2.0,False
star,60,correlated,0.15,1.5,point,euclidean,0.011525,0.999825,9.574271077563292e-05,2.029814109209825,2.25,103.32242623918205,1.5,1.0,3.0,False
star,60,correlated,0.15,1.5,point,laplacian,0.010575,0.019950000000000002,0.0008582928793055814,14.468400449740821,2.25,103.32242623918205,1.5,1.0,4.0,False
star,60,correlated,0.15,1.5,point,mahalanobis,0.010425,0.9999750000000001,4.999999999998833e-05,88.22378123253064,2.25,103.32242623918205,1.5,1.0,2.0,False
star,60,correlated,0.15,1.5,point,max_abs,0.011825,1.0,0.0,0.5778083676496064,2.25,103.32242623918205,1.5,1.0,1.0,True
star,60,correlated,0.15,3.0,cluster,euclidean,0.011525,1.0,0.0,2.029814109209825,36.0,344.60490034160387,0.8660254037844387,3.999999999999999,2.0,False
star,60,correlated,0.15,3.0,cluster,laplacian,0.010575,0.978225,0.0026411802917130347,14.468400449740821,36.0,344.60490034160387,0.8660254037844387,3.999999999999999,4.0,False
star,60,correlated,0.15,3.0,cluster,mahalanobis,0.010425,1.0,0.0,88.22378123253064,36.0,344.60490034160387,0.8660254037844387,3.999999999999999,2.0,False
star,60,correlated,0.15,3.0,cluster,max_abs,0.011825,1.0,0.0,0.5778083676496064,36.0,344.60490034160387,0.8660254037844387,3.999999999999999,2.0,False
star,60,correlated,0.15,3.0,constant,euclidean,0.011525,1.0,0.0,2.029814109209825,6.879800455918813e-16,400.37056321023977,0.3872983346207417,7.644222728798677e-17,1.5,False
star,60,correlated,0.15,3.0,constant,laplacian,0.010575,0.010624999999999999,0.0013450526631573452,14.468400449740821,6.879800455918813e-16,400.37056321023977,0.3872983346207417,7.644222728798677e-17,4.0,False
star,60,correlated,0.15,3.0,constant,mahalanobis,0.010425,1.0,0.0,88.22378123253064,6.879800455918813e-16,400.37056321023977,0.3872983346207417,7.644222728798677e-17,1.5,False
star,60,correlated,0.15,3.0,constant,max_abs,0.011825,0.995975,0.0006075908711185956,0.5778083676496064,6.879800455918813e-16,400.37056321023977,0.3872983346207417,7.644222728798677e-17,3.0,False
star,60,correlated,0.15,3.0,edge_bipolar,euclidean,0.011525,1.0,0.0,2.029814109209825,278.99999999999994,502.5448615166374,2.1213203435596424,31.0,2.5,False
star,60,correlated,0.15,3.0,edge_bipolar,laplacian,0.010575,1.0,0.0,14.468400449740821,278.99999999999994,502.5448615166374,2.1213203435596424,31.0,2.5,False
star,60,correlated,0.15,3.0,edge_bipolar,mahalanobis,0.010425,1.0,0.0,88.22378123253064,278.99999999999994,502.5448615166374,2.1213203435596424,31.0,2.5,False
star,60,correlated,0.15,3.0,edge_bipolar,max_abs,0.011825,1.0,0.0,0.5778083676496064,278.99999999999994,502.5448615166374,2.1213203435596424,31.0,2.5,False
star,60,correlated,0.15,3.0,fiedler,euclidean,0.011525,1.0,0.0,2.029814109209825,9.0,411.8760625386943,2.3137685108853066,1.0,2.0,False
star,60,correlated,0.15,3.0,fiedler,laplacian,0.010575,0.155825,0.011477332733116463,14.468400449740821,9.0,411.8760625386943,2.3137685108853066,1.0,4.0,False
star,60,correlated,0.15,3.0,fiedler,mahalanobis,0.010425,1.0,0.0,88.22378123253064,9.0,411.8760625386943,2.3137685108853066,1.0,2.0,False
star,60,correlated,0.15,3.0,fiedler,max_abs,0.011825,1.0,0.0,0.5778083676496064,9.0,411.8760625386943,2.3137685108853066,1.0,2.0,False
star,60,correlated,0.15,3.0,high_frequency,euclidean,0.011525,1.0,0.0,2.029814109209825,540.0000000000002,590.1913671953171,2.9748949561287032,60.000000000000014,2.5,False
star,60,correlated,0.15,3.0,high_frequency,laplacian,0.010575,1.0,0.0,14.468400449740821,540.0000000000002,590.1913671953171,2.9748949561287032,60.000000000000014,2.5,False
star,60,correlated,0.15,3.0,high_frequency,mahalanobis,0.010425,1.0,0.0,88.22378123253064,540.0000000000002,590.1913671953171,2.9748949561287032,60.000000000000014,2.5,False
star,60,correlated,0.15,3.0,high_frequency,max_abs,0.011825,1.0,0.0,0.5778083676496064,540.0000000000002,590.1913671953171,2.9748949561287032,60.000000000000014,2.5,False
star,60,correlated,0.15,3.0,point,euclidean,0.011525,1.0,0.0,2.029814109209825,9.0,413.2897049567281,3.0,1.0,2.0,False
star,60,correlated,0.15,3.0,point,laplacian,0.010575,0.160925,0.01710952463785401,14.468400449740821,9.0,413.2897049567281,3.0,1.0,4.0,False
star,60,correlated,0.15,3.0,point,mahalanobis,0.010425,1.0,0.0,88.22378123253064,9.0,413.2897049567281,3.0,1.0,2.0,False
star,60,correlated,0.15,3.0,point,max_abs,0.011825,1.0,0.0,0.5778083676496064,9.0,413.2897049567281,3.0,1.0,2.0,False
star,60,correlated,0.3,0.75,cluster,euclidean,0.0092,0.0415,0.0025455844122715702,8.154821081763364,2.25,5.3844515678375595,0.21650635094610968,3.999999999999999,1.0,True
star,60,correlated,0.3,0.75,cluster,laplacian,0.0109,0.0203,0.002333809475228573,57.69695763100215,2.25,5.3844515678375595,0.21650635094610968,3.999999999999999,4.0,False
star,60,correlated,0.3,0.75,cluster,mahalanobis,0.009775,0.03465,0.001970617500514326,88.48928852088767,2.25,5.3844515678375595,0.21650635094610968,3.999999999999999,2.0,False
star,60,correlated,0.3,0.75,cluster,max_abs,0.009899999999999999,0.021975,0.003655475345286848,1.1656440382979074,2.25,5.3844515678375595,0.21650635094610968,3.999999999999999,3.0,False
star,60,correlated,0.3,0.75,constant,euclidean,0.0092,0.0488,0.004516635916254484,8.154821081763364,4.2998752849492583e-17,6.255790050159996,0.09682458365518543,7.644222728798677e-17,1.0,True
star,60,correlated,0.3,0.75,constant,laplacian,0.0109,0.01085,0.0004932882862316249,57.69695763100215,4.2998752849492583e-17,6.255790050159996,0.09682458365518543,7.644222728798677e-17,4.0,False
star,60,correlated,0.3,0.75,constant,mahalanobis,0.009775,0.040775,0.0026650515942472828,88.48928852088767,4.2998752849492583e-17,6.255790050159996,0.09682458365518543,7.644222728798677e-17,2.0,False
star,60,correlated,0.3,0.75,constant,max_abs,0.009899999999999999,0.01575,0.0022052966542697454,1.1656440382979074,4.2998752849492583e-17,6.255790050159996,0.09682458365518543,7.644222728798677e-17,3.0,False
star,60,correlated,0.3,0.75,edge_bipolar,euclidean,0.0092,0.039675,0.004920281157278174,8.154821081763364,17.437499999999996,7.852263461197464,0.5303300858899106,31.0,4.0,False
star,60,correlated,0.3,0.75,edge_bipolar,laplacian,0.0109,0.1397,0.0033555923471125073,57.69695763100215,17.437499999999996,7.852263461197464,0.5303300858899106,31.0,1.0,True
star,60,correlated,0.3,0.75,edge_bipolar,mahalanobis,0.009775,0.055224999999999996,0.0015173990905493512,88.48928852088767,17.437499999999996,7.852263461197464,0.5303300858899106,31.0,3.0,False
star,60,correlated,0.3,0.75,edge_bipolar,max_abs,0.009899999999999999,0.078275,0.004780080194585304,1.1656440382979074,17.437499999999996,7.852263461197464,0.5303300858899106,31.0,2.0,False
star,60,correlated,0.3,0.75,fiedler,euclidean,0.0092,0.0361,0.003007767721528154,8.154821081763364,0.5625,6.435563477167099,0.5784421277213266,1.0,3.0,False
star,60,correlated,0.3,0.75,fiedler,laplacian,0.0109,0.01125,0.0013723459233492602,57.69695763100215,0.5625,6.435563477167099,0.5784421277213266,1.0,4.0,False
star,60,correlated,0.3,0.75,fiedler,mahalanobis,0.009775,0.04345,0.0024772296354328297,88.48928852088767,0.5625,6.435563477167099,0.5784421277213266,1.0,1.0,True
star,60,correlated,0.3,0.75,fiedler,max_abs,0.009899999999999999,0.0365,0.003839270764090491,1.1656440382979074,0.5625,6.435563477167099,0.5784421277213266,1.0,2.0,False
star,60,correlated,0.3,0.75,high_frequency,euclidean,0.0092,0.042025,0.004201091128107872,8.154821081763364,33.750000000000014,9.22174011242683,0.7437237390321758,60.000000000000014,4.0,False
star,60,correlated,0.3,0.75,high_frequency,laplacian,0.0109,0.30122499999999997,0.010920126678141908,57.69695763100215,33.750000000000014,9.22174011242683,0.7437237390321758,60.000000000000014,1.0,True
star,60,correlated,0.3,0.75,high_frequency,mahalanobis,0.009775,0.06895,0.0021671794265050283,88.48928852088767,33.750000000000014,9.22174011242683,0.7437237390321758,60.000000000000014,3.0,False
star,60,correlated,0.3,0.75,high_frequency,max_abs,0.009899999999999999,0.154325,0.005532555166165702,1.1656440382979074,33.750000000000014,9.22174011242683,0.7437237390321758,60.000000000000014,2.0,False
star,60,correlated,0.3,0.75,point,euclidean,0.0092,0.0349,0.002081665999466134,8.154821081763364,0.5625,6.457651639948882,0.75,1.0,3.0,False
star,60,correlated,0.3,0.75,point,laplacian,0.0109,0.010875,0.0009069178573608531,57.69695763100215,0.5625,6.457651639948882,0.75,1.0,4.0,False
star,60,correlated,0.3,0.75,point,mahalanobis,0.009775,0.04115,0.0009183318209303937,88.48928852088767,0.5625,6.457651639948882,0.75,1.0,2.0,False
star,60,correlated,0.3,0.75,point,max_abs,0.009899999999999999,0.09085,0.006110373692882182,1.1656440382979074,0.5625,6.457651639948882,0.75,1.0,1.0,True
star,60,correlated,0.3,1.5,cluster,euclidean,0.0092,0.336825,0.014653412571820942,8.154821081763364,9.0,21.53780627135024,0.43301270189221935,3.999999999999999,1.0,True
star,60,correlated,0.3,1.5,cluster,laplacian,0.0109,0.060125,0.0025499999999999967,57.69695763100215,9.0,21.53780627135024,0.43301270189221935,3.999999999999999,4.0,False
star,60,correlated,0.3,1.5,cluster,mahalanobis,0.009775,0.299425,0.00956011680542313,88.48928852088767,9.0,21.53780627135024,0.43301270189221935,3.999999999999999,2.0,False
star,60,correlated,0.3,1.5,cluster,max_abs,0.009899999999999999,0.108075,0.009097389735523043,1.1656440382979074,9.0,21.53780627135024,0.43301270189221935,3.999999999999999,3.0,False
star,60,correlated,0.3,1.5,constant,euclidean,0.0092,0.33825,0.011982348128253781,8.154821081763364,1.7199501139797033e-16,25.023160200639985,0.19364916731037085,7.644222728798677e-17,2.0,False
star,60,correlated,0.3,1.5,constant,laplacian,0.0109,0.009975,0.0015628499608087785,57.69695763100215,1.7199501139797033e-16,25.023160200639985,0.19364916731037085,7.644222728798677e-17,4.0,False
star,60,correlated,0.3,1.5,constant,mahalanobis,0.009775,0.386,0.007242007088277848,88.48928852088767,1.7199501139797033e-16,25.023160200639985,0.19364916731037085,7.644222728798677e-17,1.0,True
star,60,correlated,0.3,1.5,constant,max_abs,0.009899999999999999,0.04075,0.007755643106796497,1.1656440382979074,1.7199501139797033e-16,25.023160200639985,0.19364916731037085,7.644222728798677e-17,3.0,False
star,60,correlated,0.3,1.5,edge_bipolar,euclidean,0.0092,0.331575,0.008130754372545455,8.154821081763364,69.74999999999999,31.40905384478985,1.0606601717798212,31.0,4.0,False
star,60,correlated,0.3,1.5,edge_bipolar,laplacian,0.0109,0.65295,0.008269018482665655,57.69695763100215,69.74999999999999,31.40905384478985,1.0606601717798212,31.0,1.0,True
star,60,correlated,0.3,1.5,edge_bipolar,mahalanobis,0.009775,0.55445,0.010499682534883304,88.48928852088767,69.74999999999999,31.40905384478985,1.0606601717798212,31.0,3.0,False
star,60,correlated,0.3,1.5,edge_bipolar,max_abs,0.009899999999999999,0.6353,0.015357517160444045,1.1656440382979074,69.74999999999999,31.40905384478985,1.0606601717798212,31.0,2.0,False
star,60,correlated,0.3,1.5,fiedler,euclidean,0.0092,0.33115,0.011012265888544487,8.154821081763364,2.25,25.742253908668395,1.1568842554426533,1.0,3.0,False
star,60,correlated,0.3,1.5,fiedler,laplacian,0.0109,0.013025,0.0007365459931328117,57.69695763100215,2.25,25.742253908668395,1.1568842554426533,1.0,4.0,False
star,60,correlated,0.3,1.5,fiedler,mahalanobis,0.009775,0.4044,0.006895409100747147,88.48928852088767,2.25,25.742253908668395,1.1568842554426533,1.0,2.0,False
star,60,correlated,0.3,1.5,fiedler,max_abs,0.009899999999999999,0.512625,0.021807089825711876,1.1656440382979074,2.25,25.742253908668395,1.1568842554426533,1.0,1.0,True
star,60,correlated,0.3,1.5,high_frequency,euclidean,0.0092,0.331175,0.009815421539597767,8.154821081763364,135.00000000000006,36.88696044970732,1.4874474780643516,60.000000000000014,4.0,False
star,60,correlated,0.3,1.5,high_frequency,laplacian,0.0109,0.937725,0.003650913127789602,57.69695763100215,135.00000000000006,36.88696044970732,1.4874474780643516,60.000000000000014,1.0,True
star,60,correlated,0.3,1.5,high_frequency,mahalanobis,0.009775,0.68335,0.0034151622704248247,88.48928852088767,135.00000000000006,36.88696044970732,1.4874474780643516,60.000000000000014,3.0,False
star,60,correlated,0.3,1.5,high_frequency,max_abs,0.009899999999999999,0.7855,0.010461676092609,1.1656440382979074,135.00000000000006,36.88696044970732,1.4874474780643516,60.000000000000014,2.0,False
star,60,correlated,0.3,1.5,point,euclidean,0.0092,0.34099999999999997,0.017951230227108858,8.154821081763364,2.25,25.830606559795555,1.5,1.0,3.0,False
star,60,correlated,0.3,1.5,point,laplacian,0.0109,0.01335,0.0011958260743101397,57.69695763100215,2.25,25.830606559795555,1.5,1.0,4.0,False
star,60,correlated,0.3,1.5,point,mahalanobis,0.009775,0.4149,0.005192943930629977,88.48928852088767,2.25,25.830606559795555,1.5,1.0,2.0,False
star,60,correlated,0.3,1.5,point,max_abs,0.009899999999999999,0.8719250000000001,0.00809665568820442,1.1656440382979074,2.25,25.830606559795555,1.5,1.0,1.0,True
star,60,correlated,0.3,3.0,cluster,euclidean,0.0092,0.998875,0.00027537852736428934,8.154821081763364,36.0,86.15122508540097,0.8660254037844387,3.999999999999999,1.0,True
star,60,correlated,0.3,3.0,cluster,laplacian,0.0109,0.31535,0.008096295449154505,57.69695763100215,36.0,86.15122508540097,0.8660254037844387,3.999999999999999,4.0,False
star,60,correlated,0.3,3.0,cluster,mahalanobis,0.009775,0.99855,0.0004795831523312513,88.48928852088767,36.0,86.15122508540097,0.8660254037844387,3.999999999999999,2.0,False
star,60,correlated,0.3,3.0,cluster,max_abs,0.009899999999999999,0.8557,0.013284326604436293,1.1656440382979074,36.0,86.15122508540097,0.8660254037844387,3.999999999999999,3.0,False
star,60,correlated,0.3,3.0,constant,euclidean,0.0092,0.996775,0.0005560275772537285,8.154821081763364,6.879800455918813e-16,100.09264080255994,0.3872983346207417,7.644222728798677e-17,2.0,False
star,60,correlated,0.3,3.0,constant,laplacian,0.0109,0.010525,0.00018929694486000942,57.69695763100215,6.879800455918813e-16,100.09264080255994,0.3872983346207417,7.644222728798677e-17,4.0,False
star,60,correlated,0.3,3.0,constant,mahalanobis,0.009775,0.9999,8.164965809276361e-05,88.48928852088767,6.879800455918813e-16,100.09264080255994,0.3872983346207417,7.644222728798677e-17,1.0,True
star,60,correlated,0.3,3.0,constant,max_abs,0.009899999999999999,0.248075,0.01964219522694278,1.1656440382979074,6.879800455918813e-16,100.09264080255994,0.3872983346207417,7.644222728798677e-17,3.0,False
star,60,correlated,0.3,3.0,edge_bipolar,euclidean,0.0092,0.9998,0.00023094010767582486,8.154821081763364,278.99999999999994,125.6362153791593,2.1213203435596424,31.0,3.0,False
star,60,correlated,0.3,3.0,edge_bipolar,laplacian,0.0109,0.9995750000000001,9.574271077560716e-05,57.69695763100215,278.99999999999994,125.6362153791593,2.1213203435596424,31.0,4.0,False
star,60,correlated,0.3,3.0,edge_bipolar,mahalanobis,0.009775,1.0,0.0,88.48928852088767,278.99999999999994,125.6362153791593,2.1213203435596424,31.0,1.5,False
star,60,correlated,0.3,3.0,edge_bipolar,max_abs,0.009899999999999999,1.0,0.0,1.1656440382979074,278.99999999999994,125.6362153791593,2.1213203435596424,31.0,1.5,False
star,60,correlated,0.3,3.0,fiedler,euclidean,0.0092,0.9998,0.00014142135623729395,8.154821081763364,9.0,102.96901563467358,2.3137685108853066,1.0,3.0,False
star,60,correlated,0.3,3.0,fiedler,laplacian,0.0109,0.019525,0.0015261607604268516,57.69695763100215,9.0,102.96901563467358,2.3137685108853066,1.0,4.0,False
star,60,correlated,0.3,3.0,fiedler,mahalanobis,0.009775,0.9999750000000001,5.000000000001299e-05,88.48928852088767,9.0,102.96901563467358,2.3137685108853066,1.0,1.0,True
star,60,correlated,0.3,3.0,fiedler,max_abs,0.009899999999999999,0.99995,5.7735026918956215e-05,1.1656440382979074,9.0,102.96901563467358,2.3137685108853066,1.0,2.0,False
star,60,correlated,0.3,3.0,high_frequency,euclidean,0.0092,0.9995499999999999,0.00019148542155133673,8.154821081763364,540.0000000000002,147.54784179882927,2.9748949561287032,60.000000000000014,4.0,False
star,60,correlated,0.3,3.0,high_frequency,laplacian,0.0109,1.0,0.0,57.69695763100215,540.0000000000002,147.54784179882927,2.9748949561287032,60.000000000000014,2.0,False
star,60,correlated,0.3,3.0,high_frequency,mahalanobis,0.009775,1.0,0.0,88.48928852088767,540.0000000000002,147.54784179882927,2.9748949561287032,60.000000000000014,2.0,False
star,60,correlated,0.3,3.0,high_frequency,max_abs,0.009899999999999999,1.0,0.0,1.1656440382979074,540.0000000000002,147.54784179882927,2.9748949561287032,60.000000000000014,2.0,False
star,60,correlated,0.3,3.0,point,euclidean,0.0092,0.99975,5.7735026918956215e-05,8.154821081763364,9.0,103.32242623918228,3.0,1.0,3.0,False
star,60,correlated,0.3,3.0,point,laplacian,0.0109,0.020874999999999998,0.001913765920900463,57.69695763100215,9.0,103.32242623918228,3.0,1.0,4.0,False
star,60,correlated,0.3,3.0,point,mahalanobis,0.009775,0.9999,8.164965809276361e-05,88.48928852088767,9.0,103.32242623918228,3.0,1.0,2.0,False
star,60,correlated,0.3,3.0,point,max_abs,0.009899999999999999,1.0,0.0,1.1656440382979074,9.0,103.32242623918228,3.0,1.0,1.0,True
star,60,iid,0.15,0.75,cluster,euclidean,0.010175,0.399525,0.021108825168635024,1.9790205388074509,2.25,25.0,0.21650635094610968,3.999999999999999,1.5,False
star,60,iid,0.15,0.75,cluster,laplacian,0.00975,0.0887,0.007355270219373321,10.252094875189545,2.25,25.0,0.21650635094610968,3.999999999999999,4.0,False
star,60,iid,0.15,0.75,cluster,mahalanobis,0.010175,0.399525,0.021108825168635024,87.95646839144227,2.25,25.0,0.21650635094610968,3.999999999999999,1.5,False
star,60,iid,0.15,0.75,cluster,max_abs,0.010425,0.127,0.008130600633819547,0.5628363300178694,2.25,25.0,0.21650635094610968,3.999999999999999,3.0,False
star,60,iid,0.15,0.75,constant,euclidean,0.010175,0.399275,0.02359412003021094,1.9790205388074509,4.2998752849492583e-17,25.000000000000014,0.09682458365518543,7.644222728798677e-17,1.5,False
star,60,iid,0.15,0.75,constant,laplacian,0.00975,0.01005,0.001103026140518286,10.252094875189545,4.2998752849492583e-17,25.000000000000014,0.09682458365518543,7.644222728798677e-17,4.0,False
star,60,iid,0.15,0.75,constant,mahalanobis,0.010175,0.399275,0.02359412003021094,87.95646839144227,4.2998752849492583e-17,25.000000000000014,0.09682458365518543,7.644222728798677e-17,1.5,False
star,60,iid,0.15,0.75,constant,max_abs,0.010425,0.057325,0.007401520114138718,0.5628363300178694,4.2998752849492583e-17,25.000000000000014,0.09682458365518543,7.644222728798677e-17,3.0,False
star,60,iid,0.15,0.75,edge_bipolar,euclidean,0.010175,0.400575,0.01867482708532173,1.9790205388074509,17.437499999999996,24.999999999999996,0.5303300858899106,31.0,3.5,False
star,60,iid,0.15,0.75,edge_bipolar,laplacian,0.00975,0.8491500000000001,0.008788060081724489,10.252094875189545,17.437499999999996,24.999999999999996,0.5303300858899106,31.0,1.0,True
star,60,iid,0.15,0.75,edge_bipolar,mahalanobis,0.010175,0.400575,0.01867482708532173,87.95646839144227,17.437499999999996,24.999999999999996,0.5303300858899106,31.0,3.5,False
star,60,iid,0.15,0.75,edge_bipolar,max_abs,0.010425,0.660925,0.012930938352133116,0.5628363300178694,17.437499999999996,24.999999999999996,0.5303300858899106,31.0,2.0,False
star,60,iid,0.15,0.75,fiedler,euclidean,0.010175,0.395975,0.02279830037524725,1.9790205388074509,0.5625,25.000000000000004,0.5784421277213266,1.0,2.5,False
star,60,iid,0.15,0.75,fiedler,laplacian,0.00975,0.012575,0.0011236102527122111,10.252094875189545,0.5625,25.000000000000004,0.5784421277213266,1.0,4.0,False
star,60,iid,0.15,0.75,fiedler,mahalanobis,0.010175,0.395975,0.02279830037524725,87.95646839144227,0.5625,25.000000000000004,0.5784421277213266,1.0,2.5,False
star,60,iid,0.15,0.75,fiedler,max_abs,0.010425,0.5675749999999999,0.011457857565880239,0.5628363300178694,0.5625,25.000000000000004,0.5784421277213266,1.0,1.0,True
star,60,iid,0.15,0.75,high_frequency,euclidean,0.010175,0.400525,0.014922550050175738,1.9790205388074509,33.750000000000014,24.999999999999975,0.7437237390321758,60.000000000000014,3.5,False
star,60,iid,0.15,0.75,high_frequency,laplacian,0.00975,0.991725,0.0010404326023342179,10.252094875189545,33.750000000000014,24.999999999999975,0.7437237390321758,60.000000000000014,1.0,True
star,60,iid,0.15,0.75,high_frequency,mahalanobis,0.010175,0.400525,0.014922550050175738,87.95646839144227,33.750000000000014,24.999999999999975,0.7437237390321758,60.000000000000014,3.5,False
star,60,iid,0.15,0.75,high_frequency,max_abs,0.010425,0.888725,0.0015966109941581619,0.5628363300178694,33.750000000000014,24.999999999999975,0.7437237390321758,60.000000000000014,2.0,False
star,60,iid,0.15,0.75,point,euclidean,0.010175,0.39925,0.017220433598877014,1.9790205388074509,0.5625,24.999999999999996,0.75,1.0,2.5,False
star,60,iid,0.15,0.75,point,laplacian,0.00975,0.014425,0.0016800297616411449,10.252094875189545,0.5625,24.999999999999996,0.75,1.0,4.0,False
star,60,iid,0.15,0.75,point,mahalanobis,0.010175,0.39925,0.017220433598877014,87.95646839144227,0.5625,24.999999999999996,0.75,1.0,2.5,False
star,60,iid,0.15,0.75,point,max_abs,0.010425,0.8956500000000001,0.0017136705245369406,0.5628363300178694,0.5625,24.999999999999996,0.75,1.0,1.0,True
star,60,iid,0.15,1.5,cluster,euclidean,0.010175,0.999825,0.00014999999999999787,1.9790205388074509,9.0,100.0,0.43301270189221935,3.999999999999999,1.5,False
star,60,iid,0.15,1.5,cluster,laplacian,0.00975,0.49970000000000003,0.01707864163216736,10.252094875189545,9.0,100.0,0.43301270189221935,3.999999999999999,4.0,False
star,60,iid,0.15,1.5,cluster,mahalanobis,0.010175,0.999825,0.00014999999999999787,87.95646839144227,9.0,100.0,0.43301270189221935,3.999999999999999,1.5,False
star,60,iid,0.15,1.5,cluster,max_abs,0.010425,0.9245,0.009603124491539225,0.5628363300178694,9.0,100.0,0.43301270189221935,3.999999999999999,3.0,False
star,60,iid,0.15,1.5,constant,euclidean,0.010175,0.999825,9.574271077563292e-05,1.9790205388074509,1.7199501139797033e-16,100.00000000000006,0.19364916731037085,7.644222728798677e-17,1.5,False
star,60,iid,0.15,1.5,constant,laplacian,0.00975,0.009825,0.002692427653005122,10.252094875189545,1.7199501139797033e-16,100.00000000000006,0.19364916731037085,7.644222728798677e-17,4.0,False
star,60,iid,0.15,1.5,constant,mahalanobis,0.010175,0.999825,9.574271077563292e-05,87.95646839144227,1.7199501139797033e-16,100.00000000000006,0.19364916731037085,7.644222728798677e-17,1.5,False
star,60,iid,0.15,1.5,constant,max_abs,0.010425,0.34197500000000003,0.016858306557896042,0.5628363300178694,1.7199501139797033e-16,100.00000000000006,0.19364916731037085,7.644222728798677e-17,3.0,False
star,60,iid,0.15,1.5,edge_bipolar,euclidean,0.010175,0.9999,0.0,1.9790205388074509,69.74999999999999,99.99999999999999,1.0606601717798212,31.0,3.5,False
star,60,iid,0.15,1.5,edge_bipolar,laplacian,0.00975,1.0,0.0,10.252094875189545,69.74999999999999,99.99999999999999,1.0606601717798212,31.0,1.5,False
star,60,iid,0.15,1.5,edge_bipolar,mahalanobis,0.010175,0.9999,0.0,87.95646839144227,69.74999999999999,99.99999999999999,1.0606601717798212,31.0,3.5,False
star,60,iid,0.15,1.5,edge_bipolar,max_abs,0.010425,1.0,0.0,0.5628363300178694,69.74999999999999,99.99999999999999,1.0606601717798212,31.0,1.5,False
star,60,iid,0.15,1.5,fiedler,euclidean,0.010175,0.9998750000000001,0.00012583057392116285,1.9790205388074509,2.25,100.00000000000001,1.1568842554426533,1.0,2.5,False
star,60,iid,0.15,1.5,fiedler,laplacian,0.00975,0.027200000000000002,0.004759551799627075,10.252094875189545,2.25,100.00000000000001,1.1568842554426533,1.0,4.0,False
star,60,iid,0.15,1.5,fiedler,mahalanobis,0.010175,0.9998750000000001,0.00012583057392116285,87.95646839144227,2.25,100.00000000000001,1.1568842554426533,1.0,2.5,False
star,60,iid,0.15,1.5,fiedler,max_abs,0.010425,0.99995,9.999999999998899e-05,0.5628363300178694,2.25,100.00000000000001,1.1568842554426533,1.0,1.0,True
star,60,iid,0.15,1.5,high_frequency,euclidean,0.010175,0.999925,4.999999999998833e-05,1.9790205388074509,135.00000000000006,99.9999999999999,1.4874474780643516,60.000000000000014,3.5,False
star,60,iid,0.15,1.5,high_frequency,laplacian,0.00975,1.0,0.0,10.252094875189545,135.00000000000006,99.9999999999999,1.4874474780643516,60.000000000000014,1.5,False
star,60,iid,0.15,1.5,high_frequency,mahalanobis,0.010175,0.999925,4.999999999998833e-05,87.95646839144227,135.00000000000006,99.9999999999999,1.4874474780643516,60.000000000000014,3.5,False
star,60,iid,0.15,1.5,high_frequency,max_abs,0.010425,1.0,0.0,0.5628363300178694,135.00000000000006,99.9999999999999,1.4874474780643516,60.000000000000014,1.5,False
star,60,iid,0.15,1.5,point,euclidean,0.010175,0.99995,5.773502691895622e-05,1.9790205388074509,2.25,99.99999999999999,1.5,1.0,2.5,False
star,60,iid,0.15,1.5,point,laplacian,0.00975,0.028375,0.003972719471596254,10.252094875189545,2.25,99.99999999999999,1.5,1.0,4.0,False
star,60,iid,0.15,1.5,point,mahalanobis,0.010175,0.99995,5.773502691895622e-05,87.95646839144227,2.25,99.99999999999999,1.5,1.0,2.5,False
star,60,iid,0.15,1.5,point,max_abs,0.010425,1.0,0.0,0.5628363300178694,2.25,99.99999999999999,1.5,1.0,1.0,True
star,60,iid,0.15,3.0,cluster,euclidean,0.010175,1.0,0.0,1.9790205388074509,36.0,400.0,0.8660254037844387,3.999999999999999,2.0,False
star,60,iid,0.15,3.0,cluster,laplacian,0.00975,0.9993,0.0002708012801545614,10.252094875189545,36.0,400.0,0.8660254037844387,3.999999999999999,4.0,False
star,60,iid,0.15,3.0,cluster,mahalanobis,0.010175,1.0,0.0,87.95646839144227,36.0,400.0,0.8660254037844387,3.999999999999999,2.0,False
star,60,iid,0.15,3.0,cluster,max_abs,0.010425,1.0,0.0,0.5628363300178694,36.0,400.0,0.8660254037844387,3.999999999999999,2.0,False
star,60,iid,0.15,3.0,constant,euclidean,0.010175,1.0,0.0,1.9790205388074509,6.879800455918813e-16,400.0000000000002,0.3872983346207417,7.644222728798677e-17,1.5,False
star,60,iid,0.15,3.0,constant,laplacian,0.00975,0.01015,0.0010472185381603342,10.252094875189545,6.879800455918813e-16,400.0000000000002,0.3872983346207417,7.644222728798677e-17,4.0,False
star,60,iid,0.15,3.0,constant,mahalanobis,0.010175,1.0,0.0,87.95646839144227,6.879800455918813e-16,400.0000000000002,0.3872983346207417,7.644222728798677e-17,1.5,False
star,60,iid,0.15,3.0,constant,max_abs,0.010425,0.999425,0.0005251983752195891,0.5628363300178694,6.879800455918813e-16,400.0000000000002,0.3872983346207417,7.644222728798677e-17,3.0,False
star,60,iid,0.15,3.0,edge_bipolar,euclidean,0.010175,1.0,0.0,1.9790205388074509,278.99999999999994,399.99999999999994,2.1213203435596424,31.0,2.5,False
star,60,iid,0.15,3.0,edge_bipolar,laplacian,0.00975,1.0,0.0,10.252094875189545,278.99999999999994,399.99999999999994,2.1213203435596424,31.0,2.5,False
star,60,iid,0.15,3.0,edge_bipolar,mahalanobis,0.010175,1.0,0.0,87.95646839144227,278.99999999999994,399.99999999999994,2.1213203435596424,31.0,2.5,False
star,60,iid,0.15,3.0,edge_bipolar,max_abs,0.010425,1.0,0.0,0.5628363300178694,278.99999999999994,399.99999999999994,2.1213203435596424,31.0,2.5,False
star,60,iid,0.15,3.0,fiedler,euclidean,0.010175,1.0,0.0,1.9790205388074509,9.0,400.00000000000006,2.3137685108853066,1.0,2.0,False
star,60,iid,0.15,3.0,fiedler,laplacian,0.00975,0.761675,0.05862373666016182,10.252094875189545,9.0,400.00000000000006,2.3137685108853066,1.0,4.0,False
star,60,iid,0.15,3.0,fiedler,mahalanobis,0.010175,1.0,0.0,87.95646839144227,9.0,400.00000000000006,2.3137685108853066,1.0,2.0,False
star,60,iid,0.15,3.0,fiedler,max_abs,0.010425,1.0,0.0,0.5628363300178694,9.0,400.00000000000006,2.3137685108853066,1.0,2.0,False
star,60,iid,0.15,3.0,high_frequency,euclidean,0.010175,1.0,0.0,1.9790205388074509,540.0000000000002,399.9999999999996,2.9748949561287032,60.000000000000014,2.5,False
star,60,iid,0.15,3.0,high_frequency,laplacian,0.00975,1.0,0.0,10.252094875189545,540.0000000000002,399.9999999999996,2.9748949561287032,60.000000000000014,2.5,False
star,60,iid,0.15,3.0,high_frequency,mahalanobis,0.010175,1.0,0.0,87.95646839144227,540.0000000000002,399.9999999999996,2.9748949561287032,60.000000000000014,2.5,False
star,60,iid,0.15,3.0,high_frequency,max_abs,0.010425,1.0,0.0,0.5628363300178694,540.0000000000002,399.9999999999996,2.9748949561287032,60.000000000000014,2.5,False
star,60,iid,0.15,3.0,point,euclidean,0.010175,1.0,0.0,1.9790205388074509,9.0,399.99999999999994,3.0,1.0,2.0,False
star,60,iid,0.15,3.0,point,laplacian,0.00975,0.73825,0.06811585718465267,10.252094875189545,9.0,399.99999999999994,3.0,1.0,4.0,False
star,60,iid,0.15,3.0,point,mahalanobis,0.010175,1.0,0.0,87.95646839144227,9.0,399.99999999999994,3.0,1.0,2.0,False
star,60,iid,0.15,3.0,point,max_abs,0.010425,1.0,0.0,0.5628363300178694,9.0,399.99999999999994,3.0,1.0,2.0,False
star,60,iid,0.3,0.75,cluster,euclidean,0.01105,0.04695,0.002444722206441184,7.893835187638835,2.25,6.25,0.21650635094610968,3.999999999999999,1.5,False
star,60,iid,0.3,0.75,cluster,laplacian,0.01165,0.025775,0.0023257615240317876,40.36993155485147,2.25,6.25,0.21650635094610968,3.999999999999999,3.0,False
star,60,iid,0.3,0.75,cluster,mahalanobis,0.01105,0.04695,0.002444722206441184,87.70927986265372,2.25,6.25,0.21650635094610968,3.999999999999999,1.5,False
star,60,iid,0.3,0.75,cluster,max_abs,0.010425,0.0225,0.0023338094752285744,1.1263411856268553,2.25,6.25,0.21650635094610968,3.999999999999999,4.0,False
star,60,iid,0.3,0.75,constant,euclidean,0.01105,0.046925,0.004772403307908222,7.893835187638835,4.2998752849492583e-17,6.2500000000000036,0.09682458365518543,7.644222728798677e-17,1.5,False
star,60,iid,0.3,0.75,constant,laplacian,0.01165,0.01085,0.0017860571099491747,40.36993155485147,4.2998752849492583e-17,6.2500000000000036,0.09682458365518543,7.644222728798677e-17,4.0,False
star,60,iid,0.3,0.75,constant,mahalanobis,0.01105,0.046925,0.004772403307908222,87.70927986265372,4.2998752849492583e-17,6.2500000000000036,0.09682458365518543,7.644222728798677e-17,1.5,False
star,60,iid,0.3,0.75,constant,max_abs,0.010425,0.019125,0.0016520189667999187,1.1263411856268553,4.2998752849492583e-17,6.2500000000000036,0.09682458365518543,7.644222728798677e-17,3.0,False
star,60,iid,0.3,0.75,edge_bipolar,euclidean,0.01105,0.045399999999999996,0.0040431011200150165,7.893835187638835,17.437499999999996,6.249999999999999,0.5303300858899106,31.0,3.5,False
star,60,iid,0.3,0.75,edge_bipolar,laplacian,0.01165,0.2265,0.008730788433278324,40.36993155485147,17.437499999999996,6.249999999999999,0.5303300858899106,31.0,1.0,True
star,60,iid,0.3,0.75,edge_bipolar,mahalanobis,0.01105,0.045399999999999996,0.0040431011200150165,87.70927986265372,17.437499999999996,6.249999999999999,0.5303300858899106,31.0,3.5,False
star,60,iid,0.3,0.75,edge_bipolar,max_abs,0.010425,0.055,0.005086583660310067,1.1263411856268553,17.437499999999996,6.249999999999999,0.5303300858899106,31.0,2.0,False
star,60,iid,0.3,0.75,fiedler,euclidean,0.01105,0.046125,0.0037553295461250817,7.893835187638835,0.5625,6.250000000000001,0.5784421277213266,1.0,2.5,False
star,60,iid,0.3,0.75,fiedler,laplacian,0.01165,0.011625,0.0008958236433584456,40.36993155485147,0.5625,6.250000000000001,0.5784421277213266,1.0,4.0,False
star,60,iid,0.3,0.75,fiedler,mahalanobis,0.01105,0.046125,0.0037553295461250817,87.70927986265372,0.5625,6.250000000000001,0.5784421277213266,1.0,2.5,False
star,60,iid,0.3,0.75,fiedler,max_abs,0.010425,0.047475,0.0041796132197449406,1.1263411856268553,0.5625,6.250000000000001,0.5784421277213266,1.0,1.0,True
star,60,iid,0.3,0.75,high_frequency,euclidean,0.01105,0.047099999999999996,0.004096339829652809,7.893835187638835,33.750000000000014,6.249999999999994,0.7437237390321758,60.000000000000014,3.5,False
star,60,iid,0.3,0.75,high_frequency,laplacian,0.01165,0.480825,0.004401798874702639,40.36993155485147,33.750000000000014,6.249999999999994,0.7437237390321758,60.000000000000014,1.0,True
star,60,iid,0.3,0.75,high_frequency,mahalanobis,0.01105,0.047099999999999996,0.004096339829652809,87.70927986265372,33.750000000000014,6.249999999999994,0.7437237390321758,60.000000000000014,3.5,False
star,60,iid,0.3,0.75,high_frequency,max_abs,0.010425,0.109725,0.006315259297922772,1.1263411856268553,33.750000000000014,6.249999999999994,0.7437237390321758,60.000000000000014,2.0,False
star,60,iid,0.3,0.75,point,euclidean,0.01105,0.046924999999999994,0.004085237651185873,7.893835187638835,0.5625,6.249999999999999,0.75,1.0,2.5,False
star,60,iid,0.3,0.75,point,laplacian,0.01165,0.01115,0.001360147050873544,40.36993155485147,0.5625,6.249999999999999,0.75,1.0,4.0,False
star,60,iid,0.3,0.75,point,mahalanobis,0.01105,0.046924999999999994,0.004085237651185873,87.70927986265372,0.5625,6.249999999999999,0.75,1.0,2.5,False
star,60,iid,0.3,0.75,point,max_abs,0.010425,0.1151,0.005392587505085107,1.1263411856268553,0.5625,6.249999999999999,0.75,1.0,1.0,True
star,60,iid,0.3,1.5,cluster,euclidean,0.01105,0.409075,0.009695488641631202,7.893835187638835,9.0,25.0,0.43301270189221935,3.999999999999999,1.5,False
star,60,iid,0.3,1.5,cluster,laplacian,0.01165,0.0914,0.0022553639765383097,40.36993155485147,9.0,25.0,0.43301270189221935,3.999999999999999,4.0,False
star,60,iid,0.3,1.5,cluster,mahalanobis,0.01105,0.409075,0.009695488641631202,87.70927986265372,9.0,25.0,0.43301270189221935,3.999999999999999,1.5,False
star,60,iid,0.3,1.5,cluster,max_abs,0.010425,0.12714999999999999,0.007938303765078949,1.1263411856268553,9.0,25.0,0.43301270189221935,3.999999999999999,3.0,False
star,60,iid,0.3,1.5,constant,euclidean,0.01105,0.407875,0.012658955986441655,7.893835187638835,1.7199501139797033e-16,25.000000000000014,0.19364916731037085,7.644222728798677e-17,1.5,False
star,60,iid,0.3,1.5,constant,laplacian,0.01165,0.011175000000000001,0.0007274384280931728,40.36993155485147,1.7199501139797033e-16,25.000000000000014,0.19364916731037085,7.644222728798677e-17,4.0,False
star,60,iid,0.3,1.5,constant,mahalanobis,0.01105,0.407875,0.012658955986441655,87.70927986265372,1.7199501139797033e-16,25.000000000000014,0.19364916731037085,7.644222728798677e-17,1.5,False
star,60,iid,0.3,1.5,constant,max_abs,0.010425,0.054525000000000004,0.005940468556155033,1.1263411856268553,1.7199501139797033e-16,25.000000000000014,0.19364916731037085,7.644222728798677e-17,3.0,False
star,60,iid,0.3,1.5,edge_bipolar,euclidean,0.01105,0.40765,0.014762452370795332,7.893835187638835,69.74999999999999,24.999999999999996,1.0606601717798212,31.0,3.5,False
star,60,iid,0.3,1.5,edge_bipolar,laplacian,0.01165,0.85335,0.005992495306631475,40.36993155485147,69.74999999999999,24.999999999999996,1.0606601717798212,31.0,1.0,True
star,60,iid,0.3,1.5,edge_bipolar,mahalanobis,0.01105,0.40765,0.014762452370795332,87.70927986265372,69.74999999999999,24.999999999999996,1.0606601717798212,31.0,3.5,False
star,60,iid,0.3,1.5,edge_bipolar,max_abs,0.010425,0.66305,0.013331791577528746,1.1263411856268553,69.74999999999999,24.999999999999996,1.0606601717798212,31.0,2.0,False
star,60,iid,0.3,1.5,fiedler,euclidean,0.01105,0.402675,0.014057352761692595,7.893835187638835,2.25,25.000000000000004,1.1568842554426533,1.0,2.5,False
star,60,iid,0.3,1.5,fiedler,laplacian,0.01165,0.013,0.0015513435037626793,40.36993155485147,2.25,25.000000000000004,1.1568842554426533,1.0,4.0,False
star,60,iid,0.3,1.5,fiedler,mahalanobis,0.01105,0.402675,0.014057352761692595,87.70927986265372,2.25,25.000000000000004,1.1568842554426533,1.0,2.5,False
star,60,iid,0.3,1.5,fiedler,max_abs,0.010425,0.5659,0.013942979117343098,1.1263411856268553,2.25,25.000000000000004,1.1568842554426533,1.0,1.0,True
star,60,iid,0.3,1.5,high_frequency,euclidean,0.01105,0.406425,0.008760279675900751,7.893835187638835,135.00000000000006,24.999999999999975,1.4874474780643516,60.000000000000014,3.5,False
star,60,iid,0.3,1.5,high_frequency,laplacian,0.01165,0.99285,0.000704745817062189,40.36993155485147,135.00000000000006,24.999999999999975,1.4874474780643516,60.000000000000014,1.0,True
star,60,iid,0.3,1.5,high_frequency,mahalanobis,0.01105,0.406425,0.008760279675900751,87.70927986265372,135.00000000000006,24.999999999999975,1.4874474780643516,60.000000000000014,3.5,False
star,60,iid,0.3,1.5,high_frequency,max_abs,0.010425,0.886525,0.00559903265454544,1.1263411856268553,135.00000000000006,24.999999999999975,1.4874474780643516,60.000000000000014,2.0,False
star,60,iid,0.3,1.5,point,euclidean,0.01105,0.408525,0.011435143199802959,7.893835187638835,2.25,24.999999999999996,1.5,1.0,2.5,False
star,60,iid,0.3,1.5,point,laplacian,0.01165,0.013775,0.0011870832602082575,40.36993155485147,2.25,24.999999999999996,1.5,1.0,4.0,False
star,60,iid,0.3,1.5,point,mahalanobis,0.01105,0.408525,0.011435143199802959,87.70927986265372,2.25,24.999999999999996,1.5,1.0,2.5,False
star,60,iid,0.3,1.5,point,max_abs,0.010425,0.895375,0.004763314672228427,1.1263411856268553,2.25,24.999999999999996,1.5,1.0,1.0,True
star,60,iid,0.3,3.0,cluster,euclidean,0.01105,0.9998750000000001,4.999999999998833e-05,7.893835187638835,36.0,100.0,0.8660254037844387,3.999999999999999,1.5,False
star,60,iid,0.3,3.0,cluster,laplacian,0.01165,0.512375,0.008727494867753672,40.36993155485147,36.0,100.0,0.8660254037844387,3.999999999999999,4.0,False
star,60,iid,0.3,3.0,cluster,mahalanobis,0.01105,0.9998750000000001,4.999999999998833e-05,87.70927986265372,36.0,100.0,0.8660254037844387,3.999999999999999,1.5,False
star,60,iid,0.3,3.0,cluster,max_abs,0.010425,0.9217500000000001,0.0063321928797744455,1.1263411856268553,36.0,100.0,0.8660254037844387,3.999999999999999,3.0,False
star,60,iid,0.3,3.0,constant,euclidean,0.01105,0.9999,8.164965809276361e-05,7.893835187638835,6.879800455918813e-16,100.00000000000006,0.3872983346207417,7.644222728798677e-17,1.5,False
star,60,iid,0.3,3.0,constant,laplacian,0.01165,0.01105,0.0007852812659593162,40.36993155485147,6.879800455918813e-16,100.00000000000006,0.3872983346207417,7.644222728798677e-17,4.0,False
star,60,iid,0.3,3.0,constant,mahalanobis,0.01105,0.9999,8.164965809276361e-05,87.70927986265372,6.879800455918813e-16,100.00000000000006,0.3872983346207417,7.644222728798677e-17,1.5,False
star,60,iid,0.3,3.0,constant,max_abs,0.010425,0.3406,0.017235041823757406,1.1263411856268553,6.879800455918813e-16,100.00000000000006,0.3872983346207417,7.644222728798677e-17,3.0,False
star,60,iid,0.3,3.0,edge_bipolar,euclidean,0.01105,0.9999,0.00011547005383791243,7.893835187638835,278.99999999999994,99.99999999999999,2.1213203435596424,31.0,3.5,False
star,60,iid,0.3,3.0,edge_bipolar,laplacian,0.01165,1.0,0.0,40.36993155485147,278.99999999999994,99.99999999999999,2.1213203435596424,31.0,1.5,False
star,60,iid,0.3,3.0,edge_bipolar,mahalanobis,0.01105,0.9999,0.00011547005383791243,87.70927986265372,278.99999999999994,99.99999999999999,2.1213203435596424,31.0,3.5,False
star,60,iid,0.3,3.0,edge_bipolar,max_abs,0.010425,1.0,0.0,1.1263411856268553,278.99999999999994,99.99999999999999,2.1213203435596424,31.0,1.5,False
star,60,iid,0.3,3.0,fiedler,euclidean,0.01105,0.999725,0.0001707825127659799,7.893835187638835,9.0,100.00000000000001,2.3137685108853066,1.0,2.5,False
star,60,iid,0.3,3.0,fiedler,laplacian,0.01165,0.027200000000000002,0.002376271589416216,40.36993155485147,9.0,100.00000000000001,2.3137685108853066,1.0,4.0,False
star,60,iid,0.3,3.0,fiedler,mahalanobis,0.01105,0.999725,0.0001707825127659799,87.70927986265372,9.0,100.00000000000001,2.3137685108853066,1.0,2.5,False
star,60,iid,0.3,3.0,fiedler,max_abs,0.010425,1.0,0.0,1.1263411856268553,9.0,100.00000000000001,2.3137685108853066,1.0,1.0,True
star,60,iid,0.3,3.0,high_frequency,euclidean,0.01105,0.999925,4.999999999998833e-05,7.893835187638835,540.0000000000002,99.9999999999999,2.9748949561287032,60.000000000000014,3.5,False
star,60,iid,0.3,3.0,high_frequency,laplacian,0.01165,1.0,0.0,40.36993155485147,540.0000000000002,99.9999999999999,2.9748949561287032,60.000000000000014,1.5,False
star,60,iid,0.3,3.0,high_frequency,mahalanobis,0.01105,0.999925,4.999999999998833e-05,87.70927986265372,540.0000000000002,99.9999999999999,2.9748949561287032,60.000000000000014,3.5,False
star,60,iid,0.3,3.0,high_frequency,max_abs,0.010425,1.0,0.0,1.1263411856268553,540.0000000000002,99.9999999999999,2.9748949561287032,60.000000000000014,1.5,False
star,60,iid,0.3,3.0,point,euclidean,0.01105,0.999925,9.574271077563292e-05,7.893835187638835,9.0,99.99999999999999,3.0,1.0,2.5,False
star,60,iid,0.3,3.0,point,laplacian,0.01165,0.02935,0.0011328430311977615,40.36993155485147,9.0,99.99999999999999,3.0,1.0,4.0,False
star,60,iid,0.3,3.0,point,mahalanobis,0.01105,0.999925,9.574271077563292e-05,87.70927986265372,9.0,99.99999999999999,3.0,1.0,2.5,False
star,60,iid,0.3,3.0,point,max_abs,0.010425,1.0,0.0,1.1263411856268553,9.0,99.99999999999999,3.0,1.0,1.0,True
