graph_type,num_sensors,noise,amplitude,num_edges,mean_degree,mean_anomaly_degree,trace_L,trace_L2,lambda_2,lambda_max,tau,pfa,pd,repetition
path,10,0.1,0.5,9,1.8,1.812,18.0,52.0,0.09788696740969276,3.902113032590307,0.5007967310209381,0.0145,0.644,0
path,10,0.1,0.5,9,1.8,1.814,18.0,52.0,0.09788696740969276,3.902113032590307,0.4909026325117899,0.0095,0.653,1
path,10,0.1,0.5,9,1.8,1.809,18.0,52.0,0.09788696740969276,3.902113032590307,0.5067277402521912,0.0105,0.637,2
path,10,0.1,0.5,9,1.8,1.813,18.0,52.0,0.09788696740969276,3.902113032590307,0.5116575440338115,0.01,0.633,3
path,10,0.1,0.5,9,1.8,1.789,18.0,52.0,0.09788696740969276,3.902113032590307,0.5206010234664054,0.011,0.609,4
path,10,0.1,0.5,9,1.8,1.7975,18.0,52.0,0.09788696740969276,3.902113032590307,0.5086910490035882,0.0115,0.6385,5
path,10,0.1,0.5,9,1.8,1.794,18.0,52.0,0.09788696740969276,3.902113032590307,0.4924109710942503,0.0085,0.654,6
path,10,0.1,0.5,9,1.8,1.793,18.0,52.0,0.09788696740969276,3.902113032590307,0.4989956544909297,0.012,0.642,7
path,10,0.1,0.5,9,1.8,1.808,18.0,52.0,0.09788696740969276,3.902113032590307,0.5268565510857725,0.0085,0.591,8
path,10,0.1,0.5,9,1.8,1.785,18.0,52.0,0.09788696740969276,3.902113032590307,0.49077805100604355,0.011,0.6585,9
path,10,0.1,0.5,9,1.8,1.805,18.0,52.0,0.09788696740969276,3.902113032590307,0.5000403416203202,0.0105,0.636,10
path,10,0.1,0.5,9,1.8,1.8025,18.0,52.0,0.09788696740969276,3.902113032590307,0.5016646969478287,0.013,0.6395,11
path,10,0.1,0.5,9,1.8,1.79,18.0,52.0,0.09788696740969276,3.902113032590307,0.5156719991099491,0.01,0.5995,12
path,10,0.1,0.5,9,1.8,1.7895,18.0,52.0,0.09788696740969276,3.902113032590307,0.5050872285031123,0.008,0.639,13
path,10,0.1,0.5,9,1.8,1.7975,18.0,52.0,0.09788696740969276,3.902113032590307,0.48564213112341886,0.0125,0.6805,14
path,10,0.1,0.5,9,1.8,1.794,18.0,52.0,0.09788696740969276,3.902113032590307,0.49327659161065646,0.0105,0.6555,15
path,10,0.1,0.5,9,1.8,1.8005,18.0,52.0,0.09788696740969276,3.902113032590307,0.5088169266689871,0.014,0.646,16
path,10,0.1,0.5,9,1.8,1.8125,18.0,52.0,0.09788696740969276,3.902113032590307,0.5105130680959173,0.0105,0.643,17
path,10,0.1,0.5,9,1.8,1.7955,18.0,52.0,0.09788696740969276,3.902113032590307,0.5026994654529156,0.0115,0.641,18
path,10,0.1,0.5,9,1.8,1.796,18.0,52.0,0.09788696740969276,3.902113032590307,0.5105977560312472,0.008,0.621,19
path,10,0.1,1.0,9,1.8,1.7855,18.0,52.0,0.09788696740969276,3.902113032590307,0.5219302589667415,0.007,0.999,0
path,10,0.1,1.0,9,1.8,1.814,18.0,52.0,0.09788696740969276,3.902113032590307,0.5147930341668994,0.0075,1.0,1
path,10,0.1,1.0,9,1.8,1.806,18.0,52.0,0.09788696740969276,3.902113032590307,0.4998137175716366,0.0115,0.9985,2
path,10,0.1,1.0,9,1.8,1.8125,18.0,52.0,0.09788696740969276,3.902113032590307,0.5209817388084134,0.0085,0.999,3
path,10,0.1,1.0,9,1.8,1.7945,18.0,52.0,0.09788696740969276,3.902113032590307,0.538833478277884,0.0085,0.999,4
path,10,0.1,1.0,9,1.8,1.791,18.0,52.0,0.09788696740969276,3.902113032590307,0.518055169131058,0.006,1.0,5
path,10,0.1,1.0,9,1.8,1.801,18.0,52.0,0.09788696740969276,3.902113032590307,0.48570026954704215,0.013,0.9995,6
path,10,0.1,1.0,9,1.8,1.796,18.0,52.0,0.09788696740969276,3.902113032590307,0.5194354811478891,0.0075,0.9995,7
path,10,0.1,1.0,9,1.8,1.789,18.0,52.0,0.09788696740969276,3.902113032590307,0.5047762730130788,0.006,0.9995,8
path,10,0.1,1.0,9,1.8,1.787,18.0,52.0,0.09788696740969276,3.902113032590307,0.4913496845559958,0.0105,0.999,9
path,10,0.1,1.0,9,1.8,1.8005,18.0,52.0,0.09788696740969276,3.902113032590307,0.5271922896620026,0.0075,0.999,10
path,10,0.1,1.0,9,1.8,1.8065,18.0,52.0,0.09788696740969276,3.902113032590307,0.5367391482496129,0.005,0.9995,11
path,10,0.1,1.0,9,1.8,1.7915,18.0,52.0,0.09788696740969276,3.902113032590307,0.5121541712389904,0.0105,0.999,12
path,10,0.1,1.0,9,1.8,1.805,18.0,52.0,0.09788696740969276,3.902113032590307,0.4819329797315548,0.014,1.0,13
path,10,0.1,1.0,9,1.8,1.7945,18.0,52.0,0.09788696740969276,3.902113032590307,0.5154650097368277,0.009,1.0,14
path,10,0.1,1.0,9,1.8,1.805,18.0,52.0,0.09788696740969276,3.902113032590307,0.4902688327317631,0.0105,0.999,15
path,10,0.1,1.0,9,1.8,1.801,18.0,52.0,0.09788696740969276,3.902113032590307,0.4784419247024024,0.018,1.0,16
path,10,0.1,1.0,9,1.8,1.788,18.0,52.0,0.09788696740969276,3.902113032590307,0.49802643058304463,0.0125,1.0,17
path,10,0.1,1.0,9,1.8,1.7975,18.0,52.0,0.09788696740969276,3.902113032590307,0.5232003151152946,0.006,1.0,18
path,10,0.1,1.0,9,1.8,1.7845,18.0,52.0,0.09788696740969276,3.902113032590307,0.4945411713785864,0.0105,1.0,19
path,10,0.1,1.5,9,1.8,1.8025,18.0,52.0,0.09788696740969276,3.902113032590307,0.5142540351808337,0.0095,1.0,0
path,10,0.1,1.5,9,1.8,1.792,18.0,52.0,0.09788696740969276,3.902113032590307,0.5171468091178777,0.0095,1.0,1
path,10,0.1,1.5,9,1.8,1.7995,18.0,52.0,0.09788696740969276,3.902113032590307,0.48469959035298,0.016,1.0,2
path,10,0.1,1.5,9,1.8,1.806,18.0,52.0,0.09788696740969276,3.902113032590307,0.5131887253255106,0.015,1.0,3
path,10,0.1,1.5,9,1.8,1.8135,18.0,52.0,0.09788696740969276,3.902113032590307,0.4916240502651378,0.0115,1.0,4
path,10,0.1,1.5,9,1.8,1.802,18.0,52.0,0.09788696740969276,3.902113032590307,0.48376054286407794,0.0125,1.0,5
path,10,0.1,1.5,9,1.8,1.807,18.0,52.0,0.09788696740969276,3.902113032590307,0.4968608802535081,0.0095,1.0,6
path,10,0.1,1.5,9,1.8,1.7945,18.0,52.0,0.09788696740969276,3.902113032590307,0.4943870518005484,0.008,1.0,7
path,10,0.1,1.5,9,1.8,1.802,18.0,52.0,0.09788696740969276,3.902113032590307,0.49892416396038847,0.008,1.0,8
path,10,0.1,1.5,9,1.8,1.8055,18.0,52.0,0.09788696740969276,3.902113032590307,0.5500145678901873,0.0045,1.0,9
path,10,0.1,1.5,9,1.8,1.8005,18.0,52.0,0.09788696740969276,3.902113032590307,0.47919552188667,0.0095,1.0,10
path,10,0.1,1.5,9,1.8,1.786,18.0,52.0,0.09788696740969276,3.902113032590307,0.5024764857027073,0.01,1.0,11
path,10,0.1,1.5,9,1.8,1.7985,18.0,52.0,0.09788696740969276,3.902113032590307,0.5012051118446919,0.0115,1.0,12
path,10,0.1,1.5,9,1.8,1.808,18.0,52.0,0.09788696740969276,3.902113032590307,0.494707725941072,0.015,1.0,13
path,10,0.1,1.5,9,1.8,1.798,18.0,52.0,0.09788696740969276,3.902113032590307,0.5498055171886216,0.008,1.0,14
path,10,0.1,1.5,9,1.8,1.805,18.0,52.0,0.09788696740969276,3.902113032590307,0.5550457542575487,0.006,1.0,15
path,10,0.1,1.5,9,1.8,1.795,18.0,52.0,0.09788696740969276,3.902113032590307,0.526332563794087,0.007,1.0,16
path,10,0.1,1.5,9,1.8,1.795,18.0,52.0,0.09788696740969276,3.902113032590307,0.473577981120903,0.017,1.0,17
path,10,0.1,1.5,9,1.8,1.8145,18.0,52.0,0.09788696740969276,3.902113032590307,0.5079144830820855,0.008,1.0,18
path,10,0.1,1.5,9,1.8,1.797,18.0,52.0,0.09788696740969276,3.902113032590307,0.48977718909765416,0.0135,1.0,19
path,10,0.1,2.0,9,1.8,1.8175,18.0,52.0,0.09788696740969276,3.902113032590307,0.48676750679898056,0.013,1.0,0
path,10,0.1,2.0,9,1.8,1.783,18.0,52.0,0.09788696740969276,3.902113032590307,0.49751236450737374,0.009,1.0,1
path,10,0.1,2.0,9,1.8,1.803,18.0,52.0,0.09788696740969276,3.902113032590307,0.5051220029073451,0.0125,1.0,2
path,10,0.1,2.0,9,1.8,1.796,18.0,52.0,0.09788696740969276,3.902113032590307,0.46926197025601324,0.014,1.0,3
path,10,0.1,2.0,9,1.8,1.7865,18.0,52.0,0.09788696740969276,3.902113032590307,0.5032246675606747,0.0085,1.0,4
path,10,0.1,2.0,9,1.8,1.8025,18.0,52.0,0.09788696740969276,3.902113032590307,0.506217110556037,0.0075,1.0,5
path,10,0.1,2.0,9,1.8,1.7885,18.0,52.0,0.09788696740969276,3.902113032590307,0.5060571278397491,0.0105,1.0,6
path,10,0.1,2.0,9,1.8,1.811,18.0,52.0,0.09788696740969276,3.902113032590307,0.4776806713508757,0.0155,1.0,7
path,10,0.1,2.0,9,1.8,1.81,18.0,52.0,0.09788696740969276,3.902113032590307,0.5144851133905238,0.0105,1.0,8
path,10,0.1,2.0,9,1.8,1.79,18.0,52.0,0.09788696740969276,3.902113032590307,0.49746490575682506,0.0095,1.0,9
path,10,0.1,2.0,9,1.8,1.8005,18.0,52.0,0.09788696740969276,3.902113032590307,0.4990681853218721,0.007,1.0,10
path,10,0.1,2.0,9,1.8,1.8015,18.0,52.0,0.09788696740969276,3.902113032590307,0.5064347903006082,0.008,1.0,11
path,10,0.1,2.0,9,1.8,1.803,18.0,52.0,0.09788696740969276,3.902113032590307,0.5129586265170396,0.0105,1.0,12
path,10,0.1,2.0,9,1.8,1.7885,18.0,52.0,0.09788696740969276,3.902113032590307,0.4931816428902989,0.009,1.0,13
path,10,0.1,2.0,9,1.8,1.803,18.0,52.0,0.09788696740969276,3.902113032590307,0.534106122857303,0.0105,1.0,14
path,10,0.1,2.0,9,1.8,1.806,18.0,52.0,0.09788696740969276,3.902113032590307,0.48954743158769887,0.0095,1.0,15
path,10,0.1,2.0,9,1.8,1.807,18.0,52.0,0.09788696740969276,3.902113032590307,0.5067501433722407,0.0105,1.0,16
path,10,0.1,2.0,9,1.8,1.81,18.0,52.0,0.09788696740969276,3.902113032590307,0.4957633313466421,0.01,1.0,17
path,10,0.1,2.0,9,1.8,1.8085,18.0,52.0,0.09788696740969276,3.902113032590307,0.46950118169272875,0.016,1.0,18
path,10,0.1,2.0,9,1.8,1.803,18.0,52.0,0.09788696740969276,3.902113032590307,0.5140346045064157,0.009,1.0,19
path,10,0.1,3.0,9,1.8,1.802,18.0,52.0,0.09788696740969276,3.902113032590307,0.49757968015881154,0.0125,1.0,0
path,10,0.1,3.0,9,1.8,1.8085,18.0,52.0,0.09788696740969276,3.902113032590307,0.47553500646609653,0.0125,1.0,1
path,10,0.1,3.0,9,1.8,1.8095,18.0,52.0,0.09788696740969276,3.902113032590307,0.4797689252691064,0.015,1.0,2
path,10,0.1,3.0,9,1.8,1.8,18.0,52.0,0.09788696740969276,3.902113032590307,0.511502267169564,0.0065,1.0,3
path,10,0.1,3.0,9,1.8,1.795,18.0,52.0,0.09788696740969276,3.902113032590307,0.47876923343948197,0.0175,1.0,4
path,10,0.1,3.0,9,1.8,1.8155,18.0,52.0,0.09788696740969276,3.902113032590307,0.5126982984973918,0.0085,1.0,5
path,10,0.1,3.0,9,1.8,1.805,18.0,52.0,0.09788696740969276,3.902113032590307,0.4866074043493753,0.0145,1.0,6
path,10,0.1,3.0,9,1.8,1.8035,18.0,52.0,0.09788696740969276,3.902113032590307,0.4652638514198493,0.0145,1.0,7
path,10,0.1,3.0,9,1.8,1.809,18.0,52.0,0.09788696740969276,3.902113032590307,0.5196300693035275,0.01,1.0,8
path,10,0.1,3.0,9,1.8,1.7795,18.0,52.0,0.09788696740969276,3.902113032590307,0.5081468591371603,0.007,1.0,9
path,10,0.1,3.0,9,1.8,1.7985,18.0,52.0,0.09788696740969276,3.902113032590307,0.49276576601704436,0.0095,1.0,10
path,10,0.1,3.0,9,1.8,1.8045,18.0,52.0,0.09788696740969276,3.902113032590307,0.49319960986467576,0.0125,1.0,11
path,10,0.1,3.0,9,1.8,1.802,18.0,52.0,0.09788696740969276,3.902113032590307,0.5043433199131403,0.01,1.0,12
path,10,0.1,3.0,9,1.8,1.8025,18.0,52.0,0.09788696740969276,3.902113032590307,0.502667648181029,0.013,1.0,13
path,10,0.1,3.0,9,1.8,1.8125,18.0,52.0,0.09788696740969276,3.902113032590307,0.4953910712652622,0.008,1.0,14
path,10,0.1,3.0,9,1.8,1.802,18.0,52.0,0.09788696740969276,3.902113032590307,0.4834071643076943,0.013,1.0,15
path,10,0.1,3.0,9,1.8,1.7995,18.0,52.0,0.09788696740969276,3.902113032590307,0.4926227511616797,0.012,1.0,16
path,10,0.1,3.0,9,1.8,1.799,18.0,52.0,0.09788696740969276,3.902113032590307,0.5104151175522094,0.01,1.0,17
path,10,0.1,3.0,9,1.8,1.8025,18.0,52.0,0.09788696740969276,3.902113032590307,0.5182105981755257,0.009,1.0,18
path,10,0.1,3.0,9,1.8,1.7865,18.0,52.0,0.09788696740969276,3.902113032590307,0.48363315514881966,0.0145,1.0,19
path,10,0.2,0.5,9,1.8,1.8035,18.0,52.0,0.09788696740969276,3.902113032590307,1.9762636754784864,0.0115,0.106,0
path,10,0.2,0.5,9,1.8,1.8105,18.0,52.0,0.09788696740969276,3.902113032590307,2.0002445467621794,0.011,0.099,1
path,10,0.2,0.5,9,1.8,1.7875,18.0,52.0,0.09788696740969276,3.902113032590307,1.9949335514885378,0.0125,0.1115,2
path,10,0.2,0.5,9,1.8,1.7955,18.0,52.0,0.09788696740969276,3.902113032590307,2.032535535958719,0.01,0.092,3
path,10,0.2,0.5,9,1.8,1.798,18.0,52.0,0.09788696740969276,3.902113032590307,2.0643827273023696,0.01,0.094,4
path,10,0.2,0.5,9,1.8,1.7845,18.0,52.0,0.09788696740969276,3.902113032590307,1.901459092800791,0.0135,0.116,5
path,10,0.2,0.5,9,1.8,1.804,18.0,52.0,0.09788696740969276,3.902113032590307,1.9773925051956858,0.012,0.0955,6
path,10,0.2,0.5,9,1.8,1.813,18.0,52.0,0.09788696740969276,3.902113032590307,2.0389907278237573,0.0065,0.091,7
path,10,0.2,0.5,9,1.8,1.793,18.0,52.0,0.09788696740969276,3.902113032590307,2.006672208257173,0.0075,0.103,8
path,10,0.2,0.5,9,1.8,1.8005,18.0,52.0,0.09788696740969276,3.902113032590307,2.046834499480279,0.011,0.087,9
path,10,0.2,0.5,9,1.8,1.7815,18.0,52.0,0.09788696740969276,3.902113032590307,1.97870745820311,0.014,0.1025,10
path,10,0.2,0.5,9,1.8,1.8085,18.0,52.0,0.09788696740969276,3.902113032590307,2.0280585716379154,0.009,0.102,11
path,10,0.2,0.5,9,1.8,1.794,18.0,52.0,0.09788696740969276,3.902113032590307,2.1487354685526405,0.0065,0.082,12
path,10,0.2,0.5,9,1.8,1.809,18.0,52.0,0.09788696740969276,3.902113032590307,2.10958811398523,0.009,0.088,13
path,10,0.2,0.5,9,1.8,1.7915,18.0,52.0,0.09788696740969276,3.902113032590307,1.9478734611168262,0.014,0.115,14
path,10,0.2,0.5,9,1.8,1.806,18.0,52.0,0.09788696740969276,3.902113032590307,2.0775674304875293,0.009,0.0935,15
path,10,0.2,0.5,9,1.8,1.8085,18.0,52.0,0.09788696740969276,3.902113032590307,1.97187752888136,0.0095,0.104,16
path,10,0.2,0.5,9,1.8,1.7925,18.0,52.0,0.09788696740969276,3.902113032590307,1.9503689990396718,0.014,0.115,17
path,10,0.2,0.5,9,1.8,1.8045,18.0,52.0,0.09788696740969276,3.902113032590307,2.0729296149507763,0.008,0.0875,18
path,10,0.2,0.5,9,1.8,1.7795,18.0,52.0,0.09788696740969276,3.902113032590307,2.0531878012782254,0.012,0.095,19
path,10,0.2,1.0,9,1.8,1.807,18.0,52.0,0.09788696740969276,3.902113032590307,2.0155079146474773,0.0085,0.6395,0
path,10,0.2,1.0,9,1.8,1.7935,18.0,52.0,0.09788696740969276,3.902113032590307,1.9678693246399144,0.0125,0.6595,1
path,10,0.2,1.0,9,1.8,1.7965,18.0,52.0,0.09788696740969276,3.902113032590307,2.0052979606225976,0.0105,0.637,2
path,10,0.2,1.0,9,1.8,1.789,18.0,52.0,0.09788696740969276,3.902113032590307,2.025205486373237,0.013,0.6085,3
path,10,0.2,1.0,9,1.8,1.805,18.0,52.0,0.09788696740969276,3.902113032590307,1.990781007712364,0.011,0.6525,4
path,10,0.2,1.0,9,1.8,1.7915,18.0,52.0,0.09788696740969276,3.902113032590307,1.9500846856350338,0.0095,0.657,5
path,10,0.2,1.0,9,1.8,1.7695,18.0,52.0,0.09788696740969276,3.902113032590307,1.977295197117927,0.0085,0.6375,6
path,10,0.2,1.0,9,1.8,1.805,18.0,52.0,0.09788696740969276,3.902113032590307,1.9906167163844164,0.014,0.6445,7
path,10,0.2,1.0,9,1.8,1.8095,18.0,52.0,0.09788696740969276,3.902113032590307,2.00524702245493,0.0115,0.661,8
path,10,0.2,1.0,9,1.8,1.807,18.0,52.0,0.09788696740969276,3.902113032590307,2.231724216328272,0.0035,0.56,9
path,10,0.2,1.0,9,1.8,1.806,18.0,52.0,0.09788696740969276,3.902113032590307,1.9669718622296117,0.0105,0.6655,10
path,10,0.2,1.0,9,1.8,1.792,18.0,52.0,0.09788696740969276,3.902113032590307,2.0163330095465066,0.008,0.6205,11
path,10,0.2,1.0,9,1.8,1.8015,18.0,52.0,0.09788696740969276,3.902113032590307,1.9900964353349448,0.0115,0.6725,12
path,10,0.2,1.0,9,1.8,1.8005,18.0,52.0,0.09788696740969276,3.902113032590307,1.976124061579895,0.014,0.6715,13
path,10,0.2,1.0,9,1.8,1.7935,18.0,52.0,0.09788696740969276,3.902113032590307,2.090673704239297,0.0065,0.5965,14
path,10,0.2,1.0,9,1.8,1.8075,18.0,52.0,0.09788696740969276,3.902113032590307,2.047881812868627,0.009,0.614,15
path,10,0.2,1.0,9,1.8,1.7985,18.0,52.0,0.09788696740969276,3.902113032590307,2.0725901074042508,0.0065,0.6155,16
path,10,0.2,1.0,9,1.8,1.8,18.0,52.0,0.09788696740969276,3.902113032590307,2.1121232484869807,0.006,0.6075,17
path,10,0.2,1.0,9,1.8,1.8025,18.0,52.0,0.09788696740969276,3.902113032590307,1.9998480457499543,0.012,0.657,18
path,10,0.2,1.0,9,1.8,1.8045,18.0,52.0,0.09788696740969276,3.902113032590307,1.9111066851793472,0.015,0.6785,19
path,10,0.2,1.5,9,1.8,1.798,18.0,52.0,0.09788696740969276,3.902113032590307,1.9330296170800132,0.013,0.9735,0
path,10,0.2,1.5,9,1.8,1.815,18.0,52.0,0.09788696740969276,3.902113032590307,2.0731764216373647,0.005,0.9685,1
path,10,0.2,1.5,9,1.8,1.7825,18.0,52.0,0.09788696740969276,3.902113032590307,1.9848177042003305,0.0095,0.9595,2
path,10,0.2,1.5,9,1.8,1.7915,18.0,52.0,0.09788696740969276,3.902113032590307,1.9080699381589028,0.0155,0.977,3
path,10,0.2,1.5,9,1.8,1.8005,18.0,52.0,0.09788696740969276,3.902113032590307,1.9044449829111125,0.014,0.9735,4
path,10,0.2,1.5,9,1.8,1.787,18.0,52.0,0.09788696740969276,3.902113032590307,2.162664225338991,0.0095,0.9515,5
path,10,0.2,1.5,9,1.8,1.804,18.0,52.0,0.09788696740969276,3.902113032590307,1.9757329750574135,0.007,0.969,6
path,10,0.2,1.5,9,1.8,1.8015,18.0,52.0,0.09788696740969276,3.902113032590307,2.0816518614257715,0.0105,0.9635,7
path,10,0.2,1.5,9,1.8,1.804,18.0,52.0,0.09788696740969276,3.902113032590307,2.050495556904833,0.008,0.969,8
path,10,0.2,1.5,9,1.8,1.798,18.0,52.0,0.09788696740969276,3.902113032590307,1.8628844122452313,0.019,0.9775,9
path,10,0.2,1.5,9,1.8,1.7885,18.0,52.0,0.09788696740969276,3.902113032590307,2.075558468986665,0.008,0.9645,10
path,10,0.2,1.5,9,1.8,1.8025,18.0,52.0,0.09788696740969276,3.902113032590307,2.036658628351062,0.0105,0.9585,11
path,10,0.2,1.5,9,1.8,1.803,18.0,52.0,0.09788696740969276,3.902113032590307,2.0619903445014547,0.011,0.966,12
path,10,0.2,1.5,9,1.8,1.8,18.0,52.0,0.09788696740969276,3.902113032590307,1.9924542865956978,0.009,0.9655,13
path,10,0.2,1.5,9,1.8,1.806,18.0,52.0,0.09788696740969276,3.902113032590307,1.976473748599869,0.009,0.973,14
path,10,0.2,1.5,9,1.8,1.808,18.0,52.0,0.09788696740969276,3.902113032590307,1.9628834478136883,0.0085,0.9675,15
path,10,0.2,1.5,9,1.8,1.7865,18.0,52.0,0.09788696740969276,3.902113032590307,1.9640891802855163,0.0105,0.9685,16
path,10,0.2,1.5,9,1.8,1.8135,18.0,52.0,0.09788696740969276,3.902113032590307,1.9918222459693622,0.01,0.969,17
path,10,0.2,1.5,9,1.8,1.8005,18.0,52.0,0.09788696740969276,3.902113032590307,2.041893188827964,0.0105,0.966,18
path,10,0.2,1.5,9,1.8,1.791,18.0,52.0,0.09788696740969276,3.902113032590307,1.9751325193645983,0.015,0.959,19
path,10,0.2,2.0,9,1.8,1.807,18.0,52.0,0.09788696740969276,3.902113032590307,2.0307449038944068,0.012,1.0,0
path,10,0.2,2.0,9,1.8,1.795,18.0,52.0,0.09788696740969276,3.902113032590307,1.9914685579739753,0.008,0.9995,1
path,10,0.2,2.0,9,1.8,1.7865,18.0,52.0,0.09788696740969276,3.902113032590307,2.117824639312166,0.009,1.0,2
path,10,0.2,2.0,9,1.8,1.798,18.0,52.0,0.09788696740969276,3.902113032590307,1.8988918085713642,0.0155,0.9995,3
path,10,0.2,2.0,9,1.8,1.792,18.0,52.0,0.09788696740969276,3.902113032590307,2.0601122046509452,0.006,0.9995,4
path,10,0.2,2.0,9,1.8,1.798,18.0,52.0,0.09788696740969276,3.902113032590307,2.063298696350992,0.008,0.9985,5
path,10,0.2,2.0,9,1.8,1.809,18.0,52.0,0.09788696740969276,3.902113032590307,2.0273166223077737,0.009,1.0,6
path,10,0.2,2.0,9,1.8,1.787,18.0,52.0,0.09788696740969276,3.902113032590307,1.9444749855154617,0.0145,0.9995,7
path,10,0.2,2.0,9,1.8,1.7955,18.0,52.0,0.09788696740969276,3.902113032590307,1.983698670655299,0.0115,1.0,8
path,10,0.2,2.0,9,1.8,1.812,18.0,52.0,0.09788696740969276,3.902113032590307,2.0089454215498592,0.0095,1.0,9
path,10,0.2,2.0,9,1.8,1.7945,18.0,52.0,0.09788696740969276,3.902113032590307,1.9659661058411966,0.0115,1.0,10
path,10,0.2,2.0,9,1.8,1.783,18.0,52.0,0.09788696740969276,3.902113032590307,2.0244352685253304,0.0045,0.9995,11
path,10,0.2,2.0,9,1.8,1.7955,18.0,52.0,0.09788696740969276,3.902113032590307,1.9838210049815819,0.0105,0.9995,12
path,10,0.2,2.0,9,1.8,1.795,18.0,52.0,0.09788696740969276,3.902113032590307,1.9253445039278998,0.0155,0.9995,13
path,10,0.2,2.0,9,1.8,1.804,18.0,52.0,0.09788696740969276,3.902113032590307,1.932909716402575,0.0135,1.0,14
path,10,0.2,2.0,9,1.8,1.7995,18.0,52.0,0.09788696740969276,3.902113032590307,2.052408771647314,0.0075,0.9995,15
path,10,0.2,2.0,9,1.8,1.7845,18.0,52.0,0.09788696740969276,3.902113032590307,1.9328191241005817,0.016,1.0,16
path,10,0.2,2.0,9,1.8,1.7925,18.0,52.0,0.09788696740969276,3.902113032590307,2.08077900578781,0.009,0.9995,17
path,10,0.2,2.0,9,1.8,1.813,18.0,52.0,0.09788696740969276,3.902113032590307,1.974344620994855,0.009,1.0,18
path,10,0.2,2.0,9,1.8,1.8085,18.0,52.0,0.09788696740969276,3.902113032590307,1.8468062169107453,0.021,1.0,19
path,10,0.2,3.0,9,1.8,1.786,18.0,52.0,0.09788696740969276,3.902113032590307,2.058917302149099,0.01,1.0,0
path,10,0.2,3.0,9,1.8,1.7905,18.0,52.0,0.09788696740969276,3.902113032590307,1.9891405684459915,0.0115,1.0,1
path,10,0.2,3.0,9,1.8,1.803,18.0,52.0,0.09788696740969276,3.902113032590307,1.9450319252483088,0.017,1.0,2
path,10,0.2,3.0,9,1.8,1.8095,18.0,52.0,0.09788696740969276,3.902113032590307,2.0764924077418834,0.0065,1.0,3
path,10,0.2,3.0,9,1.8,1.8055,18.0,52.0,0.09788696740969276,3.902113032590307,1.9788703542316695,0.0085,1.0,4
path,10,0.2,3.0,9,1.8,1.7895,18.0,52.0,0.09788696740969276,3.902113032590307,2.0703074590868127,0.007,1.0,5
path,10,0.2,3.0,9,1.8,1.7925,18.0,52.0,0.09788696740969276,3.902113032590307,1.8957168653068355,0.013,1.0,6
path,10,0.2,3.0,9,1.8,1.8005,18.0,52.0,0.09788696740969276,3.902113032590307,2.066558687288795,0.0095,1.0,7
path,10,0.2,3.0,9,1.8,1.818,18.0,52.0,0.09788696740969276,3.902113032590307,2.1470083696494786,0.007,1.0,8
path,10,0.2,3.0,9,1.8,1.809,18.0,52.0,0.09788696740969276,3.902113032590307,2.022681056362157,0.008,1.0,9
path,10,0.2,3.0,9,1.8,1.7905,18.0,52.0,0.09788696740969276,3.902113032590307,2.008448607631559,0.009,1.0,10
path,10,0.2,3.0,9,1.8,1.7915,18.0,52.0,0.09788696740969276,3.902113032590307,2.0012093128817634,0.009,1.0,11
path,10,0.2,3.0,9,1.8,1.804,18.0,52.0,0.09788696740969276,3.902113032590307,2.0750716357635053,0.008,1.0,12
path,10,0.2,3.0,9,1.8,1.8165,18.0,52.0,0.09788696740969276,3.902113032590307,2.0153922791584886,0.008,1.0,13
path,10,0.2,3.0,9,1.8,1.791,18.0,52.0,0.09788696740969276,3.902113032590307,1.9594057884858536,0.015,1.0,14
path,10,0.2,3.0,9,1.8,1.812,18.0,52.0,0.09788696740969276,3.902113032590307,2.0057182606299926,0.011,1.0,15
path,10,0.2,3.0,9,1.8,1.785,18.0,52.0,0.09788696740969276,3.902113032590307,2.0448239249621616,0.0075,1.0,16
path,10,0.2,3.0,9,1.8,1.8025,18.0,52.0,0.09788696740969276,3.902113032590307,1.971716332122901,0.009,1.0,17
path,10,0.2,3.0,9,1.8,1.809,18.0,52.0,0.09788696740969276,3.902113032590307,1.995240798240226,0.014,1.0,18
path,10,0.2,3.0,9,1.8,1.8025,18.0,52.0,0.09788696740969276,3.902113032590307,2.1184887046724916,0.0045,1.0,19
path,10,0.3,0.5,9,1.8,1.817,18.0,52.0,0.09788696740969276,3.902113032590307,4.814567738620113,0.0065,0.02,0
path,10,0.3,0.5,9,1.8,1.789,18.0,52.0,0.09788696740969276,3.902113032590307,4.4281695141786575,0.0125,0.048,1
path,10,0.3,0.5,9,1.8,1.804,18.0,52.0,0.09788696740969276,3.902113032590307,4.650182593975665,0.0115,0.0335,2
path,10,0.3,0.5,9,1.8,1.77,18.0,52.0,0.09788696740969276,3.902113032590307,4.392825142737797,0.0105,0.04,3
path,10,0.3,0.5,9,1.8,1.8015,18.0,52.0,0.09788696740969276,3.902113032590307,4.213982354871407,0.0085,0.056,4
path,10,0.3,0.5,9,1.8,1.7905,18.0,52.0,0.09788696740969276,3.902113032590307,4.558590521605245,0.0135,0.0445,5
path,10,0.3,0.5,9,1.8,1.812,18.0,52.0,0.09788696740969276,3.902113032590307,4.452442220041943,0.01,0.039,6
path,10,0.3,0.5,9,1.8,1.791,18.0,52.0,0.09788696740969276,3.902113032590307,4.4550625895572065,0.014,0.0405,7
path,10,0.3,0.5,9,1.8,1.81,18.0,52.0,0.09788696740969276,3.902113032590307,4.818344736922076,0.008,0.024,8
path,10,0.3,0.5,9,1.8,1.811,18.0,52.0,0.09788696740969276,3.902113032590307,4.614181204975808,0.0095,0.0325,9
path,10,0.3,0.5,9,1.8,1.81,18.0,52.0,0.09788696740969276,3.902113032590307,4.740783804056213,0.006,0.028,10
path,10,0.3,0.5,9,1.8,1.792,18.0,52.0,0.09788696740969276,3.902113032590307,4.563037404388221,0.0105,0.0405,11
path,10,0.3,0.5,9,1.8,1.7975,18.0,52.0,0.09788696740969276,3.902113032590307,4.360590942715667,0.01,0.0375,12
path,10,0.3,0.5,9,1.8,1.7945,18.0,52.0,0.09788696740969276,3.902113032590307,4.542707089159412,0.008,0.0395,13
path,10,0.3,0.5,9,1.8,1.8045,18.0,52.0,0.09788696740969276,3.902113032590307,4.801151044932443,0.0055,0.028,14
path,10,0.3,0.5,9,1.8,1.79,18.0,52.0,0.09788696740969276,3.902113032590307,4.557132488001449,0.01,0.0335,15
path,10,0.3,0.5,9,1.8,1.8,18.0,52.0,0.09788696740969276,3.902113032590307,4.600865332946014,0.01,0.033,16
path,10,0.3,0.5,9,1.8,1.803,18.0,52.0,0.09788696740969276,3.902113032590307,4.501582277078186,0.0155,0.038,17
path,10,0.3,0.5,9,1.8,1.7885,18.0,52.0,0.09788696740969276,3.902113032590307,4.292770777849405,0.016,0.05,18
path,10,0.3,0.5,9,1.8,1.794,18.0,52.0,0.09788696740969276,3.902113032590307,4.410532818403594,0.0135,0.034,19
path,10,0.3,1.0,9,1.8,1.8125,18.0,52.0,0.09788696740969276,3.902113032590307,4.266249615161753,0.0165,0.2575,0
path,10,0.3,1.0,9,1.8,1.79,18.0,52.0,0.09788696740969276,3.902113032590307,4.364283954859905,0.012,0.239,1
path,10,0.3,1.0,9,1.8,1.7995,18.0,52.0,0.09788696740969276,3.902113032590307,4.451709340348782,0.012,0.2365,2
path,10,0.3,1.0,9,1.8,1.7955,18.0,52.0,0.09788696740969276,3.902113032590307,4.239416774469038,0.016,0.2785,3
path,10,0.3,1.0,9,1.8,1.796,18.0,52.0,0.09788696740969276,3.902113032590307,4.628617564950297,0.012,0.2035,4
path,10,0.3,1.0,9,1.8,1.812,18.0,52.0,0.09788696740969276,3.902113032590307,4.427111083353463,0.0095,0.226,5
path,10,0.3,1.0,9,1.8,1.8045,18.0,52.0,0.09788696740969276,3.902113032590307,4.572019945826183,0.0115,0.2175,6
path,10,0.3,1.0,9,1.8,1.8015,18.0,52.0,0.09788696740969276,3.902113032590307,4.837570930023228,0.009,0.1945,7
path,10,0.3,1.0,9,1.8,1.8005,18.0,52.0,0.09788696740969276,3.902113032590307,4.311883823979026,0.0135,0.2525,8
path,10,0.3,1.0,9,1.8,1.7995,18.0,52.0,0.09788696740969276,3.902113032590307,4.689965824209697,0.0085,0.197,9
path,10,0.3,1.0,9,1.8,1.7995,18.0,52.0,0.09788696740969276,3.902113032590307,4.536549482753578,0.006,0.2235,10
path,10,0.3,1.0,9,1.8,1.798,18.0,52.0,0.09788696740969276,3.902113032590307,4.483115322041158,0.012,0.2435,11
path,10,0.3,1.0,9,1.8,1.7935,18.0,52.0,0.09788696740969276,3.902113032590307,4.6830974799576826,0.009,0.2035,12
path,10,0.3,1.0,9,1.8,1.782,18.0,52.0,0.09788696740969276,3.902113032590307,4.867914586920956,0.006,0.1695,13
path,10,0.3,1.0,9,1.8,1.809,18.0,52.0,0.09788696740969276,3.902113032590307,4.277121014984523,0.0155,0.2625,14
path,10,0.3,1.0,9,1.8,1.799,18.0,52.0,0.09788696740969276,3.902113032590307,4.587124165130492,0.0075,0.21,15
path,10,0.3,1.0,9,1.8,1.7895,18.0,52.0,0.09788696740969276,3.902113032590307,4.658612676160248,0.007,0.2115,16
path,10,0.3,1.0,9,1.8,1.809,18.0,52.0,0.09788696740969276,3.902113032590307,4.365252483681784,0.0115,0.246,17
path,10,0.3,1.0,9,1.8,1.7915,18.0,52.0,0.09788696740969276,3.902113032590307,4.628687702663446,0.0085,0.203,18
path,10,0.3,1.0,9,1.8,1.797,18.0,52.0,0.09788696740969276,3.902113032590307,4.282709608416325,0.009,0.265,19
path,10,0.3,1.5,9,1.8,1.8005,18.0,52.0,0.09788696740969276,3.902113032590307,4.247020442705601,0.019,0.689,0
path,10,0.3,1.5,9,1.8,1.8015,18.0,52.0,0.09788696740969276,3.902113032590307,4.558458837949654,0.0165,0.6515,1
path,10,0.3,1.5,9,1.8,1.8065,18.0,52.0,0.09788696740969276,3.902113032590307,4.563382089951005,0.0105,0.6475,2
path,10,0.3,1.5,9,1.8,1.8045,18.0,52.0,0.09788696740969276,3.902113032590307,4.748363783037494,0.008,0.591,3
path,10,0.3,1.5,9,1.8,1.808,18.0,52.0,0.09788696740969276,3.902113032590307,4.220412850157554,0.018,0.6965,4
path,10,0.3,1.5,9,1.8,1.808,18.0,52.0,0.09788696740969276,3.902113032590307,4.616621396711447,0.0095,0.6295,5
path,10,0.3,1.5,9,1.8,1.7925,18.0,52.0,0.09788696740969276,3.902113032590307,4.75997331281054,0.006,0.5835,6
path,10,0.3,1.5,9,1.8,1.788,18.0,52.0,0.09788696740969276,3.902113032590307,4.237913821630218,0.021,0.689,7
path,10,0.3,1.5,9,1.8,1.8015,18.0,52.0,0.09788696740969276,3.902113032590307,4.71688790632921,0.005,0.6,8
path,10,0.3,1.5,9,1.8,1.814,18.0,52.0,0.09788696740969276,3.902113032590307,4.489038019622066,0.0115,0.655,9
path,10,0.3,1.5,9,1.8,1.809,18.0,52.0,0.09788696740969276,3.902113032590307,4.356595338743559,0.008,0.6705,10
path,10,0.3,1.5,9,1.8,1.7895,18.0,52.0,0.09788696740969276,3.902113032590307,4.48065479641314,0.0125,0.6365,11
path,10,0.3,1.5,9,1.8,1.8035,18.0,52.0,0.09788696740969276,3.902113032590307,4.759498299344765,0.0065,0.616,12
path,10,0.3,1.5,9,1.8,1.8145,18.0,52.0,0.09788696740969276,3.902113032590307,5.009596364646654,0.0045,0.5565,13
path,10,0.3,1.5,9,1.8,1.7925,18.0,52.0,0.09788696740969276,3.902113032590307,4.338976750910762,0.013,0.6735,14
path,10,0.3,1.5,9,1.8,1.8055,18.0,52.0,0.09788696740969276,3.902113032590307,4.495718759850817,0.0095,0.637,15
path,10,0.3,1.5,9,1.8,1.812,18.0,52.0,0.09788696740969276,3.902113032590307,4.490335281854483,0.0125,0.6495,16
path,10,0.3,1.5,9,1.8,1.793,18.0,52.0,0.09788696740969276,3.902113032590307,4.450437955063408,0.011,0.638,17
path,10,0.3,1.5,9,1.8,1.7905,18.0,52.0,0.09788696740969276,3.902113032590307,4.657165497146145,0.0125,0.6215,18
path,10,0.3,1.5,9,1.8,1.794,18.0,52.0,0.09788696740969276,3.902113032590307,4.442990353700841,0.011,0.6405,19
path,10,0.3,2.0,9,1.8,1.7935,18.0,52.0,0.09788696740969276,3.902113032590307,4.531027798853351,0.014,0.926,0
path,10,0.3,2.0,9,1.8,1.805,18.0,52.0,0.09788696740969276,3.902113032590307,4.215159874493725,0.015,0.9385,1
path,10,0.3,2.0,9,1.8,1.793,18.0,52.0,0.09788696740969276,3.902113032590307,4.692875751178724,0.01,0.896,2
path,10,0.3,2.0,9,1.8,1.781,18.0,52.0,0.09788696740969276,3.902113032590307,4.581833063232243,0.0095,0.906,3
path,10,0.3,2.0,9,1.8,1.7925,18.0,52.0,0.09788696740969276,3.902113032590307,4.512297620541257,0.0105,0.929,4
path,10,0.3,2.0,9,1.8,1.814,18.0,52.0,0.09788696740969276,3.902113032590307,4.570814955188798,0.0105,0.912,5
path,10,0.3,2.0,9,1.8,1.789,18.0,52.0,0.09788696740969276,3.902113032590307,4.492127496765475,0.0105,0.912,6
path,10,0.3,2.0,9,1.8,1.7885,18.0,52.0,0.09788696740969276,3.902113032590307,4.50648395937428,0.009,0.919,7
path,10,0.3,2.0,9,1.8,1.801,18.0,52.0,0.09788696740969276,3.902113032590307,4.476334055473002,0.0125,0.913,8
path,10,0.3,2.0,9,1.8,1.804,18.0,52.0,0.09788696740969276,3.902113032590307,4.714943853285076,0.0075,0.8965,9
path,10,0.3,2.0,9,1.8,1.7905,18.0,52.0,0.09788696740969276,3.902113032590307,4.367341090904773,0.0135,0.9315,10
path,10,0.3,2.0,9,1.8,1.797,18.0,52.0,0.09788696740969276,3.902113032590307,4.430697547588128,0.0145,0.926,11
path,10,0.3,2.0,9,1.8,1.813,18.0,52.0,0.09788696740969276,3.902113032590307,4.409925101255829,0.0125,0.933,12
path,10,0.3,2.0,9,1.8,1.778,18.0,52.0,0.09788696740969276,3.902113032590307,4.608849900376356,0.0105,0.9115,13
path,10,0.3,2.0,9,1.8,1.7995,18.0,52.0,0.09788696740969276,3.902113032590307,4.983504238590277,0.0065,0.884,14
path,10,0.3,2.0,9,1.8,1.8275,18.0,52.0,0.09788696740969276,3.902113032590307,4.3715348352157655,0.014,0.927,15
path,10,0.3,2.0,9,1.8,1.791,18.0,52.0,0.09788696740969276,3.902113032590307,4.800121759596228,0.007,0.8875,16
path,10,0.3,2.0,9,1.8,1.8015,18.0,52.0,0.09788696740969276,3.902113032590307,4.407929967133429,0.0125,0.9225,17
path,10,0.3,2.0,9,1.8,1.801,18.0,52.0,0.09788696740969276,3.902113032590307,4.509332385894675,0.0095,0.913,18
path,10,0.3,2.0,9,1.8,1.79,18.0,52.0,0.09788696740969276,3.902113032590307,4.381042622826897,0.0135,0.9285,19
path,10,0.3,3.0,9,1.8,1.798,18.0,52.0,0.09788696740969276,3.902113032590307,4.546071099865852,0.0085,0.9995,0
path,10,0.3,3.0,9,1.8,1.794,18.0,52.0,0.09788696740969276,3.902113032590307,4.482291512092849,0.0155,0.9995,1
path,10,0.3,3.0,9,1.8,1.8005,18.0,52.0,0.09788696740969276,3.902113032590307,4.615036217905754,0.0065,0.999,2
path,10,0.3,3.0,9,1.8,1.7845,18.0,52.0,0.09788696740969276,3.902113032590307,4.424262807611434,0.0155,1.0,3
path,10,0.3,3.0,9,1.8,1.825,18.0,52.0,0.09788696740969276,3.902113032590307,4.576785383994996,0.0095,0.9995,4
path,10,0.3,3.0,9,1.8,1.8005,18.0,52.0,0.09788696740969276,3.902113032590307,4.5683371766129595,0.0115,0.9995,5
path,10,0.3,3.0,9,1.8,1.802,18.0,52.0,0.09788696740969276,3.902113032590307,4.471361720445835,0.0105,0.9985,6
path,10,0.3,3.0,9,1.8,1.8025,18.0,52.0,0.09788696740969276,3.902113032590307,4.6072787226027785,0.009,0.9985,7
path,10,0.3,3.0,9,1.8,1.8025,18.0,52.0,0.09788696740969276,3.902113032590307,4.529193124482333,0.0105,0.9985,8
path,10,0.3,3.0,9,1.8,1.791,18.0,52.0,0.09788696740969276,3.902113032590307,4.46311389028426,0.0135,0.9995,9
path,10,0.3,3.0,9,1.8,1.794,18.0,52.0,0.09788696740969276,3.902113032590307,4.834907310537376,0.009,0.999,10
path,10,0.3,3.0,9,1.8,1.791,18.0,52.0,0.09788696740969276,3.902113032590307,4.694241896485742,0.0055,0.999,11
path,10,0.3,3.0,9,1.8,1.791,18.0,52.0,0.09788696740969276,3.902113032590307,4.542508649683208,0.0125,1.0,12
path,10,0.3,3.0,9,1.8,1.7975,18.0,52.0,0.09788696740969276,3.902113032590307,4.561886562147248,0.011,0.999,13
path,10,0.3,3.0,9,1.8,1.804,18.0,52.0,0.09788696740969276,3.902113032590307,4.322912490849453,0.017,1.0,14
path,10,0.3,3.0,9,1.8,1.7915,18.0,52.0,0.09788696740969276,3.902113032590307,4.627117804125576,0.007,1.0,15
path,10,0.3,3.0,9,1.8,1.801,18.0,52.0,0.09788696740969276,3.902113032590307,4.6391767405736895,0.0105,0.9995,16
path,10,0.3,3.0,9,1.8,1.7915,18.0,52.0,0.09788696740969276,3.902113032590307,4.482357076548944,0.016,1.0,17
path,10,0.3,3.0,9,1.8,1.8055,18.0,52.0,0.09788696740969276,3.902113032590307,4.61492688981698,0.0095,0.9985,18
path,10,0.3,3.0,9,1.8,1.804,18.0,52.0,0.09788696740969276,3.902113032590307,4.491532843595624,0.0095,0.999,19
path,20,0.1,0.5,19,1.9,1.9045,38.0,112.0,0.024623318809724182,3.9753766811902755,0.8241856487979883,0.0105,0.4705,0
path,20,0.1,0.5,19,1.9,1.9145,38.0,112.0,0.024623318809724182,3.9753766811902755,0.7892953948205761,0.011,0.5595,1
path,20,0.1,0.5,19,1.9,1.897,38.0,112.0,0.024623318809724182,3.9753766811902755,0.8144550984625792,0.013,0.505,2
path,20,0.1,0.5,19,1.9,1.901,38.0,112.0,0.024623318809724182,3.9753766811902755,0.813923231788233,0.015,0.519,3
path,20,0.1,0.5,19,1.9,1.906,38.0,112.0,0.024623318809724182,3.9753766811902755,0.8265484761720119,0.0135,0.4925,4
path,20,0.1,0.5,19,1.9,1.896,38.0,112.0,0.024623318809724182,3.9753766811902755,0.8333297377275113,0.009,0.4705,5
path,20,0.1,0.5,19,1.9,1.901,38.0,112.0,0.024623318809724182,3.9753766811902755,0.8166343400227781,0.005,0.5005,6
path,20,0.1,0.5,19,1.9,1.8935,38.0,112.0,0.024623318809724182,3.9753766811902755,0.8112233883625535,0.013,0.5045,7
path,20,0.1,0.5,19,1.9,1.901,38.0,112.0,0.024623318809724182,3.9753766811902755,0.8279366839783717,0.006,0.4975,8
path,20,0.1,0.5,19,1.9,1.888,38.0,112.0,0.024623318809724182,3.9753766811902755,0.7988003022550176,0.014,0.5455,9
path,20,0.1,0.5,19,1.9,1.8985,38.0,112.0,0.024623318809724182,3.9753766811902755,0.847287309959739,0.007,0.4805,10
path,20,0.1,0.5,19,1.9,1.9015,38.0,112.0,0.024623318809724182,3.9753766811902755,0.8075547191852169,0.0065,0.512,11
path,20,0.1,0.5,19,1.9,1.9035,38.0,112.0,0.024623318809724182,3.9753766811902755,0.8394196053179807,0.009,0.481,12
path,20,0.1,0.5,19,1.9,1.906,38.0,112.0,0.024623318809724182,3.9753766811902755,0.8002331636798413,0.014,0.536,13
path,20,0.1,0.5,19,1.9,1.8935,38.0,112.0,0.024623318809724182,3.9753766811902755,0.8664297662756604,0.006,0.449,14
path,20,0.1,0.5,19,1.9,1.903,38.0,112.0,0.024623318809724182,3.9753766811902755,0.7936870265269452,0.011,0.5645,15
path,20,0.1,0.5,19,1.9,1.8955,38.0,112.0,0.024623318809724182,3.9753766811902755,0.8332764292702918,0.011,0.469,16
path,20,0.1,0.5,19,1.9,1.8895,38.0,112.0,0.024623318809724182,3.9753766811902755,0.8265599150126498,0.0105,0.491,17
path,20,0.1,0.5,19,1.9,1.89,38.0,112.0,0.024623318809724182,3.9753766811902755,0.8167366834200336,0.009,0.5115,18
path,20,0.1,0.5,19,1.9,1.892,38.0,112.0,0.024623318809724182,3.9753766811902755,0.8229625098292936,0.0115,0.4945,19
path,20,0.1,1.0,19,1.9,1.9005,38.0,112.0,0.024623318809724182,3.9753766811902755,0.8096851401584558,0.0095,0.998,0
path,20,0.1,1.0,19,1.9,1.909,38.0,112.0,0.024623318809724182,3.9753766811902755,0.7943163377451592,0.0135,0.9985,1
path,20,0.1,1.0,19,1.9,1.902,38.0,112.0,0.024623318809724182,3.9753766811902755,0.7972094546951791,0.015,0.9985,2
path,20,0.1,1.0,19,1.9,1.9005,38.0,112.0,0.024623318809724182,3.9753766811902755,0.8077104735440075,0.0115,0.9985,3
path,20,0.1,1.0,19,1.9,1.893,38.0,112.0,0.024623318809724182,3.9753766811902755,0.8126684156144844,0.007,0.999,4
path,20,0.1,1.0,19,1.9,1.8945,38.0,112.0,0.024623318809724182,3.9753766811902755,0.8488648334140362,0.006,0.9955,5
path,20,0.1,1.0,19,1.9,1.9005,38.0,112.0,0.024623318809724182,3.9753766811902755,0.8224499831449328,0.008,0.994,6
path,20,0.1,1.0,19,1.9,1.9045,38.0,112.0,0.024623318809724182,3.9753766811902755,0.8312073675951253,0.009,0.995,7
path,20,0.1,1.0,19,1.9,1.8945,38.0,112.0,0.024623318809724182,3.9753766811902755,0.8034685195660949,0.013,0.9985,8
path,20,0.1,1.0,19,1.9,1.9025,38.0,112.0,0.024623318809724182,3.9753766811902755,0.8397840053819267,0.0095,0.999,9
path,20,0.1,1.0,19,1.9,1.895,38.0,112.0,0.024623318809724182,3.9753766811902755,0.8267474060771635,0.0075,0.9975,10
path,20,0.1,1.0,19,1.9,1.8915,38.0,112.0,0.024623318809724182,3.9753766811902755,0.8002801099374994,0.0145,0.9975,11
path,20,0.1,1.0,19,1.9,1.901,38.0,112.0,0.024623318809724182,3.9753766811902755,0.8384240049452452,0.0085,0.9965,12
path,20,0.1,1.0,19,1.9,1.9035,38.0,112.0,0.024623318809724182,3.9753766811902755,0.8154500784115182,0.0055,0.997,13
path,20,0.1,1.0,19,1.9,1.8985,38.0,112.0,0.024623318809724182,3.9753766811902755,0.825534665995364,0.011,0.9975,14
path,20,0.1,1.0,19,1.9,1.8945,38.0,112.0,0.024623318809724182,3.9753766811902755,0.7875288592960412,0.0175,0.9995,15
path,20,0.1,1.0,19,1.9,1.904,38.0,112.0,0.024623318809724182,3.9753766811902755,0.8432083746271928,0.008,0.9975,16
path,20,0.1,1.0,19,1.9,1.8925,38.0,112.0,0.024623318809724182,3.9753766811902755,0.8072554324016081,0.0115,0.999,17
path,20,0.1,1.0,19,1.9,1.907,38.0,112.0,0.024623318809724182,3.9753766811902755,0.8215348904491007,0.014,0.9965,18
path,20,0.1,1.0,19,1.9,1.898,38.0,112.0,0.024623318809724182,3.9753766811902755,0.8607365669149245,0.01,0.996,19
path,20,0.1,1.5,19,1.9,1.899,38.0,112.0,0.024623318809724182,3.9753766811902755,0.7920471918455948,0.016,1.0,0
path,20,0.1,1.5,19,1.9,1.9005,38.0,112.0,0.024623318809724182,3.9753766811902755,0.8412702641745844,0.0115,1.0,1
path,20,0.1,1.5,19,1.9,1.908,38.0,112.0,0.024623318809724182,3.9753766811902755,0.8226639266828694,0.012,1.0,2
path,20,0.1,1.5,19,1.9,1.898,38.0,112.0,0.024623318809724182,3.9753766811902755,0.8025840133656091,0.0105,1.0,3
path,20,0.1,1.5,19,1.9,1.905,38.0,112.0,0.024623318809724182,3.9753766811902755,0.8066449071717655,0.013,1.0,4
path,20,0.1,1.5,19,1.9,1.9015,38.0,112.0,0.024623318809724182,3.9753766811902755,0.8350310326343101,0.0095,1.0,5
path,20,0.1,1.5,19,1.9,1.9035,38.0,112.0,0.024623318809724182,3.9753766811902755,0.8317106112870374,0.0065,1.0,6
path,20,0.1,1.5,19,1.9,1.904,38.0,112.0,0.024623318809724182,3.9753766811902755,0.8429547338994934,0.009,1.0,7
path,20,0.1,1.5,19,1.9,1.898,38.0,112.0,0.024623318809724182,3.9753766811902755,0.7724826367908849,0.014,1.0,8
path,20,0.1,1.5,19,1.9,1.888,38.0,112.0,0.024623318809724182,3.9753766811902755,0.7765046495226968,0.015,1.0,9
path,20,0.1,1.5,19,1.9,1.9065,38.0,112.0,0.024623318809724182,3.9753766811902755,0.8115821760406371,0.0095,1.0,10
path,20,0.1,1.5,19,1.9,1.897,38.0,112.0,0.024623318809724182,3.9753766811902755,0.8343247180111772,0.007,1.0,11
path,20,0.1,1.5,19,1.9,1.897,38.0,112.0,0.024623318809724182,3.9753766811902755,0.8367906912743156,0.0075,1.0,12
path,20,0.1,1.5,19,1.9,1.894,38.0,112.0,0.024623318809724182,3.9753766811902755,0.8044063838218428,0.013,1.0,13
path,20,0.1,1.5,19,1.9,1.905,38.0,112.0,0.024623318809724182,3.9753766811902755,0.795628973002203,0.0145,1.0,14
path,20,0.1,1.5,19,1.9,1.902,38.0,112.0,0.024623318809724182,3.9753766811902755,0.8640029577231787,0.0095,1.0,15
path,20,0.1,1.5,19,1.9,1.9075,38.0,112.0,0.024623318809724182,3.9753766811902755,0.7909049162745525,0.014,1.0,16
path,20,0.1,1.5,19,1.9,1.9015,38.0,112.0,0.024623318809724182,3.9753766811902755,0.8277757924886987,0.011,1.0,17
path,20,0.1,1.5,19,1.9,1.904,38.0,112.0,0.024623318809724182,3.9753766811902755,0.8395014542134766,0.006,1.0,18
path,20,0.1,1.5,19,1.9,1.8975,38.0,112.0,0.024623318809724182,3.9753766811902755,0.8356253451459933,0.009,1.0,19
path,20,0.1,2.0,19,1.9,1.9045,38.0,112.0,0.024623318809724182,3.9753766811902755,0.8129735411955051,0.011,1.0,0
path,20,0.1,2.0,19,1.9,1.89,38.0,112.0,0.024623318809724182,3.9753766811902755,0.8742855267367289,0.007,1.0,1
path,20,0.1,2.0,19,1.9,1.916,38.0,112.0,0.024623318809724182,3.9753766811902755,0.8402503101208862,0.0075,1.0,2
path,20,0.1,2.0,19,1.9,1.9075,38.0,112.0,0.024623318809724182,3.9753766811902755,0.8095128231585221,0.011,1.0,3
path,20,0.1,2.0,19,1.9,1.9045,38.0,112.0,0.024623318809724182,3.9753766811902755,0.8504927349712244,0.0035,1.0,4
path,20,0.1,2.0,19,1.9,1.9165,38.0,112.0,0.024623318809724182,3.9753766811902755,0.8530040978354932,0.0065,1.0,5
path,20,0.1,2.0,19,1.9,1.8935,38.0,112.0,0.024623318809724182,3.9753766811902755,0.8029567475471054,0.01,1.0,6
path,20,0.1,2.0,19,1.9,1.904,38.0,112.0,0.024623318809724182,3.9753766811902755,0.8249350111123924,0.008,1.0,7
path,20,0.1,2.0,19,1.9,1.9085,38.0,112.0,0.024623318809724182,3.9753766811902755,0.8298468384057625,0.008,1.0,8
path,20,0.1,2.0,19,1.9,1.909,38.0,112.0,0.024623318809724182,3.9753766811902755,0.8326734676881407,0.009,1.0,9
path,20,0.1,2.0,19,1.9,1.8985,38.0,112.0,0.024623318809724182,3.9753766811902755,0.8363352309886186,0.0085,1.0,10
path,20,0.1,2.0,19,1.9,1.8995,38.0,112.0,0.024623318809724182,3.9753766811902755,0.8301289820554963,0.0095,1.0,11
path,20,0.1,2.0,19,1.9,1.8955,38.0,112.0,0.024623318809724182,3.9753766811902755,0.8059801354197941,0.01,1.0,12
path,20,0.1,2.0,19,1.9,1.894,38.0,112.0,0.024623318809724182,3.9753766811902755,0.8173484779438791,0.0105,1.0,13
path,20,0.1,2.0,19,1.9,1.8975,38.0,112.0,0.024623318809724182,3.9753766811902755,0.802309953473028,0.015,1.0,14
path,20,0.1,2.0,19,1.9,1.903,38.0,112.0,0.024623318809724182,3.9753766811902755,0.8013224624879735,0.0115,1.0,15
path,20,0.1,2.0,19,1.9,1.899,38.0,112.0,0.024623318809724182,3.9753766811902755,0.8231219598919366,0.008,1.0,16
path,20,0.1,2.0,19,1.9,1.896,38.0,112.0,0.024623318809724182,3.9753766811902755,0.8363339492354056,0.0065,1.0,17
path,20,0.1,2.0,19,1.9,1.899,38.0,112.0,0.024623318809724182,3.9753766811902755,0.8062344803889429,0.0115,1.0,18
path,20,0.1,2.0,19,1.9,1.902,38.0,112.0,0.024623318809724182,3.9753766811902755,0.8394580238912253,0.0085,1.0,19
path,20,0.1,3.0,19,1.9,1.9035,38.0,112.0,0.024623318809724182,3.9753766811902755,0.8090985231400839,0.0125,1.0,0
path,20,0.1,3.0,19,1.9,1.902,38.0,112.0,0.024623318809724182,3.9753766811902755,0.8143398458478107,0.01,1.0,1
path,20,0.1,3.0,19,1.9,1.888,38.0,112.0,0.024623318809724182,3.9753766811902755,0.8553520124239492,0.0085,1.0,2
path,20,0.1,3.0,19,1.9,1.9,38.0,112.0,0.024623318809724182,3.9753766811902755,0.82986610260027,0.011,1.0,3
path,20,0.1,3.0,19,1.9,1.91,38.0,112.0,0.024623318809724182,3.9753766811902755,0.8232150616826912,0.0095,1.0,4
path,20,0.1,3.0,19,1.9,1.9005,38.0,112.0,0.024623318809724182,3.9753766811902755,0.798881666392207,0.012,1.0,5
path,20,0.1,3.0,19,1.9,1.8955,38.0,112.0,0.024623318809724182,3.9753766811902755,0.9010032471330898,0.0045,1.0,6
path,20,0.1,3.0,19,1.9,1.898,38.0,112.0,0.024623318809724182,3.9753766811902755,0.7996475305899917,0.012,1.0,7
path,20,0.1,3.0,19,1.9,1.905,38.0,112.0,0.024623318809724182,3.9753766811902755,0.7980576105244571,0.0135,1.0,8
path,20,0.1,3.0,19,1.9,1.901,38.0,112.0,0.024623318809724182,3.9753766811902755,0.8060470575287804,0.012,1.0,9
path,20,0.1,3.0,19,1.9,1.907,38.0,112.0,0.024623318809724182,3.9753766811902755,0.8223946755271966,0.0145,1.0,10
path,20,0.1,3.0,19,1.9,1.8915,38.0,112.0,0.024623318809724182,3.9753766811902755,0.8228085227652127,0.011,1.0,11
path,20,0.1,3.0,19,1.9,1.896,38.0,112.0,0.024623318809724182,3.9753766811902755,0.8076557541142292,0.0125,1.0,12
path,20,0.1,3.0,19,1.9,1.9105,38.0,112.0,0.024623318809724182,3.9753766811902755,0.8478267387044204,0.0085,1.0,13
path,20,0.1,3.0,19,1.9,1.903,38.0,112.0,0.024623318809724182,3.9753766811902755,0.8543533667374805,0.008,1.0,14
path,20,0.1,3.0,19,1.9,1.91,38.0,112.0,0.024623318809724182,3.9753766811902755,0.8139750715921746,0.013,1.0,15
path,20,0.1,3.0,19,1.9,1.8925,38.0,112.0,0.024623318809724182,3.9753766811902755,0.8016986459995434,0.0105,1.0,16
path,20,0.1,3.0,19,1.9,1.8895,38.0,112.0,0.024623318809724182,3.9753766811902755,0.8303544447112834,0.008,1.0,17
path,20,0.1,3.0,19,1.9,1.9035,38.0,112.0,0.024623318809724182,3.9753766811902755,0.7933092443503895,0.0105,1.0,18
path,20,0.1,3.0,19,1.9,1.9,38.0,112.0,0.024623318809724182,3.9753766811902755,0.8061144043616885,0.0065,1.0,19
path,20,0.2,0.5,19,1.9,1.9005,38.0,112.0,0.024623318809724182,3.9753766811902755,3.321347671591552,0.0075,0.0525,0
path,20,0.2,0.5,19,1.9,1.895,38.0,112.0,0.024623318809724182,3.9753766811902755,3.24244207888791,0.01,0.069,1
path,20,0.2,0.5,19,1.9,1.9055,38.0,112.0,0.024623318809724182,3.9753766811902755,3.2962380127195012,0.0075,0.0575,2
path,20,0.2,0.5,19,1.9,1.901,38.0,112.0,0.024623318809724182,3.9753766811902755,3.2519893319416537,0.008,0.062,3
path,20,0.2,0.5,19,1.9,1.893,38.0,112.0,0.024623318809724182,3.9753766811902755,3.267938087472987,0.013,0.056,4
path,20,0.2,0.5,19,1.9,1.899,38.0,112.0,0.024623318809724182,3.9753766811902755,3.2692238708765893,0.0095,0.069,5
path,20,0.2,0.5,19,1.9,1.899,38.0,112.0,0.024623318809724182,3.9753766811902755,3.2232442463319533,0.0105,0.069,6
path,20,0.2,0.5,19,1.9,1.901,38.0,112.0,0.024623318809724182,3.9753766811902755,3.2515354451962435,0.01,0.0705,7
path,20,0.2,0.5,19,1.9,1.8965,38.0,112.0,0.024623318809724182,3.9753766811902755,3.3443677215806735,0.011,0.06,8
path,20,0.2,0.5,19,1.9,1.908,38.0,112.0,0.024623318809724182,3.9753766811902755,3.2398864796345657,0.0145,0.0635,9
path,20,0.2,0.5,19,1.9,1.898,38.0,112.0,0.024623318809724182,3.9753766811902755,3.3539872206639663,0.011,0.062,10
path,20,0.2,0.5,19,1.9,1.8945,38.0,112.0,0.024623318809724182,3.9753766811902755,3.20568585641263,0.0135,0.086,11
path,20,0.2,0.5,19,1.9,1.8985,38.0,112.0,0.024623318809724182,3.9753766811902755,3.219514363695513,0.0145,0.073,12
path,20,0.2,0.5,19,1.9,1.9135,38.0,112.0,0.024623318809724182,3.9753766811902755,3.1600570724331822,0.011,0.0755,13
path,20,0.2,0.5,19,1.9,1.895,38.0,112.0,0.024623318809724182,3.9753766811902755,3.176702315684456,0.019,0.0815,14
path,20,0.2,0.5,19,1.9,1.8945,38.0,112.0,0.024623318809724182,3.9753766811902755,3.2154733076369255,0.0125,0.07,15
path,20,0.2,0.5,19,1.9,1.9045,38.0,112.0,0.024623318809724182,3.9753766811902755,3.258745512322857,0.011,0.0595,16
path,20,0.2,0.5,19,1.9,1.9115,38.0,112.0,0.024623318809724182,3.9753766811902755,3.223131896376751,0.007,0.0635,17
path,20,0.2,0.5,19,1.9,1.913,38.0,112.0,0.024623318809724182,3.9753766811902755,3.4273906175242503,0.005,0.038,18
path,20,0.2,0.5,19,1.9,1.9025,38.0,112.0,0.024623318809724182,3.9753766811902755,3.352529898800848,0.0065,0.059,19
path,20,0.2,1.0,19,1.9,1.899,38.0,112.0,0.024623318809724182,3.9753766811902755,3.1418775937793386,0.0175,0.559,0
path,20,0.2,1.0,19,1.9,1.894,38.0,112.0,0.024623318809724182,3.9753766811902755,3.2952722481575445,0.0055,0.4875,1
path,20,0.2,1.0,19,1.9,1.905,38.0,112.0,0.024623318809724182,3.9753766811902755,3.1879392654405914,0.0135,0.5255,2
path,20,0.2,1.0,19,1.9,1.8955,38.0,112.0,0.024623318809724182,3.9753766811902755,3.2256481284564593,0.013,0.5135,3
path,20,0.2,1.0,19,1.9,1.9005,38.0,112.0,0.024623318809724182,3.9753766811902755,3.2489155311677624,0.01,0.5165,4
path,20,0.2,1.0,19,1.9,1.894,38.0,112.0,0.024623318809724182,3.9753766811902755,3.22665219455886,0.014,0.5055,5
path,20,0.2,1.0,19,1.9,1.898,38.0,112.0,0.024623318809724182,3.9753766811902755,3.424732180686383,0.004,0.4675,6
path,20,0.2,1.0,19,1.9,1.8985,38.0,112.0,0.024623318809724182,3.9753766811902755,3.153419112499002,0.0115,0.549,7
path,20,0.2,1.0,19,1.9,1.909,38.0,112.0,0.024623318809724182,3.9753766811902755,3.2849189277646613,0.011,0.5225,8
path,20,0.2,1.0,19,1.9,1.896,38.0,112.0,0.024623318809724182,3.9753766811902755,3.347723661550188,0.009,0.4805,9
path,20,0.2,1.0,19,1.9,1.91,38.0,112.0,0.024623318809724182,3.9753766811902755,3.263504483147908,0.0125,0.5215,10
path,20,0.2,1.0,19,1.9,1.904,38.0,112.0,0.024623318809724182,3.9753766811902755,3.1184132394059834,0.014,0.562,11
path,20,0.2,1.0,19,1.9,1.8955,38.0,112.0,0.024623318809724182,3.9753766811902755,3.3061156950326853,0.011,0.4905,12
path,20,0.2,1.0,19,1.9,1.907,38.0,112.0,0.024623318809724182,3.9753766811902755,3.3276475415327673,0.009,0.5105,13
path,20,0.2,1.0,19,1.9,1.8975,38.0,112.0,0.024623318809724182,3.9753766811902755,3.314547424047753,0.0095,0.488,14
path,20,0.2,1.0,19,1.9,1.901,38.0,112.0,0.024623318809724182,3.9753766811902755,3.3031861884359164,0.0085,0.4905,15
path,20,0.2,1.0,19,1.9,1.9025,38.0,112.0,0.024623318809724182,3.9753766811902755,3.1308819010116578,0.011,0.5615,16
path,20,0.2,1.0,19,1.9,1.903,38.0,112.0,0.024623318809724182,3.9753766811902755,3.2727731237616196,0.0135,0.5265,17
path,20,0.2,1.0,19,1.9,1.891,38.0,112.0,0.024623318809724182,3.9753766811902755,3.3837605366800836,0.008,0.4615,18
path,20,0.2,1.0,19,1.9,1.8895,38.0,112.0,0.024623318809724182,3.9753766811902755,3.236559535448186,0.0115,0.5135,19
path,20,0.2,1.5,19,1.9,1.897,38.0,112.0,0.024623318809724182,3.9753766811902755,3.2330886986820624,0.0085,0.948,0
path,20,0.2,1.5,19,1.9,1.8965,38.0,112.0,0.024623318809724182,3.9753766811902755,3.1648174578298356,0.012,0.9525,1
path,20,0.2,1.5,19,1.9,1.8975,38.0,112.0,0.024623318809724182,3.9753766811902755,3.1509156786818524,0.0155,0.955,2
path,20,0.2,1.5,19,1.9,1.907,38.0,112.0,0.024623318809724182,3.9753766811902755,3.2153313868131375,0.0095,0.9515,3
path,20,0.2,1.5,19,1.9,1.9035,38.0,112.0,0.024623318809724182,3.9753766811902755,3.29114013557793,0.011,0.943,4
path,20,0.2,1.5,19,1.9,1.9005,38.0,112.0,0.024623318809724182,3.9753766811902755,3.238860965342871,0.0125,0.9385,5
path,20,0.2,1.5,19,1.9,1.9005,38.0,112.0,0.024623318809724182,3.9753766811902755,3.45717869429215,0.005,0.93,6
path,20,0.2,1.5,19,1.9,1.9,38.0,112.0,0.024623318809724182,3.9753766811902755,3.2357874048456186,0.0075,0.951,7
path,20,0.2,1.5,19,1.9,1.892,38.0,112.0,0.024623318809724182,3.9753766811902755,3.2942393213338472,0.0095,0.9345,8
path,20,0.2,1.5,19,1.9,1.8985,38.0,112.0,0.024623318809724182,3.9753766811902755,3.1731153793039413,0.016,0.951,9
path,20,0.2,1.5,19,1.9,1.901,38.0,112.0,0.024623318809724182,3.9753766811902755,3.198666519671306,0.0155,0.9455,10
path,20,0.2,1.5,19,1.9,1.889,38.0,112.0,0.024623318809724182,3.9753766811902755,3.279778323157978,0.0065,0.943,11
path,20,0.2,1.5,19,1.9,1.895,38.0,112.0,0.024623318809724182,3.9753766811902755,3.4341948682113888,0.0065,0.9295,12
path,20,0.2,1.5,19,1.9,1.9125,38.0,112.0,0.024623318809724182,3.9753766811902755,3.14269084813523,0.0155,0.9625,13
path,20,0.2,1.5,19,1.9,1.905,38.0,112.0,0.024623318809724182,3.9753766811902755,3.153736776208438,0.013,0.9565,14
path,20,0.2,1.5,19,1.9,1.906,38.0,112.0,0.024623318809724182,3.9753766811902755,3.2557340046276857,0.011,0.948,15
path,20,0.2,1.5,19,1.9,1.9085,38.0,112.0,0.024623318809724182,3.9753766811902755,3.171782262884058,0.013,0.9475,16
path,20,0.2,1.5,19,1.9,1.8885,38.0,112.0,0.024623318809724182,3.9753766811902755,3.283591299299031,0.013,0.9405,17
path,20,0.2,1.5,19,1.9,1.894,38.0,112.0,0.024623318809724182,3.9753766811902755,3.2128957064135544,0.012,0.9525,18
path,20,0.2,1.5,19,1.9,1.903,38.0,112.0,0.024623318809724182,3.9753766811902755,3.268438426322336,0.008,0.9405,19
path,20,0.2,2.0,19,1.9,1.903,38.0,112.0,0.024623318809724182,3.9753766811902755,3.3155671159008158,0.0085,0.998,0
path,20,0.2,2.0,19,1.9,1.901,38.0,112.0,0.024623318809724182,3.9753766811902755,3.2002056669439893,0.0105,0.997,1
path,20,0.2,2.0,19,1.9,1.9025,38.0,112.0,0.024623318809724182,3.9753766811902755,3.2647423376346256,0.013,0.997,2
path,20,0.2,2.0,19,1.9,1.8995,38.0,112.0,0.024623318809724182,3.9753766811902755,3.280688510847457,0.011,0.9985,3
path,20,0.2,2.0,19,1.9,1.9,38.0,112.0,0.024623318809724182,3.9753766811902755,3.1780050572292864,0.0125,0.9975,4
path,20,0.2,2.0,19,1.9,1.9025,38.0,112.0,0.024623318809724182,3.9753766811902755,3.1873313947496045,0.0125,0.999,5
path,20,0.2,2.0,19,1.9,1.904,38.0,112.0,0.024623318809724182,3.9753766811902755,3.2199010504903103,0.0105,0.9985,6
path,20,0.2,2.0,19,1.9,1.903,38.0,112.0,0.024623318809724182,3.9753766811902755,3.3401955590344197,0.006,0.999,7
path,20,0.2,2.0,19,1.9,1.913,38.0,112.0,0.024623318809724182,3.9753766811902755,3.338165752424513,0.01,0.998,8
path,20,0.2,2.0,19,1.9,1.8975,38.0,112.0,0.024623318809724182,3.9753766811902755,3.1386300621348306,0.012,0.9975,9
path,20,0.2,2.0,19,1.9,1.902,38.0,112.0,0.024623318809724182,3.9753766811902755,3.15974582070107,0.0145,0.998,10
path,20,0.2,2.0,19,1.9,1.8915,38.0,112.0,0.024623318809724182,3.9753766811902755,3.2029896188998332,0.012,0.9975,11
path,20,0.2,2.0,19,1.9,1.886,38.0,112.0,0.024623318809724182,3.9753766811902755,3.2351464378816024,0.0145,0.996,12
path,20,0.2,2.0,19,1.9,1.8965,38.0,112.0,0.024623318809724182,3.9753766811902755,3.2247391105602428,0.0115,0.9975,13
path,20,0.2,2.0,19,1.9,1.8935,38.0,112.0,0.024623318809724182,3.9753766811902755,3.456019081107015,0.0075,0.996,14
path,20,0.2,2.0,19,1.9,1.8995,38.0,112.0,0.024623318809724182,3.9753766811902755,3.14502735159017,0.0105,0.998,15
path,20,0.2,2.0,19,1.9,1.8985,38.0,112.0,0.024623318809724182,3.9753766811902755,3.247018709247933,0.0085,0.998,16
path,20,0.2,2.0,19,1.9,1.906,38.0,112.0,0.024623318809724182,3.9753766811902755,3.4327129109820476,0.0055,0.995,17
path,20,0.2,2.0,19,1.9,1.905,38.0,112.0,0.024623318809724182,3.9753766811902755,3.237484204243935,0.0115,0.999,18
path,20,0.2,2.0,19,1.9,1.903,38.0,112.0,0.024623318809724182,3.9753766811902755,3.1515102301735745,0.0145,0.999,19
path,20,0.2,3.0,19,1.9,1.905,38.0,112.0,0.024623318809724182,3.9753766811902755,3.3280426125075993,0.011,1.0,0
path,20,0.2,3.0,19,1.9,1.8995,38.0,112.0,0.024623318809724182,3.9753766811902755,3.2506639147923173,0.017,1.0,1
path,20,0.2,3.0,19,1.9,1.8995,38.0,112.0,0.024623318809724182,3.9753766811902755,3.2574181583514106,0.0105,1.0,2
path,20,0.2,3.0,19,1.9,1.91,38.0,112.0,0.024623318809724182,3.9753766811902755,3.1850383942745846,0.013,1.0,3
path,20,0.2,3.0,19,1.9,1.901,38.0,112.0,0.024623318809724182,3.9753766811902755,3.2777666393211735,0.008,1.0,4
path,20,0.2,3.0,19,1.9,1.8955,38.0,112.0,0.024623318809724182,3.9753766811902755,3.3574506332614775,0.01,1.0,5
path,20,0.2,3.0,19,1.9,1.8855,38.0,112.0,0.024623318809724182,3.9753766811902755,3.368927912516855,0.01,1.0,6
path,20,0.2,3.0,19,1.9,1.9095,38.0,112.0,0.024623318809724182,3.9753766811902755,3.2150333330325234,0.0095,1.0,7
path,20,0.2,3.0,19,1.9,1.903,38.0,112.0,0.024623318809724182,3.9753766811902755,3.3380778780783267,0.0095,1.0,8
path,20,0.2,3.0,19,1.9,1.892,38.0,112.0,0.024623318809724182,3.9753766811902755,3.29903686192089,0.0075,1.0,9
path,20,0.2,3.0,19,1.9,1.9075,38.0,112.0,0.024623318809724182,3.9753766811902755,3.3905233565070803,0.0125,1.0,10
path,20,0.2,3.0,19,1.9,1.8985,38.0,112.0,0.024623318809724182,3.9753766811902755,3.2381797235288716,0.011,1.0,11
path,20,0.2,3.0,19,1.9,1.897,38.0,112.0,0.024623318809724182,3.9753766811902755,3.2529229845803744,0.011,1.0,12
path,20,0.2,3.0,19,1.9,1.908,38.0,112.0,0.024623318809724182,3.9753766811902755,3.3531270334031693,0.0075,1.0,13
path,20,0.2,3.0,19,1.9,1.8995,38.0,112.0,0.024623318809724182,3.9753766811902755,3.3121577671812337,0.012,1.0,14
path,20,0.2,3.0,19,1.9,1.8995,38.0,112.0,0.024623318809724182,3.9753766811902755,3.3074296865236277,0.006,1.0,15
path,20,0.2,3.0,19,1.9,1.9,38.0,112.0,0.024623318809724182,3.9753766811902755,3.443258734422543,0.0065,1.0,16
path,20,0.2,3.0,19,1.9,1.894,38.0,112.0,0.024623318809724182,3.9753766811902755,3.2241827119630115,0.011,1.0,17
path,20,0.2,3.0,19,1.9,1.888,38.0,112.0,0.024623318809724182,3.9753766811902755,3.2540406248588405,0.013,1.0,18
path,20,0.2,3.0,19,1.9,1.9065,38.0,112.0,0.024623318809724182,3.9753766811902755,3.3973392121200336,0.006,1.0,19
path,20,0.3,0.5,19,1.9,1.908,38.0,112.0,0.024623318809724182,3.9753766811902755,7.2022028542284335,0.0135,0.0315,0
path,20,0.3,0.5,19,1.9,1.902,38.0,112.0,0.024623318809724182,3.9753766811902755,7.34880382251902,0.0105,0.026,1
path,20,0.3,0.5,19,1.9,1.8965,38.0,112.0,0.024623318809724182,3.9753766811902755,7.229421014979388,0.015,0.0335,2
path,20,0.3,0.5,19,1.9,1.8905,38.0,112.0,0.024623318809724182,3.9753766811902755,7.339658690891558,0.013,0.0185,3
path,20,0.3,0.5,19,1.9,1.8985,38.0,112.0,0.024623318809724182,3.9753766811902755,7.723475799046193,0.0075,0.019,4
path,20,0.3,0.5,19,1.9,1.899,38.0,112.0,0.024623318809724182,3.9753766811902755,7.314062704036733,0.0115,0.0255,5
path,20,0.3,0.5,19,1.9,1.892,38.0,112.0,0.024623318809724182,3.9753766811902755,6.835280638911217,0.0165,0.0465,6
path,20,0.3,0.5,19,1.9,1.896,38.0,112.0,0.024623318809724182,3.9753766811902755,7.3569722824387345,0.012,0.028,7
path,20,0.3,0.5,19,1.9,1.9095,38.0,112.0,0.024623318809724182,3.9753766811902755,7.390707228304013,0.0085,0.03,8
path,20,0.3,0.5,19,1.9,1.895,38.0,112.0,0.024623318809724182,3.9753766811902755,7.495456499359209,0.0105,0.019,9
path,20,0.3,0.5,19,1.9,1.911,38.0,112.0,0.024623318809724182,3.9753766811902755,7.4089082371385855,0.0095,0.0295,10
path,20,0.3,0.5,19,1.9,1.902,38.0,112.0,0.024623318809724182,3.9753766811902755,7.381365680713823,0.0105,0.027,11
path,20,0.3,0.5,19,1.9,1.9035,38.0,112.0,0.024623318809724182,3.9753766811902755,7.215036264361897,0.0135,0.034,12
path,20,0.3,0.5,19,1.9,1.909,38.0,112.0,0.024623318809724182,3.9753766811902755,7.2568837801307176,0.0105,0.034,13
path,20,0.3,0.5,19,1.9,1.9025,38.0,112.0,0.024623318809724182,3.9753766811902755,7.4098557203488795,0.0075,0.0325,14
path,20,0.3,0.5,19,1.9,1.9095,38.0,112.0,0.024623318809724182,3.9753766811902755,7.044452148998628,0.0165,0.0375,15
path,20,0.3,0.5,19,1.9,1.907,38.0,112.0,0.024623318809724182,3.9753766811902755,7.503739925177194,0.007,0.0235,16
path,20,0.3,0.5,19,1.9,1.9005,38.0,112.0,0.024623318809724182,3.9753766811902755,7.145385871705231,0.0175,0.039,17
path,20,0.3,0.5,19,1.9,1.9105,38.0,112.0,0.024623318809724182,3.9753766811902755,7.576229109111541,0.007,0.0225,18
path,20,0.3,0.5,19,1.9,1.8965,38.0,112.0,0.024623318809724182,3.9753766811902755,7.526151395238991,0.011,0.023,19
path,20,0.3,1.0,19,1.9,1.8955,38.0,112.0,0.024623318809724182,3.9753766811902755,7.502621769905877,0.0145,0.138,0
path,20,0.3,1.0,19,1.9,1.903,38.0,112.0,0.024623318809724182,3.9753766811902755,7.171580259072643,0.012,0.173,1
path,20,0.3,1.0,19,1.9,1.895,38.0,112.0,0.024623318809724182,3.9753766811902755,7.559684453863027,0.007,0.131,2
path,20,0.3,1.0,19,1.9,1.9045,38.0,112.0,0.024623318809724182,3.9753766811902755,7.471636105474825,0.0085,0.127,3
path,20,0.3,1.0,19,1.9,1.8995,38.0,112.0,0.024623318809724182,3.9753766811902755,7.060368530656036,0.0155,0.17,4
path,20,0.3,1.0,19,1.9,1.8955,38.0,112.0,0.024623318809724182,3.9753766811902755,7.856923982238312,0.0065,0.1005,5
path,20,0.3,1.0,19,1.9,1.8995,38.0,112.0,0.024623318809724182,3.9753766811902755,7.419507743085349,0.01,0.1515,6
path,20,0.3,1.0,19,1.9,1.8985,38.0,112.0,0.024623318809724182,3.9753766811902755,7.320247707340266,0.0105,0.146,7
path,20,0.3,1.0,19,1.9,1.9035,38.0,112.0,0.024623318809724182,3.9753766811902755,7.397514414770982,0.011,0.148,8
path,20,0.3,1.0,19,1.9,1.9015,38.0,112.0,0.024623318809724182,3.9753766811902755,7.612661852231704,0.008,0.1255,9
path,20,0.3,1.0,19,1.9,1.913,38.0,112.0,0.024623318809724182,3.9753766811902755,7.4883452939311805,0.0065,0.1445,10
path,20,0.3,1.0,19,1.9,1.8935,38.0,112.0,0.024623318809724182,3.9753766811902755,7.881296280600245,0.0025,0.11,11
path,20,0.3,1.0,19,1.9,1.912,38.0,112.0,0.024623318809724182,3.9753766811902755,6.968214061595116,0.014,0.1895,12
path,20,0.3,1.0,19,1.9,1.9015,38.0,112.0,0.024623318809724182,3.9753766811902755,7.444521545273208,0.005,0.1455,13
path,20,0.3,1.0,19,1.9,1.892,38.0,112.0,0.024623318809724182,3.9753766811902755,7.302169554757798,0.01,0.138,14
path,20,0.3,1.0,19,1.9,1.8995,38.0,112.0,0.024623318809724182,3.9753766811902755,6.98121596450859,0.021,0.168,15
path,20,0.3,1.0,19,1.9,1.914,38.0,112.0,0.024623318809724182,3.9753766811902755,7.2923569834298165,0.0155,0.15,16
path,20,0.3,1.0,19,1.9,1.902,38.0,112.0,0.024623318809724182,3.9753766811902755,7.2257835892301,0.0115,0.1575,17
path,20,0.3,1.0,19,1.9,1.907,38.0,112.0,0.024623318809724182,3.9753766811902755,7.31898872723791,0.0105,0.152,18
path,20,0.3,1.0,19,1.9,1.9025,38.0,112.0,0.024623318809724182,3.9753766811902755,7.3397748205709314,0.0115,0.151,19
path,20,0.3,1.5,19,1.9,1.907,38.0,112.0,0.024623318809724182,3.9753766811902755,7.749562368779523,0.008,0.472,0
path,20,0.3,1.5,19,1.9,1.9145,38.0,112.0,0.024623318809724182,3.9753766811902755,7.25107704107483,0.0105,0.517,1
path,20,0.3,1.5,19,1.9,1.894,38.0,112.0,0.024623318809724182,3.9753766811902755,7.660565842231029,0.006,0.4585,2
path,20,0.3,1.5,19,1.9,1.914,38.0,112.0,0.024623318809724182,3.9753766811902755,7.312231409809616,0.0105,0.504,3
path,20,0.3,1.5,19,1.9,1.901,38.0,112.0,0.024623318809724182,3.9753766811902755,7.619156879050389,0.0075,0.4735,4
path,20,0.3,1.5,19,1.9,1.906,38.0,112.0,0.024623318809724182,3.9753766811902755,7.074189948919245,0.0165,0.558,5
path,20,0.3,1.5,19,1.9,1.9015,38.0,112.0,0.024623318809724182,3.9753766811902755,7.465289241333242,0.0115,0.4785,6
path,20,0.3,1.5,19,1.9,1.899,38.0,112.0,0.024623318809724182,3.9753766811902755,7.430599934918555,0.0105,0.5075,7
path,20,0.3,1.5,19,1.9,1.8945,38.0,112.0,0.024623318809724182,3.9753766811902755,7.132233091530936,0.013,0.5345,8
path,20,0.3,1.5,19,1.9,1.909,38.0,112.0,0.024623318809724182,3.9753766811902755,7.293550684289558,0.0065,0.526,9
path,20,0.3,1.5,19,1.9,1.9075,38.0,112.0,0.024623318809724182,3.9753766811902755,7.597952787536453,0.0095,0.4795,10
path,20,0.3,1.5,19,1.9,1.902,38.0,112.0,0.024623318809724182,3.9753766811902755,7.238852740465637,0.0065,0.531,11
path,20,0.3,1.5,19,1.9,1.9015,38.0,112.0,0.024623318809724182,3.9753766811902755,7.427511826900202,0.0085,0.498,12
path,20,0.3,1.5,19,1.9,1.902,38.0,112.0,0.024623318809724182,3.9753766811902755,7.480619336666909,0.007,0.47,13
path,20,0.3,1.5,19,1.9,1.8935,38.0,112.0,0.024623318809724182,3.9753766811902755,7.202704633430433,0.01,0.503,14
path,20,0.3,1.5,19,1.9,1.9,38.0,112.0,0.024623318809724182,3.9753766811902755,7.5135875689852565,0.009,0.497,15
path,20,0.3,1.5,19,1.9,1.9035,38.0,112.0,0.024623318809724182,3.9753766811902755,7.226510564011914,0.0105,0.5375,16
path,20,0.3,1.5,19,1.9,1.903,38.0,112.0,0.024623318809724182,3.9753766811902755,7.471444402652803,0.009,0.454,17
path,20,0.3,1.5,19,1.9,1.9065,38.0,112.0,0.024623318809724182,3.9753766811902755,7.742617132367186,0.006,0.4375,18
path,20,0.3,1.5,19,1.9,1.9,38.0,112.0,0.024623318809724182,3.9753766811902755,7.234756299677601,0.009,0.5205,19
path,20,0.3,2.0,19,1.9,1.8915,38.0,112.0,0.024623318809724182,3.9753766811902755,7.4147239058873256,0.005,0.8475,0
path,20,0.3,2.0,19,1.9,1.8965,38.0,112.0,0.024623318809724182,3.9753766811902755,7.177665067832329,0.0135,0.8735,1
path,20,0.3,2.0,19,1.9,1.888,38.0,112.0,0.024623318809724182,3.9753766811902755,7.30778064107828,0.014,0.869,2
path,20,0.3,2.0,19,1.9,1.9005,38.0,112.0,0.024623318809724182,3.9753766811902755,7.446900010989628,0.0075,0.8415,3
path,20,0.3,2.0,19,1.9,1.897,38.0,112.0,0.024623318809724182,3.9753766811902755,7.360612683777018,0.008,0.865,4
path,20,0.3,2.0,19,1.9,1.895,38.0,112.0,0.024623318809724182,3.9753766811902755,7.378169805491098,0.0085,0.86,5
path,20,0.3,2.0,19,1.9,1.9135,38.0,112.0,0.024623318809724182,3.9753766811902755,7.248444119801767,0.012,0.876,6
path,20,0.3,2.0,19,1.9,1.9025,38.0,112.0,0.024623318809724182,3.9753766811902755,7.436473614655007,0.009,0.859,7
path,20,0.3,2.0,19,1.9,1.915,38.0,112.0,0.024623318809724182,3.9753766811902755,7.497517618372054,0.012,0.8665,8
path,20,0.3,2.0,19,1.9,1.9005,38.0,112.0,0.024623318809724182,3.9753766811902755,7.655106273650248,0.0065,0.8455,9
path,20,0.3,2.0,19,1.9,1.8965,38.0,112.0,0.024623318809724182,3.9753766811902755,7.555737824842279,0.0035,0.846,10
path,20,0.3,2.0,19,1.9,1.91,38.0,112.0,0.024623318809724182,3.9753766811902755,7.004753064540838,0.011,0.889,11
path,20,0.3,2.0,19,1.9,1.8905,38.0,112.0,0.024623318809724182,3.9753766811902755,7.53561678391274,0.0085,0.832,12
path,20,0.3,2.0,19,1.9,1.8985,38.0,112.0,0.024623318809724182,3.9753766811902755,7.220500362244086,0.0135,0.8765,13
path,20,0.3,2.0,19,1.9,1.9005,38.0,112.0,0.024623318809724182,3.9753766811902755,7.248694917625115,0.012,0.8775,14
path,20,0.3,2.0,19,1.9,1.888,38.0,112.0,0.024623318809724182,3.9753766811902755,7.311852795417129,0.0135,0.86,15
path,20,0.3,2.0,19,1.9,1.9035,38.0,112.0,0.024623318809724182,3.9753766811902755,7.415772999812978,0.009,0.856,16
path,20,0.3,2.0,19,1.9,1.905,38.0,112.0,0.024623318809724182,3.9753766811902755,7.260865377743298,0.0115,0.8775,17
path,20,0.3,2.0,19,1.9,1.906,38.0,112.0,0.024623318809724182,3.9753766811902755,7.432925240435815,0.0115,0.864,18
path,20,0.3,2.0,19,1.9,1.909,38.0,112.0,0.024623318809724182,3.9753766811902755,7.5160752291929755,0.0085,0.8565,19
path,20,0.3,3.0,19,1.9,1.891,38.0,112.0,0.024623318809724182,3.9753766811902755,7.224313939714189,0.0155,0.998,0
path,20,0.3,3.0,19,1.9,1.91,38.0,112.0,0.024623318809724182,3.9753766811902755,7.62009255893451,0.0065,0.998,1
path,20,0.3,3.0,19,1.9,1.8945,38.0,112.0,0.024623318809724182,3.9753766811902755,7.238941183748161,0.01,0.9975,2
path,20,0.3,3.0,19,1.9,1.9045,38.0,112.0,0.024623318809724182,3.9753766811902755,7.5645339574216,0.0095,0.9975,3
path,20,0.3,3.0,19,1.9,1.9025,38.0,112.0,0.024623318809724182,3.9753766811902755,7.393396020816577,0.0115,0.9975,4
path,20,0.3,3.0,19,1.9,1.9015,38.0,112.0,0.024623318809724182,3.9753766811902755,7.404745353902458,0.0085,0.999,5
path,20,0.3,3.0,19,1.9,1.9,38.0,112.0,0.024623318809724182,3.9753766811902755,7.231760126718842,0.013,0.996,6
path,20,0.3,3.0,19,1.9,1.907,38.0,112.0,0.024623318809724182,3.9753766811902755,7.467925390971191,0.0085,0.9965,7
path,20,0.3,3.0,19,1.9,1.904,38.0,112.0,0.024623318809724182,3.9753766811902755,7.248201120274524,0.0125,0.998,8
path,20,0.3,3.0,19,1.9,1.906,38.0,112.0,0.024623318809724182,3.9753766811902755,7.194033223215187,0.0115,0.997,9
path,20,0.3,3.0,19,1.9,1.89,38.0,112.0,0.024623318809724182,3.9753766811902755,7.173576274223851,0.0195,0.9975,10
path,20,0.3,3.0,19,1.9,1.8955,38.0,112.0,0.024623318809724182,3.9753766811902755,7.43254333205549,0.0085,0.9975,11
path,20,0.3,3.0,19,1.9,1.8895,38.0,112.0,0.024623318809724182,3.9753766811902755,7.182997662344056,0.0105,0.996,12
path,20,0.3,3.0,19,1.9,1.905,38.0,112.0,0.024623318809724182,3.9753766811902755,7.214077953897718,0.012,0.9985,13
path,20,0.3,3.0,19,1.9,1.888,38.0,112.0,0.024623318809724182,3.9753766811902755,6.856989357231871,0.017,0.999,14
path,20,0.3,3.0,19,1.9,1.8995,38.0,112.0,0.024623318809724182,3.9753766811902755,7.666474703038516,0.0115,0.997,15
path,20,0.3,3.0,19,1.9,1.892,38.0,112.0,0.024623318809724182,3.9753766811902755,7.340305735147534,0.012,0.998,16
path,20,0.3,3.0,19,1.9,1.9005,38.0,112.0,0.024623318809724182,3.9753766811902755,7.510057186843572,0.0085,0.996,17
path,20,0.3,3.0,19,1.9,1.8975,38.0,112.0,0.024623318809724182,3.9753766811902755,7.654386926593031,0.0155,0.996,18
path,20,0.3,3.0,19,1.9,1.909,38.0,112.0,0.024623318809724182,3.9753766811902755,7.271816156715166,0.0105,0.9985,19
path,40,0.1,0.5,39,1.95,1.95,78.0,232.0,0.006165332533743533,3.993834667466256,1.3989668594071154,0.0065,0.3215,0
path,40,0.1,0.5,39,1.95,1.9475,78.0,232.0,0.006165332533743533,3.993834667466256,1.404254728635094,0.0095,0.2975,1
path,40,0.1,0.5,39,1.95,1.955,78.0,232.0,0.006165332533743533,3.993834667466256,1.3916886177030594,0.0115,0.313,2
path,40,0.1,0.5,39,1.95,1.947,78.0,232.0,0.006165332533743533,3.993834667466256,1.36412088995173,0.0115,0.3675,3
path,40,0.1,0.5,39,1.95,1.95,78.0,232.0,0.006165332533743533,3.993834667466256,1.3966072594130996,0.008,0.323,4
path,40,0.1,0.5,39,1.95,1.949,78.0,232.0,0.006165332533743533,3.993834667466256,1.351947394741079,0.012,0.3745,5
path,40,0.1,0.5,39,1.95,1.956,78.0,232.0,0.006165332533743533,3.993834667466256,1.3657482601250033,0.0115,0.359,6
path,40,0.1,0.5,39,1.95,1.955,78.0,232.0,0.006165332533743533,3.993834667466256,1.4153634500213006,0.0085,0.318,7
path,40,0.1,0.5,39,1.95,1.9485,78.0,232.0,0.006165332533743533,3.993834667466256,1.414066056711679,0.0085,0.297,8
path,40,0.1,0.5,39,1.95,1.948,78.0,232.0,0.006165332533743533,3.993834667466256,1.3799047643154592,0.01,0.327,9
path,40,0.1,0.5,39,1.95,1.9535,78.0,232.0,0.006165332533743533,3.993834667466256,1.3933774714075269,0.0085,0.3105,10
path,40,0.1,0.5,39,1.95,1.9505,78.0,232.0,0.006165332533743533,3.993834667466256,1.3921595922757366,0.0075,0.327,11
path,40,0.1,0.5,39,1.95,1.9525,78.0,232.0,0.006165332533743533,3.993834667466256,1.3641200962313726,0.0125,0.367,12
path,40,0.1,0.5,39,1.95,1.95,78.0,232.0,0.006165332533743533,3.993834667466256,1.3908038354304841,0.0125,0.33,13
path,40,0.1,0.5,39,1.95,1.953,78.0,232.0,0.006165332533743533,3.993834667466256,1.3774193890377473,0.0115,0.341,14
path,40,0.1,0.5,39,1.95,1.949,78.0,232.0,0.006165332533743533,3.993834667466256,1.39561480742232,0.0085,0.337,15
path,40,0.1,0.5,39,1.95,1.9405,78.0,232.0,0.006165332533743533,3.993834667466256,1.3736077985056092,0.009,0.352,16
path,40,0.1,0.5,39,1.95,1.9535,78.0,232.0,0.006165332533743533,3.993834667466256,1.3534951860670408,0.0075,0.353,17
path,40,0.1,0.5,39,1.95,1.9495,78.0,232.0,0.006165332533743533,3.993834667466256,1.3761960986395898,0.0115,0.338,18
path,40,0.1,0.5,39,1.95,1.9445,78.0,232.0,0.006165332533743533,3.993834667466256,1.3406554717003645,0.0165,0.3715,19
path,40,0.1,1.0,39,1.95,1.9435,78.0,232.0,0.006165332533743533,3.993834667466256,1.391427467311527,0.008,0.9885,0
path,40,0.1,1.0,39,1.95,1.9515,78.0,232.0,0.006165332533743533,3.993834667466256,1.3663326053738654,0.013,0.9925,1
path,40,0.1,1.0,39,1.95,1.9595,78.0,232.0,0.006165332533743533,3.993834667466256,1.3552724253220152,0.011,0.9975,2
path,40,0.1,1.0,39,1.95,1.951,78.0,232.0,0.006165332533743533,3.993834667466256,1.3950141349224503,0.008,0.9905,3
path,40,0.1,1.0,39,1.95,1.949,78.0,232.0,0.006165332533743533,3.993834667466256,1.373638426607229,0.012,0.9945,4
path,40,0.1,1.0,39,1.95,1.9495,78.0,232.0,0.006165332533743533,3.993834667466256,1.3823635356488875,0.0115,0.992,5
path,40,0.1,1.0,39,1.95,1.949,78.0,232.0,0.006165332533743533,3.993834667466256,1.3887695973346024,0.008,0.9895,6
path,40,0.1,1.0,39,1.95,1.9475,78.0,232.0,0.006165332533743533,3.993834667466256,1.3646194294296052,0.011,0.993,7
path,40,0.1,1.0,39,1.95,1.949,78.0,232.0,0.006165332533743533,3.993834667466256,1.3811897716039652,0.0105,0.995,8
path,40,0.1,1.0,39,1.95,1.954,78.0,232.0,0.006165332533743533,3.993834667466256,1.3518344391168509,0.0135,0.997,9
path,40,0.1,1.0,39,1.95,1.949,78.0,232.0,0.006165332533743533,3.993834667466256,1.3362207718887462,0.013,0.9965,10
path,40,0.1,1.0,39,1.95,1.9555,78.0,232.0,0.006165332533743533,3.993834667466256,1.3851891476489633,0.009,0.9915,11
path,40,0.1,1.0,39,1.95,1.9515,78.0,232.0,0.006165332533743533,3.993834667466256,1.3824326697177252,0.01,0.989,12
path,40,0.1,1.0,39,1.95,1.9485,78.0,232.0,0.006165332533743533,3.993834667466256,1.3358970321336587,0.015,0.9955,13
path,40,0.1,1.0,39,1.95,1.946,78.0,232.0,0.006165332533743533,3.993834667466256,1.3543597467861828,0.016,0.9925,14
path,40,0.1,1.0,39,1.95,1.9525,78.0,232.0,0.006165332533743533,3.993834667466256,1.3837794740510714,0.014,0.9945,15
path,40,0.1,1.0,39,1.95,1.9485,78.0,232.0,0.006165332533743533,3.993834667466256,1.3359953412605818,0.013,0.995,16
path,40,0.1,1.0,39,1.95,1.954,78.0,232.0,0.006165332533743533,3.993834667466256,1.370731353556502,0.0115,0.995,17
path,40,0.1,1.0,39,1.95,1.9425,78.0,232.0,0.006165332533743533,3.993834667466256,1.4424022128171605,0.006,0.9885,18
path,40,0.1,1.0,39,1.95,1.947,78.0,232.0,0.006165332533743533,3.993834667466256,1.320500357635388,0.015,0.995,19
path,40,0.1,1.5,39,1.95,1.948,78.0,232.0,0.006165332533743533,3.993834667466256,1.349291941088381,0.017,1.0,0
path,40,0.1,1.5,39,1.95,1.95,78.0,232.0,0.006165332533743533,3.993834667466256,1.4211767395784158,0.008,1.0,1
path,40,0.1,1.5,39,1.95,1.9475,78.0,232.0,0.006165332533743533,3.993834667466256,1.3996290566239584,0.0125,1.0,2
path,40,0.1,1.5,39,1.95,1.949,78.0,232.0,0.006165332533743533,3.993834667466256,1.3543777168321132,0.016,1.0,3
path,40,0.1,1.5,39,1.95,1.945,78.0,232.0,0.006165332533743533,3.993834667466256,1.4342714839255,0.0065,1.0,4
path,40,0.1,1.5,39,1.95,1.955,78.0,232.0,0.006165332533743533,3.993834667466256,1.391980416139968,0.0085,1.0,5
path,40,0.1,1.5,39,1.95,1.954,78.0,232.0,0.006165332533743533,3.993834667466256,1.3639628501943015,0.013,1.0,6
path,40,0.1,1.5,39,1.95,1.964,78.0,232.0,0.006165332533743533,3.993834667466256,1.3761557940324516,0.0135,1.0,7
path,40,0.1,1.5,39,1.95,1.956,78.0,232.0,0.006165332533743533,3.993834667466256,1.3377739564053677,0.017,1.0,8
path,40,0.1,1.5,39,1.95,1.9525,78.0,232.0,0.006165332533743533,3.993834667466256,1.3575334647321955,0.0115,1.0,9
path,40,0.1,1.5,39,1.95,1.9465,78.0,232.0,0.006165332533743533,3.993834667466256,1.3522801708137087,0.014,1.0,10
path,40,0.1,1.5,39,1.95,1.958,78.0,232.0,0.006165332533743533,3.993834667466256,1.396592530745971,0.008,1.0,11
path,40,0.1,1.5,39,1.95,1.9535,78.0,232.0,0.006165332533743533,3.993834667466256,1.3836121090829847,0.013,1.0,12
path,40,0.1,1.5,39,1.95,1.95,78.0,232.0,0.006165332533743533,3.993834667466256,1.3430309017583966,0.015,1.0,13
path,40,0.1,1.5,39,1.95,1.9475,78.0,232.0,0.006165332533743533,3.993834667466256,1.3617251153888732,0.0115,1.0,14
path,40,0.1,1.5,39,1.95,1.939,78.0,232.0,0.006165332533743533,3.993834667466256,1.4006785415030674,0.008,1.0,15
path,40,0.1,1.5,39,1.95,1.9425,78.0,232.0,0.006165332533743533,3.993834667466256,1.3720680283371447,0.012,1.0,16
path,40,0.1,1.5,39,1.95,1.946,78.0,232.0,0.006165332533743533,3.993834667466256,1.3345997173693727,0.015,1.0,17
path,40,0.1,1.5,39,1.95,1.9475,78.0,232.0,0.006165332533743533,3.993834667466256,1.3702854434435356,0.0105,1.0,18
path,40,0.1,1.5,39,1.95,1.954,78.0,232.0,0.006165332533743533,3.993834667466256,1.3847632366981875,0.012,1.0,19
path,40,0.1,2.0,39,1.95,1.9485,78.0,232.0,0.006165332533743533,3.993834667466256,1.3876289410739608,0.0085,1.0,0
path,40,0.1,2.0,39,1.95,1.951,78.0,232.0,0.006165332533743533,3.993834667466256,1.3966838546290672,0.008,1.0,1
path,40,0.1,2.0,39,1.95,1.946,78.0,232.0,0.006165332533743533,3.993834667466256,1.394368109424174,0.0075,1.0,2
path,40,0.1,2.0,39,1.95,1.939,78.0,232.0,0.006165332533743533,3.993834667466256,1.3608204764722307,0.0085,1.0,3
path,40,0.1,2.0,39,1.95,1.946,78.0,232.0,0.006165332533743533,3.993834667466256,1.3564698921932417,0.013,1.0,4
path,40,0.1,2.0,39,1.95,1.9445,78.0,232.0,0.006165332533743533,3.993834667466256,1.353587429951289,0.011,1.0,5
path,40,0.1,2.0,39,1.95,1.952,78.0,232.0,0.006165332533743533,3.993834667466256,1.3401366255468496,0.0135,1.0,6
path,40,0.1,2.0,39,1.95,1.954,78.0,232.0,0.006165332533743533,3.993834667466256,1.346015859208875,0.0145,1.0,7
path,40,0.1,2.0,39,1.95,1.9505,78.0,232.0,0.006165332533743533,3.993834667466256,1.353576598335156,0.01,1.0,8
path,40,0.1,2.0,39,1.95,1.9555,78.0,232.0,0.006165332533743533,3.993834667466256,1.3417486128286615,0.012,1.0,9
path,40,0.1,2.0,39,1.95,1.951,78.0,232.0,0.006165332533743533,3.993834667466256,1.3917867658062255,0.0095,1.0,10
path,40,0.1,2.0,39,1.95,1.9475,78.0,232.0,0.006165332533743533,3.993834667466256,1.3254510363852436,0.014,1.0,11
path,40,0.1,2.0,39,1.95,1.956,78.0,232.0,0.006165332533743533,3.993834667466256,1.3569055913157144,0.0105,1.0,12
path,40,0.1,2.0,39,1.95,1.957,78.0,232.0,0.006165332533743533,3.993834667466256,1.3516168003206723,0.0135,1.0,13
path,40,0.1,2.0,39,1.95,1.944,78.0,232.0,0.006165332533743533,3.993834667466256,1.3429488760908523,0.009,1.0,14
path,40,0.1,2.0,39,1.95,1.947,78.0,232.0,0.006165332533743533,3.993834667466256,1.357468759083975,0.006,1.0,15
path,40,0.1,2.0,39,1.95,1.945,78.0,232.0,0.006165332533743533,3.993834667466256,1.3902937553491244,0.012,1.0,16
path,40,0.1,2.0,39,1.95,1.9515,78.0,232.0,0.006165332533743533,3.993834667466256,1.3534357046290468,0.0145,1.0,17
path,40,0.1,2.0,39,1.95,1.9505,78.0,232.0,0.006165332533743533,3.993834667466256,1.3509606606818185,0.014,1.0,18
path,40,0.1,2.0,39,1.95,1.959,78.0,232.0,0.006165332533743533,3.993834667466256,1.382374187573644,0.012,1.0,19
path,40,0.1,3.0,39,1.95,1.9495,78.0,232.0,0.006165332533743533,3.993834667466256,1.3507864654821873,0.0115,1.0,0
path,40,0.1,3.0,39,1.95,1.957,78.0,232.0,0.006165332533743533,3.993834667466256,1.3653076860455884,0.012,1.0,1
path,40,0.1,3.0,39,1.95,1.9525,78.0,232.0,0.006165332533743533,3.993834667466256,1.3113998937803817,0.0165,1.0,2
path,40,0.1,3.0,39,1.95,1.955,78.0,232.0,0.006165332533743533,3.993834667466256,1.384995101424565,0.011,1.0,3
path,40,0.1,3.0,39,1.95,1.9465,78.0,232.0,0.006165332533743533,3.993834667466256,1.3667792217154555,0.0095,1.0,4
path,40,0.1,3.0,39,1.95,1.9485,78.0,232.0,0.006165332533743533,3.993834667466256,1.3261478956147983,0.0115,1.0,5
path,40,0.1,3.0,39,1.95,1.944,78.0,232.0,0.006165332533743533,3.993834667466256,1.3871155759187124,0.0095,1.0,6
path,40,0.1,3.0,39,1.95,1.955,78.0,232.0,0.006165332533743533,3.993834667466256,1.3857851712832945,0.008,1.0,7
path,40,0.1,3.0,39,1.95,1.9495,78.0,232.0,0.006165332533743533,3.993834667466256,1.4356300891052705,0.0035,1.0,8
path,40,0.1,3.0,39,1.95,1.9535,78.0,232.0,0.006165332533743533,3.993834667466256,1.382563094368792,0.0135,1.0,9
path,40,0.1,3.0,39,1.95,1.942,78.0,232.0,0.006165332533743533,3.993834667466256,1.3073475896544047,0.0165,1.0,10
path,40,0.1,3.0,39,1.95,1.948,78.0,232.0,0.006165332533743533,3.993834667466256,1.3757616447758771,0.0075,1.0,11
path,40,0.1,3.0,39,1.95,1.9485,78.0,232.0,0.006165332533743533,3.993834667466256,1.3805552739554185,0.0085,1.0,12
path,40,0.1,3.0,39,1.95,1.949,78.0,232.0,0.006165332533743533,3.993834667466256,1.4051696319555367,0.009,1.0,13
path,40,0.1,3.0,39,1.95,1.961,78.0,232.0,0.006165332533743533,3.993834667466256,1.34511919387358,0.014,1.0,14
path,40,0.1,3.0,39,1.95,1.9495,78.0,232.0,0.006165332533743533,3.993834667466256,1.4016338701458273,0.0085,1.0,15
path,40,0.1,3.0,39,1.95,1.9485,78.0,232.0,0.006165332533743533,3.993834667466256,1.399376812318229,0.008,1.0,16
path,40,0.1,3.0,39,1.95,1.941,78.0,232.0,0.006165332533743533,3.993834667466256,1.4006914025033679,0.011,1.0,17
path,40,0.1,3.0,39,1.95,1.949,78.0,232.0,0.006165332533743533,3.993834667466256,1.3444855327704799,0.0105,1.0,18
path,40,0.1,3.0,39,1.95,1.954,78.0,232.0,0.006165332533743533,3.993834667466256,1.3633938835236867,0.0095,1.0,19
path,40,0.2,0.5,39,1.95,1.9485,78.0,232.0,0.006165332533743533,3.993834667466256,5.485698207320409,0.01,0.0495,0
path,40,0.2,0.5,39,1.95,1.955,78.0,232.0,0.006165332533743533,3.993834667466256,5.424271909786639,0.011,0.0575,1
path,40,0.2,0.5,39,1.95,1.957,78.0,232.0,0.006165332533743533,3.993834667466256,5.425585512028907,0.012,0.047,2
path,40,0.2,0.5,39,1.95,1.9495,78.0,232.0,0.006165332533743533,3.993834667466256,5.537950839137384,0.01,0.0345,3
path,40,0.2,0.5,39,1.95,1.943,78.0,232.0,0.006165332533743533,3.993834667466256,5.508088173444638,0.009,0.0415,4
path,40,0.2,0.5,39,1.95,1.949,78.0,232.0,0.006165332533743533,3.993834667466256,5.6913165678309605,0.007,0.028,5
path,40,0.2,0.5,39,1.95,1.9575,78.0,232.0,0.006165332533743533,3.993834667466256,5.485771415217699,0.009,0.0405,6
path,40,0.2,0.5,39,1.95,1.9565,78.0,232.0,0.006165332533743533,3.993834667466256,5.584589622520423,0.0075,0.039,7
path,40,0.2,0.5,39,1.95,1.955,78.0,232.0,0.006165332533743533,3.993834667466256,5.521916312446542,0.009,0.042,8
path,40,0.2,0.5,39,1.95,1.9555,78.0,232.0,0.006165332533743533,3.993834667466256,5.523326026846456,0.01,0.0405,9
path,40,0.2,0.5,39,1.95,1.953,78.0,232.0,0.006165332533743533,3.993834667466256,5.631760839066003,0.007,0.032,10
path,40,0.2,0.5,39,1.95,1.9435,78.0,232.0,0.006165332533743533,3.993834667466256,5.417840638052536,0.011,0.048,11
path,40,0.2,0.5,39,1.95,1.9535,78.0,232.0,0.006165332533743533,3.993834667466256,5.62677012872888,0.0115,0.0325,12
path,40,0.2,0.5,39,1.95,1.9495,78.0,232.0,0.006165332533743533,3.993834667466256,5.481647909378667,0.0075,0.039,13
path,40,0.2,0.5,39,1.95,1.946,78.0,232.0,0.006165332533743533,3.993834667466256,5.522354197899396,0.0115,0.041,14
path,40,0.2,0.5,39,1.95,1.9445,78.0,232.0,0.006165332533743533,3.993834667466256,5.358013310394891,0.0155,0.042,15
path,40,0.2,0.5,39,1.95,1.959,78.0,232.0,0.006165332533743533,3.993834667466256,5.324230180824625,0.0185,0.053,16
path,40,0.2,0.5,39,1.95,1.949,78.0,232.0,0.006165332533743533,3.993834667466256,5.414018006858104,0.0145,0.043,17
path,40,0.2,0.5,39,1.95,1.947,78.0,232.0,0.006165332533743533,3.993834667466256,5.592679150337458,0.007,0.0405,18
path,40,0.2,0.5,39,1.95,1.9465,78.0,232.0,0.006165332533743533,3.993834667466256,5.591010031771561,0.0105,0.0365,19
path,40,0.2,1.0,39,1.95,1.9555,78.0,232.0,0.006165332533743533,3.993834667466256,5.363303314627936,0.015,0.359,0
path,40,0.2,1.0,39,1.95,1.955,78.0,232.0,0.006165332533743533,3.993834667466256,5.410915025812197,0.018,0.362,1
path,40,0.2,1.0,39,1.95,1.951,78.0,232.0,0.006165332533743533,3.993834667466256,5.498411190910625,0.0095,0.324,2
path,40,0.2,1.0,39,1.95,1.941,78.0,232.0,0.006165332533743533,3.993834667466256,5.4856412444984946,0.0165,0.3455,3
path,40,0.2,1.0,39,1.95,1.954,78.0,232.0,0.006165332533743533,3.993834667466256,5.523343327049952,0.0085,0.335,4
path,40,0.2,1.0,39,1.95,1.952,78.0,232.0,0.006165332533743533,3.993834667466256,5.349695648115714,0.0125,0.3795,5
path,40,0.2,1.0,39,1.95,1.954,78.0,232.0,0.006165332533743533,3.993834667466256,5.401686027068578,0.0125,0.3555,6
path,40,0.2,1.0,39,1.95,1.95,78.0,232.0,0.006165332533743533,3.993834667466256,5.452653981641629,0.016,0.354,7
path,40,0.2,1.0,39,1.95,1.954,78.0,232.0,0.006165332533743533,3.993834667466256,5.347714233786918,0.015,0.4135,8
path,40,0.2,1.0,39,1.95,1.945,78.0,232.0,0.006165332533743533,3.993834667466256,5.5296112570581295,0.0105,0.347,9
path,40,0.2,1.0,39,1.95,1.95,78.0,232.0,0.006165332533743533,3.993834667466256,5.6137385663629225,0.009,0.3035,10
path,40,0.2,1.0,39,1.95,1.9375,78.0,232.0,0.006165332533743533,3.993834667466256,5.388052240784117,0.0115,0.3515,11
path,40,0.2,1.0,39,1.95,1.957,78.0,232.0,0.006165332533743533,3.993834667466256,5.481906512474884,0.0115,0.328,12
path,40,0.2,1.0,39,1.95,1.9545,78.0,232.0,0.006165332533743533,3.993834667466256,5.442635403028097,0.0105,0.377,13
path,40,0.2,1.0,39,1.95,1.951,78.0,232.0,0.006165332533743533,3.993834667466256,5.422394955674913,0.0095,0.3525,14
path,40,0.2,1.0,39,1.95,1.958,78.0,232.0,0.006165332533743533,3.993834667466256,5.335942752729252,0.0145,0.3795,15
path,40,0.2,1.0,39,1.95,1.946,78.0,232.0,0.006165332533743533,3.993834667466256,5.452604573358019,0.0105,0.35,16
path,40,0.2,1.0,39,1.95,1.943,78.0,232.0,0.006165332533743533,3.993834667466256,5.610235965129045,0.008,0.3145,17
path,40,0.2,1.0,39,1.95,1.9435,78.0,232.0,0.006165332533743533,3.993834667466256,5.353389078397731,0.015,0.395,18
path,40,0.2,1.0,39,1.95,1.942,78.0,232.0,0.006165332533743533,3.993834667466256,5.331516061403445,0.0185,0.386,19
path,40,0.2,1.5,39,1.95,1.9475,78.0,232.0,0.006165332533743533,3.993834667466256,5.5727365256687245,0.009,0.871,0
path,40,0.2,1.5,39,1.95,1.953,78.0,232.0,0.006165332533743533,3.993834667466256,5.408476257737343,0.0115,0.8845,1
path,40,0.2,1.5,39,1.95,1.9545,78.0,232.0,0.006165332533743533,3.993834667466256,5.518815363721585,0.0155,0.8825,2
path,40,0.2,1.5,39,1.95,1.951,78.0,232.0,0.006165332533743533,3.993834667466256,5.570640513161883,0.006,0.8575,3
path,40,0.2,1.5,39,1.95,1.9535,78.0,232.0,0.006165332533743533,3.993834667466256,5.452057299801618,0.0055,0.8845,4
path,40,0.2,1.5,39,1.95,1.9535,78.0,232.0,0.006165332533743533,3.993834667466256,5.463361633335474,0.012,0.897,5
path,40,0.2,1.5,39,1.95,1.94,78.0,232.0,0.006165332533743533,3.993834667466256,5.410010454255418,0.0145,0.882,6
path,40,0.2,1.5,39,1.95,1.939,78.0,232.0,0.006165332533743533,3.993834667466256,5.367922329180881,0.0175,0.8955,7
path,40,0.2,1.5,39,1.95,1.9435,78.0,232.0,0.006165332533743533,3.993834667466256,5.727137827642368,0.006,0.8395,8
path,40,0.2,1.5,39,1.95,1.9515,78.0,232.0,0.006165332533743533,3.993834667466256,5.255890185176501,0.0115,0.914,9
path,40,0.2,1.5,39,1.95,1.9485,78.0,232.0,0.006165332533743533,3.993834667466256,5.4543466339346445,0.0115,0.8855,10
path,40,0.2,1.5,39,1.95,1.9445,78.0,232.0,0.006165332533743533,3.993834667466256,5.425961026296236,0.013,0.891,11
path,40,0.2,1.5,39,1.95,1.9445,78.0,232.0,0.006165332533743533,3.993834667466256,5.365335205821025,0.016,0.882,12
path,40,0.2,1.5,39,1.95,1.95,78.0,232.0,0.006165332533743533,3.993834667466256,5.600192746926417,0.008,0.869,13
path,40,0.2,1.5,39,1.95,1.953,78.0,232.0,0.006165332533743533,3.993834667466256,5.444359452144497,0.011,0.8855,14
path,40,0.2,1.5,39,1.95,1.948,78.0,232.0,0.006165332533743533,3.993834667466256,5.603670815828565,0.0065,0.854,15
path,40,0.2,1.5,39,1.95,1.951,78.0,232.0,0.006165332533743533,3.993834667466256,5.288143819611113,0.0165,0.901,16
path,40,0.2,1.5,39,1.95,1.947,78.0,232.0,0.006165332533743533,3.993834667466256,5.402102750943409,0.0155,0.879,17
path,40,0.2,1.5,39,1.95,1.94,78.0,232.0,0.006165332533743533,3.993834667466256,5.547225044995594,0.0095,0.873,18
path,40,0.2,1.5,39,1.95,1.953,78.0,232.0,0.006165332533743533,3.993834667466256,5.548535676639552,0.006,0.8705,19
path,40,0.2,2.0,39,1.95,1.9445,78.0,232.0,0.006165332533743533,3.993834667466256,5.51191649005552,0.0075,0.991,0
path,40,0.2,2.0,39,1.95,1.9515,78.0,232.0,0.006165332533743533,3.993834667466256,5.519364827651738,0.009,0.994,1
path,40,0.2,2.0,39,1.95,1.9535,78.0,232.0,0.006165332533743533,3.993834667466256,5.521281096370536,0.0095,0.9945,2
path,40,0.2,2.0,39,1.95,1.9485,78.0,232.0,0.006165332533743533,3.993834667466256,5.648436689405634,0.008,0.9905,3
path,40,0.2,2.0,39,1.95,1.944,78.0,232.0,0.006165332533743533,3.993834667466256,5.359037898345616,0.013,0.995,4
path,40,0.2,2.0,39,1.95,1.9465,78.0,232.0,0.006165332533743533,3.993834667466256,5.445007394444765,0.0105,0.9935,5
path,40,0.2,2.0,39,1.95,1.962,78.0,232.0,0.006165332533743533,3.993834667466256,5.363533968358023,0.0135,0.9945,6
path,40,0.2,2.0,39,1.95,1.9535,78.0,232.0,0.006165332533743533,3.993834667466256,5.637290538084036,0.01,0.99,7
path,40,0.2,2.0,39,1.95,1.96,78.0,232.0,0.006165332533743533,3.993834667466256,5.54568942141682,0.01,0.9945,8
path,40,0.2,2.0,39,1.95,1.951,78.0,232.0,0.006165332533743533,3.993834667466256,5.631634366155016,0.004,0.9935,9
path,40,0.2,2.0,39,1.95,1.9455,78.0,232.0,0.006165332533743533,3.993834667466256,5.572665727490558,0.0075,0.9905,10
path,40,0.2,2.0,39,1.95,1.948,78.0,232.0,0.006165332533743533,3.993834667466256,5.551565718416629,0.008,0.9925,11
path,40,0.2,2.0,39,1.95,1.945,78.0,232.0,0.006165332533743533,3.993834667466256,5.479494519202651,0.0115,0.9945,12
path,40,0.2,2.0,39,1.95,1.9585,78.0,232.0,0.006165332533743533,3.993834667466256,5.409646217174442,0.011,0.9925,13
path,40,0.2,2.0,39,1.95,1.9495,78.0,232.0,0.006165332533743533,3.993834667466256,5.691608220384574,0.002,0.993,14
path,40,0.2,2.0,39,1.95,1.96,78.0,232.0,0.006165332533743533,3.993834667466256,5.533285196285114,0.01,0.993,15
path,40,0.2,2.0,39,1.95,1.9445,78.0,232.0,0.006165332533743533,3.993834667466256,5.267671749167252,0.0155,0.995,16
path,40,0.2,2.0,39,1.95,1.9415,78.0,232.0,0.006165332533743533,3.993834667466256,5.530943860082957,0.007,0.991,17
path,40,0.2,2.0,39,1.95,1.943,78.0,232.0,0.006165332533743533,3.993834667466256,5.4710132624613586,0.012,0.9935,18
path,40,0.2,2.0,39,1.95,1.954,78.0,232.0,0.006165332533743533,3.993834667466256,5.351854908825636,0.014,0.996,19
path,40,0.2,3.0,39,1.95,1.945,78.0,232.0,0.006165332533743533,3.993834667466256,5.428993526305809,0.0125,1.0,0
path,40,0.2,3.0,39,1.95,1.9565,78.0,232.0,0.006165332533743533,3.993834667466256,5.54497254034713,0.0065,1.0,1
path,40,0.2,3.0,39,1.95,1.95,78.0,232.0,0.006165332533743533,3.993834667466256,5.71364695003992,0.0065,1.0,2
path,40,0.2,3.0,39,1.95,1.944,78.0,232.0,0.006165332533743533,3.993834667466256,5.701145038926502,0.006,1.0,3
path,40,0.2,3.0,39,1.95,1.9465,78.0,232.0,0.006165332533743533,3.993834667466256,5.505649721665199,0.007,1.0,4
path,40,0.2,3.0,39,1.95,1.9585,78.0,232.0,0.006165332533743533,3.993834667466256,5.511476244198294,0.012,1.0,5
path,40,0.2,3.0,39,1.95,1.947,78.0,232.0,0.006165332533743533,3.993834667466256,5.445705870154304,0.0145,1.0,6
path,40,0.2,3.0,39,1.95,1.9425,78.0,232.0,0.006165332533743533,3.993834667466256,5.461482852584515,0.011,1.0,7
path,40,0.2,3.0,39,1.95,1.9555,78.0,232.0,0.006165332533743533,3.993834667466256,5.707228193473354,0.0045,1.0,8
path,40,0.2,3.0,39,1.95,1.9495,78.0,232.0,0.006165332533743533,3.993834667466256,5.39222708960975,0.0095,1.0,9
path,40,0.2,3.0,39,1.95,1.954,78.0,232.0,0.006165332533743533,3.993834667466256,5.533923856576612,0.0065,1.0,10
path,40,0.2,3.0,39,1.95,1.947,78.0,232.0,0.006165332533743533,3.993834667466256,5.41751770662956,0.012,1.0,11
path,40,0.2,3.0,39,1.95,1.954,78.0,232.0,0.006165332533743533,3.993834667466256,5.709571790660863,0.007,1.0,12
path,40,0.2,3.0,39,1.95,1.952,78.0,232.0,0.006165332533743533,3.993834667466256,5.40736359089402,0.015,1.0,13
path,40,0.2,3.0,39,1.95,1.9535,78.0,232.0,0.006165332533743533,3.993834667466256,5.498436577676728,0.01,1.0,14
path,40,0.2,3.0,39,1.95,1.9485,78.0,232.0,0.006165332533743533,3.993834667466256,5.447133957570811,0.011,1.0,15
path,40,0.2,3.0,39,1.95,1.948,78.0,232.0,0.006165332533743533,3.993834667466256,5.555395123512391,0.009,1.0,16
path,40,0.2,3.0,39,1.95,1.945,78.0,232.0,0.006165332533743533,3.993834667466256,5.455829981364979,0.009,1.0,17
path,40,0.2,3.0,39,1.95,1.954,78.0,232.0,0.006165332533743533,3.993834667466256,5.69859435234877,0.008,1.0,18
path,40,0.2,3.0,39,1.95,1.951,78.0,232.0,0.006165332533743533,3.993834667466256,5.241757995525328,0.02,1.0,19
path,40,0.3,0.5,39,1.95,1.952,78.0,232.0,0.006165332533743533,3.993834667466256,12.517807918822273,0.0085,0.0195,0
path,40,0.3,0.5,39,1.95,1.9365,78.0,232.0,0.006165332533743533,3.993834667466256,12.486411323906172,0.0085,0.0185,1
path,40,0.3,0.5,39,1.95,1.9425,78.0,232.0,0.006165332533743533,3.993834667466256,12.006443122276394,0.0155,0.0225,2
path,40,0.3,0.5,39,1.95,1.959,78.0,232.0,0.006165332533743533,3.993834667466256,12.143722454011726,0.01,0.0275,3
path,40,0.3,0.5,39,1.95,1.9495,78.0,232.0,0.006165332533743533,3.993834667466256,12.230097021636064,0.011,0.02,4
path,40,0.3,0.5,39,1.95,1.9525,78.0,232.0,0.006165332533743533,3.993834667466256,12.50916633512834,0.009,0.0195,5
path,40,0.3,0.5,39,1.95,1.949,78.0,232.0,0.006165332533743533,3.993834667466256,12.345024158731892,0.009,0.018,6
path,40,0.3,0.5,39,1.95,1.9515,78.0,232.0,0.006165332533743533,3.993834667466256,12.482760398299352,0.0095,0.0145,7
path,40,0.3,0.5,39,1.95,1.9495,78.0,232.0,0.006165332533743533,3.993834667466256,12.848390417549707,0.005,0.0145,8
path,40,0.3,0.5,39,1.95,1.9485,78.0,232.0,0.006165332533743533,3.993834667466256,12.818520453255408,0.007,0.0145,9
path,40,0.3,0.5,39,1.95,1.954,78.0,232.0,0.006165332533743533,3.993834667466256,12.218756730265717,0.01,0.017,10
path,40,0.3,0.5,39,1.95,1.944,78.0,232.0,0.006165332533743533,3.993834667466256,12.132588706670298,0.012,0.028,11
path,40,0.3,0.5,39,1.95,1.952,78.0,232.0,0.006165332533743533,3.993834667466256,12.562238533820823,0.0035,0.019,12
path,40,0.3,0.5,39,1.95,1.9505,78.0,232.0,0.006165332533743533,3.993834667466256,12.266702830148212,0.0085,0.024,13
path,40,0.3,0.5,39,1.95,1.954,78.0,232.0,0.006165332533743533,3.993834667466256,12.08721404366045,0.012,0.022,14
path,40,0.3,0.5,39,1.95,1.9425,78.0,232.0,0.006165332533743533,3.993834667466256,12.449570948472049,0.0075,0.014,15
path,40,0.3,0.5,39,1.95,1.956,78.0,232.0,0.006165332533743533,3.993834667466256,12.394460748169864,0.011,0.02,16
path,40,0.3,0.5,39,1.95,1.945,78.0,232.0,0.006165332533743533,3.993834667466256,12.194906364446718,0.0135,0.0255,17
path,40,0.3,0.5,39,1.95,1.941,78.0,232.0,0.006165332533743533,3.993834667466256,12.439942702200234,0.0085,0.018,18
path,40,0.3,0.5,39,1.95,1.9535,78.0,232.0,0.006165332533743533,3.993834667466256,12.09308324623396,0.019,0.029,19
path,40,0.3,1.0,39,1.95,1.955,78.0,232.0,0.006165332533743533,3.993834667466256,12.424646079855332,0.0115,0.099,0
path,40,0.3,1.0,39,1.95,1.9525,78.0,232.0,0.006165332533743533,3.993834667466256,12.024295480020537,0.014,0.115,1
path,40,0.3,1.0,39,1.95,1.9465,78.0,232.0,0.006165332533743533,3.993834667466256,12.216023747856115,0.0115,0.1025,2
path,40,0.3,1.0,39,1.95,1.949,78.0,232.0,0.006165332533743533,3.993834667466256,12.48834143801028,0.009,0.0855,3
path,40,0.3,1.0,39,1.95,1.9565,78.0,232.0,0.006165332533743533,3.993834667466256,12.179352389008594,0.0135,0.1045,4
path,40,0.3,1.0,39,1.95,1.94,78.0,232.0,0.006165332533743533,3.993834667466256,12.416122457185375,0.0055,0.091,5
path,40,0.3,1.0,39,1.95,1.944,78.0,232.0,0.006165332533743533,3.993834667466256,12.624741254296008,0.01,0.081,6
path,40,0.3,1.0,39,1.95,1.9485,78.0,232.0,0.006165332533743533,3.993834667466256,12.422037794790901,0.012,0.0995,7
path,40,0.3,1.0,39,1.95,1.9515,78.0,232.0,0.006165332533743533,3.993834667466256,12.848765535487205,0.008,0.0625,8
path,40,0.3,1.0,39,1.95,1.949,78.0,232.0,0.006165332533743533,3.993834667466256,12.27815905962408,0.011,0.0945,9
path,40,0.3,1.0,39,1.95,1.9515,78.0,232.0,0.006165332533743533,3.993834667466256,12.457002804833065,0.013,0.0885,10
path,40,0.3,1.0,39,1.95,1.954,78.0,232.0,0.006165332533743533,3.993834667466256,12.191865966156044,0.0095,0.0925,11
path,40,0.3,1.0,39,1.95,1.955,78.0,232.0,0.006165332533743533,3.993834667466256,12.117822698658216,0.011,0.0945,12
path,40,0.3,1.0,39,1.95,1.944,78.0,232.0,0.006165332533743533,3.993834667466256,12.520779028143519,0.011,0.076,13
path,40,0.3,1.0,39,1.95,1.949,78.0,232.0,0.006165332533743533,3.993834667466256,12.59492553082442,0.0075,0.0845,14
path,40,0.3,1.0,39,1.95,1.9535,78.0,232.0,0.006165332533743533,3.993834667466256,12.53665265677477,0.007,0.088,15
path,40,0.3,1.0,39,1.95,1.9535,78.0,232.0,0.006165332533743533,3.993834667466256,12.153655165959591,0.0095,0.102,16
path,40,0.3,1.0,39,1.95,1.9505,78.0,232.0,0.006165332533743533,3.993834667466256,12.215465165146993,0.014,0.091,17
path,40,0.3,1.0,39,1.95,1.9465,78.0,232.0,0.006165332533743533,3.993834667466256,12.362801553550517,0.0125,0.086,18
path,40,0.3,1.0,39,1.95,1.9425,78.0,232.0,0.006165332533743533,3.993834667466256,12.51858272813279,0.007,0.0855,19
path,40,0.3,1.5,39,1.95,1.9485,78.0,232.0,0.006165332533743533,3.993834667466256,12.343362870375774,0.008,0.365,0
path,40,0.3,1.5,39,1.95,1.9465,78.0,232.0,0.006165332533743533,3.993834667466256,12.53879118802266,0.005,0.3255,1
path,40,0.3,1.5,39,1.95,1.952,78.0,232.0,0.006165332533743533,3.993834667466256,12.540217758337223,0.007,0.325,2
path,40,0.3,1.5,39,1.95,1.9535,78.0,232.0,0.006165332533743533,3.993834667466256,12.113997177618543,0.014,0.369,3
path,40,0.3,1.5,39,1.95,1.9425,78.0,232.0,0.006165332533743533,3.993834667466256,12.291220576732272,0.01,0.3345,4
path,40,0.3,1.5,39,1.95,1.9385,78.0,232.0,0.006165332533743533,3.993834667466256,12.036416717302071,0.0115,0.381,5
path,40,0.3,1.5,39,1.95,1.955,78.0,232.0,0.006165332533743533,3.993834667466256,12.237664769178588,0.0105,0.3735,6
path,40,0.3,1.5,39,1.95,1.9545,78.0,232.0,0.006165332533743533,3.993834667466256,12.302612493391686,0.01,0.365,7
path,40,0.3,1.5,39,1.95,1.953,78.0,232.0,0.006165332533743533,3.993834667466256,12.058611072627038,0.0165,0.3855,8
path,40,0.3,1.5,39,1.95,1.95,78.0,232.0,0.006165332533743533,3.993834667466256,12.187307831858778,0.0215,0.3625,9
path,40,0.3,1.5,39,1.95,1.9475,78.0,232.0,0.006165332533743533,3.993834667466256,12.359055309585568,0.013,0.3375,10
path,40,0.3,1.5,39,1.95,1.9495,78.0,232.0,0.006165332533743533,3.993834667466256,12.34904811633477,0.01,0.3335,11
path,40,0.3,1.5,39,1.95,1.95,78.0,232.0,0.006165332533743533,3.993834667466256,12.561577964155278,0.009,0.332,12
path,40,0.3,1.5,39,1.95,1.942,78.0,232.0,0.006165332533743533,3.993834667466256,11.961404987873381,0.0135,0.387,13
path,40,0.3,1.5,39,1.95,1.9465,78.0,232.0,0.006165332533743533,3.993834667466256,12.230556097492048,0.0185,0.38,14
path,40,0.3,1.5,39,1.95,1.9575,78.0,232.0,0.006165332533743533,3.993834667466256,12.37846685510646,0.0105,0.347,15
path,40,0.3,1.5,39,1.95,1.95,78.0,232.0,0.006165332533743533,3.993834667466256,12.158613608278932,0.013,0.3645,16
path,40,0.3,1.5,39,1.95,1.95,78.0,232.0,0.006165332533743533,3.993834667466256,11.91472876984808,0.014,0.3935,17
path,40,0.3,1.5,39,1.95,1.954,78.0,232.0,0.006165332533743533,3.993834667466256,12.505465394916456,0.008,0.3295,18
path,40,0.3,1.5,39,1.95,1.954,78.0,232.0,0.006165332533743533,3.993834667466256,12.264546742835641,0.0125,0.3515,19
path,40,0.3,2.0,39,1.95,1.9455,78.0,232.0,0.006165332533743533,3.993834667466256,12.671408536832521,0.008,0.7015,0
path,40,0.3,2.0,39,1.95,1.955,78.0,232.0,0.006165332533743533,3.993834667466256,12.295387129686281,0.01,0.755,1
path,40,0.3,2.0,39,1.95,1.9505,78.0,232.0,0.006165332533743533,3.993834667466256,12.417477470193457,0.011,0.7295,2
path,40,0.3,2.0,39,1.95,1.946,78.0,232.0,0.006165332533743533,3.993834667466256,12.561341792879022,0.011,0.7255,3
path,40,0.3,2.0,39,1.95,1.953,78.0,232.0,0.006165332533743533,3.993834667466256,12.367176758343202,0.0105,0.7345,4
path,40,0.3,2.0,39,1.95,1.9525,78.0,232.0,0.006165332533743533,3.993834667466256,12.53069291601578,0.008,0.741,5
path,40,0.3,2.0,39,1.95,1.9555,78.0,232.0,0.006165332533743533,3.993834667466256,12.522983265620907,0.0065,0.725,6
path,40,0.3,2.0,39,1.95,1.9445,78.0,232.0,0.006165332533743533,3.993834667466256,12.309361836399829,0.012,0.741,7
path,40,0.3,2.0,39,1.95,1.9525,78.0,232.0,0.006165332533743533,3.993834667466256,12.523959800312939,0.0085,0.717,8
path,40,0.3,2.0,39,1.95,1.955,78.0,232.0,0.006165332533743533,3.993834667466256,12.788794404376905,0.0085,0.7045,9
path,40,0.3,2.0,39,1.95,1.9505,78.0,232.0,0.006165332533743533,3.993834667466256,12.722474208436731,0.009,0.6915,10
path,40,0.3,2.0,39,1.95,1.9475,78.0,232.0,0.006165332533743533,3.993834667466256,11.909729780469018,0.011,0.7785,11
path,40,0.3,2.0,39,1.95,1.9565,78.0,232.0,0.006165332533743533,3.993834667466256,12.27128271749268,0.013,0.748,12
path,40,0.3,2.0,39,1.95,1.943,78.0,232.0,0.006165332533743533,3.993834667466256,12.233184979468577,0.0085,0.7565,13
path,40,0.3,2.0,39,1.95,1.9485,78.0,232.0,0.006165332533743533,3.993834667466256,12.081029572508612,0.01,0.77,14
path,40,0.3,2.0,39,1.95,1.952,78.0,232.0,0.006165332533743533,3.993834667466256,12.30062874339439,0.008,0.747,15
path,40,0.3,2.0,39,1.95,1.95,78.0,232.0,0.006165332533743533,3.993834667466256,12.54067884456351,0.0105,0.72,16
path,40,0.3,2.0,39,1.95,1.9515,78.0,232.0,0.006165332533743533,3.993834667466256,12.340061327442983,0.0085,0.747,17
path,40,0.3,2.0,39,1.95,1.944,78.0,232.0,0.006165332533743533,3.993834667466256,12.582453198496657,0.007,0.7145,18
path,40,0.3,2.0,39,1.95,1.951,78.0,232.0,0.006165332533743533,3.993834667466256,11.934625240110897,0.013,0.779,19
path,40,0.3,3.0,39,1.95,1.944,78.0,232.0,0.006165332533743533,3.993834667466256,12.834771090106615,0.006,0.991,0
path,40,0.3,3.0,39,1.95,1.9585,78.0,232.0,0.006165332533743533,3.993834667466256,12.366063788670232,0.0115,0.993,1
path,40,0.3,3.0,39,1.95,1.95,78.0,232.0,0.006165332533743533,3.993834667466256,12.263383735068476,0.016,0.9955,2
path,40,0.3,3.0,39,1.95,1.9525,78.0,232.0,0.006165332533743533,3.993834667466256,12.548215851418275,0.006,0.991,3
path,40,0.3,3.0,39,1.95,1.948,78.0,232.0,0.006165332533743533,3.993834667466256,12.580671156847721,0.0105,0.99,4
path,40,0.3,3.0,39,1.95,1.949,78.0,232.0,0.006165332533743533,3.993834667466256,12.538300570915977,0.0095,0.9885,5
path,40,0.3,3.0,39,1.95,1.9525,78.0,232.0,0.006165332533743533,3.993834667466256,12.278568812090414,0.012,0.992,6
path,40,0.3,3.0,39,1.95,1.9505,78.0,232.0,0.006165332533743533,3.993834667466256,12.131044298750888,0.0145,0.994,7
path,40,0.3,3.0,39,1.95,1.944,78.0,232.0,0.006165332533743533,3.993834667466256,12.406664082509067,0.013,0.99,8
path,40,0.3,3.0,39,1.95,1.948,78.0,232.0,0.006165332533743533,3.993834667466256,12.172966640600025,0.011,0.9945,9
path,40,0.3,3.0,39,1.95,1.953,78.0,232.0,0.006165332533743533,3.993834667466256,12.618329840244838,0.005,0.992,10
path,40,0.3,3.0,39,1.95,1.962,78.0,232.0,0.006165332533743533,3.993834667466256,12.349868332136364,0.0135,0.9915,11
path,40,0.3,3.0,39,1.95,1.9495,78.0,232.0,0.006165332533743533,3.993834667466256,12.981360452083667,0.0075,0.9915,12
path,40,0.3,3.0,39,1.95,1.951,78.0,232.0,0.006165332533743533,3.993834667466256,12.478099065575398,0.0095,0.9935,13
path,40,0.3,3.0,39,1.95,1.952,78.0,232.0,0.006165332533743533,3.993834667466256,12.3982832472039,0.0105,0.993,14
path,40,0.3,3.0,39,1.95,1.9555,78.0,232.0,0.006165332533743533,3.993834667466256,12.32544804587669,0.008,0.994,15
path,40,0.3,3.0,39,1.95,1.9495,78.0,232.0,0.006165332533743533,3.993834667466256,12.039883773048484,0.013,0.9955,16
path,40,0.3,3.0,39,1.95,1.95,78.0,232.0,0.006165332533743533,3.993834667466256,12.44068797640506,0.0095,0.9965,17
path,40,0.3,3.0,39,1.95,1.9555,78.0,232.0,0.006165332533743533,3.993834667466256,12.858682118297752,0.002,0.9915,18
path,40,0.3,3.0,39,1.95,1.9445,78.0,232.0,0.006165332533743533,3.993834667466256,11.96934229099436,0.012,0.995,19
path,80,0.1,0.5,79,1.975,1.974,158.0,472.0,0.0015419275185532104,3.9984580724814456,2.389260947025109,0.0115,0.209,0
path,80,0.1,0.5,79,1.975,1.97,158.0,472.0,0.0015419275185532104,3.9984580724814456,2.38311385974136,0.0145,0.215,1
path,80,0.1,0.5,79,1.975,1.978,158.0,472.0,0.0015419275185532104,3.9984580724814456,2.265017630650591,0.0215,0.2925,2
path,80,0.1,0.5,79,1.975,1.9795,158.0,472.0,0.0015419275185532104,3.9984580724814456,2.4031281013662387,0.0075,0.2145,3
path,80,0.1,0.5,79,1.975,1.98,158.0,472.0,0.0015419275185532104,3.9984580724814456,2.3935681096592645,0.009,0.2105,4
path,80,0.1,0.5,79,1.975,1.9795,158.0,472.0,0.0015419275185532104,3.9984580724814456,2.3970318741564913,0.0135,0.1925,5
path,80,0.1,0.5,79,1.975,1.9815,158.0,472.0,0.0015419275185532104,3.9984580724814456,2.4512907884613715,0.005,0.178,6
path,80,0.1,0.5,79,1.975,1.9745,158.0,472.0,0.0015419275185532104,3.9984580724814456,2.410436957386955,0.0065,0.1905,7
path,80,0.1,0.5,79,1.975,1.9735,158.0,472.0,0.0015419275185532104,3.9984580724814456,2.395538684828616,0.0065,0.201,8
path,80,0.1,0.5,79,1.975,1.9805,158.0,472.0,0.0015419275185532104,3.9984580724814456,2.42180271550003,0.006,0.185,9
path,80,0.1,0.5,79,1.975,1.9725,158.0,472.0,0.0015419275185532104,3.9984580724814456,2.4771907188040707,0.006,0.154,10
path,80,0.1,0.5,79,1.975,1.975,158.0,472.0,0.0015419275185532104,3.9984580724814456,2.431400706533668,0.0085,0.182,11
path,80,0.1,0.5,79,1.975,1.9765,158.0,472.0,0.0015419275185532104,3.9984580724814456,2.368750163354756,0.013,0.222,12
path,80,0.1,0.5,79,1.975,1.976,158.0,472.0,0.0015419275185532104,3.9984580724814456,2.3630431154532205,0.01,0.22,13
path,80,0.1,0.5,79,1.975,1.9745,158.0,472.0,0.0015419275185532104,3.9984580724814456,2.3728745987274302,0.009,0.2205,14
path,80,0.1,0.5,79,1.975,1.9765,158.0,472.0,0.0015419275185532104,3.9984580724814456,2.3794272222280948,0.016,0.229,15
path,80,0.1,0.5,79,1.975,1.9745,158.0,472.0,0.0015419275185532104,3.9984580724814456,2.3672399647215867,0.0115,0.2105,16
path,80,0.1,0.5,79,1.975,1.9755,158.0,472.0,0.0015419275185532104,3.9984580724814456,2.312843037336484,0.0115,0.249,17
path,80,0.1,0.5,79,1.975,1.969,158.0,472.0,0.0015419275185532104,3.9984580724814456,2.332625342064985,0.0115,0.2315,18
path,80,0.1,0.5,79,1.975,1.9735,158.0,472.0,0.0015419275185532104,3.9984580724814456,2.3857577182769636,0.014,0.199,19
path,80,0.1,1.0,79,1.975,1.9755,158.0,472.0,0.0015419275185532104,3.9984580724814456,2.4154728202112765,0.007,0.9795,0
path,80,0.1,1.0,79,1.975,1.9765,158.0,472.0,0.0015419275185532104,3.9984580724814456,2.40425562922179,0.011,0.983,1
path,80,0.1,1.0,79,1.975,1.9795,158.0,472.0,0.0015419275185532104,3.9984580724814456,2.397181707306883,0.0055,0.983,2
path,80,0.1,1.0,79,1.975,1.9745,158.0,472.0,0.0015419275185532104,3.9984580724814456,2.4228135189143516,0.011,0.979,3
path,80,0.1,1.0,79,1.975,1.968,158.0,472.0,0.0015419275185532104,3.9984580724814456,2.4166961741590347,0.007,0.9755,4
path,80,0.1,1.0,79,1.975,1.9755,158.0,472.0,0.0015419275185532104,3.9984580724814456,2.4029117052960984,0.0105,0.9795,5
path,80,0.1,1.0,79,1.975,1.9705,158.0,472.0,0.0015419275185532104,3.9984580724814456,2.4011835491898883,0.011,0.975,6
path,80,0.1,1.0,79,1.975,1.9755,158.0,472.0,0.0015419275185532104,3.9984580724814456,2.393222639377765,0.0105,0.9805,7
path,80,0.1,1.0,79,1.975,1.9805,158.0,472.0,0.0015419275185532104,3.9984580724814456,2.366847278872029,0.0155,0.9815,8
path,80,0.1,1.0,79,1.975,1.9755,158.0,472.0,0.0015419275185532104,3.9984580724814456,2.375084381496923,0.009,0.9845,9
path,80,0.1,1.0,79,1.975,1.973,158.0,472.0,0.0015419275185532104,3.9984580724814456,2.3472979089096526,0.0095,0.9855,10
path,80,0.1,1.0,79,1.975,1.9785,158.0,472.0,0.0015419275185532104,3.9984580724814456,2.39517676519527,0.01,0.984,11
path,80,0.1,1.0,79,1.975,1.9775,158.0,472.0,0.0015419275185532104,3.9984580724814456,2.387212882173773,0.01,0.978,12
path,80,0.1,1.0,79,1.975,1.9795,158.0,472.0,0.0015419275185532104,3.9984580724814456,2.34289143750918,0.0135,0.9865,13
path,80,0.1,1.0,79,1.975,1.9805,158.0,472.0,0.0015419275185532104,3.9984580724814456,2.424866950495311,0.01,0.9805,14
path,80,0.1,1.0,79,1.975,1.9685,158.0,472.0,0.0015419275185532104,3.9984580724814456,2.4193693078328926,0.01,0.9715,15
path,80,0.1,1.0,79,1.975,1.9815,158.0,472.0,0.0015419275185532104,3.9984580724814456,2.317070009070542,0.0155,0.9875,16
path,80,0.1,1.0,79,1.975,1.9725,158.0,472.0,0.0015419275185532104,3.9984580724814456,2.4370071650247236,0.005,0.975,17
path,80,0.1,1.0,79,1.975,1.9765,158.0,472.0,0.0015419275185532104,3.9984580724814456,2.354279412256193,0.0135,0.9795,18
path,80,0.1,1.0,79,1.975,1.9795,158.0,472.0,0.0015419275185532104,3.9984580724814456,2.385804214046837,0.0125,0.979,19
path,80,0.1,1.5,79,1.975,1.975,158.0,472.0,0.0015419275185532104,3.9984580724814456,2.4087766269988897,0.008,1.0,0
path,80,0.1,1.5,79,1.975,1.974,158.0,472.0,0.0015419275185532104,3.9984580724814456,2.417308027639116,0.0135,1.0,1
path,80,0.1,1.5,79,1.975,1.97,158.0,472.0,0.0015419275185532104,3.9984580724814456,2.3692023571921137,0.009,1.0,2
path,80,0.1,1.5,79,1.975,1.972,158.0,472.0,0.0015419275185532104,3.9984580724814456,2.3276458609651782,0.0115,1.0,3
path,80,0.1,1.5,79,1.975,1.971,158.0,472.0,0.0015419275185532104,3.9984580724814456,2.3910910228894373,0.012,1.0,4
path,80,0.1,1.5,79,1.975,1.9795,158.0,472.0,0.0015419275185532104,3.9984580724814456,2.3969554089104754,0.008,1.0,5
path,80,0.1,1.5,79,1.975,1.9725,158.0,472.0,0.0015419275185532104,3.9984580724814456,2.403185112929972,0.0125,1.0,6
path,80,0.1,1.5,79,1.975,1.971,158.0,472.0,0.0015419275185532104,3.9984580724814456,2.37004997956252,0.0105,1.0,7
path,80,0.1,1.5,79,1.975,1.972,158.0,472.0,0.0015419275185532104,3.9984580724814456,2.392042765434026,0.009,1.0,8
path,80,0.1,1.5,79,1.975,1.9745,158.0,472.0,0.0015419275185532104,3.9984580724814456,2.4264361354950594,0.008,1.0,9
path,80,0.1,1.5,79,1.975,1.9755,158.0,472.0,0.0015419275185532104,3.9984580724814456,2.3615984314512373,0.017,1.0,10
path,80,0.1,1.5,79,1.975,1.9695,158.0,472.0,0.0015419275185532104,3.9984580724814456,2.3450848978153838,0.011,1.0,11
path,80,0.1,1.5,79,1.975,1.972,158.0,472.0,0.0015419275185532104,3.9984580724814456,2.3385616914628744,0.011,1.0,12
path,80,0.1,1.5,79,1.975,1.9795,158.0,472.0,0.0015419275185532104,3.9984580724814456,2.3828305975831277,0.0125,1.0,13
path,80,0.1,1.5,79,1.975,1.9735,158.0,472.0,0.0015419275185532104,3.9984580724814456,2.4042298074460224,0.008,1.0,14
path,80,0.1,1.5,79,1.975,1.9735,158.0,472.0,0.0015419275185532104,3.9984580724814456,2.380284431705507,0.0125,1.0,15
path,80,0.1,1.5,79,1.975,1.982,158.0,472.0,0.0015419275185532104,3.9984580724814456,2.366643224852706,0.012,1.0,16
path,80,0.1,1.5,79,1.975,1.9785,158.0,472.0,0.0015419275185532104,3.9984580724814456,2.419774527466207,0.006,1.0,17
path,80,0.1,1.5,79,1.975,1.98,158.0,472.0,0.0015419275185532104,3.9984580724814456,2.4131180158376595,0.0085,1.0,18
path,80,0.1,1.5,79,1.975,1.9765,158.0,472.0,0.0015419275185532104,3.9984580724814456,2.4035292005578586,0.01,1.0,19
path,80,0.1,2.0,79,1.975,1.98,158.0,472.0,0.0015419275185532104,3.9984580724814456,2.4493388683670467,0.0055,1.0,0
path,80,0.1,2.0,79,1.975,1.977,158.0,472.0,0.0015419275185532104,3.9984580724814456,2.3378653299549548,0.014,1.0,1
path,80,0.1,2.0,79,1.975,1.9855,158.0,472.0,0.0015419275185532104,3.9984580724814456,2.3464305580068254,0.015,1.0,2
path,80,0.1,2.0,79,1.975,1.9745,158.0,472.0,0.0015419275185532104,3.9984580724814456,2.3731403999792793,0.009,1.0,3
path,80,0.1,2.0,79,1.975,1.978,158.0,472.0,0.0015419275185532104,3.9984580724814456,2.4136103770878177,0.0065,1.0,4
path,80,0.1,2.0,79,1.975,1.978,158.0,472.0,0.0015419275185532104,3.9984580724814456,2.3796741411989877,0.012,1.0,5
path,80,0.1,2.0,79,1.975,1.9735,158.0,472.0,0.0015419275185532104,3.9984580724814456,2.4242698686730555,0.0085,1.0,6
path,80,0.1,2.0,79,1.975,1.981,158.0,472.0,0.0015419275185532104,3.9984580724814456,2.342090914495932,0.0165,1.0,7
path,80,0.1,2.0,79,1.975,1.971,158.0,472.0,0.0015419275185532104,3.9984580724814456,2.3776059829318883,0.0135,1.0,8
path,80,0.1,2.0,79,1.975,1.9785,158.0,472.0,0.0015419275185532104,3.9984580724814456,2.363945095285907,0.0095,1.0,9
path,80,0.1,2.0,79,1.975,1.972,158.0,472.0,0.0015419275185532104,3.9984580724814456,2.3725131048758783,0.0105,1.0,10
path,80,0.1,2.0,79,1.975,1.98,158.0,472.0,0.0015419275185532104,3.9984580724814456,2.3542111731829047,0.016,1.0,11
path,80,0.1,2.0,79,1.975,1.975,158.0,472.0,0.0015419275185532104,3.9984580724814456,2.372118077788282,0.008,1.0,12
path,80,0.1,2.0,79,1.975,1.9745,158.0,472.0,0.0015419275185532104,3.9984580724814456,2.3954176020568916,0.01,1.0,13
path,80,0.1,2.0,79,1.975,1.977,158.0,472.0,0.0015419275185532104,3.9984580724814456,2.384549190095703,0.008,1.0,14
path,80,0.1,2.0,79,1.975,1.9745,158.0,472.0,0.0015419275185532104,3.9984580724814456,2.4065625439502916,0.008,1.0,15
path,80,0.1,2.0,79,1.975,1.974,158.0,472.0,0.0015419275185532104,3.9984580724814456,2.3986259602731996,0.009,1.0,16
path,80,0.1,2.0,79,1.975,1.974,158.0,472.0,0.0015419275185532104,3.9984580724814456,2.3930080108171166,0.0085,1.0,17
path,80,0.1,2.0,79,1.975,1.973,158.0,472.0,0.0015419275185532104,3.9984580724814456,2.381551001012873,0.012,1.0,18
path,80,0.1,2.0,79,1.975,1.9715,158.0,472.0,0.0015419275185532104,3.9984580724814456,2.389824569652683,0.011,1.0,19
path,80,0.1,3.0,79,1.975,1.975,158.0,472.0,0.0015419275185532104,3.9984580724814456,2.3460146493871274,0.0115,1.0,0
path,80,0.1,3.0,79,1.975,1.9685,158.0,472.0,0.0015419275185532104,3.9984580724814456,2.3833082574515747,0.008,1.0,1
path,80,0.1,3.0,79,1.975,1.9705,158.0,472.0,0.0015419275185532104,3.9984580724814456,2.4189842019986427,0.011,1.0,2
path,80,0.1,3.0,79,1.975,1.9735,158.0,472.0,0.0015419275185532104,3.9984580724814456,2.38370489375314,0.011,1.0,3
path,80,0.1,3.0,79,1.975,1.9815,158.0,472.0,0.0015419275185532104,3.9984580724814456,2.4003950215902483,0.011,1.0,4
path,80,0.1,3.0,79,1.975,1.9765,158.0,472.0,0.0015419275185532104,3.9984580724814456,2.3672487632858568,0.014,1.0,5
path,80,0.1,3.0,79,1.975,1.973,158.0,472.0,0.0015419275185532104,3.9984580724814456,2.38077383075833,0.0145,1.0,6
path,80,0.1,3.0,79,1.975,1.9765,158.0,472.0,0.0015419275185532104,3.9984580724814456,2.3860738280582425,0.009,1.0,7
path,80,0.1,3.0,79,1.975,1.9765,158.0,472.0,0.0015419275185532104,3.9984580724814456,2.4141674987651607,0.0095,1.0,8
path,80,0.1,3.0,79,1.975,1.973,158.0,472.0,0.0015419275185532104,3.9984580724814456,2.3379840910905365,0.0155,1.0,9
path,80,0.1,3.0,79,1.975,1.971,158.0,472.0,0.0015419275185532104,3.9984580724814456,2.366312066450014,0.0125,1.0,10
path,80,0.1,3.0,79,1.975,1.9685,158.0,472.0,0.0015419275185532104,3.9984580724814456,2.3294231827574596,0.0125,1.0,11
path,80,0.1,3.0,79,1.975,1.977,158.0,472.0,0.0015419275185532104,3.9984580724814456,2.4167793174696452,0.0075,1.0,12
path,80,0.1,3.0,79,1.975,1.975,158.0,472.0,0.0015419275185532104,3.9984580724814456,2.3988152574055324,0.0095,1.0,13
path,80,0.1,3.0,79,1.975,1.98,158.0,472.0,0.0015419275185532104,3.9984580724814456,2.374393330749208,0.011,1.0,14
path,80,0.1,3.0,79,1.975,1.9805,158.0,472.0,0.0015419275185532104,3.9984580724814456,2.3936174503780667,0.0115,1.0,15
path,80,0.1,3.0,79,1.975,1.976,158.0,472.0,0.0015419275185532104,3.9984580724814456,2.3522301185585475,0.011,1.0,16
path,80,0.1,3.0,79,1.975,1.976,158.0,472.0,0.0015419275185532104,3.9984580724814456,2.36767706108229,0.01,1.0,17
path,80,0.1,3.0,79,1.975,1.972,158.0,472.0,0.0015419275185532104,3.9984580724814456,2.3866774617646134,0.0115,1.0,18
path,80,0.1,3.0,79,1.975,1.9775,158.0,472.0,0.0015419275185532104,3.9984580724814456,2.393964156705281,0.0065,1.0,19
path,80,0.2,0.5,79,1.975,1.982,158.0,472.0,0.0015419275185532104,3.9984580724814456,9.234507902820352,0.015,0.0455,0
path,80,0.2,0.5,79,1.975,1.98,158.0,472.0,0.0015419275185532104,3.9984580724814456,9.644945266501061,0.0125,0.0265,1
path,80,0.2,0.5,79,1.975,1.9775,158.0,472.0,0.0015419275185532104,3.9984580724814456,9.451817325779354,0.012,0.0335,2
path,80,0.2,0.5,79,1.975,1.975,158.0,472.0,0.0015419275185532104,3.9984580724814456,9.251477237108823,0.023,0.038,3
path,80,0.2,0.5,79,1.975,1.9745,158.0,472.0,0.0015419275185532104,3.9984580724814456,9.616869092569322,0.0125,0.023,4
path,80,0.2,0.5,79,1.975,1.976,158.0,472.0,0.0015419275185532104,3.9984580724814456,9.433008535507025,0.0145,0.0285,5
path,80,0.2,0.5,79,1.975,1.9765,158.0,472.0,0.0015419275185532104,3.9984580724814456,9.810021553440187,0.0085,0.0215,6
path,80,0.2,0.5,79,1.975,1.9745,158.0,472.0,0.0015419275185532104,3.9984580724814456,9.460634596075517,0.0135,0.022,7
path,80,0.2,0.5,79,1.975,1.968,158.0,472.0,0.0015419275185532104,3.9984580724814456,9.414251980928293,0.012,0.033,8
path,80,0.2,0.5,79,1.975,1.975,158.0,472.0,0.0015419275185532104,3.9984580724814456,9.406494553237566,0.0135,0.0415,9
path,80,0.2,0.5,79,1.975,1.9745,158.0,472.0,0.0015419275185532104,3.9984580724814456,9.506185927751373,0.009,0.0295,10
path,80,0.2,0.5,79,1.975,1.972,158.0,472.0,0.0015419275185532104,3.9984580724814456,9.582722281796263,0.008,0.028,11
path,80,0.2,0.5,79,1.975,1.975,158.0,472.0,0.0015419275185532104,3.9984580724814456,9.678823918028339,0.013,0.0255,12
path,80,0.2,0.5,79,1.975,1.976,158.0,472.0,0.0015419275185532104,3.9984580724814456,9.575110258988207,0.011,0.029,13
path,80,0.2,0.5,79,1.975,1.9765,158.0,472.0,0.0015419275185532104,3.9984580724814456,9.407229222878948,0.0115,0.044,14
path,80,0.2,0.5,79,1.975,1.9795,158.0,472.0,0.0015419275185532104,3.9984580724814456,9.416589750752468,0.012,0.0405,15
path,80,0.2,0.5,79,1.975,1.975,158.0,472.0,0.0015419275185532104,3.9984580724814456,9.682528812183316,0.01,0.0245,16
path,80,0.2,0.5,79,1.975,1.974,158.0,472.0,0.0015419275185532104,3.9984580724814456,9.532863262930963,0.01,0.0285,17
path,80,0.2,0.5,79,1.975,1.973,158.0,472.0,0.0015419275185532104,3.9984580724814456,9.352983890878123,0.0155,0.032,18
path,80,0.2,0.5,79,1.975,1.9745,158.0,472.0,0.0015419275185532104,3.9984580724814456,9.81483143325637,0.0065,0.02,19
path,80,0.2,1.0,79,1.975,1.9745,158.0,472.0,0.0015419275185532104,3.9984580724814456,9.450133085591558,0.0115,0.211,0
path,80,0.2,1.0,79,1.975,1.976,158.0,472.0,0.0015419275185532104,3.9984580724814456,9.457677765551354,0.0165,0.2085,1
path,80,0.2,1.0,79,1.975,1.9785,158.0,472.0,0.0015419275185532104,3.9984580724814456,9.607869218955098,0.0085,0.1965,2
path,80,0.2,1.0,79,1.975,1.9765,158.0,472.0,0.0015419275185532104,3.9984580724814456,9.523013552790607,0.0095,0.2245,3
path,80,0.2,1.0,79,1.975,1.9705,158.0,472.0,0.0015419275185532104,3.9984580724814456,9.848212337447324,0.008,0.1555,4
path,80,0.2,1.0,79,1.975,1.976,158.0,472.0,0.0015419275185532104,3.9984580724814456,9.457339626430581,0.009,0.2155,5
path,80,0.2,1.0,79,1.975,1.972,158.0,472.0,0.0015419275185532104,3.9984580724814456,9.411718874596808,0.015,0.2125,6
path,80,0.2,1.0,79,1.975,1.9735,158.0,472.0,0.0015419275185532104,3.9984580724814456,9.416814409610453,0.012,0.2145,7
path,80,0.2,1.0,79,1.975,1.9705,158.0,472.0,0.0015419275185532104,3.9984580724814456,9.631957257914092,0.0115,0.1845,8
path,80,0.2,1.0,79,1.975,1.9815,158.0,472.0,0.0015419275185532104,3.9984580724814456,9.531634661563821,0.0105,0.204,9
path,80,0.2,1.0,79,1.975,1.9745,158.0,472.0,0.0015419275185532104,3.9984580724814456,9.613260762605014,0.01,0.189,10
path,80,0.2,1.0,79,1.975,1.971,158.0,472.0,0.0015419275185532104,3.9984580724814456,9.536212154563806,0.0095,0.211,11
path,80,0.2,1.0,79,1.975,1.9775,158.0,472.0,0.0015419275185532104,3.9984580724814456,9.318693428955983,0.0105,0.2445,12
path,80,0.2,1.0,79,1.975,1.973,158.0,472.0,0.0015419275185532104,3.9984580724814456,9.43645613636145,0.0095,0.2275,13
path,80,0.2,1.0,79,1.975,1.9745,158.0,472.0,0.0015419275185532104,3.9984580724814456,9.352195171548278,0.0145,0.2415,14
path,80,0.2,1.0,79,1.975,1.9745,158.0,472.0,0.0015419275185532104,3.9984580724814456,9.466439318477684,0.016,0.221,15
path,80,0.2,1.0,79,1.975,1.977,158.0,472.0,0.0015419275185532104,3.9984580724814456,9.485570658583175,0.01,0.2,16
path,80,0.2,1.0,79,1.975,1.972,158.0,472.0,0.0015419275185532104,3.9984580724814456,9.478083121313277,0.011,0.2205,17
path,80,0.2,1.0,79,1.975,1.975,158.0,472.0,0.0015419275185532104,3.9984580724814456,9.43986206997264,0.008,0.2425,18
path,80,0.2,1.0,79,1.975,1.979,158.0,472.0,0.0015419275185532104,3.9984580724814456,9.637087873131321,0.008,0.181,19
path,80,0.2,1.5,79,1.975,1.9775,158.0,472.0,0.0015419275185532104,3.9984580724814456,9.708931279705684,0.0115,0.6865,0
path,80,0.2,1.5,79,1.975,1.977,158.0,472.0,0.0015419275185532104,3.9984580724814456,9.543893265567442,0.009,0.722,1
path,80,0.2,1.5,79,1.975,1.972,158.0,472.0,0.0015419275185532104,3.9984580724814456,9.25611901652383,0.014,0.768,2
path,80,0.2,1.5,79,1.975,1.9715,158.0,472.0,0.0015419275185532104,3.9984580724814456,9.553294722843912,0.0145,0.745,3
path,80,0.2,1.5,79,1.975,1.973,158.0,472.0,0.0015419275185532104,3.9984580724814456,9.497649260547956,0.0105,0.7115,4
path,80,0.2,1.5,79,1.975,1.978,158.0,472.0,0.0015419275185532104,3.9984580724814456,9.326125423527458,0.017,0.77,5
path,80,0.2,1.5,79,1.975,1.9775,158.0,472.0,0.0015419275185532104,3.9984580724814456,9.529523547188097,0.0105,0.7215,6
path,80,0.2,1.5,79,1.975,1.975,158.0,472.0,0.0015419275185532104,3.9984580724814456,9.475534189106288,0.0125,0.723,7
path,80,0.2,1.5,79,1.975,1.972,158.0,472.0,0.0015419275185532104,3.9984580724814456,9.62022416153745,0.0085,0.6875,8
path,80,0.2,1.5,79,1.975,1.978,158.0,472.0,0.0015419275185532104,3.9984580724814456,9.282683105362093,0.013,0.7615,9
path,80,0.2,1.5,79,1.975,1.977,158.0,472.0,0.0015419275185532104,3.9984580724814456,9.541618340719586,0.0085,0.7405,10
path,80,0.2,1.5,79,1.975,1.9675,158.0,472.0,0.0015419275185532104,3.9984580724814456,9.63584404244236,0.008,0.7045,11
path,80,0.2,1.5,79,1.975,1.978,158.0,472.0,0.0015419275185532104,3.9984580724814456,9.712012701441362,0.005,0.681,12
path,80,0.2,1.5,79,1.975,1.97,158.0,472.0,0.0015419275185532104,3.9984580724814456,9.580719376101353,0.007,0.7025,13
path,80,0.2,1.5,79,1.975,1.9785,158.0,472.0,0.0015419275185532104,3.9984580724814456,9.691004315023056,0.008,0.7125,14
path,80,0.2,1.5,79,1.975,1.973,158.0,472.0,0.0015419275185532104,3.9984580724814456,9.548419060355911,0.0095,0.7105,15
path,80,0.2,1.5,79,1.975,1.969,158.0,472.0,0.0015419275185532104,3.9984580724814456,9.69240663010152,0.009,0.692,16
path,80,0.2,1.5,79,1.975,1.978,158.0,472.0,0.0015419275185532104,3.9984580724814456,9.631725786525884,0.0105,0.715,17
path,80,0.2,1.5,79,1.975,1.9715,158.0,472.0,0.0015419275185532104,3.9984580724814456,9.561683075799357,0.012,0.7255,18
path,80,0.2,1.5,79,1.975,1.972,158.0,472.0,0.0015419275185532104,3.9984580724814456,9.757153130354967,0.0065,0.7055,19
path,80,0.2,2.0,79,1.975,1.975,158.0,472.0,0.0015419275185532104,3.9984580724814456,9.507281447152138,0.01,0.9815,0
path,80,0.2,2.0,79,1.975,1.9765,158.0,472.0,0.0015419275185532104,3.9984580724814456,9.53248124660126,0.01,0.973,1
path,80,0.2,2.0,79,1.975,1.9775,158.0,472.0,0.0015419275185532104,3.9984580724814456,9.665614584513914,0.0085,0.977,2
path,80,0.2,2.0,79,1.975,1.978,158.0,472.0,0.0015419275185532104,3.9984580724814456,9.693012547775643,0.0075,0.979,3
path,80,0.2,2.0,79,1.975,1.966,158.0,472.0,0.0015419275185532104,3.9984580724814456,9.67348975643372,0.005,0.976,4
path,80,0.2,2.0,79,1.975,1.9795,158.0,472.0,0.0015419275185532104,3.9984580724814456,9.558110813419567,0.0065,0.9815,5
path,80,0.2,2.0,79,1.975,1.9775,158.0,472.0,0.0015419275185532104,3.9984580724814456,9.56873284475164,0.0095,0.9785,6
path,80,0.2,2.0,79,1.975,1.976,158.0,472.0,0.0015419275185532104,3.9984580724814456,9.60453593025893,0.0085,0.977,7
path,80,0.2,2.0,79,1.975,1.9725,158.0,472.0,0.0015419275185532104,3.9984580724814456,9.327118852846016,0.014,0.984,8
path,80,0.2,2.0,79,1.975,1.975,158.0,472.0,0.0015419275185532104,3.9984580724814456,9.641068013448065,0.0055,0.977,9
path,80,0.2,2.0,79,1.975,1.9705,158.0,472.0,0.0015419275185532104,3.9984580724814456,9.556926668376946,0.0125,0.982,10
path,80,0.2,2.0,79,1.975,1.9785,158.0,472.0,0.0015419275185532104,3.9984580724814456,9.33618823628349,0.0165,0.981,11
path,80,0.2,2.0,79,1.975,1.9735,158.0,472.0,0.0015419275185532104,3.9984580724814456,9.587084660599709,0.01,0.9815,12
path,80,0.2,2.0,79,1.975,1.9765,158.0,472.0,0.0015419275185532104,3.9984580724814456,9.486276118559836,0.0115,0.981,13
path,80,0.2,2.0,79,1.975,1.9765,158.0,472.0,0.0015419275185532104,3.9984580724814456,9.930228371875764,0.0045,0.969,14
path,80,0.2,2.0,79,1.975,1.9795,158.0,472.0,0.0015419275185532104,3.9984580724814456,9.565531459535363,0.0115,0.982,15
path,80,0.2,2.0,79,1.975,1.972,158.0,472.0,0.0015419275185532104,3.9984580724814456,9.675685464408055,0.01,0.983,16
path,80,0.2,2.0,79,1.975,1.9725,158.0,472.0,0.0015419275185532104,3.9984580724814456,9.71702995846322,0.005,0.976,17
path,80,0.2,2.0,79,1.975,1.972,158.0,472.0,0.0015419275185532104,3.9984580724814456,9.61456280711422,0.006,0.9775,18
path,80,0.2,2.0,79,1.975,1.9715,158.0,472.0,0.0015419275185532104,3.9984580724814456,9.479883620432304,0.009,0.9855,19
path,80,0.2,3.0,79,1.975,1.9745,158.0,472.0,0.0015419275185532104,3.9984580724814456,9.389814036613851,0.01,1.0,0
path,80,0.2,3.0,79,1.975,1.9815,158.0,472.0,0.0015419275185532104,3.9984580724814456,9.382761390634284,0.0125,0.9995,1
path,80,0.2,3.0,79,1.975,1.973,158.0,472.0,0.0015419275185532104,3.9984580724814456,9.487001746504095,0.0115,1.0,2
path,80,0.2,3.0,79,1.975,1.9745,158.0,472.0,0.0015419275185532104,3.9984580724814456,9.485907273802114,0.012,0.9995,3
path,80,0.2,3.0,79,1.975,1.9795,158.0,472.0,0.0015419275185532104,3.9984580724814456,9.796461021524625,0.0075,1.0,4
path,80,0.2,3.0,79,1.975,1.971,158.0,472.0,0.0015419275185532104,3.9984580724814456,9.865092320615966,0.0035,1.0,5
path,80,0.2,3.0,79,1.975,1.9815,158.0,472.0,0.0015419275185532104,3.9984580724814456,9.49273274205953,0.012,1.0,6
path,80,0.2,3.0,79,1.975,1.9755,158.0,472.0,0.0015419275185532104,3.9984580724814456,9.370675644824564,0.011,1.0,7
path,80,0.2,3.0,79,1.975,1.976,158.0,472.0,0.0015419275185532104,3.9984580724814456,9.624863032369403,0.0115,1.0,8
path,80,0.2,3.0,79,1.975,1.976,158.0,472.0,0.0015419275185532104,3.9984580724814456,9.413930003424614,0.019,1.0,9
path,80,0.2,3.0,79,1.975,1.9795,158.0,472.0,0.0015419275185532104,3.9984580724814456,9.378654015382363,0.013,1.0,10
path,80,0.2,3.0,79,1.975,1.972,158.0,472.0,0.0015419275185532104,3.9984580724814456,9.681487717150599,0.0105,1.0,11
path,80,0.2,3.0,79,1.975,1.9765,158.0,472.0,0.0015419275185532104,3.9984580724814456,9.412177295066117,0.0185,1.0,12
path,80,0.2,3.0,79,1.975,1.9785,158.0,472.0,0.0015419275185532104,3.9984580724814456,9.536126843831262,0.0115,1.0,13
path,80,0.2,3.0,79,1.975,1.976,158.0,472.0,0.0015419275185532104,3.9984580724814456,9.582803127302238,0.0075,1.0,14
path,80,0.2,3.0,79,1.975,1.967,158.0,472.0,0.0015419275185532104,3.9984580724814456,9.444544477500367,0.0135,1.0,15
path,80,0.2,3.0,79,1.975,1.973,158.0,472.0,0.0015419275185532104,3.9984580724814456,9.502294179974477,0.008,1.0,16
path,80,0.2,3.0,79,1.975,1.977,158.0,472.0,0.0015419275185532104,3.9984580724814456,9.693004146650031,0.009,1.0,17
path,80,0.2,3.0,79,1.975,1.9745,158.0,472.0,0.0015419275185532104,3.9984580724814456,9.594707346460078,0.008,1.0,18
path,80,0.2,3.0,79,1.975,1.981,158.0,472.0,0.0015419275185532104,3.9984580724814456,9.460346928821737,0.015,1.0,19
path,80,0.3,0.5,79,1.975,1.975,158.0,472.0,0.0015419275185532104,3.9984580724814456,21.17933796735774,0.0125,0.0175,0
path,80,0.3,0.5,79,1.975,1.9705,158.0,472.0,0.0015419275185532104,3.9984580724814456,21.241953556465646,0.008,0.019,1
path,80,0.3,0.5,79,1.975,1.97,158.0,472.0,0.0015419275185532104,3.9984580724814456,20.936869880868088,0.0125,0.0305,2
path,80,0.3,0.5,79,1.975,1.9745,158.0,472.0,0.0015419275185532104,3.9984580724814456,21.365899693196287,0.011,0.025,3
path,80,0.3,0.5,79,1.975,1.978,158.0,472.0,0.0015419275185532104,3.9984580724814456,21.10397415309526,0.013,0.0185,4
path,80,0.3,0.5,79,1.975,1.976,158.0,472.0,0.0015419275185532104,3.9984580724814456,21.762932472029103,0.0105,0.014,5
path,80,0.3,0.5,79,1.975,1.976,158.0,472.0,0.0015419275185532104,3.9984580724814456,21.900188574700405,0.009,0.0115,6
path,80,0.3,0.5,79,1.975,1.9745,158.0,472.0,0.0015419275185532104,3.9984580724814456,21.269179721927053,0.012,0.0175,7
path,80,0.3,0.5,79,1.975,1.9745,158.0,472.0,0.0015419275185532104,3.9984580724814456,21.76294788064352,0.008,0.0105,8
path,80,0.3,0.5,79,1.975,1.973,158.0,472.0,0.0015419275185532104,3.9984580724814456,21.371486827097296,0.012,0.018,9
path,80,0.3,0.5,79,1.975,1.976,158.0,472.0,0.0015419275185532104,3.9984580724814456,21.748914216603463,0.0065,0.0145,10
path,80,0.3,0.5,79,1.975,1.975,158.0,472.0,0.0015419275185532104,3.9984580724814456,21.41399008140679,0.011,0.0155,11
path,80,0.3,0.5,79,1.975,1.9745,158.0,472.0,0.0015419275185532104,3.9984580724814456,21.45675222777594,0.01,0.0205,12
path,80,0.3,0.5,79,1.975,1.973,158.0,472.0,0.0015419275185532104,3.9984580724814456,21.33679304455497,0.0105,0.016,13
path,80,0.3,0.5,79,1.975,1.9775,158.0,472.0,0.0015419275185532104,3.9984580724814456,21.458261260559002,0.009,0.0175,14
path,80,0.3,0.5,79,1.975,1.9695,158.0,472.0,0.0015419275185532104,3.9984580724814456,21.346091859470118,0.0085,0.0245,15
path,80,0.3,0.5,79,1.975,1.978,158.0,472.0,0.0015419275185532104,3.9984580724814456,21.196697051084037,0.0105,0.022,16
path,80,0.3,0.5,79,1.975,1.9765,158.0,472.0,0.0015419275185532104,3.9984580724814456,21.022156480899792,0.0175,0.0255,17
path,80,0.3,0.5,79,1.975,1.974,158.0,472.0,0.0015419275185532104,3.9984580724814456,21.725661936144377,0.012,0.011,18
path,80,0.3,0.5,79,1.975,1.9725,158.0,472.0,0.0015419275185532104,3.9984580724814456,20.867593316451703,0.016,0.024,19
path,80,0.3,1.0,79,1.975,1.978,158.0,472.0,0.0015419275185532104,3.9984580724814456,21.36268406008052,0.0065,0.06,0
path,80,0.3,1.0,79,1.975,1.973,158.0,472.0,0.0015419275185532104,3.9984580724814456,21.58956852958059,0.008,0.05,1
path,80,0.3,1.0,79,1.975,1.9755,158.0,472.0,0.0015419275185532104,3.9984580724814456,21.27963700780975,0.011,0.055,2
path,80,0.3,1.0,79,1.975,1.973,158.0,472.0,0.0015419275185532104,3.9984580724814456,21.87862661134073,0.006,0.046,3
path,80,0.3,1.0,79,1.975,1.972,158.0,472.0,0.0015419275185532104,3.9984580724814456,21.95801768711805,0.0075,0.0435,4
path,80,0.3,1.0,79,1.975,1.9745,158.0,472.0,0.0015419275185532104,3.9984580724814456,21.624570299399856,0.0085,0.056,5
path,80,0.3,1.0,79,1.975,1.971,158.0,472.0,0.0015419275185532104,3.9984580724814456,21.76458504422409,0.006,0.046,6
path,80,0.3,1.0,79,1.975,1.978,158.0,472.0,0.0015419275185532104,3.9984580724814456,21.777450407870056,0.0095,0.048,7
path,80,0.3,1.0,79,1.975,1.977,158.0,472.0,0.0015419275185532104,3.9984580724814456,20.88497884922434,0.0225,0.078,8
path,80,0.3,1.0,79,1.975,1.978,158.0,472.0,0.0015419275185532104,3.9984580724814456,21.663932101398185,0.0095,0.0555,9
path,80,0.3,1.0,79,1.975,1.9725,158.0,472.0,0.0015419275185532104,3.9984580724814456,21.256400858926725,0.013,0.066,10
path,80,0.3,1.0,79,1.975,1.978,158.0,472.0,0.0015419275185532104,3.9984580724814456,21.29299569164051,0.012,0.0545,11
path,80,0.3,1.0,79,1.975,1.973,158.0,472.0,0.0015419275185532104,3.9984580724814456,20.719836513131654,0.0195,0.0815,12
path,80,0.3,1.0,79,1.975,1.9745,158.0,472.0,0.0015419275185532104,3.9984580724814456,21.95533959009951,0.006,0.0425,13
path,80,0.3,1.0,79,1.975,1.975,158.0,472.0,0.0015419275185532104,3.9984580724814456,21.148934000130726,0.0125,0.067,14
path,80,0.3,1.0,79,1.975,1.976,158.0,472.0,0.0015419275185532104,3.9984580724814456,21.43108550045288,0.015,0.0565,15
path,80,0.3,1.0,79,1.975,1.9765,158.0,472.0,0.0015419275185532104,3.9984580724814456,20.791435032575542,0.0175,0.077,16
path,80,0.3,1.0,79,1.975,1.975,158.0,472.0,0.0015419275185532104,3.9984580724814456,21.241486046478304,0.013,0.065,17
path,80,0.3,1.0,79,1.975,1.977,158.0,472.0,0.0015419275185532104,3.9984580724814456,21.80602696619123,0.0065,0.049,18
path,80,0.3,1.0,79,1.975,1.9735,158.0,472.0,0.0015419275185532104,3.9984580724814456,21.446021345036307,0.0065,0.05,19
path,80,0.3,1.5,79,1.975,1.974,158.0,472.0,0.0015419275185532104,3.9984580724814456,22.471109499126797,0.004,0.1395,0
path,80,0.3,1.5,79,1.975,1.9795,158.0,472.0,0.0015419275185532104,3.9984580724814456,21.728950667469913,0.0115,0.181,1
path,80,0.3,1.5,79,1.975,1.9825,158.0,472.0,0.0015419275185532104,3.9984580724814456,21.298208192952576,0.01,0.2275,2
path,80,0.3,1.5,79,1.975,1.9785,158.0,472.0,0.0015419275185532104,3.9984580724814456,21.43144537365308,0.007,0.2325,3
path,80,0.3,1.5,79,1.975,1.977,158.0,472.0,0.0015419275185532104,3.9984580724814456,21.31578736360034,0.0115,0.213,4
path,80,0.3,1.5,79,1.975,1.979,158.0,472.0,0.0015419275185532104,3.9984580724814456,21.14752719013854,0.009,0.2405,5
path,80,0.3,1.5,79,1.975,1.977,158.0,472.0,0.0015419275185532104,3.9984580724814456,21.78457450777903,0.007,0.184,6
path,80,0.3,1.5,79,1.975,1.974,158.0,472.0,0.0015419275185532104,3.9984580724814456,21.76758497425279,0.008,0.181,7
path,80,0.3,1.5,79,1.975,1.9785,158.0,472.0,0.0015419275185532104,3.9984580724814456,21.017255022155297,0.01,0.244,8
path,80,0.3,1.5,79,1.975,1.973,158.0,472.0,0.0015419275185532104,3.9984580724814456,21.175766336645403,0.0095,0.239,9
path,80,0.3,1.5,79,1.975,1.9705,158.0,472.0,0.0015419275185532104,3.9984580724814456,21.550823335706657,0.0085,0.1925,10
path,80,0.3,1.5,79,1.975,1.9715,158.0,472.0,0.0015419275185532104,3.9984580724814456,21.71019436659371,0.005,0.185,11
path,80,0.3,1.5,79,1.975,1.9775,158.0,472.0,0.0015419275185532104,3.9984580724814456,21.630320435667485,0.0095,0.211,12
path,80,0.3,1.5,79,1.975,1.969,158.0,472.0,0.0015419275185532104,3.9984580724814456,21.687523771560354,0.0105,0.1905,13
path,80,0.3,1.5,79,1.975,1.9755,158.0,472.0,0.0015419275185532104,3.9984580724814456,21.663507390249745,0.0105,0.1915,14
path,80,0.3,1.5,79,1.975,1.969,158.0,472.0,0.0015419275185532104,3.9984580724814456,21.22865458831207,0.0125,0.2065,15
path,80,0.3,1.5,79,1.975,1.978,158.0,472.0,0.0015419275185532104,3.9984580724814456,21.784714715423608,0.0055,0.1795,16
path,80,0.3,1.5,79,1.975,1.9805,158.0,472.0,0.0015419275185532104,3.9984580724814456,21.345161163645994,0.01,0.1925,17
path,80,0.3,1.5,79,1.975,1.9745,158.0,472.0,0.0015419275185532104,3.9984580724814456,21.659682842973062,0.005,0.207,18
path,80,0.3,1.5,79,1.975,1.976,158.0,472.0,0.0015419275185532104,3.9984580724814456,21.241924003266828,0.011,0.2235,19
path,80,0.3,2.0,79,1.975,1.9805,158.0,472.0,0.0015419275185532104,3.9984580724814456,21.599640219076555,0.0105,0.537,0
path,80,0.3,2.0,79,1.975,1.9775,158.0,472.0,0.0015419275185532104,3.9984580724814456,21.275888724484247,0.013,0.551,1
path,80,0.3,2.0,79,1.975,1.9755,158.0,472.0,0.0015419275185532104,3.9984580724814456,21.98972243163027,0.01,0.4795,2
path,80,0.3,2.0,79,1.975,1.9775,158.0,472.0,0.0015419275185532104,3.9984580724814456,22.233332708191067,0.0055,0.458,3
path,80,0.3,2.0,79,1.975,1.9695,158.0,472.0,0.0015419275185532104,3.9984580724814456,21.280250073926354,0.0145,0.548,4
path,80,0.3,2.0,79,1.975,1.976,158.0,472.0,0.0015419275185532104,3.9984580724814456,21.601421586923966,0.01,0.5215,5
path,80,0.3,2.0,79,1.975,1.969,158.0,472.0,0.0015419275185532104,3.9984580724814456,21.241993549994714,0.012,0.579,6
path,80,0.3,2.0,79,1.975,1.975,158.0,472.0,0.0015419275185532104,3.9984580724814456,21.317078939438666,0.0085,0.543,7
path,80,0.3,2.0,79,1.975,1.971,158.0,472.0,0.0015419275185532104,3.9984580724814456,21.180408953999475,0.012,0.587,8
path,80,0.3,2.0,79,1.975,1.98,158.0,472.0,0.0015419275185532104,3.9984580724814456,21.536820624065996,0.01,0.527,9
path,80,0.3,2.0,79,1.975,1.972,158.0,472.0,0.0015419275185532104,3.9984580724814456,21.1665274081509,0.011,0.57,10
path,80,0.3,2.0,79,1.975,1.975,158.0,472.0,0.0015419275185532104,3.9984580724814456,21.750094056867642,0.008,0.517,11
path,80,0.3,2.0,79,1.975,1.9825,158.0,472.0,0.0015419275185532104,3.9984580724814456,21.64424476999953,0.007,0.5465,12
path,80,0.3,2.0,79,1.975,1.9775,158.0,472.0,0.0015419275185532104,3.9984580724814456,21.80370660833888,0.0085,0.498,13
path,80,0.3,2.0,79,1.975,1.978,158.0,472.0,0.0015419275185532104,3.9984580724814456,21.533323836411668,0.0095,0.5415,14
path,80,0.3,2.0,79,1.975,1.9725,158.0,472.0,0.0015419275185532104,3.9984580724814456,21.551792502332535,0.01,0.541,15
path,80,0.3,2.0,79,1.975,1.972,158.0,472.0,0.0015419275185532104,3.9984580724814456,21.78066685305372,0.011,0.4965,16
path,80,0.3,2.0,79,1.975,1.968,158.0,472.0,0.0015419275185532104,3.9984580724814456,21.500666538761905,0.008,0.5455,17
path,80,0.3,2.0,79,1.975,1.9745,158.0,472.0,0.0015419275185532104,3.9984580724814456,21.64284958201803,0.0085,0.536,18
path,80,0.3,2.0,79,1.975,1.973,158.0,472.0,0.0015419275185532104,3.9984580724814456,21.58934031238866,0.009,0.5435,19
path,80,0.3,3.0,79,1.975,1.975,158.0,472.0,0.0015419275185532104,3.9984580724814456,21.220978465531747,0.012,0.9825,0
path,80,0.3,3.0,79,1.975,1.9795,158.0,472.0,0.0015419275185532104,3.9984580724814456,21.690114781002766,0.0065,0.9805,1
path,80,0.3,3.0,79,1.975,1.974,158.0,472.0,0.0015419275185532104,3.9984580724814456,21.271096628710602,0.0125,0.9825,2
path,80,0.3,3.0,79,1.975,1.9715,158.0,472.0,0.0015419275185532104,3.9984580724814456,21.827521761751253,0.007,0.9765,3
path,80,0.3,3.0,79,1.975,1.9745,158.0,472.0,0.0015419275185532104,3.9984580724814456,21.489173719902286,0.012,0.985,4
path,80,0.3,3.0,79,1.975,1.9735,158.0,472.0,0.0015419275185532104,3.9984580724814456,21.532979378756956,0.0115,0.9775,5
path,80,0.3,3.0,79,1.975,1.975,158.0,472.0,0.0015419275185532104,3.9984580724814456,21.65124878776806,0.0125,0.9805,6
path,80,0.3,3.0,79,1.975,1.982,158.0,472.0,0.0015419275185532104,3.9984580724814456,21.44796393761245,0.007,0.986,7
path,80,0.3,3.0,79,1.975,1.978,158.0,472.0,0.0015419275185532104,3.9984580724814456,20.89135121294961,0.0175,0.986,8
path,80,0.3,3.0,79,1.975,1.9755,158.0,472.0,0.0015419275185532104,3.9984580724814456,20.804590407821554,0.013,0.988,9
path,80,0.3,3.0,79,1.975,1.976,158.0,472.0,0.0015419275185532104,3.9984580724814456,21.369120488163624,0.0135,0.985,10
path,80,0.3,3.0,79,1.975,1.978,158.0,472.0,0.0015419275185532104,3.9984580724814456,21.408681107335447,0.009,0.9845,11
path,80,0.3,3.0,79,1.975,1.9715,158.0,472.0,0.0015419275185532104,3.9984580724814456,21.73569001261853,0.01,0.975,12
path,80,0.3,3.0,79,1.975,1.978,158.0,472.0,0.0015419275185532104,3.9984580724814456,21.24828760961916,0.015,0.99,13
path,80,0.3,3.0,79,1.975,1.976,158.0,472.0,0.0015419275185532104,3.9984580724814456,21.683964633952392,0.0055,0.98,14
path,80,0.3,3.0,79,1.975,1.969,158.0,472.0,0.0015419275185532104,3.9984580724814456,21.588750115222858,0.0085,0.9825,15
path,80,0.3,3.0,79,1.975,1.9715,158.0,472.0,0.0015419275185532104,3.9984580724814456,21.282506039001476,0.014,0.9795,16
path,80,0.3,3.0,79,1.975,1.979,158.0,472.0,0.0015419275185532104,3.9984580724814456,21.76706263977347,0.011,0.985,17
path,80,0.3,3.0,79,1.975,1.973,158.0,472.0,0.0015419275185532104,3.9984580724814456,21.135886950323854,0.011,0.984,18
path,80,0.3,3.0,79,1.975,1.9735,158.0,472.0,0.0015419275185532104,3.9984580724814456,21.39978531155518,0.0095,0.977,19
ring,10,0.1,0.5,10,2.0,2.0,20.0,60.0,0.38196601125010454,3.999999999999999,0.5364286226959676,0.0115,0.712,0
ring,10,0.1,0.5,10,2.0,2.0,20.0,60.0,0.38196601125010454,3.999999999999999,0.5592722779727987,0.006,0.665,1
ring,10,0.1,0.5,10,2.0,2.0,20.0,60.0,0.38196601125010454,3.999999999999999,0.5573926091566518,0.0085,0.667,2
ring,10,0.1,0.5,10,2.0,2.0,20.0,60.0,0.38196601125010454,3.999999999999999,0.5463509145616744,0.01,0.684,3
ring,10,0.1,0.5,10,2.0,2.0,20.0,60.0,0.38196601125010454,3.999999999999999,0.519940778480706,0.0145,0.7245,4
ring,10,0.1,0.5,10,2.0,2.0,20.0,60.0,0.38196601125010454,3.999999999999999,0.522290695315186,0.016,0.724,5
ring,10,0.1,0.5,10,2.0,2.0,20.0,60.0,0.38196601125010454,3.999999999999999,0.5726337162854845,0.008,0.6555,6
ring,10,0.1,0.5,10,2.0,2.0,20.0,60.0,0.38196601125010454,3.999999999999999,0.5437310578872668,0.009,0.6805,7
ring,10,0.1,0.5,10,2.0,2.0,20.0,60.0,0.38196601125010454,3.999999999999999,0.5379558070129103,0.0125,0.7105,8
ring,10,0.1,0.5,10,2.0,2.0,20.0,60.0,0.38196601125010454,3.999999999999999,0.5391390807535364,0.0095,0.6865,9
ring,10,0.1,0.5,10,2.0,2.0,20.0,60.0,0.38196601125010454,3.999999999999999,0.5160502235936671,0.0145,0.714,10
ring,10,0.1,0.5,10,2.0,2.0,20.0,60.0,0.38196601125010454,3.999999999999999,0.5622333893329983,0.007,0.6605,11
ring,10,0.1,0.5,10,2.0,2.0,20.0,60.0,0.38196601125010454,3.999999999999999,0.5367570710959307,0.0125,0.6985,12
ring,10,0.1,0.5,10,2.0,2.0,20.0,60.0,0.38196601125010454,3.999999999999999,0.5656926698328179,0.01,0.6485,13
ring,10,0.1,0.5,10,2.0,2.0,20.0,60.0,0.38196601125010454,3.999999999999999,0.5289409685187021,0.014,0.7185,14
ring,10,0.1,0.5,10,2.0,2.0,20.0,60.0,0.38196601125010454,3.999999999999999,0.564046881782845,0.007,0.6665,15
ring,10,0.1,0.5,10,2.0,2.0,20.0,60.0,0.38196601125010454,3.999999999999999,0.5566495300363883,0.008,0.65,16
ring,10,0.1,0.5,10,2.0,2.0,20.0,60.0,0.38196601125010454,3.999999999999999,0.5456849094462856,0.0095,0.6745,17
ring,10,0.1,0.5,10,2.0,2.0,20.0,60.0,0.38196601125010454,3.999999999999999,0.5185774379304974,0.0185,0.741,18
ring,10,0.1,0.5,10,2.0,2.0,20.0,60.0,0.38196601125010454,3.999999999999999,0.5432363766427938,0.012,0.7,19
ring,10,0.1,1.0,10,2.0,2.0,20.0,60.0,0.38196601125010454,3.999999999999999,0.5235321283497272,0.0135,1.0,0
ring,10,0.1,1.0,10,2.0,2.0,20.0,60.0,0.38196601125010454,3.999999999999999,0.5303336202582976,0.015,1.0,1
ring,10,0.1,1.0,10,2.0,2.0,20.0,60.0,0.38196601125010454,3.999999999999999,0.5564813657565317,0.006,1.0,2
ring,10,0.1,1.0,10,2.0,2.0,20.0,60.0,0.38196601125010454,3.999999999999999,0.5646247042872904,0.0075,1.0,3
ring,10,0.1,1.0,10,2.0,2.0,20.0,60.0,0.38196601125010454,3.999999999999999,0.5365200942943636,0.0135,1.0,4
ring,10,0.1,1.0,10,2.0,2.0,20.0,60.0,0.38196601125010454,3.999999999999999,0.5320602511111764,0.012,1.0,5
ring,10,0.1,1.0,10,2.0,2.0,20.0,60.0,0.38196601125010454,3.999999999999999,0.5195898083065521,0.017,1.0,6
ring,10,0.1,1.0,10,2.0,2.0,20.0,60.0,0.38196601125010454,3.999999999999999,0.5485018436325787,0.009,1.0,7
ring,10,0.1,1.0,10,2.0,2.0,20.0,60.0,0.38196601125010454,3.999999999999999,0.5497753333099533,0.0075,1.0,8
ring,10,0.1,1.0,10,2.0,2.0,20.0,60.0,0.38196601125010454,3.999999999999999,0.5253792401475967,0.0115,1.0,9
ring,10,0.1,1.0,10,2.0,2.0,20.0,60.0,0.38196601125010454,3.999999999999999,0.5354423777698666,0.0145,1.0,10
ring,10,0.1,1.0,10,2.0,2.0,20.0,60.0,0.38196601125010454,3.999999999999999,0.5280269277718211,0.0125,1.0,11
ring,10,0.1,1.0,10,2.0,2.0,20.0,60.0,0.38196601125010454,3.999999999999999,0.556633493228217,0.0095,1.0,12
ring,10,0.1,1.0,10,2.0,2.0,20.0,60.0,0.38196601125010454,3.999999999999999,0.5621934754092544,0.008,1.0,13
ring,10,0.1,1.0,10,2.0,2.0,20.0,60.0,0.38196601125010454,3.999999999999999,0.5306888647677871,0.009,1.0,14
ring,10,0.1,1.0,10,2.0,2.0,20.0,60.0,0.38196601125010454,3.999999999999999,0.534364847619732,0.012,1.0,15
ring,10,0.1,1.0,10,2.0,2.0,20.0,60.0,0.38196601125010454,3.999999999999999,0.5537381672836734,0.013,1.0,16
ring,10,0.1,1.0,10,2.0,2.0,20.0,60.0,0.38196601125010454,3.999999999999999,0.5575546622329172,0.012,1.0,17
ring,10,0.1,1.0,10,2.0,2.0,20.0,60.0,0.38196601125010454,3.999999999999999,0.5776029016510865,0.0045,1.0,18
ring,10,0.1,1.0,10,2.0,2.0,20.0,60.0,0.38196601125010454,3.999999999999999,0.5828683425685689,0.0045,1.0,19
ring,10,0.1,1.5,10,2.0,2.0,20.0,60.0,0.38196601125010454,3.999999999999999,0.5108754865139205,0.0175,1.0,0
ring,10,0.1,1.5,10,2.0,2.0,20.0,60.0,0.38196601125010454,3.999999999999999,0.5154701305597369,0.02,1.0,1
ring,10,0.1,1.5,10,2.0,2.0,20.0,60.0,0.38196601125010454,3.999999999999999,0.5212045668281567,0.015,1.0,2
ring,10,0.1,1.5,10,2.0,2.0,20.0,60.0,0.38196601125010454,3.999999999999999,0.5528796201450188,0.01,1.0,3
ring,10,0.1,1.5,10,2.0,2.0,20.0,60.0,0.38196601125010454,3.999999999999999,0.5340702497486054,0.017,1.0,4
ring,10,0.1,1.5,10,2.0,2.0,20.0,60.0,0.38196601125010454,3.999999999999999,0.5650552761703278,0.0075,1.0,5
ring,10,0.1,1.5,10,2.0,2.0,20.0,60.0,0.38196601125010454,3.999999999999999,0.5602036724147154,0.0075,1.0,6
ring,10,0.1,1.5,10,2.0,2.0,20.0,60.0,0.38196601125010454,3.999999999999999,0.5250001121471207,0.011,1.0,7
ring,10,0.1,1.5,10,2.0,2.0,20.0,60.0,0.38196601125010454,3.999999999999999,0.551750311777681,0.007,1.0,8
ring,10,0.1,1.5,10,2.0,2.0,20.0,60.0,0.38196601125010454,3.999999999999999,0.5207259546503824,0.014,1.0,9
ring,10,0.1,1.5,10,2.0,2.0,20.0,60.0,0.38196601125010454,3.999999999999999,0.5442037523834437,0.0095,1.0,10
ring,10,0.1,1.5,10,2.0,2.0,20.0,60.0,0.38196601125010454,3.999999999999999,0.5317510637085844,0.0115,1.0,11
ring,10,0.1,1.5,10,2.0,2.0,20.0,60.0,0.38196601125010454,3.999999999999999,0.5787177683583752,0.0075,1.0,12
ring,10,0.1,1.5,10,2.0,2.0,20.0,60.0,0.38196601125010454,3.999999999999999,0.5348995854398608,0.0125,1.0,13
ring,10,0.1,1.5,10,2.0,2.0,20.0,60.0,0.38196601125010454,3.999999999999999,0.5396889600073013,0.01,1.0,14
ring,10,0.1,1.5,10,2.0,2.0,20.0,60.0,0.38196601125010454,3.999999999999999,0.5485069315497009,0.007,1.0,15
ring,10,0.1,1.5,10,2.0,2.0,20.0,60.0,0.38196601125010454,3.999999999999999,0.5343262703084822,0.0115,1.0,16
ring,10,0.1,1.5,10,2.0,2.0,20.0,60.0,0.38196601125010454,3.999999999999999,0.5515582258760274,0.0125,1.0,17
ring,10,0.1,1.5,10,2.0,2.0,20.0,60.0,0.38196601125010454,3.999999999999999,0.5143674679155944,0.015,1.0,18
ring,10,0.1,1.5,10,2.0,2.0,20.0,60.0,0.38196601125010454,3.999999999999999,0.5559734135893936,0.007,1.0,19
ring,10,0.1,2.0,10,2.0,2.0,20.0,60.0,0.38196601125010454,3.999999999999999,0.5397589123223926,0.0105,1.0,0
ring,10,0.1,2.0,10,2.0,2.0,20.0,60.0,0.38196601125010454,3.999999999999999,0.5775624786485837,0.007,1.0,1
ring,10,0.1,2.0,10,2.0,2.0,20.0,60.0,0.38196601125010454,3.999999999999999,0.5991642232208824,0.0065,1.0,2
ring,10,0.1,2.0,10,2.0,2.0,20.0,60.0,0.38196601125010454,3.999999999999999,0.5492125182582664,0.01,1.0,3
ring,10,0.1,2.0,10,2.0,2.0,20.0,60.0,0.38196601125010454,3.999999999999999,0.5383942431630547,0.0095,1.0,4
ring,10,0.1,2.0,10,2.0,2.0,20.0,60.0,0.38196601125010454,3.999999999999999,0.5500828027266612,0.0105,1.0,5
ring,10,0.1,2.0,10,2.0,2.0,20.0,60.0,0.38196601125010454,3.999999999999999,0.5563040672120773,0.008,1.0,6
ring,10,0.1,2.0,10,2.0,2.0,20.0,60.0,0.38196601125010454,3.999999999999999,0.5468333923987854,0.0075,1.0,7
ring,10,0.1,2.0,10,2.0,2.0,20.0,60.0,0.38196601125010454,3.999999999999999,0.5838398744828959,0.006,1.0,8
ring,10,0.1,2.0,10,2.0,2.0,20.0,60.0,0.38196601125010454,3.999999999999999,0.5648277477308393,0.01,1.0,9
ring,10,0.1,2.0,10,2.0,2.0,20.0,60.0,0.38196601125010454,3.999999999999999,0.5042645928094833,0.018,1.0,10
ring,10,0.1,2.0,10,2.0,2.0,20.0,60.0,0.38196601125010454,3.999999999999999,0.5536108068919176,0.007,1.0,11
ring,10,0.1,2.0,10,2.0,2.0,20.0,60.0,0.38196601125010454,3.999999999999999,0.5351726242814087,0.009,1.0,12
ring,10,0.1,2.0,10,2.0,2.0,20.0,60.0,0.38196601125010454,3.999999999999999,0.5113736080262946,0.0145,1.0,13
ring,10,0.1,2.0,10,2.0,2.0,20.0,60.0,0.38196601125010454,3.999999999999999,0.5624212065285035,0.011,1.0,14
ring,10,0.1,2.0,10,2.0,2.0,20.0,60.0,0.38196601125010454,3.999999999999999,0.5724311479256676,0.005,1.0,15
ring,10,0.1,2.0,10,2.0,2.0,20.0,60.0,0.38196601125010454,3.999999999999999,0.5500344066077187,0.0105,1.0,16
ring,10,0.1,2.0,10,2.0,2.0,20.0,60.0,0.38196601125010454,3.999999999999999,0.5282755889246753,0.0105,1.0,17
ring,10,0.1,2.0,10,2.0,2.0,20.0,60.0,0.38196601125010454,3.999999999999999,0.5427158432181288,0.011,1.0,18
ring,10,0.1,2.0,10,2.0,2.0,20.0,60.0,0.38196601125010454,3.999999999999999,0.5408990406227793,0.0095,1.0,19
ring,10,0.1,3.0,10,2.0,2.0,20.0,60.0,0.38196601125010454,3.999999999999999,0.5356173014613901,0.0125,1.0,0
ring,10,0.1,3.0,10,2.0,2.0,20.0,60.0,0.38196601125010454,3.999999999999999,0.5676792523039506,0.0085,1.0,1
ring,10,0.1,3.0,10,2.0,2.0,20.0,60.0,0.38196601125010454,3.999999999999999,0.5746154152892804,0.008,1.0,2
ring,10,0.1,3.0,10,2.0,2.0,20.0,60.0,0.38196601125010454,3.999999999999999,0.5483193031777106,0.009,1.0,3
ring,10,0.1,3.0,10,2.0,2.0,20.0,60.0,0.38196601125010454,3.999999999999999,0.5336200620807218,0.0085,1.0,4
ring,10,0.1,3.0,10,2.0,2.0,20.0,60.0,0.38196601125010454,3.999999999999999,0.5600105087926697,0.008,1.0,5
ring,10,0.1,3.0,10,2.0,2.0,20.0,60.0,0.38196601125010454,3.999999999999999,0.5601749949336089,0.008,1.0,6
ring,10,0.1,3.0,10,2.0,2.0,20.0,60.0,0.38196601125010454,3.999999999999999,0.561375206616882,0.0085,1.0,7
ring,10,0.1,3.0,10,2.0,2.0,20.0,60.0,0.38196601125010454,3.999999999999999,0.5717982336985656,0.0075,1.0,8
ring,10,0.1,3.0,10,2.0,2.0,20.0,60.0,0.38196601125010454,3.999999999999999,0.5473079463596768,0.009,1.0,9
ring,10,0.1,3.0,10,2.0,2.0,20.0,60.0,0.38196601125010454,3.999999999999999,0.5202488467415697,0.012,1.0,10
ring,10,0.1,3.0,10,2.0,2.0,20.0,60.0,0.38196601125010454,3.999999999999999,0.55371110929466,0.0075,1.0,11
ring,10,0.1,3.0,10,2.0,2.0,20.0,60.0,0.38196601125010454,3.999999999999999,0.5227342883681063,0.0155,1.0,12
ring,10,0.1,3.0,10,2.0,2.0,20.0,60.0,0.38196601125010454,3.999999999999999,0.5053543225295536,0.0195,1.0,13
ring,10,0.1,3.0,10,2.0,2.0,20.0,60.0,0.38196601125010454,3.999999999999999,0.5377814108583645,0.013,1.0,14
ring,10,0.1,3.0,10,2.0,2.0,20.0,60.0,0.38196601125010454,3.999999999999999,0.540621832240769,0.0125,1.0,15
ring,10,0.1,3.0,10,2.0,2.0,20.0,60.0,0.38196601125010454,3.999999999999999,0.5349829010674264,0.0085,1.0,16
ring,10,0.1,3.0,10,2.0,2.0,20.0,60.0,0.38196601125010454,3.999999999999999,0.5557187441189133,0.0085,1.0,17
ring,10,0.1,3.0,10,2.0,2.0,20.0,60.0,0.38196601125010454,3.999999999999999,0.5561160981415759,0.01,1.0,18
ring,10,0.1,3.0,10,2.0,2.0,20.0,60.0,0.38196601125010454,3.999999999999999,0.5557408738339251,0.0075,1.0,19
ring,10,0.2,0.5,10,2.0,2.0,20.0,60.0,0.38196601125010454,3.999999999999999,2.275973562967798,0.007,0.075,0
ring,10,0.2,0.5,10,2.0,2.0,20.0,60.0,0.38196601125010454,3.999999999999999,2.2760883106682783,0.0095,0.078,1
ring,10,0.2,0.5,10,2.0,2.0,20.0,60.0,0.38196601125010454,3.999999999999999,2.131137625430188,0.014,0.106,2
ring,10,0.2,0.5,10,2.0,2.0,20.0,60.0,0.38196601125010454,3.999999999999999,2.184474854534953,0.009,0.0895,3
ring,10,0.2,0.5,10,2.0,2.0,20.0,60.0,0.38196601125010454,3.999999999999999,2.2138188846255207,0.0115,0.096,4
ring,10,0.2,0.5,10,2.0,2.0,20.0,60.0,0.38196601125010454,3.999999999999999,2.3600043323133297,0.007,0.0725,5
ring,10,0.2,0.5,10,2.0,2.0,20.0,60.0,0.38196601125010454,3.999999999999999,2.118496288599749,0.0115,0.1105,6
ring,10,0.2,0.5,10,2.0,2.0,20.0,60.0,0.38196601125010454,3.999999999999999,2.2471400918145252,0.01,0.0945,7
ring,10,0.2,0.5,10,2.0,2.0,20.0,60.0,0.38196601125010454,3.999999999999999,2.0828336837856254,0.0105,0.1225,8
ring,10,0.2,0.5,10,2.0,2.0,20.0,60.0,0.38196601125010454,3.999999999999999,2.2740867957108053,0.01,0.075,9
ring,10,0.2,0.5,10,2.0,2.0,20.0,60.0,0.38196601125010454,3.999999999999999,2.209754994546779,0.012,0.1025,10
ring,10,0.2,0.5,10,2.0,2.0,20.0,60.0,0.38196601125010454,3.999999999999999,2.096894706461207,0.014,0.132,11
ring,10,0.2,0.5,10,2.0,2.0,20.0,60.0,0.38196601125010454,3.999999999999999,2.2497757598977475,0.011,0.0865,12
ring,10,0.2,0.5,10,2.0,2.0,20.0,60.0,0.38196601125010454,3.999999999999999,2.26700894879017,0.0055,0.0695,13
ring,10,0.2,0.5,10,2.0,2.0,20.0,60.0,0.38196601125010454,3.999999999999999,2.167909533162267,0.013,0.1145,14
ring,10,0.2,0.5,10,2.0,2.0,20.0,60.0,0.38196601125010454,3.999999999999999,2.2095461092875692,0.006,0.09,15
ring,10,0.2,0.5,10,2.0,2.0,20.0,60.0,0.38196601125010454,3.999999999999999,2.23057229735548,0.012,0.106,16
ring,10,0.2,0.5,10,2.0,2.0,20.0,60.0,0.38196601125010454,3.999999999999999,2.148332452786255,0.013,0.104,17
ring,10,0.2,0.5,10,2.0,2.0,20.0,60.0,0.38196601125010454,3.999999999999999,2.0658352420838506,0.017,0.131,18
ring,10,0.2,0.5,10,2.0,2.0,20.0,60.0,0.38196601125010454,3.999999999999999,2.1000794957501334,0.0095,0.108,19
ring,10,0.2,1.0,10,2.0,2.0,20.0,60.0,0.38196601125010454,3.999999999999999,2.2405816717525138,0.0085,0.6625,0
ring,10,0.2,1.0,10,2.0,2.0,20.0,60.0,0.38196601125010454,3.999999999999999,2.221884883582198,0.01,0.674,1
ring,10,0.2,1.0,10,2.0,2.0,20.0,60.0,0.38196601125010454,3.999999999999999,2.2079451548999054,0.0105,0.656,2
ring,10,0.2,1.0,10,2.0,2.0,20.0,60.0,0.38196601125010454,3.999999999999999,2.2493035512016286,0.0095,0.6645,3
ring,10,0.2,1.0,10,2.0,2.0,20.0,60.0,0.38196601125010454,3.999999999999999,2.1534671343343543,0.008,0.7075,4
ring,10,0.2,1.0,10,2.0,2.0,20.0,60.0,0.38196601125010454,3.999999999999999,2.2281248673571117,0.006,0.6795,5
ring,10,0.2,1.0,10,2.0,2.0,20.0,60.0,0.38196601125010454,3.999999999999999,2.10538671362472,0.007,0.7115,6
ring,10,0.2,1.0,10,2.0,2.0,20.0,60.0,0.38196601125010454,3.999999999999999,2.176517032952641,0.0045,0.6815,7
ring,10,0.2,1.0,10,2.0,2.0,20.0,60.0,0.38196601125010454,3.999999999999999,2.193239399839131,0.0065,0.691,8
ring,10,0.2,1.0,10,2.0,2.0,20.0,60.0,0.38196601125010454,3.999999999999999,2.1312407992860294,0.0115,0.7025,9
ring,10,0.2,1.0,10,2.0,2.0,20.0,60.0,0.38196601125010454,3.999999999999999,2.117554509670773,0.013,0.723,10
ring,10,0.2,1.0,10,2.0,2.0,20.0,60.0,0.38196601125010454,3.999999999999999,2.1372854892974673,0.0135,0.705,11
ring,10,0.2,1.0,10,2.0,2.0,20.0,60.0,0.38196601125010454,3.999999999999999,2.2064428049514646,0.008,0.688,12
ring,10,0.2,1.0,10,2.0,2.0,20.0,60.0,0.38196601125010454,3.999999999999999,2.264840972073991,0.0075,0.6405,13
ring,10,0.2,1.0,10,2.0,2.0,20.0,60.0,0.38196601125010454,3.999999999999999,2.167880303542127,0.012,0.686,14
ring,10,0.2,1.0,10,2.0,2.0,20.0,60.0,0.38196601125010454,3.999999999999999,2.1053319364564484,0.0085,0.7375,15
ring,10,0.2,1.0,10,2.0,2.0,20.0,60.0,0.38196601125010454,3.999999999999999,2.1563835527812145,0.01,0.7015,16
ring,10,0.2,1.0,10,2.0,2.0,20.0,60.0,0.38196601125010454,3.999999999999999,2.153059477475681,0.0155,0.687,17
ring,10,0.2,1.0,10,2.0,2.0,20.0,60.0,0.38196601125010454,3.999999999999999,2.254458874661787,0.0065,0.661,18
ring,10,0.2,1.0,10,2.0,2.0,20.0,60.0,0.38196601125010454,3.999999999999999,2.121570581419229,0.0075,0.7275,19
ring,10,0.2,1.5,10,2.0,2.0,20.0,60.0,0.38196601125010454,3.999999999999999,2.217329087177227,0.007,0.993,0
ring,10,0.2,1.5,10,2.0,2.0,20.0,60.0,0.38196601125010454,3.999999999999999,2.213936310893856,0.007,0.994,1
ring,10,0.2,1.5,10,2.0,2.0,20.0,60.0,0.38196601125010454,3.999999999999999,2.0831336308619797,0.0185,0.9945,2
ring,10,0.2,1.5,10,2.0,2.0,20.0,60.0,0.38196601125010454,3.999999999999999,2.242986026932519,0.0095,0.9945,3
ring,10,0.2,1.5,10,2.0,2.0,20.0,60.0,0.38196601125010454,3.999999999999999,2.067166995547041,0.0195,0.995,4
ring,10,0.2,1.5,10,2.0,2.0,20.0,60.0,0.38196601125010454,3.999999999999999,2.125179263430294,0.0125,0.9955,5
ring,10,0.2,1.5,10,2.0,2.0,20.0,60.0,0.38196601125010454,3.999999999999999,2.1957038063455485,0.0085,0.9945,6
ring,10,0.2,1.5,10,2.0,2.0,20.0,60.0,0.38196601125010454,3.999999999999999,2.1502963821416428,0.0105,0.9945,7
ring,10,0.2,1.5,10,2.0,2.0,20.0,60.0,0.38196601125010454,3.999999999999999,2.172902358541956,0.0085,0.995,8
ring,10,0.2,1.5,10,2.0,2.0,20.0,60.0,0.38196601125010454,3.999999999999999,2.2005740707314314,0.007,0.995,9
ring,10,0.2,1.5,10,2.0,2.0,20.0,60.0,0.38196601125010454,3.999999999999999,2.1860747361073702,0.011,0.9945,10
ring,10,0.2,1.5,10,2.0,2.0,20.0,60.0,0.38196601125010454,3.999999999999999,2.1795592908540673,0.011,0.994,11
ring,10,0.2,1.5,10,2.0,2.0,20.0,60.0,0.38196601125010454,3.999999999999999,2.1321004706088535,0.0155,0.9925,12
ring,10,0.2,1.5,10,2.0,2.0,20.0,60.0,0.38196601125010454,3.999999999999999,2.1308418440625188,0.011,0.995,13
ring,10,0.2,1.5,10,2.0,2.0,20.0,60.0,0.38196601125010454,3.999999999999999,2.076268335228449,0.011,0.995,14
ring,10,0.2,1.5,10,2.0,2.0,20.0,60.0,0.38196601125010454,3.999999999999999,2.161484107401934,0.0095,0.9945,15
ring,10,0.2,1.5,10,2.0,2.0,20.0,60.0,0.38196601125010454,3.999999999999999,2.177700767435382,0.0105,0.9935,16
ring,10,0.2,1.5,10,2.0,2.0,20.0,60.0,0.38196601125010454,3.999999999999999,2.220764808690741,0.011,0.9915,17
ring,10,0.2,1.5,10,2.0,2.0,20.0,60.0,0.38196601125010454,3.999999999999999,2.2537980478000383,0.0095,0.9925,18
ring,10,0.2,1.5,10,2.0,2.0,20.0,60.0,0.38196601125010454,3.999999999999999,2.2299109717530343,0.0065,0.9895,19
ring,10,0.2,2.0,10,2.0,2.0,20.0,60.0,0.38196601125010454,3.999999999999999,2.099511731060846,0.0095,1.0,0
ring,10,0.2,2.0,10,2.0,2.0,20.0,60.0,0.38196601125010454,3.999999999999999,2.243107314588254,0.0075,1.0,1
ring,10,0.2,2.0,10,2.0,2.0,20.0,60.0,0.38196601125010454,3.999999999999999,2.2490201393330995,0.0075,1.0,2
ring,10,0.2,2.0,10,2.0,2.0,20.0,60.0,0.38196601125010454,3.999999999999999,2.1953058528633322,0.0105,1.0,3
ring,10,0.2,2.0,10,2.0,2.0,20.0,60.0,0.38196601125010454,3.999999999999999,2.189375402055027,0.0075,0.9995,4
ring,10,0.2,2.0,10,2.0,2.0,20.0,60.0,0.38196601125010454,3.999999999999999,2.33714849639944,0.003,1.0,5
ring,10,0.2,2.0,10,2.0,2.0,20.0,60.0,0.38196601125010454,3.999999999999999,2.275767092261924,0.0065,1.0,6
ring,10,0.2,2.0,10,2.0,2.0,20.0,60.0,0.38196601125010454,3.999999999999999,2.2213745746423808,0.01,1.0,7
ring,10,0.2,2.0,10,2.0,2.0,20.0,60.0,0.38196601125010454,3.999999999999999,2.2403423308616097,0.0115,1.0,8
ring,10,0.2,2.0,10,2.0,2.0,20.0,60.0,0.38196601125010454,3.999999999999999,2.175954944149295,0.0085,1.0,9
ring,10,0.2,2.0,10,2.0,2.0,20.0,60.0,0.38196601125010454,3.999999999999999,2.1839859523466996,0.0105,1.0,10
ring,10,0.2,2.0,10,2.0,2.0,20.0,60.0,0.38196601125010454,3.999999999999999,2.137637599926784,0.0135,1.0,11
ring,10,0.2,2.0,10,2.0,2.0,20.0,60.0,0.38196601125010454,3.999999999999999,2.2485669957071894,0.0115,1.0,12
ring,10,0.2,2.0,10,2.0,2.0,20.0,60.0,0.38196601125010454,3.999999999999999,2.1000680503492566,0.0095,1.0,13
ring,10,0.2,2.0,10,2.0,2.0,20.0,60.0,0.38196601125010454,3.999999999999999,2.075329001318925,0.01,1.0,14
ring,10,0.2,2.0,10,2.0,2.0,20.0,60.0,0.38196601125010454,3.999999999999999,2.2781996477993895,0.007,1.0,15
ring,10,0.2,2.0,10,2.0,2.0,20.0,60.0,0.38196601125010454,3.999999999999999,2.2153915320233106,0.0085,1.0,16
ring,10,0.2,2.0,10,2.0,2.0,20.0,60.0,0.38196601125010454,3.999999999999999,2.186446974777168,0.012,1.0,17
ring,10,0.2,2.0,10,2.0,2.0,20.0,60.0,0.38196601125010454,3.999999999999999,2.2385216662853753,0.012,1.0,18
ring,10,0.2,2.0,10,2.0,2.0,20.0,60.0,0.38196601125010454,3.999999999999999,2.2585932211247877,0.007,1.0,19
ring,10,0.2,3.0,10,2.0,2.0,20.0,60.0,0.38196601125010454,3.999999999999999,2.2125594384474825,0.005,1.0,0
ring,10,0.2,3.0,10,2.0,2.0,20.0,60.0,0.38196601125010454,3.999999999999999,2.1912981907197038,0.0095,1.0,1
ring,10,0.2,3.0,10,2.0,2.0,20.0,60.0,0.38196601125010454,3.999999999999999,2.212141811604439,0.0095,1.0,2
ring,10,0.2,3.0,10,2.0,2.0,20.0,60.0,0.38196601125010454,3.999999999999999,2.2517750352624333,0.007,1.0,3
ring,10,0.2,3.0,10,2.0,2.0,20.0,60.0,0.38196601125010454,3.999999999999999,2.128820983496422,0.009,1.0,4
ring,10,0.2,3.0,10,2.0,2.0,20.0,60.0,0.38196601125010454,3.999999999999999,2.111495236346464,0.013,1.0,5
ring,10,0.2,3.0,10,2.0,2.0,20.0,60.0,0.38196601125010454,3.999999999999999,2.1920322095499136,0.0105,1.0,6
ring,10,0.2,3.0,10,2.0,2.0,20.0,60.0,0.38196601125010454,3.999999999999999,2.1212193310934238,0.0115,1.0,7
ring,10,0.2,3.0,10,2.0,2.0,20.0,60.0,0.38196601125010454,3.999999999999999,2.2522971395310565,0.0065,1.0,8
ring,10,0.2,3.0,10,2.0,2.0,20.0,60.0,0.38196601125010454,3.999999999999999,2.1352289596141176,0.0065,1.0,9
ring,10,0.2,3.0,10,2.0,2.0,20.0,60.0,0.38196601125010454,3.999999999999999,2.2886093608176683,0.0095,1.0,10
ring,10,0.2,3.0,10,2.0,2.0,20.0,60.0,0.38196601125010454,3.999999999999999,2.1836406350285045,0.0065,1.0,11
ring,10,0.2,3.0,10,2.0,2.0,20.0,60.0,0.38196601125010454,3.999999999999999,2.1622455376641794,0.013,1.0,12
ring,10,0.2,3.0,10,2.0,2.0,20.0,60.0,0.38196601125010454,3.999999999999999,2.236478744894598,0.0035,1.0,13
ring,10,0.2,3.0,10,2.0,2.0,20.0,60.0,0.38196601125010454,3.999999999999999,2.1278573081405945,0.015,1.0,14
ring,10,0.2,3.0,10,2.0,2.0,20.0,60.0,0.38196601125010454,3.999999999999999,2.1782144528605834,0.01,1.0,15
ring,10,0.2,3.0,10,2.0,2.0,20.0,60.0,0.38196601125010454,3.999999999999999,2.262901422111805,0.009,1.0,16
ring,10,0.2,3.0,10,2.0,2.0,20.0,60.0,0.38196601125010454,3.999999999999999,2.1838835838713426,0.009,1.0,17
ring,10,0.2,3.0,10,2.0,2.0,20.0,60.0,0.38196601125010454,3.999999999999999,2.165613826512318,0.0075,1.0,18
ring,10,0.2,3.0,10,2.0,2.0,20.0,60.0,0.38196601125010454,3.999999999999999,2.2100778242672483,0.0115,1.0,19
ring,10,0.3,0.5,10,2.0,2.0,20.0,60.0,0.38196601125010454,3.999999999999999,5.178627734339347,0.007,0.024,0
ring,10,0.3,0.5,10,2.0,2.0,20.0,60.0,0.38196601125010454,3.999999999999999,4.927251166840253,0.011,0.031,1
ring,10,0.3,0.5,10,2.0,2.0,20.0,60.0,0.38196601125010454,3.999999999999999,4.929815467455846,0.0095,0.033,2
ring,10,0.3,0.5,10,2.0,2.0,20.0,60.0,0.38196601125010454,3.999999999999999,4.932897717539866,0.0095,0.038,3
ring,10,0.3,0.5,10,2.0,2.0,20.0,60.0,0.38196601125010454,3.999999999999999,4.81319513767458,0.009,0.0425,4
ring,10,0.3,0.5,10,2.0,2.0,20.0,60.0,0.38196601125010454,3.999999999999999,4.958665036945729,0.009,0.0385,5
ring,10,0.3,0.5,10,2.0,2.0,20.0,60.0,0.38196601125010454,3.999999999999999,5.012070608752886,0.01,0.0315,6
ring,10,0.3,0.5,10,2.0,2.0,20.0,60.0,0.38196601125010454,3.999999999999999,4.737370855447416,0.0145,0.05,7
ring,10,0.3,0.5,10,2.0,2.0,20.0,60.0,0.38196601125010454,3.999999999999999,4.897147170056143,0.0115,0.031,8
ring,10,0.3,0.5,10,2.0,2.0,20.0,60.0,0.38196601125010454,3.999999999999999,4.857679729006368,0.0065,0.0345,9
ring,10,0.3,0.5,10,2.0,2.0,20.0,60.0,0.38196601125010454,3.999999999999999,5.0754166576165725,0.0085,0.032,10
ring,10,0.3,0.5,10,2.0,2.0,20.0,60.0,0.38196601125010454,3.999999999999999,4.841063856887352,0.0095,0.0335,11
ring,10,0.3,0.5,10,2.0,2.0,20.0,60.0,0.38196601125010454,3.999999999999999,4.916968511973386,0.0105,0.0405,12
ring,10,0.3,0.5,10,2.0,2.0,20.0,60.0,0.38196601125010454,3.999999999999999,4.727424509350257,0.0095,0.0495,13
ring,10,0.3,0.5,10,2.0,2.0,20.0,60.0,0.38196601125010454,3.999999999999999,4.7550698079449285,0.0115,0.049,14
ring,10,0.3,0.5,10,2.0,2.0,20.0,60.0,0.38196601125010454,3.999999999999999,5.064302764631012,0.0065,0.039,15
ring,10,0.3,0.5,10,2.0,2.0,20.0,60.0,0.38196601125010454,3.999999999999999,5.438278979189168,0.0035,0.022,16
ring,10,0.3,0.5,10,2.0,2.0,20.0,60.0,0.38196601125010454,3.999999999999999,4.824983890934983,0.0065,0.0415,17
ring,10,0.3,0.5,10,2.0,2.0,20.0,60.0,0.38196601125010454,3.999999999999999,4.899469664351625,0.0145,0.044,18
ring,10,0.3,0.5,10,2.0,2.0,20.0,60.0,0.38196601125010454,3.999999999999999,5.283920139435594,0.0055,0.028,19
ring,10,0.3,1.0,10,2.0,2.0,20.0,60.0,0.38196601125010454,3.999999999999999,5.167481155011036,0.007,0.189,0
ring,10,0.3,1.0,10,2.0,2.0,20.0,60.0,0.38196601125010454,3.999999999999999,4.835938739750282,0.008,0.246,1
ring,10,0.3,1.0,10,2.0,2.0,20.0,60.0,0.38196601125010454,3.999999999999999,4.950789942030243,0.009,0.2095,2
ring,10,0.3,1.0,10,2.0,2.0,20.0,60.0,0.38196601125010454,3.999999999999999,4.763799813046191,0.013,0.248,3
ring,10,0.3,1.0,10,2.0,2.0,20.0,60.0,0.38196601125010454,3.999999999999999,5.044412492373092,0.0125,0.2095,4
ring,10,0.3,1.0,10,2.0,2.0,20.0,60.0,0.38196601125010454,3.999999999999999,4.896315727187337,0.0105,0.2335,5
ring,10,0.3,1.0,10,2.0,2.0,20.0,60.0,0.38196601125010454,3.999999999999999,4.701005153547942,0.0155,0.2595,6
ring,10,0.3,1.0,10,2.0,2.0,20.0,60.0,0.38196601125010454,3.999999999999999,4.816295613589563,0.011,0.263,7
ring,10,0.3,1.0,10,2.0,2.0,20.0,60.0,0.38196601125010454,3.999999999999999,5.104311901167105,0.0085,0.207,8
ring,10,0.3,1.0,10,2.0,2.0,20.0,60.0,0.38196601125010454,3.999999999999999,4.821434100025119,0.011,0.2525,9
ring,10,0.3,1.0,10,2.0,2.0,20.0,60.0,0.38196601125010454,3.999999999999999,4.965509634577452,0.0115,0.218,10
ring,10,0.3,1.0,10,2.0,2.0,20.0,60.0,0.38196601125010454,3.999999999999999,4.491676829235366,0.0155,0.3,11
ring,10,0.3,1.0,10,2.0,2.0,20.0,60.0,0.38196601125010454,3.999999999999999,5.091968330433908,0.012,0.185,12
ring,10,0.3,1.0,10,2.0,2.0,20.0,60.0,0.38196601125010454,3.999999999999999,4.81637985802804,0.0115,0.242,13
ring,10,0.3,1.0,10,2.0,2.0,20.0,60.0,0.38196601125010454,3.999999999999999,5.137852411660519,0.0075,0.2145,14
ring,10,0.3,1.0,10,2.0,2.0,20.0,60.0,0.38196601125010454,3.999999999999999,4.9399035219858884,0.015,0.2295,15
ring,10,0.3,1.0,10,2.0,2.0,20.0,60.0,0.38196601125010454,3.999999999999999,4.885975121522473,0.0095,0.2285,16
ring,10,0.3,1.0,10,2.0,2.0,20.0,60.0,0.38196601125010454,3.999999999999999,5.0902996433208365,0.008,0.2035,17
ring,10,0.3,1.0,10,2.0,2.0,20.0,60.0,0.38196601125010454,3.999999999999999,5.0720437531166365,0.009,0.2115,18
ring,10,0.3,1.0,10,2.0,2.0,20.0,60.0,0.38196601125010454,3.999999999999999,4.7116647090385095,0.0165,0.26,19
ring,10,0.3,1.5,10,2.0,2.0,20.0,60.0,0.38196601125010454,3.999999999999999,4.6444474170537235,0.015,0.7145,0
ring,10,0.3,1.5,10,2.0,2.0,20.0,60.0,0.38196601125010454,3.999999999999999,4.8260782319456075,0.014,0.7155,1
ring,10,0.3,1.5,10,2.0,2.0,20.0,60.0,0.38196601125010454,3.999999999999999,5.141232218699665,0.008,0.649,2
ring,10,0.3,1.5,10,2.0,2.0,20.0,60.0,0.38196601125010454,3.999999999999999,4.624964366747522,0.0135,0.7325,3
ring,10,0.3,1.5,10,2.0,2.0,20.0,60.0,0.38196601125010454,3.999999999999999,4.8212137175087655,0.016,0.7155,4
ring,10,0.3,1.5,10,2.0,2.0,20.0,60.0,0.38196601125010454,3.999999999999999,4.971477616463025,0.0075,0.6965,5
ring,10,0.3,1.5,10,2.0,2.0,20.0,60.0,0.38196601125010454,3.999999999999999,4.878422838869703,0.013,0.702,6
ring,10,0.3,1.5,10,2.0,2.0,20.0,60.0,0.38196601125010454,3.999999999999999,4.6655979923035185,0.011,0.7335,7
ring,10,0.3,1.5,10,2.0,2.0,20.0,60.0,0.38196601125010454,3.999999999999999,4.871164926176868,0.0105,0.7045,8
ring,10,0.3,1.5,10,2.0,2.0,20.0,60.0,0.38196601125010454,3.999999999999999,5.027673765992736,0.008,0.6675,9
ring,10,0.3,1.5,10,2.0,2.0,20.0,60.0,0.38196601125010454,3.999999999999999,5.1486279807589,0.0065,0.659,10
ring,10,0.3,1.5,10,2.0,2.0,20.0,60.0,0.38196601125010454,3.999999999999999,5.17226308991926,0.0085,0.6515,11
ring,10,0.3,1.5,10,2.0,2.0,20.0,60.0,0.38196601125010454,3.999999999999999,4.722121840181534,0.018,0.721,12
ring,10,0.3,1.5,10,2.0,2.0,20.0,60.0,0.38196601125010454,3.999999999999999,5.219641829104822,0.0035,0.6205,13
ring,10,0.3,1.5,10,2.0,2.0,20.0,60.0,0.38196601125010454,3.999999999999999,4.914403210846727,0.01,0.693,14
ring,10,0.3,1.5,10,2.0,2.0,20.0,60.0,0.38196601125010454,3.999999999999999,4.812086335673768,0.0105,0.7075,15
ring,10,0.3,1.5,10,2.0,2.0,20.0,60.0,0.38196601125010454,3.999999999999999,4.912063121614477,0.012,0.702,16
ring,10,0.3,1.5,10,2.0,2.0,20.0,60.0,0.38196601125010454,3.999999999999999,5.0925139499844585,0.0065,0.677,17
ring,10,0.3,1.5,10,2.0,2.0,20.0,60.0,0.38196601125010454,3.999999999999999,4.681058697219339,0.0155,0.73,18
ring,10,0.3,1.5,10,2.0,2.0,20.0,60.0,0.38196601125010454,3.999999999999999,4.964029207147908,0.0065,0.6605,19
ring,10,0.3,2.0,10,2.0,2.0,20.0,60.0,0.38196601125010454,3.999999999999999,4.531243429805398,0.016,0.981,0
ring,10,0.3,2.0,10,2.0,2.0,20.0,60.0,0.38196601125010454,3.999999999999999,4.9647442708968255,0.0075,0.959,1
ring,10,0.3,2.0,10,2.0,2.0,20.0,60.0,0.38196601125010454,3.999999999999999,5.0319192838263715,0.009,0.965,2
ring,10,0.3,2.0,10,2.0,2.0,20.0,60.0,0.38196601125010454,3.999999999999999,5.302034603871915,0.007,0.951,3
ring,10,0.3,2.0,10,2.0,2.0,20.0,60.0,0.38196601125010454,3.999999999999999,5.304778738004889,0.0045,0.9455,4
ring,10,0.3,2.0,10,2.0,2.0,20.0,60.0,0.38196601125010454,3.999999999999999,4.7937300128670435,0.015,0.972,5
ring,10,0.3,2.0,10,2.0,2.0,20.0,60.0,0.38196601125010454,3.999999999999999,4.902107973794806,0.0075,0.971,6
ring,10,0.3,2.0,10,2.0,2.0,20.0,60.0,0.38196601125010454,3.999999999999999,4.93350488173009,0.006,0.967,7
ring,10,0.3,2.0,10,2.0,2.0,20.0,60.0,0.38196601125010454,3.999999999999999,4.806485383715287,0.0125,0.97,8
ring,10,0.3,2.0,10,2.0,2.0,20.0,60.0,0.38196601125010454,3.999999999999999,5.079099680444036,0.0075,0.9615,9
ring,10,0.3,2.0,10,2.0,2.0,20.0,60.0,0.38196601125010454,3.999999999999999,4.959626223814906,0.0125,0.9625,10
ring,10,0.3,2.0,10,2.0,2.0,20.0,60.0,0.38196601125010454,3.999999999999999,4.633804196732268,0.01,0.9685,11
ring,10,0.3,2.0,10,2.0,2.0,20.0,60.0,0.38196601125010454,3.999999999999999,4.8161029911194015,0.01,0.964,12
ring,10,0.3,2.0,10,2.0,2.0,20.0,60.0,0.38196601125010454,3.999999999999999,4.902808374646269,0.009,0.972,13
ring,10,0.3,2.0,10,2.0,2.0,20.0,60.0,0.38196601125010454,3.999999999999999,4.788637225048219,0.016,0.9705,14
ring,10,0.3,2.0,10,2.0,2.0,20.0,60.0,0.38196601125010454,3.999999999999999,4.767522050721757,0.007,0.9705,15
ring,10,0.3,2.0,10,2.0,2.0,20.0,60.0,0.38196601125010454,3.999999999999999,4.869955572323274,0.011,0.96,16
ring,10,0.3,2.0,10,2.0,2.0,20.0,60.0,0.38196601125010454,3.999999999999999,5.076235648925838,0.0075,0.957,17
ring,10,0.3,2.0,10,2.0,2.0,20.0,60.0,0.38196601125010454,3.999999999999999,5.3429609887217335,0.0055,0.9485,18
ring,10,0.3,2.0,10,2.0,2.0,20.0,60.0,0.38196601125010454,3.999999999999999,4.660123012675982,0.0185,0.9725,19
ring,10,0.3,3.0,10,2.0,2.0,20.0,60.0,0.38196601125010454,3.999999999999999,5.1454117324109365,0.0065,1.0,0
ring,10,0.3,3.0,10,2.0,2.0,20.0,60.0,0.38196601125010454,3.999999999999999,4.690705811908585,0.0155,1.0,1
ring,10,0.3,3.0,10,2.0,2.0,20.0,60.0,0.38196601125010454,3.999999999999999,4.83811096760153,0.0095,1.0,2
ring,10,0.3,3.0,10,2.0,2.0,20.0,60.0,0.38196601125010454,3.999999999999999,4.850120729662789,0.0085,1.0,3
ring,10,0.3,3.0,10,2.0,2.0,20.0,60.0,0.38196601125010454,3.999999999999999,5.025212785471545,0.013,1.0,4
ring,10,0.3,3.0,10,2.0,2.0,20.0,60.0,0.38196601125010454,3.999999999999999,4.854342884983008,0.0105,1.0,5
ring,10,0.3,3.0,10,2.0,2.0,20.0,60.0,0.38196601125010454,3.999999999999999,4.6083377310146325,0.0135,1.0,6
ring,10,0.3,3.0,10,2.0,2.0,20.0,60.0,0.38196601125010454,3.999999999999999,4.589852704677562,0.0135,1.0,7
ring,10,0.3,3.0,10,2.0,2.0,20.0,60.0,0.38196601125010454,3.999999999999999,5.047518279599609,0.0065,1.0,8
ring,10,0.3,3.0,10,2.0,2.0,20.0,60.0,0.38196601125010454,3.999999999999999,5.118835330150303,0.0115,1.0,9
ring,10,0.3,3.0,10,2.0,2.0,20.0,60.0,0.38196601125010454,3.999999999999999,5.185461266250743,0.007,1.0,10
ring,10,0.3,3.0,10,2.0,2.0,20.0,60.0,0.38196601125010454,3.999999999999999,5.031890033156195,0.006,1.0,11
ring,10,0.3,3.0,10,2.0,2.0,20.0,60.0,0.38196601125010454,3.999999999999999,4.677645902372171,0.011,1.0,12
ring,10,0.3,3.0,10,2.0,2.0,20.0,60.0,0.38196601125010454,3.999999999999999,4.836493111255727,0.009,1.0,13
ring,10,0.3,3.0,10,2.0,2.0,20.0,60.0,0.38196601125010454,3.999999999999999,4.951346391318001,0.014,1.0,14
ring,10,0.3,3.0,10,2.0,2.0,20.0,60.0,0.38196601125010454,3.999999999999999,4.941438038929265,0.0075,1.0,15
ring,10,0.3,3.0,10,2.0,2.0,20.0,60.0,0.38196601125010454,3.999999999999999,4.7978655984416845,0.0095,1.0,16
ring,10,0.3,3.0,10,2.0,2.0,20.0,60.0,0.38196601125010454,3.999999999999999,4.728513907881658,0.009,1.0,17
ring,10,0.3,3.0,10,2.0,2.0,20.0,60.0,0.38196601125010454,3.999999999999999,4.8328209776922515,0.013,1.0,18
ring,10,0.3,3.0,10,2.0,2.0,20.0,60.0,0.38196601125010454,3.999999999999999,4.707179819414853,0.0125,1.0,19
ring,20,0.1,0.5,20,2.0,2.0,40.0,120.0,0.09788696740969319,4.0,0.8361816270387928,0.0105,0.5465,0
ring,20,0.1,0.5,20,2.0,2.0,40.0,120.0,0.09788696740969319,4.0,0.8545630992943191,0.0095,0.526,1
ring,20,0.1,0.5,20,2.0,2.0,40.0,120.0,0.09788696740969319,4.0,0.8524896624296131,0.008,0.508,2
ring,20,0.1,0.5,20,2.0,2.0,40.0,120.0,0.09788696740969319,4.0,0.8592201101073828,0.006,0.5525,3
ring,20,0.1,0.5,20,2.0,2.0,40.0,120.0,0.09788696740969319,4.0,0.8754541345042381,0.009,0.485,4
ring,20,0.1,0.5,20,2.0,2.0,40.0,120.0,0.09788696740969319,4.0,0.8427428284644478,0.007,0.5265,5
ring,20,0.1,0.5,20,2.0,2.0,40.0,120.0,0.09788696740969319,4.0,0.8708861288102993,0.006,0.492,6
ring,20,0.1,0.5,20,2.0,2.0,40.0,120.0,0.09788696740969319,4.0,0.842913563156426,0.014,0.524,7
ring,20,0.1,0.5,20,2.0,2.0,40.0,120.0,0.09788696740969319,4.0,0.8709190538328567,0.0095,0.509,8
ring,20,0.1,0.5,20,2.0,2.0,40.0,120.0,0.09788696740969319,4.0,0.8541185472140421,0.0095,0.5215,9
ring,20,0.1,0.5,20,2.0,2.0,40.0,120.0,0.09788696740969319,4.0,0.8284673047406192,0.0145,0.564,10
ring,20,0.1,0.5,20,2.0,2.0,40.0,120.0,0.09788696740969319,4.0,0.8530437021226522,0.0095,0.513,11
ring,20,0.1,0.5,20,2.0,2.0,40.0,120.0,0.09788696740969319,4.0,0.8264871834571708,0.0145,0.5605,12
ring,20,0.1,0.5,20,2.0,2.0,40.0,120.0,0.09788696740969319,4.0,0.8486280727732781,0.0085,0.5175,13
ring,20,0.1,0.5,20,2.0,2.0,40.0,120.0,0.09788696740969319,4.0,0.857125721189902,0.007,0.519,14
ring,20,0.1,0.5,20,2.0,2.0,40.0,120.0,0.09788696740969319,4.0,0.8442009492059035,0.016,0.528,15
ring,20,0.1,0.5,20,2.0,2.0,40.0,120.0,0.09788696740969319,4.0,0.8138148481759968,0.0145,0.5725,16
ring,20,0.1,0.5,20,2.0,2.0,40.0,120.0,0.09788696740969319,4.0,0.8418644885693267,0.0125,0.5355,17
ring,20,0.1,0.5,20,2.0,2.0,40.0,120.0,0.09788696740969319,4.0,0.8457096793891771,0.007,0.551,18
ring,20,0.1,0.5,20,2.0,2.0,40.0,120.0,0.09788696740969319,4.0,0.8012372125509328,0.0145,0.607,19
ring,20,0.1,1.0,20,2.0,2.0,40.0,120.0,0.09788696740969319,4.0,0.8539264978543014,0.008,1.0,0
ring,20,0.1,1.0,20,2.0,2.0,40.0,120.0,0.09788696740969319,4.0,0.838873409340049,0.008,1.0,1
ring,20,0.1,1.0,20,2.0,2.0,40.0,120.0,0.09788696740969319,4.0,0.8420434792736489,0.0125,1.0,2
ring,20,0.1,1.0,20,2.0,2.0,40.0,120.0,0.09788696740969319,4.0,0.8431562609387461,0.0115,0.9995,3
ring,20,0.1,1.0,20,2.0,2.0,40.0,120.0,0.09788696740969319,4.0,0.89447437132397,0.007,0.9995,4
ring,20,0.1,1.0,20,2.0,2.0,40.0,120.0,0.09788696740969319,4.0,0.8423798157463512,0.012,1.0,5
ring,20,0.1,1.0,20,2.0,2.0,40.0,120.0,0.09788696740969319,4.0,0.8436548542645085,0.009,1.0,6
ring,20,0.1,1.0,20,2.0,2.0,40.0,120.0,0.09788696740969319,4.0,0.8336858133788327,0.012,1.0,7
ring,20,0.1,1.0,20,2.0,2.0,40.0,120.0,0.09788696740969319,4.0,0.872484568956205,0.007,1.0,8
ring,20,0.1,1.0,20,2.0,2.0,40.0,120.0,0.09788696740969319,4.0,0.8521866112698431,0.013,1.0,9
ring,20,0.1,1.0,20,2.0,2.0,40.0,120.0,0.09788696740969319,4.0,0.8378334100378315,0.01,1.0,10
ring,20,0.1,1.0,20,2.0,2.0,40.0,120.0,0.09788696740969319,4.0,0.8464259465687406,0.0085,1.0,11
ring,20,0.1,1.0,20,2.0,2.0,40.0,120.0,0.09788696740969319,4.0,0.8134449809650363,0.0115,1.0,12
ring,20,0.1,1.0,20,2.0,2.0,40.0,120.0,0.09788696740969319,4.0,0.8629355140028244,0.0045,1.0,13
ring,20,0.1,1.0,20,2.0,2.0,40.0,120.0,0.09788696740969319,4.0,0.8888096048409931,0.007,0.999,14
ring,20,0.1,1.0,20,2.0,2.0,40.0,120.0,0.09788696740969319,4.0,0.8866356394567406,0.008,1.0,15
ring,20,0.1,1.0,20,2.0,2.0,40.0,120.0,0.09788696740969319,4.0,0.8751023929769461,0.0065,1.0,16
ring,20,0.1,1.0,20,2.0,2.0,40.0,120.0,0.09788696740969319,4.0,0.8757992962134042,0.008,0.9995,17
ring,20,0.1,1.0,20,2.0,2.0,40.0,120.0,0.09788696740969319,4.0,0.8422897547715826,0.0055,0.9995,18
ring,20,0.1,1.0,20,2.0,2.0,40.0,120.0,0.09788696740969319,4.0,0.872275446346305,0.011,1.0,19
ring,20,0.1,1.5,20,2.0,2.0,40.0,120.0,0.09788696740969319,4.0,0.8213720968492223,0.017,1.0,0
ring,20,0.1,1.5,20,2.0,2.0,40.0,120.0,0.09788696740969319,4.0,0.8709149992087888,0.0085,1.0,1
ring,20,0.1,1.5,20,2.0,2.0,40.0,120.0,0.09788696740969319,4.0,0.8481839913967111,0.01,1.0,2
ring,20,0.1,1.5,20,2.0,2.0,40.0,120.0,0.09788696740969319,4.0,0.8640582812555895,0.0065,1.0,3
ring,20,0.1,1.5,20,2.0,2.0,40.0,120.0,0.09788696740969319,4.0,0.8526793335286817,0.009,1.0,4
ring,20,0.1,1.5,20,2.0,2.0,40.0,120.0,0.09788696740969319,4.0,0.8337138072135278,0.0155,1.0,5
ring,20,0.1,1.5,20,2.0,2.0,40.0,120.0,0.09788696740969319,4.0,0.8586018770472548,0.015,1.0,6
ring,20,0.1,1.5,20,2.0,2.0,40.0,120.0,0.09788696740969319,4.0,0.8383112409127258,0.0105,1.0,7
ring,20,0.1,1.5,20,2.0,2.0,40.0,120.0,0.09788696740969319,4.0,0.8611817428371551,0.008,1.0,8
ring,20,0.1,1.5,20,2.0,2.0,40.0,120.0,0.09788696740969319,4.0,0.8555873419240045,0.0085,1.0,9
ring,20,0.1,1.5,20,2.0,2.0,40.0,120.0,0.09788696740969319,4.0,0.8423387887274949,0.0085,1.0,10
ring,20,0.1,1.5,20,2.0,2.0,40.0,120.0,0.09788696740969319,4.0,0.8491896575452733,0.011,1.0,11
ring,20,0.1,1.5,20,2.0,2.0,40.0,120.0,0.09788696740969319,4.0,0.855440038029699,0.0065,1.0,12
ring,20,0.1,1.5,20,2.0,2.0,40.0,120.0,0.09788696740969319,4.0,0.8150766486106069,0.0145,1.0,13
ring,20,0.1,1.5,20,2.0,2.0,40.0,120.0,0.09788696740969319,4.0,0.8527833028663843,0.0135,1.0,14
ring,20,0.1,1.5,20,2.0,2.0,40.0,120.0,0.09788696740969319,4.0,0.8638694324817475,0.0105,1.0,15
ring,20,0.1,1.5,20,2.0,2.0,40.0,120.0,0.09788696740969319,4.0,0.8452572708262822,0.008,1.0,16
ring,20,0.1,1.5,20,2.0,2.0,40.0,120.0,0.09788696740969319,4.0,0.8510706680229815,0.013,1.0,17
ring,20,0.1,1.5,20,2.0,2.0,40.0,120.0,0.09788696740969319,4.0,0.8601260735050711,0.0085,1.0,18
ring,20,0.1,1.5,20,2.0,2.0,40.0,120.0,0.09788696740969319,4.0,0.8397948721210726,0.0065,1.0,19
ring,20,0.1,2.0,20,2.0,2.0,40.0,120.0,0.09788696740969319,4.0,0.8479937905061528,0.0115,1.0,0
ring,20,0.1,2.0,20,2.0,2.0,40.0,120.0,0.09788696740969319,4.0,0.8543682523985136,0.009,1.0,1
ring,20,0.1,2.0,20,2.0,2.0,40.0,120.0,0.09788696740969319,4.0,0.8433987906383138,0.012,1.0,2
ring,20,0.1,2.0,20,2.0,2.0,40.0,120.0,0.09788696740969319,4.0,0.8708594467285303,0.006,1.0,3
ring,20,0.1,2.0,20,2.0,2.0,40.0,120.0,0.09788696740969319,4.0,0.8337724935036871,0.012,1.0,4
ring,20,0.1,2.0,20,2.0,2.0,40.0,120.0,0.09788696740969319,4.0,0.8637349192124727,0.0115,1.0,5
ring,20,0.1,2.0,20,2.0,2.0,40.0,120.0,0.09788696740969319,4.0,0.8387955340555685,0.013,1.0,6
ring,20,0.1,2.0,20,2.0,2.0,40.0,120.0,0.09788696740969319,4.0,0.8423905718779869,0.0145,1.0,7
ring,20,0.1,2.0,20,2.0,2.0,40.0,120.0,0.09788696740969319,4.0,0.8800285474129147,0.008,1.0,8
ring,20,0.1,2.0,20,2.0,2.0,40.0,120.0,0.09788696740969319,4.0,0.8376538239198115,0.011,1.0,9
ring,20,0.1,2.0,20,2.0,2.0,40.0,120.0,0.09788696740969319,4.0,0.8782687708679833,0.01,1.0,10
ring,20,0.1,2.0,20,2.0,2.0,40.0,120.0,0.09788696740969319,4.0,0.8477767720820976,0.015,1.0,11
ring,20,0.1,2.0,20,2.0,2.0,40.0,120.0,0.09788696740969319,4.0,0.8229319373728059,0.0095,1.0,12
ring,20,0.1,2.0,20,2.0,2.0,40.0,120.0,0.09788696740969319,4.0,0.8343883482647984,0.014,1.0,13
ring,20,0.1,2.0,20,2.0,2.0,40.0,120.0,0.09788696740969319,4.0,0.8574991715921175,0.0105,1.0,14
ring,20,0.1,2.0,20,2.0,2.0,40.0,120.0,0.09788696740969319,4.0,0.8231434662857232,0.012,1.0,15
ring,20,0.1,2.0,20,2.0,2.0,40.0,120.0,0.09788696740969319,4.0,0.8458499276509162,0.0085,1.0,16
ring,20,0.1,2.0,20,2.0,2.0,40.0,120.0,0.09788696740969319,4.0,0.8708966102475695,0.008,1.0,17
ring,20,0.1,2.0,20,2.0,2.0,40.0,120.0,0.09788696740969319,4.0,0.8610758754398984,0.007,1.0,18
ring,20,0.1,2.0,20,2.0,2.0,40.0,120.0,0.09788696740969319,4.0,0.8562335311827981,0.01,1.0,19
ring,20,0.1,3.0,20,2.0,2.0,40.0,120.0,0.09788696740969319,4.0,0.8642959138627021,0.0065,1.0,0
ring,20,0.1,3.0,20,2.0,2.0,40.0,120.0,0.09788696740969319,4.0,0.8211991704423066,0.0145,1.0,1
ring,20,0.1,3.0,20,2.0,2.0,40.0,120.0,0.09788696740969319,4.0,0.870921441015997,0.0105,1.0,2
ring,20,0.1,3.0,20,2.0,2.0,40.0,120.0,0.09788696740969319,4.0,0.8435226867852196,0.0115,1.0,3
ring,20,0.1,3.0,20,2.0,2.0,40.0,120.0,0.09788696740969319,4.0,0.8779720795494073,0.006,1.0,4
ring,20,0.1,3.0,20,2.0,2.0,40.0,120.0,0.09788696740969319,4.0,0.8734090052694142,0.008,1.0,5
ring,20,0.1,3.0,20,2.0,2.0,40.0,120.0,0.09788696740969319,4.0,0.8476104496622079,0.0125,1.0,6
ring,20,0.1,3.0,20,2.0,2.0,40.0,120.0,0.09788696740969319,4.0,0.8624018875210221,0.01,1.0,7
ring,20,0.1,3.0,20,2.0,2.0,40.0,120.0,0.09788696740969319,4.0,0.8081249829061703,0.02,1.0,8
ring,20,0.1,3.0,20,2.0,2.0,40.0,120.0,0.09788696740969319,4.0,0.846912743621954,0.0105,1.0,9
ring,20,0.1,3.0,20,2.0,2.0,40.0,120.0,0.09788696740969319,4.0,0.830546357505676,0.015,1.0,10
ring,20,0.1,3.0,20,2.0,2.0,40.0,120.0,0.09788696740969319,4.0,0.8371741941262378,0.0105,1.0,11
ring,20,0.1,3.0,20,2.0,2.0,40.0,120.0,0.09788696740969319,4.0,0.8650918646656732,0.011,1.0,12
ring,20,0.1,3.0,20,2.0,2.0,40.0,120.0,0.09788696740969319,4.0,0.8540475838327372,0.0135,1.0,13
ring,20,0.1,3.0,20,2.0,2.0,40.0,120.0,0.09788696740969319,4.0,0.8367595568643216,0.013,1.0,14
ring,20,0.1,3.0,20,2.0,2.0,40.0,120.0,0.09788696740969319,4.0,0.8840705790239093,0.005,1.0,15
ring,20,0.1,3.0,20,2.0,2.0,40.0,120.0,0.09788696740969319,4.0,0.8241457527366913,0.0175,1.0,16
ring,20,0.1,3.0,20,2.0,2.0,40.0,120.0,0.09788696740969319,4.0,0.824196909844375,0.0165,1.0,17
ring,20,0.1,3.0,20,2.0,2.0,40.0,120.0,0.09788696740969319,4.0,0.8480632256106541,0.0085,1.0,18
ring,20,0.1,3.0,20,2.0,2.0,40.0,120.0,0.09788696740969319,4.0,0.8556617410546835,0.008,1.0,19
ring,20,0.2,0.5,20,2.0,2.0,40.0,120.0,0.09788696740969319,4.0,3.384985548721439,0.009,0.06,0
ring,20,0.2,0.5,20,2.0,2.0,40.0,120.0,0.09788696740969319,4.0,3.594565487841809,0.007,0.0525,1
ring,20,0.2,0.5,20,2.0,2.0,40.0,120.0,0.09788696740969319,4.0,3.334373352227409,0.014,0.067,2
ring,20,0.2,0.5,20,2.0,2.0,40.0,120.0,0.09788696740969319,4.0,3.5459397071896666,0.008,0.0405,3
ring,20,0.2,0.5,20,2.0,2.0,40.0,120.0,0.09788696740969319,4.0,3.4930228728297243,0.01,0.058,4
ring,20,0.2,0.5,20,2.0,2.0,40.0,120.0,0.09788696740969319,4.0,3.5831069614228923,0.003,0.0405,5
ring,20,0.2,0.5,20,2.0,2.0,40.0,120.0,0.09788696740969319,4.0,3.393081551384855,0.01,0.066,6
ring,20,0.2,0.5,20,2.0,2.0,40.0,120.0,0.09788696740969319,4.0,3.3633312281676613,0.011,0.0725,7
ring,20,0.2,0.5,20,2.0,2.0,40.0,120.0,0.09788696740969319,4.0,3.5397186158043423,0.0095,0.058,8
ring,20,0.2,0.5,20,2.0,2.0,40.0,120.0,0.09788696740969319,4.0,3.4852724046449888,0.012,0.0665,9
ring,20,0.2,0.5,20,2.0,2.0,40.0,120.0,0.09788696740969319,4.0,3.329428024630171,0.0145,0.07,10
ring,20,0.2,0.5,20,2.0,2.0,40.0,120.0,0.09788696740969319,4.0,3.448391960915816,0.012,0.067,11
ring,20,0.2,0.5,20,2.0,2.0,40.0,120.0,0.09788696740969319,4.0,3.234838686471502,0.0135,0.0875,12
ring,20,0.2,0.5,20,2.0,2.0,40.0,120.0,0.09788696740969319,4.0,3.4250571464363837,0.012,0.064,13
ring,20,0.2,0.5,20,2.0,2.0,40.0,120.0,0.09788696740969319,4.0,3.3664905063415516,0.0115,0.0685,14
ring,20,0.2,0.5,20,2.0,2.0,40.0,120.0,0.09788696740969319,4.0,3.4903467411324,0.0095,0.055,15
ring,20,0.2,0.5,20,2.0,2.0,40.0,120.0,0.09788696740969319,4.0,3.4749063387470813,0.0065,0.0495,16
ring,20,0.2,0.5,20,2.0,2.0,40.0,120.0,0.09788696740969319,4.0,3.457132116433194,0.009,0.065,17
ring,20,0.2,0.5,20,2.0,2.0,40.0,120.0,0.09788696740969319,4.0,3.4270448608173867,0.01,0.0565,18
ring,20,0.2,0.5,20,2.0,2.0,40.0,120.0,0.09788696740969319,4.0,3.6536911903403113,0.005,0.0385,19
ring,20,0.2,1.0,20,2.0,2.0,40.0,120.0,0.09788696740969319,4.0,3.4596449065249635,0.0105,0.4945,0
ring,20,0.2,1.0,20,2.0,2.0,40.0,120.0,0.09788696740969319,4.0,3.449022499880435,0.0075,0.5055,1
ring,20,0.2,1.0,20,2.0,2.0,40.0,120.0,0.09788696740969319,4.0,3.577798937930343,0.003,0.484,2
ring,20,0.2,1.0,20,2.0,2.0,40.0,120.0,0.09788696740969319,4.0,3.3755785915210423,0.011,0.527,3
ring,20,0.2,1.0,20,2.0,2.0,40.0,120.0,0.09788696740969319,4.0,3.4376291942383417,0.0085,0.5325,4
ring,20,0.2,1.0,20,2.0,2.0,40.0,120.0,0.09788696740969319,4.0,3.5066516193899435,0.0085,0.5045,5
ring,20,0.2,1.0,20,2.0,2.0,40.0,120.0,0.09788696740969319,4.0,3.3368014201458904,0.0135,0.545,6
ring,20,0.2,1.0,20,2.0,2.0,40.0,120.0,0.09788696740969319,4.0,3.390770972505687,0.009,0.534,7
ring,20,0.2,1.0,20,2.0,2.0,40.0,120.0,0.09788696740969319,4.0,3.496165274276623,0.009,0.486,8
ring,20,0.2,1.0,20,2.0,2.0,40.0,120.0,0.09788696740969319,4.0,3.364922729984417,0.0135,0.5555,9
ring,20,0.2,1.0,20,2.0,2.0,40.0,120.0,0.09788696740969319,4.0,3.421506010975561,0.0105,0.5155,10
ring,20,0.2,1.0,20,2.0,2.0,40.0,120.0,0.09788696740969319,4.0,3.432623404528352,0.011,0.533,11
ring,20,0.2,1.0,20,2.0,2.0,40.0,120.0,0.09788696740969319,4.0,3.450176861168212,0.006,0.5095,12
ring,20,0.2,1.0,20,2.0,2.0,40.0,120.0,0.09788696740969319,4.0,3.378437338656844,0.0145,0.5445,13
ring,20,0.2,1.0,20,2.0,2.0,40.0,120.0,0.09788696740969319,4.0,3.54348782231166,0.006,0.466,14
ring,20,0.2,1.0,20,2.0,2.0,40.0,120.0,0.09788696740969319,4.0,3.4597299138476885,0.009,0.5165,15
ring,20,0.2,1.0,20,2.0,2.0,40.0,120.0,0.09788696740969319,4.0,3.4213212657235728,0.01,0.516,16
ring,20,0.2,1.0,20,2.0,2.0,40.0,120.0,0.09788696740969319,4.0,3.5094961468640644,0.008,0.5085,17
ring,20,0.2,1.0,20,2.0,2.0,40.0,120.0,0.09788696740969319,4.0,3.443089561273699,0.008,0.5035,18
ring,20,0.2,1.0,20,2.0,2.0,40.0,120.0,0.09788696740969319,4.0,3.3936957017230522,0.0125,0.532,19
ring,20,0.2,1.5,20,2.0,2.0,40.0,120.0,0.09788696740969319,4.0,3.335320496175885,0.0105,0.975,0
ring,20,0.2,1.5,20,2.0,2.0,40.0,120.0,0.09788696740969319,4.0,3.445920798771495,0.008,0.9685,1
ring,20,0.2,1.5,20,2.0,2.0,40.0,120.0,0.09788696740969319,4.0,3.2888046622814473,0.0175,0.9735,2
ring,20,0.2,1.5,20,2.0,2.0,40.0,120.0,0.09788696740969319,4.0,3.4554912024560527,0.011,0.967,3
ring,20,0.2,1.5,20,2.0,2.0,40.0,120.0,0.09788696740969319,4.0,3.491378214007347,0.0085,0.966,4
ring,20,0.2,1.5,20,2.0,2.0,40.0,120.0,0.09788696740969319,4.0,3.3389198599107552,0.019,0.9765,5
ring,20,0.2,1.5,20,2.0,2.0,40.0,120.0,0.09788696740969319,4.0,3.411289194426402,0.0105,0.974,6
ring,20,0.2,1.5,20,2.0,2.0,40.0,120.0,0.09788696740969319,4.0,3.4052480568468,0.0075,0.969,7
ring,20,0.2,1.5,20,2.0,2.0,40.0,120.0,0.09788696740969319,4.0,3.4925926163004126,0.008,0.9755,8
ring,20,0.2,1.5,20,2.0,2.0,40.0,120.0,0.09788696740969319,4.0,3.4829071576512587,0.01,0.9665,9
ring,20,0.2,1.5,20,2.0,2.0,40.0,120.0,0.09788696740969319,4.0,3.4708950559959333,0.008,0.972,10
ring,20,0.2,1.5,20,2.0,2.0,40.0,120.0,0.09788696740969319,4.0,3.548393233032524,0.0065,0.9575,11
ring,20,0.2,1.5,20,2.0,2.0,40.0,120.0,0.09788696740969319,4.0,3.4063215362609767,0.013,0.971,12
ring,20,0.2,1.5,20,2.0,2.0,40.0,120.0,0.09788696740969319,4.0,3.3919491951037575,0.012,0.9705,13
ring,20,0.2,1.5,20,2.0,2.0,40.0,120.0,0.09788696740969319,4.0,3.460986164250848,0.0065,0.9675,14
ring,20,0.2,1.5,20,2.0,2.0,40.0,120.0,0.09788696740969319,4.0,3.38994964937873,0.014,0.9765,15
ring,20,0.2,1.5,20,2.0,2.0,40.0,120.0,0.09788696740969319,4.0,3.605325307626887,0.0065,0.9605,16
ring,20,0.2,1.5,20,2.0,2.0,40.0,120.0,0.09788696740969319,4.0,3.3948565110312523,0.008,0.974,17
ring,20,0.2,1.5,20,2.0,2.0,40.0,120.0,0.09788696740969319,4.0,3.1850557102612536,0.02,0.985,18
ring,20,0.2,1.5,20,2.0,2.0,40.0,120.0,0.09788696740969319,4.0,3.5950803480103755,0.0065,0.953,19
ring,20,0.2,2.0,20,2.0,2.0,40.0,120.0,0.09788696740969319,4.0,3.368917337321014,0.018,1.0,0
ring,20,0.2,2.0,20,2.0,2.0,40.0,120.0,0.09788696740969319,4.0,3.44669741081359,0.0115,1.0,1
ring,20,0.2,2.0,20,2.0,2.0,40.0,120.0,0.09788696740969319,4.0,3.393125207529303,0.0105,1.0,2
ring,20,0.2,2.0,20,2.0,2.0,40.0,120.0,0.09788696740969319,4.0,3.322142812628842,0.015,1.0,3
ring,20,0.2,2.0,20,2.0,2.0,40.0,120.0,0.09788696740969319,4.0,3.3882026509732777,0.0125,1.0,4
ring,20,0.2,2.0,20,2.0,2.0,40.0,120.0,0.09788696740969319,4.0,3.437498474961218,0.0065,1.0,5
ring,20,0.2,2.0,20,2.0,2.0,40.0,120.0,0.09788696740969319,4.0,3.3263924188125484,0.013,1.0,6
ring,20,0.2,2.0,20,2.0,2.0,40.0,120.0,0.09788696740969319,4.0,3.3416841597233966,0.0115,1.0,7
ring,20,0.2,2.0,20,2.0,2.0,40.0,120.0,0.09788696740969319,4.0,3.391720092273199,0.0105,1.0,8
ring,20,0.2,2.0,20,2.0,2.0,40.0,120.0,0.09788696740969319,4.0,3.3595527860394965,0.012,1.0,9
ring,20,0.2,2.0,20,2.0,2.0,40.0,120.0,0.09788696740969319,4.0,3.439467540408433,0.0115,1.0,10
ring,20,0.2,2.0,20,2.0,2.0,40.0,120.0,0.09788696740969319,4.0,3.3443297148710087,0.0125,1.0,11
ring,20,0.2,2.0,20,2.0,2.0,40.0,120.0,0.09788696740969319,4.0,3.3760519648233545,0.0095,1.0,12
ring,20,0.2,2.0,20,2.0,2.0,40.0,120.0,0.09788696740969319,4.0,3.4195656817774394,0.0115,1.0,13
ring,20,0.2,2.0,20,2.0,2.0,40.0,120.0,0.09788696740969319,4.0,3.5956440719429366,0.0075,1.0,14
ring,20,0.2,2.0,20,2.0,2.0,40.0,120.0,0.09788696740969319,4.0,3.357926401777537,0.011,1.0,15
ring,20,0.2,2.0,20,2.0,2.0,40.0,120.0,0.09788696740969319,4.0,3.3820578439133,0.0135,1.0,16
ring,20,0.2,2.0,20,2.0,2.0,40.0,120.0,0.09788696740969319,4.0,3.4241433485423047,0.008,1.0,17
ring,20,0.2,2.0,20,2.0,2.0,40.0,120.0,0.09788696740969319,4.0,3.463835888491454,0.0095,1.0,18
ring,20,0.2,2.0,20,2.0,2.0,40.0,120.0,0.09788696740969319,4.0,3.4513884834991218,0.0085,1.0,19
ring,20,0.2,3.0,20,2.0,2.0,40.0,120.0,0.09788696740969319,4.0,3.318486065904303,0.0125,1.0,0
ring,20,0.2,3.0,20,2.0,2.0,40.0,120.0,0.09788696740969319,4.0,3.4177290481420832,0.011,1.0,1
ring,20,0.2,3.0,20,2.0,2.0,40.0,120.0,0.09788696740969319,4.0,3.2563197886617794,0.014,1.0,2
ring,20,0.2,3.0,20,2.0,2.0,40.0,120.0,0.09788696740969319,4.0,3.3394354582256986,0.0155,1.0,3
ring,20,0.2,3.0,20,2.0,2.0,40.0,120.0,0.09788696740969319,4.0,3.2296494687354182,0.0135,1.0,4
ring,20,0.2,3.0,20,2.0,2.0,40.0,120.0,0.09788696740969319,4.0,3.538694371608266,0.009,1.0,5
ring,20,0.2,3.0,20,2.0,2.0,40.0,120.0,0.09788696740969319,4.0,3.349446722720463,0.0135,1.0,6
ring,20,0.2,3.0,20,2.0,2.0,40.0,120.0,0.09788696740969319,4.0,3.536730841093507,0.007,1.0,7
ring,20,0.2,3.0,20,2.0,2.0,40.0,120.0,0.09788696740969319,4.0,3.620771322140452,0.008,1.0,8
ring,20,0.2,3.0,20,2.0,2.0,40.0,120.0,0.09788696740969319,4.0,3.356435084995119,0.0205,1.0,9
ring,20,0.2,3.0,20,2.0,2.0,40.0,120.0,0.09788696740969319,4.0,3.5448740816759408,0.0095,1.0,10
ring,20,0.2,3.0,20,2.0,2.0,40.0,120.0,0.09788696740969319,4.0,3.4371588939315614,0.0095,1.0,11
ring,20,0.2,3.0,20,2.0,2.0,40.0,120.0,0.09788696740969319,4.0,3.3486977669652545,0.015,1.0,12
ring,20,0.2,3.0,20,2.0,2.0,40.0,120.0,0.09788696740969319,4.0,3.4078216409537463,0.007,1.0,13
ring,20,0.2,3.0,20,2.0,2.0,40.0,120.0,0.09788696740969319,4.0,3.4534597631064994,0.0075,1.0,14
ring,20,0.2,3.0,20,2.0,2.0,40.0,120.0,0.09788696740969319,4.0,3.4586875049494625,0.0075,1.0,15
ring,20,0.2,3.0,20,2.0,2.0,40.0,120.0,0.09788696740969319,4.0,3.3237888021550805,0.0145,1.0,16
ring,20,0.2,3.0,20,2.0,2.0,40.0,120.0,0.09788696740969319,4.0,3.4164771883100604,0.0125,1.0,17
ring,20,0.2,3.0,20,2.0,2.0,40.0,120.0,0.09788696740969319,4.0,3.365298836761682,0.0105,1.0,18
ring,20,0.2,3.0,20,2.0,2.0,40.0,120.0,0.09788696740969319,4.0,3.3682387045502455,0.013,1.0,19
ring,20,0.3,0.5,20,2.0,2.0,40.0,120.0,0.09788696740969319,4.0,7.381042385693719,0.015,0.034,0
ring,20,0.3,0.5,20,2.0,2.0,40.0,120.0,0.09788696740969319,4.0,7.558719922961507,0.0125,0.0215,1
ring,20,0.3,0.5,20,2.0,2.0,40.0,120.0,0.09788696740969319,4.0,7.555897645069521,0.0155,0.0315,2
ring,20,0.3,0.5,20,2.0,2.0,40.0,120.0,0.09788696740969319,4.0,7.6254220008707945,0.011,0.0245,3
ring,20,0.3,0.5,20,2.0,2.0,40.0,120.0,0.09788696740969319,4.0,7.832498701449289,0.009,0.0235,4
ring,20,0.3,0.5,20,2.0,2.0,40.0,120.0,0.09788696740969319,4.0,7.506226140646548,0.014,0.0225,5
ring,20,0.3,0.5,20,2.0,2.0,40.0,120.0,0.09788696740969319,4.0,8.101452675324218,0.008,0.016,6
ring,20,0.3,0.5,20,2.0,2.0,40.0,120.0,0.09788696740969319,4.0,8.034624745437826,0.0035,0.019,7
ring,20,0.3,0.5,20,2.0,2.0,40.0,120.0,0.09788696740969319,4.0,7.925527108088279,0.0085,0.021,8
ring,20,0.3,0.5,20,2.0,2.0,40.0,120.0,0.09788696740969319,4.0,7.586353220541938,0.009,0.0275,9
ring,20,0.3,0.5,20,2.0,2.0,40.0,120.0,0.09788696740969319,4.0,7.3518028125234745,0.0185,0.0285,10
ring,20,0.3,0.5,20,2.0,2.0,40.0,120.0,0.09788696740969319,4.0,7.705896098967501,0.0125,0.0205,11
ring,20,0.3,0.5,20,2.0,2.0,40.0,120.0,0.09788696740969319,4.0,7.403385277572701,0.0145,0.03,12
ring,20,0.3,0.5,20,2.0,2.0,40.0,120.0,0.09788696740969319,4.0,7.549728432814515,0.01,0.028,13
ring,20,0.3,0.5,20,2.0,2.0,40.0,120.0,0.09788696740969319,4.0,7.322953616645019,0.0165,0.0345,14
ring,20,0.3,0.5,20,2.0,2.0,40.0,120.0,0.09788696740969319,4.0,7.317663164289579,0.015,0.0365,15
ring,20,0.3,0.5,20,2.0,2.0,40.0,120.0,0.09788696740969319,4.0,7.710521990228931,0.0095,0.027,16
ring,20,0.3,0.5,20,2.0,2.0,40.0,120.0,0.09788696740969319,4.0,7.871141150689713,0.0065,0.02,17
ring,20,0.3,0.5,20,2.0,2.0,40.0,120.0,0.09788696740969319,4.0,8.119888971728535,0.004,0.017,18
ring,20,0.3,0.5,20,2.0,2.0,40.0,120.0,0.09788696740969319,4.0,7.518699766241538,0.012,0.0315,19
ring,20,0.3,1.0,20,2.0,2.0,40.0,120.0,0.09788696740969319,4.0,7.736641290696164,0.0065,0.1355,0
ring,20,0.3,1.0,20,2.0,2.0,40.0,120.0,0.09788696740969319,4.0,7.451030996815691,0.0115,0.188,1
ring,20,0.3,1.0,20,2.0,2.0,40.0,120.0,0.09788696740969319,4.0,7.683860494816927,0.01,0.171,2
ring,20,0.3,1.0,20,2.0,2.0,40.0,120.0,0.09788696740969319,4.0,7.762926901217071,0.011,0.1415,3
ring,20,0.3,1.0,20,2.0,2.0,40.0,120.0,0.09788696740969319,4.0,7.573784628882283,0.0085,0.1485,4
ring,20,0.3,1.0,20,2.0,2.0,40.0,120.0,0.09788696740969319,4.0,7.618736400909595,0.0105,0.147,5
ring,20,0.3,1.0,20,2.0,2.0,40.0,120.0,0.09788696740969319,4.0,7.725131339956842,0.0115,0.137,6
ring,20,0.3,1.0,20,2.0,2.0,40.0,120.0,0.09788696740969319,4.0,7.640533333653911,0.0165,0.1535,7
ring,20,0.3,1.0,20,2.0,2.0,40.0,120.0,0.09788696740969319,4.0,7.494384322835935,0.0115,0.1565,8
ring,20,0.3,1.0,20,2.0,2.0,40.0,120.0,0.09788696740969319,4.0,7.645587038348102,0.009,0.143,9
ring,20,0.3,1.0,20,2.0,2.0,40.0,120.0,0.09788696740969319,4.0,7.857547956099706,0.0075,0.134,10
ring,20,0.3,1.0,20,2.0,2.0,40.0,120.0,0.09788696740969319,4.0,7.73112159858511,0.009,0.14,11
ring,20,0.3,1.0,20,2.0,2.0,40.0,120.0,0.09788696740969319,4.0,7.891498918436318,0.008,0.137,12
ring,20,0.3,1.0,20,2.0,2.0,40.0,120.0,0.09788696740969319,4.0,7.254866909596785,0.018,0.188,13
ring,20,0.3,1.0,20,2.0,2.0,40.0,120.0,0.09788696740969319,4.0,7.839022908689784,0.006,0.1265,14
ring,20,0.3,1.0,20,2.0,2.0,40.0,120.0,0.09788696740969319,4.0,7.82642236079392,0.0075,0.142,15
ring,20,0.3,1.0,20,2.0,2.0,40.0,120.0,0.09788696740969319,4.0,7.6041296870324775,0.007,0.1495,16
ring,20,0.3,1.0,20,2.0,2.0,40.0,120.0,0.09788696740969319,4.0,8.143395128269017,0.0065,0.121,17
ring,20,0.3,1.0,20,2.0,2.0,40.0,120.0,0.09788696740969319,4.0,7.6062930214130615,0.0095,0.1675,18
ring,20,0.3,1.0,20,2.0,2.0,40.0,120.0,0.09788696740969319,4.0,7.826409640569436,0.011,0.134,19
ring,20,0.3,1.5,20,2.0,2.0,40.0,120.0,0.09788696740969319,4.0,7.568104188105721,0.013,0.5365,0
ring,20,0.3,1.5,20,2.0,2.0,40.0,120.0,0.09788696740969319,4.0,7.658954893747008,0.0075,0.5275,1
ring,20,0.3,1.5,20,2.0,2.0,40.0,120.0,0.09788696740969319,4.0,7.70050578001718,0.013,0.528,2
ring,20,0.3,1.5,20,2.0,2.0,40.0,120.0,0.09788696740969319,4.0,7.8153963593384566,0.0045,0.4975,3
ring,20,0.3,1.5,20,2.0,2.0,40.0,120.0,0.09788696740969319,4.0,7.502147275403296,0.017,0.543,4
ring,20,0.3,1.5,20,2.0,2.0,40.0,120.0,0.09788696740969319,4.0,7.963042137189453,0.01,0.4905,5
ring,20,0.3,1.5,20,2.0,2.0,40.0,120.0,0.09788696740969319,4.0,7.609589687852412,0.0085,0.526,6
ring,20,0.3,1.5,20,2.0,2.0,40.0,120.0,0.09788696740969319,4.0,7.96462564512422,0.0095,0.4775,7
ring,20,0.3,1.5,20,2.0,2.0,40.0,120.0,0.09788696740969319,4.0,8.161717896240727,0.006,0.4425,8
ring,20,0.3,1.5,20,2.0,2.0,40.0,120.0,0.09788696740969319,4.0,7.68016860807362,0.0085,0.517,9
ring,20,0.3,1.5,20,2.0,2.0,40.0,120.0,0.09788696740969319,4.0,7.643715526196672,0.009,0.5135,10
ring,20,0.3,1.5,20,2.0,2.0,40.0,120.0,0.09788696740969319,4.0,7.706629068254118,0.014,0.527,11
ring,20,0.3,1.5,20,2.0,2.0,40.0,120.0,0.09788696740969319,4.0,7.673000847511856,0.015,0.5075,12
ring,20,0.3,1.5,20,2.0,2.0,40.0,120.0,0.09788696740969319,4.0,7.778523711464064,0.0095,0.505,13
ring,20,0.3,1.5,20,2.0,2.0,40.0,120.0,0.09788696740969319,4.0,7.564353538491765,0.0085,0.536,14
ring,20,0.3,1.5,20,2.0,2.0,40.0,120.0,0.09788696740969319,4.0,7.4797208687318415,0.0135,0.5485,15
ring,20,0.3,1.5,20,2.0,2.0,40.0,120.0,0.09788696740969319,4.0,7.427608724392719,0.014,0.562,16
ring,20,0.3,1.5,20,2.0,2.0,40.0,120.0,0.09788696740969319,4.0,7.390150676439492,0.017,0.572,17
ring,20,0.3,1.5,20,2.0,2.0,40.0,120.0,0.09788696740969319,4.0,7.342462983258388,0.0145,0.5795,18
ring,20,0.3,1.5,20,2.0,2.0,40.0,120.0,0.09788696740969319,4.0,7.541225117874515,0.011,0.538,19
ring,20,0.3,2.0,20,2.0,2.0,40.0,120.0,0.09788696740969319,4.0,7.550269227894335,0.0085,0.901,0
ring,20,0.3,2.0,20,2.0,2.0,40.0,120.0,0.09788696740969319,4.0,7.270826744227316,0.012,0.9255,1
ring,20,0.3,2.0,20,2.0,2.0,40.0,120.0,0.09788696740969319,4.0,7.554899569395677,0.01,0.9175,2
ring,20,0.3,2.0,20,2.0,2.0,40.0,120.0,0.09788696740969319,4.0,7.741478875765167,0.01,0.8905,3
ring,20,0.3,2.0,20,2.0,2.0,40.0,120.0,0.09788696740969319,4.0,7.772458686008861,0.0105,0.89,4
ring,20,0.3,2.0,20,2.0,2.0,40.0,120.0,0.09788696740969319,4.0,7.453948488893731,0.0135,0.921,5
ring,20,0.3,2.0,20,2.0,2.0,40.0,120.0,0.09788696740969319,4.0,7.9940530291686525,0.005,0.8635,6
ring,20,0.3,2.0,20,2.0,2.0,40.0,120.0,0.09788696740969319,4.0,7.247003011861808,0.018,0.931,7
ring,20,0.3,2.0,20,2.0,2.0,40.0,120.0,0.09788696740969319,4.0,7.755527019142716,0.01,0.9035,8
ring,20,0.3,2.0,20,2.0,2.0,40.0,120.0,0.09788696740969319,4.0,7.818055755287319,0.008,0.8845,9
ring,20,0.3,2.0,20,2.0,2.0,40.0,120.0,0.09788696740969319,4.0,7.6172173033293875,0.0105,0.902,10
ring,20,0.3,2.0,20,2.0,2.0,40.0,120.0,0.09788696740969319,4.0,8.013345569274463,0.0055,0.87,11
ring,20,0.3,2.0,20,2.0,2.0,40.0,120.0,0.09788696740969319,4.0,7.216302142859804,0.0225,0.9195,12
ring,20,0.3,2.0,20,2.0,2.0,40.0,120.0,0.09788696740969319,4.0,7.747005008247876,0.0065,0.895,13
ring,20,0.3,2.0,20,2.0,2.0,40.0,120.0,0.09788696740969319,4.0,7.577131763082627,0.0105,0.897,14
ring,20,0.3,2.0,20,2.0,2.0,40.0,120.0,0.09788696740969319,4.0,7.868728278263144,0.0045,0.888,15
ring,20,0.3,2.0,20,2.0,2.0,40.0,120.0,0.09788696740969319,4.0,7.739500994641989,0.012,0.8915,16
ring,20,0.3,2.0,20,2.0,2.0,40.0,120.0,0.09788696740969319,4.0,8.153029575992301,0.0065,0.8585,17
ring,20,0.3,2.0,20,2.0,2.0,40.0,120.0,0.09788696740969319,4.0,7.393145053464169,0.0115,0.9105,18
ring,20,0.3,2.0,20,2.0,2.0,40.0,120.0,0.09788696740969319,4.0,7.4819449944990355,0.0135,0.9,19
ring,20,0.3,3.0,20,2.0,2.0,40.0,120.0,0.09788696740969319,4.0,7.560622769287509,0.008,0.9995,0
ring,20,0.3,3.0,20,2.0,2.0,40.0,120.0,0.09788696740969319,4.0,7.981974153701896,0.011,1.0,1
ring,20,0.3,3.0,20,2.0,2.0,40.0,120.0,0.09788696740969319,4.0,7.490765388274248,0.0105,1.0,2
ring,20,0.3,3.0,20,2.0,2.0,40.0,120.0,0.09788696740969319,4.0,7.670500721839996,0.0065,1.0,3
ring,20,0.3,3.0,20,2.0,2.0,40.0,120.0,0.09788696740969319,4.0,7.360037507186166,0.01,0.9995,4
ring,20,0.3,3.0,20,2.0,2.0,40.0,120.0,0.09788696740969319,4.0,7.7571048913565175,0.0115,1.0,5
ring,20,0.3,3.0,20,2.0,2.0,40.0,120.0,0.09788696740969319,4.0,7.869354602595986,0.009,1.0,6
ring,20,0.3,3.0,20,2.0,2.0,40.0,120.0,0.09788696740969319,4.0,7.601186899051213,0.0105,1.0,7
ring,20,0.3,3.0,20,2.0,2.0,40.0,120.0,0.09788696740969319,4.0,7.818686512689028,0.01,1.0,8
ring,20,0.3,3.0,20,2.0,2.0,40.0,120.0,0.09788696740969319,4.0,7.725574130962447,0.007,0.9995,9
ring,20,0.3,3.0,20,2.0,2.0,40.0,120.0,0.09788696740969319,4.0,7.799595085524573,0.01,1.0,10
ring,20,0.3,3.0,20,2.0,2.0,40.0,120.0,0.09788696740969319,4.0,7.685931442162138,0.0115,1.0,11
ring,20,0.3,3.0,20,2.0,2.0,40.0,120.0,0.09788696740969319,4.0,7.744446409089817,0.01,1.0,12
ring,20,0.3,3.0,20,2.0,2.0,40.0,120.0,0.09788696740969319,4.0,7.652326045325729,0.008,1.0,13
ring,20,0.3,3.0,20,2.0,2.0,40.0,120.0,0.09788696740969319,4.0,7.582547656659031,0.012,1.0,14
ring,20,0.3,3.0,20,2.0,2.0,40.0,120.0,0.09788696740969319,4.0,7.674965887928375,0.01,1.0,15
ring,20,0.3,3.0,20,2.0,2.0,40.0,120.0,0.09788696740969319,4.0,7.518409266457719,0.011,1.0,16
ring,20,0.3,3.0,20,2.0,2.0,40.0,120.0,0.09788696740969319,4.0,7.608489130779811,0.0115,0.9995,17
ring,20,0.3,3.0,20,2.0,2.0,40.0,120.0,0.09788696740969319,4.0,7.838435573678615,0.011,1.0,18
ring,20,0.3,3.0,20,2.0,2.0,40.0,120.0,0.09788696740969319,4.0,7.756060014492765,0.008,1.0,19
ring,40,0.1,0.5,40,2.0,2.0,80.0,240.0,0.024623318809724324,3.999999999999999,1.4277464245901463,0.01,0.329,0
ring,40,0.1,0.5,40,2.0,2.0,80.0,240.0,0.024623318809724324,3.999999999999999,1.3830035850176265,0.0135,0.358,1
ring,40,0.1,0.5,40,2.0,2.0,80.0,240.0,0.024623318809724324,3.999999999999999,1.3913466321252779,0.0125,0.3445,2
ring,40,0.1,0.5,40,2.0,2.0,80.0,240.0,0.024623318809724324,3.999999999999999,1.395675023141139,0.0085,0.363,3
ring,40,0.1,0.5,40,2.0,2.0,80.0,240.0,0.024623318809724324,3.999999999999999,1.3886064308812693,0.0135,0.3705,4
ring,40,0.1,0.5,40,2.0,2.0,80.0,240.0,0.024623318809724324,3.999999999999999,1.4378780954846286,0.006,0.3245,5
ring,40,0.1,0.5,40,2.0,2.0,80.0,240.0,0.024623318809724324,3.999999999999999,1.4358301007833816,0.007,0.315,6
ring,40,0.1,0.5,40,2.0,2.0,80.0,240.0,0.024623318809724324,3.999999999999999,1.4256931221960154,0.01,0.342,7
ring,40,0.1,0.5,40,2.0,2.0,80.0,240.0,0.024623318809724324,3.999999999999999,1.413080930893744,0.011,0.3215,8
ring,40,0.1,0.5,40,2.0,2.0,80.0,240.0,0.024623318809724324,3.999999999999999,1.3753474611674639,0.011,0.3745,9
ring,40,0.1,0.5,40,2.0,2.0,80.0,240.0,0.024623318809724324,3.999999999999999,1.4608703816757118,0.003,0.3075,10
ring,40,0.1,0.5,40,2.0,2.0,80.0,240.0,0.024623318809724324,3.999999999999999,1.3963534600107135,0.012,0.357,11
ring,40,0.1,0.5,40,2.0,2.0,80.0,240.0,0.024623318809724324,3.999999999999999,1.4294348433962274,0.0065,0.3265,12
ring,40,0.1,0.5,40,2.0,2.0,80.0,240.0,0.024623318809724324,3.999999999999999,1.4214071963628077,0.0115,0.309,13
ring,40,0.1,0.5,40,2.0,2.0,80.0,240.0,0.024623318809724324,3.999999999999999,1.4231380518447245,0.007,0.323,14
ring,40,0.1,0.5,40,2.0,2.0,80.0,240.0,0.024623318809724324,3.999999999999999,1.4134949710562652,0.008,0.3365,15
ring,40,0.1,0.5,40,2.0,2.0,80.0,240.0,0.024623318809724324,3.999999999999999,1.3941772213905015,0.0165,0.353,16
ring,40,0.1,0.5,40,2.0,2.0,80.0,240.0,0.024623318809724324,3.999999999999999,1.3763837867324293,0.015,0.3825,17
ring,40,0.1,0.5,40,2.0,2.0,80.0,240.0,0.024623318809724324,3.999999999999999,1.4446363774394486,0.0075,0.32,18
ring,40,0.1,0.5,40,2.0,2.0,80.0,240.0,0.024623318809724324,3.999999999999999,1.3903731607131908,0.0115,0.369,19
ring,40,0.1,1.0,40,2.0,2.0,80.0,240.0,0.024623318809724324,3.999999999999999,1.4018223651340256,0.0095,0.9995,0
ring,40,0.1,1.0,40,2.0,2.0,80.0,240.0,0.024623318809724324,3.999999999999999,1.401455542728444,0.012,1.0,1
ring,40,0.1,1.0,40,2.0,2.0,80.0,240.0,0.024623318809724324,3.999999999999999,1.3891181746512304,0.0115,0.9985,2
ring,40,0.1,1.0,40,2.0,2.0,80.0,240.0,0.024623318809724324,3.999999999999999,1.3799313879987347,0.0125,0.9995,3
ring,40,0.1,1.0,40,2.0,2.0,80.0,240.0,0.024623318809724324,3.999999999999999,1.363430055118069,0.0135,0.9995,4
ring,40,0.1,1.0,40,2.0,2.0,80.0,240.0,0.024623318809724324,3.999999999999999,1.4212704395784481,0.0095,0.998,5
ring,40,0.1,1.0,40,2.0,2.0,80.0,240.0,0.024623318809724324,3.999999999999999,1.3853270412253822,0.012,0.999,6
ring,40,0.1,1.0,40,2.0,2.0,80.0,240.0,0.024623318809724324,3.999999999999999,1.3921968603728052,0.008,0.999,7
ring,40,0.1,1.0,40,2.0,2.0,80.0,240.0,0.024623318809724324,3.999999999999999,1.3876875152641461,0.012,0.9995,8
ring,40,0.1,1.0,40,2.0,2.0,80.0,240.0,0.024623318809724324,3.999999999999999,1.4448796949497078,0.0085,0.9985,9
ring,40,0.1,1.0,40,2.0,2.0,80.0,240.0,0.024623318809724324,3.999999999999999,1.4119740161273204,0.0115,0.999,10
ring,40,0.1,1.0,40,2.0,2.0,80.0,240.0,0.024623318809724324,3.999999999999999,1.4116353123416154,0.0135,0.999,11
ring,40,0.1,1.0,40,2.0,2.0,80.0,240.0,0.024623318809724324,3.999999999999999,1.3563773813266564,0.013,0.9995,12
ring,40,0.1,1.0,40,2.0,2.0,80.0,240.0,0.024623318809724324,3.999999999999999,1.4135076555745147,0.009,0.9985,13
ring,40,0.1,1.0,40,2.0,2.0,80.0,240.0,0.024623318809724324,3.999999999999999,1.4248345373183975,0.01,1.0,14
ring,40,0.1,1.0,40,2.0,2.0,80.0,240.0,0.024623318809724324,3.999999999999999,1.3758442459878883,0.01,0.9995,15
ring,40,0.1,1.0,40,2.0,2.0,80.0,240.0,0.024623318809724324,3.999999999999999,1.386680165181845,0.009,0.999,16
ring,40,0.1,1.0,40,2.0,2.0,80.0,240.0,0.024623318809724324,3.999999999999999,1.369668735107374,0.0135,0.999,17
ring,40,0.1,1.0,40,2.0,2.0,80.0,240.0,0.024623318809724324,3.999999999999999,1.3876122635327797,0.011,1.0,18
ring,40,0.1,1.0,40,2.0,2.0,80.0,240.0,0.024623318809724324,3.999999999999999,1.3579657842351724,0.0115,0.9995,19
ring,40,0.1,1.5,40,2.0,2.0,80.0,240.0,0.024623318809724324,3.999999999999999,1.4231137920658148,0.008,1.0,0
ring,40,0.1,1.5,40,2.0,2.0,80.0,240.0,0.024623318809724324,3.999999999999999,1.4024128833692435,0.0105,1.0,1
ring,40,0.1,1.5,40,2.0,2.0,80.0,240.0,0.024623318809724324,3.999999999999999,1.3568230684883855,0.0125,1.0,2
ring,40,0.1,1.5,40,2.0,2.0,80.0,240.0,0.024623318809724324,3.999999999999999,1.435813528630148,0.007,1.0,3
ring,40,0.1,1.5,40,2.0,2.0,80.0,240.0,0.024623318809724324,3.999999999999999,1.3997048823888205,0.0115,1.0,4
ring,40,0.1,1.5,40,2.0,2.0,80.0,240.0,0.024623318809724324,3.999999999999999,1.4044566656573936,0.0105,1.0,5
ring,40,0.1,1.5,40,2.0,2.0,80.0,240.0,0.024623318809724324,3.999999999999999,1.4621830479940618,0.0095,1.0,6
ring,40,0.1,1.5,40,2.0,2.0,80.0,240.0,0.024623318809724324,3.999999999999999,1.3968132149012982,0.009,1.0,7
ring,40,0.1,1.5,40,2.0,2.0,80.0,240.0,0.024623318809724324,3.999999999999999,1.4037442591497868,0.0145,1.0,8
ring,40,0.1,1.5,40,2.0,2.0,80.0,240.0,0.024623318809724324,3.999999999999999,1.372540332100561,0.013,1.0,9
ring,40,0.1,1.5,40,2.0,2.0,80.0,240.0,0.024623318809724324,3.999999999999999,1.4149899487556152,0.006,1.0,10
ring,40,0.1,1.5,40,2.0,2.0,80.0,240.0,0.024623318809724324,3.999999999999999,1.509344299276152,0.0045,1.0,11
ring,40,0.1,1.5,40,2.0,2.0,80.0,240.0,0.024623318809724324,3.999999999999999,1.3598528052511947,0.014,1.0,12
ring,40,0.1,1.5,40,2.0,2.0,80.0,240.0,0.024623318809724324,3.999999999999999,1.4225005283705265,0.007,1.0,13
ring,40,0.1,1.5,40,2.0,2.0,80.0,240.0,0.024623318809724324,3.999999999999999,1.3737051759694168,0.0145,1.0,14
ring,40,0.1,1.5,40,2.0,2.0,80.0,240.0,0.024623318809724324,3.999999999999999,1.391240933086056,0.0105,1.0,15
ring,40,0.1,1.5,40,2.0,2.0,80.0,240.0,0.024623318809724324,3.999999999999999,1.4062458364192882,0.0095,1.0,16
ring,40,0.1,1.5,40,2.0,2.0,80.0,240.0,0.024623318809724324,3.999999999999999,1.385061630517214,0.0095,1.0,17
ring,40,0.1,1.5,40,2.0,2.0,80.0,240.0,0.024623318809724324,3.999999999999999,1.3793848867201337,0.012,1.0,18
ring,40,0.1,1.5,40,2.0,2.0,80.0,240.0,0.024623318809724324,3.999999999999999,1.4063627297823293,0.008,1.0,19
ring,40,0.1,2.0,40,2.0,2.0,80.0,240.0,0.024623318809724324,3.999999999999999,1.417925097477165,0.0075,1.0,0
ring,40,0.1,2.0,40,2.0,2.0,80.0,240.0,0.024623318809724324,3.999999999999999,1.4207241124107386,0.0085,1.0,1
ring,40,0.1,2.0,40,2.0,2.0,80.0,240.0,0.024623318809724324,3.999999999999999,1.3892025162871808,0.0105,1.0,2
ring,40,0.1,2.0,40,2.0,2.0,80.0,240.0,0.024623318809724324,3.999999999999999,1.3823800722566029,0.0145,1.0,3
ring,40,0.1,2.0,40,2.0,2.0,80.0,240.0,0.024623318809724324,3.999999999999999,1.4155146002028345,0.008,1.0,4
ring,40,0.1,2.0,40,2.0,2.0,80.0,240.0,0.024623318809724324,3.999999999999999,1.422010026178373,0.01,1.0,5
ring,40,0.1,2.0,40,2.0,2.0,80.0,240.0,0.024623318809724324,3.999999999999999,1.3848183000348202,0.014,1.0,6
ring,40,0.1,2.0,40,2.0,2.0,80.0,240.0,0.024623318809724324,3.999999999999999,1.4392722778924043,0.0035,1.0,7
ring,40,0.1,2.0,40,2.0,2.0,80.0,240.0,0.024623318809724324,3.999999999999999,1.3453294908050435,0.017,1.0,8
ring,40,0.1,2.0,40,2.0,2.0,80.0,240.0,0.024623318809724324,3.999999999999999,1.3799453658090137,0.01,1.0,9
ring,40,0.1,2.0,40,2.0,2.0,80.0,240.0,0.024623318809724324,3.999999999999999,1.41110329749424,0.008,1.0,10
ring,40,0.1,2.0,40,2.0,2.0,80.0,240.0,0.024623318809724324,3.999999999999999,1.4700782880294758,0.005,1.0,11
ring,40,0.1,2.0,40,2.0,2.0,80.0,240.0,0.024623318809724324,3.999999999999999,1.377824579146055,0.008,1.0,12
ring,40,0.1,2.0,40,2.0,2.0,80.0,240.0,0.024623318809724324,3.999999999999999,1.4307628818578484,0.0065,1.0,13
ring,40,0.1,2.0,40,2.0,2.0,80.0,240.0,0.024623318809724324,3.999999999999999,1.4270538613584973,0.01,1.0,14
ring,40,0.1,2.0,40,2.0,2.0,80.0,240.0,0.024623318809724324,3.999999999999999,1.3518302961604303,0.016,1.0,15
ring,40,0.1,2.0,40,2.0,2.0,80.0,240.0,0.024623318809724324,3.999999999999999,1.458084205320176,0.008,1.0,16
ring,40,0.1,2.0,40,2.0,2.0,80.0,240.0,0.024623318809724324,3.999999999999999,1.447341216898191,0.0045,1.0,17
ring,40,0.1,2.0,40,2.0,2.0,80.0,240.0,0.024623318809724324,3.999999999999999,1.3808005280338014,0.007,1.0,18
ring,40,0.1,2.0,40,2.0,2.0,80.0,240.0,0.024623318809724324,3.999999999999999,1.3534715901823018,0.0115,1.0,19
ring,40,0.1,3.0,40,2.0,2.0,80.0,240.0,0.024623318809724324,3.999999999999999,1.38443475032353,0.0125,1.0,0
ring,40,0.1,3.0,40,2.0,2.0,80.0,240.0,0.024623318809724324,3.999999999999999,1.3840096002199647,0.0155,1.0,1
ring,40,0.1,3.0,40,2.0,2.0,80.0,240.0,0.024623318809724324,3.999999999999999,1.4061210340031165,0.0065,1.0,2
ring,40,0.1,3.0,40,2.0,2.0,80.0,240.0,0.024623318809724324,3.999999999999999,1.3977251247320432,0.0075,1.0,3
ring,40,0.1,3.0,40,2.0,2.0,80.0,240.0,0.024623318809724324,3.999999999999999,1.4350650966508243,0.005,1.0,4
ring,40,0.1,3.0,40,2.0,2.0,80.0,240.0,0.024623318809724324,3.999999999999999,1.4089627784364889,0.0065,1.0,5
ring,40,0.1,3.0,40,2.0,2.0,80.0,240.0,0.024623318809724324,3.999999999999999,1.3909413323510398,0.0105,1.0,6
ring,40,0.1,3.0,40,2.0,2.0,80.0,240.0,0.024623318809724324,3.999999999999999,1.3775731605457708,0.015,1.0,7
ring,40,0.1,3.0,40,2.0,2.0,80.0,240.0,0.024623318809724324,3.999999999999999,1.3518121152968419,0.015,1.0,8
ring,40,0.1,3.0,40,2.0,2.0,80.0,240.0,0.024623318809724324,3.999999999999999,1.4162094938645027,0.0115,1.0,9
ring,40,0.1,3.0,40,2.0,2.0,80.0,240.0,0.024623318809724324,3.999999999999999,1.3944674617589796,0.0125,1.0,10
ring,40,0.1,3.0,40,2.0,2.0,80.0,240.0,0.024623318809724324,3.999999999999999,1.4035063702749466,0.0095,1.0,11
ring,40,0.1,3.0,40,2.0,2.0,80.0,240.0,0.024623318809724324,3.999999999999999,1.424364727964727,0.011,1.0,12
ring,40,0.1,3.0,40,2.0,2.0,80.0,240.0,0.024623318809724324,3.999999999999999,1.364114044741155,0.0135,1.0,13
ring,40,0.1,3.0,40,2.0,2.0,80.0,240.0,0.024623318809724324,3.999999999999999,1.3795516192227653,0.011,1.0,14
ring,40,0.1,3.0,40,2.0,2.0,80.0,240.0,0.024623318809724324,3.999999999999999,1.3964627454630516,0.0095,1.0,15
ring,40,0.1,3.0,40,2.0,2.0,80.0,240.0,0.024623318809724324,3.999999999999999,1.3896369860050641,0.0125,1.0,16
ring,40,0.1,3.0,40,2.0,2.0,80.0,240.0,0.024623318809724324,3.999999999999999,1.414119603132775,0.006,1.0,17
ring,40,0.1,3.0,40,2.0,2.0,80.0,240.0,0.024623318809724324,3.999999999999999,1.386078572930459,0.01,1.0,18
ring,40,0.1,3.0,40,2.0,2.0,80.0,240.0,0.024623318809724324,3.999999999999999,1.3910045500834423,0.009,1.0,19
ring,40,0.2,0.5,40,2.0,2.0,80.0,240.0,0.024623318809724324,3.999999999999999,5.718762422255925,0.009,0.0405,0
ring,40,0.2,0.5,40,2.0,2.0,80.0,240.0,0.024623318809724324,3.999999999999999,5.5091726319933665,0.013,0.044,1
ring,40,0.2,0.5,40,2.0,2.0,80.0,240.0,0.024623318809724324,3.999999999999999,5.67931429079012,0.0105,0.0405,2
ring,40,0.2,0.5,40,2.0,2.0,80.0,240.0,0.024623318809724324,3.999999999999999,5.573593084015328,0.0105,0.031,3
ring,40,0.2,0.5,40,2.0,2.0,80.0,240.0,0.024623318809724324,3.999999999999999,5.656111636601188,0.009,0.0355,4
ring,40,0.2,0.5,40,2.0,2.0,80.0,240.0,0.024623318809724324,3.999999999999999,5.8047022337510485,0.0055,0.0315,5
ring,40,0.2,0.5,40,2.0,2.0,80.0,240.0,0.024623318809724324,3.999999999999999,5.749490479632204,0.005,0.037,6
ring,40,0.2,0.5,40,2.0,2.0,80.0,240.0,0.024623318809724324,3.999999999999999,5.483965696783126,0.0155,0.057,7
ring,40,0.2,0.5,40,2.0,2.0,80.0,240.0,0.024623318809724324,3.999999999999999,5.448100054558083,0.01,0.051,8
ring,40,0.2,0.5,40,2.0,2.0,80.0,240.0,0.024623318809724324,3.999999999999999,5.497688707939427,0.0115,0.0595,9
ring,40,0.2,0.5,40,2.0,2.0,80.0,240.0,0.024623318809724324,3.999999999999999,5.490294128828464,0.013,0.061,10
ring,40,0.2,0.5,40,2.0,2.0,80.0,240.0,0.024623318809724324,3.999999999999999,5.444121856341074,0.0175,0.0535,11
ring,40,0.2,0.5,40,2.0,2.0,80.0,240.0,0.024623318809724324,3.999999999999999,5.686139688341684,0.0125,0.035,12
ring,40,0.2,0.5,40,2.0,2.0,80.0,240.0,0.024623318809724324,3.999999999999999,5.385100789031782,0.0165,0.0535,13
ring,40,0.2,0.5,40,2.0,2.0,80.0,240.0,0.024623318809724324,3.999999999999999,5.52991647228922,0.0095,0.0515,14
ring,40,0.2,0.5,40,2.0,2.0,80.0,240.0,0.024623318809724324,3.999999999999999,5.523616452864357,0.0115,0.0495,15
ring,40,0.2,0.5,40,2.0,2.0,80.0,240.0,0.024623318809724324,3.999999999999999,5.652757749882027,0.0095,0.0375,16
ring,40,0.2,0.5,40,2.0,2.0,80.0,240.0,0.024623318809724324,3.999999999999999,5.623147229203127,0.0045,0.035,17
ring,40,0.2,0.5,40,2.0,2.0,80.0,240.0,0.024623318809724324,3.999999999999999,5.559205621419547,0.0115,0.0445,18
ring,40,0.2,0.5,40,2.0,2.0,80.0,240.0,0.024623318809724324,3.999999999999999,5.868718321080302,0.008,0.0265,19
ring,40,0.2,1.0,40,2.0,2.0,80.0,240.0,0.024623318809724324,3.999999999999999,5.586005721592864,0.0105,0.3615,0
ring,40,0.2,1.0,40,2.0,2.0,80.0,240.0,0.024623318809724324,3.999999999999999,5.512508770783761,0.0135,0.3625,1
ring,40,0.2,1.0,40,2.0,2.0,80.0,240.0,0.024623318809724324,3.999999999999999,5.62031804810654,0.007,0.347,2
ring,40,0.2,1.0,40,2.0,2.0,80.0,240.0,0.024623318809724324,3.999999999999999,5.6143829581101,0.0095,0.3305,3
ring,40,0.2,1.0,40,2.0,2.0,80.0,240.0,0.024623318809724324,3.999999999999999,5.773591033256141,0.0115,0.2975,4
ring,40,0.2,1.0,40,2.0,2.0,80.0,240.0,0.024623318809724324,3.999999999999999,5.617865033429627,0.0095,0.3445,5
ring,40,0.2,1.0,40,2.0,2.0,80.0,240.0,0.024623318809724324,3.999999999999999,5.562347729638666,0.013,0.3685,6
ring,40,0.2,1.0,40,2.0,2.0,80.0,240.0,0.024623318809724324,3.999999999999999,5.526051499934552,0.011,0.34,7
ring,40,0.2,1.0,40,2.0,2.0,80.0,240.0,0.024623318809724324,3.999999999999999,5.495361843005394,0.01,0.3815,8
ring,40,0.2,1.0,40,2.0,2.0,80.0,240.0,0.024623318809724324,3.999999999999999,5.63602332655209,0.012,0.3185,9
ring,40,0.2,1.0,40,2.0,2.0,80.0,240.0,0.024623318809724324,3.999999999999999,5.518623826924667,0.0125,0.3795,10
ring,40,0.2,1.0,40,2.0,2.0,80.0,240.0,0.024623318809724324,3.999999999999999,5.684595744311586,0.0075,0.35,11
ring,40,0.2,1.0,40,2.0,2.0,80.0,240.0,0.024623318809724324,3.999999999999999,5.612449551317575,0.011,0.3495,12
ring,40,0.2,1.0,40,2.0,2.0,80.0,240.0,0.024623318809724324,3.999999999999999,5.583308265774693,0.0115,0.3575,13
ring,40,0.2,1.0,40,2.0,2.0,80.0,240.0,0.024623318809724324,3.999999999999999,5.670659809092545,0.006,0.343,14
ring,40,0.2,1.0,40,2.0,2.0,80.0,240.0,0.024623318809724324,3.999999999999999,5.615707386992301,0.01,0.357,15
ring,40,0.2,1.0,40,2.0,2.0,80.0,240.0,0.024623318809724324,3.999999999999999,5.584509349153556,0.013,0.371,16
ring,40,0.2,1.0,40,2.0,2.0,80.0,240.0,0.024623318809724324,3.999999999999999,5.653354765067996,0.0075,0.342,17
ring,40,0.2,1.0,40,2.0,2.0,80.0,240.0,0.024623318809724324,3.999999999999999,5.525572679133591,0.01,0.3735,18
ring,40,0.2,1.0,40,2.0,2.0,80.0,240.0,0.024623318809724324,3.999999999999999,5.518455092297074,0.015,0.3685,19
ring,40,0.2,1.5,40,2.0,2.0,80.0,240.0,0.024623318809724324,3.999999999999999,5.628305462555828,0.01,0.8995,0
ring,40,0.2,1.5,40,2.0,2.0,80.0,240.0,0.024623318809724324,3.999999999999999,5.507810240891755,0.0195,0.9025,1
ring,40,0.2,1.5,40,2.0,2.0,80.0,240.0,0.024623318809724324,3.999999999999999,5.579095166345591,0.0085,0.909,2
ring,40,0.2,1.5,40,2.0,2.0,80.0,240.0,0.024623318809724324,3.999999999999999,5.654411116661621,0.011,0.891,3
ring,40,0.2,1.5,40,2.0,2.0,80.0,240.0,0.024623318809724324,3.999999999999999,5.5359478939028,0.014,0.8985,4
ring,40,0.2,1.5,40,2.0,2.0,80.0,240.0,0.024623318809724324,3.999999999999999,5.482407098953281,0.01,0.9235,5
ring,40,0.2,1.5,40,2.0,2.0,80.0,240.0,0.024623318809724324,3.999999999999999,5.551793438527678,0.0085,0.912,6
ring,40,0.2,1.5,40,2.0,2.0,80.0,240.0,0.024623318809724324,3.999999999999999,5.617843460170813,0.012,0.902,7
ring,40,0.2,1.5,40,2.0,2.0,80.0,240.0,0.024623318809724324,3.999999999999999,5.7392042499336275,0.0035,0.8885,8
ring,40,0.2,1.5,40,2.0,2.0,80.0,240.0,0.024623318809724324,3.999999999999999,5.544066712406571,0.0135,0.9195,9
ring,40,0.2,1.5,40,2.0,2.0,80.0,240.0,0.024623318809724324,3.999999999999999,5.551105641659838,0.0135,0.906,10
ring,40,0.2,1.5,40,2.0,2.0,80.0,240.0,0.024623318809724324,3.999999999999999,5.605403571742696,0.0095,0.892,11
ring,40,0.2,1.5,40,2.0,2.0,80.0,240.0,0.024623318809724324,3.999999999999999,5.58353370217947,0.0115,0.8985,12
ring,40,0.2,1.5,40,2.0,2.0,80.0,240.0,0.024623318809724324,3.999999999999999,5.437493620894002,0.011,0.922,13
ring,40,0.2,1.5,40,2.0,2.0,80.0,240.0,0.024623318809724324,3.999999999999999,5.858402482879749,0.006,0.8605,14
ring,40,0.2,1.5,40,2.0,2.0,80.0,240.0,0.024623318809724324,3.999999999999999,5.675541010288073,0.0075,0.8845,15
ring,40,0.2,1.5,40,2.0,2.0,80.0,240.0,0.024623318809724324,3.999999999999999,5.756032904772747,0.0095,0.878,16
ring,40,0.2,1.5,40,2.0,2.0,80.0,240.0,0.024623318809724324,3.999999999999999,5.8378920954025135,0.012,0.8645,17
ring,40,0.2,1.5,40,2.0,2.0,80.0,240.0,0.024623318809724324,3.999999999999999,5.469802783921015,0.012,0.91,18
ring,40,0.2,1.5,40,2.0,2.0,80.0,240.0,0.024623318809724324,3.999999999999999,5.783219960464167,0.0055,0.8725,19
ring,40,0.2,2.0,40,2.0,2.0,80.0,240.0,0.024623318809724324,3.999999999999999,5.660463511132786,0.011,0.9995,0
ring,40,0.2,2.0,40,2.0,2.0,80.0,240.0,0.024623318809724324,3.999999999999999,5.612799499422517,0.009,0.9985,1
ring,40,0.2,2.0,40,2.0,2.0,80.0,240.0,0.024623318809724324,3.999999999999999,5.596003246344775,0.0085,0.999,2
ring,40,0.2,2.0,40,2.0,2.0,80.0,240.0,0.024623318809724324,3.999999999999999,5.598239458441476,0.0145,1.0,3
ring,40,0.2,2.0,40,2.0,2.0,80.0,240.0,0.024623318809724324,3.999999999999999,5.640234772043422,0.0115,0.998,4
ring,40,0.2,2.0,40,2.0,2.0,80.0,240.0,0.024623318809724324,3.999999999999999,5.555698866800684,0.0095,0.9985,5
ring,40,0.2,2.0,40,2.0,2.0,80.0,240.0,0.024623318809724324,3.999999999999999,5.708398503201761,0.013,0.999,6
ring,40,0.2,2.0,40,2.0,2.0,80.0,240.0,0.024623318809724324,3.999999999999999,5.594385927772934,0.0115,0.9995,7
ring,40,0.2,2.0,40,2.0,2.0,80.0,240.0,0.024623318809724324,3.999999999999999,5.496227323932896,0.0145,1.0,8
ring,40,0.2,2.0,40,2.0,2.0,80.0,240.0,0.024623318809724324,3.999999999999999,5.787185909448713,0.0095,0.999,9
ring,40,0.2,2.0,40,2.0,2.0,80.0,240.0,0.024623318809724324,3.999999999999999,5.589578964168494,0.011,0.999,10
ring,40,0.2,2.0,40,2.0,2.0,80.0,240.0,0.024623318809724324,3.999999999999999,5.70524140315839,0.0045,1.0,11
ring,40,0.2,2.0,40,2.0,2.0,80.0,240.0,0.024623318809724324,3.999999999999999,5.607159672575575,0.0105,1.0,12
ring,40,0.2,2.0,40,2.0,2.0,80.0,240.0,0.024623318809724324,3.999999999999999,5.481883852672235,0.013,0.9985,13
ring,40,0.2,2.0,40,2.0,2.0,80.0,240.0,0.024623318809724324,3.999999999999999,5.6053989069505095,0.012,0.9985,14
ring,40,0.2,2.0,40,2.0,2.0,80.0,240.0,0.024623318809724324,3.999999999999999,5.755011272969814,0.009,0.9985,15
ring,40,0.2,2.0,40,2.0,2.0,80.0,240.0,0.024623318809724324,3.999999999999999,5.646488502902429,0.006,0.999,16
ring,40,0.2,2.0,40,2.0,2.0,80.0,240.0,0.024623318809724324,3.999999999999999,5.440187517719041,0.0135,1.0,17
ring,40,0.2,2.0,40,2.0,2.0,80.0,240.0,0.024623318809724324,3.999999999999999,5.592953752052737,0.0135,0.999,18
ring,40,0.2,2.0,40,2.0,2.0,80.0,240.0,0.024623318809724324,3.999999999999999,5.552131138216927,0.0085,0.999,19
ring,40,0.2,3.0,40,2.0,2.0,80.0,240.0,0.024623318809724324,3.999999999999999,5.686221713642274,0.007,1.0,0
ring,40,0.2,3.0,40,2.0,2.0,80.0,240.0,0.024623318809724324,3.999999999999999,5.605931337071063,0.01,1.0,1
ring,40,0.2,3.0,40,2.0,2.0,80.0,240.0,0.024623318809724324,3.999999999999999,5.431581161479526,0.014,1.0,2
ring,40,0.2,3.0,40,2.0,2.0,80.0,240.0,0.024623318809724324,3.999999999999999,5.5583072205360695,0.0085,1.0,3
ring,40,0.2,3.0,40,2.0,2.0,80.0,240.0,0.024623318809724324,3.999999999999999,5.533569280080605,0.0175,1.0,4
ring,40,0.2,3.0,40,2.0,2.0,80.0,240.0,0.024623318809724324,3.999999999999999,5.687759106776293,0.008,1.0,5
ring,40,0.2,3.0,40,2.0,2.0,80.0,240.0,0.024623318809724324,3.999999999999999,5.582011400697202,0.0135,1.0,6
ring,40,0.2,3.0,40,2.0,2.0,80.0,240.0,0.024623318809724324,3.999999999999999,5.486932329127114,0.0115,1.0,7
ring,40,0.2,3.0,40,2.0,2.0,80.0,240.0,0.024623318809724324,3.999999999999999,5.658368026549368,0.013,1.0,8
ring,40,0.2,3.0,40,2.0,2.0,80.0,240.0,0.024623318809724324,3.999999999999999,5.55166448443189,0.0115,1.0,9
ring,40,0.2,3.0,40,2.0,2.0,80.0,240.0,0.024623318809724324,3.999999999999999,5.66718456910524,0.009,1.0,10
ring,40,0.2,3.0,40,2.0,2.0,80.0,240.0,0.024623318809724324,3.999999999999999,5.6707252058727935,0.0075,1.0,11
ring,40,0.2,3.0,40,2.0,2.0,80.0,240.0,0.024623318809724324,3.999999999999999,5.6807561567987905,0.006,1.0,12
ring,40,0.2,3.0,40,2.0,2.0,80.0,240.0,0.024623318809724324,3.999999999999999,5.539061204500593,0.014,1.0,13
ring,40,0.2,3.0,40,2.0,2.0,80.0,240.0,0.024623318809724324,3.999999999999999,5.6571278941469645,0.0055,1.0,14
ring,40,0.2,3.0,40,2.0,2.0,80.0,240.0,0.024623318809724324,3.999999999999999,5.581996766437754,0.0145,1.0,15
ring,40,0.2,3.0,40,2.0,2.0,80.0,240.0,0.024623318809724324,3.999999999999999,5.510665484658388,0.01,1.0,16
ring,40,0.2,3.0,40,2.0,2.0,80.0,240.0,0.024623318809724324,3.999999999999999,5.53910237146988,0.01,1.0,17
ring,40,0.2,3.0,40,2.0,2.0,80.0,240.0,0.024623318809724324,3.999999999999999,5.696520584536049,0.0095,1.0,18
ring,40,0.2,3.0,40,2.0,2.0,80.0,240.0,0.024623318809724324,3.999999999999999,5.497639195163903,0.0095,1.0,19
ring,40,0.3,0.5,40,2.0,2.0,80.0,240.0,0.024623318809724324,3.999999999999999,12.444743930557978,0.014,0.019,0
ring,40,0.3,0.5,40,2.0,2.0,80.0,240.0,0.024623318809724324,3.999999999999999,12.632110139130104,0.01,0.02,1
ring,40,0.3,0.5,40,2.0,2.0,80.0,240.0,0.024623318809724324,3.999999999999999,12.745660720325777,0.01,0.016,2
ring,40,0.3,0.5,40,2.0,2.0,80.0,240.0,0.024623318809724324,3.999999999999999,12.39441236764571,0.0115,0.025,3
ring,40,0.3,0.5,40,2.0,2.0,80.0,240.0,0.024623318809724324,3.999999999999999,12.733467122537974,0.0115,0.0165,4
ring,40,0.3,0.5,40,2.0,2.0,80.0,240.0,0.024623318809724324,3.999999999999999,12.4629066049165,0.0105,0.0245,5
ring,40,0.3,0.5,40,2.0,2.0,80.0,240.0,0.024623318809724324,3.999999999999999,12.440715199192747,0.013,0.0215,6
ring,40,0.3,0.5,40,2.0,2.0,80.0,240.0,0.024623318809724324,3.999999999999999,12.94293720353893,0.0075,0.017,7
ring,40,0.3,0.5,40,2.0,2.0,80.0,240.0,0.024623318809724324,3.999999999999999,12.434658789918224,0.011,0.021,8
ring,40,0.3,0.5,40,2.0,2.0,80.0,240.0,0.024623318809724324,3.999999999999999,12.43519369171213,0.012,0.0275,9
ring,40,0.3,0.5,40,2.0,2.0,80.0,240.0,0.024623318809724324,3.999999999999999,13.265285585579065,0.0065,0.011,10
ring,40,0.3,0.5,40,2.0,2.0,80.0,240.0,0.024623318809724324,3.999999999999999,12.623973183638856,0.009,0.023,11
ring,40,0.3,0.5,40,2.0,2.0,80.0,240.0,0.024623318809724324,3.999999999999999,12.585384829155826,0.0055,0.0225,12
ring,40,0.3,0.5,40,2.0,2.0,80.0,240.0,0.024623318809724324,3.999999999999999,12.631148038372855,0.013,0.0205,13
ring,40,0.3,0.5,40,2.0,2.0,80.0,240.0,0.024623318809724324,3.999999999999999,12.53242406364352,0.013,0.0255,14
ring,40,0.3,0.5,40,2.0,2.0,80.0,240.0,0.024623318809724324,3.999999999999999,12.624826604218686,0.0135,0.023,15
ring,40,0.3,0.5,40,2.0,2.0,80.0,240.0,0.024623318809724324,3.999999999999999,12.635036153857106,0.0145,0.0145,16
ring,40,0.3,0.5,40,2.0,2.0,80.0,240.0,0.024623318809724324,3.999999999999999,12.715562023053032,0.011,0.0225,17
ring,40,0.3,0.5,40,2.0,2.0,80.0,240.0,0.024623318809724324,3.999999999999999,12.883814463314778,0.0055,0.0245,18
ring,40,0.3,0.5,40,2.0,2.0,80.0,240.0,0.024623318809724324,3.999999999999999,12.113939829524568,0.0185,0.029,19
ring,40,0.3,1.0,40,2.0,2.0,80.0,240.0,0.024623318809724324,3.999999999999999,12.103217134177301,0.0185,0.115,0
ring,40,0.3,1.0,40,2.0,2.0,80.0,240.0,0.024623318809724324,3.999999999999999,12.519759820129252,0.0135,0.0905,1
ring,40,0.3,1.0,40,2.0,2.0,80.0,240.0,0.024623318809724324,3.999999999999999,12.689895199543507,0.0125,0.078,2
ring,40,0.3,1.0,40,2.0,2.0,80.0,240.0,0.024623318809724324,3.999999999999999,12.371417383613645,0.0145,0.1165,3
ring,40,0.3,1.0,40,2.0,2.0,80.0,240.0,0.024623318809724324,3.999999999999999,12.780041954900035,0.0065,0.079,4
ring,40,0.3,1.0,40,2.0,2.0,80.0,240.0,0.024623318809724324,3.999999999999999,12.360509407991943,0.013,0.0995,5
ring,40,0.3,1.0,40,2.0,2.0,80.0,240.0,0.024623318809724324,3.999999999999999,12.638564418554344,0.0135,0.09,6
ring,40,0.3,1.0,40,2.0,2.0,80.0,240.0,0.024623318809724324,3.999999999999999,12.8925680298182,0.014,0.084,7
ring,40,0.3,1.0,40,2.0,2.0,80.0,240.0,0.024623318809724324,3.999999999999999,13.017233152125753,0.0095,0.077,8
ring,40,0.3,1.0,40,2.0,2.0,80.0,240.0,0.024623318809724324,3.999999999999999,12.638614056976825,0.01,0.099,9
ring,40,0.3,1.0,40,2.0,2.0,80.0,240.0,0.024623318809724324,3.999999999999999,12.479291833973162,0.012,0.0955,10
ring,40,0.3,1.0,40,2.0,2.0,80.0,240.0,0.024623318809724324,3.999999999999999,12.393317352969866,0.011,0.108,11
ring,40,0.3,1.0,40,2.0,2.0,80.0,240.0,0.024623318809724324,3.999999999999999,12.645707772649548,0.013,0.0865,12
ring,40,0.3,1.0,40,2.0,2.0,80.0,240.0,0.024623318809724324,3.999999999999999,12.638382085395014,0.0105,0.09,13
ring,40,0.3,1.0,40,2.0,2.0,80.0,240.0,0.024623318809724324,3.999999999999999,12.810179933007754,0.008,0.0845,14
ring,40,0.3,1.0,40,2.0,2.0,80.0,240.0,0.024623318809724324,3.999999999999999,12.810160936286096,0.0085,0.0845,15
ring,40,0.3,1.0,40,2.0,2.0,80.0,240.0,0.024623318809724324,3.999999999999999,12.754441117473629,0.007,0.078,16
ring,40,0.3,1.0,40,2.0,2.0,80.0,240.0,0.024623318809724324,3.999999999999999,12.625124733257651,0.007,0.0885,17
ring,40,0.3,1.0,40,2.0,2.0,80.0,240.0,0.024623318809724324,3.999999999999999,12.386197487555117,0.008,0.11,18
ring,40,0.3,1.0,40,2.0,2.0,80.0,240.0,0.024623318809724324,3.999999999999999,12.576454418610972,0.0105,0.0855,19
ring,40,0.3,1.5,40,2.0,2.0,80.0,240.0,0.024623318809724324,3.999999999999999,12.343208908629205,0.0115,0.386,0
ring,40,0.3,1.5,40,2.0,2.0,80.0,240.0,0.024623318809724324,3.999999999999999,12.432193141852784,0.0145,0.3715,1
ring,40,0.3,1.5,40,2.0,2.0,80.0,240.0,0.024623318809724324,3.999999999999999,12.619947895778441,0.0095,0.3555,2
ring,40,0.3,1.5,40,2.0,2.0,80.0,240.0,0.024623318809724324,3.999999999999999,12.414323181323013,0.013,0.381,3
ring,40,0.3,1.5,40,2.0,2.0,80.0,240.0,0.024623318809724324,3.999999999999999,12.67922783728108,0.011,0.345,4
ring,40,0.3,1.5,40,2.0,2.0,80.0,240.0,0.024623318809724324,3.999999999999999,12.73033574460882,0.0095,0.335,5
ring,40,0.3,1.5,40,2.0,2.0,80.0,240.0,0.024623318809724324,3.999999999999999,12.918778574368352,0.0115,0.295,6
ring,40,0.3,1.5,40,2.0,2.0,80.0,240.0,0.024623318809724324,3.999999999999999,12.456016279579956,0.012,0.374,7
ring,40,0.3,1.5,40,2.0,2.0,80.0,240.0,0.024623318809724324,3.999999999999999,12.712853184489635,0.007,0.3525,8
ring,40,0.3,1.5,40,2.0,2.0,80.0,240.0,0.024623318809724324,3.999999999999999,12.585581263534719,0.011,0.3365,9
ring,40,0.3,1.5,40,2.0,2.0,80.0,240.0,0.024623318809724324,3.999999999999999,12.619169052374154,0.0125,0.3635,10
ring,40,0.3,1.5,40,2.0,2.0,80.0,240.0,0.024623318809724324,3.999999999999999,12.686045744674063,0.01,0.3535,11
ring,40,0.3,1.5,40,2.0,2.0,80.0,240.0,0.024623318809724324,3.999999999999999,12.420300834856407,0.0105,0.3695,12
ring,40,0.3,1.5,40,2.0,2.0,80.0,240.0,0.024623318809724324,3.999999999999999,13.031755437331125,0.007,0.3005,13
ring,40,0.3,1.5,40,2.0,2.0,80.0,240.0,0.024623318809724324,3.999999999999999,12.23812888790936,0.013,0.3815,14
ring,40,0.3,1.5,40,2.0,2.0,80.0,240.0,0.024623318809724324,3.999999999999999,12.591277049194245,0.009,0.363,15
ring,40,0.3,1.5,40,2.0,2.0,80.0,240.0,0.024623318809724324,3.999999999999999,12.886402175947849,0.009,0.3085,16
ring,40,0.3,1.5,40,2.0,2.0,80.0,240.0,0.024623318809724324,3.999999999999999,12.445653328916668,0.014,0.37,17
ring,40,0.3,1.5,40,2.0,2.0,80.0,240.0,0.024623318809724324,3.999999999999999,12.825036526119868,0.009,0.3255,18
ring,40,0.3,1.5,40,2.0,2.0,80.0,240.0,0.024623318809724324,3.999999999999999,12.838633478662288,0.0135,0.3215,19
ring,40,0.3,2.0,40,2.0,2.0,80.0,240.0,0.024623318809724324,3.999999999999999,12.383177429044705,0.0145,0.7735,0
ring,40,0.3,2.0,40,2.0,2.0,80.0,240.0,0.024623318809724324,3.999999999999999,12.315178575519154,0.01,0.7785,1
ring,40,0.3,2.0,40,2.0,2.0,80.0,240.0,0.024623318809724324,3.999999999999999,12.762673038071295,0.0095,0.7395,2
ring,40,0.3,2.0,40,2.0,2.0,80.0,240.0,0.024623318809724324,3.999999999999999,12.507834756829256,0.0115,0.778,3
ring,40,0.3,2.0,40,2.0,2.0,80.0,240.0,0.024623318809724324,3.999999999999999,12.724000915255361,0.007,0.7595,4
ring,40,0.3,2.0,40,2.0,2.0,80.0,240.0,0.024623318809724324,3.999999999999999,12.120138532422777,0.0155,0.817,5
ring,40,0.3,2.0,40,2.0,2.0,80.0,240.0,0.024623318809724324,3.999999999999999,12.68762524012388,0.012,0.7485,6
ring,40,0.3,2.0,40,2.0,2.0,80.0,240.0,0.024623318809724324,3.999999999999999,12.614145076031809,0.011,0.764,7
ring,40,0.3,2.0,40,2.0,2.0,80.0,240.0,0.024623318809724324,3.999999999999999,12.34048837586219,0.0135,0.779,8
ring,40,0.3,2.0,40,2.0,2.0,80.0,240.0,0.024623318809724324,3.999999999999999,12.800468000557636,0.01,0.751,9
ring,40,0.3,2.0,40,2.0,2.0,80.0,240.0,0.024623318809724324,3.999999999999999,12.34836338808174,0.015,0.783,10
ring,40,0.3,2.0,40,2.0,2.0,80.0,240.0,0.024623318809724324,3.999999999999999,12.9958425033217,0.004,0.725,11
ring,40,0.3,2.0,40,2.0,2.0,80.0,240.0,0.024623318809724324,3.999999999999999,12.280290707438791,0.0135,0.79,12
ring,40,0.3,2.0,40,2.0,2.0,80.0,240.0,0.024623318809724324,3.999999999999999,12.539986673476994,0.0065,0.7795,13
ring,40,0.3,2.0,40,2.0,2.0,80.0,240.0,0.024623318809724324,3.999999999999999,12.658343645526607,0.009,0.7445,14
ring,40,0.3,2.0,40,2.0,2.0,80.0,240.0,0.024623318809724324,3.999999999999999,12.37632531367979,0.015,0.7665,15
ring,40,0.3,2.0,40,2.0,2.0,80.0,240.0,0.024623318809724324,3.999999999999999,12.827655211060797,0.007,0.755,16
ring,40,0.3,2.0,40,2.0,2.0,80.0,240.0,0.024623318809724324,3.999999999999999,12.680412299646203,0.01,0.7645,17
ring,40,0.3,2.0,40,2.0,2.0,80.0,240.0,0.024623318809724324,3.999999999999999,12.704221664124658,0.007,0.7445,18
ring,40,0.3,2.0,40,2.0,2.0,80.0,240.0,0.024623318809724324,3.999999999999999,12.760204171929495,0.007,0.752,19
ring,40,0.3,3.0,40,2.0,2.0,80.0,240.0,0.024623318809724324,3.999999999999999,12.454816808833007,0.013,0.9985,0
ring,40,0.3,3.0,40,2.0,2.0,80.0,240.0,0.024623318809724324,3.999999999999999,12.760078960095663,0.0095,0.9985,1
ring,40,0.3,3.0,40,2.0,2.0,80.0,240.0,0.024623318809724324,3.999999999999999,12.766490520896339,0.01,0.999,2
ring,40,0.3,3.0,40,2.0,2.0,80.0,240.0,0.024623318809724324,3.999999999999999,12.545784604503709,0.013,0.9995,3
ring,40,0.3,3.0,40,2.0,2.0,80.0,240.0,0.024623318809724324,3.999999999999999,12.768470808488692,0.01,0.9995,4
ring,40,0.3,3.0,40,2.0,2.0,80.0,240.0,0.024623318809724324,3.999999999999999,12.486257925259048,0.0115,0.9985,5
ring,40,0.3,3.0,40,2.0,2.0,80.0,240.0,0.024623318809724324,3.999999999999999,12.464184116010811,0.0115,1.0,6
ring,40,0.3,3.0,40,2.0,2.0,80.0,240.0,0.024623318809724324,3.999999999999999,12.572145854519846,0.008,0.999,7
ring,40,0.3,3.0,40,2.0,2.0,80.0,240.0,0.024623318809724324,3.999999999999999,12.829411673172418,0.0085,0.999,8
ring,40,0.3,3.0,40,2.0,2.0,80.0,240.0,0.024623318809724324,3.999999999999999,12.376005111356049,0.016,0.9995,9
ring,40,0.3,3.0,40,2.0,2.0,80.0,240.0,0.024623318809724324,3.999999999999999,12.499171872143494,0.009,0.9995,10
ring,40,0.3,3.0,40,2.0,2.0,80.0,240.0,0.024623318809724324,3.999999999999999,12.361470617439752,0.01,0.9995,11
ring,40,0.3,3.0,40,2.0,2.0,80.0,240.0,0.024623318809724324,3.999999999999999,12.921547889281575,0.0075,1.0,12
ring,40,0.3,3.0,40,2.0,2.0,80.0,240.0,0.024623318809724324,3.999999999999999,12.491411244591697,0.009,0.9995,13
ring,40,0.3,3.0,40,2.0,2.0,80.0,240.0,0.024623318809724324,3.999999999999999,12.66290737445838,0.009,1.0,14
ring,40,0.3,3.0,40,2.0,2.0,80.0,240.0,0.024623318809724324,3.999999999999999,12.508441576761589,0.0125,1.0,15
ring,40,0.3,3.0,40,2.0,2.0,80.0,240.0,0.024623318809724324,3.999999999999999,12.836708604080538,0.0115,0.999,16
ring,40,0.3,3.0,40,2.0,2.0,80.0,240.0,0.024623318809724324,3.999999999999999,12.468077780871763,0.0095,1.0,17
ring,40,0.3,3.0,40,2.0,2.0,80.0,240.0,0.024623318809724324,3.999999999999999,12.778037431314663,0.01,0.9985,18
ring,40,0.3,3.0,40,2.0,2.0,80.0,240.0,0.024623318809724324,3.999999999999999,13.126251059290489,0.005,0.9995,19
ring,80,0.1,0.5,80,2.0,2.0,160.0,480.0,0.006165332533743071,3.9999999999999996,2.4039048599807913,0.021,0.2285,0
ring,80,0.1,0.5,80,2.0,2.0,160.0,480.0,0.006165332533743071,3.9999999999999996,2.392790379686262,0.012,0.222,1
ring,80,0.1,0.5,80,2.0,2.0,160.0,480.0,0.006165332533743071,3.9999999999999996,2.4154031201596777,0.0115,0.191,2
ring,80,0.1,0.5,80,2.0,2.0,160.0,480.0,0.006165332533743071,3.9999999999999996,2.432199724836747,0.008,0.209,3
ring,80,0.1,0.5,80,2.0,2.0,160.0,480.0,0.006165332533743071,3.9999999999999996,2.4216918648432046,0.0125,0.204,4
ring,80,0.1,0.5,80,2.0,2.0,160.0,480.0,0.006165332533743071,3.9999999999999996,2.5017595013478187,0.0055,0.153,5
ring,80,0.1,0.5,80,2.0,2.0,160.0,480.0,0.006165332533743071,3.9999999999999996,2.3953685948528762,0.0115,0.2165,6
ring,80,0.1,0.5,80,2.0,2.0,160.0,480.0,0.006165332533743071,3.9999999999999996,2.3871196702044255,0.014,0.2435,7
ring,80,0.1,0.5,80,2.0,2.0,160.0,480.0,0.006165332533743071,3.9999999999999996,2.4936485245296245,0.0045,0.1515,8
ring,80,0.1,0.5,80,2.0,2.0,160.0,480.0,0.006165332533743071,3.9999999999999996,2.469075257910407,0.0085,0.169,9
ring,80,0.1,0.5,80,2.0,2.0,160.0,480.0,0.006165332533743071,3.9999999999999996,2.405441746100701,0.0105,0.199,10
ring,80,0.1,0.5,80,2.0,2.0,160.0,480.0,0.006165332533743071,3.9999999999999996,2.3809915766212972,0.011,0.207,11
ring,80,0.1,0.5,80,2.0,2.0,160.0,480.0,0.006165332533743071,3.9999999999999996,2.424220891268905,0.0055,0.1805,12
ring,80,0.1,0.5,80,2.0,2.0,160.0,480.0,0.006165332533743071,3.9999999999999996,2.4504356738589785,0.01,0.203,13
ring,80,0.1,0.5,80,2.0,2.0,160.0,480.0,0.006165332533743071,3.9999999999999996,2.4371605794861138,0.007,0.1935,14
ring,80,0.1,0.5,80,2.0,2.0,160.0,480.0,0.006165332533743071,3.9999999999999996,2.452790781645873,0.01,0.201,15
ring,80,0.1,0.5,80,2.0,2.0,160.0,480.0,0.006165332533743071,3.9999999999999996,2.4175023011307624,0.0125,0.2005,16
ring,80,0.1,0.5,80,2.0,2.0,160.0,480.0,0.006165332533743071,3.9999999999999996,2.369356691223801,0.0175,0.248,17
ring,80,0.1,0.5,80,2.0,2.0,160.0,480.0,0.006165332533743071,3.9999999999999996,2.398136888127591,0.0095,0.2215,18
ring,80,0.1,0.5,80,2.0,2.0,160.0,480.0,0.006165332533743071,3.9999999999999996,2.424576706227153,0.009,0.2075,19
ring,80,0.1,1.0,80,2.0,2.0,160.0,480.0,0.006165332533743071,3.9999999999999996,2.4000710126972944,0.0085,0.991,0
ring,80,0.1,1.0,80,2.0,2.0,160.0,480.0,0.006165332533743071,3.9999999999999996,2.3929528177418633,0.016,0.9915,1
ring,80,0.1,1.0,80,2.0,2.0,160.0,480.0,0.006165332533743071,3.9999999999999996,2.408971758781766,0.0105,0.9885,2
ring,80,0.1,1.0,80,2.0,2.0,160.0,480.0,0.006165332533743071,3.9999999999999996,2.497106794414217,0.006,0.9805,3
ring,80,0.1,1.0,80,2.0,2.0,160.0,480.0,0.006165332533743071,3.9999999999999996,2.432382075251187,0.013,0.9855,4
ring,80,0.1,1.0,80,2.0,2.0,160.0,480.0,0.006165332533743071,3.9999999999999996,2.443928691437329,0.009,0.989,5
ring,80,0.1,1.0,80,2.0,2.0,160.0,480.0,0.006165332533743071,3.9999999999999996,2.387161172839234,0.012,0.9915,6
ring,80,0.1,1.0,80,2.0,2.0,160.0,480.0,0.006165332533743071,3.9999999999999996,2.4275531213971946,0.0135,0.9905,7
ring,80,0.1,1.0,80,2.0,2.0,160.0,480.0,0.006165332533743071,3.9999999999999996,2.420845427565841,0.0055,0.9905,8
ring,80,0.1,1.0,80,2.0,2.0,160.0,480.0,0.006165332533743071,3.9999999999999996,2.434934138621771,0.0095,0.987,9
ring,80,0.1,1.0,80,2.0,2.0,160.0,480.0,0.006165332533743071,3.9999999999999996,2.405011408085298,0.013,0.992,10
ring,80,0.1,1.0,80,2.0,2.0,160.0,480.0,0.006165332533743071,3.9999999999999996,2.3989542022107813,0.0135,0.985,11
ring,80,0.1,1.0,80,2.0,2.0,160.0,480.0,0.006165332533743071,3.9999999999999996,2.3976862731090383,0.012,0.9875,12
ring,80,0.1,1.0,80,2.0,2.0,160.0,480.0,0.006165332533743071,3.9999999999999996,2.4279265918804405,0.011,0.987,13
ring,80,0.1,1.0,80,2.0,2.0,160.0,480.0,0.006165332533743071,3.9999999999999996,2.3706230355744626,0.015,0.9915,14
ring,80,0.1,1.0,80,2.0,2.0,160.0,480.0,0.006165332533743071,3.9999999999999996,2.402500899758231,0.013,0.982,15
ring,80,0.1,1.0,80,2.0,2.0,160.0,480.0,0.006165332533743071,3.9999999999999996,2.4264339755507858,0.0095,0.984,16
ring,80,0.1,1.0,80,2.0,2.0,160.0,480.0,0.006165332533743071,3.9999999999999996,2.400269098304324,0.01,0.988,17
ring,80,0.1,1.0,80,2.0,2.0,160.0,480.0,0.006165332533743071,3.9999999999999996,2.4195549176560527,0.012,0.9895,18
ring,80,0.1,1.0,80,2.0,2.0,160.0,480.0,0.006165332533743071,3.9999999999999996,2.424972570375578,0.0085,0.989,19
ring,80,0.1,1.5,80,2.0,2.0,160.0,480.0,0.006165332533743071,3.9999999999999996,2.470474967796264,0.0095,1.0,0
ring,80,0.1,1.5,80,2.0,2.0,160.0,480.0,0.006165332533743071,3.9999999999999996,2.4492361275016075,0.0115,1.0,1
ring,80,0.1,1.5,80,2.0,2.0,160.0,480.0,0.006165332533743071,3.9999999999999996,2.420951789378276,0.009,1.0,2
ring,80,0.1,1.5,80,2.0,2.0,160.0,480.0,0.006165332533743071,3.9999999999999996,2.4104553135162523,0.0095,1.0,3
ring,80,0.1,1.5,80,2.0,2.0,160.0,480.0,0.006165332533743071,3.9999999999999996,2.4612610376276147,0.0035,1.0,4
ring,80,0.1,1.5,80,2.0,2.0,160.0,480.0,0.006165332533743071,3.9999999999999996,2.455095592602043,0.0045,1.0,5
ring,80,0.1,1.5,80,2.0,2.0,160.0,480.0,0.006165332533743071,3.9999999999999996,2.3803626952926913,0.0105,1.0,6
ring,80,0.1,1.5,80,2.0,2.0,160.0,480.0,0.006165332533743071,3.9999999999999996,2.416660452502735,0.0085,1.0,7
ring,80,0.1,1.5,80,2.0,2.0,160.0,480.0,0.006165332533743071,3.9999999999999996,2.348484499548957,0.0195,1.0,8
ring,80,0.1,1.5,80,2.0,2.0,160.0,480.0,0.006165332533743071,3.9999999999999996,2.4098455683249247,0.0115,1.0,9
ring,80,0.1,1.5,80,2.0,2.0,160.0,480.0,0.006165332533743071,3.9999999999999996,2.4094428680603364,0.013,1.0,10
ring,80,0.1,1.5,80,2.0,2.0,160.0,480.0,0.006165332533743071,3.9999999999999996,2.4012202663333424,0.0085,1.0,11
ring,80,0.1,1.5,80,2.0,2.0,160.0,480.0,0.006165332533743071,3.9999999999999996,2.342326637977318,0.015,1.0,12
ring,80,0.1,1.5,80,2.0,2.0,160.0,480.0,0.006165332533743071,3.9999999999999996,2.418070103731786,0.0145,1.0,13
ring,80,0.1,1.5,80,2.0,2.0,160.0,480.0,0.006165332533743071,3.9999999999999996,2.4340941148631186,0.008,1.0,14
ring,80,0.1,1.5,80,2.0,2.0,160.0,480.0,0.006165332533743071,3.9999999999999996,2.4234450800935616,0.005,1.0,15
ring,80,0.1,1.5,80,2.0,2.0,160.0,480.0,0.006165332533743071,3.9999999999999996,2.4394059879951837,0.0075,1.0,16
ring,80,0.1,1.5,80,2.0,2.0,160.0,480.0,0.006165332533743071,3.9999999999999996,2.425083906203075,0.0095,1.0,17
ring,80,0.1,1.5,80,2.0,2.0,160.0,480.0,0.006165332533743071,3.9999999999999996,2.3927801324959868,0.0115,1.0,18
ring,80,0.1,1.5,80,2.0,2.0,160.0,480.0,0.006165332533743071,3.9999999999999996,2.3933985056527214,0.008,1.0,19
ring,80,0.1,2.0,80,2.0,2.0,160.0,480.0,0.006165332533743071,3.9999999999999996,2.446535219574555,0.0065,1.0,0
ring,80,0.1,2.0,80,2.0,2.0,160.0,480.0,0.006165332533743071,3.9999999999999996,2.451367590940275,0.0105,1.0,1
ring,80,0.1,2.0,80,2.0,2.0,160.0,480.0,0.006165332533743071,3.9999999999999996,2.4004943028355346,0.0115,1.0,2
ring,80,0.1,2.0,80,2.0,2.0,160.0,480.0,0.006165332533743071,3.9999999999999996,2.473921333848828,0.01,1.0,3
ring,80,0.1,2.0,80,2.0,2.0,160.0,480.0,0.006165332533743071,3.9999999999999996,2.431073394384548,0.0055,1.0,4
ring,80,0.1,2.0,80,2.0,2.0,160.0,480.0,0.006165332533743071,3.9999999999999996,2.378325623048973,0.014,1.0,5
ring,80,0.1,2.0,80,2.0,2.0,160.0,480.0,0.006165332533743071,3.9999999999999996,2.3717637428879397,0.012,1.0,6
ring,80,0.1,2.0,80,2.0,2.0,160.0,480.0,0.006165332533743071,3.9999999999999996,2.3596294644588465,0.0135,1.0,7
ring,80,0.1,2.0,80,2.0,2.0,160.0,480.0,0.006165332533743071,3.9999999999999996,2.4300946529877936,0.0115,1.0,8
ring,80,0.1,2.0,80,2.0,2.0,160.0,480.0,0.006165332533743071,3.9999999999999996,2.39729620433319,0.01,1.0,9
ring,80,0.1,2.0,80,2.0,2.0,160.0,480.0,0.006165332533743071,3.9999999999999996,2.3858675053830205,0.009,1.0,10
ring,80,0.1,2.0,80,2.0,2.0,160.0,480.0,0.006165332533743071,3.9999999999999996,2.429860747802292,0.0065,1.0,11
ring,80,0.1,2.0,80,2.0,2.0,160.0,480.0,0.006165332533743071,3.9999999999999996,2.379544768183748,0.0095,1.0,12
ring,80,0.1,2.0,80,2.0,2.0,160.0,480.0,0.006165332533743071,3.9999999999999996,2.404108260600864,0.009,1.0,13
ring,80,0.1,2.0,80,2.0,2.0,160.0,480.0,0.006165332533743071,3.9999999999999996,2.4235833628228045,0.0065,1.0,14
ring,80,0.1,2.0,80,2.0,2.0,160.0,480.0,0.006165332533743071,3.9999999999999996,2.4327618796906383,0.008,1.0,15
ring,80,0.1,2.0,80,2.0,2.0,160.0,480.0,0.006165332533743071,3.9999999999999996,2.357401008060613,0.011,1.0,16
ring,80,0.1,2.0,80,2.0,2.0,160.0,480.0,0.006165332533743071,3.9999999999999996,2.48132479268303,0.0085,1.0,17
ring,80,0.1,2.0,80,2.0,2.0,160.0,480.0,0.006165332533743071,3.9999999999999996,2.360048061375554,0.0125,1.0,18
ring,80,0.1,2.0,80,2.0,2.0,160.0,480.0,0.006165332533743071,3.9999999999999996,2.3832293235611672,0.01,1.0,19
ring,80,0.1,3.0,80,2.0,2.0,160.0,480.0,0.006165332533743071,3.9999999999999996,2.3885158434549436,0.013,1.0,0
ring,80,0.1,3.0,80,2.0,2.0,160.0,480.0,0.006165332533743071,3.9999999999999996,2.3884101743455206,0.0135,1.0,1
ring,80,0.1,3.0,80,2.0,2.0,160.0,480.0,0.006165332533743071,3.9999999999999996,2.444175327079907,0.0095,1.0,2
ring,80,0.1,3.0,80,2.0,2.0,160.0,480.0,0.006165332533743071,3.9999999999999996,2.479359981261756,0.0045,1.0,3
ring,80,0.1,3.0,80,2.0,2.0,160.0,480.0,0.006165332533743071,3.9999999999999996,2.37163683265785,0.015,1.0,4
ring,80,0.1,3.0,80,2.0,2.0,160.0,480.0,0.006165332533743071,3.9999999999999996,2.4047385153881478,0.0135,1.0,5
ring,80,0.1,3.0,80,2.0,2.0,160.0,480.0,0.006165332533743071,3.9999999999999996,2.390180684112368,0.0135,1.0,6
ring,80,0.1,3.0,80,2.0,2.0,160.0,480.0,0.006165332533743071,3.9999999999999996,2.4194382467904663,0.009,1.0,7
ring,80,0.1,3.0,80,2.0,2.0,160.0,480.0,0.006165332533743071,3.9999999999999996,2.416763447598622,0.007,1.0,8
ring,80,0.1,3.0,80,2.0,2.0,160.0,480.0,0.006165332533743071,3.9999999999999996,2.410790185386309,0.009,1.0,9
ring,80,0.1,3.0,80,2.0,2.0,160.0,480.0,0.006165332533743071,3.9999999999999996,2.4411442591070887,0.011,1.0,10
ring,80,0.1,3.0,80,2.0,2.0,160.0,480.0,0.006165332533743071,3.9999999999999996,2.4700363530668703,0.007,1.0,11
ring,80,0.1,3.0,80,2.0,2.0,160.0,480.0,0.006165332533743071,3.9999999999999996,2.482391914485924,0.0045,1.0,12
ring,80,0.1,3.0,80,2.0,2.0,160.0,480.0,0.006165332533743071,3.9999999999999996,2.468999046148132,0.0065,1.0,13
ring,80,0.1,3.0,80,2.0,2.0,160.0,480.0,0.006165332533743071,3.9999999999999996,2.481808654707289,0.007,1.0,14
ring,80,0.1,3.0,80,2.0,2.0,160.0,480.0,0.006165332533743071,3.9999999999999996,2.4017274888989024,0.013,1.0,15
ring,80,0.1,3.0,80,2.0,2.0,160.0,480.0,0.006165332533743071,3.9999999999999996,2.4033218473444475,0.009,1.0,16
ring,80,0.1,3.0,80,2.0,2.0,160.0,480.0,0.006165332533743071,3.9999999999999996,2.3632815135876957,0.015,1.0,17
ring,80,0.1,3.0,80,2.0,2.0,160.0,480.0,0.006165332533743071,3.9999999999999996,2.389749609802248,0.0115,1.0,18
ring,80,0.1,3.0,80,2.0,2.0,160.0,480.0,0.006165332533743071,3.9999999999999996,2.40855217995143,0.0115,1.0,19
ring,80,0.2,0.5,80,2.0,2.0,160.0,480.0,0.006165332533743071,3.9999999999999996,9.552900092488215,0.021,0.037,0
ring,80,0.2,0.5,80,2.0,2.0,160.0,480.0,0.006165332533743071,3.9999999999999996,9.753272207946331,0.01,0.026,1
ring,80,0.2,0.5,80,2.0,2.0,160.0,480.0,0.006165332533743071,3.9999999999999996,9.50176559132996,0.0115,0.037,2
ring,80,0.2,0.5,80,2.0,2.0,160.0,480.0,0.006165332533743071,3.9999999999999996,9.65594339378461,0.0065,0.031,3
ring,80,0.2,0.5,80,2.0,2.0,160.0,480.0,0.006165332533743071,3.9999999999999996,9.812027400728388,0.007,0.021,4
ring,80,0.2,0.5,80,2.0,2.0,160.0,480.0,0.006165332533743071,3.9999999999999996,9.970460095788717,0.0035,0.0135,5
ring,80,0.2,0.5,80,2.0,2.0,160.0,480.0,0.006165332533743071,3.9999999999999996,9.9028816402057,0.008,0.017,6
ring,80,0.2,0.5,80,2.0,2.0,160.0,480.0,0.006165332533743071,3.9999999999999996,9.752014740865517,0.0065,0.022,7
ring,80,0.2,0.5,80,2.0,2.0,160.0,480.0,0.006165332533743071,3.9999999999999996,9.739333177930655,0.006,0.0225,8
ring,80,0.2,0.5,80,2.0,2.0,160.0,480.0,0.006165332533743071,3.9999999999999996,9.658519424106835,0.013,0.025,9
ring,80,0.2,0.5,80,2.0,2.0,160.0,480.0,0.006165332533743071,3.9999999999999996,9.651630633870536,0.0075,0.0355,10
ring,80,0.2,0.5,80,2.0,2.0,160.0,480.0,0.006165332533743071,3.9999999999999996,9.521136231229347,0.015,0.038,11
ring,80,0.2,0.5,80,2.0,2.0,160.0,480.0,0.006165332533743071,3.9999999999999996,9.3427843932564,0.019,0.0455,12
ring,80,0.2,0.5,80,2.0,2.0,160.0,480.0,0.006165332533743071,3.9999999999999996,9.65063621198637,0.0085,0.0295,13
ring,80,0.2,0.5,80,2.0,2.0,160.0,480.0,0.006165332533743071,3.9999999999999996,9.537920720320907,0.0115,0.0355,14
ring,80,0.2,0.5,80,2.0,2.0,160.0,480.0,0.006165332533743071,3.9999999999999996,9.75383400246487,0.0095,0.023,15
ring,80,0.2,0.5,80,2.0,2.0,160.0,480.0,0.006165332533743071,3.9999999999999996,9.798466594051002,0.005,0.0315,16
ring,80,0.2,0.5,80,2.0,2.0,160.0,480.0,0.006165332533743071,3.9999999999999996,9.644651913811972,0.0105,0.034,17
ring,80,0.2,0.5,80,2.0,2.0,160.0,480.0,0.006165332533743071,3.9999999999999996,9.794222736196478,0.0065,0.021,18
ring,80,0.2,0.5,80,2.0,2.0,160.0,480.0,0.006165332533743071,3.9999999999999996,9.883442349146994,0.0105,0.0235,19
ring,80,0.2,1.0,80,2.0,2.0,160.0,480.0,0.006165332533743071,3.9999999999999996,9.762795189470038,0.0125,0.1865,0
ring,80,0.2,1.0,80,2.0,2.0,160.0,480.0,0.006165332533743071,3.9999999999999996,9.608047433909546,0.0135,0.2155,1
ring,80,0.2,1.0,80,2.0,2.0,160.0,480.0,0.006165332533743071,3.9999999999999996,9.478334303156531,0.0115,0.229,2
ring,80,0.2,1.0,80,2.0,2.0,160.0,480.0,0.006165332533743071,3.9999999999999996,9.498071550276498,0.0105,0.2385,3
ring,80,0.2,1.0,80,2.0,2.0,160.0,480.0,0.006165332533743071,3.9999999999999996,9.468533930322879,0.012,0.241,4
ring,80,0.2,1.0,80,2.0,2.0,160.0,480.0,0.006165332533743071,3.9999999999999996,9.440286346853858,0.0155,0.2305,5
ring,80,0.2,1.0,80,2.0,2.0,160.0,480.0,0.006165332533743071,3.9999999999999996,9.85358712498515,0.0035,0.1855,6
ring,80,0.2,1.0,80,2.0,2.0,160.0,480.0,0.006165332533743071,3.9999999999999996,9.639104858201025,0.0085,0.189,7
ring,80,0.2,1.0,80,2.0,2.0,160.0,480.0,0.006165332533743071,3.9999999999999996,9.645551592993737,0.01,0.227,8
ring,80,0.2,1.0,80,2.0,2.0,160.0,480.0,0.006165332533743071,3.9999999999999996,9.616419221036214,0.0135,0.229,9
ring,80,0.2,1.0,80,2.0,2.0,160.0,480.0,0.006165332533743071,3.9999999999999996,9.642338005068368,0.0105,0.209,10
ring,80,0.2,1.0,80,2.0,2.0,160.0,480.0,0.006165332533743071,3.9999999999999996,9.724318525671272,0.01,0.203,11
ring,80,0.2,1.0,80,2.0,2.0,160.0,480.0,0.006165332533743071,3.9999999999999996,9.566958963629888,0.0115,0.211,12
ring,80,0.2,1.0,80,2.0,2.0,160.0,480.0,0.006165332533743071,3.9999999999999996,9.61829153586839,0.0135,0.2195,13
ring,80,0.2,1.0,80,2.0,2.0,160.0,480.0,0.006165332533743071,3.9999999999999996,9.764912881726703,0.0095,0.1885,14
ring,80,0.2,1.0,80,2.0,2.0,160.0,480.0,0.006165332533743071,3.9999999999999996,9.87340206964421,0.0105,0.17,15
ring,80,0.2,1.0,80,2.0,2.0,160.0,480.0,0.006165332533743071,3.9999999999999996,9.697635359918907,0.009,0.203,16
ring,80,0.2,1.0,80,2.0,2.0,160.0,480.0,0.006165332533743071,3.9999999999999996,9.87270638863339,0.003,0.176,17
ring,80,0.2,1.0,80,2.0,2.0,160.0,480.0,0.006165332533743071,3.9999999999999996,9.705538663281008,0.0125,0.1885,18
ring,80,0.2,1.0,80,2.0,2.0,160.0,480.0,0.006165332533743071,3.9999999999999996,9.507442327320705,0.011,0.2225,19
ring,80,0.2,1.5,80,2.0,2.0,160.0,480.0,0.006165332533743071,3.9999999999999996,9.737762373931089,0.0075,0.695,0
ring,80,0.2,1.5,80,2.0,2.0,160.0,480.0,0.006165332533743071,3.9999999999999996,9.441006258157666,0.015,0.7705,1
ring,80,0.2,1.5,80,2.0,2.0,160.0,480.0,0.006165332533743071,3.9999999999999996,9.566862666477286,0.0115,0.759,2
ring,80,0.2,1.5,80,2.0,2.0,160.0,480.0,0.006165332533743071,3.9999999999999996,9.675535349264829,0.0065,0.736,3
ring,80,0.2,1.5,80,2.0,2.0,160.0,480.0,0.006165332533743071,3.9999999999999996,9.556043720857959,0.008,0.756,4
ring,80,0.2,1.5,80,2.0,2.0,160.0,480.0,0.006165332533743071,3.9999999999999996,9.656908685911688,0.0085,0.721,5
ring,80,0.2,1.5,80,2.0,2.0,160.0,480.0,0.006165332533743071,3.9999999999999996,9.770922625740932,0.0055,0.696,6
ring,80,0.2,1.5,80,2.0,2.0,160.0,480.0,0.006165332533743071,3.9999999999999996,9.652468738846393,0.0105,0.732,7
ring,80,0.2,1.5,80,2.0,2.0,160.0,480.0,0.006165332533743071,3.9999999999999996,9.449078830685467,0.0135,0.767,8
ring,80,0.2,1.5,80,2.0,2.0,160.0,480.0,0.006165332533743071,3.9999999999999996,9.506490554079155,0.0115,0.745,9
ring,80,0.2,1.5,80,2.0,2.0,160.0,480.0,0.006165332533743071,3.9999999999999996,9.78662845940501,0.007,0.7265,10
ring,80,0.2,1.5,80,2.0,2.0,160.0,480.0,0.006165332533743071,3.9999999999999996,9.658543139937231,0.012,0.7335,11
ring,80,0.2,1.5,80,2.0,2.0,160.0,480.0,0.006165332533743071,3.9999999999999996,9.52724444911695,0.0115,0.747,12
ring,80,0.2,1.5,80,2.0,2.0,160.0,480.0,0.006165332533743071,3.9999999999999996,9.80757021574822,0.0065,0.706,13
ring,80,0.2,1.5,80,2.0,2.0,160.0,480.0,0.006165332533743071,3.9999999999999996,9.76105077027533,0.0085,0.7125,14
ring,80,0.2,1.5,80,2.0,2.0,160.0,480.0,0.006165332533743071,3.9999999999999996,9.771541903145508,0.007,0.7035,15
ring,80,0.2,1.5,80,2.0,2.0,160.0,480.0,0.006165332533743071,3.9999999999999996,9.68430957138303,0.0085,0.734,16
ring,80,0.2,1.5,80,2.0,2.0,160.0,480.0,0.006165332533743071,3.9999999999999996,9.761304734809885,0.007,0.6975,17
ring,80,0.2,1.5,80,2.0,2.0,160.0,480.0,0.006165332533743071,3.9999999999999996,9.43278924150312,0.0115,0.7795,18
ring,80,0.2,1.5,80,2.0,2.0,160.0,480.0,0.006165332533743071,3.9999999999999996,9.647904397703789,0.011,0.728,19
ring,80,0.2,2.0,80,2.0,2.0,160.0,480.0,0.006165332533743071,3.9999999999999996,9.6328598436898,0.01,0.99,0
ring,80,0.2,2.0,80,2.0,2.0,160.0,480.0,0.006165332533743071,3.9999999999999996,9.443228010818935,0.0165,0.9915,1
ring,80,0.2,2.0,80,2.0,2.0,160.0,480.0,0.006165332533743071,3.9999999999999996,9.498049998364232,0.0115,0.9935,2
ring,80,0.2,2.0,80,2.0,2.0,160.0,480.0,0.006165332533743071,3.9999999999999996,9.80570863058466,0.008,0.9815,3
ring,80,0.2,2.0,80,2.0,2.0,160.0,480.0,0.006165332533743071,3.9999999999999996,9.455485722995034,0.015,0.994,4
ring,80,0.2,2.0,80,2.0,2.0,160.0,480.0,0.006165332533743071,3.9999999999999996,9.84462961916644,0.008,0.984,5
ring,80,0.2,2.0,80,2.0,2.0,160.0,480.0,0.006165332533743071,3.9999999999999996,9.573019913311159,0.0105,0.9945,6
ring,80,0.2,2.0,80,2.0,2.0,160.0,480.0,0.006165332533743071,3.9999999999999996,9.636951318094004,0.015,0.993,7
ring,80,0.2,2.0,80,2.0,2.0,160.0,480.0,0.006165332533743071,3.9999999999999996,9.688957623595536,0.008,0.9875,8
ring,80,0.2,2.0,80,2.0,2.0,160.0,480.0,0.006165332533743071,3.9999999999999996,9.616469127682043,0.009,0.9885,9
ring,80,0.2,2.0,80,2.0,2.0,160.0,480.0,0.006165332533743071,3.9999999999999996,9.668175441242147,0.009,0.9895,10
ring,80,0.2,2.0,80,2.0,2.0,160.0,480.0,0.006165332533743071,3.9999999999999996,9.835942225381745,0.007,0.9845,11
ring,80,0.2,2.0,80,2.0,2.0,160.0,480.0,0.006165332533743071,3.9999999999999996,9.768031067980665,0.011,0.979,12
ring,80,0.2,2.0,80,2.0,2.0,160.0,480.0,0.006165332533743071,3.9999999999999996,9.73332008429454,0.007,0.987,13
ring,80,0.2,2.0,80,2.0,2.0,160.0,480.0,0.006165332533743071,3.9999999999999996,9.501708198036846,0.0115,0.9885,14
ring,80,0.2,2.0,80,2.0,2.0,160.0,480.0,0.006165332533743071,3.9999999999999996,9.409986466780818,0.019,0.991,15
ring,80,0.2,2.0,80,2.0,2.0,160.0,480.0,0.006165332533743071,3.9999999999999996,9.606847240208088,0.0155,0.988,16
ring,80,0.2,2.0,80,2.0,2.0,160.0,480.0,0.006165332533743071,3.9999999999999996,9.720173889015314,0.0125,0.988,17
ring,80,0.2,2.0,80,2.0,2.0,160.0,480.0,0.006165332533743071,3.9999999999999996,9.679781344124116,0.0065,0.9845,18
ring,80,0.2,2.0,80,2.0,2.0,160.0,480.0,0.006165332533743071,3.9999999999999996,9.721396225599651,0.011,0.987,19
ring,80,0.2,3.0,80,2.0,2.0,160.0,480.0,0.006165332533743071,3.9999999999999996,9.565760354287931,0.016,1.0,0
ring,80,0.2,3.0,80,2.0,2.0,160.0,480.0,0.006165332533743071,3.9999999999999996,9.495093707322086,0.0155,1.0,1
ring,80,0.2,3.0,80,2.0,2.0,160.0,480.0,0.006165332533743071,3.9999999999999996,9.618106843565325,0.011,1.0,2
ring,80,0.2,3.0,80,2.0,2.0,160.0,480.0,0.006165332533743071,3.9999999999999996,9.462168954028263,0.0175,1.0,3
ring,80,0.2,3.0,80,2.0,2.0,160.0,480.0,0.006165332533743071,3.9999999999999996,9.610513538481092,0.0075,1.0,4
ring,80,0.2,3.0,80,2.0,2.0,160.0,480.0,0.006165332533743071,3.9999999999999996,9.524788373148471,0.01,1.0,5
ring,80,0.2,3.0,80,2.0,2.0,160.0,480.0,0.006165332533743071,3.9999999999999996,9.742321651112189,0.009,1.0,6
ring,80,0.2,3.0,80,2.0,2.0,160.0,480.0,0.006165332533743071,3.9999999999999996,9.470755972412617,0.018,1.0,7
ring,80,0.2,3.0,80,2.0,2.0,160.0,480.0,0.006165332533743071,3.9999999999999996,9.796503055691767,0.0075,1.0,8
ring,80,0.2,3.0,80,2.0,2.0,160.0,480.0,0.006165332533743071,3.9999999999999996,9.475351792213326,0.015,1.0,9
ring,80,0.2,3.0,80,2.0,2.0,160.0,480.0,0.006165332533743071,3.9999999999999996,9.670981330228505,0.01,1.0,10
ring,80,0.2,3.0,80,2.0,2.0,160.0,480.0,0.006165332533743071,3.9999999999999996,9.594001828383535,0.0095,1.0,11
ring,80,0.2,3.0,80,2.0,2.0,160.0,480.0,0.006165332533743071,3.9999999999999996,9.631400496983966,0.009,1.0,12
ring,80,0.2,3.0,80,2.0,2.0,160.0,480.0,0.006165332533743071,3.9999999999999996,9.559825916089444,0.013,1.0,13
ring,80,0.2,3.0,80,2.0,2.0,160.0,480.0,0.006165332533743071,3.9999999999999996,9.82327493669107,0.01,1.0,14
ring,80,0.2,3.0,80,2.0,2.0,160.0,480.0,0.006165332533743071,3.9999999999999996,9.767788258357545,0.01,1.0,15
ring,80,0.2,3.0,80,2.0,2.0,160.0,480.0,0.006165332533743071,3.9999999999999996,9.63239659236458,0.0095,1.0,16
ring,80,0.2,3.0,80,2.0,2.0,160.0,480.0,0.006165332533743071,3.9999999999999996,9.469700562022924,0.013,1.0,17
ring,80,0.2,3.0,80,2.0,2.0,160.0,480.0,0.006165332533743071,3.9999999999999996,9.606448467443055,0.0085,1.0,18
ring,80,0.2,3.0,80,2.0,2.0,160.0,480.0,0.006165332533743071,3.9999999999999996,9.724284889618012,0.0065,1.0,19
ring,80,0.3,0.5,80,2.0,2.0,160.0,480.0,0.006165332533743071,3.9999999999999996,22.153333842870733,0.007,0.009,0
ring,80,0.3,0.5,80,2.0,2.0,160.0,480.0,0.006165332533743071,3.9999999999999996,21.781196183003217,0.0125,0.017,1
ring,80,0.3,0.5,80,2.0,2.0,160.0,480.0,0.006165332533743071,3.9999999999999996,21.681161495088737,0.0095,0.0175,2
ring,80,0.3,0.5,80,2.0,2.0,160.0,480.0,0.006165332533743071,3.9999999999999996,22.116454594460336,0.0075,0.015,3
ring,80,0.3,0.5,80,2.0,2.0,160.0,480.0,0.006165332533743071,3.9999999999999996,21.890071861352943,0.0075,0.012,4
ring,80,0.3,0.5,80,2.0,2.0,160.0,480.0,0.006165332533743071,3.9999999999999996,22.2587048341823,0.008,0.014,5
ring,80,0.3,0.5,80,2.0,2.0,160.0,480.0,0.006165332533743071,3.9999999999999996,21.486719852513712,0.0095,0.015,6
ring,80,0.3,0.5,80,2.0,2.0,160.0,480.0,0.006165332533743071,3.9999999999999996,21.842570636458888,0.0115,0.014,7
ring,80,0.3,0.5,80,2.0,2.0,160.0,480.0,0.006165332533743071,3.9999999999999996,21.148892384269946,0.015,0.023,8
ring,80,0.3,0.5,80,2.0,2.0,160.0,480.0,0.006165332533743071,3.9999999999999996,22.25636151427304,0.0045,0.0105,9
ring,80,0.3,0.5,80,2.0,2.0,160.0,480.0,0.006165332533743071,3.9999999999999996,21.830644722742772,0.006,0.017,10
ring,80,0.3,0.5,80,2.0,2.0,160.0,480.0,0.006165332533743071,3.9999999999999996,21.350549760400526,0.0205,0.0175,11
ring,80,0.3,0.5,80,2.0,2.0,160.0,480.0,0.006165332533743071,3.9999999999999996,22.032163655402307,0.007,0.017,12
ring,80,0.3,0.5,80,2.0,2.0,160.0,480.0,0.006165332533743071,3.9999999999999996,21.13649680915449,0.018,0.025,13
ring,80,0.3,0.5,80,2.0,2.0,160.0,480.0,0.006165332533743071,3.9999999999999996,21.9584157497471,0.0105,0.0135,14
ring,80,0.3,0.5,80,2.0,2.0,160.0,480.0,0.006165332533743071,3.9999999999999996,21.909870425706192,0.0065,0.0115,15
ring,80,0.3,0.5,80,2.0,2.0,160.0,480.0,0.006165332533743071,3.9999999999999996,21.350354581269777,0.016,0.014,16
ring,80,0.3,0.5,80,2.0,2.0,160.0,480.0,0.006165332533743071,3.9999999999999996,21.634272025761653,0.0085,0.0135,17
ring,80,0.3,0.5,80,2.0,2.0,160.0,480.0,0.006165332533743071,3.9999999999999996,22.02293384025965,0.013,0.014,18
ring,80,0.3,0.5,80,2.0,2.0,160.0,480.0,0.006165332533743071,3.9999999999999996,21.680032061775762,0.0085,0.024,19
ring,80,0.3,1.0,80,2.0,2.0,160.0,480.0,0.006165332533743071,3.9999999999999996,21.525207153973362,0.01,0.068,0
ring,80,0.3,1.0,80,2.0,2.0,160.0,480.0,0.006165332533743071,3.9999999999999996,21.554285711353295,0.014,0.0595,1
ring,80,0.3,1.0,80,2.0,2.0,160.0,480.0,0.006165332533743071,3.9999999999999996,21.858994647632453,0.0075,0.0455,2
ring,80,0.3,1.0,80,2.0,2.0,160.0,480.0,0.006165332533743071,3.9999999999999996,21.540241059570327,0.0105,0.0555,3
ring,80,0.3,1.0,80,2.0,2.0,160.0,480.0,0.006165332533743071,3.9999999999999996,21.287171385093128,0.0155,0.071,4
ring,80,0.3,1.0,80,2.0,2.0,160.0,480.0,0.006165332533743071,3.9999999999999996,22.090937216391307,0.007,0.0555,5
ring,80,0.3,1.0,80,2.0,2.0,160.0,480.0,0.006165332533743071,3.9999999999999996,21.535188347220366,0.012,0.066,6
ring,80,0.3,1.0,80,2.0,2.0,160.0,480.0,0.006165332533743071,3.9999999999999996,21.660816223164545,0.0115,0.059,7
ring,80,0.3,1.0,80,2.0,2.0,160.0,480.0,0.006165332533743071,3.9999999999999996,22.051390612397192,0.004,0.05,8
ring,80,0.3,1.0,80,2.0,2.0,160.0,480.0,0.006165332533743071,3.9999999999999996,21.44978408361577,0.016,0.0635,9
ring,80,0.3,1.0,80,2.0,2.0,160.0,480.0,0.006165332533743071,3.9999999999999996,21.64638986784459,0.01,0.056,10
ring,80,0.3,1.0,80,2.0,2.0,160.0,480.0,0.006165332533743071,3.9999999999999996,22.042257902555782,0.007,0.0515,11
ring,80,0.3,1.0,80,2.0,2.0,160.0,480.0,0.006165332533743071,3.9999999999999996,21.677080383788542,0.0115,0.0535,12
ring,80,0.3,1.0,80,2.0,2.0,160.0,480.0,0.006165332533743071,3.9999999999999996,21.559524642320564,0.0095,0.0495,13
ring,80,0.3,1.0,80,2.0,2.0,160.0,480.0,0.006165332533743071,3.9999999999999996,21.786503145277763,0.009,0.0455,14
ring,80,0.3,1.0,80,2.0,2.0,160.0,480.0,0.006165332533743071,3.9999999999999996,21.680830924304278,0.009,0.0615,15
ring,80,0.3,1.0,80,2.0,2.0,160.0,480.0,0.006165332533743071,3.9999999999999996,21.71827987575561,0.012,0.061,16
ring,80,0.3,1.0,80,2.0,2.0,160.0,480.0,0.006165332533743071,3.9999999999999996,21.5462343942965,0.0065,0.0675,17
ring,80,0.3,1.0,80,2.0,2.0,160.0,480.0,0.006165332533743071,3.9999999999999996,21.817030045435448,0.012,0.0535,18
ring,80,0.3,1.0,80,2.0,2.0,160.0,480.0,0.006165332533743071,3.9999999999999996,21.672208418481944,0.0125,0.0575,19
ring,80,0.3,1.5,80,2.0,2.0,160.0,480.0,0.006165332533743071,3.9999999999999996,22.092784218260284,0.0055,0.1775,0
ring,80,0.3,1.5,80,2.0,2.0,160.0,480.0,0.006165332533743071,3.9999999999999996,21.67148122293125,0.0105,0.2215,1
ring,80,0.3,1.5,80,2.0,2.0,160.0,480.0,0.006165332533743071,3.9999999999999996,22.23722038310001,0.0095,0.1665,2
ring,80,0.3,1.5,80,2.0,2.0,160.0,480.0,0.006165332533743071,3.9999999999999996,21.863968313191183,0.01,0.1965,3
ring,80,0.3,1.5,80,2.0,2.0,160.0,480.0,0.006165332533743071,3.9999999999999996,21.385775847637472,0.0125,0.2295,4
ring,80,0.3,1.5,80,2.0,2.0,160.0,480.0,0.006165332533743071,3.9999999999999996,21.858458609620804,0.006,0.192,5
ring,80,0.3,1.5,80,2.0,2.0,160.0,480.0,0.006165332533743071,3.9999999999999996,21.920995639279546,0.0115,0.1835,6
ring,80,0.3,1.5,80,2.0,2.0,160.0,480.0,0.006165332533743071,3.9999999999999996,21.475788907878112,0.0085,0.2175,7
ring,80,0.3,1.5,80,2.0,2.0,160.0,480.0,0.006165332533743071,3.9999999999999996,21.022256988557924,0.0185,0.268,8
ring,80,0.3,1.5,80,2.0,2.0,160.0,480.0,0.006165332533743071,3.9999999999999996,22.062696058037453,0.0045,0.1885,9
ring,80,0.3,1.5,80,2.0,2.0,160.0,480.0,0.006165332533743071,3.9999999999999996,22.69772216763152,0.007,0.1455,10
ring,80,0.3,1.5,80,2.0,2.0,160.0,480.0,0.006165332533743071,3.9999999999999996,21.970752587871733,0.008,0.1795,11
ring,80,0.3,1.5,80,2.0,2.0,160.0,480.0,0.006165332533743071,3.9999999999999996,21.630798293476694,0.015,0.2045,12
ring,80,0.3,1.5,80,2.0,2.0,160.0,480.0,0.006165332533743071,3.9999999999999996,21.969182584054195,0.008,0.185,13
ring,80,0.3,1.5,80,2.0,2.0,160.0,480.0,0.006165332533743071,3.9999999999999996,21.350605859154157,0.009,0.239,14
ring,80,0.3,1.5,80,2.0,2.0,160.0,480.0,0.006165332533743071,3.9999999999999996,22.114155436217626,0.0075,0.1865,15
ring,80,0.3,1.5,80,2.0,2.0,160.0,480.0,0.006165332533743071,3.9999999999999996,21.73822853361648,0.0135,0.2215,16
ring,80,0.3,1.5,80,2.0,2.0,160.0,480.0,0.006165332533743071,3.9999999999999996,22.015042229464147,0.0075,0.192,17
ring,80,0.3,1.5,80,2.0,2.0,160.0,480.0,0.006165332533743071,3.9999999999999996,21.616180720742157,0.0125,0.209,18
ring,80,0.3,1.5,80,2.0,2.0,160.0,480.0,0.006165332533743071,3.9999999999999996,21.94884076050302,0.009,0.177,19
ring,80,0.3,2.0,80,2.0,2.0,160.0,480.0,0.006165332533743071,3.9999999999999996,21.837069527473336,0.011,0.5595,0
ring,80,0.3,2.0,80,2.0,2.0,160.0,480.0,0.006165332533743071,3.9999999999999996,21.87021076553394,0.013,0.5045,1
ring,80,0.3,2.0,80,2.0,2.0,160.0,480.0,0.006165332533743071,3.9999999999999996,21.447355606910676,0.0155,0.5685,2
ring,80,0.3,2.0,80,2.0,2.0,160.0,480.0,0.006165332533743071,3.9999999999999996,21.489052336285525,0.009,0.5775,3
ring,80,0.3,2.0,80,2.0,2.0,160.0,480.0,0.006165332533743071,3.9999999999999996,21.95222890761796,0.0085,0.505,4
ring,80,0.3,2.0,80,2.0,2.0,160.0,480.0,0.006165332533743071,3.9999999999999996,21.193920678665467,0.0165,0.5915,5
ring,80,0.3,2.0,80,2.0,2.0,160.0,480.0,0.006165332533743071,3.9999999999999996,22.0097395373824,0.007,0.503,6
ring,80,0.3,2.0,80,2.0,2.0,160.0,480.0,0.006165332533743071,3.9999999999999996,22.044230597407864,0.012,0.518,7
ring,80,0.3,2.0,80,2.0,2.0,160.0,480.0,0.006165332533743071,3.9999999999999996,21.679731417438273,0.0085,0.5525,8
ring,80,0.3,2.0,80,2.0,2.0,160.0,480.0,0.006165332533743071,3.9999999999999996,21.64782000724574,0.008,0.549,9
ring,80,0.3,2.0,80,2.0,2.0,160.0,480.0,0.006165332533743071,3.9999999999999996,21.52993022761851,0.013,0.5575,10
ring,80,0.3,2.0,80,2.0,2.0,160.0,480.0,0.006165332533743071,3.9999999999999996,21.680392093915103,0.008,0.5575,11
ring,80,0.3,2.0,80,2.0,2.0,160.0,480.0,0.006165332533743071,3.9999999999999996,21.388219134694538,0.013,0.593,12
ring,80,0.3,2.0,80,2.0,2.0,160.0,480.0,0.006165332533743071,3.9999999999999996,21.614143868886636,0.0115,0.5715,13
ring,80,0.3,2.0,80,2.0,2.0,160.0,480.0,0.006165332533743071,3.9999999999999996,21.58889853476741,0.0045,0.5445,14
ring,80,0.3,2.0,80,2.0,2.0,160.0,480.0,0.006165332533743071,3.9999999999999996,22.070182971319895,0.0115,0.519,15
ring,80,0.3,2.0,80,2.0,2.0,160.0,480.0,0.006165332533743071,3.9999999999999996,21.54861184882771,0.008,0.568,16
ring,80,0.3,2.0,80,2.0,2.0,160.0,480.0,0.006165332533743071,3.9999999999999996,21.614867162165908,0.01,0.5565,17
ring,80,0.3,2.0,80,2.0,2.0,160.0,480.0,0.006165332533743071,3.9999999999999996,22.474704401687198,0.009,0.474,18
ring,80,0.3,2.0,80,2.0,2.0,160.0,480.0,0.006165332533743071,3.9999999999999996,22.38855348785969,0.0085,0.486,19
ring,80,0.3,3.0,80,2.0,2.0,160.0,480.0,0.006165332533743071,3.9999999999999996,21.97780760257167,0.0085,0.981,0
ring,80,0.3,3.0,80,2.0,2.0,160.0,480.0,0.006165332533743071,3.9999999999999996,21.51202288622809,0.009,0.9915,1
ring,80,0.3,3.0,80,2.0,2.0,160.0,480.0,0.006165332533743071,3.9999999999999996,21.405205848666,0.0105,0.9915,2
ring,80,0.3,3.0,80,2.0,2.0,160.0,480.0,0.006165332533743071,3.9999999999999996,21.670128488761463,0.0135,0.99,3
ring,80,0.3,3.0,80,2.0,2.0,160.0,480.0,0.006165332533743071,3.9999999999999996,22.160737675222727,0.0055,0.9845,4
ring,80,0.3,3.0,80,2.0,2.0,160.0,480.0,0.006165332533743071,3.9999999999999996,21.71444619981803,0.01,0.99,5
ring,80,0.3,3.0,80,2.0,2.0,160.0,480.0,0.006165332533743071,3.9999999999999996,21.52820331728627,0.009,0.993,6
ring,80,0.3,3.0,80,2.0,2.0,160.0,480.0,0.006165332533743071,3.9999999999999996,21.021706356674095,0.018,0.996,7
ring,80,0.3,3.0,80,2.0,2.0,160.0,480.0,0.006165332533743071,3.9999999999999996,21.711687128462458,0.0115,0.9915,8
ring,80,0.3,3.0,80,2.0,2.0,160.0,480.0,0.006165332533743071,3.9999999999999996,21.517932779657226,0.0085,0.988,9
ring,80,0.3,3.0,80,2.0,2.0,160.0,480.0,0.006165332533743071,3.9999999999999996,21.501450812698504,0.0105,0.995,10
ring,80,0.3,3.0,80,2.0,2.0,160.0,480.0,0.006165332533743071,3.9999999999999996,21.230246430603245,0.0105,0.988,11
ring,80,0.3,3.0,80,2.0,2.0,160.0,480.0,0.006165332533743071,3.9999999999999996,22.26467190640943,0.0025,0.9775,12
ring,80,0.3,3.0,80,2.0,2.0,160.0,480.0,0.006165332533743071,3.9999999999999996,21.99314682507859,0.009,0.9865,13
ring,80,0.3,3.0,80,2.0,2.0,160.0,480.0,0.006165332533743071,3.9999999999999996,22.339703916864874,0.0055,0.9885,14
ring,80,0.3,3.0,80,2.0,2.0,160.0,480.0,0.006165332533743071,3.9999999999999996,21.617501740165803,0.009,0.988,15
ring,80,0.3,3.0,80,2.0,2.0,160.0,480.0,0.006165332533743071,3.9999999999999996,22.10781593160283,0.008,0.988,16
ring,80,0.3,3.0,80,2.0,2.0,160.0,480.0,0.006165332533743071,3.9999999999999996,21.36499804105212,0.012,0.9935,17
ring,80,0.3,3.0,80,2.0,2.0,160.0,480.0,0.006165332533743071,3.9999999999999996,21.79497761490355,0.01,0.986,18
ring,80,0.3,3.0,80,2.0,2.0,160.0,480.0,0.006165332533743071,3.9999999999999996,21.62797096381485,0.0135,0.989,19
grid,10,0.1,0.5,13,2.6,2.6075,26.0,98.0,0.45685272851040637,5.941623247098443,0.6710685141952842,0.019,0.711,0
grid,10,0.1,0.5,13,2.6,2.584,26.0,98.0,0.45685272851040637,5.941623247098443,0.6906106948412608,0.0055,0.6885,1
grid,10,0.1,0.5,13,2.6,2.6065,26.0,98.0,0.45685272851040637,5.941623247098443,0.7053377465031798,0.011,0.647,2
grid,10,0.1,0.5,13,2.6,2.6145,26.0,98.0,0.45685272851040637,5.941623247098443,0.6923776565342111,0.009,0.677,3
grid,10,0.1,0.5,13,2.6,2.595,26.0,98.0,0.45685272851040637,5.941623247098443,0.7244419159192195,0.0085,0.6495,4
grid,10,0.1,0.5,13,2.6,2.6005,26.0,98.0,0.45685272851040637,5.941623247098443,0.6768363210075294,0.018,0.6985,5
grid,10,0.1,0.5,13,2.6,2.591,26.0,98.0,0.45685272851040637,5.941623247098443,0.678888393948324,0.0165,0.697,6
grid,10,0.1,0.5,13,2.6,2.6115,26.0,98.0,0.45685272851040637,5.941623247098443,0.7165637747481377,0.0075,0.6665,7
grid,10,0.1,0.5,13,2.6,2.613,26.0,98.0,0.45685272851040637,5.941623247098443,0.7265646791103839,0.01,0.6515,8
grid,10,0.1,0.5,13,2.6,2.622,26.0,98.0,0.45685272851040637,5.941623247098443,0.7324294183319792,0.0055,0.6495,9
grid,10,0.1,0.5,13,2.6,2.6075,26.0,98.0,0.45685272851040637,5.941623247098443,0.7231285856809575,0.0075,0.6495,10
grid,10,0.1,0.5,13,2.6,2.6025,26.0,98.0,0.45685272851040637,5.941623247098443,0.7164639306478607,0.0085,0.642,11
grid,10,0.1,0.5,13,2.6,2.588,26.0,98.0,0.45685272851040637,5.941623247098443,0.7211974876965888,0.009,0.6295,12
grid,10,0.1,0.5,13,2.6,2.622,26.0,98.0,0.45685272851040637,5.941623247098443,0.6990958774975528,0.01,0.678,13
grid,10,0.1,0.5,13,2.6,2.6105,26.0,98.0,0.45685272851040637,5.941623247098443,0.7413197353239417,0.006,0.62,14
grid,10,0.1,0.5,13,2.6,2.6155,26.0,98.0,0.45685272851040637,5.941623247098443,0.6993825191264738,0.0095,0.7005,15
grid,10,0.1,0.5,13,2.6,2.583,26.0,98.0,0.45685272851040637,5.941623247098443,0.6506213104086522,0.016,0.721,16
grid,10,0.1,0.5,13,2.6,2.5985,26.0,98.0,0.45685272851040637,5.941623247098443,0.6796780016455592,0.0095,0.6785,17
grid,10,0.1,0.5,13,2.6,2.5855,26.0,98.0,0.45685272851040637,5.941623247098443,0.6994440549120108,0.0105,0.6735,18
grid,10,0.1,0.5,13,2.6,2.615,26.0,98.0,0.45685272851040637,5.941623247098443,0.6934000427385123,0.01,0.6945,19
grid,10,0.1,1.0,13,2.6,2.6215,26.0,98.0,0.45685272851040637,5.941623247098443,0.7044744596026111,0.013,1.0,0
grid,10,0.1,1.0,13,2.6,2.604,26.0,98.0,0.45685272851040637,5.941623247098443,0.7399800806058751,0.01,1.0,1
grid,10,0.1,1.0,13,2.6,2.576,26.0,98.0,0.45685272851040637,5.941623247098443,0.6680593499948567,0.0145,1.0,2
grid,10,0.1,1.0,13,2.6,2.5995,26.0,98.0,0.45685272851040637,5.941623247098443,0.7235389440534814,0.012,1.0,3
grid,10,0.1,1.0,13,2.6,2.59,26.0,98.0,0.45685272851040637,5.941623247098443,0.7369418808605874,0.0065,1.0,4
grid,10,0.1,1.0,13,2.6,2.591,26.0,98.0,0.45685272851040637,5.941623247098443,0.7356591949669792,0.01,1.0,5
grid,10,0.1,1.0,13,2.6,2.616,26.0,98.0,0.45685272851040637,5.941623247098443,0.6597737483213344,0.013,1.0,6
grid,10,0.1,1.0,13,2.6,2.597,26.0,98.0,0.45685272851040637,5.941623247098443,0.7141692513693491,0.0095,1.0,7
grid,10,0.1,1.0,13,2.6,2.602,26.0,98.0,0.45685272851040637,5.941623247098443,0.7424033020556249,0.008,1.0,8
grid,10,0.1,1.0,13,2.6,2.6075,26.0,98.0,0.45685272851040637,5.941623247098443,0.7118313898818547,0.0055,1.0,9
grid,10,0.1,1.0,13,2.6,2.567,26.0,98.0,0.45685272851040637,5.941623247098443,0.6952405310102621,0.014,1.0,10
grid,10,0.1,1.0,13,2.6,2.613,26.0,98.0,0.45685272851040637,5.941623247098443,0.7448374071472396,0.0095,1.0,11
grid,10,0.1,1.0,13,2.6,2.6,26.0,98.0,0.45685272851040637,5.941623247098443,0.7117212653256335,0.009,1.0,12
grid,10,0.1,1.0,13,2.6,2.585,26.0,98.0,0.45685272851040637,5.941623247098443,0.6480234739955922,0.02,1.0,13
grid,10,0.1,1.0,13,2.6,2.598,26.0,98.0,0.45685272851040637,5.941623247098443,0.7306717908254065,0.009,1.0,14
grid,10,0.1,1.0,13,2.6,2.6255,26.0,98.0,0.45685272851040637,5.941623247098443,0.6970939759114146,0.013,1.0,15
grid,10,0.1,1.0,13,2.6,2.582,26.0,98.0,0.45685272851040637,5.941623247098443,0.6872315843773181,0.0155,1.0,16
grid,10,0.1,1.0,13,2.6,2.5815,26.0,98.0,0.45685272851040637,5.941623247098443,0.6874653738937169,0.012,1.0,17
grid,10,0.1,1.0,13,2.6,2.5905,26.0,98.0,0.45685272851040637,5.941623247098443,0.7238574853313214,0.009,1.0,18
grid,10,0.1,1.0,13,2.6,2.59,26.0,98.0,0.45685272851040637,5.941623247098443,0.6830472121398673,0.012,1.0,19
grid,10,0.1,1.5,13,2.6,2.5945,26.0,98.0,0.45685272851040637,5.941623247098443,0.6755941708852967,0.0105,1.0,0
grid,10,0.1,1.5,13,2.6,2.5915,26.0,98.0,0.45685272851040637,5.941623247098443,0.7012230679395804,0.0085,1.0,1
grid,10,0.1,1.5,13,2.6,2.588,26.0,98.0,0.45685272851040637,5.941623247098443,0.7153579416717806,0.007,1.0,2
grid,10,0.1,1.5,13,2.6,2.6055,26.0,98.0,0.45685272851040637,5.941623247098443,0.6600089312341025,0.017,1.0,3
grid,10,0.1,1.5,13,2.6,2.61,26.0,98.0,0.45685272851040637,5.941623247098443,0.6972559389096595,0.013,1.0,4
grid,10,0.1,1.5,13,2.6,2.6015,26.0,98.0,0.45685272851040637,5.941623247098443,0.6961236213081348,0.009,1.0,5
grid,10,0.1,1.5,13,2.6,2.59,26.0,98.0,0.45685272851040637,5.941623247098443,0.6389990836533053,0.017,1.0,6
grid,10,0.1,1.5,13,2.6,2.595,26.0,98.0,0.45685272851040637,5.941623247098443,0.7099407698828815,0.01,1.0,7
grid,10,0.1,1.5,13,2.6,2.6155,26.0,98.0,0.45685272851040637,5.941623247098443,0.701948154603331,0.0085,1.0,8
grid,10,0.1,1.5,13,2.6,2.6055,26.0,98.0,0.45685272851040637,5.941623247098443,0.6963454379037185,0.006,1.0,9
grid,10,0.1,1.5,13,2.6,2.594,26.0,98.0,0.45685272851040637,5.941623247098443,0.6918779348120615,0.01,1.0,10
grid,10,0.1,1.5,13,2.6,2.6005,26.0,98.0,0.45685272851040637,5.941623247098443,0.7112485557451282,0.0045,1.0,11
grid,10,0.1,1.5,13,2.6,2.604,26.0,98.0,0.45685272851040637,5.941623247098443,0.6821670219660018,0.0125,1.0,12
grid,10,0.1,1.5,13,2.6,2.58,26.0,98.0,0.45685272851040637,5.941623247098443,0.725087373292097,0.0095,1.0,13
grid,10,0.1,1.5,13,2.6,2.619,26.0,98.0,0.45685272851040637,5.941623247098443,0.7061046980495087,0.0095,1.0,14
grid,10,0.1,1.5,13,2.6,2.593,26.0,98.0,0.45685272851040637,5.941623247098443,0.6959856445799861,0.009,1.0,15
grid,10,0.1,1.5,13,2.6,2.5895,26.0,98.0,0.45685272851040637,5.941623247098443,0.68093860651987,0.013,1.0,16
grid,10,0.1,1.5,13,2.6,2.576,26.0,98.0,0.45685272851040637,5.941623247098443,0.7104984110067974,0.0075,1.0,17
grid,10,0.1,1.5,13,2.6,2.5865,26.0,98.0,0.45685272851040637,5.941623247098443,0.7096135362960337,0.0105,1.0,18
grid,10,0.1,1.5,13,2.6,2.588,26.0,98.0,0.45685272851040637,5.941623247098443,0.7437127352458016,0.01,1.0,19
grid,10,0.1,2.0,13,2.6,2.5815,26.0,98.0,0.45685272851040637,5.941623247098443,0.7024322949471167,0.009,1.0,0
grid,10,0.1,2.0,13,2.6,2.62,26.0,98.0,0.45685272851040637,5.941623247098443,0.6599791777957891,0.011,1.0,1
grid,10,0.1,2.0,13,2.6,2.617,26.0,98.0,0.45685272851040637,5.941623247098443,0.7418805428775638,0.005,1.0,2
grid,10,0.1,2.0,13,2.6,2.599,26.0,98.0,0.45685272851040637,5.941623247098443,0.731489159779541,0.007,1.0,3
grid,10,0.1,2.0,13,2.6,2.597,26.0,98.0,0.45685272851040637,5.941623247098443,0.7025358336317583,0.0115,1.0,4
grid,10,0.1,2.0,13,2.6,2.624,26.0,98.0,0.45685272851040637,5.941623247098443,0.6641998634068991,0.013,1.0,5
grid,10,0.1,2.0,13,2.6,2.5925,26.0,98.0,0.45685272851040637,5.941623247098443,0.686440474072531,0.014,1.0,6
grid,10,0.1,2.0,13,2.6,2.585,26.0,98.0,0.45685272851040637,5.941623247098443,0.6993391145559628,0.012,1.0,7
grid,10,0.1,2.0,13,2.6,2.5835,26.0,98.0,0.45685272851040637,5.941623247098443,0.7244807289467842,0.012,1.0,8
grid,10,0.1,2.0,13,2.6,2.6065,26.0,98.0,0.45685272851040637,5.941623247098443,0.6677124854420735,0.0145,1.0,9
grid,10,0.1,2.0,13,2.6,2.61,26.0,98.0,0.45685272851040637,5.941623247098443,0.70580072466654,0.009,1.0,10
grid,10,0.1,2.0,13,2.6,2.6105,26.0,98.0,0.45685272851040637,5.941623247098443,0.6860521492972851,0.0105,1.0,11
grid,10,0.1,2.0,13,2.6,2.595,26.0,98.0,0.45685272851040637,5.941623247098443,0.6992605468821184,0.008,1.0,12
grid,10,0.1,2.0,13,2.6,2.589,26.0,98.0,0.45685272851040637,5.941623247098443,0.7244340829174222,0.007,1.0,13
grid,10,0.1,2.0,13,2.6,2.583,26.0,98.0,0.45685272851040637,5.941623247098443,0.7058284074249446,0.0155,1.0,14
grid,10,0.1,2.0,13,2.6,2.608,26.0,98.0,0.45685272851040637,5.941623247098443,0.7353905764220314,0.0115,1.0,15
grid,10,0.1,2.0,13,2.6,2.601,26.0,98.0,0.45685272851040637,5.941623247098443,0.7409279343613887,0.0095,1.0,16
grid,10,0.1,2.0,13,2.6,2.575,26.0,98.0,0.45685272851040637,5.941623247098443,0.711152037672914,0.0055,1.0,17
grid,10,0.1,2.0,13,2.6,2.6075,26.0,98.0,0.45685272851040637,5.941623247098443,0.7086187753976838,0.0055,1.0,18
grid,10,0.1,2.0,13,2.6,2.5995,26.0,98.0,0.45685272851040637,5.941623247098443,0.7467838391208613,0.0065,1.0,19
grid,10,0.1,3.0,13,2.6,2.6235,26.0,98.0,0.45685272851040637,5.941623247098443,0.6709664499932981,0.0145,1.0,0
grid,10,0.1,3.0,13,2.6,2.6045,26.0,98.0,0.45685272851040637,5.941623247098443,0.6916702572656441,0.0115,1.0,1
grid,10,0.1,3.0,13,2.6,2.602,26.0,98.0,0.45685272851040637,5.941623247098443,0.6729447034648002,0.016,1.0,2
grid,10,0.1,3.0,13,2.6,2.6015,26.0,98.0,0.45685272851040637,5.941623247098443,0.6768928860086796,0.012,1.0,3
grid,10,0.1,3.0,13,2.6,2.6055,26.0,98.0,0.45685272851040637,5.941623247098443,0.7063799144692146,0.015,1.0,4
grid,10,0.1,3.0,13,2.6,2.5695,26.0,98.0,0.45685272851040637,5.941623247098443,0.7365691291154065,0.009,1.0,5
grid,10,0.1,3.0,13,2.6,2.616,26.0,98.0,0.45685272851040637,5.941623247098443,0.7144425012722513,0.01,1.0,6
grid,10,0.1,3.0,13,2.6,2.6085,26.0,98.0,0.45685272851040637,5.941623247098443,0.7045498874697299,0.008,1.0,7
grid,10,0.1,3.0,13,2.6,2.572,26.0,98.0,0.45685272851040637,5.941623247098443,0.7208625310149981,0.0055,1.0,8
grid,10,0.1,3.0,13,2.6,2.602,26.0,98.0,0.45685272851040637,5.941623247098443,0.6893371354136205,0.009,1.0,9
grid,10,0.1,3.0,13,2.6,2.5845,26.0,98.0,0.45685272851040637,5.941623247098443,0.6983039059630448,0.0095,1.0,10
grid,10,0.1,3.0,13,2.6,2.612,26.0,98.0,0.45685272851040637,5.941623247098443,0.6909418067607881,0.0115,1.0,11
grid,10,0.1,3.0,13,2.6,2.6205,26.0,98.0,0.45685272851040637,5.941623247098443,0.7192798171798438,0.011,1.0,12
grid,10,0.1,3.0,13,2.6,2.5955,26.0,98.0,0.45685272851040637,5.941623247098443,0.746724340747562,0.005,1.0,13
grid,10,0.1,3.0,13,2.6,2.613,26.0,98.0,0.45685272851040637,5.941623247098443,0.685663061605941,0.0115,1.0,14
grid,10,0.1,3.0,13,2.6,2.616,26.0,98.0,0.45685272851040637,5.941623247098443,0.6788670680585529,0.0155,1.0,15
grid,10,0.1,3.0,13,2.6,2.588,26.0,98.0,0.45685272851040637,5.941623247098443,0.7067140481054465,0.0105,1.0,16
grid,10,0.1,3.0,13,2.6,2.5955,26.0,98.0,0.45685272851040637,5.941623247098443,0.7015838159438285,0.0085,1.0,17
grid,10,0.1,3.0,13,2.6,2.5825,26.0,98.0,0.45685272851040637,5.941623247098443,0.7418493934018422,0.008,1.0,18
grid,10,0.1,3.0,13,2.6,2.602,26.0,98.0,0.45685272851040637,5.941623247098443,0.6883183635186089,0.009,1.0,19
grid,10,0.2,0.5,13,2.6,2.608,26.0,98.0,0.45685272851040637,5.941623247098443,2.7810853268072644,0.0115,0.094,0
grid,10,0.2,0.5,13,2.6,2.6005,26.0,98.0,0.45685272851040637,5.941623247098443,2.8285139027580524,0.008,0.1,1
grid,10,0.2,0.5,13,2.6,2.606,26.0,98.0,0.45685272851040637,5.941623247098443,2.7505966754273294,0.0075,0.112,2
grid,10,0.2,0.5,13,2.6,2.61,26.0,98.0,0.45685272851040637,5.941623247098443,2.749568136573522,0.0115,0.11,3
grid,10,0.2,0.5,13,2.6,2.589,26.0,98.0,0.45685272851040637,5.941623247098443,2.662000677985692,0.012,0.1195,4
grid,10,0.2,0.5,13,2.6,2.6215,26.0,98.0,0.45685272851040637,5.941623247098443,2.6450456724001015,0.013,0.1405,5
grid,10,0.2,0.5,13,2.6,2.589,26.0,98.0,0.45685272851040637,5.941623247098443,2.768837490641699,0.012,0.106,6
grid,10,0.2,0.5,13,2.6,2.6225,26.0,98.0,0.45685272851040637,5.941623247098443,2.944218502151459,0.006,0.077,7
grid,10,0.2,0.5,13,2.6,2.619,26.0,98.0,0.45685272851040637,5.941623247098443,3.0803561669797284,0.0105,0.0615,8
grid,10,0.2,0.5,13,2.6,2.591,26.0,98.0,0.45685272851040637,5.941623247098443,2.8338883557480075,0.01,0.099,9
grid,10,0.2,0.5,13,2.6,2.597,26.0,98.0,0.45685272851040637,5.941623247098443,2.8833594212342812,0.0075,0.095,10
grid,10,0.2,0.5,13,2.6,2.617,26.0,98.0,0.45685272851040637,5.941623247098443,2.862085624669851,0.0115,0.105,11
grid,10,0.2,0.5,13,2.6,2.6225,26.0,98.0,0.45685272851040637,5.941623247098443,2.7241677193053286,0.01,0.121,12
grid,10,0.2,0.5,13,2.6,2.6075,26.0,98.0,0.45685272851040637,5.941623247098443,2.7660853933222262,0.0135,0.1115,13
grid,10,0.2,0.5,13,2.6,2.5915,26.0,98.0,0.45685272851040637,5.941623247098443,2.9724371480939595,0.005,0.078,14
grid,10,0.2,0.5,13,2.6,2.604,26.0,98.0,0.45685272851040637,5.941623247098443,2.8091360880092893,0.0115,0.092,15
grid,10,0.2,0.5,13,2.6,2.5905,26.0,98.0,0.45685272851040637,5.941623247098443,2.8615757635492596,0.0055,0.109,16
grid,10,0.2,0.5,13,2.6,2.591,26.0,98.0,0.45685272851040637,5.941623247098443,2.7323838062591963,0.014,0.101,17
grid,10,0.2,0.5,13,2.6,2.5965,26.0,98.0,0.45685272851040637,5.941623247098443,2.8167653437806037,0.0115,0.111,18
grid,10,0.2,0.5,13,2.6,2.5985,26.0,98.0,0.45685272851040637,5.941623247098443,2.7884685623996095,0.0105,0.099,19
grid,10,0.2,1.0,13,2.6,2.604,26.0,98.0,0.45685272851040637,5.941623247098443,2.708559308008384,0.0105,0.6975,0
grid,10,0.2,1.0,13,2.6,2.598,26.0,98.0,0.45685272851040637,5.941623247098443,2.609328909749593,0.0145,0.7355,1
grid,10,0.2,1.0,13,2.6,2.6115,26.0,98.0,0.45685272851040637,5.941623247098443,2.9383423935529396,0.009,0.637,2
grid,10,0.2,1.0,13,2.6,2.619,26.0,98.0,0.45685272851040637,5.941623247098443,2.9163498806288537,0.007,0.6385,3
grid,10,0.2,1.0,13,2.6,2.5935,26.0,98.0,0.45685272851040637,5.941623247098443,2.6003463013275288,0.0185,0.7325,4
grid,10,0.2,1.0,13,2.6,2.597,26.0,98.0,0.45685272851040637,5.941623247098443,2.9071383387508782,0.0065,0.6475,5
grid,10,0.2,1.0,13,2.6,2.583,26.0,98.0,0.45685272851040637,5.941623247098443,2.7037486637461363,0.0165,0.7135,6
grid,10,0.2,1.0,13,2.6,2.596,26.0,98.0,0.45685272851040637,5.941623247098443,2.815031990086722,0.008,0.6905,7
grid,10,0.2,1.0,13,2.6,2.5935,26.0,98.0,0.45685272851040637,5.941623247098443,2.853305063690421,0.006,0.667,8
grid,10,0.2,1.0,13,2.6,2.6045,26.0,98.0,0.45685272851040637,5.941623247098443,2.7686233837452425,0.016,0.675,9
grid,10,0.2,1.0,13,2.6,2.609,26.0,98.0,0.45685272851040637,5.941623247098443,2.7646795893535514,0.0115,0.699,10
grid,10,0.2,1.0,13,2.6,2.608,26.0,98.0,0.45685272851040637,5.941623247098443,2.712836583088259,0.019,0.7015,11
grid,10,0.2,1.0,13,2.6,2.5915,26.0,98.0,0.45685272851040637,5.941623247098443,2.7384545232246764,0.0135,0.711,12
grid,10,0.2,1.0,13,2.6,2.612,26.0,98.0,0.45685272851040637,5.941623247098443,2.740032972868676,0.016,0.696,13
grid,10,0.2,1.0,13,2.6,2.602,26.0,98.0,0.45685272851040637,5.941623247098443,2.7853614405224496,0.0115,0.6925,14
grid,10,0.2,1.0,13,2.6,2.625,26.0,98.0,0.45685272851040637,5.941623247098443,2.875117082258093,0.009,0.669,15
grid,10,0.2,1.0,13,2.6,2.6215,26.0,98.0,0.45685272851040637,5.941623247098443,2.7486496168026164,0.0115,0.705,16
grid,10,0.2,1.0,13,2.6,2.588,26.0,98.0,0.45685272851040637,5.941623247098443,2.8429319868653096,0.0075,0.6565,17
grid,10,0.2,1.0,13,2.6,2.6065,26.0,98.0,0.45685272851040637,5.941623247098443,2.790269513684032,0.011,0.6875,18
grid,10,0.2,1.0,13,2.6,2.6005,26.0,98.0,0.45685272851040637,5.941623247098443,2.826731970449828,0.011,0.664,19
grid,10,0.2,1.5,13,2.6,2.615,26.0,98.0,0.45685272851040637,5.941623247098443,2.770784285832048,0.0085,0.9905,0
grid,10,0.2,1.5,13,2.6,2.628,26.0,98.0,0.45685272851040637,5.941623247098443,2.8640758623479745,0.009,0.984,1
grid,10,0.2,1.5,13,2.6,2.6,26.0,98.0,0.45685272851040637,5.941623247098443,2.8254858998296277,0.011,0.9835,2
grid,10,0.2,1.5,13,2.6,2.6,26.0,98.0,0.45685272851040637,5.941623247098443,2.9512543910044053,0.008,0.983,3
grid,10,0.2,1.5,13,2.6,2.6145,26.0,98.0,0.45685272851040637,5.941623247098443,2.864282938841922,0.0065,0.9895,4
grid,10,0.2,1.5,13,2.6,2.6055,26.0,98.0,0.45685272851040637,5.941623247098443,2.7822756117260976,0.011,0.991,5
grid,10,0.2,1.5,13,2.6,2.599,26.0,98.0,0.45685272851040637,5.941623247098443,2.9423071991430976,0.0075,0.9875,6
grid,10,0.2,1.5,13,2.6,2.618,26.0,98.0,0.45685272851040637,5.941623247098443,2.957710335007079,0.009,0.982,7
grid,10,0.2,1.5,13,2.6,2.611,26.0,98.0,0.45685272851040637,5.941623247098443,2.7964857165863926,0.011,0.9895,8
grid,10,0.2,1.5,13,2.6,2.5835,26.0,98.0,0.45685272851040637,5.941623247098443,2.7927896020498615,0.009,0.9885,9
grid,10,0.2,1.5,13,2.6,2.575,26.0,98.0,0.45685272851040637,5.941623247098443,2.8457650138012913,0.0075,0.987,10
grid,10,0.2,1.5,13,2.6,2.5995,26.0,98.0,0.45685272851040637,5.941623247098443,2.6605898391518017,0.014,0.9885,11
grid,10,0.2,1.5,13,2.6,2.6145,26.0,98.0,0.45685272851040637,5.941623247098443,2.845339753643359,0.011,0.9875,12
grid,10,0.2,1.5,13,2.6,2.5975,26.0,98.0,0.45685272851040637,5.941623247098443,2.785877389216946,0.0105,0.988,13
grid,10,0.2,1.5,13,2.6,2.6215,26.0,98.0,0.45685272851040637,5.941623247098443,2.8010387108512904,0.0135,0.9885,14
grid,10,0.2,1.5,13,2.6,2.5995,26.0,98.0,0.45685272851040637,5.941623247098443,2.9676383526118255,0.0035,0.98,15
grid,10,0.2,1.5,13,2.6,2.601,26.0,98.0,0.45685272851040637,5.941623247098443,2.7469788546436025,0.0105,0.987,16
grid,10,0.2,1.5,13,2.6,2.582,26.0,98.0,0.45685272851040637,5.941623247098443,2.715803448567372,0.0125,0.9885,17
grid,10,0.2,1.5,13,2.6,2.584,26.0,98.0,0.45685272851040637,5.941623247098443,2.774380534410506,0.0085,0.9905,18
grid,10,0.2,1.5,13,2.6,2.607,26.0,98.0,0.45685272851040637,5.941623247098443,2.8254747964427467,0.008,0.987,19
grid,10,0.2,2.0,13,2.6,2.603,26.0,98.0,0.45685272851040637,5.941623247098443,2.8067370817284227,0.0115,1.0,0
grid,10,0.2,2.0,13,2.6,2.6015,26.0,98.0,0.45685272851040637,5.941623247098443,2.8306167466099192,0.0145,1.0,1
grid,10,0.2,2.0,13,2.6,2.5915,26.0,98.0,0.45685272851040637,5.941623247098443,2.8205139057419037,0.0055,1.0,2
grid,10,0.2,2.0,13,2.6,2.6015,26.0,98.0,0.45685272851040637,5.941623247098443,2.804106352712269,0.009,1.0,3
grid,10,0.2,2.0,13,2.6,2.585,26.0,98.0,0.45685272851040637,5.941623247098443,2.7937467580133726,0.0095,1.0,4
grid,10,0.2,2.0,13,2.6,2.569,26.0,98.0,0.45685272851040637,5.941623247098443,2.9030956307261424,0.01,1.0,5
grid,10,0.2,2.0,13,2.6,2.5885,26.0,98.0,0.45685272851040637,5.941623247098443,2.712762020030778,0.0135,1.0,6
grid,10,0.2,2.0,13,2.6,2.605,26.0,98.0,0.45685272851040637,5.941623247098443,2.6230506138465013,0.012,1.0,7
grid,10,0.2,2.0,13,2.6,2.607,26.0,98.0,0.45685272851040637,5.941623247098443,2.728937539172989,0.0115,1.0,8
grid,10,0.2,2.0,13,2.6,2.6045,26.0,98.0,0.45685272851040637,5.941623247098443,2.7602248067959674,0.011,1.0,9
grid,10,0.2,2.0,13,2.6,2.5755,26.0,98.0,0.45685272851040637,5.941623247098443,2.7269688292486194,0.0115,1.0,10
grid,10,0.2,2.0,13,2.6,2.605,26.0,98.0,0.45685272851040637,5.941623247098443,2.723408530386543,0.008,1.0,11
grid,10,0.2,2.0,13,2.6,2.609,26.0,98.0,0.45685272851040637,5.941623247098443,2.7283207922226453,0.0095,0.9995,12
grid,10,0.2,2.0,13,2.6,2.602,26.0,98.0,0.45685272851040637,5.941623247098443,2.9191499588286733,0.005,1.0,13
grid,10,0.2,2.0,13,2.6,2.562,26.0,98.0,0.45685272851040637,5.941623247098443,2.81297116562798,0.008,1.0,14
grid,10,0.2,2.0,13,2.6,2.575,26.0,98.0,0.45685272851040637,5.941623247098443,2.7187238312638726,0.016,1.0,15
grid,10,0.2,2.0,13,2.6,2.621,26.0,98.0,0.45685272851040637,5.941623247098443,2.8873332542814887,0.0085,1.0,16
grid,10,0.2,2.0,13,2.6,2.6105,26.0,98.0,0.45685272851040637,5.941623247098443,2.7524073853587976,0.0125,1.0,17
grid,10,0.2,2.0,13,2.6,2.587,26.0,98.0,0.45685272851040637,5.941623247098443,2.9647309740743752,0.0055,1.0,18
grid,10,0.2,2.0,13,2.6,2.58,26.0,98.0,0.45685272851040637,5.941623247098443,2.8178357503441145,0.0075,1.0,19
grid,10,0.2,3.0,13,2.6,2.6065,26.0,98.0,0.45685272851040637,5.941623247098443,2.778469161552071,0.01,1.0,0
grid,10,0.2,3.0,13,2.6,2.6055,26.0,98.0,0.45685272851040637,5.941623247098443,2.790725192642441,0.01,1.0,1
grid,10,0.2,3.0,13,2.6,2.606,26.0,98.0,0.45685272851040637,5.941623247098443,2.9050072831056966,0.009,1.0,2
grid,10,0.2,3.0,13,2.6,2.615,26.0,98.0,0.45685272851040637,5.941623247098443,2.730252111669259,0.0125,1.0,3
grid,10,0.2,3.0,13,2.6,2.6065,26.0,98.0,0.45685272851040637,5.941623247098443,2.7796552397753205,0.0105,1.0,4
grid,10,0.2,3.0,13,2.6,2.6045,26.0,98.0,0.45685272851040637,5.941623247098443,2.809465082425828,0.013,1.0,5
grid,10,0.2,3.0,13,2.6,2.5905,26.0,98.0,0.45685272851040637,5.941623247098443,2.7552231587918956,0.009,1.0,6
grid,10,0.2,3.0,13,2.6,2.607,26.0,98.0,0.45685272851040637,5.941623247098443,2.756557501783753,0.0105,1.0,7
grid,10,0.2,3.0,13,2.6,2.6005,26.0,98.0,0.45685272851040637,5.941623247098443,2.7959078143962497,0.011,1.0,8
grid,10,0.2,3.0,13,2.6,2.613,26.0,98.0,0.45685272851040637,5.941623247098443,2.925330327526765,0.0075,1.0,9
grid,10,0.2,3.0,13,2.6,2.6155,26.0,98.0,0.45685272851040637,5.941623247098443,2.6664200468881156,0.009,1.0,10
grid,10,0.2,3.0,13,2.6,2.608,26.0,98.0,0.45685272851040637,5.941623247098443,2.7293248934115324,0.015,1.0,11
grid,10,0.2,3.0,13,2.6,2.61,26.0,98.0,0.45685272851040637,5.941623247098443,2.8274526064098295,0.005,1.0,12
grid,10,0.2,3.0,13,2.6,2.58,26.0,98.0,0.45685272851040637,5.941623247098443,2.666896038917172,0.011,1.0,13
grid,10,0.2,3.0,13,2.6,2.592,26.0,98.0,0.45685272851040637,5.941623247098443,2.7523330610203924,0.0125,1.0,14
grid,10,0.2,3.0,13,2.6,2.5975,26.0,98.0,0.45685272851040637,5.941623247098443,2.787484751480776,0.0135,1.0,15
grid,10,0.2,3.0,13,2.6,2.625,26.0,98.0,0.45685272851040637,5.941623247098443,2.7919098567321603,0.013,1.0,16
grid,10,0.2,3.0,13,2.6,2.611,26.0,98.0,0.45685272851040637,5.941623247098443,2.8544590819652065,0.011,1.0,17
grid,10,0.2,3.0,13,2.6,2.601,26.0,98.0,0.45685272851040637,5.941623247098443,2.77637256294046,0.0105,1.0,18
grid,10,0.2,3.0,13,2.6,2.5925,26.0,98.0,0.45685272851040637,5.941623247098443,2.834140561969714,0.0075,1.0,19
grid,10,0.3,0.5,13,2.6,2.6125,26.0,98.0,0.45685272851040637,5.941623247098443,6.392779747370066,0.01,0.033,0
grid,10,0.3,0.5,13,2.6,2.595,26.0,98.0,0.45685272851040637,5.941623247098443,5.972923306010578,0.0195,0.0455,1
grid,10,0.3,0.5,13,2.6,2.594,26.0,98.0,0.45685272851040637,5.941623247098443,6.451852720486966,0.009,0.0365,2
grid,10,0.3,0.5,13,2.6,2.599,26.0,98.0,0.45685272851040637,5.941623247098443,5.913132568103603,0.0135,0.059,3
grid,10,0.3,0.5,13,2.6,2.623,26.0,98.0,0.45685272851040637,5.941623247098443,6.130946255399783,0.0075,0.0445,4
grid,10,0.3,0.5,13,2.6,2.5745,26.0,98.0,0.45685272851040637,5.941623247098443,6.356286246911672,0.0115,0.04,5
grid,10,0.3,0.5,13,2.6,2.591,26.0,98.0,0.45685272851040637,5.941623247098443,6.469612493660494,0.009,0.0265,6
grid,10,0.3,0.5,13,2.6,2.6085,26.0,98.0,0.45685272851040637,5.941623247098443,5.991047919487037,0.016,0.05,7
grid,10,0.3,0.5,13,2.6,2.615,26.0,98.0,0.45685272851040637,5.941623247098443,6.230099979906689,0.0125,0.0415,8
grid,10,0.3,0.5,13,2.6,2.604,26.0,98.0,0.45685272851040637,5.941623247098443,6.699213581500698,0.01,0.0325,9
grid,10,0.3,0.5,13,2.6,2.58,26.0,98.0,0.45685272851040637,5.941623247098443,6.34503706296448,0.012,0.044,10
grid,10,0.3,0.5,13,2.6,2.586,26.0,98.0,0.45685272851040637,5.941623247098443,6.264377004072287,0.0085,0.0435,11
grid,10,0.3,0.5,13,2.6,2.6115,26.0,98.0,0.45685272851040637,5.941623247098443,6.2565501807433614,0.0105,0.039,12
grid,10,0.3,0.5,13,2.6,2.596,26.0,98.0,0.45685272851040637,5.941623247098443,6.141978305103321,0.0185,0.042,13
grid,10,0.3,0.5,13,2.6,2.586,26.0,98.0,0.45685272851040637,5.941623247098443,6.307916152993885,0.009,0.0405,14
grid,10,0.3,0.5,13,2.6,2.6045,26.0,98.0,0.45685272851040637,5.941623247098443,6.511866744373042,0.0095,0.0355,15
grid,10,0.3,0.5,13,2.6,2.5925,26.0,98.0,0.45685272851040637,5.941623247098443,6.354522626569115,0.0075,0.0375,16
grid,10,0.3,0.5,13,2.6,2.606,26.0,98.0,0.45685272851040637,5.941623247098443,6.3219023519536295,0.0095,0.0445,17
grid,10,0.3,0.5,13,2.6,2.5805,26.0,98.0,0.45685272851040637,5.941623247098443,5.875220734253702,0.014,0.053,18
grid,10,0.3,0.5,13,2.6,2.595,26.0,98.0,0.45685272851040637,5.941623247098443,6.239941933327971,0.0115,0.04,19
grid,10,0.3,1.0,13,2.6,2.582,26.0,98.0,0.45685272851040637,5.941623247098443,6.044789760006518,0.014,0.2685,0
grid,10,0.3,1.0,13,2.6,2.605,26.0,98.0,0.45685272851040637,5.941623247098443,5.996677507344802,0.014,0.269,1
grid,10,0.3,1.0,13,2.6,2.6275,26.0,98.0,0.45685272851040637,5.941623247098443,6.125955705806179,0.0155,0.2595,2
grid,10,0.3,1.0,13,2.6,2.5805,26.0,98.0,0.45685272851040637,5.941623247098443,6.177290283886294,0.014,0.237,3
grid,10,0.3,1.0,13,2.6,2.5955,26.0,98.0,0.45685272851040637,5.941623247098443,6.5155005928371645,0.011,0.2165,4
grid,10,0.3,1.0,13,2.6,2.5985,26.0,98.0,0.45685272851040637,5.941623247098443,6.66357150163921,0.0075,0.1855,5
grid,10,0.3,1.0,13,2.6,2.6135,26.0,98.0,0.45685272851040637,5.941623247098443,6.518842046745308,0.01,0.212,6
grid,10,0.3,1.0,13,2.6,2.604,26.0,98.0,0.45685272851040637,5.941623247098443,6.765741698864724,0.006,0.183,7
grid,10,0.3,1.0,13,2.6,2.599,26.0,98.0,0.45685272851040637,5.941623247098443,6.30504513123966,0.007,0.237,8
grid,10,0.3,1.0,13,2.6,2.565,26.0,98.0,0.45685272851040637,5.941623247098443,6.105866527820896,0.014,0.2465,9
grid,10,0.3,1.0,13,2.6,2.593,26.0,98.0,0.45685272851040637,5.941623247098443,6.389291600495175,0.013,0.218,10
grid,10,0.3,1.0,13,2.6,2.6325,26.0,98.0,0.45685272851040637,5.941623247098443,6.67269436820222,0.007,0.1835,11
grid,10,0.3,1.0,13,2.6,2.608,26.0,98.0,0.45685272851040637,5.941623247098443,6.1535472222534375,0.013,0.25,12
grid,10,0.3,1.0,13,2.6,2.6075,26.0,98.0,0.45685272851040637,5.941623247098443,5.933427584353549,0.011,0.2725,13
grid,10,0.3,1.0,13,2.6,2.583,26.0,98.0,0.45685272851040637,5.941623247098443,6.363629624569133,0.0115,0.227,14
grid,10,0.3,1.0,13,2.6,2.5995,26.0,98.0,0.45685272851040637,5.941623247098443,6.339545616426542,0.01,0.227,15
grid,10,0.3,1.0,13,2.6,2.585,26.0,98.0,0.45685272851040637,5.941623247098443,6.591833195637649,0.0035,0.215,16
grid,10,0.3,1.0,13,2.6,2.6155,26.0,98.0,0.45685272851040637,5.941623247098443,6.52319460013723,0.0135,0.2175,17
grid,10,0.3,1.0,13,2.6,2.603,26.0,98.0,0.45685272851040637,5.941623247098443,6.272623747198258,0.009,0.2545,18
grid,10,0.3,1.0,13,2.6,2.5885,26.0,98.0,0.45685272851040637,5.941623247098443,6.193273869276604,0.008,0.2575,19
grid,10,0.3,1.5,13,2.6,2.603,26.0,98.0,0.45685272851040637,5.941623247098443,6.310072477364429,0.012,0.6795,0
grid,10,0.3,1.5,13,2.6,2.57,26.0,98.0,0.45685272851040637,5.941623247098443,6.268496662011628,0.0105,0.6915,1
grid,10,0.3,1.5,13,2.6,2.601,26.0,98.0,0.45685272851040637,5.941623247098443,6.214855301998883,0.0105,0.685,2
grid,10,0.3,1.5,13,2.6,2.6055,26.0,98.0,0.45685272851040637,5.941623247098443,6.649055121957923,0.006,0.6345,3
grid,10,0.3,1.5,13,2.6,2.584,26.0,98.0,0.45685272851040637,5.941623247098443,6.49178145808073,0.0105,0.6395,4
grid,10,0.3,1.5,13,2.6,2.5905,26.0,98.0,0.45685272851040637,5.941623247098443,6.126134973866895,0.0195,0.69,5
grid,10,0.3,1.5,13,2.6,2.6125,26.0,98.0,0.45685272851040637,5.941623247098443,6.535123488098951,0.0065,0.649,6
grid,10,0.3,1.5,13,2.6,2.594,26.0,98.0,0.45685272851040637,5.941623247098443,6.280702119881516,0.011,0.673,7
grid,10,0.3,1.5,13,2.6,2.59,26.0,98.0,0.45685272851040637,5.941623247098443,6.669409221707647,0.0085,0.6285,8
grid,10,0.3,1.5,13,2.6,2.57,26.0,98.0,0.45685272851040637,5.941623247098443,6.495430977341999,0.008,0.655,9
grid,10,0.3,1.5,13,2.6,2.5745,26.0,98.0,0.45685272851040637,5.941623247098443,6.094592357104195,0.0145,0.696,10
grid,10,0.3,1.5,13,2.6,2.6035,26.0,98.0,0.45685272851040637,5.941623247098443,6.570515314985957,0.0055,0.6605,11
grid,10,0.3,1.5,13,2.6,2.6195,26.0,98.0,0.45685272851040637,5.941623247098443,6.688071194761925,0.0085,0.626,12
grid,10,0.3,1.5,13,2.6,2.6075,26.0,98.0,0.45685272851040637,5.941623247098443,6.280771853237156,0.011,0.677,13
grid,10,0.3,1.5,13,2.6,2.594,26.0,98.0,0.45685272851040637,5.941623247098443,6.039748364855888,0.0135,0.7,14
grid,10,0.3,1.5,13,2.6,2.5935,26.0,98.0,0.45685272851040637,5.941623247098443,5.971285310504591,0.0175,0.7225,15
grid,10,0.3,1.5,13,2.6,2.6,26.0,98.0,0.45685272851040637,5.941623247098443,6.753013014199731,0.0035,0.6135,16
grid,10,0.3,1.5,13,2.6,2.603,26.0,98.0,0.45685272851040637,5.941623247098443,6.180275754270731,0.0085,0.6775,17
grid,10,0.3,1.5,13,2.6,2.6255,26.0,98.0,0.45685272851040637,5.941623247098443,6.515701738916784,0.0135,0.6465,18
grid,10,0.3,1.5,13,2.6,2.618,26.0,98.0,0.45685272851040637,5.941623247098443,6.3605311792584915,0.013,0.652,19
grid,10,0.3,2.0,13,2.6,2.62,26.0,98.0,0.45685272851040637,5.941623247098443,6.394144638992859,0.0105,0.9455,0
grid,10,0.3,2.0,13,2.6,2.6245,26.0,98.0,0.45685272851040637,5.941623247098443,6.751634677038094,0.009,0.929,1
grid,10,0.3,2.0,13,2.6,2.6235,26.0,98.0,0.45685272851040637,5.941623247098443,6.116918771183197,0.0105,0.961,2
grid,10,0.3,2.0,13,2.6,2.629,26.0,98.0,0.45685272851040637,5.941623247098443,6.2314161165230875,0.0105,0.9615,3
grid,10,0.3,2.0,13,2.6,2.6025,26.0,98.0,0.45685272851040637,5.941623247098443,6.11418193208913,0.015,0.961,4
grid,10,0.3,2.0,13,2.6,2.6165,26.0,98.0,0.45685272851040637,5.941623247098443,6.328460194010623,0.0115,0.9405,5
grid,10,0.3,2.0,13,2.6,2.5965,26.0,98.0,0.45685272851040637,5.941623247098443,6.768694301430699,0.0115,0.929,6
grid,10,0.3,2.0,13,2.6,2.5835,26.0,98.0,0.45685272851040637,5.941623247098443,6.203763634352534,0.009,0.954,7
grid,10,0.3,2.0,13,2.6,2.599,26.0,98.0,0.45685272851040637,5.941623247098443,6.345589970914532,0.0055,0.946,8
grid,10,0.3,2.0,13,2.6,2.5795,26.0,98.0,0.45685272851040637,5.941623247098443,6.358423258580422,0.0135,0.9495,9
grid,10,0.3,2.0,13,2.6,2.612,26.0,98.0,0.45685272851040637,5.941623247098443,6.368149274403554,0.0095,0.9475,10
grid,10,0.3,2.0,13,2.6,2.6085,26.0,98.0,0.45685272851040637,5.941623247098443,6.343690007603772,0.01,0.9565,11
grid,10,0.3,2.0,13,2.6,2.614,26.0,98.0,0.45685272851040637,5.941623247098443,6.179293596830877,0.013,0.9525,12
grid,10,0.3,2.0,13,2.6,2.5975,26.0,98.0,0.45685272851040637,5.941623247098443,6.132716990283073,0.0145,0.9505,13
grid,10,0.3,2.0,13,2.6,2.578,26.0,98.0,0.45685272851040637,5.941623247098443,6.967241051166788,0.005,0.929,14
grid,10,0.3,2.0,13,2.6,2.593,26.0,98.0,0.45685272851040637,5.941623247098443,6.278132817177634,0.0115,0.952,15
grid,10,0.3,2.0,13,2.6,2.5975,26.0,98.0,0.45685272851040637,5.941623247098443,6.19806903659888,0.014,0.948,16
grid,10,0.3,2.0,13,2.6,2.5995,26.0,98.0,0.45685272851040637,5.941623247098443,6.367029078704706,0.0095,0.9555,17
grid,10,0.3,2.0,13,2.6,2.6195,26.0,98.0,0.45685272851040637,5.941623247098443,6.422046454469651,0.01,0.9515,18
grid,10,0.3,2.0,13,2.6,2.605,26.0,98.0,0.45685272851040637,5.941623247098443,6.310124818516762,0.014,0.952,19
grid,10,0.3,3.0,13,2.6,2.6205,26.0,98.0,0.45685272851040637,5.941623247098443,6.260140126432784,0.0155,1.0,0
grid,10,0.3,3.0,13,2.6,2.5885,26.0,98.0,0.45685272851040637,5.941623247098443,6.271845795601796,0.0115,0.9995,1
grid,10,0.3,3.0,13,2.6,2.6005,26.0,98.0,0.45685272851040637,5.941623247098443,6.6207307066083505,0.006,1.0,2
grid,10,0.3,3.0,13,2.6,2.5975,26.0,98.0,0.45685272851040637,5.941623247098443,6.360171345623865,0.0085,1.0,3
grid,10,0.3,3.0,13,2.6,2.603,26.0,98.0,0.45685272851040637,5.941623247098443,6.3882237222204985,0.013,1.0,4
grid,10,0.3,3.0,13,2.6,2.6185,26.0,98.0,0.45685272851040637,5.941623247098443,6.071137223126788,0.0195,1.0,5
grid,10,0.3,3.0,13,2.6,2.626,26.0,98.0,0.45685272851040637,5.941623247098443,6.420020838447846,0.005,1.0,6
grid,10,0.3,3.0,13,2.6,2.5935,26.0,98.0,0.45685272851040637,5.941623247098443,6.215076192876154,0.0125,1.0,7
grid,10,0.3,3.0,13,2.6,2.5905,26.0,98.0,0.45685272851040637,5.941623247098443,5.905329159693933,0.0205,1.0,8
grid,10,0.3,3.0,13,2.6,2.6115,26.0,98.0,0.45685272851040637,5.941623247098443,6.249390431627332,0.0125,1.0,9
grid,10,0.3,3.0,13,2.6,2.6025,26.0,98.0,0.45685272851040637,5.941623247098443,6.708814670376708,0.005,1.0,10
grid,10,0.3,3.0,13,2.6,2.62,26.0,98.0,0.45685272851040637,5.941623247098443,6.731366403083863,0.007,1.0,11
grid,10,0.3,3.0,13,2.6,2.6055,26.0,98.0,0.45685272851040637,5.941623247098443,5.693350817144269,0.018,1.0,12
grid,10,0.3,3.0,13,2.6,2.5935,26.0,98.0,0.45685272851040637,5.941623247098443,6.427769673334023,0.0125,1.0,13
grid,10,0.3,3.0,13,2.6,2.6115,26.0,98.0,0.45685272851040637,5.941623247098443,6.103352325993606,0.014,0.9995,14
grid,10,0.3,3.0,13,2.6,2.6015,26.0,98.0,0.45685272851040637,5.941623247098443,6.328109526588925,0.0115,1.0,15
grid,10,0.3,3.0,13,2.6,2.6015,26.0,98.0,0.45685272851040637,5.941623247098443,6.158060812078621,0.0105,1.0,16
grid,10,0.3,3.0,13,2.6,2.6205,26.0,98.0,0.45685272851040637,5.941623247098443,6.388706160131997,0.0095,1.0,17
grid,10,0.3,3.0,13,2.6,2.5755,26.0,98.0,0.45685272851040637,5.941623247098443,6.4651989683742555,0.011,1.0,18
grid,10,0.3,3.0,13,2.6,2.617,26.0,98.0,0.45685272851040637,5.941623247098443,6.314327281278286,0.0085,1.0,19
grid,20,0.1,0.5,31,3.1,3.077,62.0,264.0,0.3819660112501048,7.032247551122993,1.3174169536034928,0.013,0.523,0
grid,20,0.1,0.5,31,3.1,3.08,62.0,264.0,0.3819660112501048,7.032247551122993,1.2592587031329971,0.015,0.5655,1
grid,20,0.1,0.5,31,3.1,3.1085,62.0,264.0,0.3819660112501048,7.032247551122993,1.3243590371216556,0.011,0.509,2
grid,20,0.1,0.5,31,3.1,3.1165,62.0,264.0,0.3819660112501048,7.032247551122993,1.2453276968493214,0.0215,0.565,3
grid,20,0.1,0.5,31,3.1,3.107,62.0,264.0,0.3819660112501048,7.032247551122993,1.2943485220323179,0.01,0.5325,4
grid,20,0.1,0.5,31,3.1,3.1095,62.0,264.0,0.3819660112501048,7.032247551122993,1.3111288958326552,0.011,0.534,5
grid,20,0.1,0.5,31,3.1,3.1275,62.0,264.0,0.3819660112501048,7.032247551122993,1.2990505255397553,0.01,0.556,6
grid,20,0.1,0.5,31,3.1,3.098,62.0,264.0,0.3819660112501048,7.032247551122993,1.2653176995409474,0.015,0.567,7
grid,20,0.1,0.5,31,3.1,3.086,62.0,264.0,0.3819660112501048,7.032247551122993,1.253514015512765,0.0165,0.5805,8
grid,20,0.1,0.5,31,3.1,3.0955,62.0,264.0,0.3819660112501048,7.032247551122993,1.2330581468586068,0.0165,0.6145,9
grid,20,0.1,0.5,31,3.1,3.1185,62.0,264.0,0.3819660112501048,7.032247551122993,1.3120618629870349,0.009,0.529,10
grid,20,0.1,0.5,31,3.1,3.0895,62.0,264.0,0.3819660112501048,7.032247551122993,1.2974521159026973,0.009,0.5305,11
grid,20,0.1,0.5,31,3.1,3.086,62.0,264.0,0.3819660112501048,7.032247551122993,1.222410657141025,0.021,0.598,12
grid,20,0.1,0.5,31,3.1,3.0865,62.0,264.0,0.3819660112501048,7.032247551122993,1.256669600253996,0.0155,0.5635,13
grid,20,0.1,0.5,31,3.1,3.0735,62.0,264.0,0.3819660112501048,7.032247551122993,1.3503004471750495,0.007,0.4945,14
grid,20,0.1,0.5,31,3.1,3.0865,62.0,264.0,0.3819660112501048,7.032247551122993,1.253208452317695,0.013,0.592,15
grid,20,0.1,0.5,31,3.1,3.0805,62.0,264.0,0.3819660112501048,7.032247551122993,1.3063853311903078,0.008,0.5165,16
grid,20,0.1,0.5,31,3.1,3.113,62.0,264.0,0.3819660112501048,7.032247551122993,1.322724901929517,0.012,0.5255,17
grid,20,0.1,0.5,31,3.1,3.0975,62.0,264.0,0.3819660112501048,7.032247551122993,1.2761648520069622,0.015,0.5565,18
grid,20,0.1,0.5,31,3.1,3.118,62.0,264.0,0.3819660112501048,7.032247551122993,1.2694149953155962,0.0105,0.5705,19
grid,20,0.1,1.0,31,3.1,3.067,62.0,264.0,0.3819660112501048,7.032247551122993,1.2599647000054952,0.013,1.0,0
grid,20,0.1,1.0,31,3.1,3.1085,62.0,264.0,0.3819660112501048,7.032247551122993,1.3282632750036807,0.009,1.0,1
grid,20,0.1,1.0,31,3.1,3.1045,62.0,264.0,0.3819660112501048,7.032247551122993,1.2518564691564347,0.013,1.0,2
grid,20,0.1,1.0,31,3.1,3.111,62.0,264.0,0.3819660112501048,7.032247551122993,1.2314663361501705,0.0165,0.9995,3
grid,20,0.1,1.0,31,3.1,3.087,62.0,264.0,0.3819660112501048,7.032247551122993,1.3112592923186461,0.01,1.0,4
grid,20,0.1,1.0,31,3.1,3.1,62.0,264.0,0.3819660112501048,7.032247551122993,1.3563967630760607,0.0045,1.0,5
grid,20,0.1,1.0,31,3.1,3.1145,62.0,264.0,0.3819660112501048,7.032247551122993,1.2757664753739517,0.0105,1.0,6
grid,20,0.1,1.0,31,3.1,3.1145,62.0,264.0,0.3819660112501048,7.032247551122993,1.2980929645577204,0.0075,1.0,7
grid,20,0.1,1.0,31,3.1,3.0885,62.0,264.0,0.3819660112501048,7.032247551122993,1.2707291920872585,0.0115,1.0,8
grid,20,0.1,1.0,31,3.1,3.1085,62.0,264.0,0.3819660112501048,7.032247551122993,1.2448266755219883,0.0165,1.0,9
grid,20,0.1,1.0,31,3.1,3.096,62.0,264.0,0.3819660112501048,7.032247551122993,1.2620072773762014,0.0125,1.0,10
grid,20,0.1,1.0,31,3.1,3.1,62.0,264.0,0.3819660112501048,7.032247551122993,1.2744018049715296,0.014,1.0,11
grid,20,0.1,1.0,31,3.1,3.128,62.0,264.0,0.3819660112501048,7.032247551122993,1.2730229100540953,0.0145,0.9995,12
grid,20,0.1,1.0,31,3.1,3.067,62.0,264.0,0.3819660112501048,7.032247551122993,1.2540047579215716,0.0125,0.9995,13
grid,20,0.1,1.0,31,3.1,3.084,62.0,264.0,0.3819660112501048,7.032247551122993,1.2399285200445074,0.01,0.9995,14
grid,20,0.1,1.0,31,3.1,3.101,62.0,264.0,0.3819660112501048,7.032247551122993,1.2436895518339715,0.0155,1.0,15
grid,20,0.1,1.0,31,3.1,3.108,62.0,264.0,0.3819660112501048,7.032247551122993,1.2583951089022785,0.0155,1.0,16
grid,20,0.1,1.0,31,3.1,3.1005,62.0,264.0,0.3819660112501048,7.032247551122993,1.269797770423626,0.014,0.9995,17
grid,20,0.1,1.0,31,3.1,3.1125,62.0,264.0,0.3819660112501048,7.032247551122993,1.3032640547821552,0.012,1.0,18
grid,20,0.1,1.0,31,3.1,3.088,62.0,264.0,0.3819660112501048,7.032247551122993,1.2768273934064158,0.0135,0.9985,19
grid,20,0.1,1.5,31,3.1,3.0915,62.0,264.0,0.3819660112501048,7.032247551122993,1.2644915642069052,0.007,1.0,0
grid,20,0.1,1.5,31,3.1,3.11,62.0,264.0,0.3819660112501048,7.032247551122993,1.2745452708718674,0.0095,1.0,1
grid,20,0.1,1.5,31,3.1,3.0885,62.0,264.0,0.3819660112501048,7.032247551122993,1.289743793666075,0.0125,1.0,2
grid,20,0.1,1.5,31,3.1,3.108,62.0,264.0,0.3819660112501048,7.032247551122993,1.268895141158753,0.015,1.0,3
grid,20,0.1,1.5,31,3.1,3.102,62.0,264.0,0.3819660112501048,7.032247551122993,1.280860120064765,0.0075,1.0,4
grid,20,0.1,1.5,31,3.1,3.086,62.0,264.0,0.3819660112501048,7.032247551122993,1.3080354327531671,0.0125,1.0,5
grid,20,0.1,1.5,31,3.1,3.102,62.0,264.0,0.3819660112501048,7.032247551122993,1.3081485755424092,0.0095,1.0,6
grid,20,0.1,1.5,31,3.1,3.1115,62.0,264.0,0.3819660112501048,7.032247551122993,1.2928701162210368,0.011,1.0,7
grid,20,0.1,1.5,31,3.1,3.098,62.0,264.0,0.3819660112501048,7.032247551122993,1.2221261971842183,0.017,1.0,8
grid,20,0.1,1.5,31,3.1,3.1235,62.0,264.0,0.3819660112501048,7.032247551122993,1.3599309791132428,0.004,1.0,9
grid,20,0.1,1.5,31,3.1,3.0855,62.0,264.0,0.3819660112501048,7.032247551122993,1.2968393862417114,0.007,1.0,10
grid,20,0.1,1.5,31,3.1,3.1105,62.0,264.0,0.3819660112501048,7.032247551122993,1.3250240951230028,0.007,1.0,11
grid,20,0.1,1.5,31,3.1,3.0795,62.0,264.0,0.3819660112501048,7.032247551122993,1.338246740653203,0.006,1.0,12
grid,20,0.1,1.5,31,3.1,3.0955,62.0,264.0,0.3819660112501048,7.032247551122993,1.2758569281203265,0.014,1.0,13
grid,20,0.1,1.5,31,3.1,3.104,62.0,264.0,0.3819660112501048,7.032247551122993,1.3134430735919334,0.0115,1.0,14
grid,20,0.1,1.5,31,3.1,3.092,62.0,264.0,0.3819660112501048,7.032247551122993,1.2936046452148025,0.01,1.0,15
grid,20,0.1,1.5,31,3.1,3.094,62.0,264.0,0.3819660112501048,7.032247551122993,1.277121293061421,0.016,1.0,16
grid,20,0.1,1.5,31,3.1,3.1135,62.0,264.0,0.3819660112501048,7.032247551122993,1.2921193134193683,0.013,1.0,17
grid,20,0.1,1.5,31,3.1,3.097,62.0,264.0,0.3819660112501048,7.032247551122993,1.2516209407928063,0.017,1.0,18
grid,20,0.1,1.5,31,3.1,3.0785,62.0,264.0,0.3819660112501048,7.032247551122993,1.3193826505117667,0.0115,1.0,19
grid,20,0.1,2.0,31,3.1,3.1085,62.0,264.0,0.3819660112501048,7.032247551122993,1.23346644679229,0.0155,1.0,0
grid,20,0.1,2.0,31,3.1,3.108,62.0,264.0,0.3819660112501048,7.032247551122993,1.2768954147026554,0.0145,1.0,1
grid,20,0.1,2.0,31,3.1,3.111,62.0,264.0,0.3819660112501048,7.032247551122993,1.3060403189117684,0.008,1.0,2
grid,20,0.1,2.0,31,3.1,3.1,62.0,264.0,0.3819660112501048,7.032247551122993,1.3001384617097913,0.0085,1.0,3
grid,20,0.1,2.0,31,3.1,3.0955,62.0,264.0,0.3819660112501048,7.032247551122993,1.3091877253131348,0.0055,1.0,4
grid,20,0.1,2.0,31,3.1,3.0925,62.0,264.0,0.3819660112501048,7.032247551122993,1.3369269172629483,0.004,1.0,5
grid,20,0.1,2.0,31,3.1,3.1125,62.0,264.0,0.3819660112501048,7.032247551122993,1.3063757662589275,0.0085,1.0,6
grid,20,0.1,2.0,31,3.1,3.0855,62.0,264.0,0.3819660112501048,7.032247551122993,1.3508630187830095,0.0055,1.0,7
grid,20,0.1,2.0,31,3.1,3.1055,62.0,264.0,0.3819660112501048,7.032247551122993,1.2875142681698082,0.0105,1.0,8
grid,20,0.1,2.0,31,3.1,3.0985,62.0,264.0,0.3819660112501048,7.032247551122993,1.2786745362341874,0.009,1.0,9
grid,20,0.1,2.0,31,3.1,3.1125,62.0,264.0,0.3819660112501048,7.032247551122993,1.302307269507459,0.0095,1.0,10
grid,20,0.1,2.0,31,3.1,3.0825,62.0,264.0,0.3819660112501048,7.032247551122993,1.3337674066035512,0.008,1.0,11
grid,20,0.1,2.0,31,3.1,3.1155,62.0,264.0,0.3819660112501048,7.032247551122993,1.2497010747752266,0.014,1.0,12
grid,20,0.1,2.0,31,3.1,3.0995,62.0,264.0,0.3819660112501048,7.032247551122993,1.3249398719674037,0.0095,1.0,13
grid,20,0.1,2.0,31,3.1,3.0875,62.0,264.0,0.3819660112501048,7.032247551122993,1.2631269482972887,0.016,1.0,14
grid,20,0.1,2.0,31,3.1,3.1375,62.0,264.0,0.3819660112501048,7.032247551122993,1.2789035914923963,0.0145,1.0,15
grid,20,0.1,2.0,31,3.1,3.1205,62.0,264.0,0.3819660112501048,7.032247551122993,1.301061556695716,0.0085,1.0,16
grid,20,0.1,2.0,31,3.1,3.094,62.0,264.0,0.3819660112501048,7.032247551122993,1.3308078943662534,0.009,1.0,17
grid,20,0.1,2.0,31,3.1,3.126,62.0,264.0,0.3819660112501048,7.032247551122993,1.352511771263048,0.006,1.0,18
grid,20,0.1,2.0,31,3.1,3.0945,62.0,264.0,0.3819660112501048,7.032247551122993,1.2289663064067222,0.021,1.0,19
grid,20,0.1,3.0,31,3.1,3.0875,62.0,264.0,0.3819660112501048,7.032247551122993,1.2868505957862195,0.0085,1.0,0
grid,20,0.1,3.0,31,3.1,3.0975,62.0,264.0,0.3819660112501048,7.032247551122993,1.2598491467743034,0.0145,1.0,1
grid,20,0.1,3.0,31,3.1,3.108,62.0,264.0,0.3819660112501048,7.032247551122993,1.2952938876695863,0.0105,1.0,2
grid,20,0.1,3.0,31,3.1,3.112,62.0,264.0,0.3819660112501048,7.032247551122993,1.2892088499741161,0.0075,1.0,3
grid,20,0.1,3.0,31,3.1,3.1085,62.0,264.0,0.3819660112501048,7.032247551122993,1.3284203437191777,0.0105,1.0,4
grid,20,0.1,3.0,31,3.1,3.11,62.0,264.0,0.3819660112501048,7.032247551122993,1.2570147319835205,0.013,1.0,5
grid,20,0.1,3.0,31,3.1,3.1075,62.0,264.0,0.3819660112501048,7.032247551122993,1.270726783965532,0.007,1.0,6
grid,20,0.1,3.0,31,3.1,3.1075,62.0,264.0,0.3819660112501048,7.032247551122993,1.2476722715574615,0.015,1.0,7
grid,20,0.1,3.0,31,3.1,3.08,62.0,264.0,0.3819660112501048,7.032247551122993,1.2097299414833034,0.017,1.0,8
grid,20,0.1,3.0,31,3.1,3.09,62.0,264.0,0.3819660112501048,7.032247551122993,1.2496229259465677,0.012,1.0,9
grid,20,0.1,3.0,31,3.1,3.1235,62.0,264.0,0.3819660112501048,7.032247551122993,1.3109313799328295,0.008,1.0,10
grid,20,0.1,3.0,31,3.1,3.115,62.0,264.0,0.3819660112501048,7.032247551122993,1.267585629738366,0.0145,1.0,11
grid,20,0.1,3.0,31,3.1,3.099,62.0,264.0,0.3819660112501048,7.032247551122993,1.2435291331040759,0.0145,1.0,12
grid,20,0.1,3.0,31,3.1,3.0915,62.0,264.0,0.3819660112501048,7.032247551122993,1.3328472003209753,0.009,1.0,13
grid,20,0.1,3.0,31,3.1,3.113,62.0,264.0,0.3819660112501048,7.032247551122993,1.3180257165853426,0.0045,1.0,14
grid,20,0.1,3.0,31,3.1,3.0875,62.0,264.0,0.3819660112501048,7.032247551122993,1.3085120422296492,0.007,1.0,15
grid,20,0.1,3.0,31,3.1,3.0995,62.0,264.0,0.3819660112501048,7.032247551122993,1.3356368606184443,0.0065,1.0,16
grid,20,0.1,3.0,31,3.1,3.093,62.0,264.0,0.3819660112501048,7.032247551122993,1.3772642175457634,0.005,1.0,17
grid,20,0.1,3.0,31,3.1,3.103,62.0,264.0,0.3819660112501048,7.032247551122993,1.3304439805408237,0.007,1.0,18
grid,20,0.1,3.0,31,3.1,3.089,62.0,264.0,0.3819660112501048,7.032247551122993,1.3011184705832874,0.007,1.0,19
grid,20,0.2,0.5,31,3.1,3.1095,62.0,264.0,0.3819660112501048,7.032247551122993,5.252259528079954,0.011,0.0655,0
grid,20,0.2,0.5,31,3.1,3.0805,62.0,264.0,0.3819660112501048,7.032247551122993,4.90569848951394,0.0175,0.0935,1
grid,20,0.2,0.5,31,3.1,3.1065,62.0,264.0,0.3819660112501048,7.032247551122993,5.076156611720773,0.013,0.0835,2
grid,20,0.2,0.5,31,3.1,3.0895,62.0,264.0,0.3819660112501048,7.032247551122993,5.043561098862501,0.01,0.083,3
grid,20,0.2,0.5,31,3.1,3.1095,62.0,264.0,0.3819660112501048,7.032247551122993,4.923770948927799,0.0095,0.0825,4
grid,20,0.2,0.5,31,3.1,3.1005,62.0,264.0,0.3819660112501048,7.032247551122993,5.274713199006504,0.0095,0.061,5
grid,20,0.2,0.5,31,3.1,3.124,62.0,264.0,0.3819660112501048,7.032247551122993,5.3306539828945905,0.0045,0.0535,6
grid,20,0.2,0.5,31,3.1,3.091,62.0,264.0,0.3819660112501048,7.032247551122993,5.159016445341023,0.012,0.0655,7
grid,20,0.2,0.5,31,3.1,3.104,62.0,264.0,0.3819660112501048,7.032247551122993,5.408583851624812,0.0095,0.059,8
grid,20,0.2,0.5,31,3.1,3.0915,62.0,264.0,0.3819660112501048,7.032247551122993,5.128148776261155,0.0105,0.063,9
grid,20,0.2,0.5,31,3.1,3.099,62.0,264.0,0.3819660112501048,7.032247551122993,5.228173501197006,0.0075,0.0605,10
grid,20,0.2,0.5,31,3.1,3.0865,62.0,264.0,0.3819660112501048,7.032247551122993,5.362497119286218,0.0065,0.06,11
grid,20,0.2,0.5,31,3.1,3.0565,62.0,264.0,0.3819660112501048,7.032247551122993,4.9996340084743025,0.015,0.081,12
grid,20,0.2,0.5,31,3.1,3.1055,62.0,264.0,0.3819660112501048,7.032247551122993,5.184419867579963,0.009,0.0635,13
grid,20,0.2,0.5,31,3.1,3.13,62.0,264.0,0.3819660112501048,7.032247551122993,5.162897007974508,0.0085,0.07,14
grid,20,0.2,0.5,31,3.1,3.104,62.0,264.0,0.3819660112501048,7.032247551122993,5.114496725447102,0.011,0.0725,15
grid,20,0.2,0.5,31,3.1,3.102,62.0,264.0,0.3819660112501048,7.032247551122993,5.101826071788791,0.012,0.073,16
grid,20,0.2,0.5,31,3.1,3.0915,62.0,264.0,0.3819660112501048,7.032247551122993,5.1179144781259716,0.012,0.072,17
grid,20,0.2,0.5,31,3.1,3.1265,62.0,264.0,0.3819660112501048,7.032247551122993,5.29659510309346,0.0055,0.06,18
grid,20,0.2,0.5,31,3.1,3.101,62.0,264.0,0.3819660112501048,7.032247551122993,5.014196641810208,0.0115,0.079,19
grid,20,0.2,1.0,31,3.1,3.0995,62.0,264.0,0.3819660112501048,7.032247551122993,5.0518560352970585,0.015,0.584,0
grid,20,0.2,1.0,31,3.1,3.0745,62.0,264.0,0.3819660112501048,7.032247551122993,5.416972946413258,0.007,0.4815,1
grid,20,0.2,1.0,31,3.1,3.06,62.0,264.0,0.3819660112501048,7.032247551122993,5.180683462782789,0.009,0.535,2
grid,20,0.2,1.0,31,3.1,3.1165,62.0,264.0,0.3819660112501048,7.032247551122993,5.243055433237339,0.009,0.5145,3
grid,20,0.2,1.0,31,3.1,3.1255,62.0,264.0,0.3819660112501048,7.032247551122993,5.315791693355777,0.0055,0.518,4
grid,20,0.2,1.0,31,3.1,3.1,62.0,264.0,0.3819660112501048,7.032247551122993,5.100670723190861,0.008,0.556,5
grid,20,0.2,1.0,31,3.1,3.0875,62.0,264.0,0.3819660112501048,7.032247551122993,5.161360930130656,0.0095,0.533,6
grid,20,0.2,1.0,31,3.1,3.0995,62.0,264.0,0.3819660112501048,7.032247551122993,5.201384085898915,0.01,0.5335,7
grid,20,0.2,1.0,31,3.1,3.1365,62.0,264.0,0.3819660112501048,7.032247551122993,5.325659940765666,0.007,0.515,8
grid,20,0.2,1.0,31,3.1,3.083,62.0,264.0,0.3819660112501048,7.032247551122993,5.243966745545545,0.005,0.5035,9
grid,20,0.2,1.0,31,3.1,3.0855,62.0,264.0,0.3819660112501048,7.032247551122993,5.25179560910544,0.0085,0.516,10
grid,20,0.2,1.0,31,3.1,3.104,62.0,264.0,0.3819660112501048,7.032247551122993,5.150982215618763,0.012,0.546,11
grid,20,0.2,1.0,31,3.1,3.1035,62.0,264.0,0.3819660112501048,7.032247551122993,5.2733198184442855,0.0085,0.5265,12
grid,20,0.2,1.0,31,3.1,3.1075,62.0,264.0,0.3819660112501048,7.032247551122993,5.276902275745628,0.004,0.51,13
grid,20,0.2,1.0,31,3.1,3.1295,62.0,264.0,0.3819660112501048,7.032247551122993,5.415200307225278,0.01,0.476,14
grid,20,0.2,1.0,31,3.1,3.125,62.0,264.0,0.3819660112501048,7.032247551122993,5.496080437549453,0.005,0.4555,15
grid,20,0.2,1.0,31,3.1,3.103,62.0,264.0,0.3819660112501048,7.032247551122993,5.0153700746691,0.0095,0.5815,16
grid,20,0.2,1.0,31,3.1,3.1015,62.0,264.0,0.3819660112501048,7.032247551122993,5.141018614115715,0.011,0.53,17
grid,20,0.2,1.0,31,3.1,3.1165,62.0,264.0,0.3819660112501048,7.032247551122993,5.225262949277141,0.0085,0.5235,18
grid,20,0.2,1.0,31,3.1,3.077,62.0,264.0,0.3819660112501048,7.032247551122993,5.339223165696908,0.008,0.5035,19
grid,20,0.2,1.5,31,3.1,3.1275,62.0,264.0,0.3819660112501048,7.032247551122993,5.084559053008155,0.01,0.9575,0
grid,20,0.2,1.5,31,3.1,3.078,62.0,264.0,0.3819660112501048,7.032247551122993,5.104886952486089,0.009,0.965,1
grid,20,0.2,1.5,31,3.1,3.0995,62.0,264.0,0.3819660112501048,7.032247551122993,5.271786658230299,0.007,0.95,2
grid,20,0.2,1.5,31,3.1,3.0915,62.0,264.0,0.3819660112501048,7.032247551122993,5.426074285614553,0.005,0.944,3
grid,20,0.2,1.5,31,3.1,3.0915,62.0,264.0,0.3819660112501048,7.032247551122993,5.212002267861182,0.012,0.9585,4
grid,20,0.2,1.5,31,3.1,3.1,62.0,264.0,0.3819660112501048,7.032247551122993,5.151043414586958,0.016,0.9585,5
grid,20,0.2,1.5,31,3.1,3.102,62.0,264.0,0.3819660112501048,7.032247551122993,5.030000712967762,0.0135,0.9575,6
grid,20,0.2,1.5,31,3.1,3.079,62.0,264.0,0.3819660112501048,7.032247551122993,5.049831875476789,0.0095,0.963,7
grid,20,0.2,1.5,31,3.1,3.1025,62.0,264.0,0.3819660112501048,7.032247551122993,5.28309947098235,0.011,0.948,8
grid,20,0.2,1.5,31,3.1,3.1025,62.0,264.0,0.3819660112501048,7.032247551122993,5.251889296985434,0.0075,0.952,9
grid,20,0.2,1.5,31,3.1,3.091,62.0,264.0,0.3819660112501048,7.032247551122993,5.06081100662372,0.0085,0.964,10
grid,20,0.2,1.5,31,3.1,3.084,62.0,264.0,0.3819660112501048,7.032247551122993,5.139628831107545,0.01,0.961,11
grid,20,0.2,1.5,31,3.1,3.089,62.0,264.0,0.3819660112501048,7.032247551122993,5.189243431666239,0.0085,0.956,12
grid,20,0.2,1.5,31,3.1,3.088,62.0,264.0,0.3819660112501048,7.032247551122993,4.868466209717746,0.0205,0.9795,13
grid,20,0.2,1.5,31,3.1,3.1015,62.0,264.0,0.3819660112501048,7.032247551122993,5.165712951873373,0.0135,0.959,14
grid,20,0.2,1.5,31,3.1,3.086,62.0,264.0,0.3819660112501048,7.032247551122993,5.053915095005227,0.0125,0.962,15
grid,20,0.2,1.5,31,3.1,3.1455,62.0,264.0,0.3819660112501048,7.032247551122993,5.345728045567568,0.0065,0.952,16
grid,20,0.2,1.5,31,3.1,3.0855,62.0,264.0,0.3819660112501048,7.032247551122993,5.180537106876615,0.0075,0.954,17
grid,20,0.2,1.5,31,3.1,3.081,62.0,264.0,0.3819660112501048,7.032247551122993,5.099505217408655,0.011,0.9645,18
grid,20,0.2,1.5,31,3.1,3.0775,62.0,264.0,0.3819660112501048,7.032247551122993,5.577144538701864,0.0035,0.931,19
grid,20,0.2,2.0,31,3.1,3.116,62.0,264.0,0.3819660112501048,7.032247551122993,5.190322437388496,0.0115,0.9995,0
grid,20,0.2,2.0,31,3.1,3.1015,62.0,264.0,0.3819660112501048,7.032247551122993,5.15664232830872,0.0095,0.9995,1
grid,20,0.2,2.0,31,3.1,3.0985,62.0,264.0,0.3819660112501048,7.032247551122993,4.813358143153353,0.014,1.0,2
grid,20,0.2,2.0,31,3.1,3.124,62.0,264.0,0.3819660112501048,7.032247551122993,5.270772064474133,0.0065,0.9995,3
grid,20,0.2,2.0,31,3.1,3.097,62.0,264.0,0.3819660112501048,7.032247551122993,4.948052331526599,0.022,1.0,4
grid,20,0.2,2.0,31,3.1,3.1215,62.0,264.0,0.3819660112501048,7.032247551122993,5.2707198693614705,0.007,1.0,5
grid,20,0.2,2.0,31,3.1,3.116,62.0,264.0,0.3819660112501048,7.032247551122993,5.285882999602088,0.01,0.9995,6
grid,20,0.2,2.0,31,3.1,3.09,62.0,264.0,0.3819660112501048,7.032247551122993,5.369219678519168,0.0075,0.999,7
grid,20,0.2,2.0,31,3.1,3.102,62.0,264.0,0.3819660112501048,7.032247551122993,5.319252273291559,0.007,0.9995,8
grid,20,0.2,2.0,31,3.1,3.08,62.0,264.0,0.3819660112501048,7.032247551122993,5.227229406965795,0.0085,0.9995,9
grid,20,0.2,2.0,31,3.1,3.11,62.0,264.0,0.3819660112501048,7.032247551122993,4.9381604428351205,0.0145,1.0,10
grid,20,0.2,2.0,31,3.1,3.096,62.0,264.0,0.3819660112501048,7.032247551122993,5.04824332082985,0.0155,0.9995,11
grid,20,0.2,2.0,31,3.1,3.0955,62.0,264.0,0.3819660112501048,7.032247551122993,5.510512767980547,0.005,0.999,12
grid,20,0.2,2.0,31,3.1,3.084,62.0,264.0,0.3819660112501048,7.032247551122993,5.186572056276054,0.014,0.999,13
grid,20,0.2,2.0,31,3.1,3.109,62.0,264.0,0.3819660112501048,7.032247551122993,5.245438323103325,0.011,1.0,14
grid,20,0.2,2.0,31,3.1,3.0935,62.0,264.0,0.3819660112501048,7.032247551122993,5.049718371447545,0.012,0.9995,15
grid,20,0.2,2.0,31,3.1,3.1045,62.0,264.0,0.3819660112501048,7.032247551122993,4.9900766716541884,0.0105,1.0,16
grid,20,0.2,2.0,31,3.1,3.0785,62.0,264.0,0.3819660112501048,7.032247551122993,5.063513888739142,0.012,1.0,17
grid,20,0.2,2.0,31,3.1,3.083,62.0,264.0,0.3819660112501048,7.032247551122993,5.100047822715218,0.0095,0.9995,18
grid,20,0.2,2.0,31,3.1,3.1005,62.0,264.0,0.3819660112501048,7.032247551122993,5.298879745829794,0.0085,0.9995,19
grid,20,0.2,3.0,31,3.1,3.1055,62.0,264.0,0.3819660112501048,7.032247551122993,5.216672669413902,0.0055,1.0,0
grid,20,0.2,3.0,31,3.1,3.102,62.0,264.0,0.3819660112501048,7.032247551122993,4.926545270574449,0.0115,1.0,1
grid,20,0.2,3.0,31,3.1,3.1115,62.0,264.0,0.3819660112501048,7.032247551122993,4.973954912762141,0.0135,1.0,2
grid,20,0.2,3.0,31,3.1,3.1055,62.0,264.0,0.3819660112501048,7.032247551122993,5.205766264640706,0.007,1.0,3
grid,20,0.2,3.0,31,3.1,3.1045,62.0,264.0,0.3819660112501048,7.032247551122993,5.1568424538373705,0.0115,1.0,4
grid,20,0.2,3.0,31,3.1,3.0795,62.0,264.0,0.3819660112501048,7.032247551122993,4.999732447478734,0.02,1.0,5
grid,20,0.2,3.0,31,3.1,3.1075,62.0,264.0,0.3819660112501048,7.032247551122993,5.226150781502008,0.0075,1.0,6
grid,20,0.2,3.0,31,3.1,3.11,62.0,264.0,0.3819660112501048,7.032247551122993,5.194950418605242,0.0055,1.0,7
grid,20,0.2,3.0,31,3.1,3.111,62.0,264.0,0.3819660112501048,7.032247551122993,5.341834833215759,0.01,1.0,8
grid,20,0.2,3.0,31,3.1,3.125,62.0,264.0,0.3819660112501048,7.032247551122993,5.123418333423725,0.011,1.0,9
grid,20,0.2,3.0,31,3.1,3.097,62.0,264.0,0.3819660112501048,7.032247551122993,5.2985654005720235,0.007,1.0,10
grid,20,0.2,3.0,31,3.1,3.0765,62.0,264.0,0.3819660112501048,7.032247551122993,5.053484475358689,0.0135,1.0,11
grid,20,0.2,3.0,31,3.1,3.0965,62.0,264.0,0.3819660112501048,7.032247551122993,5.179134865442889,0.0095,1.0,12
grid,20,0.2,3.0,31,3.1,3.082,62.0,264.0,0.3819660112501048,7.032247551122993,5.23374300668993,0.007,1.0,13
grid,20,0.2,3.0,31,3.1,3.105,62.0,264.0,0.3819660112501048,7.032247551122993,5.067055000042368,0.01,1.0,14
grid,20,0.2,3.0,31,3.1,3.0975,62.0,264.0,0.3819660112501048,7.032247551122993,5.25818727587052,0.01,1.0,15
grid,20,0.2,3.0,31,3.1,3.124,62.0,264.0,0.3819660112501048,7.032247551122993,5.334256821752237,0.011,1.0,16
grid,20,0.2,3.0,31,3.1,3.0995,62.0,264.0,0.3819660112501048,7.032247551122993,5.24104284278339,0.0085,1.0,17
grid,20,0.2,3.0,31,3.1,3.1145,62.0,264.0,0.3819660112501048,7.032247551122993,5.185162190609046,0.0085,1.0,18
grid,20,0.2,3.0,31,3.1,3.0915,62.0,264.0,0.3819660112501048,7.032247551122993,5.210575962850514,0.011,1.0,19
grid,20,0.3,0.5,31,3.1,3.1215,62.0,264.0,0.3819660112501048,7.032247551122993,12.065178623122378,0.007,0.021,0
grid,20,0.3,0.5,31,3.1,3.086,62.0,264.0,0.3819660112501048,7.032247551122993,11.343260734038008,0.012,0.032,1
grid,20,0.3,0.5,31,3.1,3.0845,62.0,264.0,0.3819660112501048,7.032247551122993,11.055777967620484,0.0175,0.035,2
grid,20,0.3,0.5,31,3.1,3.115,62.0,264.0,0.3819660112501048,7.032247551122993,11.702835748068475,0.0095,0.022,3
grid,20,0.3,0.5,31,3.1,3.1245,62.0,264.0,0.3819660112501048,7.032247551122993,11.521397210301815,0.013,0.032,4
grid,20,0.3,0.5,31,3.1,3.118,62.0,264.0,0.3819660112501048,7.032247551122993,11.844709653654581,0.0085,0.0275,5
grid,20,0.3,0.5,31,3.1,3.1165,62.0,264.0,0.3819660112501048,7.032247551122993,11.633070805968892,0.0105,0.029,6
grid,20,0.3,0.5,31,3.1,3.0815,62.0,264.0,0.3819660112501048,7.032247551122993,11.681800321507232,0.011,0.0225,7
grid,20,0.3,0.5,31,3.1,3.096,62.0,264.0,0.3819660112501048,7.032247551122993,11.52461914185939,0.011,0.031,8
grid,20,0.3,0.5,31,3.1,3.0905,62.0,264.0,0.3819660112501048,7.032247551122993,11.39154126996945,0.0185,0.034,9
grid,20,0.3,0.5,31,3.1,3.0955,62.0,264.0,0.3819660112501048,7.032247551122993,11.481823826160785,0.0095,0.0305,10
grid,20,0.3,0.5,31,3.1,3.0865,62.0,264.0,0.3819660112501048,7.032247551122993,11.512956163389015,0.0115,0.0325,11
grid,20,0.3,0.5,31,3.1,3.076,62.0,264.0,0.3819660112501048,7.032247551122993,11.875388139690168,0.0105,0.025,12
grid,20,0.3,0.5,31,3.1,3.1015,62.0,264.0,0.3819660112501048,7.032247551122993,11.557526890652923,0.0125,0.029,13
grid,20,0.3,0.5,31,3.1,3.1205,62.0,264.0,0.3819660112501048,7.032247551122993,11.51950672845877,0.0115,0.0305,14
grid,20,0.3,0.5,31,3.1,3.113,62.0,264.0,0.3819660112501048,7.032247551122993,12.028591690397867,0.005,0.0225,15
grid,20,0.3,0.5,31,3.1,3.094,62.0,264.0,0.3819660112501048,7.032247551122993,11.597407326213396,0.0115,0.0315,16
grid,20,0.3,0.5,31,3.1,3.103,62.0,264.0,0.3819660112501048,7.032247551122993,11.130629478703021,0.0145,0.0275,17
grid,20,0.3,0.5,31,3.1,3.107,62.0,264.0,0.3819660112501048,7.032247551122993,11.887418557076888,0.0075,0.027,18
grid,20,0.3,0.5,31,3.1,3.1125,62.0,264.0,0.3819660112501048,7.032247551122993,11.173836351382832,0.018,0.038,19
grid,20,0.3,1.0,31,3.1,3.0925,62.0,264.0,0.3819660112501048,7.032247551122993,11.738248845920976,0.012,0.1595,0
grid,20,0.3,1.0,31,3.1,3.0895,62.0,264.0,0.3819660112501048,7.032247551122993,11.468091430991487,0.0175,0.178,1
grid,20,0.3,1.0,31,3.1,3.122,62.0,264.0,0.3819660112501048,7.032247551122993,11.881340055910018,0.01,0.153,2
grid,20,0.3,1.0,31,3.1,3.0905,62.0,264.0,0.3819660112501048,7.032247551122993,11.434004492623044,0.012,0.1615,3
grid,20,0.3,1.0,31,3.1,3.078,62.0,264.0,0.3819660112501048,7.032247551122993,11.866856746170788,0.0085,0.15,4
grid,20,0.3,1.0,31,3.1,3.0895,62.0,264.0,0.3819660112501048,7.032247551122993,11.86263482183464,0.005,0.15,5
grid,20,0.3,1.0,31,3.1,3.1005,62.0,264.0,0.3819660112501048,7.032247551122993,11.866958641359595,0.0055,0.1495,6
grid,20,0.3,1.0,31,3.1,3.114,62.0,264.0,0.3819660112501048,7.032247551122993,12.138669742134013,0.005,0.132,7
grid,20,0.3,1.0,31,3.1,3.101,62.0,264.0,0.3819660112501048,7.032247551122993,11.737597061860493,0.0125,0.147,8
grid,20,0.3,1.0,31,3.1,3.09,62.0,264.0,0.3819660112501048,7.032247551122993,11.679667335548771,0.0095,0.151,9
grid,20,0.3,1.0,31,3.1,3.0975,62.0,264.0,0.3819660112501048,7.032247551122993,11.66000977482806,0.008,0.1585,10
grid,20,0.3,1.0,31,3.1,3.1305,62.0,264.0,0.3819660112501048,7.032247551122993,11.482469664114166,0.0115,0.184,11
grid,20,0.3,1.0,31,3.1,3.106,62.0,264.0,0.3819660112501048,7.032247551122993,11.528690354796977,0.008,0.169,12
grid,20,0.3,1.0,31,3.1,3.099,62.0,264.0,0.3819660112501048,7.032247551122993,11.61706748513386,0.006,0.1675,13
grid,20,0.3,1.0,31,3.1,3.096,62.0,264.0,0.3819660112501048,7.032247551122993,12.071033641953893,0.006,0.132,14
grid,20,0.3,1.0,31,3.1,3.0655,62.0,264.0,0.3819660112501048,7.032247551122993,11.727879375745905,0.007,0.145,15
grid,20,0.3,1.0,31,3.1,3.097,62.0,264.0,0.3819660112501048,7.032247551122993,11.16853891498282,0.011,0.1975,16
grid,20,0.3,1.0,31,3.1,3.1295,62.0,264.0,0.3819660112501048,7.032247551122993,11.69428114709492,0.0095,0.1505,17
grid,20,0.3,1.0,31,3.1,3.1025,62.0,264.0,0.3819660112501048,7.032247551122993,11.038342331831753,0.015,0.2,18
grid,20,0.3,1.0,31,3.1,3.0845,62.0,264.0,0.3819660112501048,7.032247551122993,11.258631284772548,0.012,0.1795,19
grid,20,0.3,1.5,31,3.1,3.108,62.0,264.0,0.3819660112501048,7.032247551122993,11.836364374755476,0.0105,0.5165,0
grid,20,0.3,1.5,31,3.1,3.12,62.0,264.0,0.3819660112501048,7.032247551122993,11.619017172082792,0.008,0.56,1
grid,20,0.3,1.5,31,3.1,3.11,62.0,264.0,0.3819660112501048,7.032247551122993,12.153532821940525,0.008,0.4825,2
grid,20,0.3,1.5,31,3.1,3.1145,62.0,264.0,0.3819660112501048,7.032247551122993,11.714987552638195,0.012,0.5385,3
grid,20,0.3,1.5,31,3.1,3.116,62.0,264.0,0.3819660112501048,7.032247551122993,11.638466929351942,0.0115,0.536,4
grid,20,0.3,1.5,31,3.1,3.083,62.0,264.0,0.3819660112501048,7.032247551122993,11.374804379471826,0.01,0.576,5
grid,20,0.3,1.5,31,3.1,3.093,62.0,264.0,0.3819660112501048,7.032247551122993,12.172554352190728,0.0065,0.4835,6
grid,20,0.3,1.5,31,3.1,3.0715,62.0,264.0,0.3819660112501048,7.032247551122993,10.855097003924145,0.0165,0.638,7
grid,20,0.3,1.5,31,3.1,3.08,62.0,264.0,0.3819660112501048,7.032247551122993,11.397406039784608,0.0105,0.547,8
grid,20,0.3,1.5,31,3.1,3.0845,62.0,264.0,0.3819660112501048,7.032247551122993,12.286160090905245,0.0055,0.478,9
grid,20,0.3,1.5,31,3.1,3.1025,62.0,264.0,0.3819660112501048,7.032247551122993,11.179938973627472,0.0135,0.594,10
grid,20,0.3,1.5,31,3.1,3.0765,62.0,264.0,0.3819660112501048,7.032247551122993,11.01913165949924,0.014,0.5915,11
grid,20,0.3,1.5,31,3.1,3.089,62.0,264.0,0.3819660112501048,7.032247551122993,11.576167225252933,0.0145,0.533,12
grid,20,0.3,1.5,31,3.1,3.0805,62.0,264.0,0.3819660112501048,7.032247551122993,11.80875481214111,0.008,0.527,13
grid,20,0.3,1.5,31,3.1,3.086,62.0,264.0,0.3819660112501048,7.032247551122993,11.64639395129658,0.0095,0.5315,14
grid,20,0.3,1.5,31,3.1,3.076,62.0,264.0,0.3819660112501048,7.032247551122993,11.78170371019245,0.0055,0.506,15
grid,20,0.3,1.5,31,3.1,3.0725,62.0,264.0,0.3819660112501048,7.032247551122993,11.270781139796751,0.009,0.5665,16
grid,20,0.3,1.5,31,3.1,3.0875,62.0,264.0,0.3819660112501048,7.032247551122993,11.495258731109223,0.0105,0.559,17
grid,20,0.3,1.5,31,3.1,3.1295,62.0,264.0,0.3819660112501048,7.032247551122993,11.336680247407003,0.0165,0.5985,18
grid,20,0.3,1.5,31,3.1,3.0825,62.0,264.0,0.3819660112501048,7.032247551122993,11.673739546847562,0.008,0.5275,19
grid,20,0.3,2.0,31,3.1,3.101,62.0,264.0,0.3819660112501048,7.032247551122993,11.513928732004008,0.0115,0.8895,0
grid,20,0.3,2.0,31,3.1,3.098,62.0,264.0,0.3819660112501048,7.032247551122993,11.932918794258686,0.004,0.8755,1
grid,20,0.3,2.0,31,3.1,3.091,62.0,264.0,0.3819660112501048,7.032247551122993,11.875659562163486,0.01,0.872,2
grid,20,0.3,2.0,31,3.1,3.077,62.0,264.0,0.3819660112501048,7.032247551122993,11.292824135465882,0.0105,0.897,3
grid,20,0.3,2.0,31,3.1,3.1005,62.0,264.0,0.3819660112501048,7.032247551122993,11.67054369597296,0.0075,0.8925,4
grid,20,0.3,2.0,31,3.1,3.096,62.0,264.0,0.3819660112501048,7.032247551122993,11.46673518144614,0.0115,0.884,5
grid,20,0.3,2.0,31,3.1,3.11,62.0,264.0,0.3819660112501048,7.032247551122993,12.062009995974098,0.007,0.876,6
grid,20,0.3,2.0,31,3.1,3.1185,62.0,264.0,0.3819660112501048,7.032247551122993,11.377430979672344,0.0125,0.9065,7
grid,20,0.3,2.0,31,3.1,3.0985,62.0,264.0,0.3819660112501048,7.032247551122993,11.37700160022889,0.009,0.8935,8
grid,20,0.3,2.0,31,3.1,3.114,62.0,264.0,0.3819660112501048,7.032247551122993,11.707229632100509,0.009,0.8815,9
grid,20,0.3,2.0,31,3.1,3.121,62.0,264.0,0.3819660112501048,7.032247551122993,11.451055194237844,0.013,0.9095,10
grid,20,0.3,2.0,31,3.1,3.109,62.0,264.0,0.3819660112501048,7.032247551122993,11.595465586903993,0.0095,0.888,11
grid,20,0.3,2.0,31,3.1,3.1215,62.0,264.0,0.3819660112501048,7.032247551122993,11.606555109773794,0.0105,0.895,12
grid,20,0.3,2.0,31,3.1,3.1115,62.0,264.0,0.3819660112501048,7.032247551122993,11.221472258010145,0.012,0.909,13
grid,20,0.3,2.0,31,3.1,3.105,62.0,264.0,0.3819660112501048,7.032247551122993,11.95051331996862,0.0085,0.8615,14
grid,20,0.3,2.0,31,3.1,3.094,62.0,264.0,0.3819660112501048,7.032247551122993,11.538938977664037,0.0125,0.901,15
grid,20,0.3,2.0,31,3.1,3.097,62.0,264.0,0.3819660112501048,7.032247551122993,11.603831730082714,0.0105,0.8855,16
grid,20,0.3,2.0,31,3.1,3.0925,62.0,264.0,0.3819660112501048,7.032247551122993,11.261615774733299,0.02,0.905,17
grid,20,0.3,2.0,31,3.1,3.096,62.0,264.0,0.3819660112501048,7.032247551122993,11.368843288909348,0.014,0.891,18
grid,20,0.3,2.0,31,3.1,3.101,62.0,264.0,0.3819660112501048,7.032247551122993,11.668525921958118,0.0105,0.884,19
grid,20,0.3,3.0,31,3.1,3.0915,62.0,264.0,0.3819660112501048,7.032247551122993,11.359452745375942,0.015,0.9995,0
grid,20,0.3,3.0,31,3.1,3.1075,62.0,264.0,0.3819660112501048,7.032247551122993,12.031714821811699,0.006,0.9995,1
grid,20,0.3,3.0,31,3.1,3.0895,62.0,264.0,0.3819660112501048,7.032247551122993,11.597709506249695,0.01,0.9995,2
grid,20,0.3,3.0,31,3.1,3.11,62.0,264.0,0.3819660112501048,7.032247551122993,11.515099867851506,0.014,1.0,3
grid,20,0.3,3.0,31,3.1,3.1205,62.0,264.0,0.3819660112501048,7.032247551122993,11.627848207555651,0.01,1.0,4
grid,20,0.3,3.0,31,3.1,3.092,62.0,264.0,0.3819660112501048,7.032247551122993,11.575791860928355,0.0075,0.9995,5
grid,20,0.3,3.0,31,3.1,3.123,62.0,264.0,0.3819660112501048,7.032247551122993,11.251981736268553,0.0115,1.0,6
grid,20,0.3,3.0,31,3.1,3.089,62.0,264.0,0.3819660112501048,7.032247551122993,11.348984502368497,0.0105,1.0,7
grid,20,0.3,3.0,31,3.1,3.099,62.0,264.0,0.3819660112501048,7.032247551122993,11.473329010361477,0.012,1.0,8
grid,20,0.3,3.0,31,3.1,3.1025,62.0,264.0,0.3819660112501048,7.032247551122993,11.436634777148173,0.009,1.0,9
grid,20,0.3,3.0,31,3.1,3.0855,62.0,264.0,0.3819660112501048,7.032247551122993,11.798381363910531,0.01,1.0,10
grid,20,0.3,3.0,31,3.1,3.1155,62.0,264.0,0.3819660112501048,7.032247551122993,11.64893354979373,0.0065,1.0,11
grid,20,0.3,3.0,31,3.1,3.107,62.0,264.0,0.3819660112501048,7.032247551122993,11.808760903615669,0.0125,0.9995,12
grid,20,0.3,3.0,31,3.1,3.0825,62.0,264.0,0.3819660112501048,7.032247551122993,11.490903266212005,0.012,1.0,13
grid,20,0.3,3.0,31,3.1,3.114,62.0,264.0,0.3819660112501048,7.032247551122993,11.348084440656464,0.01,0.9995,14
grid,20,0.3,3.0,31,3.1,3.0905,62.0,264.0,0.3819660112501048,7.032247551122993,11.704419602911678,0.011,0.9995,15
grid,20,0.3,3.0,31,3.1,3.102,62.0,264.0,0.3819660112501048,7.032247551122993,11.287773928758106,0.013,1.0,16
grid,20,0.3,3.0,31,3.1,3.119,62.0,264.0,0.3819660112501048,7.032247551122993,11.424400234737474,0.009,1.0,17
grid,20,0.3,3.0,31,3.1,3.0945,62.0,264.0,0.3819660112501048,7.032247551122993,11.275257606985441,0.0125,0.9995,18
grid,20,0.3,3.0,31,3.1,3.0835,62.0,264.0,0.3819660112501048,7.032247551122993,11.760771149843258,0.0105,0.9995,19
grid,40,0.1,0.5,67,3.35,3.347,134.0,602.0,0.19741656992226267,7.512389811858589,2.235190355328156,0.0125,0.4345,0
grid,40,0.1,0.5,67,3.35,3.3545,134.0,602.0,0.19741656992226267,7.512389811858589,2.2259434279200976,0.018,0.4265,1
grid,40,0.1,0.5,67,3.35,3.3675,134.0,602.0,0.19741656992226267,7.512389811858589,2.3283672224169036,0.0095,0.358,2
grid,40,0.1,0.5,67,3.35,3.4095,134.0,602.0,0.19741656992226267,7.512389811858589,2.293746147669918,0.007,0.4045,3
grid,40,0.1,0.5,67,3.35,3.337,134.0,602.0,0.19741656992226267,7.512389811858589,2.336156265286461,0.0065,0.363,4
grid,40,0.1,0.5,67,3.35,3.344,134.0,602.0,0.19741656992226267,7.512389811858589,2.2426878272050343,0.0115,0.419,5
grid,40,0.1,0.5,67,3.35,3.3345,134.0,602.0,0.19741656992226267,7.512389811858589,2.3614777564018428,0.01,0.3395,6
grid,40,0.1,0.5,67,3.35,3.345,134.0,602.0,0.19741656992226267,7.512389811858589,2.359855888610658,0.0115,0.335,7
grid,40,0.1,0.5,67,3.35,3.3605,134.0,602.0,0.19741656992226267,7.512389811858589,2.31666617372104,0.0095,0.3605,8
grid,40,0.1,0.5,67,3.35,3.3265,134.0,602.0,0.19741656992226267,7.512389811858589,2.3519034350946715,0.0075,0.346,9
grid,40,0.1,0.5,67,3.35,3.352,134.0,602.0,0.19741656992226267,7.512389811858589,2.314265169201709,0.0055,0.352,10
grid,40,0.1,0.5,67,3.35,3.329,134.0,602.0,0.19741656992226267,7.512389811858589,2.328678078498744,0.008,0.3595,11
grid,40,0.1,0.5,67,3.35,3.347,134.0,602.0,0.19741656992226267,7.512389811858589,2.3151593263083865,0.0125,0.3565,12
grid,40,0.1,0.5,67,3.35,3.3385,134.0,602.0,0.19741656992226267,7.512389811858589,2.270992445325675,0.009,0.381,13
grid,40,0.1,0.5,67,3.35,3.3415,134.0,602.0,0.19741656992226267,7.512389811858589,2.219018179062594,0.0125,0.4445,14
grid,40,0.1,0.5,67,3.35,3.3345,134.0,602.0,0.19741656992226267,7.512389811858589,2.2862013811014124,0.009,0.3975,15
grid,40,0.1,0.5,67,3.35,3.3505,134.0,602.0,0.19741656992226267,7.512389811858589,2.2693223906376216,0.009,0.4025,16
grid,40,0.1,0.5,67,3.35,3.3515,134.0,602.0,0.19741656992226267,7.512389811858589,2.243219909838057,0.0165,0.4145,17
grid,40,0.1,0.5,67,3.35,3.3315,134.0,602.0,0.19741656992226267,7.512389811858589,2.242919043582159,0.0145,0.4015,18
grid,40,0.1,0.5,67,3.35,3.3775,134.0,602.0,0.19741656992226267,7.512389811858589,2.322083218007547,0.0085,0.367,19
grid,40,0.1,1.0,67,3.35,3.3795,134.0,602.0,0.19741656992226267,7.512389811858589,2.370262009118847,0.0065,0.993,0
grid,40,0.1,1.0,67,3.35,3.3745,134.0,602.0,0.19741656992226267,7.512389811858589,2.2256408928176317,0.014,0.997,1
grid,40,0.1,1.0,67,3.35,3.35,134.0,602.0,0.19741656992226267,7.512389811858589,2.2075560421017695,0.0155,0.9975,2
grid,40,0.1,1.0,67,3.35,3.37,134.0,602.0,0.19741656992226267,7.512389811858589,2.269345114380832,0.0155,0.9985,3
grid,40,0.1,1.0,67,3.35,3.36,134.0,602.0,0.19741656992226267,7.512389811858589,2.288970871271187,0.0125,0.996,4
grid,40,0.1,1.0,67,3.35,3.3455,134.0,602.0,0.19741656992226267,7.512389811858589,2.2989375784175263,0.0085,0.996,5
grid,40,0.1,1.0,67,3.35,3.38,134.0,602.0,0.19741656992226267,7.512389811858589,2.3200519507602597,0.0075,0.9965,6
grid,40,0.1,1.0,67,3.35,3.346,134.0,602.0,0.19741656992226267,7.512389811858589,2.2622577147496585,0.013,0.997,7
grid,40,0.1,1.0,67,3.35,3.365,134.0,602.0,0.19741656992226267,7.512389811858589,2.3077448653429244,0.009,0.9935,8
grid,40,0.1,1.0,67,3.35,3.3495,134.0,602.0,0.19741656992226267,7.512389811858589,2.2725056383906193,0.008,0.9965,9
grid,40,0.1,1.0,67,3.35,3.346,134.0,602.0,0.19741656992226267,7.512389811858589,2.3222034505521774,0.0115,0.996,10
grid,40,0.1,1.0,67,3.35,3.3485,134.0,602.0,0.19741656992226267,7.512389811858589,2.2842096894659027,0.0085,0.9975,11
grid,40,0.1,1.0,67,3.35,3.3625,134.0,602.0,0.19741656992226267,7.512389811858589,2.3435804936793785,0.009,0.9965,12
grid,40,0.1,1.0,67,3.35,3.339,134.0,602.0,0.19741656992226267,7.512389811858589,2.2788886416975735,0.0085,0.9965,13
grid,40,0.1,1.0,67,3.35,3.3485,134.0,602.0,0.19741656992226267,7.512389811858589,2.2467789052414244,0.0155,0.997,14
grid,40,0.1,1.0,67,3.35,3.364,134.0,602.0,0.19741656992226267,7.512389811858589,2.3177843033722216,0.0115,0.9965,15
grid,40,0.1,1.0,67,3.35,3.391,134.0,602.0,0.19741656992226267,7.512389811858589,2.3037001264667736,0.007,0.998,16
grid,40,0.1,1.0,67,3.35,3.359,134.0,602.0,0.19741656992226267,7.512389811858589,2.2885140684311227,0.008,0.9955,17
grid,40,0.1,1.0,67,3.35,3.3355,134.0,602.0,0.19741656992226267,7.512389811858589,2.3311486291876986,0.008,0.995,18
grid,40,0.1,1.0,67,3.35,3.3295,134.0,602.0,0.19741656992226267,7.512389811858589,2.2573008291080683,0.014,0.9965,19
grid,40,0.1,1.5,67,3.35,3.331,134.0,602.0,0.19741656992226267,7.512389811858589,2.3808965672552844,0.0065,1.0,0
grid,40,0.1,1.5,67,3.35,3.3635,134.0,602.0,0.19741656992226267,7.512389811858589,2.288512995233604,0.0075,1.0,1
grid,40,0.1,1.5,67,3.35,3.347,134.0,602.0,0.19741656992226267,7.512389811858589,2.2485648607830853,0.0115,1.0,2
grid,40,0.1,1.5,67,3.35,3.351,134.0,602.0,0.19741656992226267,7.512389811858589,2.309999835440504,0.011,1.0,3
grid,40,0.1,1.5,67,3.35,3.3195,134.0,602.0,0.19741656992226267,7.512389811858589,2.327226724034798,0.012,1.0,4
grid,40,0.1,1.5,67,3.35,3.34,134.0,602.0,0.19741656992226267,7.512389811858589,2.360887922209602,0.0055,1.0,5
grid,40,0.1,1.5,67,3.35,3.357,134.0,602.0,0.19741656992226267,7.512389811858589,2.3030603729113865,0.0095,1.0,6
grid,40,0.1,1.5,67,3.35,3.3375,134.0,602.0,0.19741656992226267,7.512389811858589,2.3055957174465704,0.0095,1.0,7
grid,40,0.1,1.5,67,3.35,3.3525,134.0,602.0,0.19741656992226267,7.512389811858589,2.2386413861116767,0.0145,1.0,8
grid,40,0.1,1.5,67,3.35,3.381,134.0,602.0,0.19741656992226267,7.512389811858589,2.280999440124477,0.0095,1.0,9
grid,40,0.1,1.5,67,3.35,3.37,134.0,602.0,0.19741656992226267,7.512389811858589,2.2574699984319637,0.0145,1.0,10
grid,40,0.1,1.5,67,3.35,3.357,134.0,602.0,0.19741656992226267,7.512389811858589,2.367587530913075,0.007,1.0,11
grid,40,0.1,1.5,67,3.35,3.329,134.0,602.0,0.19741656992226267,7.512389811858589,2.352064367406172,0.0105,1.0,12
grid,40,0.1,1.5,67,3.35,3.3645,134.0,602.0,0.19741656992226267,7.512389811858589,2.2641714314653982,0.012,1.0,13
grid,40,0.1,1.5,67,3.35,3.368,134.0,602.0,0.19741656992226267,7.512389811858589,2.322674551169092,0.013,1.0,14
grid,40,0.1,1.5,67,3.35,3.368,134.0,602.0,0.19741656992226267,7.512389811858589,2.312405165314514,0.011,1.0,15
grid,40,0.1,1.5,67,3.35,3.3535,134.0,602.0,0.19741656992226267,7.512389811858589,2.2410057553229246,0.0165,1.0,16
grid,40,0.1,1.5,67,3.35,3.355,134.0,602.0,0.19741656992226267,7.512389811858589,2.31458371573552,0.01,1.0,17
grid,40,0.1,1.5,67,3.35,3.3525,134.0,602.0,0.19741656992226267,7.512389811858589,2.258044599502808,0.012,1.0,18
grid,40,0.1,1.5,67,3.35,3.332,134.0,602.0,0.19741656992226267,7.512389811858589,2.2710906146967544,0.0115,1.0,19
grid,40,0.1,2.0,67,3.35,3.3885,134.0,602.0,0.19741656992226267,7.512389811858589,2.344766969414946,0.0065,1.0,0
grid,40,0.1,2.0,67,3.35,3.3515,134.0,602.0,0.19741656992226267,7.512389811858589,2.2633163645761267,0.008,1.0,1
grid,40,0.1,2.0,67,3.35,3.3695,134.0,602.0,0.19741656992226267,7.512389811858589,2.29873781411133,0.01,1.0,2
grid,40,0.1,2.0,67,3.35,3.349,134.0,602.0,0.19741656992226267,7.512389811858589,2.242428954517262,0.012,1.0,3
grid,40,0.1,2.0,67,3.35,3.3385,134.0,602.0,0.19741656992226267,7.512389811858589,2.2646455393586447,0.015,1.0,4
grid,40,0.1,2.0,67,3.35,3.341,134.0,602.0,0.19741656992226267,7.512389811858589,2.3586686151916854,0.005,1.0,5
grid,40,0.1,2.0,67,3.35,3.3305,134.0,602.0,0.19741656992226267,7.512389811858589,2.327171734650555,0.0055,1.0,6
grid,40,0.1,2.0,67,3.35,3.3545,134.0,602.0,0.19741656992226267,7.512389811858589,2.2780583317657377,0.0095,1.0,7
grid,40,0.1,2.0,67,3.35,3.3355,134.0,602.0,0.19741656992226267,7.512389811858589,2.2917019174004314,0.0105,1.0,8
grid,40,0.1,2.0,67,3.35,3.369,134.0,602.0,0.19741656992226267,7.512389811858589,2.2726741097162972,0.0145,1.0,9
grid,40,0.1,2.0,67,3.35,3.336,134.0,602.0,0.19741656992226267,7.512389811858589,2.307504297276621,0.0105,1.0,10
grid,40,0.1,2.0,67,3.35,3.352,134.0,602.0,0.19741656992226267,7.512389811858589,2.3022641219645945,0.008,1.0,11
grid,40,0.1,2.0,67,3.35,3.3475,134.0,602.0,0.19741656992226267,7.512389811858589,2.2827910233954833,0.009,1.0,12
grid,40,0.1,2.0,67,3.35,3.328,134.0,602.0,0.19741656992226267,7.512389811858589,2.3206667589455163,0.0105,1.0,13
grid,40,0.1,2.0,67,3.35,3.3595,134.0,602.0,0.19741656992226267,7.512389811858589,2.285587772652257,0.0115,1.0,14
grid,40,0.1,2.0,67,3.35,3.343,134.0,602.0,0.19741656992226267,7.512389811858589,2.2439169237482255,0.0125,1.0,15
grid,40,0.1,2.0,67,3.35,3.3495,134.0,602.0,0.19741656992226267,7.512389811858589,2.2724277368227654,0.011,1.0,16
grid,40,0.1,2.0,67,3.35,3.349,134.0,602.0,0.19741656992226267,7.512389811858589,2.30296978387604,0.009,1.0,17
grid,40,0.1,2.0,67,3.35,3.34,134.0,602.0,0.19741656992226267,7.512389811858589,2.231615188262152,0.0175,1.0,18
grid,40,0.1,2.0,67,3.35,3.358,134.0,602.0,0.19741656992226267,7.512389811858589,2.2901988786184386,0.0105,1.0,19
grid,40,0.1,3.0,67,3.35,3.3645,134.0,602.0,0.19741656992226267,7.512389811858589,2.3477567436442457,0.0055,1.0,0
grid,40,0.1,3.0,67,3.35,3.3645,134.0,602.0,0.19741656992226267,7.512389811858589,2.264935542559725,0.008,1.0,1
grid,40,0.1,3.0,67,3.35,3.3485,134.0,602.0,0.19741656992226267,7.512389811858589,2.3007290653804917,0.008,1.0,2
grid,40,0.1,3.0,67,3.35,3.3795,134.0,602.0,0.19741656992226267,7.512389811858589,2.288158125649849,0.0095,1.0,3
grid,40,0.1,3.0,67,3.35,3.309,134.0,602.0,0.19741656992226267,7.512389811858589,2.3314699135194306,0.008,1.0,4
grid,40,0.1,3.0,67,3.35,3.3095,134.0,602.0,0.19741656992226267,7.512389811858589,2.2716199841616342,0.009,1.0,5
grid,40,0.1,3.0,67,3.35,3.3435,134.0,602.0,0.19741656992226267,7.512389811858589,2.274712580139928,0.0115,1.0,6
grid,40,0.1,3.0,67,3.35,3.346,134.0,602.0,0.19741656992226267,7.512389811858589,2.306682689440777,0.0125,1.0,7
grid,40,0.1,3.0,67,3.35,3.3785,134.0,602.0,0.19741656992226267,7.512389811858589,2.2590848666085264,0.016,1.0,8
grid,40,0.1,3.0,67,3.35,3.3395,134.0,602.0,0.19741656992226267,7.512389811858589,2.3385886285606885,0.0075,1.0,9
grid,40,0.1,3.0,67,3.35,3.3625,134.0,602.0,0.19741656992226267,7.512389811858589,2.3369281919719054,0.0085,1.0,10
grid,40,0.1,3.0,67,3.35,3.309,134.0,602.0,0.19741656992226267,7.512389811858589,2.3487329824619825,0.0065,1.0,11
grid,40,0.1,3.0,67,3.35,3.3685,134.0,602.0,0.19741656992226267,7.512389811858589,2.3031650544341975,0.01,1.0,12
grid,40,0.1,3.0,67,3.35,3.3615,134.0,602.0,0.19741656992226267,7.512389811858589,2.25675317402566,0.0105,1.0,13
grid,40,0.1,3.0,67,3.35,3.3695,134.0,602.0,0.19741656992226267,7.512389811858589,2.3835100117031076,0.008,1.0,14
grid,40,0.1,3.0,67,3.35,3.3165,134.0,602.0,0.19741656992226267,7.512389811858589,2.2290215568424623,0.0145,1.0,15
grid,40,0.1,3.0,67,3.35,3.339,134.0,602.0,0.19741656992226267,7.512389811858589,2.270966645914516,0.0105,1.0,16
grid,40,0.1,3.0,67,3.35,3.352,134.0,602.0,0.19741656992226267,7.512389811858589,2.312471597295544,0.0065,1.0,17
grid,40,0.1,3.0,67,3.35,3.373,134.0,602.0,0.19741656992226267,7.512389811858589,2.249752874614505,0.008,1.0,18
grid,40,0.1,3.0,67,3.35,3.332,134.0,602.0,0.19741656992226267,7.512389811858589,2.328587056713711,0.0115,1.0,19
grid,40,0.2,0.5,67,3.35,3.368,134.0,602.0,0.19741656992226267,7.512389811858589,9.159183880507838,0.0135,0.042,0
grid,40,0.2,0.5,67,3.35,3.3335,134.0,602.0,0.19741656992226267,7.512389811858589,9.081066239240624,0.01,0.0585,1
grid,40,0.2,0.5,67,3.35,3.3755,134.0,602.0,0.19741656992226267,7.512389811858589,9.17733954978009,0.0085,0.0485,2
grid,40,0.2,0.5,67,3.35,3.3605,134.0,602.0,0.19741656992226267,7.512389811858589,9.486415641286232,0.0105,0.0265,3
grid,40,0.2,0.5,67,3.35,3.376,134.0,602.0,0.19741656992226267,7.512389811858589,9.443170014838318,0.008,0.036,4
grid,40,0.2,0.5,67,3.35,3.3315,134.0,602.0,0.19741656992226267,7.512389811858589,9.43957893213768,0.0075,0.041,5
grid,40,0.2,0.5,67,3.35,3.32,134.0,602.0,0.19741656992226267,7.512389811858589,9.282161150650456,0.01,0.042,6
grid,40,0.2,0.5,67,3.35,3.373,134.0,602.0,0.19741656992226267,7.512389811858589,8.928544008484122,0.01,0.062,7
grid,40,0.2,0.5,67,3.35,3.3345,134.0,602.0,0.19741656992226267,7.512389811858589,8.926531070551926,0.01,0.053,8
grid,40,0.2,0.5,67,3.35,3.347,134.0,602.0,0.19741656992226267,7.512389811858589,9.012217236388903,0.0135,0.0545,9
grid,40,0.2,0.5,67,3.35,3.326,134.0,602.0,0.19741656992226267,7.512389811858589,9.212332319984442,0.0135,0.046,10
grid,40,0.2,0.5,67,3.35,3.35,134.0,602.0,0.19741656992226267,7.512389811858589,9.454286774663892,0.009,0.037,11
grid,40,0.2,0.5,67,3.35,3.3475,134.0,602.0,0.19741656992226267,7.512389811858589,9.165130934543049,0.011,0.045,12
grid,40,0.2,0.5,67,3.35,3.3635,134.0,602.0,0.19741656992226267,7.512389811858589,9.214485233075141,0.011,0.0405,13
grid,40,0.2,0.5,67,3.35,3.3555,134.0,602.0,0.19741656992226267,7.512389811858589,9.108013891190863,0.012,0.0445,14
grid,40,0.2,0.5,67,3.35,3.337,134.0,602.0,0.19741656992226267,7.512389811858589,9.567302149317578,0.005,0.039,15
grid,40,0.2,0.5,67,3.35,3.3475,134.0,602.0,0.19741656992226267,7.512389811858589,9.09719760986885,0.0125,0.0485,16
grid,40,0.2,0.5,67,3.35,3.3285,134.0,602.0,0.19741656992226267,7.512389811858589,9.262167256134717,0.0075,0.043,17
grid,40,0.2,0.5,67,3.35,3.3235,134.0,602.0,0.19741656992226267,7.512389811858589,9.079400636492347,0.009,0.059,18
grid,40,0.2,0.5,67,3.35,3.3885,134.0,602.0,0.19741656992226267,7.512389811858589,9.253492828178267,0.0105,0.0355,19
grid,40,0.2,1.0,67,3.35,3.363,134.0,602.0,0.19741656992226267,7.512389811858589,8.924855326519952,0.0095,0.44,0
grid,40,0.2,1.0,67,3.35,3.349,134.0,602.0,0.19741656992226267,7.512389811858589,9.108476198317621,0.01,0.403,1
grid,40,0.2,1.0,67,3.35,3.3545,134.0,602.0,0.19741656992226267,7.512389811858589,8.997943969191608,0.01,0.413,2
grid,40,0.2,1.0,67,3.35,3.366,134.0,602.0,0.19741656992226267,7.512389811858589,9.630198858548917,0.009,0.308,3
grid,40,0.2,1.0,67,3.35,3.36,134.0,602.0,0.19741656992226267,7.512389811858589,9.138554520032,0.011,0.3875,4
grid,40,0.2,1.0,67,3.35,3.3415,134.0,602.0,0.19741656992226267,7.512389811858589,9.107896346047804,0.009,0.3895,5
grid,40,0.2,1.0,67,3.35,3.3375,134.0,602.0,0.19741656992226267,7.512389811858589,9.11804949500752,0.0105,0.4075,6
grid,40,0.2,1.0,67,3.35,3.348,134.0,602.0,0.19741656992226267,7.512389811858589,9.68502366970682,0.0055,0.3045,7
grid,40,0.2,1.0,67,3.35,3.3395,134.0,602.0,0.19741656992226267,7.512389811858589,9.031971002615986,0.012,0.397,8
grid,40,0.2,1.0,67,3.35,3.3615,134.0,602.0,0.19741656992226267,7.512389811858589,8.950479143506696,0.0125,0.4255,9
grid,40,0.2,1.0,67,3.35,3.358,134.0,602.0,0.19741656992226267,7.512389811858589,8.71661404932452,0.017,0.4655,10
grid,40,0.2,1.0,67,3.35,3.3455,134.0,602.0,0.19741656992226267,7.512389811858589,9.124929461676496,0.0115,0.38,11
grid,40,0.2,1.0,67,3.35,3.351,134.0,602.0,0.19741656992226267,7.512389811858589,9.247039805157401,0.011,0.36,12
grid,40,0.2,1.0,67,3.35,3.333,134.0,602.0,0.19741656992226267,7.512389811858589,9.193083054442534,0.011,0.3535,13
grid,40,0.2,1.0,67,3.35,3.3555,134.0,602.0,0.19741656992226267,7.512389811858589,9.32845044174129,0.008,0.37,14
grid,40,0.2,1.0,67,3.35,3.3465,134.0,602.0,0.19741656992226267,7.512389811858589,9.125471244966652,0.0085,0.394,15
grid,40,0.2,1.0,67,3.35,3.3435,134.0,602.0,0.19741656992226267,7.512389811858589,9.036434310708783,0.013,0.413,16
grid,40,0.2,1.0,67,3.35,3.324,134.0,602.0,0.19741656992226267,7.512389811858589,9.332568817792339,0.006,0.354,17
grid,40,0.2,1.0,67,3.35,3.377,134.0,602.0,0.19741656992226267,7.512389811858589,9.394269523393048,0.0065,0.338,18
grid,40,0.2,1.0,67,3.35,3.3625,134.0,602.0,0.19741656992226267,7.512389811858589,9.264613726729602,0.007,0.378,19
grid,40,0.2,1.5,67,3.35,3.3365,134.0,602.0,0.19741656992226267,7.512389811858589,9.107681791549366,0.0115,0.8955,0
grid,40,0.2,1.5,67,3.35,3.3465,134.0,602.0,0.19741656992226267,7.512389811858589,9.039734011587568,0.01,0.897,1
grid,40,0.2,1.5,67,3.35,3.339,134.0,602.0,0.19741656992226267,7.512389811858589,9.563103618224249,0.007,0.866,2
grid,40,0.2,1.5,67,3.35,3.326,134.0,602.0,0.19741656992226267,7.512389811858589,9.009926394646236,0.013,0.895,3
grid,40,0.2,1.5,67,3.35,3.346,134.0,602.0,0.19741656992226267,7.512389811858589,9.478507104980887,0.005,0.876,4
grid,40,0.2,1.5,67,3.35,3.346,134.0,602.0,0.19741656992226267,7.512389811858589,9.244568155914829,0.008,0.8825,5
grid,40,0.2,1.5,67,3.35,3.3235,134.0,602.0,0.19741656992226267,7.512389811858589,8.858441716299764,0.0145,0.9145,6
grid,40,0.2,1.5,67,3.35,3.3455,134.0,602.0,0.19741656992226267,7.512389811858589,9.357456988834052,0.0065,0.8875,7
grid,40,0.2,1.5,67,3.35,3.3475,134.0,602.0,0.19741656992226267,7.512389811858589,8.866416577755977,0.0135,0.916,8
grid,40,0.2,1.5,67,3.35,3.331,134.0,602.0,0.19741656992226267,7.512389811858589,9.186520582168916,0.0095,0.8785,9
grid,40,0.2,1.5,67,3.35,3.34,134.0,602.0,0.19741656992226267,7.512389811858589,9.174257535666511,0.0125,0.888,10
grid,40,0.2,1.5,67,3.35,3.344,134.0,602.0,0.19741656992226267,7.512389811858589,9.080226669746315,0.0125,0.896,11
grid,40,0.2,1.5,67,3.35,3.3485,134.0,602.0,0.19741656992226267,7.512389811858589,9.243850992820432,0.008,0.901,12
grid,40,0.2,1.5,67,3.35,3.3575,134.0,602.0,0.19741656992226267,7.512389811858589,9.001665243460208,0.015,0.9135,13
grid,40,0.2,1.5,67,3.35,3.3415,134.0,602.0,0.19741656992226267,7.512389811858589,9.130497932224117,0.012,0.8985,14
grid,40,0.2,1.5,67,3.35,3.356,134.0,602.0,0.19741656992226267,7.512389811858589,9.38437913266961,0.006,0.8655,15
grid,40,0.2,1.5,67,3.35,3.3425,134.0,602.0,0.19741656992226267,7.512389811858589,8.932198361334814,0.0135,0.9185,16
grid,40,0.2,1.5,67,3.35,3.3625,134.0,602.0,0.19741656992226267,7.512389811858589,9.203258135543571,0.0135,0.8935,17
grid,40,0.2,1.5,67,3.35,3.3565,134.0,602.0,0.19741656992226267,7.512389811858589,9.20576505887765,0.0115,0.888,18
grid,40,0.2,1.5,67,3.35,3.3455,134.0,602.0,0.19741656992226267,7.512389811858589,9.139818460880255,0.011,0.8845,19
grid,40,0.2,2.0,67,3.35,3.3425,134.0,602.0,0.19741656992226267,7.512389811858589,9.105077679371185,0.0115,0.9975,0
grid,40,0.2,2.0,67,3.35,3.3595,134.0,602.0,0.19741656992226267,7.512389811858589,8.987853492647853,0.0095,0.9975,1
grid,40,0.2,2.0,67,3.35,3.36,134.0,602.0,0.19741656992226267,7.512389811858589,9.553009996117575,0.0105,0.9935,2
grid,40,0.2,2.0,67,3.35,3.347,134.0,602.0,0.19741656992226267,7.512389811858589,9.173148649205608,0.01,0.995,3
grid,40,0.2,2.0,67,3.35,3.3655,134.0,602.0,0.19741656992226267,7.512389811858589,9.096321809217962,0.01,0.998,4
grid,40,0.2,2.0,67,3.35,3.3725,134.0,602.0,0.19741656992226267,7.512389811858589,9.360313400962061,0.007,0.9965,5
grid,40,0.2,2.0,67,3.35,3.3615,134.0,602.0,0.19741656992226267,7.512389811858589,9.000717957812304,0.0095,0.9955,6
grid,40,0.2,2.0,67,3.35,3.3335,134.0,602.0,0.19741656992226267,7.512389811858589,9.261246697369089,0.009,0.9955,7
grid,40,0.2,2.0,67,3.35,3.3265,134.0,602.0,0.19741656992226267,7.512389811858589,9.179623080138876,0.008,0.997,8
grid,40,0.2,2.0,67,3.35,3.317,134.0,602.0,0.19741656992226267,7.512389811858589,9.268417643074876,0.009,0.994,9
grid,40,0.2,2.0,67,3.35,3.3515,134.0,602.0,0.19741656992226267,7.512389811858589,9.230475818935147,0.008,0.9975,10
grid,40,0.2,2.0,67,3.35,3.348,134.0,602.0,0.19741656992226267,7.512389811858589,8.851493426188098,0.016,0.996,11
grid,40,0.2,2.0,67,3.35,3.3605,134.0,602.0,0.19741656992226267,7.512389811858589,9.051518351898167,0.011,0.9975,12
grid,40,0.2,2.0,67,3.35,3.3575,134.0,602.0,0.19741656992226267,7.512389811858589,9.168463171313697,0.012,0.996,13
grid,40,0.2,2.0,67,3.35,3.348,134.0,602.0,0.19741656992226267,7.512389811858589,9.09809067575008,0.011,0.996,14
grid,40,0.2,2.0,67,3.35,3.3515,134.0,602.0,0.19741656992226267,7.512389811858589,9.026336689557887,0.012,0.995,15
grid,40,0.2,2.0,67,3.35,3.3555,134.0,602.0,0.19741656992226267,7.512389811858589,9.1837284251896,0.0085,0.995,16
grid,40,0.2,2.0,67,3.35,3.3705,134.0,602.0,0.19741656992226267,7.512389811858589,9.239052716724881,0.0105,0.9955,17
grid,40,0.2,2.0,67,3.35,3.3335,134.0,602.0,0.19741656992226267,7.512389811858589,9.097057425947748,0.0085,0.9965,18
grid,40,0.2,2.0,67,3.35,3.352,134.0,602.0,0.19741656992226267,7.512389811858589,8.969663055121659,0.0145,0.9975,19
grid,40,0.2,3.0,67,3.35,3.359,134.0,602.0,0.19741656992226267,7.512389811858589,9.291660934227439,0.0125,1.0,0
grid,40,0.2,3.0,67,3.35,3.343,134.0,602.0,0.19741656992226267,7.512389811858589,9.241467315983035,0.0075,1.0,1
grid,40,0.2,3.0,67,3.35,3.339,134.0,602.0,0.19741656992226267,7.512389811858589,9.136174510122526,0.0085,1.0,2
grid,40,0.2,3.0,67,3.35,3.3485,134.0,602.0,0.19741656992226267,7.512389811858589,9.06693500802149,0.011,1.0,3
grid,40,0.2,3.0,67,3.35,3.3435,134.0,602.0,0.19741656992226267,7.512389811858589,9.021024673787794,0.0105,1.0,4
grid,40,0.2,3.0,67,3.35,3.3535,134.0,602.0,0.19741656992226267,7.512389811858589,9.008619212968968,0.016,1.0,5
grid,40,0.2,3.0,67,3.35,3.3555,134.0,602.0,0.19741656992226267,7.512389811858589,9.234953015721427,0.011,1.0,6
grid,40,0.2,3.0,67,3.35,3.3695,134.0,602.0,0.19741656992226267,7.512389811858589,8.942158723259723,0.0085,1.0,7
grid,40,0.2,3.0,67,3.35,3.3635,134.0,602.0,0.19741656992226267,7.512389811858589,8.973019083706944,0.0115,1.0,8
grid,40,0.2,3.0,67,3.35,3.3525,134.0,602.0,0.19741656992226267,7.512389811858589,9.43067215367347,0.008,1.0,9
grid,40,0.2,3.0,67,3.35,3.357,134.0,602.0,0.19741656992226267,7.512389811858589,9.322788350754255,0.009,1.0,10
grid,40,0.2,3.0,67,3.35,3.3415,134.0,602.0,0.19741656992226267,7.512389811858589,9.06282589576559,0.012,1.0,11
grid,40,0.2,3.0,67,3.35,3.3405,134.0,602.0,0.19741656992226267,7.512389811858589,9.048939575954336,0.012,1.0,12
grid,40,0.2,3.0,67,3.35,3.324,134.0,602.0,0.19741656992226267,7.512389811858589,9.201071336141924,0.0125,1.0,13
grid,40,0.2,3.0,67,3.35,3.3425,134.0,602.0,0.19741656992226267,7.512389811858589,8.798155859655363,0.014,1.0,14
grid,40,0.2,3.0,67,3.35,3.3635,134.0,602.0,0.19741656992226267,7.512389811858589,9.393328092559173,0.0085,1.0,15
grid,40,0.2,3.0,67,3.35,3.3385,134.0,602.0,0.19741656992226267,7.512389811858589,8.997648639427586,0.01,1.0,16
grid,40,0.2,3.0,67,3.35,3.354,134.0,602.0,0.19741656992226267,7.512389811858589,9.058266596094304,0.013,1.0,17
grid,40,0.2,3.0,67,3.35,3.377,134.0,602.0,0.19741656992226267,7.512389811858589,9.159916676875067,0.0105,1.0,18
grid,40,0.2,3.0,67,3.35,3.32,134.0,602.0,0.19741656992226267,7.512389811858589,8.985667352313625,0.0125,1.0,19
grid,40,0.3,0.5,67,3.35,3.3975,134.0,602.0,0.19741656992226267,7.512389811858589,21.002686589290274,0.006,0.015,0
grid,40,0.3,0.5,67,3.35,3.3355,134.0,602.0,0.19741656992226267,7.512389811858589,21.013571269096932,0.011,0.0245,1
grid,40,0.3,0.5,67,3.35,3.37,134.0,602.0,0.19741656992226267,7.512389811858589,21.392797547926005,0.006,0.0135,2
grid,40,0.3,0.5,67,3.35,3.3515,134.0,602.0,0.19741656992226267,7.512389811858589,20.516045354749068,0.0115,0.0205,3
grid,40,0.3,0.5,67,3.35,3.3595,134.0,602.0,0.19741656992226267,7.512389811858589,20.995315058283484,0.0045,0.0185,4
grid,40,0.3,0.5,67,3.35,3.3535,134.0,602.0,0.19741656992226267,7.512389811858589,20.642336366879597,0.0095,0.02,5
grid,40,0.3,0.5,67,3.35,3.343,134.0,602.0,0.19741656992226267,7.512389811858589,20.629491142375272,0.0115,0.0255,6
grid,40,0.3,0.5,67,3.35,3.3645,134.0,602.0,0.19741656992226267,7.512389811858589,19.925095185989576,0.015,0.027,7
grid,40,0.3,0.5,67,3.35,3.337,134.0,602.0,0.19741656992226267,7.512389811858589,20.426170143034355,0.012,0.0215,8
grid,40,0.3,0.5,67,3.35,3.3605,134.0,602.0,0.19741656992226267,7.512389811858589,20.784812125652603,0.006,0.0155,9
grid,40,0.3,0.5,67,3.35,3.374,134.0,602.0,0.19741656992226267,7.512389811858589,20.506266375902065,0.01,0.026,10
grid,40,0.3,0.5,67,3.35,3.3425,134.0,602.0,0.19741656992226267,7.512389811858589,20.9855058598103,0.0085,0.014,11
grid,40,0.3,0.5,67,3.35,3.3495,134.0,602.0,0.19741656992226267,7.512389811858589,20.69184298116326,0.007,0.021,12
grid,40,0.3,0.5,67,3.35,3.356,134.0,602.0,0.19741656992226267,7.512389811858589,20.365785987072048,0.0135,0.0185,13
grid,40,0.3,0.5,67,3.35,3.3425,134.0,602.0,0.19741656992226267,7.512389811858589,20.929602374598858,0.0065,0.0195,14
grid,40,0.3,0.5,67,3.35,3.33,134.0,602.0,0.19741656992226267,7.512389811858589,21.23146430566992,0.006,0.0165,15
grid,40,0.3,0.5,67,3.35,3.3615,134.0,602.0,0.19741656992226267,7.512389811858589,21.039843134826924,0.01,0.021,16
grid,40,0.3,0.5,67,3.35,3.338,134.0,602.0,0.19741656992226267,7.512389811858589,20.66419184816355,0.009,0.02,17
grid,40,0.3,0.5,67,3.35,3.3085,134.0,602.0,0.19741656992226267,7.512389811858589,20.25695909402866,0.0105,0.024,18
grid,40,0.3,0.5,67,3.35,3.361,134.0,602.0,0.19741656992226267,7.512389811858589,20.648344412575828,0.0105,0.0215,19
grid,40,0.3,1.0,67,3.35,3.3745,134.0,602.0,0.19741656992226267,7.512389811858589,20.55852587078561,0.0085,0.11,0
grid,40,0.3,1.0,67,3.35,3.3715,134.0,602.0,0.19741656992226267,7.512389811858589,20.645031929616454,0.012,0.1035,1
grid,40,0.3,1.0,67,3.35,3.3595,134.0,602.0,0.19741656992226267,7.512389811858589,20.309473231620505,0.013,0.1055,2
grid,40,0.3,1.0,67,3.35,3.371,134.0,602.0,0.19741656992226267,7.512389811858589,20.406195933589643,0.0085,0.1195,3
grid,40,0.3,1.0,67,3.35,3.37,134.0,602.0,0.19741656992226267,7.512389811858589,20.212260307266714,0.0135,0.1225,4
grid,40,0.3,1.0,67,3.35,3.3515,134.0,602.0,0.19741656992226267,7.512389811858589,20.003631334889732,0.014,0.1255,5
grid,40,0.3,1.0,67,3.35,3.3605,134.0,602.0,0.19741656992226267,7.512389811858589,20.792820669558882,0.009,0.1065,6
grid,40,0.3,1.0,67,3.35,3.3645,134.0,602.0,0.19741656992226267,7.512389811858589,20.490803548853727,0.0125,0.1095,7
grid,40,0.3,1.0,67,3.35,3.355,134.0,602.0,0.19741656992226267,7.512389811858589,21.129813845808872,0.009,0.0915,8
grid,40,0.3,1.0,67,3.35,3.346,134.0,602.0,0.19741656992226267,7.512389811858589,20.926534129512227,0.009,0.102,9
grid,40,0.3,1.0,67,3.35,3.3365,134.0,602.0,0.19741656992226267,7.512389811858589,19.819720829511155,0.018,0.122,10
grid,40,0.3,1.0,67,3.35,3.365,134.0,602.0,0.19741656992226267,7.512389811858589,20.608652105953787,0.0105,0.1115,11
grid,40,0.3,1.0,67,3.35,3.348,134.0,602.0,0.19741656992226267,7.512389811858589,20.400662907193396,0.014,0.1055,12
grid,40,0.3,1.0,67,3.35,3.3575,134.0,602.0,0.19741656992226267,7.512389811858589,21.133111944179014,0.0075,0.084,13
grid,40,0.3,1.0,67,3.35,3.3645,134.0,602.0,0.19741656992226267,7.512389811858589,20.922643447294053,0.009,0.0795,14
grid,40,0.3,1.0,67,3.35,3.334,134.0,602.0,0.19741656992226267,7.512389811858589,20.871641915753113,0.0105,0.0905,15
grid,40,0.3,1.0,67,3.35,3.366,134.0,602.0,0.19741656992226267,7.512389811858589,20.83026741069333,0.0115,0.094,16
grid,40,0.3,1.0,67,3.35,3.335,134.0,602.0,0.19741656992226267,7.512389811858589,20.119487973919494,0.015,0.1125,17
grid,40,0.3,1.0,67,3.35,3.3365,134.0,602.0,0.19741656992226267,7.512389811858589,20.765527506222497,0.009,0.083,18
grid,40,0.3,1.0,67,3.35,3.3455,134.0,602.0,0.19741656992226267,7.512389811858589,20.24803082537385,0.0125,0.1175,19
grid,40,0.3,1.5,67,3.35,3.3485,134.0,602.0,0.19741656992226267,7.512389811858589,20.178259687984966,0.0135,0.423,0
grid,40,0.3,1.5,67,3.35,3.3505,134.0,602.0,0.19741656992226267,7.512389811858589,20.80422482931201,0.0125,0.384,1
grid,40,0.3,1.5,67,3.35,3.352,134.0,602.0,0.19741656992226267,7.512389811858589,21.008333058456866,0.007,0.365,2
grid,40,0.3,1.5,67,3.35,3.328,134.0,602.0,0.19741656992226267,7.512389811858589,20.31233827563852,0.011,0.4055,3
grid,40,0.3,1.5,67,3.35,3.375,134.0,602.0,0.19741656992226267,7.512389811858589,20.878873324664674,0.006,0.361,4
grid,40,0.3,1.5,67,3.35,3.368,134.0,602.0,0.19741656992226267,7.512389811858589,20.193237042286448,0.009,0.432,5
grid,40,0.3,1.5,67,3.35,3.311,134.0,602.0,0.19741656992226267,7.512389811858589,20.437810899423067,0.0075,0.379,6
grid,40,0.3,1.5,67,3.35,3.327,134.0,602.0,0.19741656992226267,7.512389811858589,20.964248971340517,0.007,0.352,7
grid,40,0.3,1.5,67,3.35,3.349,134.0,602.0,0.19741656992226267,7.512389811858589,20.798082598356416,0.009,0.3565,8
grid,40,0.3,1.5,67,3.35,3.3835,134.0,602.0,0.19741656992226267,7.512389811858589,20.39327699165882,0.009,0.4105,9
grid,40,0.3,1.5,67,3.35,3.3385,134.0,602.0,0.19741656992226267,7.512389811858589,19.64932250547999,0.0235,0.4575,10
grid,40,0.3,1.5,67,3.35,3.3695,134.0,602.0,0.19741656992226267,7.512389811858589,20.206579935847063,0.015,0.4265,11
grid,40,0.3,1.5,67,3.35,3.366,134.0,602.0,0.19741656992226267,7.512389811858589,20.981406779919944,0.006,0.353,12
grid,40,0.3,1.5,67,3.35,3.371,134.0,602.0,0.19741656992226267,7.512389811858589,20.39372891812492,0.012,0.3915,13
grid,40,0.3,1.5,67,3.35,3.3485,134.0,602.0,0.19741656992226267,7.512389811858589,20.67547818498346,0.0075,0.375,14
grid,40,0.3,1.5,67,3.35,3.338,134.0,602.0,0.19741656992226267,7.512389811858589,20.08693910203427,0.0145,0.436,15
grid,40,0.3,1.5,67,3.35,3.345,134.0,602.0,0.19741656992226267,7.512389811858589,20.783069430962353,0.009,0.376,16
grid,40,0.3,1.5,67,3.35,3.3415,134.0,602.0,0.19741656992226267,7.512389811858589,19.999839024508823,0.013,0.419,17
grid,40,0.3,1.5,67,3.35,3.326,134.0,602.0,0.19741656992226267,7.512389811858589,20.849730181679416,0.008,0.3575,18
grid,40,0.3,1.5,67,3.35,3.3365,134.0,602.0,0.19741656992226267,7.512389811858589,20.80425645180141,0.009,0.367,19
grid,40,0.3,2.0,67,3.35,3.344,134.0,602.0,0.19741656992226267,7.512389811858589,20.97689295915463,0.007,0.7495,0
grid,40,0.3,2.0,67,3.35,3.3555,134.0,602.0,0.19741656992226267,7.512389811858589,20.34747982828378,0.017,0.7835,1
grid,40,0.3,2.0,67,3.35,3.3445,134.0,602.0,0.19741656992226267,7.512389811858589,20.48916821874884,0.011,0.79,2
grid,40,0.3,2.0,67,3.35,3.3615,134.0,602.0,0.19741656992226267,7.512389811858589,20.95859975965043,0.0055,0.7485,3
grid,40,0.3,2.0,67,3.35,3.374,134.0,602.0,0.19741656992226267,7.512389811858589,20.79867290731533,0.006,0.7825,4
grid,40,0.3,2.0,67,3.35,3.3215,134.0,602.0,0.19741656992226267,7.512389811858589,20.246096856118587,0.012,0.783,5
grid,40,0.3,2.0,67,3.35,3.3345,134.0,602.0,0.19741656992226267,7.512389811858589,20.472450647107575,0.0115,0.776,6
grid,40,0.3,2.0,67,3.35,3.3295,134.0,602.0,0.19741656992226267,7.512389811858589,21.097143251438034,0.0075,0.7465,7
grid,40,0.3,2.0,67,3.35,3.3335,134.0,602.0,0.19741656992226267,7.512389811858589,20.16885576946594,0.0125,0.8,8
grid,40,0.3,2.0,67,3.35,3.334,134.0,602.0,0.19741656992226267,7.512389811858589,20.56763903526307,0.01,0.767,9
grid,40,0.3,2.0,67,3.35,3.3615,134.0,602.0,0.19741656992226267,7.512389811858589,21.194748194382733,0.007,0.742,10
grid,40,0.3,2.0,67,3.35,3.332,134.0,602.0,0.19741656992226267,7.512389811858589,20.757999380071375,0.013,0.7625,11
grid,40,0.3,2.0,67,3.35,3.345,134.0,602.0,0.19741656992226267,7.512389811858589,20.456786484576348,0.0105,0.772,12
grid,40,0.3,2.0,67,3.35,3.3425,134.0,602.0,0.19741656992226267,7.512389811858589,20.10117396875043,0.014,0.8085,13
grid,40,0.3,2.0,67,3.35,3.3675,134.0,602.0,0.19741656992226267,7.512389811858589,20.397571378587582,0.014,0.797,14
grid,40,0.3,2.0,67,3.35,3.364,134.0,602.0,0.19741656992226267,7.512389811858589,20.89436369686514,0.0075,0.7675,15
grid,40,0.3,2.0,67,3.35,3.3475,134.0,602.0,0.19741656992226267,7.512389811858589,20.897444033260445,0.0065,0.732,16
grid,40,0.3,2.0,67,3.35,3.355,134.0,602.0,0.19741656992226267,7.512389811858589,21.23678600980054,0.0065,0.7365,17
grid,40,0.3,2.0,67,3.35,3.3565,134.0,602.0,0.19741656992226267,7.512389811858589,20.30486009638915,0.008,0.7945,18
grid,40,0.3,2.0,67,3.35,3.3655,134.0,602.0,0.19741656992226267,7.512389811858589,20.84366378233102,0.008,0.765,19
grid,40,0.3,3.0,67,3.35,3.3795,134.0,602.0,0.19741656992226267,7.512389811858589,20.91944143927394,0.015,0.9965,0
grid,40,0.3,3.0,67,3.35,3.37,134.0,602.0,0.19741656992226267,7.512389811858589,21.064493249732372,0.007,0.9945,1
grid,40,0.3,3.0,67,3.35,3.355,134.0,602.0,0.19741656992226267,7.512389811858589,20.408004602399043,0.0125,0.9955,2
grid,40,0.3,3.0,67,3.35,3.344,134.0,602.0,0.19741656992226267,7.512389811858589,20.99192489941439,0.0085,0.9935,3
grid,40,0.3,3.0,67,3.35,3.363,134.0,602.0,0.19741656992226267,7.512389811858589,21.185512789332392,0.0045,0.9955,4
grid,40,0.3,3.0,67,3.35,3.3495,134.0,602.0,0.19741656992226267,7.512389811858589,20.581800289556167,0.0115,0.9945,5
grid,40,0.3,3.0,67,3.35,3.344,134.0,602.0,0.19741656992226267,7.512389811858589,20.065571543038242,0.0125,0.9975,6
grid,40,0.3,3.0,67,3.35,3.353,134.0,602.0,0.19741656992226267,7.512389811858589,20.21590097662252,0.0115,0.999,7
grid,40,0.3,3.0,67,3.35,3.3615,134.0,602.0,0.19741656992226267,7.512389811858589,20.786064138529397,0.01,0.996,8
grid,40,0.3,3.0,67,3.35,3.36,134.0,602.0,0.19741656992226267,7.512389811858589,19.984737917633794,0.017,0.998,9
grid,40,0.3,3.0,67,3.35,3.3605,134.0,602.0,0.19741656992226267,7.512389811858589,21.153222799821275,0.008,0.995,10
grid,40,0.3,3.0,67,3.35,3.324,134.0,602.0,0.19741656992226267,7.512389811858589,20.527641036296192,0.0145,0.994,11
grid,40,0.3,3.0,67,3.35,3.342,134.0,602.0,0.19741656992226267,7.512389811858589,21.223024025301314,0.01,0.997,12
grid,40,0.3,3.0,67,3.35,3.336,134.0,602.0,0.19741656992226267,7.512389811858589,20.21311115771407,0.0115,0.9965,13
grid,40,0.3,3.0,67,3.35,3.36,134.0,602.0,0.19741656992226267,7.512389811858589,20.446429220816317,0.0175,0.996,14
grid,40,0.3,3.0,67,3.35,3.379,134.0,602.0,0.19741656992226267,7.512389811858589,19.921063855472212,0.0145,0.997,15
grid,40,0.3,3.0,67,3.35,3.336,134.0,602.0,0.19741656992226267,7.512389811858589,20.606367073373487,0.009,0.997,16
grid,40,0.3,3.0,67,3.35,3.3715,134.0,602.0,0.19741656992226267,7.512389811858589,20.873872984287292,0.0115,0.996,17
grid,40,0.3,3.0,67,3.35,3.3485,134.0,602.0,0.19741656992226267,7.512389811858589,20.247918560468097,0.0135,0.9985,18
grid,40,0.3,3.0,67,3.35,3.333,134.0,602.0,0.19741656992226267,7.512389811858589,21.11966772368892,0.008,0.9945,19
grid,80,0.1,0.5,142,3.55,3.5585,284.0,1322.0,0.1200140901580395,7.758055654248765,4.318328817516611,0.008,0.198,0
grid,80,0.1,0.5,142,3.55,3.5435,284.0,1322.0,0.1200140901580395,7.758055654248765,4.207843055509127,0.011,0.2145,1
grid,80,0.1,0.5,142,3.55,3.5465,284.0,1322.0,0.1200140901580395,7.758055654248765,4.1799243972612485,0.0085,0.24,2
grid,80,0.1,0.5,142,3.55,3.5785,284.0,1322.0,0.1200140901580395,7.758055654248765,4.22934319688282,0.0065,0.222,3
grid,80,0.1,0.5,142,3.55,3.5705,284.0,1322.0,0.1200140901580395,7.758055654248765,4.185490972284927,0.011,0.242,4
grid,80,0.1,0.5,142,3.55,3.5575,284.0,1322.0,0.1200140901580395,7.758055654248765,4.224504748707258,0.008,0.216,5
grid,80,0.1,0.5,142,3.55,3.5495,284.0,1322.0,0.1200140901580395,7.758055654248765,4.170025494302009,0.012,0.246,6
grid,80,0.1,0.5,142,3.55,3.5535,284.0,1322.0,0.1200140901580395,7.758055654248765,4.216355523210178,0.0065,0.2305,7
grid,80,0.1,0.5,142,3.55,3.543,284.0,1322.0,0.1200140901580395,7.758055654248765,4.361672773870794,0.0035,0.185,8
grid,80,0.1,0.5,142,3.55,3.543,284.0,1322.0,0.1200140901580395,7.758055654248765,4.161166216851153,0.0155,0.2385,9
grid,80,0.1,0.5,142,3.55,3.544,284.0,1322.0,0.1200140901580395,7.758055654248765,4.234347959136376,0.006,0.209,10
grid,80,0.1,0.5,142,3.55,3.5395,284.0,1322.0,0.1200140901580395,7.758055654248765,4.2220072308712995,0.01,0.225,11
grid,80,0.1,0.5,142,3.55,3.554,284.0,1322.0,0.1200140901580395,7.758055654248765,4.2483463990162145,0.008,0.2055,12
grid,80,0.1,0.5,142,3.55,3.5455,284.0,1322.0,0.1200140901580395,7.758055654248765,4.2218012149150335,0.0085,0.225,13
grid,80,0.1,0.5,142,3.55,3.55,284.0,1322.0,0.1200140901580395,7.758055654248765,4.175889039770967,0.0155,0.265,14
grid,80,0.1,0.5,142,3.55,3.5515,284.0,1322.0,0.1200140901580395,7.758055654248765,4.17138778371707,0.0115,0.2395,15
grid,80,0.1,0.5,142,3.55,3.545,284.0,1322.0,0.1200140901580395,7.758055654248765,4.034879260852967,0.0145,0.3035,16
grid,80,0.1,0.5,142,3.55,3.5495,284.0,1322.0,0.1200140901580395,7.758055654248765,4.180562672748008,0.0095,0.2255,17
grid,80,0.1,0.5,142,3.55,3.554,284.0,1322.0,0.1200140901580395,7.758055654248765,4.249479308075847,0.0095,0.2065,18
grid,80,0.1,0.5,142,3.55,3.56,284.0,1322.0,0.1200140901580395,7.758055654248765,4.172962871298152,0.0125,0.24,19
grid,80,0.1,1.0,142,3.55,3.5455,284.0,1322.0,0.1200140901580395,7.758055654248765,4.1462438083370845,0.01,0.986,0
grid,80,0.1,1.0,142,3.55,3.556,284.0,1322.0,0.1200140901580395,7.758055654248765,4.146198816275946,0.012,0.981,1
grid,80,0.1,1.0,142,3.55,3.5395,284.0,1322.0,0.1200140901580395,7.758055654248765,4.303479975002751,0.0055,0.971,2
grid,80,0.1,1.0,142,3.55,3.5435,284.0,1322.0,0.1200140901580395,7.758055654248765,4.249304572601053,0.0075,0.9765,3
grid,80,0.1,1.0,142,3.55,3.566,284.0,1322.0,0.1200140901580395,7.758055654248765,4.175791320735775,0.0075,0.9825,4
grid,80,0.1,1.0,142,3.55,3.5835,284.0,1322.0,0.1200140901580395,7.758055654248765,4.137332423246082,0.0115,0.983,5
grid,80,0.1,1.0,142,3.55,3.5235,284.0,1322.0,0.1200140901580395,7.758055654248765,4.15837090632639,0.016,0.984,6
grid,80,0.1,1.0,142,3.55,3.568,284.0,1322.0,0.1200140901580395,7.758055654248765,4.18929265068395,0.0115,0.977,7
grid,80,0.1,1.0,142,3.55,3.5465,284.0,1322.0,0.1200140901580395,7.758055654248765,4.186710184906769,0.014,0.981,8
grid,80,0.1,1.0,142,3.55,3.5585,284.0,1322.0,0.1200140901580395,7.758055654248765,4.191996944973795,0.0055,0.982,9
grid,80,0.1,1.0,142,3.55,3.543,284.0,1322.0,0.1200140901580395,7.758055654248765,4.1795972408857205,0.011,0.988,10
grid,80,0.1,1.0,142,3.55,3.549,284.0,1322.0,0.1200140901580395,7.758055654248765,4.184117272999459,0.0095,0.9845,11
grid,80,0.1,1.0,142,3.55,3.561,284.0,1322.0,0.1200140901580395,7.758055654248765,4.23208312053381,0.007,0.9795,12
grid,80,0.1,1.0,142,3.55,3.554,284.0,1322.0,0.1200140901580395,7.758055654248765,4.082717377085633,0.017,0.9875,13
grid,80,0.1,1.0,142,3.55,3.556,284.0,1322.0,0.1200140901580395,7.758055654248765,4.211804861030386,0.01,0.979,14
grid,80,0.1,1.0,142,3.55,3.563,284.0,1322.0,0.1200140901580395,7.758055654248765,4.152416532882035,0.014,0.9875,15
grid,80,0.1,1.0,142,3.55,3.523,284.0,1322.0,0.1200140901580395,7.758055654248765,4.158136789253757,0.011,0.982,16
grid,80,0.1,1.0,142,3.55,3.5555,284.0,1322.0,0.1200140901580395,7.758055654248765,4.159177342736043,0.009,0.983,17
grid,80,0.1,1.0,142,3.55,3.5505,284.0,1322.0,0.1200140901580395,7.758055654248765,4.062787927260536,0.0195,0.9875,18
grid,80,0.1,1.0,142,3.55,3.559,284.0,1322.0,0.1200140901580395,7.758055654248765,4.125315261068477,0.0135,0.9865,19
grid,80,0.1,1.5,142,3.55,3.5685,284.0,1322.0,0.1200140901580395,7.758055654248765,4.226426109077424,0.0055,1.0,0
grid,80,0.1,1.5,142,3.55,3.559,284.0,1322.0,0.1200140901580395,7.758055654248765,4.135316750968161,0.012,1.0,1
grid,80,0.1,1.5,142,3.55,3.582,284.0,1322.0,0.1200140901580395,7.758055654248765,4.080779750550083,0.0155,1.0,2
grid,80,0.1,1.5,142,3.55,3.5365,284.0,1322.0,0.1200140901580395,7.758055654248765,4.086311946382915,0.0155,1.0,3
grid,80,0.1,1.5,142,3.55,3.539,284.0,1322.0,0.1200140901580395,7.758055654248765,4.237325306776052,0.01,1.0,4
grid,80,0.1,1.5,142,3.55,3.5535,284.0,1322.0,0.1200140901580395,7.758055654248765,4.2193534219697115,0.008,1.0,5
grid,80,0.1,1.5,142,3.55,3.5505,284.0,1322.0,0.1200140901580395,7.758055654248765,4.1083057464286155,0.013,1.0,6
grid,80,0.1,1.5,142,3.55,3.567,284.0,1322.0,0.1200140901580395,7.758055654248765,4.279148245780573,0.0075,1.0,7
grid,80,0.1,1.5,142,3.55,3.5625,284.0,1322.0,0.1200140901580395,7.758055654248765,4.194562866094437,0.01,1.0,8
grid,80,0.1,1.5,142,3.55,3.563,284.0,1322.0,0.1200140901580395,7.758055654248765,4.170442266131699,0.008,1.0,9
grid,80,0.1,1.5,142,3.55,3.5455,284.0,1322.0,0.1200140901580395,7.758055654248765,4.254205832837873,0.006,1.0,10
grid,80,0.1,1.5,142,3.55,3.572,284.0,1322.0,0.1200140901580395,7.758055654248765,4.205320792605063,0.011,1.0,11
grid,80,0.1,1.5,142,3.55,3.5555,284.0,1322.0,0.1200140901580395,7.758055654248765,4.143457550416968,0.016,1.0,12
grid,80,0.1,1.5,142,3.55,3.5725,284.0,1322.0,0.1200140901580395,7.758055654248765,4.2832823481859,0.008,1.0,13
grid,80,0.1,1.5,142,3.55,3.551,284.0,1322.0,0.1200140901580395,7.758055654248765,4.207758187780214,0.0085,1.0,14
grid,80,0.1,1.5,142,3.55,3.5525,284.0,1322.0,0.1200140901580395,7.758055654248765,4.124083603212122,0.011,1.0,15
grid,80,0.1,1.5,142,3.55,3.5665,284.0,1322.0,0.1200140901580395,7.758055654248765,4.189174956852115,0.0145,1.0,16
grid,80,0.1,1.5,142,3.55,3.5435,284.0,1322.0,0.1200140901580395,7.758055654248765,4.182752074475985,0.015,1.0,17
grid,80,0.1,1.5,142,3.55,3.5435,284.0,1322.0,0.1200140901580395,7.758055654248765,4.230892278305311,0.0105,1.0,18
grid,80,0.1,1.5,142,3.55,3.547,284.0,1322.0,0.1200140901580395,7.758055654248765,4.243570024491536,0.01,1.0,19
grid,80,0.1,2.0,142,3.55,3.535,284.0,1322.0,0.1200140901580395,7.758055654248765,4.120660357077277,0.0125,1.0,0
grid,80,0.1,2.0,142,3.55,3.551,284.0,1322.0,0.1200140901580395,7.758055654248765,4.1840261257065805,0.0135,1.0,1
grid,80,0.1,2.0,142,3.55,3.5395,284.0,1322.0,0.1200140901580395,7.758055654248765,4.265414461014047,0.011,1.0,2
grid,80,0.1,2.0,142,3.55,3.5645,284.0,1322.0,0.1200140901580395,7.758055654248765,4.243402750940892,0.009,1.0,3
grid,80,0.1,2.0,142,3.55,3.55,284.0,1322.0,0.1200140901580395,7.758055654248765,4.15905696614134,0.015,1.0,4
grid,80,0.1,2.0,142,3.55,3.565,284.0,1322.0,0.1200140901580395,7.758055654248765,4.208158823108645,0.01,1.0,5
grid,80,0.1,2.0,142,3.55,3.544,284.0,1322.0,0.1200140901580395,7.758055654248765,4.222223934568987,0.0075,1.0,6
grid,80,0.1,2.0,142,3.55,3.541,284.0,1322.0,0.1200140901580395,7.758055654248765,4.150676533828775,0.009,1.0,7
grid,80,0.1,2.0,142,3.55,3.569,284.0,1322.0,0.1200140901580395,7.758055654248765,4.1815554774412265,0.008,1.0,8
grid,80,0.1,2.0,142,3.55,3.5755,284.0,1322.0,0.1200140901580395,7.758055654248765,4.2352490947765515,0.012,1.0,9
grid,80,0.1,2.0,142,3.55,3.555,284.0,1322.0,0.1200140901580395,7.758055654248765,4.291519068231521,0.008,1.0,10
grid,80,0.1,2.0,142,3.55,3.538,284.0,1322.0,0.1200140901580395,7.758055654248765,4.137650970487257,0.014,1.0,11
grid,80,0.1,2.0,142,3.55,3.5515,284.0,1322.0,0.1200140901580395,7.758055654248765,4.2294988824271815,0.008,1.0,12
grid,80,0.1,2.0,142,3.55,3.543,284.0,1322.0,0.1200140901580395,7.758055654248765,4.147349196629256,0.0105,1.0,13
grid,80,0.1,2.0,142,3.55,3.555,284.0,1322.0,0.1200140901580395,7.758055654248765,4.2622768697682805,0.008,1.0,14
grid,80,0.1,2.0,142,3.55,3.5585,284.0,1322.0,0.1200140901580395,7.758055654248765,4.150541188675727,0.01,1.0,15
grid,80,0.1,2.0,142,3.55,3.547,284.0,1322.0,0.1200140901580395,7.758055654248765,4.114132614828226,0.0135,1.0,16
grid,80,0.1,2.0,142,3.55,3.549,284.0,1322.0,0.1200140901580395,7.758055654248765,4.211855691641447,0.013,1.0,17
grid,80,0.1,2.0,142,3.55,3.547,284.0,1322.0,0.1200140901580395,7.758055654248765,4.226479304990586,0.0095,1.0,18
grid,80,0.1,2.0,142,3.55,3.5595,284.0,1322.0,0.1200140901580395,7.758055654248765,4.205291622818715,0.0065,1.0,19
grid,80,0.1,3.0,142,3.55,3.5695,284.0,1322.0,0.1200140901580395,7.758055654248765,4.1908511369485995,0.008,1.0,0
grid,80,0.1,3.0,142,3.55,3.541,284.0,1322.0,0.1200140901580395,7.758055654248765,4.207147846325766,0.0085,1.0,1
grid,80,0.1,3.0,142,3.55,3.529,284.0,1322.0,0.1200140901580395,7.758055654248765,4.143826603513279,0.009,1.0,2
grid,80,0.1,3.0,142,3.55,3.5505,284.0,1322.0,0.1200140901580395,7.758055654248765,4.217113583891922,0.0065,1.0,3
grid,80,0.1,3.0,142,3.55,3.55,284.0,1322.0,0.1200140901580395,7.758055654248765,4.130328575053902,0.015,1.0,4
grid,80,0.1,3.0,142,3.55,3.548,284.0,1322.0,0.1200140901580395,7.758055654248765,4.081750549379779,0.0145,1.0,5
grid,80,0.1,3.0,142,3.55,3.5615,284.0,1322.0,0.1200140901580395,7.758055654248765,4.104388327154835,0.013,1.0,6
grid,80,0.1,3.0,142,3.55,3.5305,284.0,1322.0,0.1200140901580395,7.758055654248765,4.2225922305798615,0.012,1.0,7
grid,80,0.1,3.0,142,3.55,3.5325,284.0,1322.0,0.1200140901580395,7.758055654248765,4.188194958642453,0.011,1.0,8
grid,80,0.1,3.0,142,3.55,3.544,284.0,1322.0,0.1200140901580395,7.758055654248765,4.11911846806084,0.0125,1.0,9
grid,80,0.1,3.0,142,3.55,3.533,284.0,1322.0,0.1200140901580395,7.758055654248765,4.14628959279394,0.0135,1.0,10
grid,80,0.1,3.0,142,3.55,3.575,284.0,1322.0,0.1200140901580395,7.758055654248765,4.104487015090587,0.013,1.0,11
grid,80,0.1,3.0,142,3.55,3.5275,284.0,1322.0,0.1200140901580395,7.758055654248765,4.194406133137313,0.0125,1.0,12
grid,80,0.1,3.0,142,3.55,3.5555,284.0,1322.0,0.1200140901580395,7.758055654248765,4.108222410743465,0.0145,1.0,13
grid,80,0.1,3.0,142,3.55,3.55,284.0,1322.0,0.1200140901580395,7.758055654248765,4.215299101192966,0.0095,1.0,14
grid,80,0.1,3.0,142,3.55,3.5625,284.0,1322.0,0.1200140901580395,7.758055654248765,4.120982963525267,0.0145,1.0,15
grid,80,0.1,3.0,142,3.55,3.559,284.0,1322.0,0.1200140901580395,7.758055654248765,4.161696160698636,0.015,1.0,16
grid,80,0.1,3.0,142,3.55,3.5445,284.0,1322.0,0.1200140901580395,7.758055654248765,4.200314092456685,0.0085,1.0,17
grid,80,0.1,3.0,142,3.55,3.546,284.0,1322.0,0.1200140901580395,7.758055654248765,4.20925132804617,0.0105,1.0,18
grid,80,0.1,3.0,142,3.55,3.5575,284.0,1322.0,0.1200140901580395,7.758055654248765,4.259088997973567,0.008,1.0,19
grid,80,0.2,0.5,142,3.55,3.5585,284.0,1322.0,0.1200140901580395,7.758055654248765,16.987277561035796,0.005,0.0275,0
grid,80,0.2,0.5,142,3.55,3.542,284.0,1322.0,0.1200140901580395,7.758055654248765,16.56443134585152,0.01,0.031,1
grid,80,0.2,0.5,142,3.55,3.5725,284.0,1322.0,0.1200140901580395,7.758055654248765,16.446007491880934,0.011,0.0395,2
grid,80,0.2,0.5,142,3.55,3.5385,284.0,1322.0,0.1200140901580395,7.758055654248765,16.79057952660694,0.0105,0.0325,3
grid,80,0.2,0.5,142,3.55,3.548,284.0,1322.0,0.1200140901580395,7.758055654248765,16.799862718426148,0.008,0.025,4
grid,80,0.2,0.5,142,3.55,3.5665,284.0,1322.0,0.1200140901580395,7.758055654248765,16.729760127854348,0.005,0.033,5
grid,80,0.2,0.5,142,3.55,3.552,284.0,1322.0,0.1200140901580395,7.758055654248765,17.01286044894396,0.0075,0.0235,6
grid,80,0.2,0.5,142,3.55,3.554,284.0,1322.0,0.1200140901580395,7.758055654248765,16.801313884921772,0.008,0.0295,7
grid,80,0.2,0.5,142,3.55,3.549,284.0,1322.0,0.1200140901580395,7.758055654248765,16.955279071006476,0.01,0.0285,8
grid,80,0.2,0.5,142,3.55,3.5245,284.0,1322.0,0.1200140901580395,7.758055654248765,16.54186850751691,0.0105,0.0355,9
grid,80,0.2,0.5,142,3.55,3.541,284.0,1322.0,0.1200140901580395,7.758055654248765,17.077070730820978,0.006,0.0245,10
grid,80,0.2,0.5,142,3.55,3.553,284.0,1322.0,0.1200140901580395,7.758055654248765,16.292012289786637,0.0195,0.0535,11
grid,80,0.2,0.5,142,3.55,3.555,284.0,1322.0,0.1200140901580395,7.758055654248765,16.76862281798078,0.011,0.0325,12
grid,80,0.2,0.5,142,3.55,3.5485,284.0,1322.0,0.1200140901580395,7.758055654248765,16.754090463843813,0.0105,0.029,13
grid,80,0.2,0.5,142,3.55,3.5805,284.0,1322.0,0.1200140901580395,7.758055654248765,16.558928927993122,0.016,0.0415,14
grid,80,0.2,0.5,142,3.55,3.5365,284.0,1322.0,0.1200140901580395,7.758055654248765,16.58170475813463,0.012,0.035,15
grid,80,0.2,0.5,142,3.55,3.549,284.0,1322.0,0.1200140901580395,7.758055654248765,16.64966427902721,0.007,0.03,16
grid,80,0.2,0.5,142,3.55,3.559,284.0,1322.0,0.1200140901580395,7.758055654248765,16.946926522734447,0.005,0.0275,17
grid,80,0.2,0.5,142,3.55,3.542,284.0,1322.0,0.1200140901580395,7.758055654248765,16.750618804464214,0.0065,0.0415,18
grid,80,0.2,0.5,142,3.55,3.5305,284.0,1322.0,0.1200140901580395,7.758055654248765,16.924159704708345,0.011,0.024,19
grid,80,0.2,1.0,142,3.55,3.5565,284.0,1322.0,0.1200140901580395,7.758055654248765,16.387674838831284,0.01,0.287,0
grid,80,0.2,1.0,142,3.55,3.555,284.0,1322.0,0.1200140901580395,7.758055654248765,16.948471769134976,0.007,0.225,1
grid,80,0.2,1.0,142,3.55,3.5565,284.0,1322.0,0.1200140901580395,7.758055654248765,16.777367725568908,0.009,0.2345,2
grid,80,0.2,1.0,142,3.55,3.537,284.0,1322.0,0.1200140901580395,7.758055654248765,17.153162586075368,0.008,0.2015,3
grid,80,0.2,1.0,142,3.55,3.562,284.0,1322.0,0.1200140901580395,7.758055654248765,16.43511447272283,0.011,0.274,4
grid,80,0.2,1.0,142,3.55,3.524,284.0,1322.0,0.1200140901580395,7.758055654248765,16.583219438946347,0.015,0.242,5
grid,80,0.2,1.0,142,3.55,3.552,284.0,1322.0,0.1200140901580395,7.758055654248765,16.43822574780401,0.0125,0.269,6
grid,80,0.2,1.0,142,3.55,3.553,284.0,1322.0,0.1200140901580395,7.758055654248765,16.744443182954818,0.0105,0.2275,7
grid,80,0.2,1.0,142,3.55,3.545,284.0,1322.0,0.1200140901580395,7.758055654248765,16.246175315360464,0.017,0.2845,8
grid,80,0.2,1.0,142,3.55,3.5325,284.0,1322.0,0.1200140901580395,7.758055654248765,16.062099773006686,0.0155,0.3115,9
grid,80,0.2,1.0,142,3.55,3.536,284.0,1322.0,0.1200140901580395,7.758055654248765,17.162496143037817,0.0055,0.2055,10
grid,80,0.2,1.0,142,3.55,3.557,284.0,1322.0,0.1200140901580395,7.758055654248765,17.13004997407518,0.0065,0.1995,11
grid,80,0.2,1.0,142,3.55,3.56,284.0,1322.0,0.1200140901580395,7.758055654248765,16.921848188077412,0.006,0.213,12
grid,80,0.2,1.0,142,3.55,3.5335,284.0,1322.0,0.1200140901580395,7.758055654248765,16.76634958983173,0.013,0.2215,13
grid,80,0.2,1.0,142,3.55,3.552,284.0,1322.0,0.1200140901580395,7.758055654248765,16.728300753973933,0.009,0.232,14
grid,80,0.2,1.0,142,3.55,3.5435,284.0,1322.0,0.1200140901580395,7.758055654248765,17.233471788449894,0.0085,0.191,15
grid,80,0.2,1.0,142,3.55,3.557,284.0,1322.0,0.1200140901580395,7.758055654248765,16.645186391607954,0.009,0.2365,16
grid,80,0.2,1.0,142,3.55,3.5365,284.0,1322.0,0.1200140901580395,7.758055654248765,16.481408892920193,0.0115,0.239,17
grid,80,0.2,1.0,142,3.55,3.514,284.0,1322.0,0.1200140901580395,7.758055654248765,16.951685529602656,0.009,0.2075,18
grid,80,0.2,1.0,142,3.55,3.554,284.0,1322.0,0.1200140901580395,7.758055654248765,16.80626846833843,0.0065,0.242,19
grid,80,0.2,1.5,142,3.55,3.5305,284.0,1322.0,0.1200140901580395,7.758055654248765,16.763182592831537,0.0115,0.746,0
grid,80,0.2,1.5,142,3.55,3.565,284.0,1322.0,0.1200140901580395,7.758055654248765,16.631787719316076,0.009,0.7875,1
grid,80,0.2,1.5,142,3.55,3.539,284.0,1322.0,0.1200140901580395,7.758055654248765,16.69768067970843,0.0105,0.7665,2
grid,80,0.2,1.5,142,3.55,3.5355,284.0,1322.0,0.1200140901580395,7.758055654248765,17.037801320298467,0.0085,0.7285,3
grid,80,0.2,1.5,142,3.55,3.5505,284.0,1322.0,0.1200140901580395,7.758055654248765,16.317136226586573,0.0145,0.7945,4
grid,80,0.2,1.5,142,3.55,3.5455,284.0,1322.0,0.1200140901580395,7.758055654248765,16.823886246520217,0.01,0.748,5
grid,80,0.2,1.5,142,3.55,3.5645,284.0,1322.0,0.1200140901580395,7.758055654248765,16.47299317023425,0.01,0.803,6
grid,80,0.2,1.5,142,3.55,3.534,284.0,1322.0,0.1200140901580395,7.758055654248765,16.6205922229933,0.0175,0.7835,7
grid,80,0.2,1.5,142,3.55,3.549,284.0,1322.0,0.1200140901580395,7.758055654248765,16.84698460232539,0.01,0.7485,8
grid,80,0.2,1.5,142,3.55,3.5535,284.0,1322.0,0.1200140901580395,7.758055654248765,17.20698235603203,0.0065,0.737,9
grid,80,0.2,1.5,142,3.55,3.5725,284.0,1322.0,0.1200140901580395,7.758055654248765,16.814161140008625,0.0115,0.767,10
grid,80,0.2,1.5,142,3.55,3.5585,284.0,1322.0,0.1200140901580395,7.758055654248765,16.896988219887852,0.0085,0.7365,11
grid,80,0.2,1.5,142,3.55,3.54,284.0,1322.0,0.1200140901580395,7.758055654248765,16.480063430759138,0.015,0.7945,12
grid,80,0.2,1.5,142,3.55,3.5615,284.0,1322.0,0.1200140901580395,7.758055654248765,16.50459278327031,0.0095,0.7865,13
grid,80,0.2,1.5,142,3.55,3.558,284.0,1322.0,0.1200140901580395,7.758055654248765,16.794575713408342,0.01,0.7595,14
grid,80,0.2,1.5,142,3.55,3.5535,284.0,1322.0,0.1200140901580395,7.758055654248765,16.59348536916639,0.01,0.7845,15
grid,80,0.2,1.5,142,3.55,3.5305,284.0,1322.0,0.1200140901580395,7.758055654248765,16.50628808933469,0.0155,0.7925,16
grid,80,0.2,1.5,142,3.55,3.539,284.0,1322.0,0.1200140901580395,7.758055654248765,16.488765010655104,0.0145,0.7835,17
grid,80,0.2,1.5,142,3.55,3.5895,284.0,1322.0,0.1200140901580395,7.758055654248765,16.42634178191655,0.012,0.8005,18
grid,80,0.2,1.5,142,3.55,3.5485,284.0,1322.0,0.1200140901580395,7.758055654248765,17.060686716052178,0.008,0.7425,19
grid,80,0.2,2.0,142,3.55,3.56,284.0,1322.0,0.1200140901580395,7.758055654248765,16.47497210399158,0.0145,0.987,0
grid,80,0.2,2.0,142,3.55,3.5285,284.0,1322.0,0.1200140901580395,7.758055654248765,16.305234406544194,0.0195,0.9915,1
grid,80,0.2,2.0,142,3.55,3.5395,284.0,1322.0,0.1200140901580395,7.758055654248765,17.09672891334202,0.0085,0.9755,2
grid,80,0.2,2.0,142,3.55,3.53,284.0,1322.0,0.1200140901580395,7.758055654248765,16.913101128892606,0.008,0.9765,3
grid,80,0.2,2.0,142,3.55,3.5595,284.0,1322.0,0.1200140901580395,7.758055654248765,16.614822229017367,0.013,0.9835,4
grid,80,0.2,2.0,142,3.55,3.545,284.0,1322.0,0.1200140901580395,7.758055654248765,16.4209704011449,0.012,0.9875,5
grid,80,0.2,2.0,142,3.55,3.559,284.0,1322.0,0.1200140901580395,7.758055654248765,16.514301134529152,0.0165,0.9845,6
grid,80,0.2,2.0,142,3.55,3.555,284.0,1322.0,0.1200140901580395,7.758055654248765,16.769060830249835,0.011,0.9825,7
grid,80,0.2,2.0,142,3.55,3.5655,284.0,1322.0,0.1200140901580395,7.758055654248765,16.740620921807643,0.009,0.981,8
grid,80,0.2,2.0,142,3.55,3.5285,284.0,1322.0,0.1200140901580395,7.758055654248765,16.44012862196196,0.013,0.9875,9
grid,80,0.2,2.0,142,3.55,3.5445,284.0,1322.0,0.1200140901580395,7.758055654248765,16.66382917000254,0.011,0.981,10
grid,80,0.2,2.0,142,3.55,3.5645,284.0,1322.0,0.1200140901580395,7.758055654248765,17.01597944592301,0.008,0.9845,11
grid,80,0.2,2.0,142,3.55,3.5525,284.0,1322.0,0.1200140901580395,7.758055654248765,16.738635027806364,0.007,0.9785,12
grid,80,0.2,2.0,142,3.55,3.555,284.0,1322.0,0.1200140901580395,7.758055654248765,16.443452095031688,0.0105,0.9855,13
grid,80,0.2,2.0,142,3.55,3.5395,284.0,1322.0,0.1200140901580395,7.758055654248765,16.458631345535956,0.0145,0.9825,14
grid,80,0.2,2.0,142,3.55,3.5535,284.0,1322.0,0.1200140901580395,7.758055654248765,16.37995904053076,0.0165,0.9865,15
grid,80,0.2,2.0,142,3.55,3.543,284.0,1322.0,0.1200140901580395,7.758055654248765,17.328524381109776,0.006,0.9745,16
grid,80,0.2,2.0,142,3.55,3.5365,284.0,1322.0,0.1200140901580395,7.758055654248765,16.422720105388596,0.015,0.9825,17
grid,80,0.2,2.0,142,3.55,3.536,284.0,1322.0,0.1200140901580395,7.758055654248765,16.619529375438784,0.011,0.9805,18
grid,80,0.2,2.0,142,3.55,3.5565,284.0,1322.0,0.1200140901580395,7.758055654248765,16.411464144878323,0.0125,0.986,19
grid,80,0.2,3.0,142,3.55,3.58,284.0,1322.0,0.1200140901580395,7.758055654248765,16.62160820388919,0.0135,1.0,0
grid,80,0.2,3.0,142,3.55,3.55,284.0,1322.0,0.1200140901580395,7.758055654248765,16.80887266940026,0.0105,1.0,1
grid,80,0.2,3.0,142,3.55,3.5455,284.0,1322.0,0.1200140901580395,7.758055654248765,16.615963896363517,0.0115,1.0,2
grid,80,0.2,3.0,142,3.55,3.5405,284.0,1322.0,0.1200140901580395,7.758055654248765,16.508826865041836,0.0115,1.0,3
grid,80,0.2,3.0,142,3.55,3.562,284.0,1322.0,0.1200140901580395,7.758055654248765,16.488774530660606,0.0095,1.0,4
grid,80,0.2,3.0,142,3.55,3.5615,284.0,1322.0,0.1200140901580395,7.758055654248765,16.999357069305965,0.006,1.0,5
grid,80,0.2,3.0,142,3.55,3.5425,284.0,1322.0,0.1200140901580395,7.758055654248765,16.915482193777308,0.0075,1.0,6
grid,80,0.2,3.0,142,3.55,3.5445,284.0,1322.0,0.1200140901580395,7.758055654248765,16.635850483928046,0.0085,1.0,7
grid,80,0.2,3.0,142,3.55,3.5555,284.0,1322.0,0.1200140901580395,7.758055654248765,16.35978806903954,0.0165,1.0,8
grid,80,0.2,3.0,142,3.55,3.5455,284.0,1322.0,0.1200140901580395,7.758055654248765,16.767823882843068,0.0095,1.0,9
grid,80,0.2,3.0,142,3.55,3.567,284.0,1322.0,0.1200140901580395,7.758055654248765,17.178636265616934,0.007,1.0,10
grid,80,0.2,3.0,142,3.55,3.5395,284.0,1322.0,0.1200140901580395,7.758055654248765,16.844988301774332,0.005,1.0,11
grid,80,0.2,3.0,142,3.55,3.533,284.0,1322.0,0.1200140901580395,7.758055654248765,16.596163456291478,0.0145,1.0,12
grid,80,0.2,3.0,142,3.55,3.547,284.0,1322.0,0.1200140901580395,7.758055654248765,16.1939030997521,0.022,1.0,13
grid,80,0.2,3.0,142,3.55,3.55,284.0,1322.0,0.1200140901580395,7.758055654248765,16.53658220826809,0.01,1.0,14
grid,80,0.2,3.0,142,3.55,3.5335,284.0,1322.0,0.1200140901580395,7.758055654248765,16.620928117132134,0.0095,1.0,15
grid,80,0.2,3.0,142,3.55,3.5405,284.0,1322.0,0.1200140901580395,7.758055654248765,16.780084808989805,0.0125,1.0,16
grid,80,0.2,3.0,142,3.55,3.546,284.0,1322.0,0.1200140901580395,7.758055654248765,16.72542792031974,0.008,1.0,17
grid,80,0.2,3.0,142,3.55,3.549,284.0,1322.0,0.1200140901580395,7.758055654248765,17.024199922759667,0.006,1.0,18
grid,80,0.2,3.0,142,3.55,3.543,284.0,1322.0,0.1200140901580395,7.758055654248765,16.77180539523281,0.009,1.0,19
grid,80,0.3,0.5,142,3.55,3.535,284.0,1322.0,0.1200140901580395,7.758055654248765,38.69674602472556,0.009,0.009,0
grid,80,0.3,0.5,142,3.55,3.555,284.0,1322.0,0.1200140901580395,7.758055654248765,38.38404295065037,0.0075,0.011,1
grid,80,0.3,0.5,142,3.55,3.553,284.0,1322.0,0.1200140901580395,7.758055654248765,36.7556443558877,0.016,0.021,2
grid,80,0.3,0.5,142,3.55,3.5455,284.0,1322.0,0.1200140901580395,7.758055654248765,37.998949407879,0.01,0.014,3
grid,80,0.3,0.5,142,3.55,3.5425,284.0,1322.0,0.1200140901580395,7.758055654248765,38.2101623252,0.009,0.015,4
grid,80,0.3,0.5,142,3.55,3.549,284.0,1322.0,0.1200140901580395,7.758055654248765,37.997925537593744,0.007,0.013,5
grid,80,0.3,0.5,142,3.55,3.571,284.0,1322.0,0.1200140901580395,7.758055654248765,38.11039077454662,0.007,0.015,6
grid,80,0.3,0.5,142,3.55,3.5465,284.0,1322.0,0.1200140901580395,7.758055654248765,38.256049624250046,0.0085,0.014,7
grid,80,0.3,0.5,142,3.55,3.5595,284.0,1322.0,0.1200140901580395,7.758055654248765,38.43580003032,0.0035,0.0135,8
grid,80,0.3,0.5,142,3.55,3.533,284.0,1322.0,0.1200140901580395,7.758055654248765,37.35093112405872,0.0115,0.0225,9
grid,80,0.3,0.5,142,3.55,3.5575,284.0,1322.0,0.1200140901580395,7.758055654248765,37.493561465431746,0.0115,0.0175,10
grid,80,0.3,0.5,142,3.55,3.53,284.0,1322.0,0.1200140901580395,7.758055654248765,37.92000007554158,0.01,0.015,11
grid,80,0.3,0.5,142,3.55,3.5445,284.0,1322.0,0.1200140901580395,7.758055654248765,38.71528294416216,0.006,0.012,12
grid,80,0.3,0.5,142,3.55,3.5365,284.0,1322.0,0.1200140901580395,7.758055654248765,36.82529252734761,0.014,0.0205,13
grid,80,0.3,0.5,142,3.55,3.573,284.0,1322.0,0.1200140901580395,7.758055654248765,37.97534584678446,0.0035,0.0135,14
grid,80,0.3,0.5,142,3.55,3.551,284.0,1322.0,0.1200140901580395,7.758055654248765,37.930534332873876,0.008,0.02,15
grid,80,0.3,0.5,142,3.55,3.5695,284.0,1322.0,0.1200140901580395,7.758055654248765,37.455443171066804,0.0115,0.0135,16
grid,80,0.3,0.5,142,3.55,3.5695,284.0,1322.0,0.1200140901580395,7.758055654248765,37.481221438698064,0.0125,0.017,17
grid,80,0.3,0.5,142,3.55,3.5345,284.0,1322.0,0.1200140901580395,7.758055654248765,38.161162275997995,0.01,0.0125,18
grid,80,0.3,0.5,142,3.55,3.559,284.0,1322.0,0.1200140901580395,7.758055654248765,38.1788971925381,0.0085,0.014,19
grid,80,0.3,1.0,142,3.55,3.556,284.0,1322.0,0.1200140901580395,7.758055654248765,37.318904088905676,0.0095,0.0715,0
grid,80,0.3,1.0,142,3.55,3.549,284.0,1322.0,0.1200140901580395,7.758055654248765,38.2330302988134,0.0085,0.0495,1
grid,80,0.3,1.0,142,3.55,3.5605,284.0,1322.0,0.1200140901580395,7.758055654248765,37.85559650039825,0.0065,0.058,2
grid,80,0.3,1.0,142,3.55,3.5695,284.0,1322.0,0.1200140901580395,7.758055654248765,37.829612283956315,0.012,0.0695,3
grid,80,0.3,1.0,142,3.55,3.5555,284.0,1322.0,0.1200140901580395,7.758055654248765,37.95370832857894,0.0045,0.063,4
grid,80,0.3,1.0,142,3.55,3.5395,284.0,1322.0,0.1200140901580395,7.758055654248765,37.39610443131153,0.007,0.075,5
grid,80,0.3,1.0,142,3.55,3.5675,284.0,1322.0,0.1200140901580395,7.758055654248765,38.48861063235219,0.007,0.0515,6
grid,80,0.3,1.0,142,3.55,3.542,284.0,1322.0,0.1200140901580395,7.758055654248765,37.16228362334752,0.015,0.067,7
grid,80,0.3,1.0,142,3.55,3.557,284.0,1322.0,0.1200140901580395,7.758055654248765,37.363635394709,0.012,0.067,8
grid,80,0.3,1.0,142,3.55,3.5335,284.0,1322.0,0.1200140901580395,7.758055654248765,37.57599802128619,0.011,0.059,9
grid,80,0.3,1.0,142,3.55,3.5645,284.0,1322.0,0.1200140901580395,7.758055654248765,38.005921813766875,0.009,0.0555,10
grid,80,0.3,1.0,142,3.55,3.532,284.0,1322.0,0.1200140901580395,7.758055654248765,36.95135471017382,0.0105,0.066,11
grid,80,0.3,1.0,142,3.55,3.5525,284.0,1322.0,0.1200140901580395,7.758055654248765,37.55201377454809,0.0075,0.066,12
grid,80,0.3,1.0,142,3.55,3.5345,284.0,1322.0,0.1200140901580395,7.758055654248765,37.94098303922204,0.01,0.0515,13
grid,80,0.3,1.0,142,3.55,3.508,284.0,1322.0,0.1200140901580395,7.758055654248765,38.087141225537216,0.01,0.058,14
grid,80,0.3,1.0,142,3.55,3.546,284.0,1322.0,0.1200140901580395,7.758055654248765,36.31656865510028,0.013,0.0885,15
grid,80,0.3,1.0,142,3.55,3.5465,284.0,1322.0,0.1200140901580395,7.758055654248765,37.41206746210474,0.0085,0.0625,16
grid,80,0.3,1.0,142,3.55,3.545,284.0,1322.0,0.1200140901580395,7.758055654248765,37.85139450841224,0.0105,0.0565,17
grid,80,0.3,1.0,142,3.55,3.5465,284.0,1322.0,0.1200140901580395,7.758055654248765,38.137564000800865,0.0075,0.0495,18
grid,80,0.3,1.0,142,3.55,3.544,284.0,1322.0,0.1200140901580395,7.758055654248765,37.579100936100836,0.0125,0.067,19
grid,80,0.3,1.5,142,3.55,3.5525,284.0,1322.0,0.1200140901580395,7.758055654248765,36.98478985362737,0.0175,0.2695,0
grid,80,0.3,1.5,142,3.55,3.55,284.0,1322.0,0.1200140901580395,7.758055654248765,38.86250159499677,0.0065,0.187,1
grid,80,0.3,1.5,142,3.55,3.5505,284.0,1322.0,0.1200140901580395,7.758055654248765,37.84148825679573,0.011,0.231,2
grid,80,0.3,1.5,142,3.55,3.5445,284.0,1322.0,0.1200140901580395,7.758055654248765,38.093598128104354,0.009,0.2185,3
grid,80,0.3,1.5,142,3.55,3.548,284.0,1322.0,0.1200140901580395,7.758055654248765,37.24838052596126,0.013,0.2575,4
grid,80,0.3,1.5,142,3.55,3.5545,284.0,1322.0,0.1200140901580395,7.758055654248765,36.911204163906675,0.0105,0.2695,5
grid,80,0.3,1.5,142,3.55,3.547,284.0,1322.0,0.1200140901580395,7.758055654248765,37.88527814210992,0.0125,0.2145,6
grid,80,0.3,1.5,142,3.55,3.5405,284.0,1322.0,0.1200140901580395,7.758055654248765,37.72222264215844,0.008,0.2205,7
grid,80,0.3,1.5,142,3.55,3.529,284.0,1322.0,0.1200140901580395,7.758055654248765,38.12730870314782,0.008,0.2135,8
grid,80,0.3,1.5,142,3.55,3.5445,284.0,1322.0,0.1200140901580395,7.758055654248765,37.33753920066084,0.0125,0.257,9
grid,80,0.3,1.5,142,3.55,3.5495,284.0,1322.0,0.1200140901580395,7.758055654248765,37.49184950391512,0.0125,0.2355,10
grid,80,0.3,1.5,142,3.55,3.5485,284.0,1322.0,0.1200140901580395,7.758055654248765,38.12596951905845,0.0085,0.1975,11
grid,80,0.3,1.5,142,3.55,3.549,284.0,1322.0,0.1200140901580395,7.758055654248765,37.35050953694322,0.0085,0.2345,12
grid,80,0.3,1.5,142,3.55,3.565,284.0,1322.0,0.1200140901580395,7.758055654248765,37.52634721965668,0.016,0.2565,13
grid,80,0.3,1.5,142,3.55,3.526,284.0,1322.0,0.1200140901580395,7.758055654248765,37.78166225352234,0.0085,0.2415,14
grid,80,0.3,1.5,142,3.55,3.5235,284.0,1322.0,0.1200140901580395,7.758055654248765,36.86124004781442,0.0165,0.261,15
grid,80,0.3,1.5,142,3.55,3.568,284.0,1322.0,0.1200140901580395,7.758055654248765,36.85445275966791,0.012,0.287,16
grid,80,0.3,1.5,142,3.55,3.5555,284.0,1322.0,0.1200140901580395,7.758055654248765,37.980447590610815,0.008,0.21,17
grid,80,0.3,1.5,142,3.55,3.5385,284.0,1322.0,0.1200140901580395,7.758055654248765,37.86184496381264,0.011,0.225,18
grid,80,0.3,1.5,142,3.55,3.5385,284.0,1322.0,0.1200140901580395,7.758055654248765,37.5530674951631,0.0105,0.242,19
grid,80,0.3,2.0,142,3.55,3.5655,284.0,1322.0,0.1200140901580395,7.758055654248765,37.71838811964047,0.01,0.617,0
grid,80,0.3,2.0,142,3.55,3.556,284.0,1322.0,0.1200140901580395,7.758055654248765,37.72890900679498,0.009,0.5885,1
grid,80,0.3,2.0,142,3.55,3.5325,284.0,1322.0,0.1200140901580395,7.758055654248765,38.07537472437549,0.0095,0.5795,2
grid,80,0.3,2.0,142,3.55,3.5565,284.0,1322.0,0.1200140901580395,7.758055654248765,38.14582841391415,0.0075,0.5655,3
grid,80,0.3,2.0,142,3.55,3.546,284.0,1322.0,0.1200140901580395,7.758055654248765,36.86950080621046,0.0125,0.6275,4
grid,80,0.3,2.0,142,3.55,3.543,284.0,1322.0,0.1200140901580395,7.758055654248765,37.95188113805712,0.0055,0.5825,5
grid,80,0.3,2.0,142,3.55,3.546,284.0,1322.0,0.1200140901580395,7.758055654248765,37.21139980123132,0.012,0.614,6
grid,80,0.3,2.0,142,3.55,3.527,284.0,1322.0,0.1200140901580395,7.758055654248765,37.84401180630355,0.0105,0.5765,7
grid,80,0.3,2.0,142,3.55,3.562,284.0,1322.0,0.1200140901580395,7.758055654248765,38.409418745093404,0.009,0.5545,8
grid,80,0.3,2.0,142,3.55,3.563,284.0,1322.0,0.1200140901580395,7.758055654248765,38.363703688100586,0.0075,0.564,9
grid,80,0.3,2.0,142,3.55,3.55,284.0,1322.0,0.1200140901580395,7.758055654248765,37.283787623834726,0.0085,0.607,10
grid,80,0.3,2.0,142,3.55,3.5815,284.0,1322.0,0.1200140901580395,7.758055654248765,37.052963165956555,0.018,0.637,11
grid,80,0.3,2.0,142,3.55,3.5465,284.0,1322.0,0.1200140901580395,7.758055654248765,38.7055858868566,0.01,0.5255,12
grid,80,0.3,2.0,142,3.55,3.5435,284.0,1322.0,0.1200140901580395,7.758055654248765,38.56434997633218,0.009,0.5275,13
grid,80,0.3,2.0,142,3.55,3.5555,284.0,1322.0,0.1200140901580395,7.758055654248765,37.957140438856975,0.0095,0.5975,14
grid,80,0.3,2.0,142,3.55,3.5375,284.0,1322.0,0.1200140901580395,7.758055654248765,37.04065526111441,0.0155,0.622,15
grid,80,0.3,2.0,142,3.55,3.544,284.0,1322.0,0.1200140901580395,7.758055654248765,37.21508787546487,0.015,0.614,16
grid,80,0.3,2.0,142,3.55,3.5575,284.0,1322.0,0.1200140901580395,7.758055654248765,37.56448629602014,0.011,0.586,17
grid,80,0.3,2.0,142,3.55,3.52,284.0,1322.0,0.1200140901580395,7.758055654248765,37.638006703169275,0.0125,0.583,18
grid,80,0.3,2.0,142,3.55,3.5645,284.0,1322.0,0.1200140901580395,7.758055654248765,38.57781745285377,0.008,0.5395,19
grid,80,0.3,3.0,142,3.55,3.5485,284.0,1322.0,0.1200140901580395,7.758055654248765,38.10666762065795,0.009,0.98,0
grid,80,0.3,3.0,142,3.55,3.52,284.0,1322.0,0.1200140901580395,7.758055654248765,37.08208862004518,0.015,0.9835,1
grid,80,0.3,3.0,142,3.55,3.534,284.0,1322.0,0.1200140901580395,7.758055654248765,38.252692683411595,0.01,0.974,2
grid,80,0.3,3.0,142,3.55,3.5485,284.0,1322.0,0.1200140901580395,7.758055654248765,37.89182089885574,0.0095,0.9865,3
grid,80,0.3,3.0,142,3.55,3.569,284.0,1322.0,0.1200140901580395,7.758055654248765,37.74016177947015,0.0125,0.983,4
grid,80,0.3,3.0,142,3.55,3.5415,284.0,1322.0,0.1200140901580395,7.758055654248765,37.32777230900293,0.0115,0.9815,5
grid,80,0.3,3.0,142,3.55,3.5265,284.0,1322.0,0.1200140901580395,7.758055654248765,37.7637876504328,0.009,0.98,6
grid,80,0.3,3.0,142,3.55,3.5315,284.0,1322.0,0.1200140901580395,7.758055654248765,37.63565414940451,0.013,0.9735,7
grid,80,0.3,3.0,142,3.55,3.5455,284.0,1322.0,0.1200140901580395,7.758055654248765,37.41663430734247,0.0105,0.9875,8
grid,80,0.3,3.0,142,3.55,3.5555,284.0,1322.0,0.1200140901580395,7.758055654248765,37.78110256875513,0.011,0.9855,9
grid,80,0.3,3.0,142,3.55,3.537,284.0,1322.0,0.1200140901580395,7.758055654248765,37.5148055405178,0.0125,0.9795,10
grid,80,0.3,3.0,142,3.55,3.5515,284.0,1322.0,0.1200140901580395,7.758055654248765,37.55810652621306,0.007,0.979,11
grid,80,0.3,3.0,142,3.55,3.545,284.0,1322.0,0.1200140901580395,7.758055654248765,37.570393700343324,0.0075,0.982,12
grid,80,0.3,3.0,142,3.55,3.5355,284.0,1322.0,0.1200140901580395,7.758055654248765,37.635921403848414,0.012,0.9835,13
grid,80,0.3,3.0,142,3.55,3.5695,284.0,1322.0,0.1200140901580395,7.758055654248765,38.173519448858855,0.0095,0.9815,14
grid,80,0.3,3.0,142,3.55,3.554,284.0,1322.0,0.1200140901580395,7.758055654248765,37.80828234980445,0.0095,0.9845,15
grid,80,0.3,3.0,142,3.55,3.564,284.0,1322.0,0.1200140901580395,7.758055654248765,37.14328212097099,0.0105,0.991,16
grid,80,0.3,3.0,142,3.55,3.567,284.0,1322.0,0.1200140901580395,7.758055654248765,37.97930075324555,0.008,0.9835,17
grid,80,0.3,3.0,142,3.55,3.5385,284.0,1322.0,0.1200140901580395,7.758055654248765,38.084053300083674,0.007,0.9785,18
grid,80,0.3,3.0,142,3.55,3.5495,284.0,1322.0,0.1200140901580395,7.758055654248765,36.97297302657653,0.012,0.9895,19
random_geometric,10,0.1,0.5,17,3.4,3.3915,34.0,166.0,0.47686531287076805,6.527351369180448,0.910547657369421,0.01,0.63,0
random_geometric,10,0.1,0.5,10,2.0,2.0065,20.0,68.0,0.1755335691593251,4.886494136535945,0.6041563566426953,0.0035,0.5185,1
random_geometric,10,0.1,0.5,10,2.0,1.9925,20.0,68.0,0.22073992402278012,5.3876491278147975,0.591125038275786,0.011,0.541,2
random_geometric,10,0.1,0.5,24,4.8,4.726,48.0,322.0,0.4282215352429697,8.29634021964598,1.284978016078789,0.0075,0.624,3
random_geometric,10,0.1,0.5,19,3.8,3.9055,38.0,216.0,0.7270060997421713,7.480614244186299,1.0430186473843766,0.01,0.626,4
random_geometric,10,0.1,0.5,15,3.0,3.0245,30.0,142.0,0.17261557638400638,6.2231867658658055,0.8616609424021696,0.006,0.558,5
random_geometric,10,0.1,0.5,11,2.2,2.197,22.0,74.0,0.11182842604190708,4.581497433130156,0.6019866811002613,0.011,0.653,6
random_geometric,10,0.1,0.5,11,2.2,2.214,22.0,76.0,0.21276095483405208,4.90604749828703,0.6354298480130461,0.0085,0.603,7
random_geometric,10,0.1,0.5,14,2.8,2.8075,28.0,128.0,0.344840230274631,7.108759876514082,0.8013054233336891,0.011,0.5655,8
random_geometric,10,0.1,0.5,20,4.0,3.9465,40.0,224.0,0.77789404879588,7.537978201025501,1.0398029347583841,0.01,0.667,9
random_geometric,10,0.1,0.5,14,2.8,2.7715,28.0,128.0,0.24356963398505585,7.068614101766779,0.7787881206907461,0.009,0.568,10
random_geometric,10,0.1,0.5,12,2.4,2.379,24.0,88.0,0.16856683320004337,5.2094943912195975,0.6703084831513461,0.006,0.642,11
random_geometric,10,0.1,0.5,15,3.0,2.982,30.0,136.0,0.2891935685368079,6.2475852775204626,0.8025023657509265,0.0115,0.634,12
random_geometric,10,0.1,0.5,9,1.8,1.801,18.0,54.0,0.11724609716064317,4.372130133633962,0.4967228525196247,0.016,0.6205,13
random_geometric,10,0.1,0.5,13,2.6,2.572,26.0,112.0,0.24531328283172069,6.283064117143751,0.7499952115790167,0.0075,0.5235,14
random_geometric,10,0.1,0.5,20,4.0,4.0135,40.0,226.0,0.30873222319457344,7.18014003298896,1.0486364423109724,0.014,0.65,15
random_geometric,10,0.1,0.5,12,2.4,2.442,24.0,90.0,0.14657695379956226,5.130209658747866,0.6372349139375909,0.0155,0.6685,16
random_geometric,10,0.1,0.5,20,4.0,4.019,40.0,230.0,0.41362841328057126,8.042919442125056,1.0981964928982146,0.0095,0.6135,17
random_geometric,10,0.1,0.5,10,2.0,2.0155,20.0,72.0,0.2641709752556249,5.712745900614704,0.5955358078635261,0.0105,0.5035,18
random_geometric,10,0.1,0.5,13,2.6,2.56,26.0,112.0,0.3010478532425292,6.187962123203587,0.7655138241907242,0.007,0.524,19
random_geometric,10,0.1,1.0,12,2.4,2.378,24.0,94.0,0.17969550304511078,5.4103201727673875,0.6797841955965599,0.0165,0.9955,0
random_geometric,10,0.1,1.0,19,3.8,3.7575,38.0,212.0,0.7519385814107361,8.051366190550333,1.0151671671540032,0.014,0.968,1
random_geometric,10,0.1,1.0,15,3.0,2.992,30.0,128.0,0.24355843025267632,6.096297538248231,0.8310166671086505,0.005,1.0,2
random_geometric,10,0.1,1.0,14,2.8,2.779,28.0,124.0,0.33470733532434815,6.313580981104963,0.7346085123166876,0.0145,0.996,3
random_geometric,10,0.1,1.0,16,3.2,3.181,32.0,156.0,0.4449067450362367,6.514458271619281,0.8879945777794238,0.0075,0.983,4
random_geometric,10,0.1,1.0,20,4.0,4.0455,40.0,240.0,0.413892481725661,8.04961973852337,1.0972117328827182,0.0095,0.9595,5
random_geometric,10,0.1,1.0,14,2.8,2.7365,28.0,126.0,0.23170411339994904,6.264524791644643,0.8136312616003643,0.0105,0.986,6
random_geometric,10,0.1,1.0,14,2.8,2.7575,28.0,122.0,0.31360805931115887,6.259266479109399,0.768817693048482,0.014,0.992,7
random_geometric,10,0.1,1.0,13,2.6,2.623,26.0,108.0,0.17200980610191793,6.111648279901974,0.7190043846801873,0.008,0.9945,8
random_geometric,10,0.1,1.0,14,2.8,2.835,28.0,120.0,0.13704656486418385,6.055049231756431,0.7721243415801631,0.0105,0.9965,9
random_geometric,10,0.1,1.0,14,2.8,2.797,28.0,120.0,0.16778084541782787,5.571576853779234,0.7659391698328628,0.01,0.9945,10
random_geometric,10,0.1,1.0,13,2.6,2.5655,26.0,110.0,0.22786187265844587,5.578396219292565,0.712088442883425,0.0145,0.99,11
random_geometric,10,0.1,1.0,13,2.6,2.627,26.0,112.0,0.38610689081208366,6.330528682270502,0.7122306032693806,0.0125,0.996,12
random_geometric,10,0.1,1.0,20,4.0,4.0235,40.0,208.0,0.7235235919001116,7.016587652657046,0.9967008630117128,0.012,1.0,13
random_geometric,10,0.1,1.0,20,4.0,3.913,40.0,246.0,0.4258184337185618,8.107737301572852,1.1234067010533806,0.01,0.947,14
random_geometric,10,0.1,1.0,9,1.8,1.7985,18.0,56.0,0.18588858741783626,4.751662441318993,0.5084992288152699,0.011,0.999,15
random_geometric,10,0.1,1.0,12,2.4,2.385,24.0,90.0,0.19889525331633823,5.250974918204612,0.6868224027798865,0.0095,0.9945,16
random_geometric,10,0.1,1.0,13,2.6,2.5685,26.0,104.0,0.19473446938818242,5.413529177952101,0.740619667143801,0.012,0.993,17
random_geometric,10,0.1,1.0,14,2.8,2.782,28.0,124.0,0.2183228796533323,6.159242125227334,0.789321242305275,0.0095,0.9865,18
random_geometric,10,0.1,1.0,15,3.0,2.9765,30.0,138.0,0.2295300776565593,6.187566709311065,0.8232660623487739,0.01,0.9885,19
random_geometric,10,0.1,1.5,19,3.8,3.8085,38.0,194.0,0.2685493385245503,6.489428664146921,1.0300217746135436,0.0095,1.0,0
random_geometric,10,0.1,1.5,13,2.6,2.624,26.0,108.0,0.305420239930998,6.297815290657019,0.7670627980911964,0.008,1.0,1
random_geometric,10,0.1,1.5,10,2.0,1.9945,20.0,66.0,0.15353408323702344,4.735128279827945,0.56980449746495,0.014,1.0,2
random_geometric,10,0.1,1.5,16,3.2,3.204,32.0,142.0,0.19021407987257857,6.080604400570928,0.8766874791698281,0.0085,1.0,3
random_geometric,10,0.1,1.5,18,3.6,3.5975,36.0,182.0,0.5015008703356657,7.198739113634064,0.968461698065103,0.0075,1.0,4
random_geometric,10,0.1,1.5,13,2.6,2.606,26.0,108.0,0.23161813622185,5.792939584248586,0.7545142736347467,0.005,1.0,5
random_geometric,10,0.1,1.5,25,5.0,4.9605,50.0,346.0,0.9669631012996921,9.056806898185702,1.4000151952453843,0.005,1.0,6
random_geometric,10,0.1,1.5,13,2.6,2.597,26.0,106.0,0.27345401313572104,6.241632220162542,0.7265987378877767,0.009,1.0,7
random_geometric,10,0.1,1.5,19,3.8,3.798,38.0,200.0,0.6884848555597323,7.4193346615482225,1.0084758442415365,0.01,1.0,8
random_geometric,10,0.1,1.5,12,2.4,2.4,24.0,92.0,0.24758647365500694,5.605296866962389,0.6845289395607944,0.01,1.0,9
random_geometric,10,0.1,1.5,13,2.6,2.612,26.0,104.0,0.2370237644296078,5.747519616120517,0.7193394627272575,0.01,1.0,10
random_geometric,10,0.1,1.5,13,2.6,2.613,26.0,108.0,0.2041237797352127,6.1128785737558236,0.7175934361185045,0.014,1.0,11
random_geometric,10,0.1,1.5,15,3.0,3.0295,30.0,132.0,0.4909363167636615,6.0299622009525775,0.7557990423453943,0.0175,1.0,12
random_geometric,10,0.1,1.5,11,2.2,2.2125,22.0,82.0,0.21535535421155685,5.449489742783174,0.6426051692565926,0.0095,1.0,13
random_geometric,10,0.1,1.5,13,2.6,2.6405,26.0,106.0,0.193626832116499,5.545312990098288,0.7103064990008526,0.012,1.0,14
random_geometric,10,0.1,1.5,17,3.4,3.3725,34.0,176.0,0.6194634720808975,8.089369245904422,0.9154379659385774,0.0115,1.0,15
random_geometric,10,0.1,1.5,14,2.8,2.7795,28.0,124.0,0.31301819547661863,7.119161419038264,0.7585870791956337,0.012,1.0,16
random_geometric,10,0.1,1.5,14,2.8,2.7755,28.0,124.0,0.21657457791192455,6.135879442181734,0.7691612487435988,0.014,1.0,17
random_geometric,10,0.1,1.5,13,2.6,2.5545,26.0,110.0,0.3533540979736687,6.338084100733035,0.7217053336618304,0.0075,1.0,18
random_geometric,10,0.1,1.5,14,2.8,2.7955,28.0,124.0,0.24553600405345194,6.292721117902828,0.7315036245215915,0.0115,1.0,19
random_geometric,10,0.1,2.0,13,2.6,2.642,26.0,114.0,0.2642348764688027,7.0898400672561355,0.7114849134445679,0.0145,1.0,0
random_geometric,10,0.1,2.0,12,2.4,2.3895,24.0,90.0,0.1352537297020792,5.102607927534269,0.6752509646545747,0.0065,1.0,1
random_geometric,10,0.1,2.0,11,2.2,2.234,22.0,82.0,0.23702376442960743,5.747519616120515,0.5963913546365963,0.022,1.0,2
random_geometric,10,0.1,2.0,10,2.0,1.973,20.0,66.0,0.1338017374909775,4.655442381549831,0.5981442492699811,0.01,1.0,3
random_geometric,10,0.1,2.0,13,2.6,2.6195,26.0,118.0,0.3819660112501035,7.1547621704587865,0.7437919484504257,0.0145,1.0,4
random_geometric,10,0.1,2.0,11,2.2,2.182,22.0,84.0,0.24365469165642223,6.192268747961498,0.6398207861441054,0.0085,1.0,5
random_geometric,10,0.1,2.0,18,3.6,3.682,36.0,190.0,0.3776991700625651,7.2421027938317035,0.9511155556719434,0.0095,1.0,6
random_geometric,10,0.1,2.0,16,3.2,3.248,32.0,160.0,0.25351491453643793,7.089698239502646,0.8630141329892184,0.009,1.0,7
random_geometric,10,0.1,2.0,13,2.6,2.6315,26.0,124.0,0.4146972745710189,8.0505401715641,0.7834247204495521,0.0085,1.0,8
random_geometric,10,0.1,2.0,11,2.2,2.1945,22.0,80.0,0.1935749094754827,5.358845047629938,0.633811721059953,0.0115,1.0,9
random_geometric,10,0.1,2.0,17,3.4,3.409,34.0,162.0,0.2670499695995865,7.040690514066936,0.9360084851749273,0.0055,1.0,10
random_geometric,10,0.1,2.0,13,2.6,2.6105,26.0,104.0,0.15895937552428344,5.27358907649795,0.725647648309959,0.0095,1.0,11
random_geometric,10,0.1,2.0,20,4.0,3.931,40.0,228.0,0.33014980104745917,8.025980753599338,1.0902011728481424,0.008,1.0,12
random_geometric,10,0.1,2.0,13,2.6,2.6125,26.0,108.0,0.23761946773210274,5.439331165167879,0.7486192637913675,0.004,1.0,13
random_geometric,10,0.1,2.0,11,2.2,2.1845,22.0,78.0,0.14918509804453706,5.213007792349055,0.5693849551256912,0.0165,1.0,14
random_geometric,10,0.1,2.0,11,2.2,2.214,22.0,82.0,0.1966889735602191,6.109827841815115,0.631725516110928,0.0135,1.0,15
random_geometric,10,0.1,2.0,11,2.2,2.1985,22.0,86.0,0.2766628777598055,6.356529851874116,0.6461588289284577,0.0115,1.0,16
random_geometric,10,0.1,2.0,10,2.0,2.0255,20.0,66.0,0.13722545223114344,4.691768895259453,0.5538476656247447,0.0125,1.0,17
random_geometric,10,0.1,2.0,13,2.6,2.6355,26.0,106.0,0.24090331854175415,5.731136547776797,0.7031161550899994,0.014,1.0,18
random_geometric,10,0.1,2.0,15,3.0,2.97,30.0,136.0,0.16906206362251572,6.173691594620785,0.8746653193754048,0.005,1.0,19
random_geometric,10,0.1,3.0,13,2.6,2.6265,26.0,106.0,0.16774526880416163,5.719765400017686,0.749033742742509,0.005,1.0,0
random_geometric,10,0.1,3.0,17,3.4,3.3855,34.0,154.0,0.18435116359632647,5.609371990038544,0.8219952529838662,0.0165,1.0,1
random_geometric,10,0.1,3.0,13,2.6,2.6425,26.0,102.0,0.14590560054742305,5.291112292388391,0.7420902235894042,0.008,1.0,2
random_geometric,10,0.1,3.0,13,2.6,2.5545,26.0,108.0,0.3105061068429898,6.017792119992587,0.7020637149232348,0.0105,1.0,3
random_geometric,10,0.1,3.0,11,2.2,2.1855,22.0,78.0,0.19088555527618845,5.347589355783918,0.6339659356810831,0.009,1.0,4
random_geometric,10,0.1,3.0,13,2.6,2.597,26.0,106.0,0.2592202374807386,6.332700011756937,0.7274852305338306,0.0085,1.0,5
random_geometric,10,0.1,3.0,13,2.6,2.6345,26.0,106.0,0.23460117113292475,5.754353928360317,0.7442922700021724,0.0075,1.0,6
random_geometric,10,0.1,3.0,16,3.2,3.248,32.0,152.0,0.16114696446188773,6.141947210213981,0.8845218056444871,0.0055,1.0,7
random_geometric,10,0.1,3.0,11,2.2,2.169,22.0,80.0,0.21324755961963163,5.316206493128362,0.6284568679567164,0.0115,1.0,8
random_geometric,10,0.1,3.0,17,3.4,3.4195,34.0,174.0,0.7510667714501321,6.796886245431828,0.9506216596446835,0.0065,1.0,9
random_geometric,10,0.1,3.0,10,2.0,1.9905,20.0,68.0,0.1352537297020787,5.102607927534269,0.5494424270387424,0.012,1.0,10
random_geometric,10,0.1,3.0,11,2.2,2.18,22.0,76.0,0.14126991011902665,4.665411014357445,0.6136600253298448,0.007,1.0,11
random_geometric,10,0.1,3.0,11,2.2,2.201,22.0,78.0,0.19120953455692594,5.278077344325792,0.6344523238124326,0.0095,1.0,12
random_geometric,10,0.1,3.0,14,2.8,2.7875,28.0,114.0,0.2306771022268121,5.489895508561422,0.7569295812713287,0.011,1.0,13
random_geometric,10,0.1,3.0,12,2.4,2.41,24.0,92.0,0.21786366527193798,5.4575579430578784,0.6513731306402637,0.0125,1.0,14
random_geometric,10,0.1,3.0,11,2.2,2.222,22.0,80.0,0.16004960217638756,5.144631563329737,0.6181439305621212,0.01,1.0,15
random_geometric,10,0.1,3.0,11,2.2,2.213,22.0,82.0,0.26417097525562455,5.7127459006147046,0.6122642069954467,0.014,1.0,16
random_geometric,10,0.1,3.0,15,3.0,3.011,30.0,136.0,0.33403779385165727,7.174027249240034,0.798265412640243,0.012,1.0,17
random_geometric,10,0.1,3.0,14,2.8,2.805,28.0,118.0,0.2465336883621109,5.796693833854892,0.7639792859178567,0.013,1.0,18
random_geometric,10,0.1,3.0,17,3.4,3.433,34.0,170.0,0.295986931359394,6.491872030302351,0.8862853599792115,0.012,1.0,19
random_geometric,10,0.2,0.5,15,3.0,3.032,30.0,144.0,0.37711842798349643,6.50148210768203,3.459735820257074,0.009,0.0865,0
random_geometric,10,0.2,0.5,14,2.8,2.807,28.0,118.0,0.20507054133672276,6.148583241057249,3.0691341220429713,0.014,0.0825,1
random_geometric,10,0.2,0.5,14,2.8,2.8065,28.0,120.0,0.18266675496782556,5.654864986714165,3.04599739949052,0.012,0.12,2
random_geometric,10,0.2,0.5,14,2.8,2.7735,28.0,118.0,0.4215343037912324,6.167696333852011,3.01408304254346,0.0125,0.107,3
random_geometric,10,0.2,0.5,15,3.0,3.0625,30.0,146.0,0.318750139343702,7.06601443813645,3.465500119751925,0.0075,0.0965,4
random_geometric,10,0.2,0.5,10,2.0,2.0235,20.0,70.0,0.15396852750821297,5.131931024540932,2.1943348248814782,0.0095,0.104,5
random_geometric,10,0.2,0.5,12,2.4,2.4485,24.0,90.0,0.20217565103883905,5.30509944692741,2.700823395213755,0.008,0.101,6
random_geometric,10,0.2,0.5,16,3.2,3.217,32.0,154.0,0.3070632584426216,6.478225699851038,3.7086176487949825,0.006,0.089,7
random_geometric,10,0.2,0.5,12,2.4,2.3875,24.0,92.0,0.2679491924311228,5.717622737209189,2.7125429343140603,0.007,0.094,8
random_geometric,10,0.2,0.5,13,2.6,2.613,26.0,110.0,0.17239671922247016,6.12576658195412,2.818897838716317,0.0115,0.118,9
random_geometric,10,0.2,0.5,12,2.4,2.393,24.0,90.0,0.14727759236757043,5.284446468440095,2.661497281347598,0.0075,0.105,10
random_geometric,10,0.2,0.5,23,4.6,4.6125,46.0,302.0,0.9654087927272088,9.055657724733605,4.9345063762293115,0.009,0.119,11
random_geometric,10,0.2,0.5,21,4.2,4.1955,42.0,240.0,0.9750433197679989,8.163565603944416,4.284422255536645,0.014,0.1205,12
random_geometric,10,0.2,0.5,11,2.2,2.195,22.0,78.0,0.15552122376197508,5.2114980007886835,2.4790024698513826,0.0135,0.1025,13
random_geometric,10,0.2,0.5,14,2.8,2.814,28.0,118.0,0.2465336883621117,5.796693833854896,3.317989089374753,0.009,0.075,14
random_geometric,10,0.2,0.5,14,2.8,2.8585,28.0,122.0,0.2867076233535738,6.361020032453925,3.2949664830298837,0.008,0.08,15
random_geometric,10,0.2,0.5,13,2.6,2.6285,26.0,106.0,0.1753141823674054,6.062118465253657,2.9080428799301807,0.009,0.104,16
random_geometric,10,0.2,0.5,14,2.8,2.7915,28.0,130.0,0.5952369416981681,6.415138987579612,3.231408694407629,0.01,0.097,17
random_geometric,10,0.2,0.5,12,2.4,2.4125,24.0,92.0,0.22374197814310873,5.61206199614478,2.5691203534880604,0.013,0.124,18
random_geometric,10,0.2,0.5,17,3.4,3.373,34.0,170.0,0.3087322231945748,7.18014003298896,3.8846742402392125,0.008,0.094,19
random_geometric,10,0.2,1.0,10,2.0,1.999,20.0,70.0,0.18994591545878434,5.237421682830629,2.2640887892066335,0.0135,0.5625,0
random_geometric,10,0.2,1.0,17,3.4,3.4515,34.0,170.0,0.5376063552642049,6.755747407740962,3.6106754851537355,0.0095,0.648,1
random_geometric,10,0.2,1.0,13,2.6,2.5925,26.0,102.0,0.25504952527495317,5.492072745939678,2.9969034331111226,0.0075,0.6015,2
random_geometric,10,0.2,1.0,11,2.2,2.2045,22.0,80.0,0.2679491924311211,5.508784046470115,2.4021242364486777,0.01,0.5985,3
random_geometric,10,0.2,1.0,11,2.2,2.166,22.0,82.0,0.20871215252208103,5.528917957294363,2.5493605014994367,0.0115,0.5125,4
random_geometric,10,0.2,1.0,10,2.0,1.9445,20.0,68.0,0.15475370366175303,5.204395228731139,2.2833177577155124,0.011,0.557,5
random_geometric,10,0.2,1.0,16,3.2,3.1755,32.0,158.0,0.30544631999381266,7.047732819363054,3.7268007333794055,0.0075,0.5525,6
random_geometric,10,0.2,1.0,14,2.8,2.764,28.0,132.0,0.3819660112501053,7.163036852732559,3.1285179195537594,0.011,0.557,7
random_geometric,10,0.2,1.0,20,4.0,4.002,40.0,234.0,0.2560292772748398,8.024901414891016,4.186233440371704,0.01,0.643,8
random_geometric,10,0.2,1.0,11,2.2,2.2205,22.0,78.0,0.1639588745900479,5.290163671001942,2.4428262469851703,0.0105,0.6225,9
random_geometric,10,0.2,1.0,15,3.0,3.0395,30.0,130.0,0.2752003915132204,6.258047991040649,3.3878828703053516,0.0055,0.6265,10
random_geometric,10,0.2,1.0,12,2.4,2.4015,24.0,86.0,0.17998162886709498,5.345759142539029,2.7399925910502136,0.0085,0.633,11
random_geometric,10,0.2,1.0,19,3.8,3.842,38.0,204.0,0.3759399051272512,7.462113161595246,4.005743930419143,0.0155,0.6745,12
random_geometric,10,0.2,1.0,13,2.6,2.5745,26.0,104.0,0.2215428817416112,5.489288571810077,2.845336157066284,0.0095,0.6045,13
random_geometric,10,0.2,1.0,12,2.4,2.3955,24.0,86.0,0.17998162886709587,5.34575914253903,2.610108436525927,0.015,0.6455,14
random_geometric,10,0.2,1.0,10,2.0,1.989,20.0,68.0,0.21276095483405183,4.90604749828703,2.310041577776104,0.01,0.552,15
random_geometric,10,0.2,1.0,13,2.6,2.6285,26.0,104.0,0.20621264988381877,5.4410957521306145,2.8792551972436162,0.011,0.6265,16
random_geometric,10,0.2,1.0,12,2.4,2.408,24.0,94.0,0.23697739108560317,5.598853141441257,2.6509837127802216,0.014,0.5925,17
random_geometric,10,0.2,1.0,17,3.4,3.3845,34.0,172.0,0.24408760112535835,6.527523604161599,3.5680134420828145,0.0125,0.629,18
random_geometric,10,0.2,1.0,13,2.6,2.6535,26.0,108.0,0.3445044176171425,5.650691005010792,3.03055114190293,0.0085,0.59,19
random_geometric,10,0.2,1.5,12,2.4,2.3845,24.0,102.0,0.38196601125010515,6.206280367068948,2.8053270066655385,0.01,0.8405,0
random_geometric,10,0.2,1.5,23,4.6,4.6805,46.0,298.0,0.5466430423235168,9.018593996234637,4.910395333917047,0.0085,0.9115,1
random_geometric,10,0.2,1.5,13,2.6,2.5675,26.0,104.0,0.2088692075634126,5.482434599119481,2.9301029194342543,0.007,0.907,2
random_geometric,10,0.2,1.5,18,3.6,3.6085,36.0,190.0,0.4131954049395268,7.407714747309083,4.013071139331983,0.008,0.9175,3
random_geometric,10,0.2,1.5,14,2.8,2.8185,28.0,112.0,0.20430733169312865,5.232412605572514,2.8676684840543216,0.013,0.956,4
random_geometric,10,0.2,1.5,14,2.8,2.778,28.0,120.0,0.14787728113691756,5.562785357262974,3.1080008881714303,0.0095,0.896,5
random_geometric,10,0.2,1.5,11,2.2,2.1845,22.0,78.0,0.20996488892562523,5.462715487853993,2.4115280802364203,0.0115,0.9495,6
random_geometric,10,0.2,1.5,15,3.0,2.973,30.0,136.0,0.13704656486418426,6.055049231756432,3.310094426830683,0.012,0.93,7
random_geometric,10,0.2,1.5,12,2.4,2.392,24.0,84.0,0.25624911030191994,4.94147628115925,2.501437139839892,0.0105,0.992,8
random_geometric,10,0.2,1.5,15,3.0,3.0005,30.0,132.0,0.2752020667634608,5.7775018282165025,3.318448069451739,0.0105,0.9345,9
random_geometric,10,0.2,1.5,16,3.2,3.1735,32.0,158.0,0.2458450446944912,6.380337468283239,3.623709565043244,0.0085,0.8735,10
random_geometric,10,0.2,1.5,10,2.0,1.969,20.0,66.0,0.19195717837277626,4.882056731659666,2.186352147891994,0.013,0.948,11
random_geometric,10,0.2,1.5,12,2.4,2.383,24.0,94.0,0.20965954606015164,5.508244393055357,2.7443165537896097,0.009,0.883,12
random_geometric,10,0.2,1.5,13,2.6,2.596,26.0,102.0,0.17748864712443074,5.339330437563978,2.7909734648977778,0.0125,0.9515,13
random_geometric,10,0.2,1.5,10,2.0,2.003,20.0,70.0,0.24995503663815546,5.40098648657511,2.31097926248171,0.0095,0.8955,14
random_geometric,10,0.2,1.5,13,2.6,2.5855,26.0,108.0,0.19021407987257974,6.080604400570928,2.8145453831694134,0.013,0.9185,15
random_geometric,10,0.2,1.5,18,3.6,3.617,36.0,194.0,0.20759056670206416,7.03784002550073,3.7997190749646257,0.01,0.879,16
random_geometric,10,0.2,1.5,14,2.8,2.794,28.0,120.0,0.5147256683019278,6.439755290369197,3.1123562141249117,0.011,0.946,17
random_geometric,10,0.2,1.5,12,2.4,2.435,24.0,94.0,0.2291065395216262,5.64276214235111,2.7110985775464553,0.01,0.8925,18
random_geometric,10,0.2,1.5,13,2.6,2.615,26.0,110.0,0.390459448474991,6.373510271137403,2.8440921016990304,0.0105,0.886,19
random_geometric,10,0.2,2.0,14,2.8,2.79,28.0,122.0,0.3415780742176641,6.237918322389137,3.094154635832686,0.0095,0.9925,0
random_geometric,10,0.2,2.0,19,3.8,3.7925,38.0,218.0,0.3350713153675196,7.297440952226854,4.067112652987165,0.01,0.9715,1
random_geometric,10,0.2,2.0,13,2.6,2.6,26.0,118.0,0.3819660112501045,7.105676635157384,3.1243434494512234,0.011,0.9895,2
random_geometric,10,0.2,2.0,15,3.0,2.9785,30.0,146.0,0.3173853236830426,6.537185243535217,3.4077581633790106,0.0105,0.9825,3
random_geometric,10,0.2,2.0,11,2.2,2.2125,22.0,78.0,0.19088555527618783,5.347589355783917,2.5493455378955576,0.0065,0.998,4
random_geometric,10,0.2,2.0,25,5.0,4.9755,50.0,352.0,0.8155728805187603,9.030109508342134,5.114254529060579,0.011,0.9605,5
random_geometric,10,0.2,2.0,16,3.2,3.1815,32.0,156.0,0.2456229917092878,7.06098294886892,3.6219348760724843,0.009,0.9955,6
random_geometric,10,0.2,2.0,16,3.2,3.2005,32.0,158.0,0.23641125385877665,6.396532287952521,3.5814691875005105,0.01,0.9825,7
random_geometric,10,0.2,2.0,16,3.2,3.23,32.0,158.0,0.23641125385877587,6.396532287952522,3.7114520141622704,0.006,0.9845,8
random_geometric,10,0.2,2.0,11,2.2,2.219,22.0,80.0,0.2479760239858216,5.387797281160618,2.538319789407326,0.0095,0.996,9
random_geometric,10,0.2,2.0,11,2.2,2.217,22.0,80.0,0.24003453299271799,5.267542439353358,2.537429401679899,0.0105,0.9975,10
random_geometric,10,0.2,2.0,16,3.2,3.195,32.0,142.0,0.3287220919383993,5.8970503417239435,3.189987160371594,0.0145,0.9985,11
random_geometric,10,0.2,2.0,14,2.8,2.755,28.0,126.0,0.30733872674955587,6.469068401945117,3.4798203463223834,0.0065,0.9815,12
random_geometric,10,0.2,2.0,14,2.8,2.8395,28.0,122.0,0.23430695948988955,6.112875494599994,3.108919344801415,0.011,0.996,13
random_geometric,10,0.2,2.0,15,3.0,2.985,30.0,136.0,0.21670239975037334,6.077338605782792,3.35955429052881,0.013,0.9865,14
random_geometric,10,0.2,2.0,11,2.2,2.21,22.0,74.0,0.1300649496364994,4.504303244345096,2.5030594289518464,0.009,0.9975,15
random_geometric,10,0.2,2.0,13,2.6,2.6235,26.0,110.0,0.428190594474153,6.375807632988526,3.0329351335436048,0.008,0.992,16
random_geometric,10,0.2,2.0,16,3.2,3.208,32.0,150.0,0.27822202093032056,6.181700068780648,3.3066656256715112,0.012,0.997,17
random_geometric,10,0.2,2.0,12,2.4,2.4045,24.0,94.0,0.2641709752556236,5.712745900614698,2.649810700636,0.0125,0.996,18
random_geometric,10,0.2,2.0,13,2.6,2.5885,26.0,112.0,0.2881471160693596,6.367610822594238,3.029977883925913,0.01,0.991,19
random_geometric,10,0.2,3.0,16,3.2,3.2185,32.0,154.0,0.2075905667020639,7.037840025500731,3.489745736458916,0.012,1.0,0
random_geometric,10,0.2,3.0,12,2.4,2.3955,24.0,86.0,0.15776432067569462,4.842235679324306,2.6638997610180897,0.01,1.0,1
random_geometric,10,0.2,3.0,11,2.2,2.1965,22.0,76.0,0.1442274933640115,5.1774096808992836,2.4381604150546115,0.0095,1.0,2
random_geometric,10,0.2,3.0,9,1.8,1.8055,18.0,54.0,0.1478922789576814,4.465879701800712,2.068634117624924,0.0105,1.0,3
random_geometric,10,0.2,3.0,10,2.0,1.984,20.0,68.0,0.15048754174604917,4.7133707789880885,2.33801142517228,0.011,1.0,4
random_geometric,10,0.2,3.0,16,3.2,3.1985,32.0,148.0,0.5016506224763176,6.551149543710217,3.3014186233722924,0.0155,1.0,5
random_geometric,10,0.2,3.0,19,3.8,3.8075,38.0,206.0,0.3087322231945737,7.180140032988958,4.075143249734401,0.009,1.0,6
random_geometric,10,0.2,3.0,11,2.2,2.1955,22.0,78.0,0.20996488892562634,5.462715487853993,2.4903573457970634,0.01,1.0,7
random_geometric,10,0.2,3.0,12,2.4,2.3995,24.0,90.0,0.16434830738726341,5.535401748146303,2.6065884108894983,0.012,1.0,8
random_geometric,10,0.2,3.0,15,3.0,2.967,30.0,134.0,0.3419009877809063,6.2935866522609585,3.310655455218073,0.009,1.0,9
random_geometric,10,0.2,3.0,14,2.8,2.761,28.0,128.0,0.23833515435990163,6.406463561275251,3.23990237288195,0.0085,1.0,10
random_geometric,10,0.2,3.0,10,2.0,1.964,20.0,72.0,0.20220746042408175,5.682097911366382,2.3403290545740782,0.014,1.0,11
random_geometric,10,0.2,3.0,12,2.4,2.3395,24.0,88.0,0.16004960217638756,5.144631563329738,2.4940252555576405,0.0125,1.0,12
random_geometric,10,0.2,3.0,12,2.4,2.3855,24.0,88.0,0.1747541107946614,5.231256658954472,2.654603642184345,0.0105,1.0,13
random_geometric,10,0.2,3.0,19,3.8,3.7965,38.0,208.0,0.3969655230949368,7.480533951155938,3.9536805637916794,0.009,1.0,14
random_geometric,10,0.2,3.0,24,4.8,4.805,48.0,324.0,0.9267975234968064,9.031227452465446,5.0831915401632335,0.011,1.0,15
random_geometric,10,0.2,3.0,16,3.2,3.1555,32.0,152.0,0.4543132089821939,6.621397150579724,3.603260164900841,0.0115,1.0,16
random_geometric,10,0.2,3.0,11,2.2,2.217,22.0,80.0,0.18841280342170405,5.197030328114549,2.59979252971339,0.009,1.0,17
random_geometric,10,0.2,3.0,12,2.4,2.4255,24.0,92.0,0.1881040062545352,5.337874634785579,2.787388885434532,0.006,1.0,18
random_geometric,10,0.2,3.0,21,4.2,4.1575,42.0,256.0,0.5931267199454684,8.094264150102543,4.630114615260818,0.009,1.0,19
random_geometric,10,0.3,0.5,15,3.0,2.997,30.0,134.0,0.33356387602517756,7.168807012393664,7.320903365635239,0.012,0.039,0
random_geometric,10,0.3,0.5,13,2.6,2.615,26.0,102.0,0.29783719085493243,5.5415383478518825,6.156068275498508,0.0125,0.0505,1
random_geometric,10,0.3,0.5,13,2.6,2.5985,26.0,100.0,0.23571987635578615,5.353425094404245,6.181800022717884,0.0125,0.0445,2
random_geometric,10,0.3,0.5,13,2.6,2.636,26.0,104.0,0.2462489570292642,5.778367609083112,6.528027039754535,0.0095,0.0385,3
random_geometric,10,0.3,0.5,16,3.2,3.1375,32.0,154.0,0.319131254099486,6.660315027273617,7.745159584892257,0.0115,0.044,4
random_geometric,10,0.3,0.5,22,4.4,4.3965,44.0,288.0,0.4354627960043135,9.018092436973719,10.46861083417917,0.0095,0.048,5
random_geometric,10,0.3,0.5,13,2.6,2.6785,26.0,112.0,0.2672237391791677,6.2097974736858035,6.416367451279576,0.0135,0.0505,6
random_geometric,10,0.3,0.5,13,2.6,2.6075,26.0,104.0,0.20871215252208047,5.528917957294366,6.355978161497075,0.0155,0.0345,7
random_geometric,10,0.3,0.5,18,3.6,3.63,36.0,176.0,0.2809824068864552,6.281920292226722,7.9905522735659735,0.014,0.0495,8
random_geometric,10,0.3,0.5,11,2.2,2.229,22.0,80.0,0.21324755961963063,5.316206493128365,5.716608296675284,0.0105,0.0285,9
random_geometric,10,0.3,0.5,12,2.4,2.4045,24.0,96.0,0.2441520868426435,6.153698788147173,6.145533893029141,0.01,0.034,10
random_geometric,10,0.3,0.5,13,2.6,2.596,26.0,104.0,0.17953040284679483,6.063009027034551,6.393867991093501,0.012,0.037,11
random_geometric,10,0.3,0.5,12,2.4,2.3165,24.0,98.0,0.2300337634992677,5.436725349311417,6.453633544066137,0.0065,0.032,12
random_geometric,10,0.3,0.5,15,3.0,2.99,30.0,134.0,0.36012437754497434,6.316714474483696,7.569563987614705,0.006,0.034,13
random_geometric,10,0.3,0.5,11,2.2,2.174,22.0,76.0,0.13064772411901046,4.605221577235671,5.581851646343384,0.0065,0.038,14
random_geometric,10,0.3,0.5,13,2.6,2.6215,26.0,112.0,0.2074690731973502,6.196889691812661,6.842073936273708,0.0055,0.035,15
random_geometric,10,0.3,0.5,15,3.0,2.978,30.0,146.0,0.25351491453643876,7.089698239502645,7.576056496615522,0.0075,0.036,16
random_geometric,10,0.3,0.5,18,3.6,3.606,36.0,204.0,0.3450891835356255,8.059320142656919,8.660589084614998,0.016,0.039,17
random_geometric,10,0.3,0.5,14,2.8,2.804,28.0,112.0,0.1736016631745226,5.379626405407179,7.038668190026583,0.004,0.034,18
random_geometric,10,0.3,0.5,12,2.4,2.37,24.0,96.0,0.1669236146357462,5.303499919848864,6.504724816783705,0.0075,0.03,19
random_geometric,10,0.3,1.0,11,2.2,2.171,22.0,76.0,0.12312829757116087,5.098590706164764,5.776848680131877,0.0065,0.174,0
random_geometric,10,0.3,1.0,12,2.4,2.3925,24.0,96.0,0.20621264988381782,5.441095752130612,5.744530206434026,0.0155,0.258,1
random_geometric,10,0.3,1.0,14,2.8,2.82,28.0,122.0,0.1611469644618861,6.141947210213982,6.839630874686507,0.0145,0.247,2
random_geometric,10,0.3,1.0,21,4.2,4.208,42.0,262.0,0.9764249819341898,9.12633542815083,10.520010978354716,0.01,0.24,3
random_geometric,10,0.3,1.0,10,2.0,2.039,20.0,70.0,0.17998162886709443,5.34575914253903,4.963848772041182,0.0135,0.2405,4
random_geometric,10,0.3,1.0,18,3.6,3.555,36.0,194.0,0.2510658993463066,7.164297685687615,8.491777543471574,0.0155,0.2545,5
random_geometric,10,0.3,1.0,11,2.2,2.2005,22.0,76.0,0.12584761806962608,4.7846446457884415,5.665080314421747,0.009,0.197,6
random_geometric,10,0.3,1.0,11,2.2,2.189,22.0,82.0,0.17233138696624334,6.062057890709477,5.7778655700138914,0.01,0.1895,7
random_geometric,10,0.3,1.0,18,3.6,3.5595,36.0,190.0,0.5955134718761009,7.299112320764874,8.754010848530356,0.014,0.2315,8
random_geometric,10,0.3,1.0,11,2.2,2.182,22.0,76.0,0.14277490418397126,4.82095122742292,5.869308338104774,0.0105,0.195,9
random_geometric,10,0.3,1.0,18,3.6,3.608,36.0,186.0,0.36217196582141237,6.713008056814382,8.385903148620594,0.0155,0.283,10
random_geometric,10,0.3,1.0,14,2.8,2.775,28.0,120.0,0.2691863824298882,6.333948396707437,7.004512948292325,0.01,0.2165,11
random_geometric,10,0.3,1.0,16,3.2,3.207,32.0,160.0,0.25351491453643804,7.089698239502648,7.927418206943116,0.0085,0.2215,12
random_geometric,10,0.3,1.0,14,2.8,2.8095,28.0,122.0,0.23270645491843903,6.100767211746744,6.980662246973537,0.012,0.2235,13
random_geometric,10,0.3,1.0,14,2.8,2.849,28.0,130.0,0.40359484457519895,7.1073277880757875,7.022668101432914,0.016,0.2395,14
random_geometric,10,0.3,1.0,16,3.2,3.164,32.0,154.0,0.3130181954766195,7.119161419038264,7.611700083929899,0.012,0.2495,15
random_geometric,10,0.3,1.0,22,4.4,4.394,44.0,284.0,0.7590901187034814,8.1363272232425,10.52691704776644,0.0105,0.2595,16
random_geometric,10,0.3,1.0,12,2.4,2.404,24.0,94.0,0.230523046853745,5.613294001715727,6.054960345770727,0.009,0.2255,17
random_geometric,10,0.3,1.0,11,2.2,2.1965,22.0,74.0,0.13722545223114357,4.691768895259449,5.517967884551445,0.0085,0.22,18
random_geometric,10,0.3,1.0,9,1.8,1.787,18.0,58.0,0.16140530381478516,4.852164354188756,4.875706307656381,0.0065,0.198,19
random_geometric,10,0.3,1.5,16,3.2,3.1705,32.0,152.0,0.23175546966963578,7.042884688113843,8.046534011534563,0.0095,0.614,0
random_geometric,10,0.3,1.5,13,2.6,2.582,26.0,108.0,0.30223413539262767,5.820342648959948,6.574210762969198,0.008,0.576,1
random_geometric,10,0.3,1.5,13,2.6,2.5975,26.0,104.0,0.15895937552428366,5.273589076497949,6.562991327665597,0.007,0.613,2
random_geometric,10,0.3,1.5,17,3.4,3.376,34.0,168.0,0.40841012593995424,7.281037608516973,8.174038746268556,0.011,0.641,3
random_geometric,10,0.3,1.5,14,2.8,2.8185,28.0,120.0,0.2052378697837229,5.787461197364428,6.827166119908482,0.01,0.6385,4
random_geometric,10,0.3,1.5,11,2.2,2.2225,22.0,80.0,0.19357490947548198,5.358845047629934,5.71239239959346,0.0095,0.558,5
random_geometric,10,0.3,1.5,13,2.6,2.6045,26.0,102.0,0.2550178782869382,5.654152734188012,6.510590801537498,0.0105,0.622,6
random_geometric,10,0.3,1.5,17,3.4,3.396,34.0,168.0,0.936061989847403,7.34490835011467,8.248993167151054,0.0095,0.638,7
random_geometric,10,0.3,1.5,13,2.6,2.6565,26.0,106.0,0.24090331854175437,5.731136547776792,6.294687306207936,0.01,0.631,8
random_geometric,10,0.3,1.5,19,3.8,3.7995,38.0,206.0,0.3664139943753096,7.156419928293699,9.430705330583333,0.008,0.613,9
random_geometric,10,0.3,1.5,10,2.0,2.0355,20.0,68.0,0.17690303150433112,5.342998975975747,5.268873520423222,0.0095,0.564,10
random_geometric,10,0.3,1.5,13,2.6,2.585,26.0,110.0,0.259747374803305,6.151430874526097,6.4232696140309855,0.0105,0.576,11
random_geometric,10,0.3,1.5,17,3.4,3.4025,34.0,184.0,0.42690248438186484,8.135027132884936,8.512453589981355,0.0095,0.576,12
random_geometric,10,0.3,1.5,16,3.2,3.211,32.0,146.0,0.27767403375315475,6.352606594461459,7.377672068462318,0.0135,0.698,13
random_geometric,10,0.3,1.5,12,2.4,2.4035,24.0,88.0,0.4384471871911704,5.241900490053223,5.765191205241108,0.0135,0.6605,14
random_geometric,10,0.3,1.5,18,3.6,3.5375,36.0,196.0,0.2984378812835765,6.701562118716424,8.886464762165698,0.0095,0.582,15
random_geometric,10,0.3,1.5,14,2.8,2.805,28.0,112.0,0.23702376442960815,5.747519616120517,6.818146308724263,0.012,0.685,16
random_geometric,10,0.3,1.5,19,3.8,3.8395,38.0,220.0,0.4097938599445348,7.439704671379423,9.669801533683998,0.011,0.576,17
random_geometric,10,0.3,1.5,13,2.6,2.633,26.0,108.0,0.2275929202410738,5.749781358123069,6.970000429501073,0.008,0.545,18
random_geometric,10,0.3,1.5,10,2.0,1.9995,20.0,66.0,0.11812620403405696,4.433659959190757,5.146358542903583,0.0145,0.584,19
random_geometric,10,0.3,2.0,15,3.0,3.0225,30.0,134.0,0.34190098778090594,6.293586652260962,7.898642417998944,0.005,0.865,0
random_geometric,10,0.3,2.0,14,2.8,2.8005,28.0,116.0,0.30223413539262756,5.820342648959948,6.718897605346904,0.0155,0.896,1
random_geometric,10,0.3,2.0,17,3.4,3.4425,34.0,170.0,0.6770826141767031,7.231508652023325,8.743356759736905,0.005,0.859,2
random_geometric,10,0.3,2.0,15,3.0,3.0135,30.0,134.0,0.3668551859006835,6.356938330509383,7.4475744727810085,0.0145,0.8795,3
random_geometric,10,0.3,2.0,12,2.4,2.3345,24.0,92.0,0.1881040062545343,5.337874634785578,6.055714544040998,0.0115,0.8145,4
random_geometric,10,0.3,2.0,16,3.2,3.226,32.0,150.0,0.38996337328781994,6.4584548539405455,7.843112356838538,0.0125,0.835,5
random_geometric,10,0.3,2.0,13,2.6,2.607,26.0,108.0,0.2766628777598058,6.356529851874117,6.638865582654086,0.012,0.8305,6
random_geometric,10,0.3,2.0,15,3.0,2.9595,30.0,140.0,0.31661198869502927,6.518378947263696,7.474348014260567,0.0105,0.8175,7
random_geometric,10,0.3,2.0,14,2.8,2.794,28.0,134.0,0.375334532295145,6.581860893148018,7.016526956208149,0.011,0.727,8
random_geometric,10,0.3,2.0,12,2.4,2.4185,24.0,86.0,0.21949571055090822,4.966443282097858,5.610275220338217,0.013,0.93,9
random_geometric,10,0.3,2.0,16,3.2,3.1695,32.0,150.0,0.5443706177290876,6.329123237286897,7.5367822905575075,0.0115,0.879,10
random_geometric,10,0.3,2.0,14,2.8,2.787,28.0,112.0,0.2265762493252212,5.574696904165059,7.090447588247321,0.007,0.9325,11
random_geometric,10,0.3,2.0,11,2.2,2.2075,22.0,78.0,0.20996488892562695,5.462715487853993,5.625138137056027,0.01,0.8665,12
random_geometric,10,0.3,2.0,10,2.0,1.973,20.0,70.0,0.22861676380024476,5.407957098472789,4.910633910325108,0.01,0.828,13
random_geometric,10,0.3,2.0,12,2.4,2.422,24.0,90.0,0.17049827601952983,5.224530293938932,6.1236492955863655,0.012,0.875,14
random_geometric,10,0.3,2.0,16,3.2,3.2,32.0,152.0,0.5964857075473156,6.929175044774847,7.514077480536134,0.014,0.857,15
random_geometric,10,0.3,2.0,11,2.2,2.19,22.0,76.0,0.20370310187612017,4.774424596296692,5.559006324127564,0.01,0.8665,16
random_geometric,10,0.3,2.0,14,2.8,2.789,28.0,120.0,0.2338763779488144,5.662907636697024,7.144196850829832,0.007,0.8225,17
random_geometric,10,0.3,2.0,15,3.0,3.0025,30.0,138.0,0.6853400500357479,6.821614643429603,7.1980439488493095,0.016,0.841,18
random_geometric,10,0.3,2.0,22,4.4,4.472,44.0,280.0,0.40530271761346814,7.612427995881902,10.348722557184413,0.01,0.8005,19
random_geometric,10,0.3,3.0,21,4.2,4.269,42.0,242.0,0.6582110932182503,7.404987480403185,9.861545809117336,0.01,0.9855,0
random_geometric,10,0.3,3.0,20,4.0,4.008,40.0,226.0,0.9747990791858396,8.116452155480495,9.451797722051182,0.0105,1.0,1
random_geometric,10,0.3,3.0,16,3.2,3.1685,32.0,156.0,0.29843788128357485,6.701562118716425,7.910839636360658,0.0135,0.9865,2
random_geometric,10,0.3,3.0,24,4.8,4.783,48.0,336.0,1.0,10.000000000000002,11.693446845799878,0.013,0.9245,3
random_geometric,10,0.3,3.0,14,2.8,2.7785,28.0,114.0,0.17135039582251949,5.309443070182313,6.635568673226477,0.0105,0.9995,4
random_geometric,10,0.3,3.0,20,4.0,3.9995,40.0,226.0,0.3264161094662921,7.35695960963436,10.136658965989266,0.007,0.9785,5
random_geometric,10,0.3,3.0,17,3.4,3.4005,34.0,160.0,0.42949814781961204,6.335747946032077,8.179054868984181,0.0095,0.9915,6
random_geometric,10,0.3,3.0,12,2.4,2.4285,24.0,94.0,0.1704362171512991,6.103833899118303,5.834908825885592,0.012,0.9985,7
random_geometric,10,0.3,3.0,14,2.8,2.781,28.0,122.0,0.4223369382782879,6.38484331023107,7.081167916534591,0.0075,0.9865,8
random_geometric,10,0.3,3.0,11,2.2,2.187,22.0,82.0,0.23702376442960782,5.747519616120514,5.6833437250923975,0.013,0.999,9
random_geometric,10,0.3,3.0,14,2.8,2.795,28.0,118.0,0.21183826797871025,6.246235014912367,6.891559825830453,0.0115,0.994,10
random_geometric,10,0.3,3.0,13,2.6,2.595,26.0,106.0,0.26190649572754104,5.435227657347354,6.541680564367596,0.0075,0.994,11
random_geometric,10,0.3,3.0,13,2.6,2.623,26.0,110.0,0.27464994546121174,6.168455674332515,6.877287515815387,0.0095,0.9925,12
random_geometric,10,0.3,3.0,13,2.6,2.6505,26.0,112.0,0.288147116069359,6.367610822594236,6.240610335673528,0.0135,0.997,13
random_geometric,10,0.3,3.0,15,3.0,2.9715,30.0,132.0,0.32737193623838734,6.281593508265837,7.501019788629214,0.009,0.9905,14
random_geometric,10,0.3,3.0,18,3.6,3.633,36.0,184.0,0.5514153536189582,7.314210902698145,8.475777584880474,0.0095,0.9875,15
random_geometric,10,0.3,3.0,23,4.6,4.5555,46.0,310.0,0.4354627960043138,9.018092436973712,11.170158087373464,0.0125,0.9405,16
random_geometric,10,0.3,3.0,17,3.4,3.407,34.0,178.0,0.5551440768267909,7.233904103349548,8.732607067465677,0.0095,0.975,17
random_geometric,10,0.3,3.0,16,3.2,3.2225,32.0,158.0,0.37525117887554826,6.715176482411767,8.152961952640716,0.0085,0.9825,18
random_geometric,10,0.3,3.0,12,2.4,2.34,24.0,102.0,0.3130181954766192,7.11916141903826,6.87163189610023,0.007,0.9815,19
random_geometric,20,0.1,0.5,46,4.6,4.5825,92.0,552.0,0.15348673591203765,8.611980630684911,1.8001943359569055,0.0175,0.5915,0
random_geometric,20,0.1,0.5,59,5.9,5.8735,118.0,926.0,0.7042487248391955,11.42680471935081,2.371814482524632,0.012,0.5475,1
random_geometric,20,0.1,0.5,41,4.1,4.104,82.0,432.0,0.11441024801450156,7.041390786881362,1.6194831957974773,0.011,0.6045,2
random_geometric,20,0.1,0.5,57,5.7,5.6685,114.0,832.0,0.6388426081112168,10.34429102959631,2.266225690838511,0.0095,0.575,3
random_geometric,20,0.1,0.5,45,4.5,4.459,90.0,534.0,0.3249829898131111,8.649084749587612,1.8156451808070957,0.011,0.575,4
random_geometric,20,0.1,0.5,45,4.5,4.4965,90.0,552.0,0.05367031847864712,9.173682325361932,1.8360110332778476,0.014,0.5455,5
random_geometric,20,0.1,0.5,61,6.1,6.0855,122.0,1066.0,0.19011112668231445,12.159979982146554,2.546393404497631,0.007,0.4825,6
random_geometric,20,0.1,0.5,46,4.6,4.563,92.0,572.0,0.340928656361264,9.163268451138602,1.9717697556669367,0.0075,0.4985,7
random_geometric,20,0.1,0.5,43,4.3,4.3405,86.0,496.0,0.12357717660645298,8.240476287414596,1.754531098732455,0.0095,0.5385,8
random_geometric,20,0.1,0.5,55,5.5,5.488,110.0,834.0,0.21988326490128632,12.10046534100126,2.3151874757348185,0.0085,0.497,9
random_geometric,20,0.1,0.5,44,4.4,4.3955,88.0,502.0,0.3344227842592658,8.137341897596711,1.7557020669741814,0.015,0.5845,10
random_geometric,20,0.1,0.5,60,6.0,6.114,120.0,954.0,0.6779317783375907,11.200408665231961,2.3979299516125976,0.014,0.577,11
random_geometric,20,0.1,0.5,70,7.0,7.061,140.0,1312.0,0.6450333934117156,12.757683059358062,2.810679428312693,0.012,0.5675,12
random_geometric,20,0.1,0.5,48,4.8,4.771,96.0,586.0,0.13412979172302542,8.52708689963614,1.9539757244226776,0.012,0.535,13
random_geometric,20,0.1,0.5,56,5.6,5.648,112.0,816.0,0.7368565819303214,10.550853393505205,2.3081394856585127,0.0095,0.557,14
random_geometric,20,0.1,0.5,56,5.6,5.7005,112.0,920.0,0.1741505232504282,11.41780824921573,2.542885994295752,0.004,0.426,15
random_geometric,20,0.1,0.5,73,7.3,7.357,146.0,1470.0,0.28158765064713975,14.085562370365764,3.1564105593191414,0.008,0.4955,16
random_geometric,20,0.1,0.5,69,6.9,6.9715,138.0,1300.0,0.34772112697887003,13.251654648611224,2.832740887450101,0.01,0.5445,17
random_geometric,20,0.1,0.5,36,3.6,3.5835,72.0,364.0,0.18200403457859315,7.454108853805857,1.5469141044078447,0.006,0.4835,18
random_geometric,20,0.1,0.5,65,6.5,6.5105,130.0,1096.0,0.7312742851027876,12.480248457366136,2.686434935852181,0.008,0.551,19
random_geometric,20,0.1,1.0,47,4.7,4.6725,94.0,620.0,0.11502175587916046,9.552166263898034,2.0131265896832167,0.0125,0.9705,0
random_geometric,20,0.1,1.0,56,5.6,5.5905,112.0,874.0,0.18845084312582827,11.165668424608642,2.3593635503292787,0.005,0.956,1
random_geometric,20,0.1,1.0,60,6.0,6.0305,120.0,988.0,0.1944482522741084,12.281538893156991,2.4306706779450247,0.0055,0.9205,2
random_geometric,20,0.1,1.0,56,5.6,5.5905,112.0,888.0,0.2626507892137359,11.522991811703859,2.313769055369279,0.009,0.9435,3
random_geometric,20,0.1,1.0,48,4.8,4.8185,96.0,624.0,0.36486228867276904,9.148821163370325,1.9660408367119175,0.008,0.9685,4
random_geometric,20,0.1,1.0,41,4.1,4.1015,82.0,450.0,0.14220752038008871,8.17049265074453,1.7314033906555817,0.0065,0.999,5
random_geometric,20,0.1,1.0,45,4.5,4.5485,90.0,592.0,0.08492139247158406,10.060667048384024,1.9795517650478154,0.0085,0.9525,6
random_geometric,20,0.1,1.0,58,5.8,5.8425,116.0,902.0,0.5687073303505656,11.006380785370716,2.474828692122431,0.0065,0.946,7
random_geometric,20,0.1,1.0,60,6.0,6.0145,120.0,934.0,0.6059261312917557,11.428333852839845,2.491275189158362,0.0075,0.9855,8
random_geometric,20,0.1,1.0,53,5.3,5.3415,106.0,832.0,0.2623673011953778,11.220727697882312,2.2707914000860723,0.0135,0.961,9
random_geometric,20,0.1,1.0,59,5.9,5.8345,118.0,928.0,0.3340506524155159,10.654738684151859,2.3875608780386472,0.0075,0.92,10
random_geometric,20,0.1,1.0,49,4.9,4.9265,98.0,658.0,0.5509016564803272,10.038155127587274,1.9725770089206538,0.016,0.9755,11
random_geometric,20,0.1,1.0,49,4.9,4.938,98.0,712.0,0.5037869084189022,10.721777625439454,2.0446550198357496,0.0095,0.9455,12
random_geometric,20,0.1,1.0,72,7.2,7.036,144.0,1306.0,0.9979925601287183,12.668240313026011,2.9393151900173824,0.009,0.9825,13
random_geometric,20,0.1,1.0,51,5.1,5.052,102.0,704.0,0.24600536288363228,10.104029254043146,2.1276952130101634,0.006,0.965,14
random_geometric,20,0.1,1.0,58,5.8,5.6545,116.0,1044.0,0.1761173295464748,12.04270553535395,2.5625132052232438,0.009,0.8485,15
random_geometric,20,0.1,1.0,49,4.9,4.8785,98.0,652.0,0.4182507316495643,9.662350706632704,1.986539472537685,0.0115,0.9645,16
random_geometric,20,0.1,1.0,42,4.2,4.18,84.0,484.0,0.26995059283977424,8.32616219832574,1.7752054189485633,0.0085,0.951,17
random_geometric,20,0.1,1.0,45,4.5,4.52,90.0,546.0,0.18175853127391606,8.313913747148518,1.7905472602119163,0.017,0.9985,18
random_geometric,20,0.1,1.0,47,4.7,4.722,94.0,590.0,0.3375820222389199,9.088083743150511,1.9120250559610605,0.0125,0.981,19
random_geometric,20,0.1,1.5,37,3.7,3.6925,74.0,392.0,0.2039304736493552,8.30873920902025,1.568172474288,0.0105,1.0,0
random_geometric,20,0.1,1.5,52,5.2,5.1875,104.0,732.0,0.3783673462306021,10.408649618275184,2.1309747084978845,0.0115,1.0,1
random_geometric,20,0.1,1.5,41,4.1,4.0955,82.0,468.0,0.1262001595453828,9.42461474503786,1.662774921320009,0.0125,1.0,2
random_geometric,20,0.1,1.5,41,4.1,4.1405,82.0,456.0,0.17595643343981757,8.416443172562056,1.6784485554357345,0.011,1.0,3
random_geometric,20,0.1,1.5,47,4.7,4.7395,94.0,634.0,0.08973643002920975,10.331077872823018,1.9000682083267066,0.011,1.0,4
random_geometric,20,0.1,1.5,49,4.9,4.9255,98.0,674.0,0.5518016974080752,10.139413228985132,2.0527991888089816,0.01,1.0,5
random_geometric,20,0.1,1.5,47,4.7,4.7315,94.0,594.0,0.11893898959466055,9.227953998090237,1.9775992421765844,0.007,0.999,6
random_geometric,20,0.1,1.5,48,4.8,4.755,96.0,610.0,0.1465999367232353,9.458516461358519,2.0144881181965943,0.0085,0.9995,7
random_geometric,20,0.1,1.5,56,5.6,5.655,112.0,804.0,0.5424639684360545,9.907102626991927,2.2439766896793847,0.01,0.9995,8
random_geometric,20,0.1,1.5,48,4.8,4.772,96.0,654.0,0.17350469781378636,10.149575559670687,1.9822205409429579,0.012,1.0,9
random_geometric,20,0.1,1.5,61,6.1,6.131,122.0,1006.0,0.7035771556723432,12.243060240546132,2.4223008049675037,0.0125,0.9995,10
random_geometric,20,0.1,1.5,61,6.1,6.1315,122.0,1020.0,0.19540299291399224,12.549646687489359,2.6069833514810745,0.0055,1.0,11
random_geometric,20,0.1,1.5,48,4.8,4.758,96.0,630.0,0.4815678736817858,10.429678735146572,2.0023741803769672,0.0095,1.0,12
random_geometric,20,0.1,1.5,45,4.5,4.506,90.0,556.0,0.09170267163130545,9.349137074470155,1.8494916812483195,0.0095,1.0,13
random_geometric,20,0.1,1.5,59,5.9,5.9475,118.0,890.0,0.8221327639780865,11.474796662557026,2.484008076174695,0.006,1.0,14
random_geometric,20,0.1,1.5,59,5.9,5.8045,118.0,950.0,0.25208704120616166,12.090204234841847,2.3956161399321565,0.0135,1.0,15
random_geometric,20,0.1,1.5,70,7.0,6.974,140.0,1180.0,1.198760741556041,12.33123572194512,2.870973068098,0.007,1.0,16
random_geometric,20,0.1,1.5,56,5.6,5.596,112.0,822.0,0.3106942676649834,11.137387203884325,2.2523037244033057,0.0145,1.0,17
random_geometric,20,0.1,1.5,47,4.7,4.6915,94.0,596.0,0.2702386317908321,9.51670088706053,1.9297917695846252,0.0075,0.9995,18
random_geometric,20,0.1,1.5,57,5.7,5.774,114.0,876.0,0.8736639542959077,11.271497188668876,2.36927266553484,0.0085,1.0,19
random_geometric,20,0.1,2.0,49,4.9,4.878,98.0,608.0,0.4241396827143381,8.512969220258023,2.0177684614716798,0.009,1.0,0
random_geometric,20,0.1,2.0,41,4.1,4.103,82.0,444.0,0.20630256893250287,7.755389809131513,1.7444244355016527,0.009,1.0,1
random_geometric,20,0.1,2.0,52,5.2,5.2545,104.0,732.0,0.1116093259742152,9.218144922783294,2.094939319008885,0.017,1.0,2
random_geometric,20,0.1,2.0,46,4.6,4.6155,92.0,562.0,0.20642551894246805,9.619638175286072,1.900176502912062,0.011,1.0,3
random_geometric,20,0.1,2.0,84,8.4,8.2605,168.0,1910.0,0.7185475428063112,16.047752419792445,3.582739425227274,0.009,1.0,4
random_geometric,20,0.1,2.0,53,5.3,5.353,106.0,826.0,0.25783398994792267,11.207415342453947,2.2136674725494916,0.0095,1.0,5
random_geometric,20,0.1,2.0,46,4.6,4.6485,92.0,582.0,0.2113133334439242,8.851769663280216,1.902460027899395,0.0125,1.0,6
random_geometric,20,0.1,2.0,50,5.0,4.973,100.0,648.0,0.6550437217171559,9.634927303414882,2.0200120840861673,0.0135,1.0,7
random_geometric,20,0.1,2.0,62,6.2,6.2675,124.0,1122.0,0.14325286372243914,13.054663132104377,2.6223185254922954,0.007,1.0,8
random_geometric,20,0.1,2.0,50,5.0,5.051,100.0,718.0,0.3318086210745599,10.368692085649522,2.179312585885255,0.0065,1.0,9
random_geometric,20,0.1,2.0,55,5.5,5.513,110.0,814.0,0.3360941556658305,11.144886025244364,2.276231075908429,0.0165,1.0,10
random_geometric,20,0.1,2.0,55,5.5,5.438,110.0,822.0,0.517336889376783,10.919922662634011,2.292928320483044,0.0085,1.0,11
random_geometric,20,0.1,2.0,47,4.7,4.74,94.0,602.0,0.3970979048757649,9.336486389479703,1.9623307572083823,0.0075,1.0,12
random_geometric,20,0.1,2.0,47,4.7,4.7125,94.0,580.0,0.19119294835434125,8.617396600633523,1.8111164227608385,0.0215,1.0,13
random_geometric,20,0.1,2.0,51,5.1,5.118,102.0,760.0,0.0801248510963335,10.539218078537363,2.13869988921708,0.0095,1.0,14
random_geometric,20,0.1,2.0,56,5.6,5.53,112.0,864.0,0.36791219646434764,12.247685941435325,2.3934017714885285,0.0065,1.0,15
random_geometric,20,0.1,2.0,42,4.2,4.215,84.0,498.0,0.3979632125210614,9.451017012167688,1.7880180831265495,0.0065,1.0,16
random_geometric,20,0.1,2.0,41,4.1,4.1365,82.0,452.0,0.152592141973194,8.331195495778,1.709712518433965,0.008,1.0,17
random_geometric,20,0.1,2.0,52,5.2,5.195,104.0,752.0,0.5185029210940886,10.369010862690347,2.085454395153079,0.013,1.0,18
random_geometric,20,0.1,2.0,44,4.4,4.374,88.0,512.0,0.35831748185918705,8.53422181346428,1.8689178918640905,0.009,1.0,19
random_geometric,20,0.1,3.0,52,5.2,5.251,104.0,738.0,0.4118913579434416,11.206800283320103,2.198576987204899,0.0125,1.0,0
random_geometric,20,0.1,3.0,68,6.8,6.841,136.0,1188.0,0.7781534489242035,13.278089635663907,2.766636822675522,0.013,1.0,1
random_geometric,20,0.1,3.0,50,5.0,5.006,100.0,652.0,0.30082398739659527,9.299680026672672,2.090038778474313,0.0085,1.0,2
random_geometric,20,0.1,3.0,50,5.0,4.923,100.0,702.0,0.39984963919114724,9.882891685548858,2.155962703269002,0.005,1.0,3
random_geometric,20,0.1,3.0,54,5.4,5.381,108.0,756.0,0.5000938183918344,10.185551766239742,2.2301932246654066,0.01,1.0,4
random_geometric,20,0.1,3.0,49,4.9,4.717,98.0,708.0,0.2459156088936812,11.193415901385972,2.0945125710335613,0.0095,1.0,5
random_geometric,20,0.1,3.0,52,5.2,5.1955,104.0,776.0,0.27847741145853117,10.44360152450511,2.1769635241120033,0.01,1.0,6
random_geometric,20,0.1,3.0,55,5.5,5.5075,110.0,812.0,0.4607013347632845,11.213085544274007,2.2938400069251,0.0105,1.0,7
random_geometric,20,0.1,3.0,51,5.1,5.1305,102.0,728.0,0.6090007494063492,10.132896863586161,2.178965906766782,0.0085,1.0,8
random_geometric,20,0.1,3.0,48,4.8,4.7305,96.0,662.0,0.2149661109966128,10.297535107764482,2.018590845664482,0.0085,1.0,9
random_geometric,20,0.1,3.0,65,6.5,6.538,130.0,1152.0,0.39149978755579373,12.183238300620044,2.6773134985260345,0.012,1.0,10
random_geometric,20,0.1,3.0,58,5.8,5.838,116.0,880.0,0.7991899974937267,11.495632717697282,2.3514535697870724,0.01,1.0,11
random_geometric,20,0.1,3.0,53,5.3,5.3465,106.0,772.0,0.24934710281789374,10.450352526133026,2.1803077990348996,0.012,1.0,12
random_geometric,20,0.1,3.0,60,6.0,5.9745,120.0,930.0,0.08605161419384426,10.076967318426718,2.6014551247464155,0.0045,1.0,13
random_geometric,20,0.1,3.0,49,4.9,4.9035,98.0,666.0,0.28321760247623634,10.475281659832984,2.0070122133212682,0.014,1.0,14
random_geometric,20,0.1,3.0,46,4.6,4.5475,92.0,576.0,0.26609004780205164,9.361250777430602,1.8057074080897373,0.0095,1.0,15
random_geometric,20,0.1,3.0,52,5.2,5.203,104.0,708.0,0.1524339209045088,9.737026065337403,2.234276992762897,0.0035,1.0,16
random_geometric,20,0.1,3.0,68,6.8,6.834,136.0,1256.0,0.4568958363465316,12.20748046753369,2.8481143811484437,0.01,1.0,17
random_geometric,20,0.1,3.0,45,4.5,4.5035,90.0,556.0,0.15518025015272147,9.469114601869295,1.9187586182995675,0.0085,1.0,18
random_geometric,20,0.1,3.0,40,4.0,3.9955,80.0,436.0,0.208997606532692,8.214772415985877,1.6714727118430481,0.0115,1.0,19
random_geometric,20,0.2,0.5,64,6.4,6.367,128.0,1014.0,0.38143583715876783,11.004851656505641,9.826038281907497,0.011,0.098,0
random_geometric,20,0.2,0.5,48,4.8,4.873,96.0,624.0,0.43312622508132503,9.54875134528707,7.719630529070383,0.0165,0.0895,1
random_geometric,20,0.2,0.5,41,4.1,4.0825,82.0,476.0,0.12776091486514374,7.664234663053746,7.118738847561118,0.007,0.058,2
random_geometric,20,0.2,0.5,49,4.9,4.8955,98.0,626.0,0.1765804684753624,9.335336253204565,7.8315933817618655,0.015,0.0805,3
random_geometric,20,0.2,0.5,47,4.7,4.734,94.0,590.0,0.25756704247764955,9.317229386428654,7.377133893318195,0.0145,0.091,4
random_geometric,20,0.2,0.5,51,5.1,5.085,102.0,734.0,0.35548862985082486,11.297963495824662,8.96310878546558,0.0035,0.0585,5
random_geometric,20,0.2,0.5,49,4.9,4.9145,98.0,654.0,0.1123761755647902,10.098711683286655,8.329858816710173,0.007,0.0545,6
random_geometric,20,0.2,0.5,43,4.3,4.337,86.0,498.0,0.221464807467374,8.471528765180379,7.06941390085046,0.0115,0.0775,7
random_geometric,20,0.2,0.5,47,4.7,4.628,94.0,586.0,0.20921449303077966,9.058072125977942,7.615329604601579,0.0105,0.0875,8
random_geometric,20,0.2,0.5,58,5.8,5.844,116.0,982.0,0.3210927951209527,11.521759066561271,9.964385544167762,0.01,0.069,9
random_geometric,20,0.2,0.5,62,6.2,6.149,124.0,1022.0,0.6225294537325384,11.848337407771474,10.410199892426926,0.01,0.0685,10
random_geometric,20,0.2,0.5,62,6.2,6.182,124.0,980.0,0.5821940831959058,11.457949412871905,9.701679456249018,0.014,0.088,11
random_geometric,20,0.2,0.5,56,5.6,5.6225,112.0,846.0,0.46823198738585514,10.648052935544948,9.210427858396745,0.011,0.0745,12
random_geometric,20,0.2,0.5,48,4.8,4.7795,96.0,632.0,0.2515885347303111,11.260389633094004,7.8047881796811875,0.014,0.092,13
random_geometric,20,0.2,0.5,51,5.1,5.0455,102.0,682.0,0.25822154806526837,9.354785736554735,8.324924300719061,0.011,0.0755,14
random_geometric,20,0.2,0.5,49,4.9,4.889,98.0,660.0,0.24504675245776386,9.581894178956885,8.105342228858056,0.0065,0.082,15
random_geometric,20,0.2,0.5,44,4.4,4.428,88.0,516.0,0.15281383965310996,8.468525146590187,7.156677892995757,0.0115,0.069,16
random_geometric,20,0.2,0.5,46,4.6,4.532,92.0,566.0,0.23169837943444746,8.968119692544864,7.631636724008591,0.007,0.0695,17
random_geometric,20,0.2,0.5,62,6.2,6.174,124.0,1046.0,0.6448943782783935,12.346521203784963,10.164788423628613,0.0155,0.0805,18
random_geometric,20,0.2,0.5,50,5.0,4.997,100.0,644.0,0.344491670114921,9.310809523808837,8.505288329756382,0.0055,0.052,19
random_geometric,20,0.2,1.0,78,7.8,7.805,156.0,1520.0,1.1928539167390046,13.403994184328136,12.8408882945045,0.0125,0.575,0
random_geometric,20,0.2,1.0,53,5.3,5.296,106.0,728.0,0.19871124190821352,9.513351027678898,8.708091295624932,0.0075,0.558,1
random_geometric,20,0.2,1.0,59,5.9,5.8895,118.0,860.0,0.5431443600971649,10.661312555909246,9.657750053938308,0.006,0.5555,2
random_geometric,20,0.2,1.0,48,4.8,4.7555,96.0,598.0,0.1795400816656444,9.191263139040894,7.691566108776729,0.015,0.5875,3
random_geometric,20,0.2,1.0,53,5.3,5.219,106.0,744.0,0.43245540077914957,10.339589117852652,8.438025302894836,0.0145,0.5735,4
random_geometric,20,0.2,1.0,57,5.7,5.7235,114.0,844.0,0.39335631189861064,10.336818193980811,9.08027008556161,0.0135,0.5745,5
random_geometric,20,0.2,1.0,62,6.2,6.2025,124.0,1028.0,0.3740525462531638,11.670763989846032,10.189540148094961,0.0115,0.543,6
random_geometric,20,0.2,1.0,65,6.5,6.448,130.0,1100.0,1.1323693427119261,12.218531204182504,10.964627402724611,0.005,0.495,7
random_geometric,20,0.2,1.0,52,5.2,5.16,104.0,712.0,0.7295769664681202,10.62672578511556,8.51133679986145,0.0135,0.543,8
random_geometric,20,0.2,1.0,73,7.3,7.245,146.0,1298.0,0.8355923514525394,12.638337923688741,11.676403999818827,0.008,0.574,9
random_geometric,20,0.2,1.0,60,6.0,5.946,120.0,916.0,0.8475304102350697,11.306033538228691,9.831422478095297,0.0095,0.543,10
random_geometric,20,0.2,1.0,42,4.2,4.2015,84.0,488.0,0.15406099424982722,9.213046787152166,6.754759553734911,0.0145,0.5495,11
random_geometric,20,0.2,1.0,42,4.2,4.1795,84.0,520.0,0.24363202470527187,9.368151454945524,7.194029736906373,0.0125,0.4605,12
random_geometric,20,0.2,1.0,41,4.1,4.113,82.0,490.0,0.09204272655416011,9.046718457225554,6.812593495139951,0.0115,0.4905,13
random_geometric,20,0.2,1.0,40,4.0,4.0275,80.0,458.0,0.18508590351527762,8.665624562460144,6.50538356795652,0.0105,0.5435,14
random_geometric,20,0.2,1.0,44,4.4,4.3485,88.0,530.0,0.1507884165922341,9.295585464099092,7.462755767602849,0.007,0.5215,15
random_geometric,20,0.2,1.0,40,4.0,4.0035,80.0,438.0,0.22559279019240103,7.422172146621487,6.299391964696551,0.0185,0.6045,16
random_geometric,20,0.2,1.0,58,5.8,5.765,116.0,932.0,0.6849821727379017,12.405584661108815,9.643670345995277,0.008,0.4995,17
random_geometric,20,0.2,1.0,52,5.2,5.1345,104.0,700.0,0.1605954612372223,9.337553318367371,8.600428799622541,0.0105,0.5255,18
random_geometric,20,0.2,1.0,49,4.9,4.926,98.0,628.0,0.28188711801866956,8.690661651843941,7.988300369185899,0.013,0.599,19
random_geometric,20,0.2,1.5,51,5.1,5.075,102.0,692.0,0.3094890005602903,9.448681333034054,8.224289291539568,0.006,0.8945,0
random_geometric,20,0.2,1.5,47,4.7,4.7495,94.0,618.0,0.3785412229352027,10.332850378976419,7.753222476828203,0.012,0.877,1
random_geometric,20,0.2,1.5,60,6.0,6.023,120.0,1018.0,0.0931208068649308,12.180191773201415,10.287842303540613,0.009,0.837,2
random_geometric,20,0.2,1.5,57,5.7,5.676,114.0,856.0,0.7226114631107272,11.193386844420363,9.548708480301482,0.0095,0.9,3
random_geometric,20,0.2,1.5,51,5.1,5.1375,102.0,690.0,0.40775972356166335,9.581582294298917,8.290857215783088,0.0135,0.9015,4
random_geometric,20,0.2,1.5,59,5.9,5.9855,118.0,930.0,0.15009540230345483,10.277788972005755,9.598101942156537,0.011,0.8725,5
random_geometric,20,0.2,1.5,55,5.5,5.4805,110.0,784.0,0.6470635172003735,9.979511572350875,8.679116105489005,0.0125,0.934,6
random_geometric,20,0.2,1.5,45,4.5,4.529,90.0,524.0,0.2895025646116317,8.109860084654937,7.265762956190768,0.016,0.941,7
random_geometric,20,0.2,1.5,38,3.8,3.784,76.0,420.0,0.14982292246834614,9.152894126689342,6.504764562811653,0.0105,0.8545,8
random_geometric,20,0.2,1.5,50,5.0,5.023,100.0,738.0,0.15668911825927445,11.398683511286784,8.329740104242648,0.0145,0.8045,9
random_geometric,20,0.2,1.5,51,5.1,5.102,102.0,690.0,0.11531898233766401,9.347640812713198,8.592414835305298,0.0085,0.9265,10
random_geometric,20,0.2,1.5,48,4.8,4.825,96.0,592.0,0.18289901694500826,9.059997491765046,7.895980032570096,0.0095,0.962,11
random_geometric,20,0.2,1.5,49,4.9,4.896,98.0,664.0,0.37325361420841074,10.23105360440373,7.857388391553576,0.013,0.9085,12
random_geometric,20,0.2,1.5,52,5.2,5.199,104.0,704.0,0.5313408253566801,10.356043400044229,8.351339327279588,0.0105,0.9505,13
random_geometric,20,0.2,1.5,45,4.5,4.4335,90.0,546.0,0.16649266659402728,8.40898476430522,7.446878092103326,0.0105,0.896,14
random_geometric,20,0.2,1.5,54,5.4,5.4185,108.0,804.0,0.638383640408098,10.70008150977479,8.994940917919772,0.011,0.859,15
random_geometric,20,0.2,1.5,58,5.8,5.844,116.0,900.0,0.21256943518648913,11.735230474501865,9.309673641115518,0.013,0.905,16
random_geometric,20,0.2,1.5,53,5.3,5.3625,106.0,806.0,0.48380606043891244,12.226770368436526,8.79586539988489,0.0115,0.841,17
random_geometric,20,0.2,1.5,54,5.4,5.356,108.0,776.0,0.6001651693666982,10.54995195246552,9.224048499887886,0.0085,0.883,18
random_geometric,20,0.2,1.5,47,4.7,4.742,94.0,590.0,0.12724969862443514,9.101108521720246,7.564357685642171,0.0155,0.9235,19
random_geometric,20,0.2,2.0,53,5.3,5.3255,106.0,738.0,0.14284227198111193,11.074535191965623,8.65311576209459,0.01,0.971,0
random_geometric,20,0.2,2.0,52,5.2,5.1735,104.0,710.0,0.635713575867162,10.244323891110506,8.288727622788649,0.0115,0.9985,1
random_geometric,20,0.2,2.0,48,4.8,4.8095,96.0,632.0,0.1557952658667911,9.442071459565241,8.284857121850207,0.0045,0.997,2
random_geometric,20,0.2,2.0,71,7.1,7.1095,142.0,1294.0,1.1786925732069202,13.223300229141966,11.573791383756017,0.0075,0.9905,3
random_geometric,20,0.2,2.0,44,4.4,4.3935,88.0,530.0,0.10688844667610627,9.245922806089077,7.318679466124274,0.0105,0.975,4
random_geometric,20,0.2,2.0,56,5.6,5.558,112.0,882.0,0.29803754726183096,11.345198457217215,9.253047192177577,0.0105,0.927,5
random_geometric,20,0.2,2.0,52,5.2,5.235,104.0,702.0,0.37462857318447684,11.288241698504766,8.507414947301179,0.0105,0.975,6
random_geometric,20,0.2,2.0,52,5.2,5.247,104.0,748.0,0.2766140222465543,10.560141075592306,8.605433765287401,0.012,0.9725,7
random_geometric,20,0.2,2.0,55,5.5,5.4355,110.0,790.0,0.2136300867531955,10.537471429247184,9.053320409175956,0.012,0.995,8
random_geometric,20,0.2,2.0,45,4.5,4.49,90.0,524.0,0.32692470030814524,8.431266775065867,7.232218421732554,0.009,0.9975,9
random_geometric,20,0.2,2.0,43,4.3,4.2625,86.0,536.0,0.09366444800049274,9.04424520271382,7.258778758854764,0.009,0.94,10
random_geometric,20,0.2,2.0,55,5.5,5.458,110.0,806.0,0.956683076310235,11.507798368849333,8.984866473462539,0.0095,0.996,11
random_geometric,20,0.2,2.0,54,5.4,5.522,108.0,770.0,0.6459245180882752,10.27704208065102,8.975817705968558,0.0085,0.9915,12
random_geometric,20,0.2,2.0,71,7.1,7.049,142.0,1246.0,1.0260389731412543,13.28546739791558,11.463911340171856,0.0115,1.0,13
random_geometric,20,0.2,2.0,56,5.6,5.689,112.0,844.0,0.30060417318514904,10.348130267553042,9.536245251455172,0.0075,0.985,14
random_geometric,20,0.2,2.0,46,4.6,4.5475,92.0,572.0,0.22703821636214053,8.920634249785637,7.579826582734456,0.015,0.997,15
random_geometric,20,0.2,2.0,46,4.6,4.552,92.0,572.0,0.3984021252016267,9.303571972731113,7.64440491965141,0.008,0.996,16
random_geometric,20,0.2,2.0,69,6.9,6.859,138.0,1328.0,0.7206588138754592,14.133574303203424,11.62986567919648,0.0115,0.916,17
random_geometric,20,0.2,2.0,67,6.7,6.7485,134.0,1158.0,0.7038436679905489,12.416943959403852,10.831877544119894,0.0085,0.929,18
random_geometric,20,0.2,2.0,42,4.2,4.214,84.0,466.0,0.0681291471002088,7.586037600386873,6.952860964263408,0.009,0.9995,19
random_geometric,20,0.2,3.0,52,5.2,5.216,104.0,720.0,0.6705303702722227,10.516954674386593,8.638615412547699,0.0125,1.0,0
random_geometric,20,0.2,3.0,50,5.0,4.973,100.0,658.0,0.2158637702202128,9.42209345162322,7.9702299151322125,0.011,1.0,1
random_geometric,20,0.2,3.0,41,4.1,4.099,82.0,470.0,0.22949378071457746,8.370760047258125,6.753311561737204,0.0135,1.0,2
random_geometric,20,0.2,3.0,45,4.5,4.4845,90.0,554.0,0.21243788525399568,8.32019315093855,7.148100903757239,0.015,0.9995,3
random_geometric,20,0.2,3.0,49,4.9,4.974,98.0,672.0,0.2116124757744371,11.159469136550682,8.050516681914052,0.011,1.0,4
random_geometric,20,0.2,3.0,51,5.1,5.069,102.0,738.0,0.31197880109164977,10.566106406625307,8.326561807599028,0.0155,1.0,5
random_geometric,20,0.2,3.0,50,5.0,4.9345,100.0,690.0,0.47805333117139953,9.872290036939358,8.684634872500212,0.007,0.999,6
random_geometric,20,0.2,3.0,93,9.3,9.1905,186.0,2130.0,1.4955140825661035,15.429534956195583,14.768692384656964,0.004,1.0,7
random_geometric,20,0.2,3.0,48,4.8,4.843,96.0,606.0,0.5967136624728071,9.018637621075376,7.78981955150954,0.0115,1.0,8
random_geometric,20,0.2,3.0,51,5.1,5.0375,102.0,776.0,0.4638470897238419,10.854325032463377,8.590611270686992,0.0095,1.0,9
random_geometric,20,0.2,3.0,49,4.9,4.918,98.0,656.0,0.38001633629415627,10.230223013893026,8.202488214513156,0.0095,1.0,10
random_geometric,20,0.2,3.0,49,4.9,4.9375,98.0,638.0,0.2358296405904577,8.874610207746965,8.136272057096006,0.01,1.0,11
random_geometric,20,0.2,3.0,38,3.8,3.8285,76.0,406.0,0.15281920990071948,7.90400972003037,6.394121698885379,0.011,1.0,12
random_geometric,20,0.2,3.0,67,6.7,6.623,134.0,1184.0,0.7009960054212887,12.742851494618023,11.406171197373757,0.0065,0.9935,13
random_geometric,20,0.2,3.0,53,5.3,5.2115,106.0,758.0,0.3546388787636765,10.273150678096366,8.548731279491077,0.011,1.0,14
random_geometric,20,0.2,3.0,50,5.0,4.9615,100.0,686.0,0.3361879485622865,9.796693717110244,8.136115225693755,0.016,1.0,15
random_geometric,20,0.2,3.0,50,5.0,5.066,100.0,744.0,0.15150396630124124,10.666107891949974,8.447834280122327,0.011,0.9985,16
random_geometric,20,0.2,3.0,52,5.2,5.2135,104.0,710.0,0.15591876621467987,10.378250578140747,8.799628318140169,0.0065,0.998,17
random_geometric,20,0.2,3.0,46,4.6,4.591,92.0,592.0,0.47471050468665216,9.825186922232168,7.8929597268953415,0.0095,1.0,18
random_geometric,20,0.2,3.0,65,6.5,6.525,130.0,1142.0,0.7675309260312275,13.414289694218706,10.692076893634495,0.0075,1.0,19
random_geometric,20,0.3,0.5,47,4.7,4.719,94.0,568.0,0.1768583480093247,8.242153668396496,17.376966336786296,0.0095,0.0225,0
random_geometric,20,0.3,0.5,58,5.8,5.846,116.0,878.0,0.6808780478576477,12.242320398232794,21.415824190476023,0.0125,0.0315,1
random_geometric,20,0.3,0.5,43,4.3,4.2915,86.0,496.0,0.10143326152404629,8.251130749807391,15.542498531658685,0.0125,0.033,2
random_geometric,20,0.3,0.5,57,5.7,5.6465,114.0,888.0,0.9502989292059235,11.46025148207699,21.27083659704083,0.008,0.035,3
random_geometric,20,0.3,0.5,40,4.0,3.9585,80.0,428.0,0.22834124771575548,7.734660446325863,14.31642516046334,0.009,0.0355,4
random_geometric,20,0.3,0.5,56,5.6,5.596,112.0,886.0,0.5720593122590943,11.97887973772035,21.668745514689416,0.0095,0.025,5
random_geometric,20,0.3,0.5,50,5.0,5.0055,100.0,646.0,0.3482441568282101,9.158019562227754,18.499883101677828,0.01,0.0225,6
random_geometric,20,0.3,0.5,62,6.2,6.248,124.0,1008.0,0.1026004118736895,10.337558099006973,22.24038702067704,0.0185,0.031,7
random_geometric,20,0.3,0.5,45,4.5,4.5055,90.0,536.0,0.15274793179929602,8.83261057669218,16.403646403131347,0.0105,0.032,8
random_geometric,20,0.3,0.5,40,4.0,3.983,80.0,448.0,0.2384439167663772,8.546504697415882,14.688817567536022,0.0115,0.0295,9
random_geometric,20,0.3,0.5,58,5.8,5.815,116.0,850.0,0.8467720978018509,10.534573523019807,21.07721334987844,0.0115,0.0265,10
random_geometric,20,0.3,0.5,43,4.3,4.2925,86.0,508.0,0.11143439372163991,8.217178371520813,15.65509266180156,0.0135,0.0305,11
random_geometric,20,0.3,0.5,44,4.4,4.404,88.0,564.0,0.18893342189775758,9.627166833612476,15.87679512330072,0.017,0.041,12
random_geometric,20,0.3,0.5,56,5.6,5.6225,112.0,848.0,0.38971580043998233,11.429781651491194,20.732074956037824,0.0115,0.0325,13
random_geometric,20,0.3,0.5,67,6.7,6.7305,134.0,1188.0,0.8755838679105477,12.597137914622012,24.17311399884834,0.0085,0.0405,14
random_geometric,20,0.3,0.5,46,4.6,4.591,92.0,554.0,0.158957674453041,9.375523340318239,16.954646565339765,0.0115,0.0215,15
random_geometric,20,0.3,0.5,63,6.3,6.292,126.0,1114.0,0.5408603493449742,12.266915941717288,24.126804371503326,0.007,0.03,16
random_geometric,20,0.3,0.5,45,4.5,4.511,90.0,550.0,0.1903116030162291,8.856290923782142,17.29014285297439,0.0075,0.0235,17
random_geometric,20,0.3,0.5,50,5.0,4.9805,100.0,650.0,0.14489865236688326,8.747836981786152,17.957637563998695,0.011,0.028,18
random_geometric,20,0.3,0.5,53,5.3,5.3065,106.0,738.0,0.5348318199062073,10.42771673499971,19.621482866151013,0.0105,0.025,19
random_geometric,20,0.3,1.0,52,5.2,5.16,104.0,750.0,0.4142361895119198,11.080542636177608,19.003002876707633,0.014,0.201,0
random_geometric,20,0.3,1.0,55,5.5,5.4885,110.0,834.0,0.3144040587507877,10.63977896751698,19.303650483490355,0.018,0.2255,1
random_geometric,20,0.3,1.0,53,5.3,5.268,106.0,774.0,0.3580813882745791,10.28344999180127,19.102032734810827,0.013,0.193,2
random_geometric,20,0.3,1.0,47,4.7,4.705,94.0,632.0,0.3048027165622894,10.29875019823686,17.962903557912835,0.0055,0.1675,3
random_geometric,20,0.3,1.0,49,4.9,4.88,98.0,624.0,0.31128575423367955,9.569197221232086,17.348941838000265,0.0175,0.195,4
random_geometric,20,0.3,1.0,47,4.7,4.7665,94.0,654.0,0.3491647794717698,10.573957386391783,18.551443884102085,0.01,0.163,5
random_geometric,20,0.3,1.0,59,5.9,5.823,118.0,1002.0,0.45086345522299315,11.60941458507287,22.183709015393557,0.012,0.182,6
random_geometric,20,0.3,1.0,53,5.3,5.261,106.0,706.0,0.51700542091788,9.622238577973496,18.733820263219375,0.0145,0.196,7
random_geometric,20,0.3,1.0,61,6.1,6.11,122.0,1018.0,0.5980148572646876,11.575077084041787,22.808143802900602,0.0065,0.172,8
random_geometric,20,0.3,1.0,55,5.5,5.5195,110.0,792.0,0.724611283268674,11.184909556243362,20.978829645848958,0.0065,0.156,9
random_geometric,20,0.3,1.0,47,4.7,4.694,94.0,564.0,0.13235552833218261,8.560079992135067,17.78696542649105,0.0075,0.156,10
random_geometric,20,0.3,1.0,50,5.0,5.01,100.0,660.0,0.13232329727859563,9.475591812950821,18.571472755668346,0.0075,0.1845,11
random_geometric,20,0.3,1.0,58,5.8,5.6225,116.0,938.0,0.7075557691399065,11.492712610390907,21.364966411574066,0.011,0.167,12
random_geometric,20,0.3,1.0,34,3.4,3.3725,68.0,314.0,0.08411933464466384,6.602843063729402,12.66998173442767,0.0075,0.163,13
random_geometric,20,0.3,1.0,57,5.7,5.66,114.0,884.0,0.317515278763107,11.146717266863543,22.109132579739548,0.0075,0.136,14
random_geometric,20,0.3,1.0,52,5.2,5.2335,104.0,736.0,0.2503968822549285,10.381876781711155,19.99665214598139,0.01,0.1475,15
random_geometric,20,0.3,1.0,48,4.8,4.785,96.0,596.0,0.2893878615052059,8.753744271615497,18.36351071466117,0.007,0.1375,16
random_geometric,20,0.3,1.0,52,5.2,5.1985,104.0,732.0,0.2806589355081389,10.342524920090517,18.89833425528961,0.0155,0.182,17
random_geometric,20,0.3,1.0,48,4.8,4.8555,96.0,612.0,0.3868997774674544,9.144587598626462,17.88674980103086,0.0065,0.1675,18
random_geometric,20,0.3,1.0,52,5.2,5.279,104.0,744.0,0.3608523951302733,10.48827136369977,19.462794858355497,0.0115,0.174,19
random_geometric,20,0.3,1.5,46,4.6,4.5265,92.0,658.0,0.2829416640446064,11.179345159336236,18.02415218779176,0.01,0.4365,0
random_geometric,20,0.3,1.5,57,5.7,5.762,114.0,874.0,0.4567978827691891,10.769107171643036,21.21621063597717,0.01,0.538,1
random_geometric,20,0.3,1.5,50,5.0,4.946,100.0,660.0,0.640215061866363,10.435420700641417,19.216331431747506,0.0105,0.4905,2
random_geometric,20,0.3,1.5,51,5.1,5.147,102.0,700.0,0.21467161410719568,10.032168302904166,19.350301131646493,0.009,0.4995,3
random_geometric,20,0.3,1.5,50,5.0,5.0415,100.0,694.0,0.13578273502935065,10.1225490050314,18.027854088594705,0.0135,0.558,4
random_geometric,20,0.3,1.5,65,6.5,6.429,130.0,1204.0,0.3386499519770652,13.209821358108744,24.229712412788594,0.0135,0.525,5
random_geometric,20,0.3,1.5,83,8.3,8.201,166.0,1902.0,0.12059183330517907,14.251822165599457,30.551429436091905,0.0125,0.548,6
random_geometric,20,0.3,1.5,51,5.1,5.1555,102.0,678.0,0.18589443121687346,10.2239394149895,17.51424700809311,0.0195,0.642,7
random_geometric,20,0.3,1.5,51,5.1,5.112,102.0,684.0,0.2753522669678,9.281680004468523,18.362199285914446,0.013,0.583,8
random_geometric,20,0.3,1.5,38,3.8,3.7665,76.0,382.0,0.21617650066033414,6.8808530266399135,13.703362678358058,0.0165,0.5765,9
random_geometric,20,0.3,1.5,55,5.5,5.5315,110.0,864.0,0.12988368562259936,12.033971927013448,19.74361352094683,0.02,0.5565,10
random_geometric,20,0.3,1.5,46,4.6,4.6135,92.0,574.0,0.19543889783400364,8.703268774038268,17.165367169799246,0.0065,0.549,11
random_geometric,20,0.3,1.5,70,7.0,6.969,140.0,1276.0,1.0250741124239064,13.24917609907054,25.072915826669227,0.0135,0.5675,12
random_geometric,20,0.3,1.5,46,4.6,4.6535,92.0,592.0,0.2508778057542626,9.517402241178901,17.156886984400874,0.013,0.527,13
random_geometric,20,0.3,1.5,50,5.0,5.01,100.0,652.0,0.6644222681227078,9.820022864916453,19.2371210706163,0.0025,0.505,14
random_geometric,20,0.3,1.5,52,5.2,5.2305,104.0,748.0,0.12105823679413644,10.037171570978172,19.37107523627392,0.007,0.501,15
random_geometric,20,0.3,1.5,48,4.8,4.778,96.0,614.0,0.5392827785240346,9.412189714180224,17.750201710455496,0.013,0.546,16
random_geometric,20,0.3,1.5,44,4.4,4.455,88.0,580.0,0.3040479891746005,10.362531392937962,17.11441262952313,0.0105,0.501,17
random_geometric,20,0.3,1.5,55,5.5,5.481,110.0,796.0,0.4110185980067641,11.251757015538418,19.573542616278896,0.0145,0.59,18
random_geometric,20,0.3,1.5,54,5.4,5.4215,108.0,802.0,0.20110681258108398,11.430168952971268,20.737531840786644,0.0065,0.495,19
random_geometric,20,0.3,2.0,62,6.2,6.226,124.0,1000.0,0.5719602520475093,13.133033486265427,23.14760512833932,0.0065,0.85,0
random_geometric,20,0.3,2.0,58,5.8,5.764,116.0,956.0,0.6171635635516403,11.083684681051624,21.63410904465126,0.011,0.739,1
random_geometric,20,0.3,2.0,46,4.6,4.556,92.0,574.0,0.3364173445875545,9.11303385494995,17.03626640746602,0.0085,0.846,2
random_geometric,20,0.3,2.0,50,5.0,5.027,100.0,698.0,0.26507259827309326,11.23390919718691,19.21267078129956,0.0055,0.7925,3
random_geometric,20,0.3,2.0,47,4.7,4.6735,94.0,582.0,0.1846752014618785,8.437958674114364,18.12064188936787,0.009,0.8245,4
random_geometric,20,0.3,2.0,60,6.0,6.072,120.0,952.0,0.5298064671139787,11.328907751636162,22.04631344146878,0.014,0.8495,5
random_geometric,20,0.3,2.0,48,4.8,4.7395,96.0,628.0,0.08975565641927191,9.094965849853049,18.471089082565715,0.0075,0.807,6
random_geometric,20,0.3,2.0,63,6.3,6.2735,126.0,1054.0,0.6614762815992101,11.959848837246001,22.98304712675861,0.0115,0.835,7
random_geometric,20,0.3,2.0,78,7.8,7.911,156.0,1624.0,0.1641493049002189,14.153123831519924,27.743951291861183,0.013,0.8105,8
random_geometric,20,0.3,2.0,37,3.7,3.7175,74.0,374.0,0.07909114783534986,6.910672222752127,14.294163754271821,0.0055,0.8375,9
random_geometric,20,0.3,2.0,52,5.2,5.2565,104.0,790.0,0.23336396267176043,12.058323916614706,19.956439988871217,0.008,0.7475,10
random_geometric,20,0.3,2.0,47,4.7,4.698,94.0,636.0,0.155992870866349,9.702499778598547,18.063161127752252,0.0125,0.765,11
random_geometric,20,0.3,2.0,37,3.7,3.727,74.0,384.0,0.08712670692996308,8.29121190721217,14.151361338701172,0.016,0.827,12
random_geometric,20,0.3,2.0,45,4.5,4.464,90.0,542.0,0.13601292787528055,9.326509164066783,16.62190104790648,0.0125,0.847,13
random_geometric,20,0.3,2.0,56,5.6,5.609,112.0,836.0,0.14168177011979383,10.10718623481332,20.767023197104617,0.007,0.8155,14
random_geometric,20,0.3,2.0,60,6.0,6.003,120.0,942.0,0.6577805996544701,10.849074003511756,21.52152737562427,0.0085,0.8465,15
random_geometric,20,0.3,2.0,60,6.0,6.094,120.0,1078.0,0.5039741353357353,12.290115716816402,22.32517087109521,0.011,0.706,16
random_geometric,20,0.3,2.0,65,6.5,6.4995,130.0,1056.0,0.9010602236682307,12.247834168885742,23.39999468572613,0.0115,0.885,17
random_geometric,20,0.3,2.0,47,4.7,4.5975,94.0,610.0,0.32501845961184006,10.202408990731783,17.511480165327974,0.0115,0.8195,18
random_geometric,20,0.3,2.0,61,6.1,6.153,122.0,1032.0,0.7834103867347457,12.224705265750698,22.400079751766096,0.011,0.7895,19
random_geometric,20,0.3,3.0,51,5.1,5.0495,102.0,690.0,0.6425367494015682,10.446077858542306,18.792659909453658,0.011,0.9945,0
random_geometric,20,0.3,3.0,52,5.2,5.2695,104.0,746.0,0.25683264272976747,10.264276737819147,19.615093843523894,0.0105,0.968,1
random_geometric,20,0.3,3.0,49,4.9,4.9055,98.0,678.0,0.26195235608532635,9.964355484369786,18.778618340827794,0.0075,0.9555,2
random_geometric,20,0.3,3.0,51,5.1,5.194,102.0,688.0,0.1419019367082088,9.791431303194123,18.291618834488187,0.0125,0.999,3
random_geometric,20,0.3,3.0,54,5.4,5.375,108.0,764.0,0.4995330595957929,10.594115139388178,19.762408997218802,0.0095,0.966,4
random_geometric,20,0.3,3.0,57,5.7,5.819,114.0,846.0,0.2595047009931991,10.137505505431893,21.948730327321858,0.008,0.9865,5
random_geometric,20,0.3,3.0,57,5.7,5.6575,114.0,850.0,0.5654038912017314,10.565299754801485,20.94977010742818,0.0095,0.968,6
random_geometric,20,0.3,3.0,53,5.3,5.293,106.0,776.0,0.4736784253614814,10.725717906888171,20.322642623557478,0.006,0.9605,7
random_geometric,20,0.3,3.0,61,6.1,6.1105,122.0,960.0,0.7295459407865241,12.112678587352756,21.43438416551976,0.0165,0.998,8
random_geometric,20,0.3,3.0,43,4.3,4.241,86.0,504.0,0.08086510250197114,8.264831793094048,15.92909683716758,0.0115,0.995,9
random_geometric,20,0.3,3.0,45,4.5,4.527,90.0,526.0,0.127172384794599,8.25188790728842,16.037521139702715,0.0145,0.997,10
random_geometric,20,0.3,3.0,48,4.8,4.788,96.0,634.0,0.3565601659294722,9.812669197363073,17.515254040438254,0.014,0.974,11
random_geometric,20,0.3,3.0,52,5.2,5.1275,104.0,724.0,0.6364624201648486,10.425682827434057,19.206705169746453,0.01,0.996,12
random_geometric,20,0.3,3.0,51,5.1,5.109,102.0,690.0,0.33779199945497973,10.09564723913906,18.648301917189684,0.012,0.967,13
random_geometric,20,0.3,3.0,58,5.8,5.9005,116.0,954.0,0.43354964305201904,12.335650702504163,22.804962056583115,0.0075,0.92,14
random_geometric,20,0.3,3.0,50,5.0,5.008,100.0,688.0,0.12261179432134821,9.257096178406993,18.250661242361776,0.011,0.963,15
random_geometric,20,0.3,3.0,56,5.6,5.6105,112.0,862.0,0.7792084278673076,11.37606796672366,21.051971741783053,0.0085,0.986,16
random_geometric,20,0.3,3.0,42,4.2,4.2135,84.0,498.0,0.1950564718924746,8.384114088196412,16.125365892167405,0.01,0.923,17
random_geometric,20,0.3,3.0,52,5.2,5.2375,104.0,744.0,0.39705974518191994,10.465403172549916,19.642022648400697,0.0065,0.992,18
random_geometric,20,0.3,3.0,54,5.4,5.396,108.0,850.0,0.19071949761050733,11.307571075586232,20.42850916816431,0.0105,0.9285,19
random_geometric,40,0.1,0.5,195,9.75,9.83,390.0,4746.0,0.5045821401412995,19.232466965385573,6.640622207986054,0.0065,0.3815,0
random_geometric,40,0.1,0.5,182,9.1,9.057,364.0,3826.0,0.9119818422187913,14.685395334297535,6.072361424476109,0.012,0.406,1
random_geometric,40,0.1,0.5,218,10.9,10.797,436.0,5850.0,1.0962442971213453,19.69184103289993,7.2090769845480525,0.0155,0.413,2
random_geometric,40,0.1,0.5,223,11.15,11.225,446.0,6390.0,1.2827541496373975,20.98664086007188,7.5788857613753855,0.0075,0.392,3
random_geometric,40,0.1,0.5,180,9.0,8.8815,360.0,4104.0,0.37617615934086723,16.830120080366395,6.005496800700776,0.01,0.396,4
random_geometric,40,0.1,0.5,218,10.9,11.0605,436.0,5650.0,1.045340069467441,18.627153856029164,7.245324306161286,0.0075,0.443,5
random_geometric,40,0.1,0.5,226,11.3,11.3295,452.0,6016.0,1.205521960730716,19.181192647034553,7.522989595624836,0.0065,0.4245,6
random_geometric,40,0.1,0.5,209,10.45,10.469,418.0,5278.0,0.910861577910244,17.406763160831115,7.147957711615066,0.0085,0.3925,7
random_geometric,40,0.1,0.5,251,12.55,12.4275,502.0,7594.0,1.5803322914119982,22.483185870369866,8.302205322322644,0.0135,0.432,8
random_geometric,40,0.1,0.5,210,10.5,10.643,420.0,5478.0,0.2624221827287241,19.268102642311575,7.082938316324858,0.01,0.407,9
random_geometric,40,0.1,0.5,205,10.25,10.3165,410.0,5092.0,0.78072969160546,18.508549699236013,6.8561676228537465,0.0115,0.4125,10
random_geometric,40,0.1,0.5,216,10.8,10.82,432.0,5790.0,0.5651576837462792,20.490423213896815,7.340002640231292,0.0095,0.3815,11
random_geometric,40,0.1,0.5,217,10.85,10.78,434.0,5922.0,0.7196175418058411,20.097741663170886,7.297163988305209,0.01,0.402,12
random_geometric,40,0.1,0.5,203,10.15,10.1,406.0,5158.0,1.2146749467709843,18.38417485663053,6.804596439585128,0.0085,0.42,13
random_geometric,40,0.1,0.5,209,10.45,10.467,418.0,5072.0,0.623444485015832,17.379689710502085,6.767166288280442,0.013,0.4615,14
random_geometric,40,0.1,0.5,194,9.7,9.5795,388.0,4578.0,0.48572904125890437,16.506986005273493,6.301825462402953,0.016,0.442,15
random_geometric,40,0.1,0.5,197,9.85,9.8375,394.0,4802.0,0.47645370613302895,18.224756736396237,6.590726118830072,0.0075,0.4055,16
random_geometric,40,0.1,0.5,252,12.6,12.465,504.0,8012.0,1.4461538808912668,22.099108740053534,8.313089386633917,0.013,0.428,17
random_geometric,40,0.1,0.5,227,11.35,11.4495,454.0,6294.0,0.8985120167888052,19.51071364012871,7.552144951516577,0.01,0.428,18
random_geometric,40,0.1,0.5,197,9.85,9.798,394.0,4640.0,0.883602022143281,17.48897455062495,6.671453899757716,0.006,0.405,19
random_geometric,40,0.1,1.0,205,10.25,10.2235,410.0,4906.0,0.5911306309078123,17.399838740501146,6.850887125383906,0.005,0.997,0
random_geometric,40,0.1,1.0,210,10.5,10.4965,420.0,5194.0,1.1889840191799612,17.92333561490101,6.82504163968989,0.013,0.996,1
random_geometric,40,0.1,1.0,213,10.65,10.6635,426.0,5492.0,1.262835678559746,19.446486369092842,7.238436026300763,0.0085,0.984,2
random_geometric,40,0.1,1.0,190,9.5,9.5205,380.0,4324.0,0.8496888149659338,17.4478334213032,6.355111691771952,0.007,0.9925,3
random_geometric,40,0.1,1.0,213,10.65,10.65,426.0,5438.0,0.9259077001869189,19.295979689870393,6.977345721035944,0.0125,0.9885,4
random_geometric,40,0.1,1.0,250,12.5,12.392,500.0,7746.0,0.9532590724703777,22.01664210261937,8.229061265012364,0.0145,0.948,5
random_geometric,40,0.1,1.0,209,10.45,10.503,418.0,5220.0,1.0944189988062203,18.446350007172292,6.850142749592132,0.0095,0.978,6
random_geometric,40,0.1,1.0,215,10.75,10.72,430.0,5724.0,0.9017663961903688,20.2695080776822,7.2783967359727715,0.009,0.9525,7
random_geometric,40,0.1,1.0,228,11.4,11.3665,456.0,6210.0,1.3145936750893168,19.095997547489382,7.283885216106436,0.0185,0.981,8
random_geometric,40,0.1,1.0,214,10.7,10.7775,428.0,5454.0,0.798275516353872,18.665263539331626,7.089136042102307,0.007,0.9695,9
random_geometric,40,0.1,1.0,208,10.4,10.437,416.0,5116.0,0.9149206535265177,18.0181067132066,7.106464458561791,0.006,0.993,10
random_geometric,40,0.1,1.0,214,10.7,10.853,428.0,5398.0,1.259693718593646,19.813678301895347,6.917681410759056,0.0175,0.9915,11
random_geometric,40,0.1,1.0,212,10.6,10.493,424.0,5298.0,1.2210883764033882,17.95498615516873,6.989842743187042,0.014,0.989,12
random_geometric,40,0.1,1.0,251,12.55,12.5035,502.0,7854.0,0.8798831813388768,23.17376562582578,8.503938441077697,0.0065,0.9315,13
random_geometric,40,0.1,1.0,220,11.0,11.1485,440.0,5908.0,0.66547659940926,20.023903988395443,7.541011823362109,0.0095,0.9605,14
random_geometric,40,0.1,1.0,244,12.2,12.17,488.0,7100.0,2.1605049131081997,21.639235666322236,8.201100729728509,0.009,0.981,15
random_geometric,40,0.1,1.0,221,11.05,10.933,442.0,6042.0,0.5272687755107264,20.399549276732984,7.2899378965523445,0.013,0.9625,16
random_geometric,40,0.1,1.0,256,12.8,12.7075,512.0,8018.0,0.8710744893139808,23.293451688084502,8.685256201106778,0.0095,0.957,17
random_geometric,40,0.1,1.0,253,12.65,12.5285,506.0,7880.0,1.7879723963582412,22.417218864347348,8.382466419640528,0.008,0.969,18
random_geometric,40,0.1,1.0,230,11.5,11.595,460.0,6848.0,0.45141868720176126,20.506142927671306,7.840404575410762,0.009,0.9205,19
random_geometric,40,0.1,1.5,237,11.85,11.993,474.0,7284.0,0.8678427812785532,21.69853311553889,8.055446634561722,0.0105,1.0,0
random_geometric,40,0.1,1.5,224,11.2,11.176,448.0,5948.0,0.9654803758143993,19.443826515052322,7.498119532788325,0.009,1.0,1
random_geometric,40,0.1,1.5,225,11.25,11.2825,450.0,6256.0,1.099339048363968,19.907858646230917,7.671556378700451,0.0075,0.9955,2
random_geometric,40,0.1,1.5,217,10.85,10.741,434.0,5686.0,0.6534432808967949,18.518653186518062,7.20562751642264,0.0115,1.0,3
random_geometric,40,0.1,1.5,258,12.9,12.9045,516.0,8142.0,0.9202552242141029,24.28641430992914,8.592405954747594,0.01,0.9745,4
random_geometric,40,0.1,1.5,199,9.95,9.8385,398.0,4718.0,0.8763883413804532,17.296992952203933,6.692513524930708,0.012,1.0,5
random_geometric,40,0.1,1.5,215,10.75,10.824,430.0,5454.0,1.1978984951512022,18.588903244938955,7.179485379834892,0.008,0.9965,6
random_geometric,40,0.1,1.5,182,9.1,8.8855,364.0,4098.0,0.5610845899973937,17.21718303523561,6.01805712246014,0.01,0.984,7
random_geometric,40,0.1,1.5,216,10.8,10.7465,432.0,5716.0,0.6343522844896617,18.673676366676617,7.1338044196007475,0.0085,1.0,8
random_geometric,40,0.1,1.5,216,10.8,10.7425,432.0,5488.0,0.808319854654534,18.473633890155405,7.052866497000801,0.0105,1.0,9
random_geometric,40,0.1,1.5,206,10.3,10.4065,412.0,5208.0,0.8900095975495068,19.169187223166748,6.956733942102717,0.0085,1.0,10
random_geometric,40,0.1,1.5,226,11.3,11.349,452.0,6036.0,1.1936499580406794,19.74255707710308,7.336869287587618,0.0125,1.0,11
random_geometric,40,0.1,1.5,225,11.25,11.0505,450.0,6194.0,1.1448209582102864,19.675632066559118,7.480074609833674,0.012,1.0,12
random_geometric,40,0.1,1.5,250,12.5,12.431,500.0,7794.0,1.0077079755891793,22.551459727367302,8.25756271918897,0.011,1.0,13
random_geometric,40,0.1,1.5,247,12.35,12.3465,494.0,7076.0,1.741312104353312,21.538804772763356,8.009338365170155,0.0135,1.0,14
random_geometric,40,0.1,1.5,196,9.8,9.7935,392.0,4426.0,0.6417236894513024,16.59165562019393,6.518090534884895,0.017,1.0,15
random_geometric,40,0.1,1.5,209,10.45,10.375,418.0,5098.0,1.178436625095213,17.04538003106778,7.026330751639139,0.0065,1.0,16
random_geometric,40,0.1,1.5,201,10.05,9.947,402.0,5216.0,0.2691927279618902,19.32275432616102,7.033418330885411,0.0055,0.994,17
random_geometric,40,0.1,1.5,213,10.65,10.645,426.0,5492.0,0.870780065309697,20.402202695076113,6.989616386851644,0.0145,0.9995,18
random_geometric,40,0.1,1.5,190,9.5,9.3995,380.0,4526.0,0.6372745101035111,19.33200408633168,6.2124476903406896,0.012,0.982,19
random_geometric,40,0.1,2.0,198,9.9,10.0405,396.0,4530.0,0.9867142714065793,16.343057916862854,6.448031379615735,0.0085,1.0,0
random_geometric,40,0.1,2.0,215,10.75,10.547,430.0,5646.0,0.9631687103938945,20.36288617823741,7.011445164041886,0.011,1.0,1
random_geometric,40,0.1,2.0,210,10.5,10.516,420.0,5438.0,1.1203488278163045,19.49990016158501,6.94732805532784,0.014,1.0,2
random_geometric,40,0.1,2.0,211,10.55,10.556,422.0,5494.0,0.40960578449145835,19.37289254238077,6.916630372901211,0.0125,1.0,3
random_geometric,40,0.1,2.0,213,10.65,10.681,426.0,5628.0,0.7627683756718058,19.295284213109138,7.211561273934017,0.011,1.0,4
random_geometric,40,0.1,2.0,204,10.2,10.134,408.0,5108.0,0.9153810572165394,18.931139046723743,6.74745763969967,0.011,0.996,5
random_geometric,40,0.1,2.0,240,12.0,11.901,480.0,7400.0,0.7927319664543548,24.256517290611114,7.9923774139207815,0.0125,0.992,6
random_geometric,40,0.1,2.0,224,11.2,11.233,448.0,5896.0,1.4263482153457183,19.541300226569543,7.322309324348687,0.009,1.0,7
random_geometric,40,0.1,2.0,217,10.85,10.7455,434.0,5892.0,1.5594212720039633,20.515290885452075,7.17703185639729,0.016,1.0,8
random_geometric,40,0.1,2.0,226,11.3,11.2345,452.0,6150.0,1.5222198863064176,21.40630813644574,7.477143032248931,0.0115,1.0,9
random_geometric,40,0.1,2.0,235,11.75,11.7675,470.0,6594.0,1.5464848561272801,20.636983636217373,7.7558977221640255,0.01,1.0,10
random_geometric,40,0.1,2.0,180,9.0,8.91,360.0,3936.0,0.39075918959303396,15.112121316399833,5.9733525099299785,0.0115,0.9995,11
random_geometric,40,0.1,2.0,191,9.55,9.4565,382.0,4226.0,0.767078809268168,15.846915142216131,6.306991649868645,0.011,1.0,12
random_geometric,40,0.1,2.0,190,9.5,9.537,380.0,4424.0,0.7581379341915175,17.204569743571124,6.447823844933649,0.01,1.0,13
random_geometric,40,0.1,2.0,198,9.9,9.8455,396.0,4882.0,0.7497207919973006,20.189904265614313,6.744226552700862,0.008,1.0,14
random_geometric,40,0.1,2.0,211,10.55,10.52,422.0,5190.0,1.0047394723132639,17.591968170013114,6.845679073349453,0.0125,1.0,15
random_geometric,40,0.1,2.0,219,10.95,10.841,438.0,5752.0,0.7257517187153848,19.408855734097813,7.274099858327036,0.0075,0.995,16
random_geometric,40,0.1,2.0,204,10.2,10.221,408.0,4974.0,1.1898363601493795,17.926259185071107,6.8200810031338595,0.0075,1.0,17
random_geometric,40,0.1,2.0,226,11.3,11.406,452.0,6664.0,1.305769825588622,23.170164809818647,7.66126346570337,0.01,1.0,18
random_geometric,40,0.1,2.0,255,12.75,12.666,510.0,7760.0,0.8967564960289127,22.581906580889047,8.43793795315325,0.009,0.9875,19
random_geometric,40,0.1,3.0,173,8.65,8.5045,346.0,3692.0,0.5750858435617183,16.468470314540642,5.654970858931183,0.0135,1.0,0
random_geometric,40,0.1,3.0,177,8.85,8.78,354.0,3692.0,0.8136160022702765,15.916842586339882,6.007115951143757,0.007,1.0,1
random_geometric,40,0.1,3.0,236,11.8,11.779,472.0,6622.0,1.5254794694199485,20.716429489815116,7.767287670420439,0.009,1.0,2
random_geometric,40,0.1,3.0,196,9.8,9.8785,392.0,4746.0,0.46742298549298567,17.88017778092258,6.538200325166556,0.0095,1.0,3
random_geometric,40,0.1,3.0,197,9.85,9.862,394.0,4666.0,0.782936268614511,19.27459058088005,6.578447329861432,0.0085,1.0,4
random_geometric,40,0.1,3.0,238,11.9,11.819,476.0,7012.0,1.7222884915061027,22.38246134942073,7.935757785448629,0.0095,1.0,5
random_geometric,40,0.1,3.0,201,10.05,10.0695,402.0,4826.0,1.289955578382246,18.03750742174831,6.667576777637866,0.012,1.0,6
random_geometric,40,0.1,3.0,256,12.8,12.809,512.0,7964.0,0.6264552353046206,22.591610172750954,8.54712094136478,0.0075,1.0,7
random_geometric,40,0.1,3.0,219,10.95,10.896,438.0,5908.0,0.9852334678318819,20.318903248988036,7.371462479941507,0.0095,1.0,8
random_geometric,40,0.1,3.0,233,11.65,11.7505,466.0,6544.0,0.9004951441058516,22.172186979773432,7.823861349137408,0.008,1.0,9
random_geometric,40,0.1,3.0,202,10.1,10.0735,404.0,5036.0,0.8085722547002453,18.639492426713428,6.658549017862436,0.0125,1.0,10
random_geometric,40,0.1,3.0,239,11.95,12.086,478.0,6582.0,1.1105056073401638,19.3809661221543,7.9286336869257505,0.008,1.0,11
random_geometric,40,0.1,3.0,203,10.15,10.058,406.0,4800.0,1.358822214640199,17.030239413209554,6.789119575012119,0.0105,1.0,12
random_geometric,40,0.1,3.0,209,10.45,10.3425,418.0,5370.0,0.8937650237210923,19.642857442378084,6.932369879614025,0.012,1.0,13
random_geometric,40,0.1,3.0,200,10.0,9.976,400.0,4782.0,0.7605745785460777,17.242468928776837,6.770035299694495,0.006,1.0,14
random_geometric,40,0.1,3.0,219,10.95,10.9785,438.0,5644.0,1.1479548048581494,18.874084027735236,7.444510902900867,0.007,1.0,15
random_geometric,40,0.1,3.0,238,11.9,11.8815,476.0,6702.0,2.056636250174377,21.497786645238794,7.87402498424329,0.0065,1.0,16
random_geometric,40,0.1,3.0,260,13.0,12.9875,520.0,8192.0,2.013368528796967,24.32865899357244,8.409821649692637,0.015,1.0,17
random_geometric,40,0.1,3.0,228,11.4,11.4775,456.0,6470.0,0.6896902734761102,21.52032481162714,7.588317845987134,0.0125,1.0,18
random_geometric,40,0.1,3.0,180,9.0,8.972,360.0,3830.0,0.8156160354393747,16.600785179003978,5.703292875542529,0.0215,1.0,19
random_geometric,40,0.2,0.5,198,9.9,10.0045,396.0,4638.0,0.7505230147101889,17.453834546477218,25.456610331131326,0.016,0.0625,0
random_geometric,40,0.2,0.5,240,12.0,11.854,480.0,7614.0,0.3144221232387742,21.862215389977113,33.19810467266044,0.01,0.0505,1
random_geometric,40,0.2,0.5,228,11.4,11.35,456.0,6340.0,1.3075217634252179,21.23698463496599,30.24302477597737,0.013,0.055,2
random_geometric,40,0.2,0.5,218,10.9,10.925,436.0,5682.0,0.842304317544277,21.44883230486765,29.16982325607014,0.008,0.0395,3
random_geometric,40,0.2,0.5,211,10.55,10.541,422.0,5540.0,0.6468656044792557,19.98448237832481,27.510828638631512,0.011,0.062,4
random_geometric,40,0.2,0.5,241,12.05,12.1125,482.0,7370.0,0.7259178307207376,22.22720074512173,32.82811105302253,0.01,0.061,5
random_geometric,40,0.2,0.5,208,10.4,10.5025,416.0,5438.0,0.46341971354469225,20.438841001244445,27.82556724016818,0.0085,0.0585,6
random_geometric,40,0.2,0.5,227,11.35,11.442,454.0,6268.0,1.092190836428573,20.46038363143555,30.717963530350637,0.008,0.044,7
random_geometric,40,0.2,0.5,230,11.5,11.422,460.0,6330.0,1.247126175908399,19.53455232093008,31.566823787874288,0.009,0.0415,8
random_geometric,40,0.2,0.5,210,10.5,10.303,420.0,5574.0,1.1222937414614031,20.411095702461406,28.06152160833077,0.012,0.0535,9
random_geometric,40,0.2,0.5,180,9.0,9.0515,360.0,3814.0,0.6662779701525237,15.318444047080531,25.191419695478245,0.005,0.0195,10
random_geometric,40,0.2,0.5,195,9.75,9.705,390.0,4674.0,0.7231230219267413,18.46335689958415,25.867133734718045,0.0115,0.055,11
random_geometric,40,0.2,0.5,221,11.05,11.0885,442.0,5808.0,1.396268722129216,18.89673097916828,29.161474749770182,0.012,0.054,12
random_geometric,40,0.2,0.5,192,9.6,9.565,384.0,4658.0,0.8729066435149317,19.259843999131,25.801995344951173,0.015,0.0545,13
random_geometric,40,0.2,0.5,192,9.6,9.654,384.0,4442.0,1.2288615299726757,18.405114560145847,26.512007291377497,0.005,0.0375,14
random_geometric,40,0.2,0.5,218,10.9,10.8145,436.0,5826.0,0.9567532890576135,19.474361706502737,28.902925912340365,0.008,0.0615,15
random_geometric,40,0.2,0.5,212,10.6,10.495,424.0,5536.0,1.2692646153051677,19.427210304669796,27.66658064635329,0.0185,0.063,16
random_geometric,40,0.2,0.5,221,11.05,11.021,442.0,6066.0,1.3198076249559214,21.372632229189854,28.969023335894697,0.0135,0.052,17
random_geometric,40,0.2,0.5,185,9.25,9.171,370.0,4170.0,0.71750375216152,17.134134794856205,24.880357147325334,0.007,0.0485,18
random_geometric,40,0.2,0.5,236,11.8,11.7955,472.0,6744.0,1.3112056708447102,21.110297547937126,30.793148932535836,0.015,0.0615,19
random_geometric,40,0.2,1.0,184,9.2,9.251,368.0,4006.0,0.6300309416524699,15.658962272286438,24.274760864375278,0.0115,0.4385,0
random_geometric,40,0.2,1.0,200,10.0,10.048,400.0,4780.0,0.9656852672448558,16.818042831272727,26.312813768864675,0.011,0.4385,1
random_geometric,40,0.2,1.0,208,10.4,10.335,416.0,5666.0,0.3427645771286506,19.887596476009335,28.74984566580971,0.0065,0.3535,2
random_geometric,40,0.2,1.0,217,10.85,10.9055,434.0,5632.0,0.8125993125790056,18.46381428163341,28.27078912440765,0.0085,0.4555,3
random_geometric,40,0.2,1.0,220,11.0,11.0,440.0,5640.0,1.1669795831504581,18.730632818670774,29.748201909977396,0.004,0.3975,4
random_geometric,40,0.2,1.0,208,10.4,10.4975,416.0,5266.0,1.1419444816712532,18.722266758725095,28.259891523111698,0.007,0.402,5
random_geometric,40,0.2,1.0,261,13.05,12.969,522.0,8234.0,0.8104987299056852,21.5387820251596,35.14614586320789,0.0085,0.413,6
random_geometric,40,0.2,1.0,191,9.55,9.579,382.0,4524.0,0.7439579894647693,19.424290659443706,25.937359161874237,0.012,0.3815,7
random_geometric,40,0.2,1.0,187,9.35,9.3595,374.0,4216.0,0.9283091876290785,16.228772431572786,24.535247926539842,0.0145,0.424,8
random_geometric,40,0.2,1.0,270,13.5,13.307,540.0,9638.0,1.0562041385642746,24.431932622435394,37.34059852310187,0.0055,0.3535,9
random_geometric,40,0.2,1.0,226,11.3,11.4255,452.0,6300.0,0.9180877377944368,20.351262103701757,30.659586768643972,0.0095,0.398,10
random_geometric,40,0.2,1.0,265,13.25,13.225,530.0,8498.0,0.7443849513045973,23.652571568593032,35.95602168165746,0.006,0.405,11
random_geometric,40,0.2,1.0,223,11.15,11.146,446.0,6002.0,1.9665628780159619,20.51072832215468,30.14520650847605,0.0105,0.3905,12
random_geometric,40,0.2,1.0,218,10.9,10.898,436.0,5950.0,0.6523725807309222,20.457063185599804,29.636042752677795,0.0035,0.398,13
random_geometric,40,0.2,1.0,205,10.25,10.2185,410.0,4918.0,0.516628635551288,15.88526896772284,26.32402320142432,0.015,0.489,14
random_geometric,40,0.2,1.0,196,9.8,9.877,392.0,4818.0,0.9084741892352103,17.59364626336346,26.354408291336192,0.01,0.4125,15
random_geometric,40,0.2,1.0,193,9.65,9.7435,386.0,4428.0,0.6028364796513915,16.857176026338557,25.669779544750376,0.0145,0.4195,16
random_geometric,40,0.2,1.0,218,10.9,10.9555,436.0,5770.0,0.2914672308169301,19.234137715863124,28.410254597991642,0.011,0.4525,17
random_geometric,40,0.2,1.0,214,10.7,10.7385,428.0,5466.0,1.211951812437464,18.500300997921542,28.420495377490816,0.013,0.44,18
random_geometric,40,0.2,1.0,221,11.05,11.1055,442.0,5984.0,0.5585162303147486,20.329123608640664,30.136764849682244,0.0065,0.373,19
random_geometric,40,0.2,1.5,219,10.95,11.0795,438.0,5750.0,1.3983031872909524,19.803875225893115,29.527842386338964,0.006,0.8655,0
random_geometric,40,0.2,1.5,213,10.65,10.7015,426.0,5576.0,1.4019873074848328,19.34627758669786,28.636705733874546,0.0105,0.851,1
random_geometric,40,0.2,1.5,247,12.35,12.5265,494.0,7544.0,1.352307484622624,22.506498904647657,32.98922059916976,0.0075,0.862,2
random_geometric,40,0.2,1.5,224,11.2,11.1565,448.0,5816.0,0.41297457157517903,19.398357614030285,29.547834631795688,0.0075,0.916,3
random_geometric,40,0.2,1.5,203,10.15,10.1665,406.0,4774.0,1.3196037049657312,17.234072177080755,27.201511082905288,0.0085,0.9225,4
random_geometric,40,0.2,1.5,190,9.5,9.3995,380.0,4200.0,1.0746735864859118,16.459091410294207,25.375741637914278,0.0115,0.9095,5
random_geometric,40,0.2,1.5,200,10.0,10.011,400.0,4732.0,0.9358932631461394,17.000644373217348,26.227153013010998,0.0095,0.893,6
random_geometric,40,0.2,1.5,194,9.7,9.7175,388.0,4590.0,0.5869819336577654,17.809101771315962,26.392616483091942,0.009,0.86,7
random_geometric,40,0.2,1.5,227,11.35,11.315,454.0,6272.0,1.4793497223119239,20.605919255799506,30.50019772177361,0.0075,0.8495,8
random_geometric,40,0.2,1.5,190,9.5,9.4,380.0,4336.0,1.2851476857080721,16.971265641884123,25.053497051479468,0.0105,0.89,9
random_geometric,40,0.2,1.5,204,10.2,10.1875,408.0,5074.0,0.8043364064011711,19.403021758658557,26.850076580412157,0.011,0.8635,10
random_geometric,40,0.2,1.5,246,12.3,12.383,492.0,7274.0,1.526889263747584,21.593234828640757,32.66171827639356,0.0085,0.882,11
random_geometric,40,0.2,1.5,215,10.75,10.9535,430.0,5784.0,1.2027077409224667,20.381825044796827,28.36771699287125,0.0145,0.856,12
random_geometric,40,0.2,1.5,186,9.3,9.15,372.0,4234.0,0.5222534286263054,19.19872700377201,25.05224175139248,0.01,0.859,13
random_geometric,40,0.2,1.5,176,8.8,8.84,352.0,3792.0,0.5362043657645356,15.653911702867584,23.29221796729544,0.0145,0.879,14
random_geometric,40,0.2,1.5,241,12.05,12.1235,482.0,7202.0,1.2745717423458047,23.333020075783224,32.65845928970863,0.0075,0.823,15
random_geometric,40,0.2,1.5,204,10.2,10.2155,408.0,4878.0,1.0317704094865312,17.717819772328813,26.651564005561568,0.0115,0.9135,16
random_geometric,40,0.2,1.5,226,11.3,11.246,452.0,6066.0,1.295649019443816,20.536300238757534,30.187115817450984,0.01,0.8675,17
random_geometric,40,0.2,1.5,241,12.05,12.062,482.0,7138.0,1.8103193807609606,21.65322426095625,31.305675908020003,0.013,0.87,18
random_geometric,40,0.2,1.5,192,9.6,9.6065,384.0,4394.0,1.144029912452574,17.3734898075403,25.898354472265478,0.0105,0.902,19
random_geometric,40,0.2,2.0,235,11.75,11.7165,470.0,6596.0,0.8512213788154528,21.340435882998115,31.331758725041816,0.007,0.964,0
random_geometric,40,0.2,2.0,233,11.65,11.556,466.0,6606.0,1.3834767614630874,20.73572943424847,30.723329358644566,0.014,0.953,1
random_geometric,40,0.2,2.0,239,11.95,12.0715,478.0,6990.0,0.5989878214781059,21.200406932884906,31.24008033137683,0.021,0.958,2
random_geometric,40,0.2,2.0,192,9.6,9.6715,384.0,4578.0,1.0273182983846452,17.89411831005213,25.733041549643186,0.0145,0.9675,3
random_geometric,40,0.2,2.0,219,10.95,10.7845,438.0,5806.0,1.307216575270975,20.448738734480216,29.21067301565993,0.0095,0.992,4
random_geometric,40,0.2,2.0,231,11.55,11.5165,462.0,6518.0,0.8916359950958261,23.165508815156322,30.65596466592244,0.0155,0.988,5
random_geometric,40,0.2,2.0,173,8.65,8.611,346.0,3538.0,0.5920183541027013,14.595264267666382,23.058976976176957,0.009,0.9955,6
random_geometric,40,0.2,2.0,217,10.85,10.9745,434.0,5852.0,1.3173866862357397,19.775819306581056,29.827342937806787,0.01,0.9715,7
random_geometric,40,0.2,2.0,227,11.35,11.449,454.0,6242.0,1.7795959406956237,21.35182410903037,30.949290916615116,0.007,0.9835,8
random_geometric,40,0.2,2.0,236,11.8,11.719,472.0,6618.0,1.8814424318546707,22.333136271378276,31.047986094504875,0.0135,0.9875,9
random_geometric,40,0.2,2.0,236,11.8,11.7895,472.0,6818.0,0.9380027550671962,23.161015514150588,31.327493269014493,0.0095,0.964,10
random_geometric,40,0.2,2.0,206,10.3,10.32,412.0,5138.0,0.7854211178115367,18.84857068538716,27.050596798753894,0.01,0.976,11
random_geometric,40,0.2,2.0,192,9.6,9.5305,384.0,4542.0,0.6575323626766605,18.45193535479864,25.557336601090977,0.0115,0.9815,12
random_geometric,40,0.2,2.0,194,9.7,9.6385,388.0,4518.0,1.106924011111667,17.65894260067538,25.4378109867564,0.0135,0.9975,13
random_geometric,40,0.2,2.0,249,12.45,12.617,498.0,7422.0,1.5510954691204373,22.315292037041775,32.20803816722509,0.012,0.9775,14
random_geometric,40,0.2,2.0,240,12.0,12.0575,480.0,7070.0,1.60373593900005,20.733762134528757,31.318459871804137,0.0125,0.9695,15
random_geometric,40,0.2,2.0,242,12.1,12.1665,484.0,7538.0,0.8703397013234666,23.41958363039932,32.11959095040871,0.017,0.9365,16
random_geometric,40,0.2,2.0,213,10.65,10.725,426.0,5716.0,1.320947604274347,19.595634689156732,29.145083971721828,0.011,0.959,17
random_geometric,40,0.2,2.0,211,10.55,10.51,422.0,5236.0,1.0904761728662824,18.584466730984623,27.636850019600796,0.0115,0.9975,18
random_geometric,40,0.2,2.0,267,13.35,13.4295,534.0,9180.0,1.5808839096902827,24.236855021272238,36.27417372740701,0.011,0.947,19
random_geometric,40,0.2,3.0,212,10.6,10.5175,424.0,5508.0,1.3383911348134596,20.334589842052598,28.102335334078145,0.01,0.9975,0
random_geometric,40,0.2,3.0,224,11.2,11.1125,448.0,6440.0,0.8798194551225783,20.565630271204043,30.39758651363207,0.01,0.9935,1
random_geometric,40,0.2,3.0,206,10.3,10.323,412.0,5210.0,1.4246036139083134,19.497751671463615,27.678629345762857,0.009,1.0,2
random_geometric,40,0.2,3.0,215,10.75,10.787,430.0,5486.0,0.7244662298095634,17.763473645368975,27.9097392951625,0.0125,1.0,3
random_geometric,40,0.2,3.0,264,13.2,13.239,528.0,8206.0,1.6673200283868483,20.895671087145672,35.25408587940339,0.008,1.0,4
random_geometric,40,0.2,3.0,212,10.6,10.5435,424.0,5258.0,0.8796506425900517,18.536328460021043,26.874723461373883,0.016,1.0,5
random_geometric,40,0.2,3.0,175,8.75,8.7775,350.0,3718.0,0.694408220944767,15.518426897699984,23.61421225113525,0.009,1.0,6
random_geometric,40,0.2,3.0,195,9.75,9.8625,390.0,4550.0,0.4166890341673503,20.134078635860092,26.419398144187685,0.0035,0.986,7
random_geometric,40,0.2,3.0,229,11.45,11.271,458.0,6530.0,0.5665313943696273,20.568580550537543,30.270984944452625,0.011,0.9825,8
random_geometric,40,0.2,3.0,225,11.25,11.1695,450.0,6162.0,0.9257910470846368,21.26314213607302,29.617348838767736,0.0125,1.0,9
random_geometric,40,0.2,3.0,275,13.75,13.661,550.0,9486.0,1.502200616835057,24.295319816446124,38.1408386195654,0.007,0.9985,10
random_geometric,40,0.2,3.0,204,10.2,10.3385,408.0,4952.0,1.4149413772345452,17.504478572509694,26.55445152988658,0.0135,1.0,11
random_geometric,40,0.2,3.0,218,10.9,10.899,436.0,5576.0,1.2198085211557617,18.423468893553505,27.937161738449156,0.0195,1.0,12
random_geometric,40,0.2,3.0,255,12.75,12.6215,510.0,7988.0,2.18176677639756,23.47687700368826,33.738335917023186,0.0135,1.0,13
random_geometric,40,0.2,3.0,238,11.9,11.9265,476.0,7024.0,0.7591156405245415,22.27781587920546,32.06090003118082,0.011,1.0,14
random_geometric,40,0.2,3.0,226,11.3,11.3955,452.0,6106.0,1.0725991347765182,19.669391616077956,29.70463667305275,0.0095,1.0,15
random_geometric,40,0.2,3.0,187,9.35,9.285,374.0,4098.0,0.8562067561251543,15.715681410446772,24.220441214050275,0.018,1.0,16
random_geometric,40,0.2,3.0,252,12.6,12.493,504.0,7872.0,0.39961362697545205,21.29693383044968,33.33627076960565,0.014,1.0,17
random_geometric,40,0.2,3.0,216,10.8,10.888,432.0,5622.0,0.8792230931649476,19.734694857368,28.750430935597894,0.012,1.0,18
random_geometric,40,0.2,3.0,218,10.9,10.98,436.0,6088.0,0.395341013200323,20.26766177741757,30.057444452166767,0.0085,0.9825,19
random_geometric,40,0.3,0.5,184,9.2,9.154,368.0,3996.0,0.8946368186194718,15.028158802364528,56.326347026082225,0.009,0.0165,0
random_geometric,40,0.3,0.5,225,11.25,11.3615,450.0,6102.0,1.077360828154286,18.99097582020411,65.66375921732667,0.0095,0.041,1
random_geometric,40,0.3,0.5,190,9.5,9.4645,380.0,4314.0,0.6204064761946557,17.28324479256515,56.935240720277044,0.011,0.0235,2
random_geometric,40,0.3,0.5,216,10.8,10.767,432.0,5902.0,0.9440553840703808,23.182220388015594,63.70802905232685,0.012,0.0285,3
random_geometric,40,0.3,0.5,238,11.9,11.941,476.0,6928.0,1.6011387819768998,21.561313618103,68.74246556980574,0.0145,0.032,4
random_geometric,40,0.3,0.5,230,11.5,11.4345,460.0,6350.0,1.9807696840867,20.552522604923215,69.65750826110282,0.007,0.017,5
random_geometric,40,0.3,0.5,194,9.7,9.692,388.0,4640.0,0.5118711096606641,20.072907741535836,58.37208759236669,0.0105,0.024,6
random_geometric,40,0.3,0.5,231,11.55,11.743,462.0,6558.0,1.2614893034015109,22.313411016214268,72.11448342105857,0.008,0.0135,7
random_geometric,40,0.3,0.5,241,12.05,12.0075,482.0,6798.0,1.7122277969523962,20.929607998630594,70.916451136643,0.0095,0.017,8
random_geometric,40,0.3,0.5,204,10.2,10.17,408.0,5122.0,1.2192185918377003,18.67311684883204,61.56950317725724,0.0105,0.0155,9
random_geometric,40,0.3,0.5,192,9.6,9.581,384.0,4618.0,0.837711937696616,17.601897716516653,59.27785691362105,0.007,0.018,10
random_geometric,40,0.3,0.5,163,8.15,8.0855,326.0,3186.0,0.5250407230614856,14.4102413722834,49.33316514052518,0.012,0.022,11
random_geometric,40,0.3,0.5,207,10.35,10.3575,414.0,5252.0,1.270207931706592,18.822757038872705,63.10885894649375,0.008,0.022,12
random_geometric,40,0.3,0.5,240,12.0,11.908,480.0,7058.0,1.1958031588957327,21.62893642217188,72.60717049034427,0.0075,0.018,13
random_geometric,40,0.3,0.5,196,9.8,9.8185,392.0,4722.0,0.9760261741495623,21.154705932867138,58.757999263457535,0.007,0.026,14
random_geometric,40,0.3,0.5,240,12.0,11.9725,480.0,7090.0,0.8717434689542373,21.69654193937647,69.79714958583978,0.0175,0.036,15
random_geometric,40,0.3,0.5,215,10.75,10.833,430.0,5498.0,1.1879496432830718,18.615409778440466,63.463400942011404,0.01,0.034,16
random_geometric,40,0.3,0.5,247,12.35,12.2405,494.0,7538.0,2.05067404777172,22.329452796632793,75.39443722376815,0.0135,0.0185,17
random_geometric,40,0.3,0.5,205,10.25,10.2865,410.0,5076.0,0.3919625227700686,18.179891666333837,60.41772545981344,0.0135,0.0275,18
random_geometric,40,0.3,0.5,217,10.85,10.8865,434.0,5586.0,0.860927996586408,17.843550628168373,62.92095752421367,0.0125,0.0265,19
random_geometric,40,0.3,1.0,184,9.2,9.207,368.0,4110.0,0.7619682634733755,17.1857854425902,55.18320037171406,0.01,0.105,0
random_geometric,40,0.3,1.0,224,11.2,11.0915,448.0,6010.0,1.2745281116745517,19.71126422914591,66.07531053154024,0.0115,0.1315,1
random_geometric,40,0.3,1.0,236,11.8,11.643,472.0,6666.0,1.3828776595816565,22.307796216200394,69.85788680624349,0.0105,0.132,2
random_geometric,40,0.3,1.0,192,9.6,9.5505,384.0,4468.0,1.0225963444841972,17.61659942854507,56.92789241059539,0.0065,0.1215,3
random_geometric,40,0.3,1.0,186,9.3,9.3065,372.0,4204.0,0.7605699086814576,18.32645883619845,55.02864358537677,0.0145,0.122,4
random_geometric,40,0.3,1.0,202,10.1,10.1125,404.0,4980.0,0.8666202875287428,19.179065289995663,60.88258577298408,0.0115,0.126,5
random_geometric,40,0.3,1.0,229,11.45,11.5975,458.0,6374.0,1.651544674500641,20.0841615484512,69.84019018496375,0.0075,0.0995,6
random_geometric,40,0.3,1.0,207,10.35,10.38,414.0,4924.0,0.9354473644143959,16.586812352431192,61.94238551857464,0.011,0.1155,7
random_geometric,40,0.3,1.0,214,10.7,10.755,428.0,5680.0,0.4406715058165419,20.38358604442395,63.60938836773725,0.0205,0.136,8
random_geometric,40,0.3,1.0,225,11.25,11.3475,450.0,5988.0,1.171532155439297,19.417621742657023,66.83732575921294,0.009,0.118,9
random_geometric,40,0.3,1.0,216,10.8,10.992,432.0,5858.0,0.4569029185436073,21.387161162756534,66.88273763835387,0.006,0.1,10
random_geometric,40,0.3,1.0,210,10.5,10.512,420.0,5270.0,1.1714553790169977,19.472987322879224,62.19317482996798,0.0115,0.1185,11
random_geometric,40,0.3,1.0,226,11.3,11.275,452.0,6346.0,0.7998639924199774,19.64741757428534,68.49349285159472,0.0115,0.1255,12
random_geometric,40,0.3,1.0,202,10.1,10.001,404.0,5044.0,0.4039681768562275,18.28289979411874,60.932979820870585,0.0105,0.1165,13
random_geometric,40,0.3,1.0,226,11.3,11.322,452.0,6290.0,0.608861022627915,21.36317779972452,67.68522563644365,0.0125,0.1095,14
random_geometric,40,0.3,1.0,219,10.95,10.945,438.0,6032.0,0.9243074571606245,21.550022000752996,67.15457614620583,0.0135,0.0985,15
random_geometric,40,0.3,1.0,218,10.9,10.75,436.0,5910.0,0.7545402991712211,20.406960005525345,69.66523585876904,0.004,0.068,16
random_geometric,40,0.3,1.0,228,11.4,11.558,456.0,6270.0,0.6724114358773366,21.367933687286452,69.94807772972125,0.0075,0.1,17
random_geometric,40,0.3,1.0,177,8.85,8.8705,354.0,3862.0,0.4849647218596734,16.327391176876855,53.94525027107056,0.011,0.1085,18
random_geometric,40,0.3,1.0,198,9.9,9.7765,396.0,4720.0,0.6253488759795889,18.467835922270876,58.25179553360837,0.011,0.125,19
random_geometric,40,0.3,1.5,204,10.2,10.092,408.0,5010.0,1.2073016466664612,18.521487914168592,62.63032688074847,0.009,0.3725,0
random_geometric,40,0.3,1.5,214,10.7,10.7835,428.0,5644.0,0.4768498448786745,20.14024398703812,65.21273806445576,0.0055,0.4055,1
random_geometric,40,0.3,1.5,217,10.85,10.747,434.0,5860.0,1.0971625659667776,19.089136393901338,67.58275867895841,0.0075,0.369,2
random_geometric,40,0.3,1.5,266,13.3,13.474,532.0,8922.0,0.720637405334045,23.275469189141937,80.19341227739534,0.0135,0.4125,3
random_geometric,40,0.3,1.5,292,14.6,14.576,584.0,10354.0,0.9484038462191652,24.774491560118896,87.10807138584369,0.009,0.423,4
random_geometric,40,0.3,1.5,208,10.4,10.281,416.0,5350.0,0.36588823190211506,19.306096511157648,62.15473160585579,0.007,0.416,5
random_geometric,40,0.3,1.5,185,9.25,9.235,370.0,4676.0,0.4190075078878447,20.115288723090483,56.304232528080874,0.0115,0.394,6
random_geometric,40,0.3,1.5,242,12.1,12.058,484.0,6880.0,1.5441253352476592,19.81286130666198,73.09459455665912,0.005,0.399,7
random_geometric,40,0.3,1.5,184,9.2,9.1765,368.0,3996.0,0.6347023792275379,16.681123793649956,55.720001376331396,0.0105,0.4025,8
random_geometric,40,0.3,1.5,233,11.65,11.6805,466.0,6564.0,1.4967034445600134,21.399816788204717,67.61830455835977,0.015,0.4845,9
random_geometric,40,0.3,1.5,228,11.4,11.346,456.0,6072.0,1.2216680217870208,20.374606936642788,67.70181413200805,0.007,0.432,10
random_geometric,40,0.3,1.5,175,8.75,8.7555,350.0,3614.0,0.4992385186987808,14.910527590358818,50.56082482991879,0.0155,0.481,11
random_geometric,40,0.3,1.5,219,10.95,10.958,438.0,5590.0,1.2306918856571318,18.116582159441556,64.43874984957077,0.0065,0.4485,12
random_geometric,40,0.3,1.5,184,9.2,9.1555,368.0,4076.0,1.1629250465978453,16.76908316640919,55.14565832534245,0.007,0.424,13
random_geometric,40,0.3,1.5,272,13.6,13.475,544.0,9254.0,1.6386647027662995,24.38689183213919,82.45892557782237,0.011,0.377,14
random_geometric,40,0.3,1.5,234,11.7,11.7515,468.0,6382.0,1.8931915104979513,19.274874353932123,69.88700061532046,0.012,0.4285,15
random_geometric,40,0.3,1.5,224,11.2,11.1765,448.0,6104.0,1.1826211481174427,19.730882512816127,69.35633384269964,0.0095,0.3685,16
random_geometric,40,0.3,1.5,248,12.4,12.344,496.0,7368.0,1.3388864500433961,22.437776191909876,72.2104284980137,0.016,0.4645,17
random_geometric,40,0.3,1.5,216,10.8,10.755,432.0,5584.0,1.026906243788132,18.82228987738252,64.67675918288947,0.009,0.421,18
random_geometric,40,0.3,1.5,241,12.05,11.982,482.0,7304.0,0.9421660211438829,20.898673014207837,72.74049693580363,0.0115,0.409,19
random_geometric,40,0.3,2.0,181,9.05,9.04,362.0,3954.0,0.15205983911337395,15.241061074644676,54.03621654509203,0.0085,0.7705,0
random_geometric,40,0.3,2.0,246,12.3,12.214,492.0,7504.0,0.9872770566459848,21.676126926013502,73.9235131799967,0.01,0.7275,1
random_geometric,40,0.3,2.0,205,10.25,10.271,410.0,5014.0,0.620676496103262,17.50445308543864,63.18622809373522,0.008,0.7545,2
random_geometric,40,0.3,2.0,229,11.45,11.2795,458.0,6700.0,0.626995084575955,22.33487811282123,68.98170793763383,0.015,0.7045,3
random_geometric,40,0.3,2.0,204,10.2,10.1965,408.0,4976.0,0.9103201931581727,19.407596966660364,60.56871344629201,0.0095,0.7705,4
random_geometric,40,0.3,2.0,239,11.95,12.0545,478.0,7280.0,1.2078124195115905,22.327650564473586,71.33251060162483,0.011,0.73,5
random_geometric,40,0.3,2.0,193,9.65,9.643,386.0,4448.0,0.6897175417833207,17.236831573616527,57.14851903680838,0.0125,0.804,6
random_geometric,40,0.3,2.0,213,10.65,10.6955,426.0,5508.0,1.1078249910001225,19.62015441372219,63.256560064113174,0.0105,0.7795,7
random_geometric,40,0.3,2.0,203,10.15,10.1765,406.0,5042.0,1.1999396485707599,18.199779247397803,61.50602398578517,0.0095,0.7495,8
random_geometric,40,0.3,2.0,212,10.6,10.6005,424.0,5488.0,1.1195957593588373,19.204099932548264,63.29947513511326,0.0105,0.759,9
random_geometric,40,0.3,2.0,178,8.9,8.9155,356.0,3864.0,0.7316960465099611,16.71183983783746,53.89020551950917,0.0085,0.759,10
random_geometric,40,0.3,2.0,237,11.85,11.9645,474.0,7032.0,1.6029878680062133,21.72018435322873,70.80288525797624,0.012,0.7285,11
random_geometric,40,0.3,2.0,218,10.9,10.762,436.0,5686.0,1.281703088056744,20.416053967105356,65.64366979494343,0.01,0.7645,12
random_geometric,40,0.3,2.0,197,9.85,9.886,394.0,4734.0,1.1832771460274891,18.827414233602223,58.82175699902842,0.012,0.778,13
random_geometric,40,0.3,2.0,215,10.75,10.793,430.0,5544.0,1.5638778791946424,19.51700330261862,63.47913161391702,0.011,0.8,14
random_geometric,40,0.3,2.0,185,9.25,9.2235,370.0,4256.0,0.8294158411490344,18.1078425576451,53.67759935731743,0.015,0.787,15
random_geometric,40,0.3,2.0,194,9.7,9.6025,388.0,4482.0,0.7115579724827126,16.686707967673268,56.54634770847287,0.015,0.7995,16
random_geometric,40,0.3,2.0,197,9.85,9.941,394.0,4774.0,0.6483261383946312,18.64083929555161,57.75359774607637,0.016,0.7815,17
random_geometric,40,0.3,2.0,198,9.9,9.841,396.0,4776.0,0.7092738370858181,17.171447119015035,56.648422743017335,0.019,0.795,18
random_geometric,40,0.3,2.0,226,11.3,11.2185,452.0,6148.0,1.0724455658669845,20.018508316148985,69.77917410424716,0.006,0.74,19
random_geometric,40,0.3,3.0,185,9.25,9.266,370.0,4072.0,1.0093024419924115,16.85203965208734,55.529689063648895,0.0075,0.9905,0
random_geometric,40,0.3,3.0,212,10.6,10.5865,424.0,5760.0,0.8980135591765008,19.631521601141078,65.42815695836153,0.006,0.969,1
random_geometric,40,0.3,3.0,259,12.95,13.161,518.0,8402.0,1.3025991537852755,23.533261701769774,76.6146240960631,0.011,0.964,2
random_geometric,40,0.3,3.0,270,13.5,13.4845,540.0,9046.0,1.9841701605911872,23.101898086329502,81.68820141152206,0.008,0.964,3
random_geometric,40,0.3,3.0,216,10.8,10.833,432.0,5548.0,1.3405772786770225,18.844012993021376,63.54426075157281,0.013,0.99,4
random_geometric,40,0.3,3.0,199,9.95,9.9145,398.0,4844.0,0.7483850450235908,19.212884941389532,62.741279389260086,0.004,0.9805,5
random_geometric,40,0.3,3.0,218,10.9,11.033,436.0,5474.0,1.0319594390977374,21.217498466994222,65.58920971589517,0.009,0.997,6
random_geometric,40,0.3,3.0,262,13.1,13.2985,524.0,8168.0,0.6835805644194374,21.687708012623304,76.70582301547951,0.0195,0.967,7
random_geometric,40,0.3,3.0,173,8.65,8.634,346.0,3600.0,0.596152186346941,15.58552367451343,52.06201781232519,0.0105,0.9945,8
random_geometric,40,0.3,3.0,206,10.3,10.2305,412.0,4944.0,1.4416563201687662,17.250055971843807,60.54351213236435,0.0095,0.99,9
random_geometric,40,0.3,3.0,270,13.5,13.622,540.0,9024.0,1.6612577093857532,23.69886687716465,81.47752554715677,0.0095,0.96,10
random_geometric,40,0.3,3.0,210,10.5,10.3465,420.0,5080.0,1.5250639225916918,17.750525585667198,62.56116395536614,0.0115,0.9995,11
random_geometric,40,0.3,3.0,205,10.25,10.186,410.0,4988.0,1.1837099211108608,18.373863393808147,61.3245369505752,0.0095,0.9965,12
random_geometric,40,0.3,3.0,198,9.9,9.841,396.0,4676.0,0.7967602942705855,16.909690676502827,59.3559412912226,0.007,0.9685,13
random_geometric,40,0.3,3.0,210,10.5,10.4835,420.0,5386.0,1.1610870694075266,19.61348051781786,63.0416886320085,0.0105,0.986,14
random_geometric,40,0.3,3.0,207,10.35,10.0725,414.0,5276.0,0.8735793120923052,18.995853417426797,62.421025648709154,0.0145,0.968,15
random_geometric,40,0.3,3.0,200,10.0,10.037,400.0,4726.0,1.132532600059609,17.501117128499025,61.11199981619462,0.0065,0.992,16
random_geometric,40,0.3,3.0,258,12.9,12.856,516.0,7896.0,2.0325762418802062,22.6625496702377,74.69562143356423,0.0155,0.9885,17
random_geometric,40,0.3,3.0,194,9.7,9.617,388.0,4714.0,0.5637843549710911,20.410317773614615,60.5424769752523,0.006,0.982,18
random_geometric,40,0.3,3.0,217,10.85,10.911,434.0,5694.0,0.8246427884894303,20.438041031174098,65.0121943458243,0.0105,0.9795,19
random_geometric,80,0.1,0.5,781,19.525,19.503,1562.0,34066.0,2.3175634428379372,31.722724594447584,22.536183276434045,0.01,0.298,0
random_geometric,80,0.1,0.5,871,21.775,21.481,1742.0,42262.0,2.593128084323216,34.817506836109686,25.2527322428433,0.0115,0.247,1
random_geometric,80,0.1,0.5,951,23.775,23.7265,1902.0,51978.0,3.5054609348494017,39.66630575023637,27.252410933573838,0.005,0.298,2
random_geometric,80,0.1,0.5,932,23.3,23.1615,1864.0,50918.0,3.6491415627585213,40.488755884707686,26.75799590151892,0.0105,0.295,3
random_geometric,80,0.1,0.5,884,22.1,22.084,1768.0,45448.0,3.249840339175994,36.927582401440276,25.79783498129724,0.0055,0.255,4
random_geometric,80,0.1,0.5,839,20.975,20.941,1678.0,39200.0,1.763149654418755,31.70019849614449,24.161926990565522,0.0095,0.276,5
random_geometric,80,0.1,0.5,927,23.175,22.933,1854.0,50704.0,2.8220279697607094,39.188766979835265,26.69875058239503,0.0135,0.2845,6
random_geometric,80,0.1,0.5,812,20.3,20.3325,1624.0,36964.0,2.8079406456403087,33.015470373090714,23.141455183446222,0.013,0.2795,7
random_geometric,80,0.1,0.5,827,20.675,20.6395,1654.0,39506.0,2.539265347011326,35.77744162758754,24.165696085038274,0.0055,0.2615,8
random_geometric,80,0.1,0.5,834,20.85,21.0365,1668.0,39592.0,2.74105351877495,36.78064365330637,23.87605748652215,0.011,0.288,9
random_geometric,80,0.1,0.5,1011,25.275,25.3125,2022.0,58320.0,4.058319929922048,43.61679878340692,29.035087454772935,0.0125,0.2815,10
random_geometric,80,0.1,0.5,893,22.325,22.4505,1786.0,45072.0,3.269086579086375,37.592210752740186,25.39501641739074,0.01,0.3155,11
random_geometric,80,0.1,0.5,843,21.075,21.1245,1686.0,41232.0,1.6579595619831098,36.13644222207597,24.619758522303588,0.0055,0.2695,12
random_geometric,80,0.1,0.5,1005,25.125,24.8165,2010.0,58280.0,3.5771692721126183,41.649753962799174,29.31428323344661,0.01,0.2415,13
random_geometric,80,0.1,0.5,892,22.3,22.135,1784.0,45692.0,3.1153116221429666,38.59611737384572,25.68412381269886,0.0135,0.262,14
random_geometric,80,0.1,0.5,887,22.175,22.001,1774.0,45514.0,2.6776797052164283,38.543322319876935,25.226869499932217,0.0195,0.31,15
random_geometric,80,0.1,0.5,885,22.125,22.16,1770.0,44492.0,3.1001765002295114,36.85897952707182,25.30451518518581,0.007,0.286,16
random_geometric,80,0.1,0.5,785,19.625,19.408,1570.0,35250.0,1.580348859807323,32.45738744031095,22.231202664065577,0.0125,0.2945,17
random_geometric,80,0.1,0.5,854,21.35,21.36,1708.0,41652.0,2.3941576964526523,36.22907124406011,24.073647920800397,0.013,0.305,18
random_geometric,80,0.1,0.5,895,22.375,22.4805,1790.0,46030.0,2.86497500562863,40.31675269841393,26.632711728251863,0.0085,0.199,19
random_geometric,80,0.1,1.0,895,22.375,22.168,1790.0,48018.0,2.44849479487034,38.81266776356379,26.13517141783023,0.0115,0.935,0
random_geometric,80,0.1,1.0,923,23.075,23.1665,1846.0,49006.0,3.271662885668876,39.142920835282816,27.33059595790243,0.0055,0.9475,1
random_geometric,80,0.1,1.0,910,22.75,22.6625,1820.0,47352.0,2.9442822315757207,38.418764075314094,25.741282420920566,0.0155,0.9675,2
random_geometric,80,0.1,1.0,920,23.0,23.1225,1840.0,49258.0,2.661629916991168,39.3216235467074,26.371283709740165,0.0085,0.934,3
random_geometric,80,0.1,1.0,934,23.35,23.642,1868.0,50426.0,2.954904775493439,41.345808652385706,26.858649063781243,0.0065,0.9505,4
random_geometric,80,0.1,1.0,861,21.525,21.493,1722.0,41022.0,2.2664223032557245,34.39964108178801,24.123512490771176,0.0125,0.983,5
random_geometric,80,0.1,1.0,876,21.9,22.09,1752.0,43592.0,3.1149115399742544,35.884710044664466,24.896489525472813,0.0095,0.974,6
random_geometric,80,0.1,1.0,940,23.5,23.625,1880.0,52690.0,2.9085217425163155,42.673116617754026,27.512997959508812,0.0095,0.9415,7
random_geometric,80,0.1,1.0,856,21.4,21.2535,1712.0,42152.0,3.024611658522956,38.47194068087376,24.892224748702574,0.0095,0.957,8
random_geometric,80,0.1,1.0,798,19.95,19.96,1596.0,36928.0,2.282502876496004,33.746064004202495,22.966930021232567,0.0085,0.9655,9
random_geometric,80,0.1,1.0,919,22.975,22.978,1838.0,48576.0,3.5867959100433007,39.485933283964634,26.477285098036745,0.009,0.9575,10
random_geometric,80,0.1,1.0,879,21.975,22.1785,1758.0,43290.0,2.816905530365138,36.067907187428254,25.175832749737353,0.0125,0.982,11
random_geometric,80,0.1,1.0,1044,26.1,26.245,2088.0,65950.0,2.6076789774760702,46.3648485716533,30.026898620652695,0.018,0.919,12
random_geometric,80,0.1,1.0,797,19.925,19.982,1594.0,35756.0,2.6927077283236085,32.24115777510366,23.267562898832754,0.009,0.9745,13
random_geometric,80,0.1,1.0,817,20.425,20.421,1634.0,36736.0,2.330742858512064,33.56912191627248,23.319485856446114,0.007,0.9905,14
random_geometric,80,0.1,1.0,877,21.925,22.0045,1754.0,44742.0,0.7865877922324102,35.71135182366692,25.41407448243502,0.0095,0.9165,15
random_geometric,80,0.1,1.0,914,22.85,22.4855,1828.0,48758.0,3.098675225750939,40.611050738251215,26.029136720094208,0.014,0.9445,16
random_geometric,80,0.1,1.0,841,21.025,20.8005,1682.0,40446.0,2.267231369153563,34.470814062651456,23.74721227900525,0.0135,0.951,17
random_geometric,80,0.1,1.0,859,21.475,21.205,1718.0,42392.0,2.6293592870032105,37.37674828428166,24.658011129554687,0.01,0.969,18
random_geometric,80,0.1,1.0,892,22.3,22.591,1784.0,44536.0,2.9820786942190134,37.25260267500465,25.927931366885336,0.0095,0.9795,19
random_geometric,80,0.1,1.5,759,18.975,18.9095,1518.0,32076.0,1.6049531136869266,29.556197768767422,21.783440091930093,0.0105,1.0,0
random_geometric,80,0.1,1.5,748,18.7,18.7205,1496.0,31354.0,2.2967830727550567,29.989193391397137,20.8699960464084,0.015,1.0,1
random_geometric,80,0.1,1.5,933,23.325,23.637,1866.0,48734.0,3.4064993266763572,39.54261586680069,26.345585409401647,0.011,1.0,2
random_geometric,80,0.1,1.5,1018,25.45,25.0285,2036.0,59762.0,3.719110699880118,43.55715982807469,29.173614441521746,0.0135,0.9995,3
random_geometric,80,0.1,1.5,806,20.15,20.14,1612.0,36058.0,2.2175662217560363,33.566267660023215,23.223941081243364,0.0095,1.0,4
random_geometric,80,0.1,1.5,858,21.45,21.259,1716.0,42164.0,3.1292024144301473,35.62690262130538,24.861307666574625,0.0075,1.0,5
random_geometric,80,0.1,1.5,869,21.725,21.5595,1738.0,42900.0,2.8003094528255015,39.25349535769961,25.09273293845419,0.0095,0.9995,6
random_geometric,80,0.1,1.5,818,20.45,20.508,1636.0,36930.0,2.1643644222607197,35.212785798670595,23.272308164087917,0.008,1.0,7
random_geometric,80,0.1,1.5,909,22.725,22.7495,1818.0,47616.0,3.1599326703799,40.72694301108839,25.83790329044389,0.0095,0.997,8
random_geometric,80,0.1,1.5,851,21.275,21.284,1702.0,41416.0,2.857337773421027,34.72343200681523,24.294446891772694,0.0105,1.0,9
random_geometric,80,0.1,1.5,833,20.825,20.8405,1666.0,38530.0,3.0427687505672676,34.63489844005201,23.763932656930127,0.0105,1.0,10
random_geometric,80,0.1,1.5,962,24.05,23.876,1924.0,55036.0,2.6117900679316035,41.363733173661565,27.936278085746377,0.012,0.9995,11
random_geometric,80,0.1,1.5,955,23.875,23.5905,1910.0,53084.0,2.665274070394905,40.833020744645204,27.487172659328262,0.009,0.9955,12
random_geometric,80,0.1,1.5,816,20.4,20.417,1632.0,37248.0,2.140940106799492,35.1004327541054,23.599112391732387,0.0075,1.0,13
random_geometric,80,0.1,1.5,1011,25.275,24.8285,2022.0,60982.0,3.2189019105803807,45.39527791402191,30.066654585775932,0.0075,0.994,14
random_geometric,80,0.1,1.5,829,20.725,20.548,1658.0,38356.0,2.2043558544828485,33.755182738247306,23.917475947958724,0.0105,1.0,15
random_geometric,80,0.1,1.5,980,24.5,24.131,1960.0,56002.0,3.170683384359604,44.22693751815704,28.55406135381783,0.003,1.0,16
random_geometric,80,0.1,1.5,836,20.9,20.7805,1672.0,39316.0,2.412925559008785,33.76604853686117,24.3869008911841,0.0055,1.0,17
random_geometric,80,0.1,1.5,870,21.75,21.6355,1740.0,42232.0,2.8782968632630177,36.44186627187499,25.074057665304814,0.009,1.0,18
random_geometric,80,0.1,1.5,911,22.775,23.025,1822.0,48030.0,2.9109217153676084,39.46611540411403,26.548446464026007,0.007,0.997,19
random_geometric,80,0.1,2.0,912,22.8,22.888,1824.0,48004.0,2.0257554997997076,38.46699958428191,26.420100913946108,0.0065,1.0,0
random_geometric,80,0.1,2.0,803,20.075,19.937,1606.0,35358.0,1.5950243450060317,30.140401789785454,22.99140456756884,0.011,1.0,1
random_geometric,80,0.1,2.0,900,22.5,22.3425,1800.0,45770.0,2.993886029394492,36.44553623475261,26.041881608966463,0.01,1.0,2
random_geometric,80,0.1,2.0,792,19.8,19.947,1584.0,34722.0,1.8775979949375143,32.484516291671085,22.359583172314366,0.012,1.0,3
random_geometric,80,0.1,2.0,958,23.95,23.9635,1916.0,52468.0,3.3535375783176975,39.44748353446516,27.56979906708737,0.008,1.0,4
random_geometric,80,0.1,2.0,934,23.35,23.512,1868.0,48446.0,3.788736981000093,39.51256917387187,27.22568565542569,0.009,1.0,5
random_geometric,80,0.1,2.0,1014,25.35,25.267,2028.0,60910.0,3.37922663795225,46.345749875311974,29.328744701424412,0.0055,1.0,6
random_geometric,80,0.1,2.0,856,21.4,21.4235,1712.0,41850.0,2.665979243739795,35.3491584420037,24.59173672496867,0.009,1.0,7
random_geometric,80,0.1,2.0,842,21.05,21.1565,1684.0,39276.0,2.4923044473473097,33.17555137501954,24.179432607329456,0.0125,1.0,8
random_geometric,80,0.1,2.0,805,20.125,20.153,1610.0,35810.0,2.2234193095203363,31.36008633636448,22.76177679690722,0.014,1.0,9
random_geometric,80,0.1,2.0,797,19.925,19.988,1594.0,36032.0,2.217997056042103,32.771496489714714,22.97228770653559,0.009,1.0,10
random_geometric,80,0.1,2.0,909,22.725,22.718,1818.0,47732.0,3.4271881057743565,38.181429920279065,26.13215403871868,0.011,1.0,11
random_geometric,80,0.1,2.0,907,22.675,22.5975,1814.0,49486.0,1.950159363660195,38.81994365433555,26.477698514025697,0.011,1.0,12
random_geometric,80,0.1,2.0,871,21.775,21.9425,1742.0,43278.0,2.784990253728356,40.311264498825146,25.2285160831624,0.006,1.0,13
random_geometric,80,0.1,2.0,767,19.175,19.3725,1534.0,34388.0,2.046892452480661,35.597253497885006,22.22034682890194,0.0125,1.0,14
random_geometric,80,0.1,2.0,782,19.55,19.528,1564.0,34444.0,2.3769098677417033,33.05832965889787,22.641210588957787,0.0095,1.0,15
random_geometric,80,0.1,2.0,821,20.525,20.455,1642.0,38936.0,2.06112428839948,36.53602782629738,24.04052316546602,0.0095,1.0,16
random_geometric,80,0.1,2.0,866,21.65,21.6355,1732.0,42520.0,2.596810264716144,35.81385619991648,24.65363058166684,0.0065,1.0,17
random_geometric,80,0.1,2.0,826,20.65,20.67,1652.0,38446.0,2.1162570631367514,34.13626573225549,23.812406089176264,0.0105,1.0,18
random_geometric,80,0.1,2.0,978,24.45,24.2785,1956.0,54570.0,4.202141640752082,39.90847696679684,28.182122487116537,0.006,1.0,19
random_geometric,80,0.1,3.0,942,23.55,24.045,1884.0,53292.0,2.841733091588429,39.62672959229032,27.71153884820229,0.008,1.0,0
random_geometric,80,0.1,3.0,863,21.575,21.6775,1726.0,42918.0,2.2938399353513357,36.55388505346075,24.759257457747538,0.012,1.0,1
random_geometric,80,0.1,3.0,899,22.475,22.5765,1798.0,45260.0,2.6293725464036086,40.23529421176796,25.937245888309608,0.007,1.0,2
random_geometric,80,0.1,3.0,840,21.0,20.7965,1680.0,39970.0,2.370830359886398,36.56188129182023,24.71052876901215,0.0045,1.0,3
random_geometric,80,0.1,3.0,847,21.175,21.139,1694.0,40346.0,2.5205631971507922,33.56676168003834,24.041702880149078,0.0105,1.0,4
random_geometric,80,0.1,3.0,921,23.025,22.869,1842.0,47042.0,3.6908985981403735,36.69351676919545,26.24488127243337,0.0115,1.0,5
random_geometric,80,0.1,3.0,851,21.275,21.3895,1702.0,40034.0,2.812553610578217,35.495502988375954,24.158255502657074,0.0115,1.0,6
random_geometric,80,0.1,3.0,967,24.175,23.9095,1934.0,54836.0,2.8132729534610386,42.42619320929298,27.920231268065773,0.008,1.0,7
random_geometric,80,0.1,3.0,854,21.35,21.5455,1708.0,41208.0,2.0796764963237733,34.388545263911766,24.780639416453294,0.008,1.0,8
random_geometric,80,0.1,3.0,982,24.55,24.635,1964.0,56732.0,3.3030474802225513,44.3599898297431,28.619255650656008,0.009,1.0,9
random_geometric,80,0.1,3.0,895,22.375,22.2995,1790.0,46018.0,2.6369942718488586,37.04302276128559,25.662982329943397,0.0145,1.0,10
random_geometric,80,0.1,3.0,968,24.2,23.8585,1936.0,56602.0,2.3392234137585475,40.590843395931564,27.28279544577162,0.017,1.0,11
random_geometric,80,0.1,3.0,924,23.1,22.9955,1848.0,49386.0,3.288252446483097,38.72372259906071,26.171712206665095,0.011,1.0,12
random_geometric,80,0.1,3.0,850,21.25,21.0445,1700.0,41844.0,2.265215670384022,37.61184649310902,24.928272237810724,0.007,1.0,13
random_geometric,80,0.1,3.0,957,23.925,23.838,1914.0,51522.0,3.6399644942234213,38.72741770558304,28.012406965935046,0.009,1.0,14
random_geometric,80,0.1,3.0,895,22.375,22.326,1790.0,44642.0,2.2167789714277446,37.39968814484036,25.700932262227273,0.015,1.0,15
random_geometric,80,0.1,3.0,971,24.275,24.286,1942.0,54530.0,4.098491707460213,40.203473344267906,27.278581210879725,0.019,1.0,16
random_geometric,80,0.1,3.0,889,22.225,22.373,1778.0,45146.0,2.8184584362927807,36.59872672556385,25.834398259240054,0.008,1.0,17
random_geometric,80,0.1,3.0,818,20.45,20.414,1636.0,37180.0,2.0866365716962214,31.867799218234666,23.549966952647733,0.0095,1.0,18
random_geometric,80,0.1,3.0,885,22.125,21.936,1770.0,45004.0,2.1587225170159865,37.0730932596485,25.21962473030241,0.0085,1.0,19
random_geometric,80,0.2,0.5,885,22.125,22.251,1770.0,45714.0,2.833144789995397,37.764207756325824,102.84219452866125,0.008,0.034,0
random_geometric,80,0.2,0.5,993,24.825,24.8235,1986.0,58974.0,2.477042866439743,43.57415754987993,114.66214482840977,0.0125,0.039,1
random_geometric,80,0.2,0.5,955,23.875,23.779,1910.0,52574.0,3.412564065889873,41.518948316740044,108.58400349653226,0.0135,0.0355,2
random_geometric,80,0.2,0.5,914,22.85,22.8415,1828.0,46734.0,3.8214291934826683,38.611111565048816,104.14351805151496,0.0095,0.032,3
random_geometric,80,0.2,0.5,929,23.225,23.354,1858.0,49912.0,2.191121549883152,38.7826905413284,104.96972336811598,0.013,0.036,4
random_geometric,80,0.2,0.5,885,22.125,21.859,1770.0,46686.0,2.238715404131689,40.396209850486784,102.94344775078234,0.0075,0.0275,5
random_geometric,80,0.2,0.5,889,22.225,22.0895,1778.0,46228.0,2.299113326970499,37.93496072183985,102.51400241922973,0.0135,0.0365,6
random_geometric,80,0.2,0.5,867,21.675,21.7295,1734.0,44238.0,2.3161168617432644,42.28229230134922,99.61569670515468,0.0105,0.045,7
random_geometric,80,0.2,0.5,884,22.1,22.3505,1768.0,44106.0,3.05421991827687,35.181418192295126,99.41287320192687,0.0125,0.0445,8
random_geometric,80,0.2,0.5,856,21.4,21.384,1712.0,41654.0,2.695319349229578,36.476283622739345,97.43703111343633,0.0115,0.0335,9
random_geometric,80,0.2,0.5,848,21.2,21.1855,1696.0,39666.0,2.3578038596057493,33.081766951667774,95.23254096802917,0.012,0.042,10
random_geometric,80,0.2,0.5,888,22.2,22.172,1776.0,44324.0,2.4909180476212,35.00626156024043,101.39026900810622,0.0135,0.034,11
random_geometric,80,0.2,0.5,899,22.475,22.42,1798.0,46650.0,3.051572593342288,39.66948074978608,104.26672959553109,0.01,0.032,12
random_geometric,80,0.2,0.5,935,23.375,23.6195,1870.0,50648.0,3.307617577029977,39.220331342997525,108.62302706848773,0.006,0.03,13
random_geometric,80,0.2,0.5,859,21.475,21.4145,1718.0,41986.0,2.424220917077448,35.90850150857092,99.651066800212,0.0105,0.026,14
random_geometric,80,0.2,0.5,886,22.15,22.404,1772.0,44896.0,1.8505376078557256,37.5841058368373,101.70586902750274,0.0075,0.032,15
random_geometric,80,0.2,0.5,808,20.2,20.284,1616.0,36434.0,2.5851936877325024,31.43846785497785,92.89394439356249,0.01,0.0335,16
random_geometric,80,0.2,0.5,903,22.575,22.5685,1806.0,48572.0,3.221436022075975,42.29810899361047,104.79849763680281,0.008,0.038,17
random_geometric,80,0.2,0.5,852,21.3,21.5655,1704.0,40828.0,2.7221112854723404,34.275904263146224,96.430443857129,0.013,0.046,18
random_geometric,80,0.2,0.5,834,20.85,21.036,1668.0,39578.0,2.2112383389795744,35.062601973701376,93.07521927071019,0.0135,0.0555,19
random_geometric,80,0.2,1.0,856,21.4,21.298,1712.0,41432.0,3.4493631536441796,34.83023388709421,98.80011060053687,0.008,0.2695,0
random_geometric,80,0.2,1.0,1026,25.65,25.925,2052.0,60892.0,2.290184366829925,44.31091745446512,116.43540983406787,0.013,0.315,1
random_geometric,80,0.2,1.0,868,21.7,21.863,1736.0,43698.0,2.8200306061891984,38.33769653063569,102.74717169853422,0.007,0.2475,2
random_geometric,80,0.2,1.0,856,21.4,21.3725,1712.0,42220.0,2.40744526034704,36.41073926561377,99.21613495064089,0.0105,0.2505,3
random_geometric,80,0.2,1.0,857,21.425,21.2545,1714.0,43806.0,1.6389395879456923,39.30772156963423,97.72520333769644,0.016,0.2975,4
random_geometric,80,0.2,1.0,836,20.9,20.956,1672.0,40210.0,2.8030763622792474,37.7294989460878,95.12387618381752,0.012,0.2925,5
random_geometric,80,0.2,1.0,812,20.3,20.319,1624.0,36698.0,2.442447123955495,34.532165469354354,91.16866114521504,0.0115,0.3095,6
random_geometric,80,0.2,1.0,897,22.425,22.4525,1794.0,45604.0,2.699158908281067,39.33922669140888,102.08491968874178,0.0135,0.285,7
random_geometric,80,0.2,1.0,859,21.475,21.481,1718.0,42018.0,2.373527558176864,35.82709714692609,99.95725313600748,0.007,0.2725,8
random_geometric,80,0.2,1.0,871,21.775,21.853,1742.0,42450.0,3.0394745603693485,35.37461554594783,99.4838618356501,0.013,0.2945,9
random_geometric,80,0.2,1.0,969,24.225,24.365,1938.0,53236.0,3.3602273928325292,41.572920473486356,112.2978728851632,0.006,0.271,10
random_geometric,80,0.2,1.0,839,20.975,20.8965,1678.0,39988.0,2.7564966566462865,34.526566391621095,96.1580167183655,0.0125,0.276,11
random_geometric,80,0.2,1.0,889,22.225,22.3105,1778.0,45974.0,2.80616167761299,38.94213889422699,102.17786576356221,0.013,0.289,12
random_geometric,80,0.2,1.0,904,22.6,22.369,1808.0,47010.0,2.704502914808231,38.978216206795835,104.25312155370494,0.0065,0.267,13
random_geometric,80,0.2,1.0,1001,25.025,25.265,2002.0,56862.0,4.505235024729077,40.41809265062208,115.69860909928542,0.008,0.257,14
random_geometric,80,0.2,1.0,991,24.775,24.534,1982.0,58076.0,1.7817767175727588,43.47680911415021,114.00260478380257,0.0125,0.291,15
random_geometric,80,0.2,1.0,921,23.025,23.08,1842.0,48066.0,2.171528127517968,37.36921873604467,107.09243746302876,0.008,0.2645,16
random_geometric,80,0.2,1.0,813,20.325,20.092,1626.0,37582.0,2.6100553187203794,34.57222719911587,92.68535324947862,0.0125,0.2705,17
random_geometric,80,0.2,1.0,816,20.4,20.432,1632.0,38546.0,2.659864015508398,35.62097133488169,93.72594051330672,0.0125,0.281,18
random_geometric,80,0.2,1.0,958,23.95,24.182,1916.0,52224.0,3.0783808171636453,41.59059817869621,108.70742508252067,0.0155,0.291,19
random_geometric,80,0.2,1.5,839,20.975,21.0035,1678.0,39624.0,2.7739774342853085,36.53765946119695,94.42975476394768,0.0215,0.802,0
random_geometric,80,0.2,1.5,1026,25.65,25.89,2052.0,59478.0,3.999289067788821,41.92467873515817,117.62306365519052,0.01,0.7835,1
random_geometric,80,0.2,1.5,873,21.825,21.9165,1746.0,44156.0,2.900192172810287,38.478961674982784,99.18352591512038,0.013,0.775,2
random_geometric,80,0.2,1.5,980,24.5,24.4495,1960.0,55678.0,2.3301696182682674,40.98459069479797,113.47834493554642,0.012,0.7495,3
random_geometric,80,0.2,1.5,758,18.95,18.865,1516.0,31748.0,1.9058317336161255,29.219867055991323,85.32787326349236,0.0115,0.843,4
random_geometric,80,0.2,1.5,752,18.8,18.7415,1504.0,31480.0,2.1039694171025665,31.487941018321795,86.05768437651929,0.0085,0.801,5
random_geometric,80,0.2,1.5,866,21.65,21.5275,1732.0,42820.0,2.855007461308584,35.16006292294141,100.51918731189576,0.009,0.755,6
random_geometric,80,0.2,1.5,954,23.85,23.893,1908.0,54680.0,2.706918612957813,40.51065793804194,111.3264564934594,0.0085,0.709,7
random_geometric,80,0.2,1.5,910,22.75,22.5475,1820.0,47828.0,2.2400808772992225,42.22806976717527,103.09588045544608,0.0145,0.795,8
random_geometric,80,0.2,1.5,903,22.575,22.791,1806.0,45852.0,2.62226019144832,35.28410121402176,103.05600712382561,0.0095,0.801,9
random_geometric,80,0.2,1.5,823,20.575,20.5495,1646.0,37656.0,1.6789283752860107,31.84908173622783,94.84833335256077,0.008,0.78,10
random_geometric,80,0.2,1.5,814,20.35,20.1695,1628.0,38000.0,2.1376512378311756,37.422541306120216,92.60809294748583,0.0105,0.7755,11
random_geometric,80,0.2,1.5,860,21.5,21.5235,1720.0,44024.0,1.9152759321767707,38.40392518985705,100.06270420240699,0.008,0.7275,12
random_geometric,80,0.2,1.5,778,19.45,19.3295,1556.0,34262.0,1.9320253541109056,31.639164068998497,89.56168883492478,0.012,0.7675,13
random_geometric,80,0.2,1.5,772,19.3,19.311,1544.0,33788.0,2.068586201031379,31.26486003988901,88.32096998782463,0.0095,0.7895,14
random_geometric,80,0.2,1.5,862,21.55,21.661,1724.0,43214.0,2.4217440365601313,40.2539476128991,100.36322006707691,0.0115,0.727,15
random_geometric,80,0.2,1.5,949,23.725,23.8695,1898.0,51064.0,3.4119194932009718,38.999428673829115,107.82056333304175,0.0105,0.8025,16
random_geometric,80,0.2,1.5,856,21.4,21.301,1712.0,42104.0,2.7594983922595735,36.85904044563752,98.15244231653642,0.013,0.7825,17
random_geometric,80,0.2,1.5,903,22.575,22.6355,1806.0,45592.0,3.3039248929669043,37.58213470992646,102.20944132459147,0.0075,0.8125,18
random_geometric,80,0.2,1.5,938,23.45,23.6925,1876.0,51112.0,3.286797341611395,40.68252269733072,109.69024602077762,0.0055,0.752,19
random_geometric,80,0.2,2.0,839,20.975,20.6785,1678.0,39930.0,2.169921364380875,34.673762333556994,96.75456453052247,0.0105,0.965,0
random_geometric,80,0.2,2.0,823,20.575,20.4975,1646.0,39004.0,2.2413901949466175,35.53353821882747,94.58249736534592,0.01,0.964,1
random_geometric,80,0.2,2.0,899,22.475,22.4985,1798.0,46620.0,2.9525042884485813,38.593160124247234,106.20586289395028,0.005,0.9395,2
random_geometric,80,0.2,2.0,1003,25.075,25.1405,2006.0,59790.0,3.5156205161833003,42.724613719778134,116.51077836332816,0.011,0.9275,3
random_geometric,80,0.2,2.0,865,21.625,21.845,1730.0,42766.0,2.8290183816869243,36.058605585842,101.32641760386417,0.0065,0.9585,4
random_geometric,80,0.2,2.0,869,21.725,21.8655,1738.0,42716.0,3.27939352000766,36.12647843143773,98.56526226776234,0.0105,0.9755,5
random_geometric,80,0.2,2.0,900,22.5,22.452,1800.0,46658.0,3.062416402772924,38.69259535754249,102.2934118709509,0.0145,0.959,6
random_geometric,80,0.2,2.0,903,22.575,22.5745,1806.0,47504.0,2.7848385507803846,38.609618895034174,106.05996703118315,0.0085,0.9385,7
random_geometric,80,0.2,2.0,895,22.375,22.289,1790.0,45324.0,3.29705077952023,37.71465522990901,102.17763137772012,0.0175,0.976,8
random_geometric,80,0.2,2.0,1051,26.275,26.1985,2102.0,63960.0,3.8016155263582503,43.83373851129493,118.65527614379653,0.014,0.9405,9
random_geometric,80,0.2,2.0,781,19.525,19.5645,1562.0,34562.0,2.173425622126387,32.89371261541162,89.41450934636603,0.008,0.97,10
random_geometric,80,0.2,2.0,950,23.75,24.0185,1900.0,52996.0,3.686720013621848,39.837473389118934,108.32002203668672,0.009,0.9585,11
random_geometric,80,0.2,2.0,975,24.375,24.2995,1950.0,54652.0,3.390303574290212,41.88697975882347,108.17084340007231,0.024,0.973,12
random_geometric,80,0.2,2.0,912,22.8,22.668,1824.0,47028.0,3.6376758185315157,37.222966498556865,104.91058032991573,0.013,0.976,13
random_geometric,80,0.2,2.0,824,20.6,20.754,1648.0,38916.0,2.949827690042122,35.01367272908583,94.44644925869702,0.012,0.9665,14
random_geometric,80,0.2,2.0,849,21.225,21.322,1698.0,41966.0,2.153749897394558,37.59811433702671,97.99100252310636,0.0075,0.9485,15
random_geometric,80,0.2,2.0,939,23.475,23.2895,1878.0,51990.0,2.83907885949599,42.41710424850097,106.80761858073032,0.015,0.9245,16
random_geometric,80,0.2,2.0,942,23.55,23.541,1884.0,52468.0,2.690595314441671,40.5945176460616,106.54106653576117,0.02,0.95,17
random_geometric,80,0.2,2.0,915,22.875,22.8095,1830.0,47814.0,3.319916256038347,38.643143466962854,105.40991773327771,0.009,0.9695,18
random_geometric,80,0.2,2.0,902,22.55,22.594,1804.0,48076.0,2.3513433344095325,41.3117942762687,107.27918680092696,0.0085,0.9355,19
random_geometric,80,0.2,3.0,910,22.75,22.9085,1820.0,48300.0,2.845165500306492,39.68485864351721,105.05588777253018,0.011,1.0,0
random_geometric,80,0.2,3.0,846,21.15,20.873,1692.0,41980.0,2.577977252526763,37.9585145412467,97.1206535851984,0.0135,0.9995,1
random_geometric,80,0.2,3.0,915,22.875,22.965,1830.0,50176.0,2.1978072741064927,39.61025064607852,105.82675955656909,0.014,0.997,2
random_geometric,80,0.2,3.0,968,24.2,24.0445,1936.0,52828.0,3.3059250850791653,41.03487574811319,111.72397920301711,0.0115,0.999,3
random_geometric,80,0.2,3.0,890,22.25,22.186,1780.0,44548.0,2.8155986475661194,36.563244971165105,101.91224435588292,0.0105,1.0,4
random_geometric,80,0.2,3.0,838,20.95,20.8015,1676.0,39448.0,2.8638411929898746,35.64309650315472,95.78251055859683,0.0125,0.9995,5
random_geometric,80,0.2,3.0,849,21.225,21.4395,1698.0,42380.0,2.6487661790328394,36.96280520102344,97.37276278971382,0.015,0.999,6
random_geometric,80,0.2,3.0,817,20.425,20.339,1634.0,37314.0,2.4572123948206626,32.11933977151095,92.65556852963154,0.0125,1.0,7
random_geometric,80,0.2,3.0,863,21.575,21.5645,1726.0,43104.0,2.601067264293285,41.20679433540843,100.05136853546166,0.0095,0.9935,8
random_geometric,80,0.2,3.0,878,21.95,21.7465,1756.0,43534.0,2.6224247941883805,35.092634244425064,102.08451041610974,0.008,0.9955,9
random_geometric,80,0.2,3.0,892,22.3,22.276,1784.0,46028.0,2.483058885708551,39.43963672494611,102.5894057254342,0.012,1.0,10
random_geometric,80,0.2,3.0,970,24.25,24.3935,1940.0,52744.0,3.6329925353658314,38.67682182647893,111.30498308978981,0.0115,1.0,11
random_geometric,80,0.2,3.0,923,23.075,23.311,1846.0,50244.0,2.1307383057241007,41.43448753459923,107.48128720836675,0.0085,0.9935,12
random_geometric,80,0.2,3.0,892,22.3,22.512,1784.0,44828.0,3.3261786490021468,35.11496217970097,102.5491013573596,0.01,1.0,13
random_geometric,80,0.2,3.0,834,20.85,20.836,1668.0,39346.0,3.0526475012854415,34.22013003741474,97.75568263862812,0.007,1.0,14
random_geometric,80,0.2,3.0,1036,25.9,26.19,2072.0,63850.0,2.908624494193545,45.63810829914164,122.01897426879604,0.0065,0.994,15
random_geometric,80,0.2,3.0,932,23.3,23.0375,1864.0,51306.0,2.8600585766353945,41.37839146280062,110.48326923331771,0.01,0.9985,16
random_geometric,80,0.2,3.0,887,22.175,22.1975,1774.0,45374.0,1.9649148942243972,39.354698960476625,100.45157712757683,0.0175,1.0,17
random_geometric,80,0.2,3.0,824,20.6,20.325,1648.0,38918.0,3.0923517081208005,37.43021444219469,95.27939990216085,0.0075,1.0,18
random_geometric,80,0.2,3.0,1001,25.025,25.4695,2002.0,58866.0,2.5103332449661027,41.71082012289437,117.07541316648151,0.011,0.9905,19
random_geometric,80,0.3,0.5,931,23.275,22.719,1862.0,52054.0,1.7840822951220874,41.58616039705952,246.03414799392155,0.0065,0.0135,0
random_geometric,80,0.3,0.5,809,20.225,20.545,1618.0,38326.0,2.2406113844073916,36.31715260194099,210.71611178056506,0.0085,0.015,1
random_geometric,80,0.3,0.5,898,22.45,22.453,1796.0,46252.0,3.344367818475094,38.73715122215002,233.02156617256873,0.0085,0.015,2
random_geometric,80,0.3,0.5,865,21.625,21.3815,1730.0,42032.0,2.68956264492415,35.06132449489546,222.33773948284627,0.015,0.0175,3
random_geometric,80,0.3,0.5,805,20.125,20.0895,1610.0,36552.0,2.1930753425652116,36.278429606377394,210.19549849243216,0.009,0.0145,4
random_geometric,80,0.3,0.5,830,20.75,20.9285,1660.0,38464.0,2.167406680995617,33.82136478652747,212.0034689766561,0.01,0.02,5
random_geometric,80,0.3,0.5,877,21.925,21.8295,1754.0,43760.0,3.024455541257078,38.47174618120597,226.06219581781173,0.0095,0.0165,6
random_geometric,80,0.3,0.5,843,21.075,20.9855,1686.0,40518.0,2.8718785335501953,35.75761351102596,223.56509489231556,0.005,0.012,7
random_geometric,80,0.3,0.5,967,24.175,23.94,1934.0,53864.0,2.0675546528544606,39.72037843743087,249.60273606959836,0.0095,0.0195,8
random_geometric,80,0.3,0.5,918,22.95,22.927,1836.0,47800.0,3.1775224825693433,36.890242045553705,238.49599740264242,0.0075,0.0145,9
random_geometric,80,0.3,0.5,881,22.025,21.7965,1762.0,42886.0,2.552987987593535,35.851567635154915,225.18061145640982,0.0125,0.023,10
random_geometric,80,0.3,0.5,972,24.3,24.3025,1944.0,54312.0,4.045283712373132,40.54022137627335,256.2378202521937,0.008,0.0135,11
random_geometric,80,0.3,0.5,779,19.475,19.353,1558.0,33814.0,2.287490206361549,33.495933567224235,203.93270419884328,0.0055,0.013,12
random_geometric,80,0.3,0.5,855,21.375,21.4455,1710.0,40324.0,2.5522330925938386,35.69677776974591,217.14987859708404,0.018,0.0215,13
random_geometric,80,0.3,0.5,905,22.625,22.412,1810.0,46956.0,3.5145306588674896,38.63715208790271,234.28818705940546,0.0075,0.022,14
random_geometric,80,0.3,0.5,828,20.7,20.9005,1656.0,38856.0,2.8023491946061387,34.18072850255323,213.47402351860245,0.01,0.0215,15
random_geometric,80,0.3,0.5,888,22.2,21.9675,1776.0,44406.0,2.8024423872752022,37.51712122480905,228.3608038155303,0.0095,0.017,16
random_geometric,80,0.3,0.5,831,20.775,20.809,1662.0,38476.0,2.232027397316255,33.735157130400495,212.03399283704806,0.0115,0.0225,17
random_geometric,80,0.3,0.5,875,21.875,22.0485,1750.0,44020.0,2.988279845414985,39.362150293668314,229.29729492312924,0.009,0.0135,18
random_geometric,80,0.3,0.5,840,21.0,21.1955,1680.0,40132.0,2.0955644662320854,37.39449129059336,215.22815840960433,0.0135,0.0185,19
random_geometric,80,0.3,1.0,792,19.8,19.782,1584.0,35710.0,2.318279174567297,33.58228487311211,201.09407419041762,0.009,0.0955,0
random_geometric,80,0.3,1.0,861,21.525,21.722,1722.0,43730.0,2.382139568693728,38.470495642127034,226.16965627503515,0.0065,0.065,1
random_geometric,80,0.3,1.0,815,20.375,20.4085,1630.0,38528.0,2.5194124609429407,34.48166903250971,210.5983337022603,0.009,0.0695,2
random_geometric,80,0.3,1.0,931,23.275,23.1815,1862.0,48868.0,2.775311265611313,37.91535248628728,239.6573269708818,0.0135,0.0685,3
random_geometric,80,0.3,1.0,933,23.325,23.13,1866.0,50008.0,2.793884417904213,39.61414209609288,247.527208698434,0.005,0.0545,4
random_geometric,80,0.3,1.0,871,21.775,21.7885,1742.0,44278.0,2.17989835000698,39.82998736733299,228.03094003672402,0.009,0.0655,5
random_geometric,80,0.3,1.0,948,23.7,23.757,1896.0,52688.0,3.570756147041667,39.80015106693744,244.15009670508738,0.0135,0.072,6
random_geometric,80,0.3,1.0,908,22.7,22.7595,1816.0,47102.0,2.5263495622573817,38.55532729321242,236.51424580755528,0.0085,0.0585,7
random_geometric,80,0.3,1.0,815,20.375,20.2355,1630.0,36826.0,2.6623930080721037,32.162501303816846,207.44369118775413,0.0115,0.0885,8
random_geometric,80,0.3,1.0,872,21.8,21.8035,1744.0,43804.0,3.2029495333954943,37.65366889837673,228.622377521641,0.0085,0.0645,9
random_geometric,80,0.3,1.0,938,23.45,23.8705,1876.0,51004.0,3.651762829473224,39.09478315242426,246.3243535672104,0.0105,0.0595,10
random_geometric,80,0.3,1.0,820,20.5,20.3905,1640.0,38310.0,2.253623596128526,35.13546210508621,211.82233073042968,0.008,0.0665,11
random_geometric,80,0.3,1.0,853,21.325,21.4005,1706.0,41178.0,3.400568179963518,34.446920236147825,216.44208030025948,0.012,0.0915,12
random_geometric,80,0.3,1.0,930,23.25,23.217,1860.0,48764.0,3.0254194224228756,38.33063740323247,242.9161714419916,0.008,0.0565,13
random_geometric,80,0.3,1.0,860,21.5,21.4335,1720.0,41372.0,2.067910045350985,34.97601926467415,221.85594158115578,0.0095,0.0775,14
random_geometric,80,0.3,1.0,932,23.3,23.309,1864.0,47898.0,2.6366024466720686,36.461136362718634,240.30332538644106,0.014,0.076,15
random_geometric,80,0.3,1.0,865,21.625,21.705,1730.0,43196.0,2.0691640181437725,38.3303630029564,227.3110526254084,0.004,0.059,16
random_geometric,80,0.3,1.0,785,19.625,19.683,1570.0,35398.0,2.61950409250216,32.975798205712394,199.93231978142916,0.013,0.0785,17
random_geometric,80,0.3,1.0,949,23.725,23.683,1898.0,51344.0,3.959426488413273,40.70218597376418,242.3523534949898,0.011,0.076,18
random_geometric,80,0.3,1.0,964,24.1,23.788,1928.0,53062.0,3.564806923017886,39.13970115170046,248.09095711344065,0.011,0.077,19
random_geometric,80,0.3,1.5,883,22.075,22.099,1766.0,45864.0,0.8456660785345358,40.37051631394426,227.9333757812058,0.014,0.3065,0
random_geometric,80,0.3,1.5,894,22.35,22.193,1788.0,46282.0,3.0520598839231012,37.7071055205504,229.32650497515726,0.016,0.2865,1
random_geometric,80,0.3,1.5,928,23.2,23.28,1856.0,49424.0,2.6040288031055177,40.38421884423771,238.42616619929524,0.012,0.2945,2
random_geometric,80,0.3,1.5,818,20.45,20.453,1636.0,37626.0,2.1768521223523307,34.60731892185073,210.22915682941584,0.013,0.2975,3
random_geometric,80,0.3,1.5,877,21.925,22.2005,1754.0,44336.0,2.0498760674129444,37.44056733541642,226.11255438926446,0.0115,0.303,4
random_geometric,80,0.3,1.5,855,21.375,21.536,1710.0,42726.0,2.4695772843027823,35.98645459616008,218.95673057215132,0.015,0.315,5
random_geometric,80,0.3,1.5,864,21.6,21.6515,1728.0,42822.0,2.6012563686773866,37.47578609843725,221.07410814902045,0.0175,0.299,6
random_geometric,80,0.3,1.5,904,22.6,22.61,1808.0,45664.0,3.299775650254529,37.69807024238472,235.6176361638473,0.007,0.254,7
random_geometric,80,0.3,1.5,965,24.125,24.0535,1930.0,54616.0,2.8309550499218306,42.26330999298074,254.92972026492484,0.0075,0.2595,8
random_geometric,80,0.3,1.5,868,21.7,21.8485,1736.0,43540.0,3.299448199085489,36.75614512884614,221.71692385537594,0.01,0.3325,9
random_geometric,80,0.3,1.5,850,21.25,21.3005,1700.0,41180.0,2.523404120014567,35.80837298506352,219.85760374993683,0.0085,0.2665,10
random_geometric,80,0.3,1.5,889,22.225,22.0275,1778.0,45692.0,3.2171679896302745,37.2945619536888,227.20674963660656,0.0125,0.282,11
random_geometric,80,0.3,1.5,896,22.4,22.428,1792.0,46274.0,2.5776331936967107,37.03294187587708,233.26568344065518,0.013,0.277,12
random_geometric,80,0.3,1.5,866,21.65,21.8025,1732.0,43298.0,1.9387161686624297,37.620163060064826,222.5802936864136,0.0105,0.307,13
random_geometric,80,0.3,1.5,881,22.025,22.0805,1762.0,43330.0,2.9013606128821627,35.13766073598335,225.51185352163446,0.0105,0.3045,14
random_geometric,80,0.3,1.5,1060,26.5,26.595,2120.0,66860.0,2.5363576883530072,46.48529429826711,279.21058589473984,0.0075,0.2625,15
random_geometric,80,0.3,1.5,847,21.175,21.143,1694.0,39800.0,2.3615363353510475,33.62836189995703,215.28793721294218,0.0145,0.299,16
random_geometric,80,0.3,1.5,897,22.425,22.35,1794.0,45544.0,3.5776475625092705,36.212514819735986,231.41237630011724,0.0145,0.286,17
random_geometric,80,0.3,1.5,847,21.175,21.264,1694.0,41510.0,2.621308004135904,37.717856423073854,224.51198830461811,0.009,0.2425,18
random_geometric,80,0.3,1.5,871,21.775,22.1555,1742.0,42828.0,2.3384535064492447,38.65521807784636,224.42731620782797,0.006,0.2885,19
random_geometric,80,0.3,2.0,1013,25.325,25.279,2026.0,57804.0,3.8702394233364963,43.45202597465168,263.4719013267042,0.0095,0.615,0
random_geometric,80,0.3,2.0,1031,25.775,25.508,2062.0,61800.0,4.0128812074343,44.41129541684787,266.46494830046475,0.009,0.613,1
random_geometric,80,0.3,2.0,937,23.425,23.53,1874.0,49038.0,4.015296263844824,38.79949796395055,239.62796829254236,0.015,0.663,2
random_geometric,80,0.3,2.0,808,20.2,20.2305,1616.0,36312.0,2.481108598954199,32.83063239845095,211.251570083864,0.0075,0.611,3
random_geometric,80,0.3,2.0,821,20.525,20.537,1642.0,39350.0,2.8508080050240805,36.95840034642452,209.17377188003977,0.012,0.637,4
random_geometric,80,0.3,2.0,892,22.3,22.328,1784.0,45210.0,3.1485277326404715,36.19129068108702,232.26209963107564,0.0065,0.6085,5
random_geometric,80,0.3,2.0,901,22.525,22.822,1802.0,47008.0,3.005480240541322,42.28212961992436,227.89953350516834,0.0195,0.669,6
random_geometric,80,0.3,2.0,885,22.125,22.2605,1770.0,44564.0,3.600337997001672,36.659081592012676,233.26175447307293,0.0065,0.5915,7
random_geometric,80,0.3,2.0,851,21.275,21.332,1702.0,40646.0,2.77772742021846,36.43163167194449,215.81386710054252,0.013,0.6775,8
random_geometric,80,0.3,2.0,848,21.2,21.0425,1696.0,41296.0,1.6908398229317076,36.229593447732135,223.5419585070497,0.004,0.5985,9
random_geometric,80,0.3,2.0,1003,25.075,24.8345,2006.0,58712.0,2.64714965087639,43.49793861887393,262.3510822035129,0.006,0.5865,10
random_geometric,80,0.3,2.0,923,23.075,23.229,1846.0,51640.0,2.735139996733746,40.52941308166724,240.03333632613263,0.009,0.585,11
random_geometric,80,0.3,2.0,934,23.35,23.203,1868.0,49976.0,2.514529842209997,37.91993813245026,239.41662551584014,0.0115,0.6445,12
random_geometric,80,0.3,2.0,896,22.4,22.24,1792.0,46338.0,2.7714255453315224,41.44072498696207,229.0893050979824,0.01,0.6345,13
random_geometric,80,0.3,2.0,893,22.325,22.2095,1786.0,44886.0,2.722413919093424,34.48652125121838,232.47769618704666,0.0075,0.602,14
random_geometric,80,0.3,2.0,849,21.225,21.494,1698.0,41630.0,2.6126444600562087,36.61587197107704,221.6709528117109,0.01,0.621,15
random_geometric,80,0.3,2.0,963,24.075,24.1165,1926.0,54774.0,3.326045087350445,40.71377041323117,253.6289317944309,0.012,0.576,16
random_geometric,80,0.3,2.0,1023,25.575,25.6465,2046.0,61390.0,3.021724224838594,43.50270327017829,269.7410496949712,0.003,0.5585,17
random_geometric,80,0.3,2.0,946,23.65,23.444,1892.0,52110.0,0.9481875584338457,39.622331354757,241.0805156579228,0.0195,0.655,18
random_geometric,80,0.3,2.0,940,23.5,23.626,1880.0,50486.0,3.5638088944864967,40.68450572984403,241.4459321429663,0.0095,0.648,19
random_geometric,80,0.3,3.0,931,23.275,23.5755,1862.0,49982.0,3.648723925949616,39.05336343471438,241.784758612031,0.0095,0.9575,0
random_geometric,80,0.3,3.0,830,20.75,20.899,1660.0,39360.0,2.7430924367979332,35.208356128831575,213.2621905250839,0.0115,0.973,1
random_geometric,80,0.3,3.0,1001,25.025,25.2505,2002.0,60464.0,2.553060870598501,42.81597938551184,260.70421364498236,0.0085,0.924,2
random_geometric,80,0.3,3.0,824,20.6,20.3975,1648.0,38762.0,2.522090879898472,34.83214940270585,210.96678435349392,0.0115,0.973,3
random_geometric,80,0.3,3.0,951,23.775,23.7665,1902.0,52724.0,2.1962258115772118,40.55625855047334,246.54693708773863,0.009,0.9615,4
random_geometric,80,0.3,3.0,805,20.125,20.172,1610.0,37192.0,2.594100529748572,35.43426240325817,204.7070928678637,0.016,0.9775,5
random_geometric,80,0.3,3.0,887,22.175,22.1285,1774.0,45584.0,2.574474400862404,36.97739666646609,234.9555227696253,0.0065,0.926,6
random_geometric,80,0.3,3.0,956,23.9,23.892,1912.0,53802.0,2.649322141477141,41.74433631884678,253.2945634764093,0.0075,0.9115,7
random_geometric,80,0.3,3.0,863,21.575,21.655,1726.0,42778.0,2.138492320025913,37.24219301854255,219.29556145378507,0.014,0.956,8
random_geometric,80,0.3,3.0,876,21.9,21.8795,1752.0,43754.0,3.322933433805966,37.588192528985914,222.71033343651266,0.011,0.9715,9
random_geometric,80,0.3,3.0,904,22.6,22.415,1808.0,45988.0,3.382232690039322,36.870290935796184,230.0284489176437,0.017,0.971,10
random_geometric,80,0.3,3.0,815,20.375,20.297,1630.0,38138.0,2.4814279995962067,35.66705843707758,210.9208071074156,0.014,0.958,11
random_geometric,80,0.3,3.0,920,23.0,23.3305,1840.0,47576.0,2.8306516725069546,38.05020580796517,240.56903834302025,0.008,0.966,12
random_geometric,80,0.3,3.0,771,19.275,19.312,1542.0,34282.0,2.4549739630955236,33.48167156554511,200.65519285368936,0.0095,0.97,13
random_geometric,80,0.3,3.0,915,22.875,22.7875,1830.0,47186.0,3.1427114207287095,39.51967894569984,230.20443350434527,0.0145,0.973,14
random_geometric,80,0.3,3.0,894,22.35,22.441,1788.0,46446.0,2.794993730240245,39.473013559501815,237.22655575414944,0.0105,0.945,15
random_geometric,80,0.3,3.0,907,22.675,22.523,1814.0,47574.0,2.66303859961835,41.31989057407064,237.04927560871306,0.0095,0.94,16
random_geometric,80,0.3,3.0,794,19.85,19.6795,1588.0,34966.0,2.741604784132371,32.70421128881678,206.14441279424923,0.006,0.987,17
random_geometric,80,0.3,3.0,825,20.625,20.684,1650.0,38512.0,2.594046957839759,34.61660328779807,215.33761327324444,0.009,0.9735,18
random_geometric,80,0.3,3.0,988,24.7,24.516,1976.0,57296.0,3.056999586373446,44.27762773824939,261.1953379332662,0.0085,0.915,19
