graph_type,n,sigma,amplitude,repetition,edges,mean_degree,degree_std,degree_cv,trace_L,trace_L2,lambda2,lambda_max,tau_empirical,tau_spectral,tau_relative_error,pfa_empirical,pfa_spectral_at_emp_tau,pfa_spectral_at_spec_tau,pd_mc_emp_tau,pd_spectral_emp_tau,pd_error_emp_tau,pd_mc_spec_tau,pd_spectral_spec_tau,pd_error_spec_tau
star,15,0.15,1.0,0,14,1.8666666666666667,3.2427697352040816,1.737198072430758,28.0,238.0,0.999999999999998,15.000000000000002,2.6511506997580296,2.543638043315023,-0.04055320448317749,0.01,0.008364688867494863,0.010000000007983678,0.1288,0.13141893894126577,-0.002618938941265775,0.1413,0.14329134544859545,-0.001991345448595444
star,15,0.15,1.0,1,14,1.8666666666666667,3.2427697352040816,1.737198072430758,28.0,238.0,0.999999999999998,15.000000000000002,2.621252462699206,2.543638043315023,-0.029609669609717944,0.01,0.00878985751959338,0.010000000007983678,0.1405,0.1345056002983916,0.005994399701608422,0.1494,0.14329134544859545,0.006108654551404552
star,15,0.15,1.0,2,14,1.8666666666666667,3.2427697352040816,1.737198072430758,28.0,238.0,0.999999999999998,15.000000000000002,2.4478936211247575,2.543638043315023,0.03911298324568249,0.01,0.011731628963467355,0.010000000007983678,0.1558,0.15589290719970134,-9.290719970134198e-05,0.1433,0.14329134544859545,8.654551404557731e-06
star,15,0.15,1.0,3,14,1.8666666666666667,3.2427697352040816,1.737198072430758,28.0,238.0,0.999999999999998,15.000000000000002,2.5058541166850503,2.543638043315023,0.015078262688315055,0.01,0.010649674444730028,0.010000000007983678,0.1442,0.14801317845581258,-0.0038131784558125825,0.1405,0.14329134544859545,-0.002791345448595439
star,15,0.15,1.0,4,14,1.8666666666666667,3.2427697352040816,1.737198072430758,28.0,238.0,0.999999999999998,15.000000000000002,2.6295197767183285,2.543638043315023,-0.03266061512968984,0.01,0.008670115176371063,0.010000000007983678,0.1345,0.1336364478189056,0.0008635521810944069,0.1431,0.14329134544859545,-0.000191345448595448
star,15,0.15,1.5,0,14,1.8666666666666667,3.2427697352040816,1.737198072430758,28.0,238.0,0.999999999999998,15.000000000000002,2.5723067874437997,2.543638043315023,-0.011145149664385774,0.01,0.009534279312860161,0.010000000007983678,0.6329,0.6317114155239368,0.0011885844760631814,0.6511,0.6490264806786924,0.0020735193213076153
star,15,0.15,1.5,1,14,1.8666666666666667,3.2427697352040816,1.737198072430758,28.0,238.0,0.999999999999998,15.000000000000002,2.5096357388468675,2.543638043315023,0.013548701089098735,0.01,0.010582742495868602,0.010000000007983678,0.679,0.6695276118223465,0.009472388177653501,0.6584,0.6490264806786924,0.009373519321307588
star,15,0.15,1.5,2,14,1.8666666666666667,3.2427697352040816,1.737198072430758,28.0,238.0,0.999999999999998,15.000000000000002,2.530240427805976,2.543638043315023,0.00529499701364922,0.01,0.010225587432318495,0.010000000007983678,0.6621,0.6571129186616989,0.004987081338301169,0.6535,0.6490264806786924,0.004473519321307573
star,15,0.15,1.5,3,14,1.8666666666666667,3.2427697352040816,1.737198072430758,28.0,238.0,0.999999999999998,15.000000000000002,2.58747768749313,2.543638043315023,-0.016943003756133064,0.01,0.009296865642726582,0.010000000007983678,0.6232,0.6225551992526135,0.000644800747386487,0.6498,0.6490264806786924,0.0007735193213076474
star,15,0.15,1.5,4,14,1.8666666666666667,3.2427697352040816,1.737198072430758,28.0,238.0,0.999999999999998,15.000000000000002,2.459644793049179,2.543638043315023,0.034148528479886336,0.01,0.011503494180365337,0.010000000007983678,0.7022,0.6994340745366295,0.002765925463370511,0.6538,0.6490264806786924,0.004773519321307651
star,15,0.15,2.0,0,14,1.8666666666666667,3.2427697352040816,1.737198072430758,28.0,238.0,0.999999999999998,15.000000000000002,2.548805925268204,2.543638043315023,-0.0020275698129652814,0.01,0.009914350374356395,0.010000000007983678,0.9996,0.9990974559327228,0.000502544067277233,0.9996,0.9991288210525332,0.00047117894746684374
star,15,0.15,2.0,1,14,1.8666666666666667,3.2427697352040816,1.737198072430758,28.0,238.0,0.999999999999998,15.000000000000002,2.563956736404487,2.543638043315023,-0.007924741007119008,0.01,0.009667577466483612,0.010000000007983678,0.9995,0.9989996854393081,0.0005003145606919945,0.9997,0.9991288210525332,0.0005711789474668327
star,15,0.15,2.0,2,14,1.8666666666666667,3.2427697352040816,1.737198072430758,28.0,238.0,0.999999999999998,15.000000000000002,2.4285470747178937,2.543638043315023,0.047390874072514654,0.01,0.012117381441593023,0.010000000007983678,0.9999,0.9996189136159115,0.0002810863840885247,0.9992,0.9991288210525332,7.117894746677678e-05
star,15,0.15,2.0,3,14,1.8666666666666667,3.2427697352040816,1.737198072430758,28.0,238.0,0.999999999999998,15.000000000000002,2.5699577684144113,2.543638043315023,-0.010241306461477992,0.01,0.009571587754083677,0.010000000007983678,0.9987,0.9989584527776841,-0.0002584527776841039,0.9989,0.9991288210525332,-0.00022882105253319018
star,15,0.15,2.0,4,14,1.8666666666666667,3.2427697352040816,1.737198072430758,28.0,238.0,0.999999999999998,15.000000000000002,2.5294717044726447,2.543638043315023,0.005600512872837991,0.01,0.01023868749861001,0.010000000007983678,0.9994,0.9992099203433388,0.00019007965666117954,0.9992,0.9991288210525332,7.117894746677678e-05
star,15,0.15,3.0,0,14,1.8666666666666667,3.2427697352040816,1.737198072430758,28.0,238.0,0.999999999999998,15.000000000000002,2.6344347392848158,2.543638043315023,-0.03446534264668922,0.01,0.008599724940384856,0.010000000007983678,1.0,0.9999999999999987,1.3322676295501878e-15,1.0,0.9999999999999996,4.440892098500626e-16
star,15,0.15,3.0,1,14,1.8666666666666667,3.2427697352040816,1.737198072430758,28.0,238.0,0.999999999999998,15.000000000000002,2.4814734031346677,2.543638043315023,0.02505150371623059,0.01,0.011091731811071648,0.010000000007983678,1.0,0.9999999999999998,2.220446049250313e-16,1.0,0.9999999999999996,4.440892098500626e-16
star,15,0.15,3.0,2,14,1.8666666666666667,3.2427697352040816,1.737198072430758,28.0,238.0,0.999999999999998,15.000000000000002,2.564891141561225,2.543638043315023,-0.008286159947227026,0.01,0.009652566648909233,0.010000000007983678,1.0,0.9999999999999996,4.440892098500626e-16,1.0,0.9999999999999996,4.440892098500626e-16
star,15,0.15,3.0,3,14,1.8666666666666667,3.2427697352040816,1.737198072430758,28.0,238.0,0.999999999999998,15.000000000000002,2.574117003245608,2.543638043315023,-0.011840549552392148,0.01,0.009505629374338631,0.010000000007983678,1.0,0.9999999999999996,4.440892098500626e-16,1.0,0.9999999999999996,4.440892098500626e-16
star,15,0.15,3.0,4,14,1.8666666666666667,3.2427697352040816,1.737198072430758,28.0,238.0,0.999999999999998,15.000000000000002,2.6447931931622977,2.543638043315023,-0.038246903428515854,0.01,0.008453294912616371,0.010000000007983678,1.0,0.9999999999999987,1.3322676295501878e-15,1.0,0.9999999999999996,4.440892098500626e-16
star,15,0.25,1.0,0,14,1.8666666666666667,3.2427697352040816,1.737198072430758,28.0,238.0,0.999999999999998,15.000000000000002,6.91359570489474,7.06566112011741,0.02199512695181315,0.01,0.010955225882977593,0.01000000000724871,0.0829,0.08359926314375905,-0.0006992631437590519,0.0803,0.08128330293877636,-0.0009833029387763675
star,15,0.25,1.0,1,14,1.8666666666666667,3.2427697352040816,1.737198072430758,28.0,238.0,0.999999999999998,15.000000000000002,6.930184088355054,7.06566112011741,0.01954883593785067,0.01,0.0108466226626589,0.01000000000724871,0.0919,0.0833383696823775,0.008561630317622498,0.0898,0.08128330293877636,0.008516697061223641
star,15,0.25,1.0,2,14,1.8666666666666667,3.2427697352040816,1.737198072430758,28.0,238.0,0.999999999999998,15.000000000000002,7.139598060539015,7.06566112011741,-0.0103558967598273,0.01,0.009566849133057498,0.01000000000724871,0.0784,0.08021582668703778,-0.0018158266870377804,0.0791,0.08128330293877636,-0.0021833029387763603
star,15,0.25,1.0,3,14,1.8666666666666667,3.2427697352040816,1.737198072430758,28.0,238.0,0.999999999999998,15.000000000000002,7.324907278295986,7.06566112011741,-0.0353924149929834,0.01,0.008563696524723108,0.01000000000724871,0.0745,0.07769414747796727,-0.0031941474779672713,0.0793,0.08128330293877636,-0.0019833029387763684
star,15,0.25,1.0,4,14,1.8666666666666667,3.2427697352040816,1.737198072430758,28.0,238.0,0.999999999999998,15.000000000000002,6.9481306634891595,7.06566112011741,0.016915406793635294,0.01,0.010730367611675062,0.01000000000724871,0.0822,0.08305845039580223,-0.0008584503958022349,0.0811,0.08128330293877636,-0.0001833029387763585
star,15,0.25,1.5,0,14,1.8666666666666667,3.2427697352040816,1.737198072430758,28.0,238.0,0.999999999999998,15.000000000000002,7.052525400398027,7.06566112011741,0.001862555463981956,0.01,0.010079033478877675,0.01000000000724871,0.1228,0.12026961300047469,0.002530386999525319,0.1227,0.11987242910867527,0.0028275708913247377
star,15,0.25,1.5,1,14,1.8666666666666667,3.2427697352040816,1.737198072430758,28.0,238.0,0.999999999999998,15.000000000000002,7.038746615808823,7.06566112011741,0.003823763771825135,0.01,0.010162628572965238,0.01000000000724871,0.1176,0.12068963667914963,-0.003089636679149632,0.1168,0.11987242910867527,-0.0030724291086752648
star,15,0.25,1.5,2,14,1.8666666666666667,3.2427697352040816,1.737198072430758,28.0,238.0,0.999999999999998,15.000000000000002,7.40354531323622,7.06566112011741,-0.045638161019253005,0.01,0.008171191495798091,0.01000000000724871,0.1107,0.11065787977665488,4.212022334512677e-05,0.1195,0.11987242910867527,-0.0003724291086752707
star,15,0.25,1.5,3,14,1.8666666666666667,3.2427697352040816,1.737198072430758,28.0,238.0,0.999999999999998,15.000000000000002,7.1092589610090835,7.06566112011741,-0.006132543649174581,0.01,0.009742207440944228,0.01000000000724871,0.1219,0.11857645259951123,0.0033235474004887633,0.1227,0.11987242910867527,0.0028275708913247377
star,15,0.25,1.5,4,14,1.8666666666666667,3.2427697352040816,1.737198072430758,28.0,238.0,0.999999999999998,15.000000000000002,7.076586371659143,7.06566112011741,-0.0015438589975369766,0.01,0.009934748758594347,0.01000000000724871,0.1202,0.1195444692683805,0.0006555307316195025,0.1204,0.11987242910867527,0.0005275708913247273
star,15,0.25,2.0,0,14,1.8666666666666667,3.2427697352040816,1.737198072430758,28.0,238.0,0.999999999999998,15.000000000000002,6.968844291128135,7.06566112011741,0.013892809904295056,0.01,0.010597779168771582,0.01000000000724871,0.2531,0.25077106995762777,0.0023289300423722237,0.2433,0.24058223464945883,0.0027177653505411625
star,15,0.25,2.0,1,14,1.8666666666666667,3.2427697352040816,1.737198072430758,28.0,238.0,0.999999999999998,15.000000000000002,7.179800111525559,7.06566112011741,-0.015897238033817186,0.01,0.00933944771880646,0.01000000000724871,0.2287,0.22935222528637925,-0.0006522252863792599,0.2389,0.24058223464945883,-0.0016822346494588247
star,15,0.25,2.0,2,14,1.8666666666666667,3.2427697352040816,1.737198072430758,28.0,238.0,0.999999999999998,15.000000000000002,6.974837402197787,7.06566112011741,0.013021625119318763,0.01,0.010559732811722844,0.01000000000724871,0.2487,0.2501219547055825,-0.0014219547055825121,0.2392,0.24058223464945883,-0.00138223464945883
star,15,0.25,2.0,3,14,1.8666666666666667,3.2427697352040816,1.737198072430758,28.0,238.0,0.999999999999998,15.000000000000002,7.114474048093215,7.06566112011741,-0.006861073305747454,0.01,0.00971183121311664,0.01000000000724871,0.2338,0.23567910301752568,-0.0018791030175256684,0.2382,0.24058223464945883,-0.002382234649458831
star,15,0.25,2.0,4,14,1.8666666666666667,3.2427697352040816,1.737198072430758,28.0,238.0,0.999999999999998,15.000000000000002,7.285110641617806,7.06566112011741,-0.030123018344669017,0.01,0.008769643802825355,0.01000000000724871,0.2158,0.2196936464362413,-0.0038936464362413215,0.2384,0.24058223464945883,-0.002182234649458825
star,15,0.25,3.0,0,14,1.8666666666666667,3.2427697352040816,1.737198072430758,28.0,238.0,0.999999999999998,15.000000000000002,7.2105382257676265,7.06566112011741,-0.020092412121536635,0.01,0.009169310577238687,0.01000000000724871,0.9678,0.9689254886467444,-0.0011254886467444436,0.9748,0.9753260944617524,-0.0005260944617524466
star,15,0.25,3.0,1,14,1.8666666666666667,3.2427697352040816,1.737198072430758,28.0,238.0,0.999999999999998,15.000000000000002,7.1304638542845735,7.06566112011741,-0.009088151274790476,0.01,0.009619300602542624,0.01000000000724871,0.974,0.9726022766926735,0.0013977233073264594,0.9769,0.9753260944617524,0.0015739055382475442
star,15,0.25,3.0,2,14,1.8666666666666667,3.2427697352040816,1.737198072430758,28.0,238.0,0.999999999999998,15.000000000000002,7.345064314018166,7.06566112011741,-0.03803958440057645,0.01,0.008461280112903036,0.01000000000724871,0.9575,0.9619250157836202,-0.004425015783620201,0.9719,0.9753260944617524,-0.0034260944617524602
star,15,0.25,3.0,3,14,1.8666666666666667,3.2427697352040816,1.737198072430758,28.0,238.0,0.999999999999998,15.000000000000002,7.11676532439192,7.06566112011741,-0.007180819086355964,0.01,0.009698516026724335,0.01000000000724871,0.9734,0.9731964183537402,0.00020358164625988717,0.9756,0.9753260944617524,0.00027390553824757635
star,15,0.25,3.0,4,14,1.8666666666666667,3.2427697352040816,1.737198072430758,28.0,238.0,0.999999999999998,15.000000000000002,7.434288131639135,7.06566112011741,-0.0495847087164819,0.01,0.008022786582106978,0.01000000000724871,0.9527,0.9566775022971752,-0.003977502297175195,0.9714,0.9753260944617524,-0.003926094461752405
star,15,0.35,1.0,0,14,1.8666666666666667,3.2427697352040816,1.737198072430758,28.0,238.0,0.999999999999998,15.000000000000002,13.726715985355739,13.848693640674998,0.008886149859106185,0.01,0.010380168450428717,0.010000000007694854,0.0516,0.053329873650657784,-0.0017298736506577844,0.0509,0.05245814144797345,-0.001558141447973449
star,15,0.35,1.0,1,14,1.8666666666666667,3.2427697352040816,1.737198072430758,28.0,238.0,0.999999999999998,15.000000000000002,14.234232147501977,13.848693640674998,-0.027085304133854435,0.01,0.008889636582833371,0.010000000007694854,0.0503,0.04983512775497719,0.0004648722450228057,0.053,0.05245814144797345,0.0005418585520265487
star,15,0.35,1.0,2,14,1.8666666666666667,3.2427697352040816,1.737198072430758,28.0,238.0,0.999999999999998,15.000000000000002,13.132299088015218,13.848693640674998,0.05455210453694094,0.01,0.012456506942291445,0.010000000007694854,0.0572,0.05789899704922766,-0.0006989970492276565,0.0517,0.05245814144797345,-0.0007581414479734469
star,15,0.35,1.0,3,14,1.8666666666666667,3.2427697352040816,1.737198072430758,28.0,238.0,0.999999999999998,15.000000000000002,13.424137409397888,13.848693640674998,0.03162633235412873,0.01,0.011388525650445014,0.010000000007694854,0.0555,0.05558632759281698,-8.632759281698016e-05,0.0522,0.05245814144797345,-0.00025814144797344646
star,15,0.35,1.0,4,14,1.8666666666666667,3.2427697352040816,1.737198072430758,28.0,238.0,0.999999999999998,15.000000000000002,13.854888801924895,13.848693640674998,-0.00044714622675544183,0.01,0.009981104473893498,0.010000000007694854,0.0486,0.052414423505657705,-0.0038144235056577075,0.0487,0.05245814144797345,-0.0037581414479734496
star,15,0.35,1.5,0,14,1.8666666666666667,3.2427697352040816,1.737198072430758,28.0,238.0,0.999999999999998,15.000000000000002,13.564967561250624,13.848693640674998,0.02091608978372051,0.01,0.010907244719982001,0.010000000007694854,0.0854,0.0888468931865889,-0.0034468931865888897,0.0828,0.08654330953449185,-0.0037433095344918538
star,15,0.35,1.5,1,14,1.8666666666666667,3.2427697352040816,1.737198072430758,28.0,238.0,0.999999999999998,15.000000000000002,13.956274304889412,13.848693640674998,-0.007708408552612363,0.01,0.009676582951737844,0.010000000007694854,0.0873,0.08571332729850051,0.0015866727014994947,0.0885,0.08654330953449185,0.001956690465508143
star,15,0.35,1.5,2,14,1.8666666666666667,3.2427697352040816,1.737198072430758,28.0,238.0,0.999999999999998,15.000000000000002,14.09437905402884,13.848693640674998,-0.017431446423573606,0.01,0.009277032234081606,0.010000000007694854,0.0855,0.08468084522496837,0.0008191547750316386,0.0876,0.08654330953449185,0.001056690465508145
star,15,0.35,1.5,3,14,1.8666666666666667,3.2427697352040816,1.737198072430758,28.0,238.0,0.999999999999998,15.000000000000002,14.011297519803152,13.848693640674998,-0.011605197798300593,0.01,0.00951531830109359,0.010000000007694854,0.0872,0.08529760573900885,0.001902394260991147,0.0884,0.08654330953449185,0.001856690465508154
star,15,0.35,1.5,4,14,1.8666666666666667,3.2427697352040816,1.737198072430758,28.0,238.0,0.999999999999998,15.000000000000002,13.630512897650487,13.848693640674998,0.016006788934708367,0.01,0.010690422862888627,0.010000000007694854,0.0899,0.08829941034737887,0.0016005896526211233,0.0875,0.08654330953449185,0.0009566904655081421
star,15,0.35,2.0,0,14,1.8666666666666667,3.2427697352040816,1.737198072430758,28.0,238.0,0.999999999999998,15.000000000000002,14.125293880455146,13.848693640674998,-0.019581910445266807,0.01,0.009189932665427447,0.010000000007694854,0.1048,0.10899117308099561,-0.0041911730809956055,0.1088,0.11251873597487679,-0.003718735974876791
star,15,0.35,2.0,1,14,1.8666666666666667,3.2427697352040816,1.737198072430758,28.0,238.0,0.999999999999998,15.000000000000002,13.408980635537645,13.848693640674998,0.03279242599336652,0.01,0.011441600154242282,0.010000000007694854,0.1174,0.1187762280072449,-0.0013762280072448924,0.1119,0.11251873597487679,-0.0006187359748767857
star,15,0.35,2.0,2,14,1.8666666666666667,3.2427697352040816,1.737198072430758,28.0,238.0,0.999999999999998,15.000000000000002,14.26519260014892,13.848693640674998,-0.029196868990718952,0.01,0.00880613592308449,0.010000000007694854,0.11,0.10731603798444032,0.0026839620155596766,0.1147,0.11251873597487679,0.0021812640251232113
star,15,0.35,2.0,3,14,1.8666666666666667,3.2427697352040816,1.737198072430758,28.0,238.0,0.999999999999998,15.000000000000002,13.309244920538898,13.848693640674998,0.04053188015975422,0.01,0.01179727963294186,0.010000000007694854,0.1156,0.1203173404876818,-0.004717340487681812,0.1071,0.11251873597487679,-0.005418735974876784
star,15,0.35,2.0,4,14,1.8666666666666667,3.2427697352040816,1.737198072430758,28.0,238.0,0.999999999999998,15.000000000000002,14.089425685100203,13.848693640674998,-0.01708600831613615,0.01,0.009291066192201491,0.010000000007694854,0.1107,0.10943213602091748,0.0012678639790825313,0.1155,0.11251873597487679,0.0029812640251232203
star,15,0.35,3.0,0,14,1.8666666666666667,3.2427697352040816,1.737198072430758,28.0,238.0,0.999999999999998,15.000000000000002,13.657287892191567,13.848693640674998,0.014014916431018916,0.01,0.010603130803727046,0.010000000007694854,0.3413,0.33527949066472806,0.0060205093352719286,0.3278,0.32065491449992944,0.007145085500070536
star,15,0.35,3.0,1,14,1.8666666666666667,3.2427697352040816,1.737198072430758,28.0,238.0,0.999999999999998,15.000000000000002,13.518837553424177,13.848693640674998,0.024399737473527975,0.01,0.011062553523063123,0.010000000007694854,0.346,0.34634945127253924,-0.00034945127253926955,0.3209,0.32065491449992944,0.0002450855000705743
star,15,0.35,3.0,2,14,1.8666666666666667,3.2427697352040816,1.737198072430758,28.0,238.0,0.999999999999998,15.000000000000002,14.331320611476054,13.848693640674998,-0.033676378045341016,0.01,0.008630468493651788,0.010000000007694854,0.2894,0.28714650103549605,0.0022534989645039416,0.3257,0.32065491449992944,0.005045085500070545
star,15,0.35,3.0,3,14,1.8666666666666667,3.2427697352040816,1.737198072430758,28.0,238.0,0.999999999999998,15.000000000000002,13.83364015610891,13.848693640674998,0.0010881795677937292,0.01,0.01004613259199122,0.010000000007694854,0.3158,0.32177689420671646,-0.005976894206716432,0.3146,0.32065491449992944,-0.0060549144999294535
star,15,0.35,3.0,4,14,1.8666666666666667,3.2427697352040816,1.737198072430758,28.0,238.0,0.999999999999998,15.000000000000002,13.776714587504886,13.848693640674998,0.005224689290971858,0.01,0.01022257594375825,0.010000000007694854,0.3272,0.3260630101168489,0.001136989883151085,0.3226,0.32065491449992944,0.0019450855000705536
star,30,0.15,1.0,0,29,1.9333333333333333,5.026153819992203,2.5997347344787256,58.0,928.0,0.9999999999999982,30.0,4.941917381324888,5.120970975499109,0.03623160412410978,0.01,0.011609660210632922,0.010000000000132847,0.0634,0.06339736757966098,2.632420339016006e-06,0.0592,0.05927712782160347,-7.712782160346904e-05
star,30,0.15,1.0,1,29,1.9333333333333333,5.026153819992203,2.5997347344787256,58.0,928.0,0.9999999999999982,30.0,5.171746832275104,5.120970975499109,-0.009817931624015327,0.01,0.009586581851812326,0.010000000000132847,0.0591,0.05821907978813838,0.0008809202118616188,0.06,0.05927712782160347,0.0007228721783965261
star,30,0.15,1.0,2,29,1.9333333333333333,5.026153819992203,2.5997347344787256,58.0,928.0,0.9999999999999982,30.0,4.960520814552285,5.120970975499109,0.03234542640686518,0.01,0.011430707322308609,0.010000000000132847,0.0648,0.0629391913994386,0.0018608086005613977,0.0614,0.05927712782160347,0.0021228721783965315
star,30,0.15,1.0,3,29,1.9333333333333333,5.026153819992203,2.5997347344787256,58.0,928.0,0.9999999999999982,30.0,4.975847484289004,5.120970975499109,0.029165582680804592,0.01,0.011285400966635994,0.010000000000132847,0.0621,0.06256719288187457,-0.00046719288187456465,0.0585,0.05927712782160347,-0.0007771278216034683
star,30,0.15,1.0,4,29,1.9333333333333333,5.026153819992203,2.5997347344787256,58.0,928.0,0.9999999999999982,30.0,5.088276856589643,5.120970975499109,0.006425381289370023,0.01,0.010275837040835845,0.010000000000132847,0.0649,0.059983063896862324,0.004916936103137676,0.0644,0.05927712782160347,0.005122872178396527
star,30,0.15,1.5,0,29,1.9333333333333333,5.026153819992203,2.5997347344787256,58.0,928.0,0.9999999999999982,30.0,5.301075728079978,5.120970975499109,-0.033975132938933096,0.01,0.008610830641252287,0.010000000000132847,0.1121,0.10519029907947276,0.0069097009205272425,0.1224,0.11684570277120253,0.005554297228797467
star,30,0.15,1.5,1,29,1.9333333333333333,5.026153819992203,2.5997347344787256,58.0,928.0,0.9999999999999982,30.0,5.1389537130866225,5.120970975499109,-0.0034992993888463453,0.01,0.009851533068430285,0.010000000000132847,0.1188,0.11559382160177592,0.0032061783982240827,0.1201,0.11684570277120253,0.0032542972287974703
star,30,0.15,1.5,2,29,1.9333333333333333,5.026153819992203,2.5997347344787256,58.0,928.0,0.9999999999999982,30.0,5.140071759873477,5.120970975499109,-0.0037160540293387236,0.01,0.009842377415149817,0.010000000000132847,0.111,0.11551667118031123,-0.004516671180311224,0.1122,0.11684570277120253,-0.004645702771202534
star,30,0.15,1.5,3,29,1.9333333333333333,5.026153819992203,2.5997347344787256,58.0,928.0,0.9999999999999982,30.0,5.154608260602479,5.120970975499109,-0.006525672447403086,0.01,0.00972412940648476,0.010000000000132847,0.1118,0.11452077732430518,-0.0027207773243051875,0.1136,0.11684570277120253,-0.0032457027712025216
star,30,0.15,1.5,4,29,1.9333333333333333,5.026153819992203,2.5997347344787256,58.0,928.0,0.9999999999999982,30.0,5.206534787744635,5.120970975499109,-0.016433926927162806,0.01,0.009313475931844561,0.010000000000132847,0.1143,0.11106977207207805,0.00323022792792195,0.1197,0.11684570277120253,0.0028542972287974727
star,30,0.15,2.0,0,29,1.9333333333333333,5.026153819992203,2.5997347344787256,58.0,928.0,0.9999999999999982,30.0,5.04621150647918,5.120970975499109,0.014814969393165558,0.01,0.01064224999598068,0.010000000000132847,0.5076,0.5148373741784275,-0.007237374178427403,0.4789,0.4848309308566175,-0.0059309308566175
star,30,0.15,2.0,1,29,1.9333333333333333,5.026153819992203,2.5997347344787256,58.0,928.0,0.9999999999999982,30.0,4.875668639478583,5.120970975499109,0.05031152733274324,0.01,0.012270638025769609,0.010000000000132847,0.5814,0.5867319737457817,-0.0053319737457816485,0.4762,0.4848309308566175,-0.00863093085661748
star,30,0.15,2.0,2,29,1.9333333333333333,5.026153819992203,2.5997347344787256,58.0,928.0,0.9999999999999982,30.0,5.38705341106227,5.120970975499109,-0.04939294550463587,0.01,0.008018969791231567,0.010000000000132847,0.3913,0.38847107158538385,0.0028289284146161275,0.4881,0.4848309308566175,0.003269069143382486
star,30,0.15,2.0,3,29,1.9333333333333333,5.026153819992203,2.5997347344787256,58.0,928.0,0.9999999999999982,30.0,5.235470306383158,5.120970975499109,-0.02186992269719307,0.01,0.009092392832835527,0.010000000000132847,0.4447,0.44122202939766714,0.003477970602332847,0.4943,0.4848309308566175,0.009469069143382525
star,30,0.15,2.0,4,29,1.9333333333333333,5.026153819992203,2.5997347344787256,58.0,928.0,0.9999999999999982,30.0,5.387010564221668,5.120970975499109,-0.04938538463048236,0.01,0.008019254131453435,0.010000000000132847,0.3871,0.38848513363805126,-0.0013851336380512613,0.4886,0.4848309308566175,0.0037690691433824863
star,30,0.15,3.0,0,29,1.9333333333333333,5.026153819992203,2.5997347344787256,58.0,928.0,0.9999999999999982,30.0,5.238352246810561,5.120970975499109,-0.022408052338007908,0.01,0.009070670052537533,0.010000000000132847,1.0,0.9999999739834793,2.6016520715543834e-08,1.0,0.9999999902166519,9.783348131620073e-09
star,30,0.15,3.0,1,29,1.9333333333333333,5.026153819992203,2.5997347344787256,58.0,928.0,0.9999999999999982,30.0,5.295696041408247,5.120970975499109,-0.032993786754927645,0.01,0.008649318245184279,0.010000000000132847,1.0,0.999999958664796,4.1335204037373785e-08,1.0,0.9999999902166519,9.783348131620073e-09
star,30,0.15,3.0,2,29,1.9333333333333333,5.026153819992203,2.5997347344787256,58.0,928.0,0.9999999999999982,30.0,5.40629740013358,5.120970975499109,-0.05277667940121481,0.01,0.007892297869521003,0.010000000000132847,1.0,0.999999901701513,9.829848701681243e-08,1.0,0.9999999902166519,9.783348131620073e-09
star,30,0.15,3.0,3,29,1.9333333333333333,5.026153819992203,2.5997347344787256,58.0,928.0,0.9999999999999982,30.0,5.1706748844033115,5.120970975499109,-0.009612654056848207,0.01,0.00959512622732095,0.010000000000132847,1.0,0.9999999851222109,1.4877789111800155e-08,1.0,0.9999999902166519,9.783348131620073e-09
star,30,0.15,3.0,4,29,1.9333333333333333,5.026153819992203,2.5997347344787256,58.0,928.0,0.9999999999999982,30.0,5.054611118592512,5.120970975499109,0.013128578114051817,0.01,0.010568030115511384,0.010000000000132847,1.0,0.9999999944751241,5.524875890117187e-09,1.0,0.9999999902166519,9.783348131620073e-09
star,30,0.25,1.0,0,29,1.9333333333333333,5.026153819992203,2.5997347344787256,58.0,928.0,0.9999999999999982,30.0,14.311455715712462,14.224920733057044,-0.006046553500522834,0.01,0.009744233322176443,0.010000000000129239,0.0448,0.04389906838594223,0.0009009316140577706,0.0453,0.04429993426981773,0.0010000657301822702
star,30,0.25,1.0,1,29,1.9333333333333333,5.026153819992203,2.5997347344787256,58.0,928.0,0.9999999999999982,30.0,14.288124557619126,14.224920733057044,-0.004423521387093376,0.01,0.009812524801509848,0.010000000000129239,0.0464,0.044006269613304116,0.0023937303866958803,0.0468,0.04429993426981773,0.0025000657301822715
star,30,0.25,1.0,2,29,1.9333333333333333,5.026153819992203,2.5997347344787256,58.0,928.0,0.9999999999999982,30.0,13.929502864767366,14.224920733057044,0.021208069746472664,0.01,0.010926211535015606,0.010000000000129239,0.0427,0.04573832876466043,-0.003038328764660425,0.0412,0.04429993426981773,-0.0030999342698177293
star,30,0.25,1.0,3,29,1.9333333333333333,5.026153819992203,2.5997347344787256,58.0,928.0,0.9999999999999982,30.0,14.232729272213515,14.224920733057044,-0.0005486325923247802,0.01,0.0099766409784115,0.010000000000129239,0.0447,0.04426339370525608,0.0004366062947439159,0.0448,0.04429993426981773,0.0005000657301822697
star,30,0.25,1.0,4,29,1.9333333333333333,5.026153819992203,2.5997347344787256,58.0,928.0,0.9999999999999982,30.0,13.648405302715945,14.224920733057044,0.0422404975199832,0.01,0.011889324267783885,0.010000000000129239,0.0471,0.04721514882069835,-0.00011514882069834503,0.0448,0.04429993426981773,0.0005000657301822697
star,30,0.25,1.5,0,29,1.9333333333333333,5.026153819992203,2.5997347344787256,58.0,928.0,0.9999999999999982,30.0,14.104525857669655,14.224920733057044,0.008535903766089451,0.01,0.010367340627266575,0.010000000000129239,0.0569,0.055717291260040845,0.001182708739959154,0.0556,0.05493271613882582,0.0006672838611741783
star,30,0.25,1.5,1,29,1.9333333333333333,5.026153819992203,2.5997347344787256,58.0,928.0,0.9999999999999982,30.0,13.883776059197073,14.224920733057044,0.02457146185629988,0.01,0.011077252121417802,0.010000000000129239,0.0593,0.05723335026794593,0.002066649732054067,0.0565,0.05493271613882582,0.0015672838611741832
star,30,0.25,1.5,2,29,1.9333333333333333,5.026153819992203,2.5997347344787256,58.0,928.0,0.9999999999999982,30.0,14.472956680098456,14.224920733057044,-0.01713789051704153,0.01,0.009284673901551854,0.010000000000129239,0.0545,0.05340461656125425,0.0010953834387457465,0.0556,0.05493271613882582,0.0006672838611741783
star,30,0.25,1.5,3,29,1.9333333333333333,5.026153819992203,2.5997347344787256,58.0,928.0,0.9999999999999982,30.0,14.310634663593245,14.224920733057044,-0.0059895268484674805,0.01,0.0097466282965325,0.010000000000129239,0.0545,0.05439150756323889,0.00010849243676110815,0.055,0.05493271613882582,6.728386117418189e-05
star,30,0.25,1.5,4,29,1.9333333333333333,5.026153819992203,2.5997347344787256,58.0,928.0,0.9999999999999982,30.0,14.208648372780884,14.224920733057044,0.0011452433651136283,0.01,0.010048858594615462,0.010000000000129239,0.0526,0.055037074553131636,-0.002437074553131635,0.0525,0.05493271613882582,-0.0024327161388258203
star,30,0.25,2.0,0,29,1.9333333333333333,5.026153819992203,2.5997347344787256,58.0,928.0,0.9999999999999982,30.0,14.03304724531498,14.224920733057044,0.013672973830122398,0.01,0.010591951827525259,0.010000000000129239,0.0793,0.07497898865872027,0.004321011341279726,0.0777,0.07267801880453065,0.005021981195469358
star,30,0.25,2.0,1,29,1.9333333333333333,5.026153819992203,2.5997347344787256,58.0,928.0,0.9999999999999982,30.0,14.046042760383862,14.224920733057044,0.012735115201108253,0.01,0.010550747139417449,0.010000000000129239,0.0743,0.07481875742150285,-0.0005187574215028412,0.0725,0.07267801880453065,-0.00017801880453065244
star,30,0.25,2.0,2,29,1.9333333333333333,5.026153819992203,2.5997347344787256,58.0,928.0,0.9999999999999982,30.0,14.347912266142574,14.224920733057044,-0.008572085666829661,0.01,0.009638496693748666,0.010000000000129239,0.0731,0.07127375147753376,0.0018262485224662395,0.0742,0.07267801880453065,0.0015219811954693546
star,30,0.25,2.0,3,29,1.9333333333333333,5.026153819992203,2.5997347344787256,58.0,928.0,0.9999999999999982,30.0,14.370807182523064,14.224920733057044,-0.010151583527154924,0.01,0.009572695282708377,0.010000000000129239,0.0731,0.07101821384804527,0.0020817861519547287,0.0745,0.07267801880453065,0.0018219811954693493
star,30,0.25,2.0,4,29,1.9333333333333333,5.026153819992203,2.5997347344787256,58.0,928.0,0.9999999999999982,30.0,14.08297423503132,14.224920733057044,0.010079298282931717,0.01,0.010434544239946941,0.010000000000129239,0.0771,0.07436693807052115,0.00273306192947885,0.0744,0.07267801880453065,0.0017219811954693465
star,30,0.25,3.0,0,29,1.9333333333333333,5.026153819992203,2.5997347344787256,58.0,928.0,0.9999999999999982,30.0,14.73910982362661,14.224920733057044,-0.03488603428039646,0.01,0.008575186898983012,0.010000000000129239,0.2097,0.21466686313316832,-0.0049668631331683255,0.2428,0.24868032368928397,-0.005880323689283984
star,30,0.25,3.0,1,29,1.9333333333333333,5.026153819992203,2.5997347344787256,58.0,928.0,0.9999999999999982,30.0,14.28219270510849,14.224920733057044,-0.004010026557824027,0.01,0.009829965693471832,0.010000000000129239,0.2462,0.24454160588255697,0.001658394117443035,0.2502,0.24868032368928397,0.001519676310716006
star,30,0.25,3.0,2,29,1.9333333333333333,5.026153819992203,2.5997347344787256,58.0,928.0,0.9999999999999982,30.0,14.348633828613046,14.224920733057044,-0.008621942481332445,0.01,0.009636415819989252,0.010000000000129239,0.2404,0.2398562360999272,0.0005437639000727967,0.2473,0.24868032368928397,-0.0013803236892839799
star,30,0.25,3.0,3,29,1.9333333333333333,5.026153819992203,2.5997347344787256,58.0,928.0,0.9999999999999982,30.0,14.802891810849907,14.224920733057044,-0.039044470849218436,0.01,0.008413560950623067,0.010000000000129239,0.2146,0.21090623888626048,0.0036937611137395354,0.2528,0.24868032368928397,0.004119676310716053
star,30,0.25,3.0,4,29,1.9333333333333333,5.026153819992203,2.5997347344787256,58.0,928.0,0.9999999999999982,30.0,13.570186846194684,14.224920733057044,0.04824796403197341,0.01,0.012172524841242427,0.010000000000129239,0.3023,0.3032555387309132,-0.0009555387309131969,0.25,0.24868032368928397,0.001319676310716028
star,30,0.35,1.0,0,29,1.9333333333333333,5.026153819992203,2.5997347344787256,58.0,928.0,0.9999999999999982,30.0,28.324445843594695,27.880844428258317,-0.015661433158689463,0.01,0.009345131045579269,0.01000000000012774,0.0309,0.030287215824710206,0.0006127841752897947,0.032,0.031349435054623655,0.000650564945376346
star,30,0.35,1.0,1,29,1.9333333333333333,5.026153819992203,2.5997347344787256,58.0,928.0,0.9999999999999982,30.0,28.743992237108948,27.880844428258317,-0.030028807471506797,0.01,0.008766186722404368,0.01000000000012774,0.0287,0.02933053310730131,-0.0006305331073013093,0.0312,0.031349435054623655,-0.00014943505462365614
star,30,0.35,1.0,2,29,1.9333333333333333,5.026153819992203,2.5997347344787256,58.0,928.0,0.9999999999999982,30.0,27.660393321973135,27.880844428258317,0.007969919433866404,0.01,0.010342756305265932,0.01000000000012774,0.0336,0.031897788502934406,0.0017022114970655922,0.0332,0.031349435054623655,0.0018505649453763456
star,30,0.35,1.0,3,29,1.9333333333333333,5.026153819992203,2.5997347344787256,58.0,928.0,0.9999999999999982,30.0,27.88399354871033,27.880844428258317,-0.0001129364933509388,0.01,0.009995189071912158,0.01000000000012774,0.0321,0.03134170261528198,0.0007582973847180194,0.0321,0.031349435054623655,0.0007505649453763419
star,30,0.35,1.0,4,29,1.9333333333333333,5.026153819992203,2.5997347344787256,58.0,928.0,0.9999999999999982,30.0,27.418135088120138,27.880844428258317,0.016876032547474905,0.01,0.010733345063481281,0.01000000000012774,0.0299,0.032516813129469774,-0.0026168131294697743,0.0288,0.031349435054623655,-0.0025494350546236555
star,30,0.35,1.5,0,29,1.9333333333333333,5.026153819992203,2.5997347344787256,58.0,928.0,0.9999999999999982,30.0,28.2642685274534,27.880844428258317,-0.013565682721371616,0.01,0.009431326577277355,0.01000000000012774,0.0435,0.04538694977284971,-0.0018869497728497137,0.0446,0.04628558564827537,-0.0016855856482753673
star,30,0.35,1.5,1,29,1.9333333333333333,5.026153819992203,2.5997347344787256,58.0,928.0,0.9999999999999982,30.0,26.879597828970248,27.880844428258317,0.03724931472780251,0.01,0.011656768526165207,0.01000000000012774,0.0482,0.048872915508844865,-0.0006729155088448652,0.0455,0.04628558564827537,-0.0007855856482753693
star,30,0.35,1.5,2,29,1.9333333333333333,5.026153819992203,2.5997347344787256,58.0,928.0,0.9999999999999982,30.0,27.380617241296726,27.880844428258317,0.01826939044336538,0.01,0.010795173308963513,0.01000000000012774,0.0474,0.047532523378195905,-0.0001325233781959076,0.0463,0.04628558564827537,1.4414351724632846e-05
star,30,0.35,1.5,3,29,1.9333333333333333,5.026153819992203,2.5997347344787256,58.0,928.0,0.9999999999999982,30.0,27.654171253805707,27.880844428258317,0.008196708278553682,0.01,0.010352603389691628,0.01000000000012774,0.0461,0.04683980478643788,-0.0007398047864378768,0.0457,0.04628558564827537,-0.0005855856482753705
star,30,0.35,1.5,4,29,1.9333333333333333,5.026153819992203,2.5997347344787256,58.0,928.0,0.9999999999999982,30.0,28.19122096368292,27.880844428258317,-0.011009687584104352,0.01,0.009537053082132374,0.01000000000012774,0.0466,0.04555449864625776,0.0010455013537422411,0.0471,0.04628558564827537,0.0008144143517246349
star,30,0.35,2.0,0,29,1.9333333333333333,5.026153819992203,2.5997347344787256,58.0,928.0,0.9999999999999982,30.0,27.14636359673262,27.880844428258317,0.027056324833654735,0.01,0.01118956902577245,0.01000000000012774,0.0547,0.05575385253247179,-0.0010538525324717898,0.0531,0.0533877023723794,-0.00028770237237939894
star,30,0.35,2.0,1,29,1.9333333333333333,5.026153819992203,2.5997347344787256,58.0,928.0,0.9999999999999982,30.0,28.886212342845646,27.880844428258317,-0.03480442166161433,0.01,0.008578375785400605,0.01000000000012774,0.052,0.050557350929389844,0.0014426490706101538,0.0555,0.0533877023723794,0.0021122976276206004
star,30,0.35,2.0,2,29,1.9333333333333333,5.026153819992203,2.5997347344787256,58.0,928.0,0.9999999999999982,30.0,27.472052547164985,27.880844428258317,0.01488028171144126,0.01,0.010645125925706989,0.01000000000012774,0.052,0.05467107951088625,-0.00267107951088625,0.0512,0.0533877023723794,-0.002187702372379398
star,30,0.35,2.0,3,29,1.9333333333333333,5.026153819992203,2.5997347344787256,58.0,928.0,0.9999999999999982,30.0,27.306442221604417,27.880844428258317,0.021035409959025805,0.01,0.010918482705466692,0.01000000000012774,0.0529,0.05521476564331475,-0.002314765643314745,0.0518,0.0533877023723794,-0.0015877023723794015
star,30,0.35,2.0,4,29,1.9333333333333333,5.026153819992203,2.5997347344787256,58.0,928.0,0.9999999999999982,30.0,27.86168413013812,27.880844428258317,0.0006876934657181172,0.01,0.010029322495321014,0.01000000000012774,0.0528,0.05344604645090666,-0.0006460464509066635,0.0526,0.0533877023723794,-0.0007877023723793994
star,30,0.35,3.0,0,29,1.9333333333333333,5.026153819992203,2.5997347344787256,58.0,928.0,0.9999999999999982,30.0,27.252090576930613,27.880844428258317,0.02307176579913309,0.01,0.011009725691127126,0.01000000000012774,0.0908,0.08615198036532225,0.004648019634677758,0.086,0.08134500620186629,0.004654993798133708
star,30,0.35,3.0,1,29,1.9333333333333333,5.026153819992203,2.5997347344787256,58.0,928.0,0.9999999999999982,30.0,27.723310026604953,27.880844428258317,0.005682380693437594,0.01,0.010243722187827764,0.01000000000012774,0.0877,0.08250410224595099,0.005195897754049009,0.0858,0.08134500620186629,0.004454993798133716
star,30,0.35,3.0,2,29,1.9333333333333333,5.026153819992203,2.5997347344787256,58.0,928.0,0.9999999999999982,30.0,26.869239977623423,27.880844428258317,0.0376491650481128,0.01,0.011675307408954838,0.01000000000012774,0.0855,0.08932764405649098,-0.0038276440564909697,0.0786,0.08134500620186629,-0.002745006201866282
star,30,0.35,3.0,3,29,1.9333333333333333,5.026153819992203,2.5997347344787256,58.0,928.0,0.9999999999999982,30.0,27.78522222320838,27.880844428258317,0.003441477065821966,0.01,0.010147218847110506,0.01000000000012774,0.0813,0.08204506935003515,-0.0007450693500351546,0.0808,0.08134500620186629,-0.0005450062018662882
star,30,0.35,3.0,4,29,1.9333333333333333,5.026153819992203,2.5997347344787256,58.0,928.0,0.9999999999999982,30.0,28.08914174166397,27.880844428258317,-0.007415581270562249,0.01,0.009686837371681245,0.01000000000012774,0.0833,0.0798566623216816,0.003443337678318392,0.0849,0.08134500620186629,0.003554993798133718
star,60,0.15,1.0,0,59,1.9666666666666666,7.425107556272989,3.775478418443893,118.0,3658.0,0.9999999999999986,60.0,10.161965345214771,10.27479454030676,0.011103087961731657,0.01,0.010480735020712673,0.010000000000009057,0.0341,0.032999946451256264,0.0011000535487437346,0.0331,0.03224997078798272,0.0008500292120172809
star,60,0.15,1.0,1,59,1.9666666666666666,7.425107556272989,3.775478418443893,118.0,3658.0,0.9999999999999986,60.0,10.25324355029055,10.27479454030676,0.002101870487178496,0.01,0.010090041729347854,0.010000000000009057,0.0349,0.032390426026805474,0.002509573973194526,0.0348,0.03224997078798272,0.002550029212017281
star,60,0.15,1.0,2,59,1.9666666666666666,7.425107556272989,3.775478418443893,118.0,3658.0,0.9999999999999986,60.0,10.30758773646822,10.27479454030676,-0.003181461754183087,0.01,0.009864564359969297,0.010000000000009057,0.03,0.03203872259428744,-0.0020387225942874385,0.03,0.03224997078798272,-0.0022499707879827177
star,60,0.15,1.0,3,59,1.9666666666666666,7.425107556272989,3.775478418443893,118.0,3658.0,0.9999999999999986,60.0,9.850759917582868,10.27479454030676,0.04304587933028607,0.01,0.011933421855311654,0.010000000000009057,0.0387,0.035267729443306355,0.0034322705566936437,0.0346,0.03224997078798272,0.002350029212017282
star,60,0.15,1.0,4,59,1.9666666666666666,7.425107556272989,3.775478418443893,118.0,3658.0,0.9999999999999986,60.0,10.166021893622876,10.27479454030676,0.010699627427727287,0.01,0.01046304650166302,0.010000000000009057,0.0315,0.03297234756991412,-0.0014723475699141217,0.03,0.03224997078798272,-0.0022499707879827177
star,60,0.15,1.5,0,59,1.9666666666666666,7.425107556272989,3.775478418443893,118.0,3658.0,0.9999999999999986,60.0,10.79842115541786,10.27479454030676,-0.04849103471467978,0.01,0.008047663790571757,0.010000000000009057,0.0421,0.0387960522393583,0.003303947760641697,0.0475,0.044196801247249125,0.0033031987527508758
star,60,0.15,1.5,1,59,1.9666666666666666,7.425107556272989,3.775478418443893,118.0,3658.0,0.9999999999999986,60.0,10.626283144695662,10.27479454030676,-0.03307728578306859,0.01,0.008642234353242961,0.010000000000009057,0.0411,0.040438284315359986,0.0006617156846400116,0.044,0.044196801247249125,-0.00019680124724912734
star,60,0.15,1.5,2,59,1.9666666666666666,7.425107556272989,3.775478418443893,118.0,3658.0,0.9999999999999986,60.0,9.990901560592821,10.27479454030676,0.02841515132465114,0.01,0.011255248065535461,0.010000000000009057,0.0513,0.04768225872108737,0.00361774127891263,0.0476,0.044196801247249125,0.0034031987527508786
star,60,0.15,1.5,3,59,1.9666666666666666,7.425107556272989,3.775478418443893,118.0,3658.0,0.9999999999999986,60.0,10.516110071763574,10.27479454030676,-0.022947223812801495,0.01,0.009046207494489089,0.010000000000009057,0.0418,0.04155530777616274,0.00024469222383725897,0.044,0.044196801247249125,-0.00019680124724912734
star,60,0.15,1.5,4,59,1.9666666666666666,7.425107556272989,3.775478418443893,118.0,3658.0,0.9999999999999986,60.0,9.984465607787355,10.27479454030676,0.029078064257436403,0.01,0.011285508731220972,0.010000000000009057,0.0464,0.04776641333695981,-0.001366413336959811,0.0433,0.044196801247249125,-0.0008968012472491266
star,60,0.15,2.0,0,59,1.9666666666666666,7.425107556272989,3.775478418443893,118.0,3658.0,0.9999999999999986,60.0,9.843829030845749,10.27479454030676,0.04378027169210025,0.01,0.011968030302811572,0.010000000000009057,0.0918,0.08996639864572581,0.0018336013542741975,0.0778,0.0775228482289608,0.0002771517710391941
star,60,0.15,2.0,1,59,1.9666666666666666,7.425107556272989,3.775478418443893,118.0,3658.0,0.9999999999999986,60.0,10.32823901869733,10.27479454030676,-0.005174597362998608,0.01,0.009780239492375442,0.010000000000009057,0.0788,0.07614507734008387,0.0026549226599161257,0.0796,0.0775228482289608,0.002077151771039204
star,60,0.15,2.0,2,59,1.9666666666666666,7.425107556272989,3.775478418443893,118.0,3658.0,0.9999999999999986,60.0,10.548155936007925,10.27479454030676,-0.025915562621519457,0.01,0.00892675318094932,0.010000000000009057,0.0683,0.070816073058985,-0.002516073058985005,0.0749,0.0775228482289608,-0.0026228482289608057
star,60,0.15,2.0,3,59,1.9666666666666666,7.425107556272989,3.775478418443893,118.0,3658.0,0.9999999999999986,60.0,10.469268375663674,10.27479454030676,-0.01857568536584453,0.01,0.009223764964155556,0.010000000000009057,0.068,0.07266671352311398,-0.004666713523113972,0.0735,0.0775228482289608,-0.004022848228960804
star,60,0.15,2.0,4,59,1.9666666666666666,7.425107556272989,3.775478418443893,118.0,3658.0,0.9999999999999986,60.0,10.64408924202541,10.27479454030676,-0.0346948144948454,0.01,0.008578698082877423,0.010000000000009057,0.0687,0.06865272833937709,4.727166062290511e-05,0.0791,0.0775228482289608,0.0015771517710392036
star,60,0.15,3.0,0,59,1.9666666666666666,7.425107556272989,3.775478418443893,118.0,3658.0,0.9999999999999986,60.0,10.060978856573959,10.27479454030676,0.02125197625210104,0.01,0.010931102601832887,0.010000000000009057,0.7898,0.7907614908029942,-0.000961490802994236,0.7331,0.7362366530355655,-0.0031366530355655398
star,60,0.15,3.0,1,59,1.9666666666666666,7.425107556272989,3.775478418443893,118.0,3658.0,0.9999999999999986,60.0,10.129326931315552,10.27479454030676,0.014361034052665828,0.01,0.010624174578421353,0.010000000000009057,0.7741,0.7738213981084726,0.0002786018915273969,0.7354,0.7362366530355655,-0.00083665303556546
star,60,0.15,3.0,2,59,1.9666666666666666,7.425107556272989,3.775478418443893,118.0,3658.0,0.9999999999999986,60.0,10.463079595649656,10.27479454030676,-0.017995185224547294,0.01,0.009247489811802956,0.010000000000009057,0.679,0.6853769687660247,-0.006376968766024671,0.7325,0.7362366530355655,-0.0037366530355654737
star,60,0.15,3.0,3,59,1.9666666666666666,7.425107556272989,3.775478418443893,118.0,3658.0,0.9999999999999986,60.0,10.691263194820747,10.27479454030676,-0.03895411112091424,0.01,0.008412676299832667,0.010000000000009057,0.6324,0.6223408742119608,0.010059125788039136,0.7432,0.7362366530355655,0.006963346964434458
star,60,0.15,3.0,4,59,1.9666666666666666,7.425107556272989,3.775478418443893,118.0,3658.0,0.9999999999999986,60.0,10.113394526011227,10.27479454030676,0.015959034711878217,0.01,0.010694923409183765,0.010000000000009057,0.7809,0.7778157716388219,0.003084228361178165,0.7409,0.7362366530355655,0.004663346964434489
star,60,0.25,1.0,0,59,1.9666666666666666,7.425107556272989,3.775478418443893,118.0,3658.0,0.9999999999999986,60.0,28.04851642852129,28.541095600509987,0.017561683636422788,0.01,0.010766133204149098,0.010000000000009779,0.0274,0.027858968781029482,-0.00045896878102948124,0.0263,0.026905401790009092,-0.0006054017900090913
star,60,0.25,1.0,1,59,1.9666666666666666,7.425107556272989,3.775478418443893,118.0,3658.0,0.9999999999999986,60.0,27.937238948449913,28.541095600509987,0.021614757749479702,0.01,0.01094739369149933,0.010000000000009779,0.0274,0.02808368462645148,-0.0006836846264514779,0.0261,0.026905401790009092,-0.0008054017900090901
star,60,0.25,1.0,2,59,1.9666666666666666,7.425107556272989,3.775478418443893,118.0,3658.0,0.9999999999999986,60.0,30.154694517348958,28.541095600509987,-0.05351070347970581,0.01,0.0078592641450837,0.010000000000009779,0.0253,0.024199409864544823,0.0011005901354551768,0.0275,0.026905401790009092,0.0005945982099909083
star,60,0.25,1.0,3,59,1.9666666666666666,7.425107556272989,3.775478418443893,118.0,3658.0,0.9999999999999986,60.0,29.302849133820693,28.541095600509987,-0.02599588626457171,0.01,0.008923528085336307,0.010000000000009779,0.0265,0.025553532279549315,0.0009464677204506847,0.0273,0.026905401790009092,0.00039459820999090955
star,60,0.25,1.0,4,59,1.9666666666666666,7.425107556272989,3.775478418443893,118.0,3658.0,0.9999999999999986,60.0,28.939392622448434,28.541095600509987,-0.01376314379277905,0.01,0.009421499384123622,0.010000000000009779,0.025,0.02618083547836047,-0.0011808354783604674,0.0253,0.026905401790009092,-0.0016054017900090922
star,60,0.25,1.5,0,59,1.9666666666666666,7.425107556272989,3.775478418443893,118.0,3658.0,0.9999999999999986,60.0,27.37555103312752,28.541095600509987,0.0425761134806758,0.01,0.011911310287279264,0.010000000000009779,0.0329,0.03367906720198872,-0.0007790672019887188,0.0302,0.03094497396030216,-0.0007449739603021602
star,60,0.25,1.5,1,59,1.9666666666666666,7.425107556272989,3.775478418443893,118.0,3658.0,0.9999999999999986,60.0,29.381340963501305,28.541095600509987,-0.02859792424161665,0.01,0.008819574056766033,0.010000000000009779,0.0286,0.029257447703139924,-0.0006574477031399233,0.0303,0.03094497396030216,-0.0006449739603021608
star,60,0.25,1.5,2,59,1.9666666666666666,7.425107556272989,3.775478418443893,118.0,3658.0,0.9999999999999986,60.0,29.1452954967559,28.541095600509987,-0.020730614871040328,0.01,0.009135995894438809,0.010000000000009779,0.0315,0.029709734424278763,0.0017902655757212373,0.034,0.03094497396030216,0.003055026039697841
star,60,0.25,1.5,3,59,1.9666666666666666,7.425107556272989,3.775478418443893,118.0,3658.0,0.9999999999999986,60.0,27.826248181820052,28.541095600509987,0.025689680262284586,0.01,0.011131307465298668,0.010000000000009779,0.0309,0.032563006519251855,-0.001663006519251855,0.0294,0.03094497396030216,-0.0015449739603021623
star,60,0.25,1.5,4,59,1.9666666666666666,7.425107556272989,3.775478418443893,118.0,3658.0,0.9999999999999986,60.0,28.828518154856187,28.541095600509987,-0.009970077296455966,0.01,0.009579005588567668,0.010000000000009779,0.0298,0.030343042425171274,-0.0005430424251712737,0.0304,0.03094497396030216,-0.0005449739603021614
star,60,0.25,2.0,0,59,1.9666666666666666,7.425107556272989,3.775478418443893,118.0,3658.0,0.9999999999999986,60.0,27.51281619857828,28.541095600509987,0.03737456007810794,0.01,0.011667980564699865,0.010000000000009779,0.0391,0.03890708462722216,0.00019291537277784515,0.0359,0.03571873110275744,0.0001812688972425633
star,60,0.25,2.0,1,59,1.9666666666666666,7.425107556272989,3.775478418443893,118.0,3658.0,0.9999999999999986,60.0,28.231253118681117,28.541095600509987,0.010975158648690718,0.01,0.0104751255026867,0.010000000000009779,0.0387,0.036626302943549585,0.002073697056450413,0.0379,0.03571873110275744,0.002181268897242565
star,60,0.25,2.0,2,59,1.9666666666666666,7.425107556272989,3.775478418443893,118.0,3658.0,0.9999999999999986,60.0,28.187060610417053,28.541095600509987,0.012560195438118654,0.01,0.01054475383874165,0.010000000000009779,0.0381,0.03675934772187427,0.0013406522781257285,0.0372,0.03571873110275744,0.0014812688972425589
star,60,0.25,2.0,3,59,1.9666666666666666,7.425107556272989,3.775478418443893,118.0,3658.0,0.9999999999999986,60.0,28.96623442752419,28.541095600509987,-0.01467704848132513,0.01,0.009383768771601353,0.010000000000009779,0.0371,0.034542349672125966,0.002557650327874035,0.0389,0.03571873110275744,0.003181268897242559
star,60,0.25,2.0,4,59,1.9666666666666666,7.425107556272989,3.775478418443893,118.0,3658.0,0.9999999999999986,60.0,28.760417463432304,28.541095600509987,-0.007625823345616463,0.01,0.00967708301568515,0.010000000000009779,0.0371,0.03510218472203041,0.001997815277969592,0.0377,0.03571873110275744,0.0019812688972425593
star,60,0.25,3.0,0,59,1.9666666666666666,7.425107556272989,3.775478418443893,118.0,3658.0,0.9999999999999986,60.0,28.57561135475875,28.541095600509987,-0.0012078745689902447,0.01,0.009948457631800578,0.010000000000009779,0.0611,0.05954639144599863,0.0015536085540013705,0.0613,0.05977247072870275,0.0015275292712972482
star,60,0.25,3.0,1,59,1.9666666666666666,7.425107556272989,3.775478418443893,118.0,3658.0,0.9999999999999986,60.0,28.330777791534214,28.541095600509987,0.007423651073872754,0.01,0.010320038699795475,0.010000000000009779,0.0596,0.06117749519663152,-0.0015774951966315218,0.0571,0.05977247072870275,-0.002672470728702754
star,60,0.25,3.0,2,59,1.9666666666666666,7.425107556272989,3.775478418443893,118.0,3658.0,0.9999999999999986,60.0,27.651532189718054,28.541095600509987,0.03217049256759479,0.01,0.011427262045587805,0.010000000000009779,0.0683,0.06605511593215542,0.0022448840678445797,0.0629,0.05977247072870275,0.0031275292712972455
star,60,0.25,3.0,3,59,1.9666666666666666,7.425107556272989,3.775478418443893,118.0,3658.0,0.9999999999999986,60.0,27.67830557439097,28.541095600509987,0.03117206809499585,0.01,0.01138139144534045,0.010000000000009779,0.0644,0.06585252248376955,-0.00145252248376955,0.057,0.05977247072870275,-0.00277247072870275
star,60,0.25,3.0,4,59,1.9666666666666666,7.425107556272989,3.775478418443893,118.0,3658.0,0.9999999999999986,60.0,27.841028741102594,28.541095600509987,0.025145150558817605,0.01,0.011106633985075332,0.010000000000009779,0.0634,0.0646399711434275,-0.0012399711434274985,0.0589,0.05977247072870275,-0.0008724707287027511
star,60,0.35,1.0,0,59,1.9666666666666666,7.425107556272989,3.775478418443893,118.0,3658.0,0.9999999999999986,60.0,55.39603382614032,55.940548071964,0.00982948070854016,0.01,0.010424956171885824,0.010000000000009834,0.0209,0.021268367168633076,-0.00036836716863307764,0.0201,0.02072091310737816,-0.0006209131073781592
star,60,0.35,1.0,1,59,1.9666666666666666,7.425107556272989,3.775478418443893,118.0,3658.0,0.9999999999999986,60.0,53.60853237476056,55.940548071964,0.04350083081739768,0.01,0.01195485178775696,0.010000000000009834,0.0216,0.023211102553692024,-0.0016111025536920225,0.0193,0.02072091310737816,-0.0014209131073781578
star,60,0.35,1.0,2,59,1.9666666666666666,7.425107556272989,3.775478418443893,118.0,3658.0,0.9999999999999986,60.0,55.020212180475426,55.940548071964,0.01672723268441282,0.01,0.010729019264893336,0.010000000000009834,0.02,0.021657846534486287,-0.001657846534486286,0.019,0.02072091310737816,-0.0017209131073781594
star,60,0.35,1.0,3,59,1.9666666666666666,7.425107556272989,3.775478418443893,118.0,3658.0,0.9999999999999986,60.0,55.9904723533115,55.940548071964,-0.0008916567274601316,0.01,0.009961936351039924,0.010000000000009834,0.0194,0.020671691634440412,-0.0012716916344404118,0.0194,0.02072091310737816,-0.0013209131073781584
star,60,0.35,1.0,4,59,1.9666666666666666,7.425107556272989,3.775478418443893,118.0,3658.0,0.9999999999999986,60.0,55.821142310652775,55.940548071964,0.0021390777108558153,0.01,0.010091643895494551,0.010000000000009834,0.0209,0.020839292936686026,6.070706331397224e-05,0.0209,0.02072091310737816,0.00017908689262183947
star,60,0.35,1.5,0,59,1.9666666666666666,7.425107556272989,3.775478418443893,118.0,3658.0,0.9999999999999986,60.0,55.26050999843526,55.940548071964,0.012306040489818093,0.01,0.010533570556049865,0.010000000000009834,0.0295,0.028445241282657917,0.001054758717342081,0.029,0.027780957652972036,0.0012190423470279654
star,60,0.35,1.5,1,59,1.9666666666666666,7.425107556272989,3.775478418443893,118.0,3658.0,0.9999999999999986,60.0,58.58128005571341,55.940548071964,-0.04507808605817337,0.01,0.00817721916577241,0.010000000000009834,0.0253,0.02549211676598937,-0.00019211676598937175,0.0276,0.027780957652972036,-0.0001809576529720365
star,60,0.35,1.5,2,59,1.9666666666666666,7.425107556272989,3.775478418443893,118.0,3658.0,0.9999999999999986,60.0,56.36801648759976,55.940548071964,-0.007583527721430389,0.01,0.009678854924970892,0.010000000000009834,0.0301,0.02738004963287411,0.0027199503671258875,0.0307,0.027780957652972036,0.0029190423470279656
star,60,0.35,1.5,3,59,1.9666666666666666,7.425107556272989,3.775478418443893,118.0,3658.0,0.9999999999999986,60.0,55.4032751671428,55.940548071964,0.009697493572362546,0.01,0.010419185090074723,0.010000000000009834,0.0252,0.02830301309911706,-0.00310301309911706,0.0252,0.027780957652972036,-0.002580957652972036
star,60,0.35,1.5,4,59,1.9666666666666666,7.425107556272989,3.775478418443893,118.0,3658.0,0.9999999999999986,60.0,56.82088599910033,55.940548071964,-0.015493210140198499,0.01,0.00935014706449433,0.010000000000009834,0.0275,0.02696876370741323,0.0005312362925867717,0.0283,0.027780957652972036,0.0005190423470279627
star,60,0.35,2.0,0,59,1.9666666666666666,7.425107556272989,3.775478418443893,118.0,3658.0,0.9999999999999986,60.0,58.8608599316428,55.940548071964,-0.04961381575244159,0.01,0.00800529402577782,0.010000000000009834,0.0279,0.027692083684399838,0.00020791631560016302,0.0301,0.030449236611851675,-0.00034923661185167626
star,60,0.35,2.0,1,59,1.9666666666666666,7.425107556272989,3.775478418443893,118.0,3658.0,0.9999999999999986,60.0,55.44685170318906,55.940548071964,0.008903956737124281,0.01,0.01038452528320083,0.010000000000009834,0.0329,0.03098080261691625,0.0019191973830837497,0.0326,0.030449236611851675,0.0021507633881483225
star,60,0.35,2.0,2,59,1.9666666666666666,7.425107556272989,3.775478418443893,118.0,3658.0,0.9999999999999986,60.0,55.28954967858369,55.940548071964,0.011774347904165981,0.01,0.010510199643287477,0.010000000000009834,0.0304,0.031154546664450368,-0.000754546664450368,0.0298,0.030449236611851675,-0.0006492366118516744
star,60,0.35,2.0,3,59,1.9666666666666666,7.425107556272989,3.775478418443893,118.0,3658.0,0.9999999999999986,60.0,55.40689290935521,55.940548071964,0.009631566301359772,0.01,0.010416303109933245,0.010000000000009834,0.0304,0.031024734805418074,-0.0006247348054180743,0.0301,0.030449236611851675,-0.00034923661185167626
star,60,0.35,2.0,4,59,1.9666666666666666,7.425107556272989,3.775478418443893,118.0,3658.0,0.9999999999999986,60.0,55.95548360585092,55.940548071964,-0.0002669181450047947,0.01,0.00998859713580813,0.010000000000009834,0.0319,0.03043347418282304,0.0014665258171769578,0.032,0.030449236611851675,0.0015507633881483261
star,60,0.35,3.0,0,59,1.9666666666666666,7.425107556272989,3.775478418443893,118.0,3658.0,0.9999999999999986,60.0,55.833912167329984,55.940548071964,0.0019098769993841464,0.01,0.010081802083661606,0.010000000000009834,0.0397,0.03783215954178053,0.0018678404582194719,0.0395,0.037659855818810296,0.001840144181189704
star,60,0.35,3.0,1,59,1.9666666666666666,7.425107556272989,3.775478418443893,118.0,3658.0,0.9999999999999986,60.0,58.943836059139315,55.940548071964,-0.05095168872555333,0.01,0.007954984448516111,0.010000000000009834,0.0344,0.03335855036161159,0.0010414496383884114,0.0373,0.037659855818810296,-0.00035985581881029655
star,60,0.35,3.0,2,59,1.9666666666666666,7.425107556272989,3.775478418443893,118.0,3658.0,0.9999999999999986,60.0,56.99223122375969,55.940548071964,-0.01845309666271227,0.01,0.00922877839305003,0.010000000000009834,0.0369,0.03603632755172814,0.00086367244827186,0.0386,0.037659855818810296,0.000940144181189706
star,60,0.35,3.0,3,59,1.9666666666666666,7.425107556272989,3.775478418443893,118.0,3658.0,0.9999999999999986,60.0,57.93218396533274,55.940548071964,-0.034378746959730616,0.01,0.008591097700654082,0.010000000000009834,0.0332,0.03469522439006968,-0.0014952243900696813,0.0358,0.037659855818810296,-0.0018598558188102979
star,60,0.35,3.0,4,59,1.9666666666666666,7.425107556272989,3.775478418443893,118.0,3658.0,0.9999999999999986,60.0,57.431427071989944,55.940548071964,-0.02595928877332499,0.01,0.008924992380506203,0.010000000000009834,0.0357,0.035397302512196686,0.0003026974878033162,0.0376,0.037659855818810296,-5.985581881029489e-05
random_geometric,15,0.15,1.0,0,71,9.466666666666667,2.9181424837652385,0.3082544877216801,142.0,1614.0,2.5481336033536715,14.030972195795545,6.926967427471971,6.9265303556326625,-6.309714083180467e-05,0.01,0.009994615077828783,0.009999999964130257,0.898,0.8913724912565487,0.006627508743451305,0.898,0.8913949559851484,0.006605044014851624
random_geometric,15,0.15,1.0,1,57,7.6,1.9595917942265424,0.25784102555612404,114.0,1038.0,2.2222081930319364,13.15639841407625,5.7072440415119345,5.574368843950791,-0.023281849627362895,0.01,0.008179178601084636,0.009999999994582953,0.9487,0.9461852312955377,0.0025147687044623224,0.9555,0.9533385146479946,0.0021614853520054433
random_geometric,15,0.15,1.0,2,60,8.0,2.160246899469287,0.27003086243366087,120.0,1150.0,2.4593360496981633,14.02666836745603,5.925379632261617,5.86351794712307,-0.01044012181122235,0.01,0.009148067495446222,0.009999999991883335,0.9247,0.9278479732658447,-0.0031479732658447057,0.929,0.931008396069236,-0.0020083960692359737
random_geometric,15,0.15,1.0,3,89,11.866666666666667,1.927577639306795,0.16243631791911192,178.0,2346.0,6.929509215731407,15.00000000000002,8.508794391054487,8.453207266153568,-0.006532902588333685,0.01,0.009433031032228423,0.00999999994989087,0.9729,0.9713021183972138,0.0015978816027861775,0.9742,0.9725373166024293,0.0016626833975706967
random_geometric,15,0.15,1.0,4,82,10.933333333333334,2.0805982045769644,0.19029861627228334,164.0,2022.0,6.387560297595935,14.999999999999993,7.7848933492131,7.836349590940586,0.006609755512281642,0.01,0.010590678955612554,0.009999999973191176,0.973,0.9709494615441565,0.0020505384558434647,0.9717,0.9696360008152282,0.0020639991847718475
random_geometric,15,0.15,1.5,0,71,9.466666666666667,2.825282680055612,0.29844535352700124,142.0,1606.0,2.9529561085427467,14.165688571123614,6.912864959395849,6.923978623929841,0.0016076785239217935,0.01,0.010137330533792788,0.009999999983201113,0.9976,0.9966769139893413,0.0009230860106587135,0.9975,0.9966270109546734,0.000872989045326622
random_geometric,15,0.15,1.5,1,82,10.933333333333334,2.2939534045447005,0.20981281139128358,164.0,2036.0,5.293032602669797,15.00000000000002,7.805154742148158,7.85604636074636,0.0065202574810445686,0.01,0.010580009329780038,0.009999999976170793,1.0,0.9999960296267921,3.970373207873301e-06,1.0,0.9999956288989975,4.3711010024871655e-06
random_geometric,15,0.15,1.5,2,86,11.466666666666667,2.4184476196289406,0.21091112961880296,172.0,2232.0,3.8386457863926786,15.000000000000002,8.143260566865623,8.215244012180552,0.008839634287010914,0.01,0.010800828877208235,0.009999999930999426,0.9985,0.9988360424278344,-0.0003360424278343599,0.9985,0.9987207688258305,-0.00022076882583044188
random_geometric,15,0.15,1.5,3,72,9.6,2.524546163834865,0.2629735587327985,144.0,1622.0,3.491176551314611,15.000000000000002,6.93140997910859,6.982544320902119,0.007377191934635055,0.01,0.010644215700814086,0.00999999998790474,0.9999,0.999954933541558,-5.493354155794439e-05,0.9999,0.9999502019600217,-5.020196002170074e-05
random_geometric,15,0.15,1.5,4,53,7.066666666666666,2.3513589451397863,0.3327394733688377,106.0,938.0,1.7126682212279707,14.014866847725479,5.247360529888746,5.269222331888136,0.004166247368532429,0.01,0.010344123709275399,0.009999999997740039,0.9919,0.991735208620979,0.00016479137902103425,0.9917,0.9914820511022894,0.0002179488977106514
random_geometric,15,0.15,2.0,0,63,8.4,2.524546163834865,0.30054120998034106,126.0,1280.0,2.5150607122326383,14.0300487226403,6.164784376943931,6.178204700014819,0.002176933084809727,0.01,0.01018384384855009,0.00999999999287654,1.0,0.9999999126569405,8.73430594516833e-08,1.0,0.99999990832318,9.167682002431121e-08
random_geometric,15,0.15,2.0,1,68,9.066666666666666,2.594010194445829,0.28610406556387824,136.0,1470.0,3.614955144742342,15.0,6.674212628683684,6.634315081622697,-0.005977865746967571,0.01,0.009503620930015888,0.009999999991553266,1.0,0.9999999988539349,1.1460651316852477e-09,1.0,0.9999999990076618,9.923382116028279e-10
random_geometric,15,0.15,2.0,2,58,7.733333333333333,2.0154955277107964,0.26062442168674094,116.0,1074.0,2.028095742653586,13.13631658308979,5.664992642722593,5.6694336199775925,0.0007839334550071076,0.01,0.010066048843706044,0.009999999993768938,1.0,0.999999999998872,1.127986593019159e-12,1.0,0.9999999999988504,1.1496359419993496e-12
random_geometric,15,0.15,2.0,3,82,10.933333333333334,2.20504472113883,0.2016809196163564,164.0,2030.0,5.264944841765038,15.0,7.863064507152055,7.8450902162669545,-0.0022859142092439434,0.01,0.009801486983705976,0.009999999969592832,1.0,0.9999999999996245,3.7547742692822794e-13,1.0,0.9999999999996454,3.54605234065275e-13
random_geometric,15,0.15,2.0,4,77,10.266666666666667,2.4073960113690385,0.23448662448399724,154.0,1822.0,5.04830678402083,15.000000000000002,7.484388696839079,7.41915590729762,-0.008715847370274735,0.01,0.009267990030161488,0.009999999984644625,1.0,0.9999999999979754,2.0246027077064355e-12,1.0,0.9999999999983723,1.627697976402942e-12
random_geometric,15,0.15,3.0,0,83,11.066666666666666,2.264705033528404,0.2046420211019642,166.0,2080.0,5.270552223984349,15.000000000000002,7.92374836237233,7.937681446343008,0.0017583955640038354,0.01,0.010155044569681027,0.00999999996075418,1.0,0.9999999999783691,2.1630919277981775e-11,1.0,0.9999999999782366,2.1763368884819556e-11
random_geometric,15,0.15,3.0,1,79,10.533333333333333,2.186829262247563,0.20761037299818638,158.0,1894.0,5.793989381255284,15.000000000000012,7.7005972698934215,7.577291170179313,-0.016012537130878295,0.01,0.008676899007730887,0.009999999981059715,1.0,0.9999999999855823,1.441768926468967e-11,1.0,0.9999999999864536,1.3546386234963848e-11
random_geometric,15,0.15,3.0,2,78,10.4,2.3888630489558556,0.2296983700919092,156.0,1864.0,4.562699472688766,15.00000000000001,7.507475770615704,7.501406428930049,-0.000808439730090161,0.01,0.009930008294690706,0.009999999973995088,1.0,0.9999999999866148,1.3385181851788275e-11,1.0,0.9999999999866631,1.333688715021708e-11
random_geometric,15,0.15,3.0,3,67,8.933333333333334,1.9482185594936612,0.2180841671074994,134.0,1388.0,3.3838321530799087,14.114187475387878,6.374357547063238,6.4711879534572185,0.015190614219403438,0.01,0.011365654455077312,0.009999999987474695,1.0,0.9999999999961633,3.836708728499616e-12,1.0,0.9999999999956201,4.379940854448705e-12
random_geometric,15,0.15,3.0,4,73,9.733333333333333,2.9544693074880453,0.3035413672076759,146.0,1698.0,1.747548412836356,14.167204130937966,7.098141672592552,7.10947623719331,0.001596835499145229,0.01,0.010137213621606245,0.009999999963232864,1.0,0.9999999999885155,1.1484480033630007e-11,1.0,0.999999999988413,1.1586953618802909e-11
random_geometric,15,0.25,1.0,0,57,7.6,2.5508168626278653,0.3356337977141928,114.0,1078.0,2.695567605130952,13.121650400420625,15.899613832470642,15.707625107870907,-0.01207505582353518,0.01,0.009042124899482973,0.00999999999761092,0.3579,0.35992250541246346,-0.00202250541246346,0.37,0.37185699150894774,-0.0018569915089477473
random_geometric,15,0.25,1.0,1,72,9.6,2.1228911104120876,0.2211344906679258,144.0,1594.0,3.823312784157082,14.163739260919794,19.39036707958502,19.271119395198447,-0.0061498415113616315,0.01,0.009479347215598122,0.009999999982961416,0.4025,0.40240075235052736,9.924764947266684e-05,0.4097,0.40925567240537897,0.0004443275946210412
random_geometric,15,0.25,1.0,2,64,8.533333333333333,2.4997777679003566,0.29294270717582305,128.0,1314.0,2.9555288663261274,15.000000000000004,17.656247194088586,17.424316257477106,-0.013135913541646152,0.01,0.00894526051415101,0.009999999996605002,0.3663,0.3698220257183339,-0.0035220257183338766,0.3788,0.3836145889102648,-0.004814588910264761
random_geometric,15,0.25,1.0,3,74,9.866666666666667,2.8487814158962,0.2887278462056959,148.0,1730.0,2.8146264371896477,14.108688329382701,19.916335929767968,19.980622126548354,0.0032278124353336147,0.01,0.01027869835373496,0.009999999978488716,0.4018,0.40679087982276335,-0.004990879822763361,0.3986,0.4034142611418928,-0.004814261141892817
random_geometric,15,0.25,1.0,4,65,8.666666666666666,2.7968235951204043,0.32271041482158513,130.0,1374.0,2.4664468015472703,13.230744642867691,17.665856363669548,17.734280217511124,0.003873225980841341,0.01,0.01032984336435716,0.009999999984884267,0.397,0.39572090227177564,0.0012790977282243765,0.3936,0.39185060366994756,0.001749396330052444
random_geometric,15,0.25,1.5,0,57,7.6,1.7813852287849852,0.23439279326118226,114.0,1028.0,1.9434642678489626,13.15743050724808,15.588235624462081,15.42157454952858,-0.01069146495784072,0.01,0.009124814731943265,0.009999999991507413,0.8809,0.8835845922546155,-0.002684592254615481,0.8871,0.8895341312965412,-0.002434131296541242
random_geometric,15,0.25,1.5,1,64,8.533333333333333,3.403266404826725,0.39882028181563184,128.0,1394.0,0.9016884993531104,13.03262055398508,17.350249940725835,17.672946036977233,0.018598930698625935,0.01,0.01164445089338828,0.009999999903742784,0.7906,0.7892018027149112,0.0013981972850887203,0.783,0.7826141654075733,0.0003858345924266926
random_geometric,15,0.25,1.5,2,55,7.333333333333333,1.776388345929897,0.24223477444498598,110.0,964.0,2.4328655493271008,11.623343373605449,15.112939253995044,14.909859374287409,-0.013437484019129638,0.01,0.00890810818954152,0.009999999988579977,0.8675,0.8687145805905702,-0.0012145805905701135,0.8766,0.8763973829822996,0.00020261701770041274
random_geometric,15,0.25,1.5,3,77,10.266666666666667,2.4890872936792623,0.2424435675661619,154.0,1828.0,2.841185938504029,14.139460845099572,20.67580946203443,20.60023195444313,-0.0036553590673233704,0.01,0.009686415085698952,0.009999999962415906,0.8759,0.8767400191788766,-0.0008400191788765499,0.8778,0.8783389737873708,-0.0005389737873707778
random_geometric,15,0.25,1.5,4,73,9.733333333333333,2.2350739485653612,0.22963088512657823,146.0,1642.0,3.956467027656937,14.999999999999995,19.562309382028033,19.559857869417723,-0.00012531815965259276,0.01,0.009989223581760243,0.009999999986452734,0.8937,0.8954734789107194,-0.0017734789107193283,0.8938,0.8955385691738816,-0.001738569173881599
random_geometric,15,0.25,2.0,0,77,10.266666666666667,2.6699979192667715,0.2600647323961141,154.0,1842.0,3.767972101531752,15.000000000000007,20.65089399925479,20.680478342682736,0.0014325938348728657,0.01,0.01012366654406871,0.00999999998248463,0.9854,0.9850500183142538,0.0003499816857462923,0.9852,0.9849192442489187,0.00028075575108121864
random_geometric,15,0.25,2.0,1,65,8.666666666666666,2.1499353995462798,0.2480694691784169,130.0,1326.0,3.5484730937015403,13.21098694277915,17.829489029047487,17.52902136233576,-0.016852287029774583,0.01,0.008635062453592024,0.009999999988045627,0.9923,0.9936194895334991,-0.0013194895334991408,0.9935,0.9944672458415476,-0.0009672458415475038
random_geometric,15,0.25,2.0,2,58,7.733333333333333,2.379542439676633,0.30769945340646115,116.0,1098.0,2.9291016413059348,14.107884668846996,16.098705056699778,15.918903362435037,-0.01116870541024747,0.01,0.009115182691846635,0.009999999999111497,0.9948,0.9948896549631561,-8.965496315604948e-05,0.9952,0.9953738351770792,-0.00017383517707925122
random_geometric,15,0.25,2.0,3,60,8.0,1.7126976771553504,0.2140872096444188,120.0,1124.0,2.3239195928955247,13.118843130423922,16.249359552993283,16.146880137907818,-0.006306674103139508,0.01,0.009471305196738,0.009999999985906782,0.9971,0.9971030690010451,-3.069001045075126e-06,0.9973,0.9972644737863218,3.5526213678194196e-05
random_geometric,15,0.25,2.0,4,73,9.733333333333333,2.434930982366623,0.25016414202396814,146.0,1656.0,2.928803260174951,14.047980588542647,19.160621439857675,19.587960622547225,0.022302991791310334,0.01,0.012062489296824075,0.009999999968335782,0.9854,0.9865121107160323,-0.001112110716032233,0.9838,0.9843869943741088,-0.0005869943741088068
random_geometric,15,0.25,3.0,0,72,9.6,2.4711670657134186,0.25741323601181443,144.0,1618.0,4.312980351991087,15.000000000000002,19.208573774231223,19.38515064351014,0.009192606976151466,0.01,0.010807064986927906,0.009999999989721786,1.0,0.9999999810092232,1.899077683997774e-08,1.0,0.9999999771630408,2.2836959212568786e-08
random_geometric,15,0.25,3.0,1,54,7.2,1.973153144926499,0.2740490479064582,108.0,944.0,1.7944782883029813,11.29639078284883,14.68575043003231,14.709957801645734,0.001648357823371371,0.01,0.010139662776541991,0.009999999984807773,1.0,0.9999981631002629,1.8368997370954432e-06,1.0,0.999998108722779,1.8912772209445095e-06
random_geometric,15,0.25,3.0,2,69,9.2,2.072036035722674,0.22522130823072545,138.0,1472.0,3.261368840865524,14.080774411737318,18.24977104817453,18.506027679792425,0.014041635423340122,0.01,0.011260336430931273,0.00999999998494544,1.0,0.9999999995216038,4.783962115340046e-10,1.0,0.9999999993633996,6.366004390301327e-10
random_geometric,15,0.25,3.0,3,64,8.533333333333333,2.4184476196289406,0.28341183042526646,128.0,1308.0,3.120762797064467,14.116421515101102,17.68458587070028,17.38775973361535,-0.016784455076027962,0.01,0.008661222179566996,0.009999999995299436,1.0,0.999999987057821,1.2942178995167808e-08,1.0,0.9999999908000576,9.199942363480318e-09
random_geometric,15,0.25,3.0,4,78,10.4,2.1847959477565255,0.21007653343812746,156.0,1850.0,4.633074440989397,15.000000000000004,21.24588206063224,20.780069538328576,-0.021924837997985343,0.01,0.0082171196437123,0.010000000194095082,1.0,0.9999999909495522,9.050447835612374e-09,1.0,0.9999999942525408,5.747459175253766e-09
random_geometric,15,0.35,1.0,0,75,10.0,2.2211108331943574,0.22211108331943574,150.0,1724.0,4.646230823353194,14.999999999999991,39.122272095539394,39.3006633570284,0.004559838985153008,0.01,0.010399902122391058,0.0099999999824259,0.1541,0.15062071574600314,0.0034792842539968505,0.1506,0.14751009022764533,0.003089909772354682
random_geometric,15,0.35,1.0,1,58,7.733333333333333,2.2939534045447,0.2966319057600905,116.0,1092.0,2.2655116523181578,14.03597684519176,30.74432481538602,31.074662272113507,0.010744664542516488,0.01,0.010921205782609023,0.009999999996622766,0.1513,0.14554110078841614,0.0057588992115838455,0.1437,0.1388003151610284,0.004899684838971602
random_geometric,15,0.35,1.0,2,54,7.2,2.3151673805580453,0.32155102507750627,108.0,966.0,1.5746666551184958,13.08374018943263,29.39352736158945,29.122310836059487,-0.00922708330284915,0.01,0.009259621289922915,0.009999999995930764,0.1326,0.13255318468744978,4.681531255021354e-05,0.1381,0.13816730320880144,-6.730320880143914e-05
random_geometric,15,0.35,1.0,3,71,9.466666666666667,2.7047283700134392,0.28571074331127877,142.0,1596.0,4.066031107445738,15.000000000000004,37.64649985275454,37.68608914081318,0.0010516060779484748,0.01,0.010089101392551758,0.009999999994267927,0.1458,0.14364146834527677,0.002158531654723239,0.1448,0.14296619109919237,0.001833808900807643
random_geometric,15,0.35,1.0,4,86,11.466666666666667,2.0612833111653743,0.1797630794620966,172.0,2208.0,7.185819185713924,15.000000000000012,43.79830697178608,44.61591568648672,0.01866758720211093,0.01,0.011742799938595339,0.009999999964372785,0.1675,0.16482787798855306,0.0026721220114469535,0.1527,0.1514070219085942,0.0012929780914057998
random_geometric,15,0.35,1.5,0,84,11.2,2.3437861108329265,0.20926661703865418,168.0,2132.0,5.339957559374874,15.000000000000002,43.42938247131824,43.74576972078882,0.007285096666514412,0.01,0.010653545362221184,0.009999999959672212,0.5148,0.5139615858676841,0.00083841413231589,0.5083,0.505776216669186,0.0025237833308139335
random_geometric,15,0.35,1.5,1,76,10.133333333333333,2.7047283700134392,0.2669139838829052,152.0,1802.0,2.7038336510542007,14.193538879009482,40.69424284392379,40.02035570694776,-0.01655976594921825,0.01,0.008643489789259107,0.009999999966929796,0.4766,0.4739071652810817,0.0026928347189183466,0.4953,0.4919837088837957,0.003316291116204295
random_geometric,15,0.35,1.5,2,67,8.933333333333334,2.462158041682585,0.2756147061584983,134.0,1422.0,2.521721151564157,14.038930422042739,35.59596517760702,35.51040963733401,-0.0024035179224985645,0.01,0.009796954583145945,0.009999999984878827,0.4824,0.4755215625524011,0.006878437447598917,0.4847,0.47810337802630654,0.006596621973693484
random_geometric,15,0.35,1.5,3,74,9.866666666666667,2.9634814361190496,0.30035284825530906,148.0,1740.0,2.8280340790000276,14.132220649062617,39.29301336612306,39.19817776971253,-0.002413548574828746,0.01,0.00979469149438994,0.009999999961165462,0.4829,0.48356963947495424,-0.0006696394749542423,0.4854,0.4860569765538025,-0.0006569765538024797
random_geometric,15,0.35,1.5,4,86,11.466666666666667,2.217105219775452,0.19335219939902198,172.0,2218.0,6.989734198078622,15.000000000000009,44.76477127580007,44.69356972288201,-0.0015905711319149207,0.01,0.009861094378815272,0.009999999968786921,0.504,0.5056521217100967,-0.0016521217100966545,0.5057,0.5074964932304705,-0.0017964932304704861
random_geometric,15,0.35,2.0,0,62,8.266666666666667,2.1746008573733455,0.2630565553274208,124.0,1220.0,3.129674636249104,13.258145085727348,32.33157457459258,32.910985739700365,0.017920907742090285,0.01,0.011600879322841984,0.009999999991051112,0.8432,0.8383918854000432,0.004808114599956781,0.8308,0.8263308986855428,0.004469101314457213
random_geometric,15,0.35,2.0,1,68,9.066666666666666,2.885981442921781,0.3183067767928435,136.0,1494.0,0.9483906183942857,14.007641640438466,35.78225015550003,36.23559012306857,0.012669409151141845,0.01,0.011115893160259516,0.00999999996944706,0.8144,0.8189740929983959,-0.00457409299839584,0.8061,0.8119552273065097,-0.005855227306509669
random_geometric,15,0.35,2.0,2,57,7.6,2.4979991993593593,0.3286841051788631,114.0,1074.0,2.4215452637267973,13.179554664969269,30.53249350156269,30.736974668975293,0.006697165673748093,0.01,0.010563111828082727,0.009999999997076292,0.7929,0.7940725134137393,-0.0011725134137392512,0.7885,0.7892375199126488,-0.0007375199126488097
random_geometric,15,0.35,2.0,3,69,9.2,2.1664102412362563,0.23547937404741917,138.0,1478.0,3.732112621998309,15.0,35.76245960662367,36.37192986536715,0.017042179577340826,0.01,0.01152781966709071,0.00999999999352491,0.8658,0.8647874068614193,0.0010125931385807085,0.8556,0.8536831006482919,0.0019168993517081345
random_geometric,15,0.35,2.0,4,68,9.066666666666666,2.322833518691246,0.2561948733850639,136.0,1450.0,3.5186545490277403,14.059495784801834,36.107871516443474,35.93548525202447,-0.004774201778703545,0.01,0.009598765620668304,0.009999999988697883,0.8304,0.8283554731214741,0.002044526878525965,0.8338,0.8316124121552417,0.002187587844758254
random_geometric,15,0.35,3.0,0,77,10.266666666666667,2.264705033528404,0.22058815261640294,154.0,1812.0,5.968368591872585,15.000000000000005,40.13524014383904,40.33237212037747,0.00491169296189424,0.01,0.01043040502010828,0.009999999987500063,0.9991,0.9996298518452318,-0.0005298518452317991,0.9988,0.9996091240681462,-0.0008091240681461498
random_geometric,15,0.35,3.0,1,79,10.533333333333333,2.246973272847029,0.2133202474221863,158.0,1898.0,5.671423221304146,15.000000000000007,40.42529175998428,41.28374507577164,0.021235550280854467,0.01,0.011968684387934747,0.009999999981121943,0.9997,0.9996338109594941,6.618904050592622e-05,0.9995,0.9995379797934766,-3.797979347652802e-05
random_geometric,15,0.35,3.0,2,73,9.733333333333333,2.9769484749021475,0.30585087070912476,146.0,1700.0,2.920883467525506,14.145358417870183,38.66405686677075,38.738270385562515,0.001919444693749846,0.01,0.010164804419358853,0.00999999997039358,0.9781,0.9746637630635736,0.0034362369364263623,0.9777,0.97438577190007,0.0033142280999299834
random_geometric,15,0.35,3.0,3,69,9.2,2.227105745132009,0.2420767114273923,138.0,1482.0,3.7068072012188313,14.064692989624474,35.72723091564574,36.355793362669985,0.017593371524043375,0.01,0.011592380362285992,0.009999999984933727,0.9991,0.9986216552758397,0.0004783447241603067,0.9987,0.9983615532038624,0.00033844679613759254
random_geometric,15,0.35,3.0,4,51,6.8,1.5143755588800731,0.222702288070599,102.0,830.0,1.9187442248469986,11.455524229117987,26.77163965842129,27.112252850616613,0.012722911130629259,0.01,0.011116784155818238,0.009999999989259267,0.999,0.9990778533230119,-7.785332301191161e-05,0.999,0.9989533568754784,4.664312452162811e-05
random_geometric,30,0.15,1.0,0,186,12.4,3.6295086903509866,0.2927023137379828,372.0,5380.0,2.8798408167854332,21.265669466824477,14.686777267288171,14.816619886190479,0.008840783552393443,0.01,0.011033437734152052,0.009999999999972031,0.8611,0.8623054165334982,-0.0012054165334982603,0.8552,0.8553949972448851,-0.00019499724488514225
random_geometric,30,0.15,1.0,1,200,13.333333333333334,4.117712417781935,0.3088284313336451,400.0,6242.0,3.5065788841501755,25.094187786095098,15.737183209842755,15.949022843645274,0.01346108963578851,0.01,0.011599754264380202,0.009999999999970921,0.8567,0.8553161737758731,0.0013838262241269161,0.8474,0.8449279815045879,0.0024720184954121205
random_geometric,30,0.15,1.0,2,206,13.733333333333333,3.7499629627800624,0.2730555555422376,412.0,6492.0,4.325934793962572,22.300767071884703,16.255607019224588,16.3320751663448,0.004704108990195109,0.01,0.010546347685166158,0.00999999999998008,0.8683,0.8703374505289193,-0.002037450528919349,0.8636,0.8667075038505989,-0.0031075038505988806
random_geometric,30,0.15,1.0,3,214,14.266666666666667,4.56021441991005,0.31964119765724647,428.0,7158.0,4.18814904107017,22.57210682940827,16.9675348195628,17.067638051138335,0.005899692126172629,0.01,0.010680653458137068,0.009999999999962483,0.8421,0.843311295355181,-0.0012112953551810524,0.8361,0.8385436934735858,-0.0024436934735858618
random_geometric,30,0.15,1.0,4,235,15.666666666666666,5.393411618714901,0.3442603160881852,470.0,8706.0,4.144673286522388,25.090135765891414,18.670855217879055,18.772038510110384,0.005419317489776115,0.01,0.010623950395182102,0.009999999999922737,0.8232,0.8197363450153328,0.003463654984667275,0.8195,0.8157497528029304,0.0037502471970696227
random_geometric,30,0.15,1.5,0,240,16.0,5.039841267341661,0.3149900792088538,480.0,8922.0,3.950174397283985,26.113483556732152,19.07009443715671,19.080422502501094,0.0005415843837805993,0.01,0.010061609420468631,0.0099999999999566,0.9915,0.9903706710134891,0.001129328986510969,0.9915,0.9903274887912462,0.0011725112087538347
random_geometric,30,0.15,1.5,1,213,14.2,4.853864439804639,0.3418214394228619,426.0,7182.0,3.360165122105275,23.500060869701166,16.79732211905701,17.04559416369858,0.014780453865315783,0.01,0.011758160621300806,0.0099999999999415,0.9926,0.9930041244536886,-0.0004041244536885369,0.9915,0.9919261636094989,-0.0004261636094988752
random_geometric,30,0.15,1.5,2,240,16.0,4.809712396114068,0.30060702475712925,480.0,8854.0,4.7289095617141115,25.30653670949775,19.161296510485286,19.048378079096008,-0.0058930475465210986,0.01,0.009346771231773576,0.00999999999997353,0.9964,0.9960714878861306,0.0003285121138693059,0.9966,0.9963002625849822,0.00029973741501787554
random_geometric,30,0.15,1.5,3,231,15.4,4.751140214025821,0.308515598313365,462.0,8254.0,5.042920116966654,25.19885954366064,18.3696580975152,18.373308538911736,0.00019872124876571637,0.01,0.010022480223607133,0.00999999999997514,0.9986,0.9987982025755968,-0.00019820257559677312,0.9986,0.9987949631896724,-0.00019496318967238135
random_geometric,30,0.15,1.5,4,192,12.8,3.4871191548325386,0.27243118397129207,384.0,5664.0,2.735727770247601,23.202682820584506,15.574989538039176,15.241836777995047,-0.021390239732133495,0.01,0.007790021300925154,0.009999999999978748,0.9991,0.9993693323867487,-0.00026933238674875515,0.9993,0.999537545786606,-0.00023754578660606374
random_geometric,30,0.15,2.0,0,175,11.666666666666666,3.2076297929918423,0.27493969654215794,350.0,4742.0,1.8131931212640522,21.211051509107243,13.788210752419253,13.918152503409758,0.009424119874850676,0.01,0.011108794791143184,0.009999999999968479,1.0,0.99999973480291,2.6519708995476066e-07,1.0,0.9999996670071138,3.3299288615395994e-07
random_geometric,30,0.15,2.0,1,224,14.933333333333334,5.7034102858630895,0.3819247959283319,448.0,8114.0,1.777105679349327,25.067339511274874,17.88798600119258,18.01408405537622,0.007049315343562587,0.01,0.010807046809519105,0.009999999999810105,0.9993,0.9993073429603927,-7.342960392731079e-06,0.9991,0.9992256547504723,-0.000125654750472326
random_geometric,30,0.15,2.0,2,230,15.333333333333334,5.101198116347004,0.3326868336748046,460.0,8294.0,2.95546882281822,25.156874261615013,18.334283444250307,18.345944914807674,0.0006360472495599229,0.01,0.010071905972383888,0.009999999999936615,0.9999,0.9999705320283937,-7.053202839368833e-05,0.9999,0.9999701507045834,-7.015070458338268e-05
random_geometric,30,0.15,2.0,3,207,13.8,4.052982440952177,0.29369437977914326,414.0,6620.0,3.0344145908300275,23.359599516764273,16.297222119538755,16.455898434982036,0.0097364025770406,0.01,0.011148613018322484,0.009999999999973253,1.0,0.999999979652246,2.0347754037253196e-08,1.0,0.9999999737332963,2.6266703700983385e-08
random_geometric,30,0.15,2.0,4,230,15.333333333333334,5.230253871042548,0.3411035133288618,460.0,8334.0,4.295341214231998,26.062950919307767,18.159771955216545,18.38357881790295,0.012324321210548859,0.01,0.011454439395009786,0.009999999999952491,1.0,0.9999987786942385,1.2213057615229062e-06,1.0,0.9999983769822497,1.6230177503073762e-06
random_geometric,30,0.15,3.0,0,200,13.333333333333334,3.8586123009300746,0.2893959225697556,400.0,6180.0,3.044718727766228,23.203191182049977,15.78012175364834,15.902427515038607,0.007750622162467806,0.01,0.01090549540581004,0.009999999999975917,1.0,0.9999999999863782,1.3621770378335896e-11,1.0,0.9999999999855015,1.4498513500882382e-11
random_geometric,30,0.15,3.0,1,203,13.533333333333333,3.8620662287893968,0.2853743518809899,406.0,6348.0,3.6617333647082746,23.32631320657291,16.006282746284914,16.136086140007894,0.008109527726111669,0.01,0.01094720722955711,0.009999999999984244,1.0,0.9999999999679559,3.204414511515097e-11,1.0,0.9999999999629459,3.705413753607445e-11
random_geometric,30,0.15,3.0,2,220,14.666666666666666,4.791195629021587,0.32667242925147183,440.0,7582.0,2.4953282007517443,25.10622493292636,17.491345949746094,17.550044996921113,0.0033558908127290497,0.01,0.010383112761159441,0.009999999999949716,1.0,0.9999999999347357,6.526434948028736e-11,1.0,0.9999999999289636,7.103639898531355e-11
random_geometric,30,0.15,3.0,3,201,13.4,3.8436094147732205,0.28683652349053884,402.0,6232.0,2.8835762284132738,23.29997008289454,16.045572029971183,15.979675832027892,-0.004106815127575663,0.01,0.009544671277562033,0.00999999999998119,1.0,0.9999999999633252,3.6674774328560034e-11,1.0,0.9999999999668998,3.310018925617442e-11
random_geometric,30,0.15,3.0,4,223,14.866666666666667,4.695624440784089,0.3158491776312167,446.0,7738.0,3.645176413167787,25.107207184344617,17.60312113800944,17.75983843899216,0.008902813299644296,0.01,0.011043639513490688,0.009999999999963094,1.0,0.9999999999863713,1.3628653761088572e-11,1.0,0.9999999999859445,1.4055534514056944e-11
random_geometric,30,0.25,1.0,0,234,15.6,4.454211490264018,0.2855263775810268,468.0,8364.0,5.0109091980154865,25.15524461466842,51.16464988511425,51.50000583425155,0.006554446280592448,0.01,0.010769186066172332,0.009999999999978082,0.2742,0.2761219498919595,-0.0019219498919594846,0.2661,0.26804652589914923,-0.0019465258991492318
random_geometric,30,0.25,1.0,1,194,12.933333333333334,4.404038550643666,0.34051844463739683,388.0,5988.0,2.2109422575315767,23.096226352734686,43.01009532182838,43.15204423027425,0.0033003625633405043,0.01,0.010374588425121178,0.009999999999894094,0.2693,0.2658140895495948,0.003485910450405194,0.2649,0.26196428808641664,0.002935711913583383
random_geometric,30,0.25,1.0,2,215,14.333333333333334,4.019397411995429,0.2804230752554951,430.0,7078.0,3.8646986890062553,23.26764488860838,47.5705407253163,47.351953566974615,-0.004595011009100332,0.01,0.009486996425468963,0.009999999999976972,0.26,0.2608803781824724,-0.0008803781824723855,0.2646,0.2664927980009412,-0.0018927980009412204
random_geometric,30,0.25,1.0,3,179,11.933333333333334,3.7410634257595197,0.3134969351195128,358.0,5050.0,2.3504488621832933,20.58640416435384,39.69656801193594,39.74484888433586,0.0012162480238947667,0.01,0.01013689846325494,0.009999999999950382,0.2615,0.2605509688452331,0.0009490311547669106,0.2588,0.2591242572371669,-0.0003242572371669472
random_geometric,30,0.25,1.0,4,211,14.066666666666666,4.396463225012679,0.3125447790293374,422.0,6938.0,3.059749815142988,28.03996213464501,46.42460811457291,46.74987800998677,0.007006411225079508,0.01,0.010806445628171346,0.009999999999980747,0.2719,0.26690329114476263,0.004996708855237342,0.2619,0.25847430230624163,0.0034256976937583894
random_geometric,30,0.25,1.5,0,187,12.466666666666667,4.638486343146389,0.372071097043828,374.0,5682.0,1.5097847849473718,20.575922523167154,41.90816620258714,41.84683875126447,-0.0014633771142885876,0.01,0.00983908921852239,0.00999999999982959,0.6944,0.68868410062805,0.005715899371950051,0.696,0.6902054356758018,0.005794564324198115
random_geometric,30,0.25,1.5,1,216,14.4,4.730045806684469,0.328475403241977,432.0,7324.0,4.359440147321262,24.152678241001,48.0948261302337,47.92710174901438,-0.0034873684908464484,0.01,0.00961519353318585,0.009999999999965647,0.7156,0.7167226711348813,-0.0011226711348812923,0.7188,0.7206779068725478,-0.001877906872547852
random_geometric,30,0.25,1.5,2,217,14.466666666666667,4.602414825091521,0.31813927362383787,434.0,7348.0,2.9215073123405597,25.066142360582376,47.560408874190614,48.028174837317756,0.00983519642071418,0.01,0.01115793266143994,0.009999999999951603,0.7326,0.7362641147436418,-0.003664114743641811,0.7215,0.725882735165997,-0.004382735165996965
random_geometric,30,0.25,1.5,3,219,14.6,4.722993401082269,0.32349269870426506,438.0,7502.0,3.9555995957373735,26.110804932390113,48.46703057819195,48.53677210647043,0.0014389478259032875,0.01,0.01016252911590454,0.009999999999966092,0.7243,0.7262776094561955,-0.001977609456195406,0.723,0.7246964001625259,-0.001696400162525924
random_geometric,30,0.25,1.5,4,205,13.666666666666666,3.505551153369309,0.25650374292946165,410.0,6382.0,3.8150467457311787,22.275018751030526,45.75885003533546,45.04516136639687,-0.015596735241105858,0.01,0.008333004869707672,0.009999999999981912,0.7412,0.7416302701399619,-0.0004302701399618858,0.7618,0.7598687002108783,0.0019312997891217654
random_geometric,30,0.25,2.0,0,201,13.4,4.53578365151308,0.3384913172770955,402.0,6406.0,3.712325249523521,22.354929440499426,45.609674532825565,44.712521887782955,-0.019670226859367815,0.01,0.007981785062063596,0.009999999999947218,0.9402,0.939623517532143,0.0005764824678570202,0.9469,0.9468354496598624,6.455034013752581e-05
random_geometric,30,0.25,2.0,1,185,12.333333333333334,3.744625778662298,0.3036183063780241,370.0,5354.0,2.964814779931281,21.36810459525388,41.519725484603484,41.00021962074616,-0.012512266345546313,0.01,0.008668255774208156,0.009999999999964815,0.9616,0.9619277291533168,-0.0003277291533168025,0.965,0.9655476597634463,-0.0005476597634462843
random_geometric,30,0.25,2.0,2,176,11.733333333333333,3.5396170539888763,0.3016719080104156,352.0,4858.0,2.501066784710408,20.318631496459297,38.704617555556304,39.02620284890325,0.008308706135265338,0.01,0.010965905514368268,0.009999999999957876,0.963,0.9620901814119466,0.0009098185880533904,0.9602,0.96004455671357,0.0001554432864300237
random_geometric,30,0.25,2.0,3,200,13.333333333333334,4.361447262345634,0.32710854467592254,400.0,6304.0,3.7189690103888897,22.71904759916388,44.211251569663986,44.43444252631928,0.005048284061888878,0.01,0.010575662685307574,0.009999999999966036,0.9647,0.9652609249271655,-0.0005609249271655292,0.9633,0.9638377334759796,-0.0005377334759795183
random_geometric,30,0.25,2.0,4,195,13.0,4.041451884327381,0.3108809141790293,390.0,5950.0,1.7255621296589674,22.400635131354434,42.99663893675404,43.19851694673406,0.004695204438583531,0.01,0.01053893559876512,0.009999999999952491,0.949,0.9506153049054566,-0.0016153049054566937,0.9481,0.9496941412331612,-0.0015941412331611504
random_geometric,30,0.25,3.0,0,217,14.466666666666667,5.84085229701587,0.40374555048496796,434.0,7736.0,2.0244516297667006,24.322734775303083,48.56148975309735,48.715710370126196,0.0031757801874068648,0.01,0.010353589628150639,0.0099999999997884,0.9885,0.9880779180828289,0.0004220819171711909,0.9882,0.987788333937159,0.0004116660628409319
random_geometric,30,0.25,3.0,1,198,13.2,3.876424469361768,0.29366852040619457,396.0,6074.0,3.598286757538531,22.33645035724216,43.765497751414344,43.765211564756484,-6.539092951378469e-06,0.01,0.0099992618281311,0.009999999999973863,1.0,0.999988741848085,1.1258151915050085e-05,1.0,0.9999887432886362,1.125671136381623e-05
random_geometric,30,0.25,3.0,2,182,12.133333333333333,3.461534662865912,0.28529131836806965,364.0,5140.0,2.0807079599222056,20.201031837263667,40.14998630512087,40.21656973302399,0.0016583673876527946,0.01,0.010189198433218083,0.009999999999957265,1.0,0.9999957959315481,4.204068451918452e-06,1.0,0.9999956523696201,4.347630379930578e-06
random_geometric,30,0.25,3.0,3,212,14.133333333333333,4.667142832849904,0.33022237024881396,424.0,7070.0,3.140070734093684,22.673384931821555,47.689058445248065,47.044368528639,-0.013518612814493656,0.01,0.00856786781036678,0.009999999999951104,1.0,0.9999936875693719,6.312430628097054e-06,1.0,0.999995242187648,4.757812351985358e-06
random_geometric,30,0.25,3.0,4,215,14.333333333333334,4.541169697580373,0.3168257928544446,430.0,7212.0,2.830070346607473,23.45319192291918,47.35285959932026,47.59192065174943,0.005048502972196494,0.01,0.010581774762518259,0.009999999999956821,0.9994,0.9995389713415052,-0.00013897134150520074,0.9994,0.9995015144762079,-0.0001015144762079867
random_geometric,30,0.35,1.0,0,207,13.8,3.9614812044654877,0.28706385539604984,414.0,6598.0,3.9384285710598608,21.849147017053713,90.05882356225308,89.48509315421978,-0.006370618506211203,0.01,0.009295762768209481,0.009999999999971032,0.0852,0.08681842531484124,-0.001618425314841243,0.0877,0.09083601974313998,-0.003136019743139984
random_geometric,30,0.35,1.0,1,197,13.133333333333333,4.310710176087256,0.328226663153852,394.0,6126.0,2.3636308887363615,21.28351477726262,86.16889005755893,85.75993612606554,-0.004745957981125364,0.01,0.009479085299591905,0.009999999999944553,0.0819,0.08699273684782138,-0.005092736847821383,0.0852,0.08990441470365426,-0.004704414703654264
random_geometric,30,0.35,1.0,2,240,16.0,5.00666222813829,0.3129163892586431,480.0,8912.0,4.422912435623778,25.131173807383306,104.41978988016601,103.88532871419717,-0.005118389594368965,0.01,0.009432346181083628,0.00999999999996587,0.0867,0.08814323449019858,-0.0014432344901985777,0.0906,0.09136697536801351,-0.0007669753680135116
random_geometric,30,0.35,1.0,3,190,12.666666666666666,4.664285106589814,0.3682330347307748,380.0,5846.0,1.3626244249130017,22.172950559559823,82.9165043241206,83.1750574487126,0.003118234743487424,0.01,0.010351763149284487,0.009999999999729225,0.0928,0.09213883316109289,0.0006611668389071013,0.0909,0.09020735595484264,0.0006926440451573562
random_geometric,30,0.35,1.0,4,247,16.466666666666665,5.031456603763522,0.305554044762967,494.0,9388.0,4.2275205009183505,27.12470254681267,105.94542236940008,106.73982036677909,0.00749818141843995,0.01,0.01088097312707581,0.0099999999999687,0.0984,0.09648892206526674,0.0019110779347332602,0.0926,0.09160807804914757,0.0009919219508524313
random_geometric,30,0.35,1.5,0,220,14.666666666666666,5.436502143433363,0.3706706006886384,440.0,7780.0,0.7188008634484561,23.313757079215467,95.88957590669722,96.1135998321388,0.0023362698533526305,0.01,0.010263802805063338,0.009999999999782017,0.3292,0.3301731030626058,-0.0009731030626057846,0.326,0.32726237127481106,-0.0012623712748110472
random_geometric,30,0.35,1.5,1,243,16.2,4.475116385823576,0.27624175221133185,486.0,8960.0,6.085054645228679,26.11149222169706,104.21246841671707,104.65120375439732,0.004210008114632311,0.01,0.010490389752825569,0.00999999999998441,0.3367,0.33863758559446006,-0.0019375855944600562,0.3307,0.3329589670714578,-0.0022589670714577847
random_geometric,30,0.35,1.5,2,229,15.266666666666667,4.857525661852498,0.31817853680256536,458.0,8158.0,3.5095136706969123,25.321098800499833,98.2299129972237,99.31163633364154,0.011012158144214286,0.01,0.01130028892620738,0.00999999999996859,0.3416,0.34066579862345764,0.0009342013765423762,0.3275,0.3262809413863305,0.0012190586136694992
random_geometric,30,0.35,1.5,3,230,15.333333333333334,4.323064756499593,0.2819390058586691,460.0,8074.0,4.886899547034004,25.139156601780545,98.97814639598872,99.23051363207794,0.0025497268364631184,0.01,0.010293529296814707,0.009999999999983245,0.3391,0.3331393328868725,0.005960667113127538,0.3349,0.3297271384989917,0.0051728615010082635
random_geometric,30,0.35,1.5,4,215,14.333333333333334,4.276551050658567,0.2983640267901325,430.0,7142.0,3.3871154863839146,24.180077225399366,91.29749638232475,93.0350984022114,0.019032307442584506,0.01,0.012338285509689517,0.009999999999968923,0.348,0.35428479981857014,-0.006284799818570164,0.3213,0.3289782070716289,-0.0076782070716289175
random_geometric,30,0.35,2.0,0,212,14.133333333333333,4.185158964191869,0.29611973803244357,424.0,6942.0,4.172382773241519,22.269238040657505,92.40398918043697,91.73297239253996,-0.0072617729369530825,0.01,0.009201868584701012,0.009999999999969922,0.6688,0.667288354118574,0.0015116458814259381,0.6796,0.6764051610694193,0.0031948389305807012
random_geometric,30,0.35,2.0,1,250,16.666666666666668,4.621207153499565,0.2772724292099739,500.0,9474.0,4.754076793348192,25.36855907251863,107.2950806944787,107.56805364192168,0.002544132924605063,0.01,0.010295483152768514,0.009999999999977471,0.7014,0.6986266279716907,0.0027733720283092955,0.6985,0.6955825447642623,0.0029174552357377204
random_geometric,30,0.35,2.0,2,236,15.733333333333333,5.176442364747777,0.329011167250918,472.0,8702.0,3.6215886139165816,26.07010325811889,101.88533005960868,102.40192091275334,0.0050703163334940215,0.01,0.010584863530383293,0.00999999999994644,0.6874,0.6783085653869096,0.009091434613090366,0.6808,0.6725059767223804,0.008294023277619522
random_geometric,30,0.35,2.0,3,198,13.2,3.340658617698013,0.25308019831045553,396.0,5958.0,3.3182224724884186,24.17926551575415,85.14386638799124,85.31992355296634,0.002067760984365363,0.01,0.010237803919578126,0.009999999999985021,0.6921,0.7045486345321726,-0.012448634532172598,0.69,0.7019113494695463,-0.011911349469546306
random_geometric,30,0.35,2.0,4,216,14.4,4.644710252893428,0.32254932311759915,432.0,7300.0,3.3785650484370757,25.08828008443673,94.51936391896409,93.80413933778863,-0.007566963546101075,0.01,0.009175818130964075,0.00999999999995782,0.6642,0.6585110317712406,0.005688968228759417,0.6732,0.6676731677458759,0.005526832254124092
random_geometric,30,0.35,3.0,0,219,14.6,5.0635955604688645,0.34682161373074416,438.0,7602.0,2.6855857249217725,24.086497867686226,95.51778163132511,95.34940646968732,-0.001762762480054966,0.01,0.009803302656302026,0.009999999999886156,0.9438,0.9446991494251606,-0.0008991494251606724,0.9447,0.9452481832184675,-0.0005481832184675017
random_geometric,30,0.35,3.0,1,214,14.266666666666667,4.343065993307288,0.3044205135495763,428.0,7100.0,3.5484807826895652,24.121713607714707,92.2599950747531,92.68071719134558,0.00456017926568915,0.01,0.010526272917521673,0.009999999999963594,0.9717,0.9713234292664669,0.00037657073353314363,0.9708,0.9704543038374313,0.0003456961625687427
random_geometric,30,0.35,3.0,2,219,14.6,4.325120422215625,0.2962411248092894,438.0,7394.0,4.036458466731695,24.311574214058492,95.21936796759896,94.7299093276582,-0.005140326494367218,0.01,0.009430222994814108,0.009999999999974585,0.9788,0.9815887908626331,-0.0027887908626330615,0.9798,0.9823569582150117,-0.002556958215011673
random_geometric,30,0.35,3.0,3,222,14.8,4.077580982232806,0.2755122285292437,444.0,7514.0,4.014386692404495,26.093349250882216,95.99585121145826,95.74317145214668,-0.0026321945805238673,0.01,0.009703548610631163,0.009999999999983133,0.9897,0.9880457880412106,0.0016542119587894533,0.99,0.9883372970595705,0.0016627029404294724
random_geometric,30,0.35,3.0,4,236,15.733333333333333,4.898525855352358,0.3113469823317177,472.0,8618.0,5.325821976009372,26.136761873595567,101.27601884342954,102.19293019746796,0.009053588050848872,0.01,0.011064317010561542,0.009999999999972586,0.9783,0.9793741282969284,-0.0010741282969284338,0.9773,0.9778075356861099,-0.00050753568610995
random_geometric,60,0.15,1.0,0,552,18.4,5.865719620529664,0.3187891098113948,1104.0,23482.0,2.3350749600165566,32.34861113947578,37.74601988197942,37.68914076256148,-0.0015068905170872754,0.01,0.009771573074203732,0.01000000000001533,0.7014,0.6904473093455086,0.010952690654491448,0.7039,0.6927616934317553,0.01113830656824466
random_geometric,60,0.15,1.0,1,643,21.433333333333334,5.981545693956446,0.27907678198863667,1286.0,30996.0,4.40744477713258,33.29653280515962,43.62654280595382,43.64912752927539,0.0005176830862355083,0.01,0.010080742650225794,0.010000000001341991,0.7241,0.7195873772654616,0.004512622734538341,0.7232,0.7187815128547952,0.004418487145204764
random_geometric,60,0.15,1.0,2,580,19.333333333333332,6.888799282571351,0.35631720427093194,1160.0,26434.0,3.1355108446506743,34.37011644626424,40.14058110558416,39.764074333382226,-0.009379704075822597,0.01,0.008658127734807286,0.010000000000000508,0.6558,0.6559569423649545,-0.0001569423649544488,0.67,0.6701322142618029,-0.00013221426180287654
random_geometric,60,0.15,1.0,3,588,19.6,7.490438349433674,0.3821652219098813,1176.0,27592.0,2.0960221298949357,35.272528542079755,40.561120092857024,40.43836823471592,-0.003026342908186223,0.01,0.009553717879037249,0.01000000013740493,0.6566,0.6577064810503038,-0.0011064810503038647,0.6626,0.6620874417885608,0.0005125582114391403
random_geometric,60,0.15,1.0,4,617,20.566666666666666,7.481904095141081,0.3637878814493232,1234.0,29972.0,2.567059745108542,36.349011291970406,42.29218765610256,42.31718855006275,0.0005911468605853089,0.01,0.010089634645530199,0.010000000000000453,0.6807,0.6782695893175122,0.002430410682487727,0.6797,0.6773979048379695,0.002302095162030504
random_geometric,60,0.15,1.5,0,570,19.0,7.4139508136125825,0.390207937558557,1140.0,26098.0,1.874422597190761,33.28883592594011,38.956183898517466,39.25780877153625,0.007742669913575901,0.01,0.01121145192546713,0.009999999647754776,0.9538,0.9528623406374434,0.000937659362556631,0.9516,0.9499362481265649,0.0016637518734351486
random_geometric,60,0.15,1.5,1,582,19.4,5.842944463196617,0.3011827042884854,1164.0,25794.0,3.3327514209251565,33.46700984072684,39.28389812367833,39.637949329350604,0.009012629158074147,0.01,0.011466082680801348,0.010000000000110865,0.983,0.9823869304614317,0.0006130695385683227,0.9817,0.980683266645945,0.001016733354055055
random_geometric,60,0.15,1.5,2,567,18.9,5.976899976855338,0.31623809401351,1134.0,24710.0,2.8346282306027546,33.36917513319695,38.50467727279842,38.69085858407909,0.004835290787184383,0.01,0.010762700686662297,0.010000000000023324,0.9737,0.9728098280887212,0.0008901719112788253,0.9716,0.9716755998120866,-7.559981208660194e-05
random_geometric,60,0.15,1.5,3,633,21.1,7.820272800015781,0.3706290426547763,1266.0,31648.0,2.250043774253417,38.19052213064397,43.79774132362416,43.4532311648477,-0.00786593436932859,0.01,0.008869291537216328,0.010000000000000231,0.9643,0.9658976767670464,-0.0015976767670463632,0.967,0.9684882819116758,-0.0014882819116758261
random_geometric,60,0.15,1.5,4,555,18.5,5.368115746392459,0.29016841872391674,1110.0,23374.0,3.0779190614009835,32.39837520038329,37.91040356938607,37.77836439643417,-0.0034829271260653346,0.01,0.009474535166200504,0.010000000000222498,0.9885,0.9877674744073398,0.0007325255926602381,0.9888,0.9882575972758615,0.0005424027241385243
random_geometric,60,0.15,2.0,0,632,21.066666666666666,7.494145863420476,0.3557347719978074,1264.0,31262.0,3.319810602434823,35.49263017565083,43.57444547053227,43.2845975985125,-0.006651785671392724,0.01,0.009029446483334258,0.010000000000000953,0.9907,0.99158257552677,-0.0008825755267699575,0.9913,0.9919675900054159,-0.0006675900054159412
random_geometric,60,0.15,2.0,1,657,21.9,6.9610822913298955,0.3178576388735112,1314.0,32998.0,4.411128977058536,35.489190266987954,44.791852262573386,44.792060994010946,4.6600313900050636e-06,0.01,0.0100007152560741,0.010000000000069509,1.0,0.9999497479267538,5.025207324615977e-05,1.0,0.999949742574321,5.025742567899005e-05
random_geometric,60,0.15,2.0,2,571,19.033333333333335,5.839425390300734,0.3067999329404939,1142.0,24924.0,2.8202839334060927,33.31027279437132,38.69760084818945,38.924893932231655,0.005873570429698523,0.01,0.010934481700569543,0.010000000000064346,1.0,0.999962289579019,3.771042098099642e-05,1.0,0.9999567718644635,4.32281355364772e-05
random_geometric,60,0.15,2.0,3,652,21.733333333333334,7.721974416487592,0.3553055713107788,1304.0,33222.0,3.3532016621303535,36.909605560936356,44.75788343898158,44.63748559214475,-0.0026899807941313603,0.01,0.009597634467256977,0.010000000000001008,0.9956,0.9948168809111916,0.0007831190888084594,0.9956,0.9949648839297449,0.0006351160702551262
random_geometric,60,0.15,2.0,4,534,17.8,5.3535035257296695,0.30075862504099266,1068.0,21798.0,2.984976653079681,31.403512704972172,36.494338523434195,36.39717466613827,-0.002662436455274644,0.01,0.009597351950641375,0.010000000000057963,1.0,0.9997721282435131,0.00022787175648686375,1.0,0.9997845779948269,0.00021542200517310484
random_geometric,60,0.15,3.0,0,618,20.6,6.723590310739246,0.32638787916209927,1236.0,29410.0,3.366267252141738,33.79341832220098,42.38706236058565,42.18818774147753,-0.004691870774537369,0.01,0.009301911931387685,0.010000000000017384,1.0,0.9999999940401743,5.959825744028535e-09,1.0,0.9999999951508702,4.849129764394888e-09
random_geometric,60,0.15,3.0,1,560,18.666666666666668,5.6381636096240495,0.30204447908700266,1120.0,23934.0,2.578139407852461,31.817008609749102,37.95670934518273,38.15558383316129,0.005239508150455546,0.01,0.010832216867427524,0.010000000000074005,1.0,0.9999999998689932,1.3100676099497832e-10,1.0,0.999999999831149,1.688510442576785e-10
random_geometric,60,0.15,3.0,2,581,19.366666666666667,6.434196833241029,0.3322304733170927,1162.0,26150.0,2.9098687226688074,35.29625409030037,39.541576976240556,39.721740900761134,0.00455631611831853,0.01,0.010712837159454203,0.010000000000007392,1.0,0.9999999999984188,1.581179631671148e-12,1.0,0.9999999999981202,1.879829625295315e-12
random_geometric,60,0.15,3.0,3,587,19.566666666666666,6.28852570604236,0.3213897294399843,1174.0,26518.0,3.2936052340323934,32.62813660689587,39.99239030826342,40.07145400911565,0.001976968624350881,0.01,0.010306104411439254,0.01000000000002077,1.0,0.9999999999971863,2.8137492336099967e-12,1.0,0.9999999999973539,2.646105556891598e-12
random_geometric,60,0.15,3.0,4,669,22.3,6.573431371817918,0.29477270725640886,1338.0,33768.0,5.325812033836506,37.36784880914781,45.993637688753935,45.488507783396614,-0.010982603915254845,0.01,0.008413094315750436,0.01000000000060497,1.0,0.999999999999977,2.298161660974074e-14,1.0,0.9999999999999772,2.275957200481571e-14
random_geometric,60,0.25,1.0,0,628,20.933333333333334,8.52616886740789,0.4073010605449629,1256.0,31910.0,2.225169111169396,34.96912313160555,119.93720619456218,120.27402425782066,0.002808286718902643,0.01,0.01042666357088362,0.00999999986572725,0.1686,0.16424022827513332,0.004359771724866679,0.1653,0.160922763769762,0.004377236230238002
random_geometric,60,0.25,1.0,1,560,18.666666666666668,5.829999047074441,0.312321377521845,1120.0,24066.0,2.240095983215497,31.58051985708689,106.39925048576508,106.1408592254365,-0.0024285063959463625,0.01,0.009633698224927434,0.010000000000037035,0.1565,0.1573882440606547,-0.000888244060654686,0.1586,0.16038490227177343,-0.001784902271773442
random_geometric,60,0.25,1.0,2,591,19.7,6.1516935337623355,0.3122687072975805,1182.0,26738.0,2.7621543767963654,32.185861752373434,112.26552637589828,111.93452539767152,-0.0029483759521909225,0.01,0.009555279592256993,0.01000000000004786,0.1544,0.15805503853354058,-0.003655038533540572,0.1583,0.16172226855870367,-0.0034222685587036727
random_geometric,60,0.25,1.0,3,596,19.866666666666667,6.264893366122753,0.31534698151624596,1192.0,27228.0,3.45509910555277,33.68738415122068,113.71968305789187,112.90840944800163,-0.0071339770572279625,0.01,0.008951515659186948,0.010000000000037479,0.1551,0.15298430289993295,0.0021156971000670377,0.165,0.16179439539810406,0.0032056046018959505
random_geometric,60,0.25,1.0,4,636,21.2,6.201612693485462,0.2925289006361067,1272.0,30546.0,4.049395174389341,36.35589533191596,119.3432972914363,120.11344937835808,0.006453249611840972,0.01,0.011038723002046225,0.010000000000432774,0.1697,0.1712511244507171,-0.0015511244507171174,0.1608,0.16288769227880803,-0.0020876922788080343
random_geometric,60,0.25,1.5,0,658,21.933333333333334,7.829147817965603,0.35695202817472355,1316.0,33858.0,3.25966868449835,35.35987583575717,125.55814842151477,125.16463465178758,-0.003134115743775677,0.01,0.009532819806478743,0.010000000000001064,0.5462,0.5425513372337439,0.0036486627662560833,0.5523,0.5479258387805674,0.004374161219432571
random_geometric,60,0.25,1.5,1,604,20.133333333333333,7.04619676768176,0.34997666064644506,1208.0,28508.0,3.421509854018603,34.71108808537256,115.06738785031949,114.89225690983359,-0.0015219858880755309,0.01,0.009771135379129492,0.010000000000001508,0.547,0.5458948362424905,0.0011051637575095752,0.5501,0.5485455606186022,0.0015544393813978763
random_geometric,60,0.25,1.5,2,563,18.766666666666666,6.045292015738823,0.3221292370731167,1126.0,24450.0,3.2526267231694823,32.53418326655438,105.27328662843053,106.79007818795715,0.014408133422111597,0.01,0.012403433167379185,0.010000000000012166,0.5711,0.5837215604859164,-0.012621560485916339,0.5455,0.5585230106686431,-0.013023010668643087
random_geometric,60,0.25,1.5,3,574,19.133333333333333,5.687608362826055,0.297261761123313,1148.0,25054.0,2.6272661473553143,31.507338488874257,106.57611453501991,108.5488455046505,0.018510066521353324,0.01,0.013193492370439763,0.010000000000130072,0.6065,0.601101483653531,0.00539851634646904,0.5735,0.567927148276241,0.005572851723758987
random_geometric,60,0.25,1.5,4,513,17.1,5.769748694700662,0.33741220436845976,1026.0,20568.0,1.858808535875928,30.765311865186593,97.66267214242625,97.62645164467622,-0.00037087350730277533,0.01,0.00994404139491084,0.01000000000000184,0.5334,0.543091118925802,-0.00969111892580199,0.5341,0.5437600002027158,-0.009660000202715735
random_geometric,60,0.25,2.0,0,638,21.266666666666666,6.521417705444798,0.30664973536574286,1276.0,30964.0,4.08806797113282,34.85158457772117,118.56876202747065,120.67458886044281,0.01776038475027905,0.01,0.013047241566864431,0.010000000000133125,0.9003,0.8995361385426215,0.0007638614573785008,0.886,0.8861665421920999,-0.0001665421920998833
random_geometric,60,0.25,2.0,1,635,21.166666666666668,7.477001775815996,0.35324417838500766,1270.0,31506.0,3.8643195306810303,36.60461607275872,120.204410421321,120.7884517421044,0.004858734540074795,0.01,0.010758966637660516,0.010000000000001452,0.8632,0.8594549065960133,0.0037450934039866546,0.8588,0.8553290948851509,0.0034709051148491543
random_geometric,60,0.25,2.0,2,562,18.733333333333334,5.5882813895587695,0.2983068357415713,1124.0,24054.0,3.0697810042448044,31.656564103389126,105.71106697133813,106.33495725649696,0.005901844556426569,0.01,0.010941348091958902,0.010000000000117415,0.8987,0.8985739636345591,0.00012603636544095131,0.8941,0.8939930193714481,0.00010698062855185597
random_geometric,60,0.25,2.0,3,559,18.633333333333333,5.9188024314232885,0.3176459265522337,1118.0,24052.0,3.051771805491356,33.400691542692556,107.25581962396514,105.97575511450758,-0.011934685818871348,0.01,0.008298696911699988,0.010000000000016496,0.8665,0.8642592383798067,0.0022407616201933767,0.8773,0.8739446091345887,0.0033553908654112563
random_geometric,60,0.25,2.0,4,576,19.2,6.8527366796047255,0.3569133687294128,1152.0,26088.0,3.1366711699058367,33.84992096696398,110.69197380621733,109.74231943552788,-0.008579252298382255,0.01,0.00877006861865931,0.010000000000000675,0.8493,0.8517343635744844,-0.002434363574484344,0.8568,0.8596963923899262,-0.002896392389926228
random_geometric,60,0.25,3.0,0,625,20.833333333333332,7.735560024257383,0.3713068811643544,1250.0,30882.0,2.785912540689413,36.56333599194607,118.85616530278467,119.16528211399036,0.002600763792254378,0.01,0.010398535228763106,0.010000000000000064,0.994,0.9952430168878081,-0.001243016887808146,0.9939,0.9950618040740232,-0.0011618040740232205
random_geometric,60,0.25,3.0,1,657,21.9,6.842757728674408,0.3124546908070506,1314.0,32900.0,3.511058316923998,36.443053490345775,123.78544531723034,124.31960328938108,0.004315192071101957,0.01,0.010681980152471238,0.010000000000096931,0.9964,0.9971252736013201,-0.0007252736013201311,0.9962,0.9969644984448158,-0.0007644984448158532
random_geometric,60,0.25,3.0,2,603,20.1,6.984983894040129,0.34751163651940936,1206.0,28374.0,2.586214307719011,34.43636897768534,114.19022547563256,114.67357938162336,0.004232883366133127,0.01,0.010659105527354051,0.010000000000002007,0.9985,0.9986230828885058,-0.00012308288850571003,0.9985,0.9985204536136848,-2.045361368474552e-05
random_geometric,60,0.25,3.0,3,527,17.566666666666666,5.532831302526964,0.3149619337301877,1054.0,21406.0,2.1995526357345336,29.6189994820995,99.91183413008117,99.97017268762959,0.000583900376330352,0.01,0.010089516259407127,0.010000000000017106,0.9992,0.999663216717171,-0.0004632167171709778,0.9992,0.9996594333562889,-0.0004594333562889519
random_geometric,60,0.25,3.0,4,549,18.3,5.4690035655501275,0.2988526538551982,1098.0,22986.0,3.234248380125331,30.6136157891229,103.57950889444484,103.89733686293216,0.003068444443110962,0.01,0.01048103794521843,0.01000000000008855,0.9992,0.9993319535588604,-0.00013195355886042037,0.9992,0.9992942561728579,-9.425617285796495e-05
random_geometric,60,0.35,1.0,0,635,21.166666666666668,6.608496214890512,0.31221241960112656,1270.0,30772.0,4.308077524670793,37.41184311601327,238.21926451413313,235.63035765954788,-0.010867747660398185,0.01,0.008438424579998216,0.010000000000094822,0.0505,0.04998261759492261,0.000517382405077392,0.0559,0.05638498672522808,-0.00048498672522807873
random_geometric,60,0.35,1.0,1,624,20.8,6.415605972938176,0.3084425948527969,1248.0,29676.0,3.33862462226029,35.44542849916665,232.37093562584784,231.39938568959303,-0.004181030358371258,0.01,0.009372049651423464,0.010000000000089992,0.0539,0.054002817117569143,-0.00010281711756914003,0.0554,0.05654851415527463,-0.0011485141552746297
random_geometric,60,0.35,1.0,2,564,18.8,5.67097875150313,0.30164780593101753,1128.0,24264.0,2.6746709966312707,32.686626624017215,209.73359016835988,209.18585031602532,-0.0026115981321583734,0.01,0.00960422587180676,0.01000000000007778,0.0554,0.05476222228374318,0.0006377777162568168,0.0574,0.05635800330364224,0.0010419966963577595
random_geometric,60,0.35,1.0,3,545,18.166666666666668,4.637408280015418,0.2552701805513074,1090.0,22182.0,2.3658003190942094,29.553882526793103,202.27252722726888,201.2074026723456,-0.0052657895242813795,0.01,0.009204122254909741,0.010000000002028497,0.0518,0.053353386037739634,-0.0015533860377396347,0.0538,0.05661677439100636,-0.0028167743910063603
random_geometric,60,0.35,1.0,4,547,18.233333333333334,4.73063303257491,0.25944970928198774,1094.0,22384.0,2.089273327585397,29.649743289133554,201.92672631897898,202.04653232885389,0.0005933142781983795,0.01,0.01009278655131346,0.010000000001692655,0.0558,0.05694610507097273,-0.0011461050709727291,0.0555,0.05657174195086956,-0.0010717419508695578
random_geometric,60,0.35,1.5,0,567,18.9,5.875655991745377,0.3108812694045173,1134.0,24638.0,2.6861451189132928,35.236774306148725,211.2412082195118,210.53615178644762,-0.00333768415266554,0.01,0.009498313674041858,0.010000000000040032,0.1936,0.199036379963545,-0.005436379963545013,0.1985,0.20378822853938533,-0.00528822853938532
random_geometric,60,0.35,1.5,1,635,21.166666666666668,5.893970553785359,0.27845530175363903,1270.0,30236.0,3.4197156357220573,34.040600876753075,234.91788381870606,234.6506692275993,-0.0011374808369760756,0.01,0.009824162785408763,0.010000000001123999,0.206,0.2061054737904064,-0.00010547379040640181,0.2072,0.207795618458792,-0.0005956184587919966
random_geometric,60,0.35,1.5,2,624,20.8,6.6728304838851304,0.3208091578790928,1248.0,29878.0,3.2984849143870063,34.0997020367493,230.75514332010854,231.80327027779907,0.004542160762313077,0.01,0.010714849782557712,0.01000000000003759,0.2063,0.20992321073418044,-0.0036232107341804265,0.1997,0.20346148530479072,-0.0037614853047907293
random_geometric,60,0.35,1.5,3,624,20.8,6.927722088344288,0.3330635619396292,1248.0,30086.0,2.051936173211423,35.40190742997425,233.71144533099067,232.0111404402432,-0.007275231593127334,0.01,0.008933976105831687,0.010000000000007503,0.1988,0.1950891807837139,0.0037108192162861042,0.2092,0.2053276526555491,0.0038723473444509104
random_geometric,60,0.35,1.5,4,587,19.566666666666666,7.2626135485481775,0.37117275375885067,1174.0,27310.0,2.7794276072279667,34.37819420205608,220.1683859983999,219.4790750899493,-0.003130835089355733,0.01,0.00953703290896113,0.010000000000000175,0.1952,0.19725210286757958,-0.002052102867579564,0.2002,0.20149631461651119,-0.001296314616511196
random_geometric,60,0.35,2.0,0,622,20.733333333333334,5.94100627466051,0.2865437109964876,1244.0,29154.0,3.0438959090352253,33.847784973143575,230.2056605189254,230.09658394064184,-0.00047382231191752186,0.01,0.009926689925527754,0.010000000000537468,0.5071,0.5087457348318579,-0.0016457348318579257,0.5075,0.5096492069758544,-0.002149206975854412
random_geometric,60,0.35,2.0,1,610,20.333333333333332,6.915361322607969,0.3400997371774411,1220.0,28896.0,3.5889998716888862,34.499789387514205,229.1741032072549,227.1595393273222,-0.00879053894719864,0.01,0.008731429378961875,0.010000000000004727,0.4637,0.47132600026604116,-0.007626000266041155,0.4791,0.48728136547769446,-0.008181365477694436
random_geometric,60,0.35,2.0,2,635,21.166666666666668,6.693695209341067,0.31623756894524724,1270.0,30840.0,4.116232556921282,37.38575493468644,237.07072246369785,235.6844269907755,-0.005847603021223434,0.01,0.009133191297250043,0.010000000000055576,0.4956,0.48837189418866944,0.007228105811330543,0.5047,0.49927903323436484,0.005420966765635193
random_geometric,60,0.35,2.0,3,528,17.6,5.547371750057259,0.3151915767077988,1056.0,21488.0,2.909073620374009,29.09883590037718,194.71189799298867,196.28203812980215,0.008063914701658431,0.01,0.011294885733019344,0.010000000000015052,0.5063,0.5086121755024525,-0.0023121755024525514,0.4931,0.49376032646694323,-0.0006603264669432507
random_geometric,60,0.35,2.0,4,494,16.466666666666665,4.631294515455576,0.28125270336774755,988.0,18544.0,1.7613242527901467,27.7582019674028,183.32753982551623,183.08581903420912,-0.0013185187099393936,0.01,0.009798240736082042,0.010000000000150278,0.4936,0.5004469411240101,-0.006846941124010131,0.4969,0.5029881303633388,-0.006088130363338773
random_geometric,60,0.35,3.0,0,636,21.2,7.350283441246784,0.3467114830776785,1272.0,31480.0,3.9506510097069905,37.39816299799072,236.21661468795295,236.924429855255,0.0029964664773351477,0.01,0.010463926887427144,0.010000000000003173,0.9094,0.9109283252859185,-0.0015283252859185081,0.9079,0.9090845913759564,-0.0011845913759563897
random_geometric,60,0.35,3.0,1,596,19.866666666666667,6.2409044928510875,0.314139487895189,1192.0,27210.0,4.0062181051629056,33.834988959035,220.98563310793324,221.30330096517676,0.0014375045688529726,0.01,0.01022236915668251,0.010000000000046805,0.9281,0.9279719482384459,0.00012805176155417097,0.9278,0.9271508214149244,0.0006491785850755161
random_geometric,60,0.35,3.0,2,536,17.866666666666667,4.984865985048033,0.2790036931929869,1072.0,21716.0,2.5416790366003994,29.9654500399197,196.83961260262473,198.4375073698233,0.0081177500101281,0.01,0.011319248303631568,0.01000000000035911,0.9433,0.9440421878063913,-0.0007421878063912368,0.9399,0.9405838828729212,-0.0006838828729212043
random_geometric,60,0.35,3.0,3,615,20.5,5.9707620954112715,0.2912566875810376,1230.0,28584.0,2.766488174779868,32.40092255438114,228.1842759455992,227.6422643095469,-0.002375324214633999,0.01,0.009637298925400162,0.01000000000033685,0.9336,0.9309856406200981,0.0026143593799018428,0.9341,0.9322551588471432,0.0018448411528568798
random_geometric,60,0.35,3.0,4,566,18.866666666666667,5.789262090763861,0.3068513475669891,1132.0,24500.0,2.034314229233276,31.348002397385315,208.26728663592078,210.04756658468955,0.008548053693525732,0.01,0.011383629858780109,0.010000000000051745,0.9388,0.9347518855942566,0.004048114405743375,0.935,0.9305166886109715,0.004483311389028577
random_regular,15,0.15,1.0,0,30,4.0,0.0,0.0,60.0,300.0,1.0455014470013029,6.711602721191234,2.989495618667389,2.9768332817447516,-0.0042356097943645555,0.01,0.009654606846026537,0.009999999994737163,0.9679,0.9660122728477369,0.0018877271522630412,0.9684,0.9669323448447447,0.0014676551552553763
random_regular,15,0.15,1.0,1,30,4.0,0.0,0.0,60.0,300.0,1.3369268389079476,7.20999446175758,2.9849708471168133,2.9807368280363256,-0.001418445705952991,0.01,0.009884214504085831,0.009999999997596931,0.9673,0.9665467668731331,0.0007532331268669257,0.9678,0.9668536260961941,0.0009463739038059193
random_regular,15,0.15,1.0,2,30,4.0,0.0,0.0,60.0,300.0,1.2314603782522167,6.691983732639196,3.010407284670827,2.976840453167352,-0.011150262515773095,0.01,0.009109011259953781,0.009999999994718622,0.9622,0.9644555808463802,-0.002255580846380112,0.9638,0.9669353406770897,-0.0031353406770897596
random_regular,15,0.15,1.0,3,30,4.0,0.0,0.0,60.0,300.0,0.8470722955059387,6.803914502869836,2.9374896572146243,2.9769008388404394,0.013416619707585785,0.01,0.01115094905606967,0.009999999994928732,0.9697,0.9696615348603717,3.846513962835196e-05,0.9672,0.9669146653112449,0.00028533468875502344
random_regular,15,0.15,1.0,4,30,4.0,0.0,0.0,60.0,300.0,1.1191100313141145,7.229445147432328,2.943509451616892,2.980787102787908,0.012664355859478855,0.01,0.011077354588935051,0.009999999997608366,0.9727,0.969467822153001,0.003232177846999029,0.9706,0.9668540050022856,0.0037459949977144413
random_regular,15,0.15,1.5,0,30,4.0,0.0,0.0,60.0,300.0,1.5287800798071505,7.004135644426363,2.950068410931347,2.9835046580515776,0.0113340582192379,0.01,0.010957263257029948,0.009999999998569764,1.0,0.9999990900839139,9.099160861447686e-07,1.0,0.9999989279495793,1.072050420658499e-06
random_regular,15,0.15,1.5,1,30,4.0,0.0,0.0,60.0,300.0,1.1562207875185182,6.879661412908527,2.993370611744886,2.980909325279984,-0.004162961450883686,0.01,0.009662691400821377,0.009999999997648834,1.0,0.9999988181766721,1.181823327867093e-06,1.0,0.9999988872907636,1.1127092364171531e-06
random_regular,15,0.15,1.5,2,30,4.0,0.0,0.0,60.0,300.0,1.4332484526967044,7.222847190711732,3.0121024809489354,2.983505238520889,-0.009494113367297254,0.01,0.009245387577666409,0.009999999998569375,0.9999,0.9999987692728173,-9.876927281726733e-05,0.9999,0.9999989285249644,-9.892852496440341e-05
random_regular,15,0.15,1.5,3,30,4.0,0.0,0.0,60.0,300.0,1.1198601412162072,7.070556306341164,2.931690534702038,2.9808558490133867,0.016770294725649056,0.01,0.011443926217009959,0.009999999997632902,1.0,0.9999991231603785,8.76839621466452e-07,1.0,0.9999988847106819,1.1152893181209933e-06
random_regular,15,0.15,1.5,4,30,4.0,0.0,0.0,60.0,300.0,1.4136897446768326,7.160795027801381,2.9722150581762485,2.983506553717849,0.0037990170026690616,0.01,0.010313754945830422,0.009999999998587972,1.0,0.9999989793887395,1.0206112605049e-06,1.0,0.9999989215916462,1.0784083538384337e-06
random_regular,15,0.15,2.0,0,30,4.0,0.0,0.0,60.0,300.0,1.8417190439095574,6.939773441669317,2.9258835463190667,2.986321775590594,0.020656402865918015,0.01,0.011785292233044808,0.009999999999170617,1.0,0.9999999999999979,2.1094237467877974e-15,1.0,0.9999999999999971,2.886579864025407e-15
random_regular,15,0.15,2.0,1,30,4.0,0.0,0.0,60.0,300.0,1.703122437259097,7.260359073140361,2.9701660262618432,2.986090982000453,0.005361638237661845,0.01,0.010442870103812563,0.009999999999156128,1.0,0.9999999999999962,3.774758283725532e-15,1.0,0.9999999999999974,2.55351295663786e-15
random_regular,15,0.15,2.0,2,30,4.0,0.0,0.0,60.0,300.0,1.4119276747713556,6.955332705971859,2.97373188572033,2.9808100817176,0.00238024013908563,0.01,0.010196660159761117,0.009999999997583053,1.0,0.9999999999999957,4.3298697960381105e-15,1.0,0.9999999999999957,4.3298697960381105e-15
random_regular,15,0.15,2.0,3,30,4.0,0.0,0.0,60.0,300.0,1.646377176568199,7.0562857151192135,2.9957659010232,2.9835545580466194,-0.004076200671223975,0.01,0.0096705733717809,0.009999999998561104,1.0,0.9999999999999959,4.107825191113079e-15,1.0,0.9999999999999964,3.552713678800501e-15
random_regular,15,0.15,2.0,4,30,4.0,0.0,0.0,60.0,300.0,1.4523424903338582,6.869335431198971,3.039256594926224,2.982234846044888,-0.018761742255171448,0.01,0.008545766710634783,0.00999999999815282,1.0,0.9999999999999944,5.551115123125783e-15,1.0,0.9999999999999959,4.107825191113079e-15
random_regular,15,0.15,3.0,0,30,4.0,0.0,0.0,60.0,300.0,1.682012179086178,7.241279065122596,3.02899793979681,2.987490602757485,-0.013703322968291439,0.01,0.008931704456412948,0.009999999999364129,1.0,1.0,0.0,1.0,1.0,0.0
random_regular,15,0.15,3.0,1,30,4.0,0.0,0.0,60.0,300.0,1.7451072238697047,6.982011519798682,2.987303629693361,2.9849285339657508,-0.0007950633822427601,0.01,0.009935272301626552,0.009999999998908493,1.0,1.0,0.0,1.0,1.0,0.0
random_regular,15,0.15,3.0,2,30,4.0,0.0,0.0,60.0,300.0,1.83053791095107,7.040093299234492,3.0462238761180913,2.984826612008192,-0.02015520415004424,0.01,0.008450681407920824,0.009999999998895559,1.0,1.0,0.0,1.0,1.0,0.0
random_regular,15,0.15,3.0,3,30,4.0,0.0,0.0,60.0,300.0,1.327378049491858,7.090189127098373,2.9565199366262482,2.9821812183060348,0.0086795564480682,0.01,0.010728919565256512,0.00999999999815071,1.0,1.0,0.0,1.0,1.0,0.0
random_regular,15,0.15,3.0,4,30,4.0,0.0,0.0,60.0,300.0,0.9537279939569103,7.2412277526650755,2.976831901760539,2.9807413108991043,0.0013132784341142454,0.01,0.010107924391611345,0.00999999999766471,1.0,1.0,0.0,1.0,1.0,0.0
random_regular,15,0.25,1.0,0,30,4.0,0.0,0.0,60.0,300.0,1.31750022362868,7.00008452726673,8.25000336297024,8.28378335231332,0.004094542493727868,0.01,0.010339229499759683,0.009999999998146714,0.3792,0.38445586659613407,-0.0052558665961340845,0.3732,0.3799129694777916,-0.006712969477791597
random_regular,15,0.25,1.0,1,30,4.0,0.0,0.0,60.0,300.0,1.3838100119439916,7.065401620986423,8.229365204994194,8.280080187156315,0.0061626845933807775,0.01,0.01051498181266991,0.009999999997569564,0.3866,0.38739538249248207,-0.0007953824924820663,0.3791,0.3805604082898778,-0.0014604082898778126
random_regular,15,0.25,1.0,2,30,4.0,0.0,0.0,60.0,300.0,1.5668524168803284,6.891525372273391,8.374866605957983,8.28393750120417,-0.010857379470274257,0.01,0.009138244150704466,0.009999999998127895,0.3659,0.36779202361619817,-0.0018920236161981685,0.3776,0.3798747166118318,-0.0022747166118318174
random_regular,15,0.25,1.0,3,30,4.0,0.0,0.0,60.0,300.0,1.7276082610379466,6.9427343199158855,8.235851669641619,8.287651872429251,0.006289598801126315,0.01,0.010523764276469727,0.009999999998566267,0.3877,0.3861942489869547,0.0015057510130452867,0.3819,0.3792233187119351,0.0026766812880649193
random_regular,15,0.25,1.0,4,30,4.0,0.0,0.0,60.0,300.0,1.5560840148836232,6.989871686570783,8.21434248134795,8.287554427131866,0.008912697023548244,0.01,0.010747699893634666,0.009999999998562104,0.3915,0.3891136643999529,0.0023863356000471403,0.3815,0.3792412289083897,0.002258771091610323
random_regular,15,0.25,1.5,0,30,4.0,0.0,0.0,60.0,300.0,1.7505616767634968,6.973060573959451,8.359883554637548,8.28379422161662,-0.009101721635670168,0.01,0.00927401567156394,0.009999999998117848,0.8985,0.8949188969479366,0.0035811030520633835,0.9042,0.8996982565057722,0.004501743494227828
random_regular,15,0.25,1.5,1,30,4.0,0.0,0.0,60.0,300.0,1.3776077294669677,7.428479107131439,8.385835717078006,8.294618301136028,-0.010877558184953597,0.01,0.00914369827490319,0.009999999999161346,0.8902,0.8935088770240909,-0.003308877024090884,0.8966,0.8992806633938246,-0.002680663393824667
random_regular,15,0.25,1.5,2,30,4.0,0.0,0.0,60.0,300.0,1.2140237781350574,6.937214236454538,8.418059195324734,8.272652229892213,-0.017273217265243022,0.01,0.008647732322653867,0.009999999995912168,0.8906,0.8909431381759835,-0.00034313817598352614,0.8994,0.9001434282584272,-0.0007434282584272145
random_regular,15,0.25,1.5,3,30,4.0,0.0,0.0,60.0,300.0,1.2860651101682172,7.174984778423651,8.34810545437158,8.283788869811819,-0.0077043330263733166,0.01,0.009383381810104563,0.009999999998146325,0.8929,0.8956740376109794,-0.002774037610979385,0.8972,0.8997041208798872,-0.0025041208798871617
random_regular,15,0.25,1.5,4,30,4.0,0.0,0.0,60.0,300.0,1.4911110586311047,7.066445136090154,8.13448453967587,8.287466645077778,0.01880661333311762,0.01,0.011621990312208064,0.009999999998578368,0.9107,0.9087720356156794,0.001927964384320524,0.9016,0.8995572565166035,0.002042743483396503
random_regular,15,0.25,2.0,0,30,4.0,0.0,0.0,60.0,300.0,1.2209601911500896,7.189513553520984,8.36184160075742,8.283636043527423,-0.009352671452531925,0.01,0.00925543788637423,0.009999999998143716,0.998,0.998402967343465,-0.0004029673434650105,0.9985,0.9985396151636491,-3.9615163649031615e-05
random_regular,15,0.25,2.0,1,30,4.0,0.0,0.0,60.0,300.0,1.3702169392393495,6.9302996813694255,8.272865857024618,8.279971596553068,0.0008589211587924612,0.01,0.010070672308139683,0.009999999997547526,0.9991,0.9985512809273659,0.0005487190726340962,0.9991,0.998539372738932,0.0005606272610679808
random_regular,15,0.25,2.0,2,30,4.0,0.0,0.0,60.0,300.0,1.3576685470556593,7.21576879981737,8.38923921706911,8.283594662582287,-0.012592864710768236,0.01,0.009006536692955591,0.009999999998116849,0.9986,0.998355112458837,0.00024488754116303024,0.9988,0.9985420408044556,0.0002579591955443883
random_regular,15,0.25,2.0,3,30,4.0,0.0,0.0,60.0,300.0,1.3330032922269357,7.107844517135229,8.157818728559784,8.287552878559003,0.015903043977311213,0.01,0.011360584586964984,0.009999999998577758,0.9981,0.9987499113249678,-0.0006499113249678334,0.9981,0.9985456166743643,-0.00044561667436426866
random_regular,15,0.25,2.0,4,30,4.0,0.0,0.0,60.0,300.0,1.0068568349829894,7.038266404023023,8.321526515666891,8.272717027913782,-0.00586544880452114,0.01,0.00952532313311244,0.009999999995998154,0.9981,0.9984415259412052,-0.00034152594120517854,0.9981,0.9985259920921831,-0.00042599209218308065
random_regular,15,0.25,3.0,0,30,4.0,0.0,0.0,60.0,300.0,0.9090734115022845,7.3359685342189564,8.071434904399947,8.279934289270958,0.025831761928396757,0.01,0.012279953359398577,0.009999999997643672,1.0,0.9999999999787049,2.1295076813032665e-11,1.0,0.9999999999649231,3.507694135151951e-11
random_regular,15,0.25,3.0,1,30,4.0,0.0,0.0,60.0,300.0,1.3967232614970384,7.297472557816315,8.53970595256944,8.287426947009292,-0.02954188434137378,0.01,0.007788969240187127,0.009999999998571651,1.0,0.9999999999440891,5.5910942542425346e-11,1.0,0.9999999999690882,3.091182865233577e-11
random_regular,15,0.25,3.0,2,30,4.0,0.0,0.0,60.0,300.0,1.5588468074366715,7.066878918174254,8.178523030035505,8.283744997602284,0.012865644222111108,0.01,0.011093959963620448,0.009999999998119735,1.0,0.9999999999756335,2.436650881065816e-11,1.0,0.9999999999686334,3.1366576003222235e-11
random_regular,15,0.25,3.0,3,30,4.0,0.0,0.0,60.0,300.0,1.5602248133437213,7.6148964136795385,8.358208723024317,8.294252790449717,-0.007651870717037915,0.01,0.00939180959667113,0.009999999999134257,1.0,0.9999999999656282,3.437183870858007e-11,1.0,0.9999999999704836,2.951638933268441e-11
random_regular,15,0.25,3.0,4,30,4.0,0.0,0.0,60.0,300.0,1.5233725067956017,7.050242096819106,8.331459670140536,8.27988198154418,-0.006190714549241167,0.01,0.0095012062380469,0.009999999997546305,1.0,0.9999999999632435,3.6756486743172445e-11,1.0,0.999999999967477,3.25229843056718e-11
random_regular,15,0.35,1.0,0,30,4.0,0.0,0.0,60.0,300.0,1.4599250321433788,6.978216280074382,15.963792215926704,16.236227220202785,0.017065807459225098,0.01,0.01146833448566803,0.009999999998138165,0.1405,0.14183151061902263,-0.001331510619022619,0.1305,0.13101062020238796,-0.0005106202023879569
random_regular,15,0.35,1.0,1,30,4.0,0.0,0.0,60.0,300.0,1.8339080176815674,7.391302588211579,16.422865146470738,16.26503118754375,-0.009610622599607982,0.01,0.009241466735365744,0.00999999999935064,0.1229,0.12379223035439119,-0.0008922303543911908,0.1283,0.12967663768542942,-0.0013766376854294216
random_regular,15,0.35,1.0,2,30,4.0,0.0,0.0,60.0,300.0,1.1404888977125922,7.222045777126016,15.982529741005289,16.228729879265117,0.015404328491763698,0.01,0.011320874598716835,0.009999999997600872,0.1385,0.14109472112854035,-0.0025947211285403393,0.1286,0.1313194850955516,-0.002719485095551616
random_regular,15,0.35,1.0,3,30,4.0,0.0,0.0,60.0,300.0,1.481484965427465,6.9826592022854355,16.20649613496864,16.236230334810035,0.0018347087238208745,0.01,0.010151042050605574,0.009999999998138887,0.1358,0.13215700853511025,0.00364299146488975,0.1344,0.1310102961711564,0.0033897038288435988
random_regular,15,0.35,1.0,4,30,4.0,0.0,0.0,60.0,300.0,0.9184077040520657,6.89604473973322,16.231197623143597,16.207223629452535,-0.0014770317168018368,0.01,0.009878659912425036,0.009999999994814601,0.1326,0.13138414085621608,0.001215859143783915,0.1334,0.1323127473245736,0.0010872526754263923
random_regular,15,0.35,1.5,0,30,4.0,0.0,0.0,60.0,300.0,1.6607736445863208,7.580795510229328,16.144403070119033,16.264187749831056,0.007419579354638822,0.01,0.010614575036185903,0.00999999999934642,0.4777,0.47053126426403385,0.0071687357359661585,0.4694,0.46195972146597486,0.007440278534025124
random_regular,15,0.35,1.5,1,30,4.0,0.0,0.0,60.0,300.0,1.7060157378180347,7.403773965974384,16.47399644188204,16.25000930696616,-0.013596405444548671,0.01,0.00893506856934606,0.009999999998875853,0.4486,0.4473419158385574,0.0012580841614425742,0.4641,0.463213811458232,0.0008861885417680293
random_regular,15,0.35,1.5,2,30,4.0,0.0,0.0,60.0,300.0,1.2815174672737832,7.111285169601149,15.956557912360848,16.24389479915121,0.018007447995270615,0.01,0.011549881337375167,0.009999999998594689,0.4814,0.4844248571430773,-0.0030248571430773197,0.461,0.4637710630211709,-0.002771063021170861
random_regular,15,0.35,1.5,3,30,4.0,0.0,0.0,60.0,300.0,1.3867445878448668,7.200068300163368,16.102957770586325,16.23595242212651,0.008259020077858725,0.01,0.01069243204566156,0.009999999998136944,0.4678,0.47402593875467464,-0.0062259387546746425,0.4563,0.46450211017474635,-0.008202110174746369
random_regular,15,0.35,1.5,4,30,4.0,0.0,0.0,60.0,300.0,1.3502006060878353,7.191501454665376,16.49394203929639,16.243521016497276,-0.015182605965419997,0.01,0.008813673839568159,0.00999999999857204,0.4472,0.4460674115694764,0.0011325884305236067,0.4645,0.46380087476466103,0.0006991252353389932
random_regular,15,0.35,2.0,0,30,4.0,0.0,0.0,60.0,300.0,1.4319363675141186,6.806922755336343,16.483515010138834,16.229142913937938,-0.015431908548900803,0.01,0.00878932260033971,0.009999999997561071,0.8388,0.84144385927346,-0.002643859273460003,0.8506,0.8521825160674098,-0.0015825160674097782
random_regular,15,0.35,2.0,1,30,4.0,0.0,0.0,60.0,300.0,1.1677583154570081,7.178323518184235,15.926670137582757,16.236115774329495,0.019429399496165047,0.01,0.011681381474115904,0.009999999998169917,0.8637,0.8645264500639819,-0.0008264500639818539,0.8517,0.8519888208744933,-0.00028882087449333405
random_regular,15,0.35,2.0,2,30,4.0,0.0,0.0,60.0,300.0,1.1292441848711747,6.974658560846282,16.407505126176858,16.229097826088495,-0.010873517863707901,0.01,0.009136181590622072,0.009999999997611086,0.8427,0.8447174866672406,-0.0020174866672405534,0.8499,0.8522058446764315,-0.0023058446764314677
random_regular,15,0.35,2.0,3,30,4.0,0.0,0.0,60.0,300.0,1.4480818114134575,6.8744441073987375,15.892152549740866,16.244177075153456,0.022150839812969832,0.01,0.011930633167561044,0.00999999999858786,0.8715,0.8659389048846119,0.005561095115388159,0.8573,0.8516909478664293,0.005609052133570658
random_regular,15,0.35,2.0,4,30,4.0,0.0,0.0,60.0,300.0,1.4803628242502558,7.15168891931079,16.142102196474095,16.257982556559163,0.007178765112166112,0.01,0.010595884139301015,0.009999999999171005,0.859,0.8560572620011728,0.0029427379988271607,0.8532,0.8512675937027325,0.0019324062972674305
random_regular,15,0.35,3.0,0,30,4.0,0.0,0.0,60.0,300.0,1.4431397485609858,7.027401576651059,16.440894060677827,16.22875944171904,-0.012902863930384272,0.01,0.00898086028599765,0.009999999997571007,0.9992,0.9997033768139635,-0.0005033768139635075,0.9992,0.9997424615941174,-0.000542461594117416
random_regular,15,0.35,3.0,1,30,4.0,0.0,0.0,60.0,300.0,1.5747789866360844,7.210288719386448,16.374434789966376,16.228493359791617,-0.008912761389735778,0.01,0.009287590169425985,0.00999999999753598,0.9995,0.9997162270603115,-0.0002162270603114358,0.9997,0.9997425846587668,-4.258465876672002e-05
random_regular,15,0.35,3.0,2,30,4.0,0.0,0.0,60.0,300.0,1.3063838544078912,6.754443173744471,16.26275268495181,16.221974235801156,-0.002507475206727269,0.01,0.009795211265385795,0.009999999996855025,0.9998,0.9997345234789099,6.547652109012425e-05,0.9998,0.999741680835532,5.831916446796814e-05
random_regular,15,0.35,3.0,3,30,4.0,0.0,0.0,60.0,300.0,1.3940654574926425,7.39250152997372,16.006565870325375,16.250111561384724,0.015215361810421784,0.01,0.011294959477534228,0.009999999998900944,0.9996,0.9997841576418262,-0.00018415764182611039,0.9996,0.9997452421977093,-0.00014524219770928326
random_regular,15,0.35,3.0,4,30,4.0,0.0,0.0,60.0,300.0,1.29095425238891,6.9471669138159955,16.19893320323624,16.214230323574313,0.0009443288731517341,0.01,0.010078054945601711,0.009999999995867648,0.9998,0.9997426930608823,5.7306939117762745e-05,0.9998,0.9997400402165678,5.9959783432206315e-05
random_regular,30,0.15,1.0,0,60,4.0,0.0,0.0,120.0,600.0,1.029082244018364,7.372192493740028,4.893117915332422,4.874184727977844,-0.003869350316543815,0.01,0.009587178859417345,0.009999999999836195,0.8897,0.886333583641548,0.003366416358452029,0.8927,0.8891828235338259,0.00351717646617411
random_regular,30,0.15,1.0,1,60,4.0,0.0,0.0,120.0,600.0,0.9901098786749409,7.217837472736915,4.860680414143815,4.8741361972570605,0.002768292083983055,0.01,0.010303640826704596,0.00999999999983453,0.8965,0.891183657370323,0.005316342629676951,0.8947,0.8891855394621193,0.005514460537880739
random_regular,30,0.15,1.0,2,60,4.0,0.0,0.0,120.0,600.0,0.9240216196650506,7.171953307640259,4.876291606267033,4.8699565794085276,-0.0012991484861905745,0.01,0.00985923628089913,0.0099999999997335,0.891,0.8886966520280587,0.0023033479719413164,0.892,0.8896406724597222,0.002359327540277789
random_regular,30,0.15,1.0,3,60,4.0,0.0,0.0,120.0,600.0,0.9699158387658772,7.179069568654447,4.862962556159235,4.87276105807015,0.002014924400046033,0.01,0.010220627577432084,0.009999999999806553,0.8863,0.8907910111230433,-0.004491011123043287,0.8849,0.889336092846555,-0.004436092846554995
random_regular,30,0.15,1.0,4,60,4.0,0.0,0.0,120.0,600.0,0.9003101003474427,7.132213909264549,4.860967321864614,4.872790477864463,0.0024322640365568114,0.01,0.010266781747980236,0.009999999999807219,0.8876,0.8910871755750294,-0.003487175575029422,0.8856,0.8893330780015832,-0.003733078001583179
random_regular,30,0.15,1.5,0,60,4.0,0.0,0.0,120.0,600.0,0.7515807584512284,7.199694835240086,4.8337660035530545,4.871408262863029,0.0077873565419396456,0.01,0.010874164415403731,0.009999999999774689,1.0,0.9999661316076843,3.38683923156724e-05,1.0,0.9999616233018378,3.837669816220135e-05
random_regular,30,0.15,1.5,1,60,4.0,0.0,0.0,120.0,600.0,0.8704963872570892,7.214454161735443,4.862148244866802,4.870679531095646,0.0017546330961526488,0.01,0.010192333275148457,0.009999999999755038,1.0,0.9999625666851395,3.7433314860502165e-05,1.0,0.9999614969348198,3.850306518016211e-05
random_regular,30,0.15,1.5,2,60,4.0,0.0,0.0,120.0,600.0,1.0232919292812752,7.040501206182302,4.898103072550489,4.872011149789246,-0.005326944405777133,0.01,0.009433363257143557,0.009999999999788567,1.0,0.9999585992268674,4.1400773132638236e-05,1.0,0.9999620099168106,3.799008318938757e-05
random_regular,30,0.15,1.5,3,60,4.0,0.0,0.0,120.0,600.0,1.0569995026370569,7.1784156159915,4.837870013933436,4.873415966513883,0.0073474385376356526,0.01,0.010821646127212481,0.00999999999982043,1.0,0.9999664600919236,3.353990807641871e-05,1.0,0.9999622443718327,3.775562816732414e-05
random_regular,30,0.15,1.5,4,60,4.0,0.0,0.0,120.0,600.0,0.8476957686075347,7.2490637659638075,4.85980889902362,4.873438843003446,0.0028046255033946157,0.01,0.010307883188193534,0.009999999999820819,0.9999,0.9999639027357203,-6.390273572032257e-05,0.9999,0.9999622321099019,-6.223210990186079e-05
random_regular,30,0.15,2.0,0,60,4.0,0.0,0.0,120.0,600.0,0.971116503171094,7.2203085477426265,4.888020741708364,4.874894719361254,-0.002685345059015061,0.01,0.009712270508409171,0.009999999999848963,1.0,0.9999999999966672,3.3327784976222574e-12,1.0,0.9999999999969025,3.0975222387041867e-12
random_regular,30,0.15,2.0,1,60,4.0,0.0,0.0,120.0,600.0,0.7596351494665909,7.3165353798704915,4.792177720805879,4.874909121926376,0.017263842440840244,0.01,0.012005775599583601,0.009999999999849185,1.0,0.9999999999980472,1.952771278013188e-12,1.0,0.999999999996885,3.1149527401908017e-12
random_regular,30,0.15,2.0,2,60,4.0,0.0,0.0,120.0,600.0,0.8591000263630716,7.243189829725948,4.929423142929231,4.872076646560733,-0.011633510596621446,0.01,0.008795037287662066,0.009999999999791176,1.0,0.9999999999953819,4.618083693230801e-12,1.0,0.9999999999966362,3.3637537200092993e-12
random_regular,30,0.15,2.0,3,60,4.0,0.0,0.0,120.0,600.0,0.7319041335740063,7.341533457949358,4.869311070947612,4.87281364089579,0.0007193152988469941,0.01,0.010078314350404571,0.009999999999808273,1.0,0.9999999999966949,3.305133944309091e-12,1.0,0.9999999999966303,3.369748924342275e-12
random_regular,30,0.15,2.0,4,60,4.0,0.0,0.0,120.0,600.0,0.7426668418860524,7.4200775760521696,4.835836274914598,4.872797002229209,0.007643089057075986,0.01,0.010856127181532782,0.00999999999980783,1.0,0.9999999999973092,2.690847544783992e-12,1.0,0.9999999999966916,3.308353591080504e-12
random_regular,30,0.15,3.0,0,60,4.0,0.0,0.0,120.0,600.0,0.8706452205311677,7.160844643724597,4.883030086879246,4.870614465427828,-0.0025426059701698493,0.01,0.009726051257022306,0.009999999999752263,1.0,0.9999999999991356,8.644196469731469e-13,1.0,0.9999999999991575,8.425482533880313e-13
random_regular,30,0.15,3.0,1,60,4.0,0.0,0.0,120.0,600.0,0.7432651457808964,7.023322608804014,4.868449631487889,4.870024515118142,0.00032348771158424017,0.01,0.01003527898667017,0.009999999999736109,1.0,0.9999999999991833,8.166800569142652e-13,1.0,0.9999999999991807,8.193445921733655e-13
random_regular,30,0.15,3.0,2,60,4.0,0.0,0.0,120.0,600.0,0.8487907021692801,7.19246640984964,4.847579607172895,4.872796326944701,0.0052019196826583805,0.01,0.010577008401717103,0.009999999999807496,1.0,0.9999999999991254,8.746336987996983e-13,1.0,0.9999999999990797,9.202638651117923e-13
random_regular,30,0.15,3.0,3,60,4.0,0.0,0.0,120.0,600.0,0.7452928312029159,7.214912722470287,4.802169768489056,4.872087211516724,0.014559552535283814,0.01,0.011678896913262904,0.00999999999979101,1.0,0.9999999999992354,7.646105970593453e-13,1.0,0.9999999999991035,8.965050923848139e-13
random_regular,30,0.15,3.0,4,60,4.0,0.0,0.0,120.0,600.0,0.8332663894748029,7.348134707532889,4.960996912294118,4.873487938741331,-0.017639392867979144,0.01,0.008220593190486847,0.009999999999822373,1.0,0.9999999999989165,1.0834666497316903e-12,1.0,0.999999999999057,9.43023437116608e-13
random_regular,30,0.25,1.0,0,60,4.0,0.0,0.0,120.0,600.0,1.0199835687614025,7.133036276920984,13.18525313813733,13.535225114732588,0.02654268165568934,0.01,0.013210747695296121,0.009999999999803999,0.2673,0.27122482231082806,-0.00392482231082808,0.2354,0.23871927511302252,-0.0033192751130225184
random_regular,30,0.25,1.0,1,60,4.0,0.0,0.0,120.0,600.0,0.9194276334662643,7.4118143500986315,13.453303927748447,13.541345144440472,0.006544207814292606,0.01,0.010728066328275665,0.009999999999848741,0.2493,0.2459278502071534,0.003372149792846585,0.2414,0.2380268021440064,0.0033731978559936038
random_regular,30,0.25,1.0,2,60,4.0,0.0,0.0,120.0,600.0,0.6134173289298611,7.311663012145392,13.823272059741706,13.52965540138193,-0.0212407494470786,0.01,0.007882825695152751,0.00999999999975476,0.2121,0.21413262717450865,-0.002032627174508639,0.2402,0.2393297379783764,0.0008702620216236023
random_regular,30,0.25,1.0,3,60,4.0,0.0,0.0,120.0,600.0,0.9715328631204355,7.210190020053192,13.621127824745498,13.53731342542275,-0.006153264281866733,0.01,0.009348883160074428,0.009999999999820763,0.234,0.23111131231356616,0.002888687686433855,0.2416,0.23848086598605198,0.003119134013948033
random_regular,30,0.25,1.0,4,60,4.0,0.0,0.0,120.0,600.0,1.0807369797541868,7.266408795578526,13.544131103798337,13.537286509889816,-0.0005053549656354136,0.01,0.00994527018994934,0.009999999999820486,0.2378,0.23787609184286448,-7.609184286447301e-05,0.2384,0.23848388267120216,-8.388267120215676e-05
random_regular,30,0.25,1.5,0,60,4.0,0.0,0.0,120.0,600.0,1.0675662093936042,7.233992280555967,13.731733440741776,13.543253817497483,-0.013725843431032345,0.01,0.008595302632853519,0.00999999999986001,0.7436,0.7438209497444588,-0.00022094974445874271,0.7604,0.7607088668533444,-0.0003088668533444139
random_regular,30,0.25,1.5,1,60,4.0,0.0,0.0,120.0,600.0,0.9119086611486757,7.163801846179682,13.580518510315095,13.531560087644403,-0.003605048116057251,0.01,0.009613669106373957,0.00999999999977319,0.7525,0.757435170108199,-0.004935170108199105,0.7572,0.761762277161399,-0.004562277161399009
random_regular,30,0.25,1.5,2,60,4.0,0.0,0.0,120.0,600.0,0.8888038524862579,7.248397027653111,13.5720329486726,13.535445789178501,-0.0026957759115724157,0.01,0.009710465541918345,0.009999999999806664,0.7509,0.7581792651409931,-0.007279265140993085,0.7539,0.7614136468388906,-0.007513646838890553
random_regular,30,0.25,1.5,3,60,4.0,0.0,0.0,120.0,600.0,0.9461867945596412,7.0917513950937625,13.511427741594751,13.533372554710384,0.001624166856036701,0.01,0.010177755053493664,0.009999999999788733,0.7595,0.7635161542752289,-0.004016154275228945,0.7568,0.7615859590210825,-0.004785959021082475
random_regular,30,0.25,1.5,4,60,4.0,0.0,0.0,120.0,600.0,0.7353127316163229,7.210848696701701,13.54256499356504,13.52758731329685,-0.001105970713473195,0.01,0.009880071580017469,0.009999999999732778,0.761,0.7607977734159476,0.0002022265840524451,0.7623,0.7621165779238156,0.00018342207618438078
random_regular,30,0.25,2.0,0,60,4.0,0.0,0.0,120.0,600.0,0.5591005289198098,7.381612547883856,13.53950398711515,13.533769548911861,-0.0004235338464943979,0.01,0.009954076509875842,0.00999999999979384,0.989,0.9888470481899776,0.00015295181002239477,0.989,0.988894660816706,0.00010533918329402869
random_regular,30,0.25,2.0,1,60,4.0,0.0,0.0,120.0,600.0,0.8428225823312733,7.139557193514612,13.538848795792095,13.535444532557062,-0.0002514440693134533,0.01,0.009972719650989337,0.00999999999980633,0.9886,0.9888783765626568,-0.0002783765626567236,0.9886,0.9889066245107853,-0.000306624510785225
random_regular,30,0.25,2.0,2,60,4.0,0.0,0.0,120.0,600.0,0.8294260863002003,7.187526752551485,13.394992758276242,13.533486992583768,0.010339254138226821,0.01,0.011172209177125803,0.009999999999790288,0.9897,0.9900058321828801,-0.0003058321828800503,0.9884,0.9889051644615718,-0.0005051644615718942
random_regular,30,0.25,2.0,3,60,4.0,0.0,0.0,120.0,600.0,1.0695687717108722,7.246019740065303,13.6738647688351,13.537223207805797,-0.009992899837705843,0.01,0.008958929260078852,0.009999999999819709,0.9899,0.9877323870163652,0.00216761298363477,0.9913,0.9889128710263626,0.0023871289736373535
random_regular,30,0.25,2.0,4,60,4.0,0.0,0.0,120.0,600.0,0.5944895536017486,7.453816499024626,13.350781406928327,13.533734208690003,0.013703527620243518,0.01,0.011573776465765684,0.00999999999979373,0.9902,0.9903291546300003,-0.00012915463000029437,0.9883,0.9888940820624119,-0.0005940820624119603
random_regular,30,0.25,3.0,0,60,4.0,0.0,0.0,120.0,600.0,0.8607436516426672,7.233634696671509,13.459946343158444,13.539363440718946,0.005900253651521295,0.01,0.010655321523924954,0.00999999999983553,1.0,0.9999999945160369,5.483963061436725e-09,1.0,0.9999999937326396,6.2673604084295675e-09
random_regular,30,0.25,3.0,1,60,4.0,0.0,0.0,120.0,600.0,0.7874778415988494,7.254956123409073,13.598247306445481,13.535524985315583,-0.004612529814792281,0.01,0.009508566590172851,0.00999999999980744,1.0,0.9999999928466573,7.153342695964682e-09,1.0,0.9999999935564341,6.4435659030692705e-09
random_regular,30,0.25,3.0,2,60,4.0,0.0,0.0,120.0,600.0,0.6920915025649153,7.30113328823304,13.554790774602536,13.533774668058275,-0.0015504559896002633,0.01,0.009832677835713843,0.00999999999979384,1.0,0.999999993086035,6.913964956112295e-09,1.0,0.999999993366415,6.6335850146259645e-09
random_regular,30,0.25,3.0,3,60,4.0,0.0,0.0,120.0,600.0,0.8421289043449626,7.337741814133213,13.574554001706344,13.535642164522537,-0.002866527856378635,0.01,0.009692495990346717,0.009999999999808995,1.0,0.9999999930581717,6.941828334383615e-09,1.0,0.9999999934939007,6.506099325953585e-09
random_regular,30,0.25,3.0,4,60,4.0,0.0,0.0,120.0,600.0,0.9843652775192244,7.225409614185486,13.436424060338489,13.53741575494457,0.007516262820566072,0.01,0.010840960515740461,0.009999999999821763,1.0,0.9999999946456899,5.354310106397975e-09,1.0,0.9999999936548404,6.345159619947083e-09
random_regular,30,0.35,1.0,0,60,4.0,0.0,0.0,120.0,600.0,0.8217751220807378,7.134502520375842,26.469613853647065,26.52585016035552,0.0021245609029051904,0.01,0.010232897287467235,0.009999999999791231,0.0816,0.0811691043481109,0.0004308956518891127,0.0805,0.07992354166642394,0.0005764583335760576
random_regular,30,0.35,1.0,1,60,4.0,0.0,0.0,120.0,600.0,0.7474319938610874,7.286788754108922,26.22238959492586,26.518248400871094,0.011282679058451754,0.01,0.011285579996383355,0.00999999999975576,0.0908,0.08682820046104603,0.003971799538953977,0.0827,0.08007227114289052,0.0026277288571094765
random_regular,30,0.35,1.0,2,60,4.0,0.0,0.0,120.0,600.0,1.0827211526405545,7.132605850842388,26.57293626905352,26.52915199324905,-0.0016477018332166815,0.01,0.009822193405550628,0.00999999999980461,0.0822,0.07891489293346016,0.0032851070665398385,0.0827,0.0798724275696441,0.0028275724303558902
random_regular,30,0.35,1.0,3,60,4.0,0.0,0.0,120.0,600.0,0.8714105817031822,7.292103524661821,26.414579513151207,26.529608501343947,0.004354753712262215,0.01,0.010481375901672807,0.009999999999807219,0.0836,0.08240802867380233,0.001191971326197666,0.08,0.07984583050150834,0.00015416949849166028
random_regular,30,0.35,1.0,4,60,4.0,0.0,0.0,120.0,600.0,0.9808884229844418,7.466256303176376,26.94271591551567,26.544671528684667,-0.014773729125124278,0.01,0.008495088575913856,0.009999999999859954,0.0684,0.07122299253772925,-0.0028229925377292464,0.0803,0.07952963059147766,0.0007703694085223339
random_regular,30,0.35,1.5,0,60,4.0,0.0,0.0,120.0,600.0,0.9853319641785148,7.3705104723481645,26.597338269272548,26.53338727890822,-0.0024044131678473586,0.01,0.00974173235720649,0.009999999999822373,0.2842,0.2977470598604208,-0.013547059860420818,0.2878,0.3009900848536363,-0.013190084853636319
random_regular,30,0.35,1.5,1,60,4.0,0.0,0.0,120.0,600.0,0.8770657538722029,7.281174914002931,26.59749441316305,26.529442531935143,-0.0025585824051994237,0.01,0.009725044603116406,0.009999999999806497,0.2931,0.29779581509807806,-0.004695815098078038,0.2959,0.3012477116124553,-0.005347711612455286
random_regular,30,0.35,1.5,2,60,4.0,0.0,0.0,120.0,600.0,1.0525436112344888,7.269709746363699,26.685628953493236,26.521637385773104,-0.006145313944293022,0.01,0.009348246416351014,0.009999999999771747,0.2952,0.2934700788694509,0.0017299211305490947,0.3029,0.30175673255217045,0.0011432674478295546
random_regular,30,0.35,1.5,3,60,4.0,0.0,0.0,120.0,600.0,0.7923472474000052,7.062599839632711,26.656815231158497,26.52574981567329,-0.004916769477098207,0.01,0.009476283577703526,0.009999999999790732,0.2864,0.2948582993153909,-0.008458299315390938,0.2933,0.3014884431899573,-0.008188443189957317
random_regular,30,0.35,1.5,4,60,4.0,0.0,0.0,120.0,600.0,1.1874634499152321,7.578082263632511,26.284599716988108,26.544549645371717,0.009889818798176317,0.01,0.011114645850992366,0.009999999999859288,0.3159,0.31364173066114603,0.00225826933885398,0.303,0.3002642516851644,0.0027357483148355843
random_regular,30,0.35,2.0,0,60,4.0,0.0,0.0,120.0,600.0,1.1335961668433998,7.057238721846483,26.406711383435972,26.529194270733434,0.004638324156270791,0.01,0.01051348114223466,0.009999999999804998,0.6959,0.696411504167743,-0.0005115041677430376,0.6899,0.6901553581044427,-0.00025535810444277107
random_regular,30,0.35,2.0,1,60,4.0,0.0,0.0,120.0,600.0,0.8856222737094688,7.341686064808867,26.617060044658007,26.52936974402014,-0.0032945148897263786,0.01,0.009647027169434719,0.00999999999980622,0.6884,0.6856565034821542,0.002743496517845778,0.6923,0.6901579486241445,0.002142051375855547
random_regular,30,0.35,2.0,2,60,4.0,0.0,0.0,120.0,600.0,1.0951435909194527,7.285958314239901,26.141152473464388,26.529050955476862,0.014838614418634601,0.01,0.011712507104422176,0.00999999999980411,0.7106,0.7098343498900671,0.0007656501099329027,0.6899,0.6901545883315594,-0.0002545883315594466
random_regular,30,0.35,2.0,3,60,4.0,0.0,0.0,120.0,600.0,1.0367080559888677,7.212833255880188,26.7461963549708,26.529358768901822,-0.008107230769981131,0.01,0.009148372147862738,0.009999999999805942,0.6746,0.6789914237725722,-0.004391423772572178,0.6853,0.6901548692369744,-0.004854869236974424
random_regular,30,0.35,2.0,4,60,4.0,0.0,0.0,120.0,600.0,1.0548312190122762,7.313034970109118,26.438124120743854,26.536963788994637,0.0037385280362320084,0.01,0.01041161753543196,0.009999999999834752,0.6999,0.6947805313313353,0.0051194686686646396,0.6949,0.6897246701426067,0.005175329857393218
random_regular,30,0.35,3.0,0,60,4.0,0.0,0.0,120.0,600.0,0.7947029103012113,7.295579186767354,26.80247399123774,26.529645266645183,-0.010179236613819689,0.01,0.00894026488735572,0.00999999999980783,0.9972,0.9967034185366956,0.0004965814633043353,0.9973,0.9970756430427264,0.00022435695727351934
random_regular,30,0.35,3.0,1,60,4.0,0.0,0.0,120.0,600.0,0.8469810134802946,7.559119210024472,26.37819414089583,26.537256173067554,0.006030057680298937,0.01,0.010669867869926741,0.009999999999836473,0.9973,0.997280529919292,1.9470080708017257e-05,0.9971,0.9970805403152452,1.945968475480786e-05
random_regular,30,0.35,3.0,2,60,4.0,0.0,0.0,120.0,600.0,0.9254743380022187,7.538988893102501,26.831212330606952,26.529547339313897,-0.011243062280452363,0.01,0.008834643646102147,0.00999999999980744,0.9962,0.9966621050870991,-0.00046210508709909615,0.9969,0.9970758948893929,-0.00017589488939284692
random_regular,30,0.35,3.0,3,60,4.0,0.0,0.0,120.0,600.0,0.7392052494392839,7.192232309169698,26.157016776783273,26.53372817458544,0.014401925151362594,0.01,0.0116564232711458,0.009999999999823872,0.9976,0.997532014792626,6.7985207374055e-05,0.997,0.9970770962114702,-7.709621147022894e-05
random_regular,30,0.35,3.0,4,60,4.0,0.0,0.0,120.0,600.0,1.039557662419912,7.264970030313071,26.91750849557687,26.53702435078216,-0.014135191778883706,0.01,0.008554040632361426,0.009999999999835196,0.9948,0.9965538366791914,-0.0017538366791913784,0.9953,0.9970831313863898,-0.001783131386389858
random_regular,60,0.15,1.0,0,120,4.0,0.0,0.0,240.0,1200.0,0.8370853824560769,7.450432054392701,8.338657335540054,8.329367999334604,-0.0011140086265276905,0.01,0.009837757655720258,0.009999999992653275,0.7184,0.7167480077727101,0.0016519922272899557,0.7214,0.7187089454591147,0.0026910545408853626
random_regular,60,0.15,1.0,1,120,4.0,0.0,0.0,240.0,1200.0,0.7393196066643153,7.425865897764683,8.49338530720597,8.329409767371,-0.01930626409893943,0.01,0.007469847625360959,0.009999999992637953,0.6786,0.6833946954374333,-0.004794695437433272,0.7115,0.718704881069988,-0.007204881069987956
random_regular,60,0.15,1.0,2,120,4.0,0.0,0.0,240.0,1200.0,0.6658150848152488,7.315455692228969,8.341420207581615,8.327978457850103,-0.0016114461802673988,0.01,0.009765728780784522,0.009999999993414277,0.7205,0.7161965533914215,0.0043034466085785095,0.7233,0.7190334631399897,0.004266536860010328
random_regular,60,0.15,1.0,3,120,4.0,0.0,0.0,240.0,1200.0,0.7242522024480147,7.325875568101702,8.315523165832172,8.327917409778772,0.0014904947890142667,0.01,0.01022063061511902,0.009999999993434594,0.724,0.7216455973404972,0.002354402659502819,0.7207,0.7190392702556803,0.0016607297443197444
random_regular,60,0.15,1.0,4,120,4.0,0.0,0.0,240.0,1200.0,0.6630748233487419,7.468055097734622,8.288683975839305,8.32909106451759,0.0048749703567016215,0.01,0.010734936241651893,0.009999999992827302,0.7295,0.7272523315223118,0.0022476684776882028,0.7208,0.7187840225844295,0.002015977415570469
random_regular,60,0.15,1.5,0,120,4.0,0.0,0.0,240.0,1200.0,0.8308258511897653,7.3947106952906045,8.34682116507932,8.33078696295574,-0.0019209950478706777,0.01,0.0097218420902358,0.009999999991798014,0.9984,0.9988816564260576,-0.0004816564260576861,0.9985,0.9989182005264502,-0.00041820052645014094
random_regular,60,0.15,1.5,1,120,4.0,0.0,0.0,240.0,1200.0,0.7244100507624411,7.293641756915161,8.272437960569569,8.329016586572122,0.006839413758342336,0.01,0.011043018945356697,0.009999999992849395,0.9994,0.9990355543377465,0.0003644456622534653,0.9994,0.9989146277791433,0.0004853722208566502
random_regular,60,0.15,1.5,2,120,4.0,0.0,0.0,240.0,1200.0,0.7220659949608065,7.470711332913307,8.293300845780054,8.329412432471969,0.0043543080570011584,0.01,0.010654320048541055,0.00999999999264195,0.999,0.998993262281297,6.737718702964912e-06,0.999,0.9989146306238266,8.536937617342755e-05
random_regular,60,0.15,1.5,3,120,4.0,0.0,0.0,240.0,1200.0,0.7957150480711839,7.421220130619153,8.253603120256976,8.329324907791674,0.009174391648279412,0.01,0.011417661013618408,0.009999999992666875,0.9988,0.9990748931324825,-0.00027489313248252323,0.9986,0.9989159411542127,-0.0003159411542126289
random_regular,60,0.15,1.5,4,120,4.0,0.0,0.0,240.0,1200.0,0.6696405618736094,7.278153049108611,8.326878285949638,8.329689266248213,0.0003375791265399027,0.01,0.010049569921144863,0.009999999992455155,0.9994,0.9989228808099845,0.00047711919001547365,0.9994,0.9989165787377505,0.0004834212622494283
random_regular,60,0.15,2.0,0,120,4.0,0.0,0.0,240.0,1200.0,0.8138617817630089,7.270335459303655,8.244748299458546,8.330386197777724,0.010386963338201787,0.01,0.011614794214889035,0.009999999992033382,1.0,0.999999997599843,2.4001569620679675e-09,1.0,0.9999999966964412,3.303558759881753e-09
random_regular,60,0.15,2.0,1,120,4.0,0.0,0.0,240.0,1200.0,0.6678784205636792,7.44295513751843,8.387640835220083,8.328356505708273,-0.007068057714497282,0.01,0.009004747601797536,0.009999999993224429,1.0,0.9999999956974591,4.302540879130845e-09,1.0,0.9999999965385096,3.4614904276253355e-09
random_regular,60,0.15,2.0,2,120,4.0,0.0,0.0,240.0,1200.0,0.7644707397260533,7.347143460004018,8.237371131084803,8.330056021810366,0.011251756082204944,0.01,0.011758281154327643,0.009999999992241881,1.0,0.9999999976415086,2.35849140217681e-09,1.0,0.9999999966676706,3.3323294124087965e-09
random_regular,60,0.15,2.0,3,120,4.0,0.0,0.0,240.0,1200.0,0.7697865000310486,7.290720169565998,8.28528910926288,8.32898946736742,0.00527445180587393,0.01,0.01079723232253127,0.009999999992858277,1.0,0.9999999971161634,2.8838366139538607e-09,1.0,0.9999999966090471,3.390952851844986e-09
random_regular,60,0.15,2.0,4,120,4.0,0.0,0.0,240.0,1200.0,0.7214548712059935,7.310941283200291,8.27466833002553,8.329012579475663,0.006567544133815981,0.01,0.010999996567112924,0.00999999999285206,1.0,0.9999999972194739,2.7805261426649963e-09,1.0,0.9999999965988093,3.4011906624442645e-09
random_regular,60,0.15,3.0,0,120,4.0,0.0,0.0,240.0,1200.0,0.7634774231771648,7.364673868042711,8.237207009311087,8.329349516244463,0.011186134672738107,0.01,0.011748420997398978,0.009999999992656938,1.0,0.9999999999994068,5.931921620572211e-13,1.0,0.9999999999994374,5.625500065775668e-13
random_regular,60,0.15,3.0,1,120,4.0,0.0,0.0,240.0,1200.0,0.6845467128903036,7.332275348816126,8.347583343764962,8.328635015755603,-0.002269917798845498,0.01,0.009671389105001316,0.009999999993053565,1.0,0.9999999999994451,5.548894677076532e-13,1.0,0.9999999999994417,5.583311590839912e-13
random_regular,60,0.15,3.0,2,120,4.0,0.0,0.0,240.0,1200.0,0.7617278149071105,7.22826474684175,8.298029410525768,8.330064795976197,0.0038606015796706617,0.01,0.010578275875267662,0.009999999992239272,1.0,0.9999999999994308,5.692113447253178e-13,1.0,0.9999999999994323,5.676570324908425e-13
random_regular,60,0.15,3.0,3,120,4.0,0.0,0.0,240.0,1200.0,0.6862687449694379,7.374800637183584,8.406360160174696,8.329386961602497,-0.009156543034744266,0.01,0.008727048334880971,0.009999999992643949,1.0,0.9999999999994645,5.35460564776713e-13,1.0,0.9999999999994351,5.648814749292796e-13
random_regular,60,0.15,3.0,4,120,4.0,0.0,0.0,240.0,1200.0,0.6474124511399055,7.248434564103266,8.312663487010626,8.32798786076484,0.0018434974275283614,0.01,0.010273391476559701,0.009999999993411557,1.0,0.999999999999434,5.659916979539048e-13,1.0,0.9999999999994438,5.562217353372034e-13
random_regular,60,0.25,1.0,0,120,4.0,0.0,0.0,240.0,1200.0,0.640175564181879,7.254523046043155,23.31681339748147,23.135216610039638,-0.007788233509706274,0.01,0.008908061286146685,0.009999999993040631,0.1336,0.12961107728135712,0.003988922718642873,0.1428,0.138576211352638,0.0042237886473620034
random_regular,60,0.25,1.0,1,120,4.0,0.0,0.0,240.0,1200.0,0.8199064458987932,7.344525643361432,23.13557405361431,23.13520787848992,-1.582736281116276e-05,0.01,0.009997679089975342,0.00999999999304535,0.1466,0.13855713212623916,0.00804286787376085,0.1466,0.13857567611524357,0.008024323884756435
random_regular,60,0.25,1.0,2,120,4.0,0.0,0.0,240.0,1200.0,0.7793773808782034,7.362700591397932,23.1614192757053,23.135136964274587,-0.001134745289908929,0.01,0.009834654505181895,0.009999999993049957,0.1394,0.13725703673432987,0.0021429632656701225,0.1413,0.1385832467149198,0.002716753285080198
random_regular,60,0.25,1.0,3,120,4.0,0.0,0.0,240.0,1200.0,0.6521547956011823,7.279635729535954,23.172381198761006,23.13415478413707,-0.001649654141973936,0.01,0.009760271415802602,0.009999999993240194,0.1373,0.1367103694343748,0.0005896305656251932,0.1394,0.13863683839914598,0.0007631616008540176
random_regular,60,0.25,1.0,4,120,4.0,0.0,0.0,240.0,1200.0,0.7845261023835601,7.390097186897249,23.02857103879881,23.1400597504643,0.004841321308111262,0.01,0.010729059473998992,0.009999999992021336,0.1466,0.14403835786337518,0.0025616421366248254,0.1406,0.13831502227976203,0.002284977720237974
random_regular,60,0.25,1.5,0,120,4.0,0.0,0.0,240.0,1200.0,0.669355946494753,7.336839790313199,22.972896933117642,23.13619392082632,0.007108245345987175,0.01,0.01108562931286089,0.009999999992846509,0.5641,0.5652577812906875,-0.001157781290687443,0.5502,0.5506757090992556,-0.00047570909925553906
random_regular,60,0.25,1.5,1,120,4.0,0.0,0.0,240.0,1200.0,0.7171456696231875,7.409832691999726,23.06524263740477,23.13735183154033,0.0031263141372127263,0.01,0.010466454114171742,0.009999999992628072,0.5612,0.5569995615306633,0.004200438469336709,0.5546,0.5505589820893493,0.004041017910650702
random_regular,60,0.25,1.5,2,120,4.0,0.0,0.0,240.0,1200.0,0.8019130195228629,7.345904786814229,23.175581673061203,23.137086339608466,-0.0016610298716896003,0.01,0.00975884017488815,0.009999999992658826,0.5473,0.547135407798663,0.00016459220133702157,0.5518,0.5505734033487728,0.001226596651227152
random_regular,60,0.25,1.5,3,120,4.0,0.0,0.0,240.0,1200.0,0.770980439422535,7.305548635327001,22.979725117565085,23.13818438657792,0.0068956120320043295,0.01,0.011051223146453015,0.009999999992438058,0.5598,0.5646098662490541,-0.004809866249054107,0.5472,0.5504581024924747,-0.0032581024924747126
random_regular,60,0.25,1.5,4,120,4.0,0.0,0.0,240.0,1200.0,0.6133433158631464,7.364572163548765,23.39030645846511,23.13417077023928,-0.010950505872193546,0.01,0.008492107818848127,0.00999999999323914,0.5298,0.5280374755875558,0.0017625244124442885,0.5535,0.5508953933122499,0.0026046066877500884
random_regular,60,0.25,2.0,0,120,4.0,0.0,0.0,240.0,1200.0,0.8440650983031184,7.348828363410132,23.005434458899057,23.138998661478908,0.005805767451098299,0.01,0.010879467777729024,0.009999999992247655,0.9423,0.9411087230563885,0.0011912769436115411,0.9384,0.9375060342119886,0.0008939657880113749
random_regular,60,0.25,2.0,1,120,4.0,0.0,0.0,240.0,1200.0,0.5880814061115713,7.365754201417538,23.06741532025687,23.137320601416025,0.0030304774153767874,0.01,0.010451945370473448,0.009999999992626796,0.94,0.9394311903669621,0.0005688096330378478,0.9376,0.9375277792725364,7.222072746360109e-05
random_regular,60,0.25,2.0,2,120,4.0,0.0,0.0,240.0,1200.0,0.7349431171524572,7.429160756318615,22.878712541029458,23.137247144739725,0.011300225187349357,0.01,0.011767080748641412,0.009999999992638564,0.9442,0.944360902682876,-0.00016090268287594078,0.9365,0.9375295074719237,-0.0010295074719236519
random_regular,60,0.25,2.0,3,120,4.0,0.0,0.0,240.0,1200.0,0.8206061993686956,7.348138331279095,23.09683781902208,23.140014775320726,0.001869388209631231,0.01,0.01027675569430092,0.009999999992029385,0.9403,0.9386718753635843,0.0016281246364157065,0.9394,0.9374900791282527,0.0019099208717473504
random_regular,60,0.25,2.0,4,120,4.0,0.0,0.0,240.0,1200.0,0.5969864021549712,7.34191102703588,23.18199515082278,23.136023366630887,-0.001983081434225043,0.01,0.00971250534466489,0.009999999992865827,0.9376,0.9362769997552225,0.0013230002447774947,0.9388,0.9375513782458286,0.0012486217541713973
random_regular,60,0.25,3.0,0,120,4.0,0.0,0.0,240.0,1200.0,0.4871488028083095,7.178247729378172,23.26403812401027,23.13424642347605,-0.005579070144329973,0.01,0.009207478896099464,0.009999999993225428,1.0,0.9999983570865183,1.64291348170309e-06,1.0,0.9999985722815957,1.4277184042787994e-06
random_regular,60,0.25,3.0,1,120,4.0,0.0,0.0,240.0,1200.0,0.7485894358700023,7.48232346963933,23.304142963603773,23.136079052682216,-0.007211761066864283,0.01,0.008985685237031527,0.00999999999286122,1.0,0.9999983029207358,1.6970792642290178e-06,1.0,0.9999985850377153,1.4149622846737486e-06
random_regular,60,0.25,3.0,2,120,4.0,0.0,0.0,240.0,1200.0,0.6596631639777569,7.334281680878141,23.055306710201506,23.139139414028268,0.003636156520514523,0.01,0.010543929337761604,0.00999999999222817,1.0,0.999998718836169,1.281163831023946e-06,1.0,0.999998595924373,1.4040756269873e-06
random_regular,60,0.25,3.0,3,120,4.0,0.0,0.0,240.0,1200.0,0.7967931157579875,7.428400395652543,23.06643564793683,23.140119452768072,0.003194416595432304,0.01,0.0104764872962812,0.009999999992015562,1.0,0.9999987086317895,1.2913682104764845e-06,1.0,0.999998600337117,1.3996628830392766e-06
random_regular,60,0.25,3.0,4,120,4.0,0.0,0.0,240.0,1200.0,0.6998035980419067,7.421391960602633,23.37563583712406,23.13816766338814,-0.010158789920862289,0.01,0.008596315216159223,0.00999999999244161,1.0,0.999998178961891,1.821038108973383e-06,1.0,0.9999985908042307,1.4091957692974333e-06
random_regular,60,0.35,1.0,0,120,4.0,0.0,0.0,240.0,1200.0,0.7917875635129654,7.3909793680914575,45.89934945277551,45.34870600036679,-0.011996759408872711,0.01,0.008359325185753996,0.009999999992656827,0.0404,0.04333777922566417,-0.0029377792256641694,0.0474,0.049641654282195254,-0.002241654282195256
random_regular,60,0.35,1.0,1,120,4.0,0.0,0.0,240.0,1200.0,0.6146531893619629,7.405381428031486,45.438136938108734,45.34873628065469,-0.001967524715544902,0.01,0.00971485301005276,0.009999999992656272,0.0477,0.04856630207272052,-0.0008663020727205234,0.0491,0.04964071946673278,-0.0005407194667327794
random_regular,60,0.35,1.0,2,120,4.0,0.0,0.0,240.0,1200.0,0.7278312804170304,7.372537666128465,45.533596865869626,45.348792010291696,-0.004058648301435927,0.01,0.00941886418563781,0.009999999992652275,0.0464,0.047440986686756004,-0.001040986686756007,0.0489,0.049639690323065276,-0.0007396903230652771
random_regular,60,0.35,1.0,3,120,4.0,0.0,0.0,240.0,1200.0,0.7264786823612474,7.427335984339018,44.862210028203954,45.34696871510994,0.01080550170402274,0.01,0.01168554629858043,0.009999999992845843,0.0573,0.055846350697223775,0.001453649302776222,0.051,0.0496542046465789,0.0013457953534210948
random_regular,60,0.35,1.0,4,120,4.0,0.0,0.0,240.0,1200.0,0.6766434005312677,7.4096765687461446,46.04296792035306,45.34282448633713,-0.015206305449880286,0.01,0.007957065067566493,0.009999999993247632,0.0413,0.04179126121718084,-0.0004912612171808356,0.0485,0.04969350292305614,-0.0011935029230561375
random_regular,60,0.35,1.5,0,120,4.0,0.0,0.0,240.0,1200.0,0.6727135909967655,7.221978540838062,45.06490541372371,45.338935061657615,0.006080777168356313,0.01,0.0109244819732503,0.009999999993615172,0.1851,0.18508143073923192,1.8569260768069862e-05,0.1757,0.17665295212815194,-0.0009529521281519404
random_regular,60,0.35,1.5,1,120,4.0,0.0,0.0,240.0,1200.0,0.7301731910764584,7.3423259164544685,45.51459461131615,45.35064535361771,-0.003602124968892478,0.01,0.009482986186988895,0.00999999999244966,0.1752,0.1713480931246198,0.003851906875380201,0.1786,0.17624548604973794,0.002354513950262066
random_regular,60,0.35,1.5,2,120,4.0,0.0,0.0,240.0,1200.0,0.629601250174151,7.519717041684163,45.31839419059559,45.34710286935272,0.0006334884381910533,0.01,0.010093208992248581,0.009999999992838238,0.1808,0.177230859962293,0.003569140037706975,0.1803,0.1763623638331396,0.003937636166860381
random_regular,60,0.35,1.5,3,120,4.0,0.0,0.0,240.0,1200.0,0.6412781461550054,7.2763160630488315,45.50949433201017,45.34495470533048,-0.003615501096964683,0.01,0.009480679932643066,0.009999999993042852,0.1703,0.1715213240277267,-0.0012213240277267057,0.1749,0.176441426797398,-0.0015414267973979934
random_regular,60,0.35,1.5,4,120,4.0,0.0,0.0,240.0,1200.0,0.6979131215719462,7.382292691146735,45.268389423677256,45.34877989149819,0.0017758632203266754,0.01,0.010262974279008963,0.00999999999265394,0.1821,0.17874733378537713,0.003352666214622879,0.18,0.17630837393555404,0.003691626064445952
random_regular,60,0.35,2.0,0,120,4.0,0.0,0.0,240.0,1200.0,0.7549441280260122,7.360426711422439,45.605081460948625,45.342831572222984,-0.005750453246097244,0.01,0.009183872673838966,0.009999999993247188,0.4596,0.46426975186503355,-0.0046697518650335446,0.4716,0.4762786082799779,-0.004678608279977903
random_regular,60,0.35,2.0,1,120,4.0,0.0,0.0,240.0,1200.0,0.6604358509751925,7.187668559129106,45.07930598846917,45.333187009620644,0.005631875105096154,0.01,0.010854764402562,0.009999999994128594,0.4872,0.48852979372609134,-0.0013297937260913217,0.4737,0.47683627954772934,-0.003136279547729326
random_regular,60,0.35,2.0,2,120,4.0,0.0,0.0,240.0,1200.0,0.7319429985027541,7.373091998436324,45.060124948643804,45.34874067427266,0.006405124840594678,0.01,0.010974098178396341,0.00999999999265272,0.4908,0.4892347975912525,0.0015652024087475236,0.477,0.47593893937600995,0.0010610606239900289
random_regular,60,0.35,2.0,3,120,4.0,0.0,0.0,240.0,1200.0,0.700253222143862,7.374713409583444,45.06897509476003,45.34485091581674,0.006121191362276841,0.01,0.01092994707531042,0.009999999993052067,0.4935,0.48887174433244157,0.004628255667558423,0.4791,0.47616386697085106,0.0029361330291489685
random_regular,60,0.35,2.0,4,120,4.0,0.0,0.0,240.0,1200.0,0.6538423508900915,7.337857274115368,45.115657520602134,45.34693450556751,0.005126313073454891,0.01,0.010774106112081294,0.0099999999928444,0.4864,0.48669409542726044,-0.00029409542726044346,0.4748,0.47604547646337675,-0.001245476463376749
random_regular,60,0.35,3.0,0,120,4.0,0.0,0.0,240.0,1200.0,0.7079056429829974,7.2976516755455245,45.865889716247224,45.34879315929804,-0.011274098467254006,0.01,0.008451708824728177,0.009999999992649555,0.9684,0.9714543741810424,-0.003054374181042374,0.9728,0.9750834357715981,-0.0022834357715980635
random_regular,60,0.35,3.0,1,120,4.0,0.0,0.0,240.0,1200.0,0.6315934031776065,7.2751031746713535,45.28352582880368,45.344911328716364,0.0013555812801492539,0.01,0.010200373682070996,0.009999999993048125,0.9766,0.9754942447424522,0.001105755257547858,0.976,0.9750888337467748,0.0009111662532251819
random_regular,60,0.35,3.0,2,120,4.0,0.0,0.0,240.0,1200.0,0.727383497775995,7.436258230721237,45.566510009041004,45.34492658207033,-0.004862857105508181,0.01,0.009306555206464784,0.009999999993048903,0.9734,0.9735811963058355,-0.00018119630583546265,0.975,0.9750884750701593,-8.847507015929956e-05
random_regular,60,0.35,3.0,3,120,4.0,0.0,0.0,240.0,1200.0,0.6902152539720604,7.204431161377517,45.902569075423486,45.341197507979324,-0.012229632866991837,0.01,0.008328107759326575,0.009999999993416497,0.971,0.971138597785237,-0.00013859778523706012,0.9754,0.9750921947577125,0.0003078052422875732
random_regular,60,0.35,3.0,4,120,4.0,0.0,0.0,240.0,1200.0,0.6408187927456499,7.401178712420676,44.907767380213706,45.34118371282292,0.009651255403985525,0.01,0.011496986356001382,0.00999999999341522,0.977,0.9778441023204334,-0.0008441023204334153,0.9736,0.975092643983482,-0.0014926439834820338
