graph_type,n,noise_model,sigma,amplitude,pattern,repetition,signal_location,signal_norm,signal_graph_energy,rayleigh_quotient,lambda2,lambda_max,normalized_rayleigh,tau_spectral,pfa_mc,pfa_theory,pd_mc,pd_theory,pd_error,theoretical_mean_shift,empirical_mean_shift,mean_shift_error
star,20,iid,0.15,0.75,constant,0,all,0.7499999999999999,3.7238012298709096e-17,6.620091075326063e-17,0.999999999999999,20.0,3.3100455376630313e-18,3.4028450363590803,0.0106,0.010000000001305465,0.0086,0.010000000001305465,-0.0014000000013054646,3.7238012298709096e-17,-0.00010825973724981619,-0.00010825973724985343
star,20,iid,0.15,0.75,fiedler,0,fiedler,0.7500000000000001,0.5625000000000001,0.9999999999999998,0.999999999999999,20.0,0.04999999999999999,3.4028450363590803,0.0106,0.010000000001305465,0.026,0.02127229613370607,0.004727703866293929,0.5625000000000001,0.5761587339472187,0.013658733947218615
star,20,iid,0.15,0.75,cluster,0,4;0;1;2,0.75,2.25,4.0,0.999999999999999,20.0,0.2,3.4028450363590803,0.0106,0.010000000001305465,0.3614,0.3567302927674738,0.004669707232526188,2.25,2.2486344239664495,-0.0013655760335504752
star,20,iid,0.15,0.75,point,0,16,0.75,0.5625,1.0,0.999999999999999,20.0,0.05,3.4028450363590803,0.0106,0.010000000001305465,0.0278,0.024554705094985974,0.003245294905014025,0.5625,0.5638543713759863,0.001354371375986263
star,20,iid,0.15,0.75,edge_bipolar,0,0-4,0.7499999999999999,6.1875,11.000000000000002,0.999999999999999,20.0,0.55,3.4028450363590803,0.0106,0.010000000001305465,0.8712,0.8770594196063675,-0.005859419606367489,6.1875,6.18872312188124,0.0012231218812397415
star,20,iid,0.15,0.75,high_frequency,0,lambda_max,0.7499999999999999,11.250000000000004,20.00000000000001,0.999999999999999,20.0,1.0000000000000004,3.4028450363590803,0.0106,0.010000000001305465,0.9916,0.9921448187760316,-0.0005448187760315193,11.250000000000004,11.245354628821605,-0.00464537117839825
star,20,iid,0.15,1.5,constant,0,all,1.4999999999999998,1.4895204919483638e-16,6.620091075326063e-17,0.999999999999999,20.0,3.3100455376630313e-18,3.4028450363590803,0.0106,0.010000000001305465,0.0086,0.010000000001305465,-0.0014000000013054646,1.4895204919483638e-16,0.0026948471741072844,0.0026948471741071356
star,20,iid,0.15,1.5,fiedler,0,fiedler,1.5000000000000002,2.2500000000000004,0.9999999999999998,0.999999999999999,20.0,0.04999999999999999,3.4028450363590803,0.0106,0.010000000001305465,0.2806,0.27448383821631084,0.006116161783689178,2.2500000000000004,2.2547392291639445,0.004739229163944092
star,20,iid,0.15,1.5,cluster,0,13;0;1;2,1.5,9.0,4.0,0.999999999999999,20.0,0.2,3.4028450363590803,0.0106,0.010000000001305465,0.9866,0.9857875452652627,0.0008124547347373445,9.0,9.016924593223978,0.01692459322397788
star,20,iid,0.15,1.5,point,0,9,1.5,2.25,1.0,0.999999999999999,20.0,0.05,3.4028450363590803,0.0106,0.010000000001305465,0.273,0.27445137972525097,-0.0014513797252509453,2.25,2.2392440539810927,-0.01075594601890728
star,20,iid,0.15,1.5,edge_bipolar,0,0-5,1.4999999999999998,24.75,11.000000000000002,0.999999999999999,20.0,0.55,3.4028450363590803,0.0106,0.010000000001305465,1.0,0.9999998445940388,1.55405961210775e-07,24.75,24.801464753853725,0.0514647538537254
star,20,iid,0.15,1.5,high_frequency,0,lambda_max,1.4999999999999998,45.000000000000014,20.00000000000001,0.999999999999999,20.0,1.0000000000000004,3.4028450363590803,0.0106,0.010000000001305465,1.0,0.9999999999999359,6.405986852087153e-14,45.000000000000014,44.97855119414264,-0.021448805857374964
star,20,iid,0.15,3.0,constant,0,all,2.9999999999999996,5.958081967793455e-16,6.620091075326063e-17,0.999999999999999,20.0,3.3100455376630313e-18,3.4028450363590803,0.0106,0.010000000001305465,0.009,0.010000000001305465,-0.0010000000013054653,5.958081967793455e-16,0.0023477964572987675,0.0023477964572981716
star,20,iid,0.15,3.0,fiedler,0,fiedler,3.0000000000000004,9.000000000000002,0.9999999999999998,0.999999999999999,20.0,0.04999999999999999,3.4028450363590803,0.0106,0.010000000001305465,1.0,0.9999999999999998,2.220446049250313e-16,9.000000000000002,8.994225544956967,-0.005774455043034976
star,20,iid,0.15,3.0,cluster,0,9;0;1;2,3.0,36.0,4.0,0.999999999999999,20.0,0.2,3.4028450363590803,0.0106,0.010000000001305465,1.0,1.0,0.0,36.0,35.99800422131852,-0.0019957786814828182
star,20,iid,0.15,3.0,point,0,15,3.0,9.0,1.0,0.999999999999999,20.0,0.05,3.4028450363590803,0.0106,0.010000000001305465,1.0,0.9999999999999993,6.661338147750939e-16,9.0,9.006614413472768,0.006614413472767922
star,20,iid,0.15,3.0,edge_bipolar,0,0-7,2.9999999999999996,99.0,11.000000000000002,0.999999999999999,20.0,0.55,3.4028450363590803,0.0106,0.010000000001305465,1.0,0.9999999999992047,7.952527525389996e-13,99.0,98.92120953028274,-0.07879046971726211
star,20,iid,0.15,3.0,high_frequency,0,lambda_max,2.9999999999999996,180.00000000000006,20.00000000000001,0.999999999999999,20.0,1.0000000000000004,3.4028450363590803,0.0106,0.010000000001305465,1.0,1.0,0.0,180.00000000000006,180.53940668036807,0.5394066803680175
star,20,iid,0.15,0.75,constant,1,all,0.7499999999999999,3.7238012298709096e-17,6.620091075326063e-17,0.999999999999999,20.0,3.3100455376630313e-18,3.4028450363590803,0.0096,0.010000000001305465,0.006,0.010000000001305465,-0.0040000000013054645,3.7238012298709096e-17,-2.2601579263703542e-05,-2.260157926374078e-05
star,20,iid,0.15,0.75,fiedler,1,fiedler,0.7500000000000001,0.5625000000000001,0.9999999999999998,0.999999999999999,20.0,0.04999999999999999,3.4028450363590803,0.0096,0.010000000001305465,0.0226,0.02127229613370607,0.0013277038662939285,0.5625000000000001,0.568016987235469,0.005516987235468895
star,20,iid,0.15,0.75,cluster,1,15;0;1;2,0.75,2.25,4.0,0.999999999999999,20.0,0.2,3.4028450363590803,0.0096,0.010000000001305465,0.3546,0.3567302927674738,-0.002130292767473785,2.25,2.2546645405239536,0.0046645405239535975
star,20,iid,0.15,0.75,point,1,8,0.75,0.5625,1.0,0.999999999999999,20.0,0.05,3.4028450363590803,0.0096,0.010000000001305465,0.0236,0.024554705094985974,-0.0009547050949859741,0.5625,0.5517692344421834,-0.010730765557816602
star,20,iid,0.15,0.75,edge_bipolar,1,0-6,0.7499999999999999,6.1875,11.000000000000002,0.999999999999999,20.0,0.55,3.4028450363590803,0.0096,0.010000000001305465,0.8852,0.8770594196063675,0.008140580393632524,6.1875,6.182931486732991,-0.004568513267009244
star,20,iid,0.15,0.75,high_frequency,1,lambda_max,0.7499999999999999,11.250000000000004,20.00000000000001,0.999999999999999,20.0,1.0000000000000004,3.4028450363590803,0.0096,0.010000000001305465,0.9924,0.9921448187760316,0.0002551812239683926,11.250000000000004,11.274910700313278,0.024910700313274248
star,20,iid,0.15,1.5,constant,1,all,1.4999999999999998,1.4895204919483638e-16,6.620091075326063e-17,0.999999999999999,20.0,3.3100455376630313e-18,3.4028450363590803,0.0096,0.010000000001305465,0.0094,0.010000000001305465,-0.0006000000013054643,1.4895204919483638e-16,-0.0021744994278827257,-0.0021744994278828744
star,20,iid,0.15,1.5,fiedler,1,fiedler,1.5000000000000002,2.2500000000000004,0.9999999999999998,0.999999999999999,20.0,0.04999999999999999,3.4028450363590803,0.0096,0.010000000001305465,0.271,0.27448383821631084,-0.0034838382163108195,2.2500000000000004,2.252734985722192,0.002734985722191663
star,20,iid,0.15,1.5,cluster,1,16;0;1;2,1.5,9.0,4.0,0.999999999999999,20.0,0.2,3.4028450363590803,0.0096,0.010000000001305465,0.9854,0.9857875452652626,-0.0003875452652625233,9.0,9.017733059544756,0.017733059544756458
star,20,iid,0.15,1.5,point,1,4,1.5,2.25,1.0,0.999999999999999,20.0,0.05,3.4028450363590803,0.0096,0.010000000001305465,0.2766,0.2744513797252509,0.0021486202747491023,2.25,2.2510377202778553,0.001037720277855314
star,20,iid,0.15,1.5,edge_bipolar,1,0-9,1.4999999999999998,24.75,11.000000000000002,0.999999999999999,20.0,0.55,3.4028450363590803,0.0096,0.010000000001305465,1.0,0.9999998445940388,1.55405961210775e-07,24.75,24.69180366486337,-0.05819633513662836
star,20,iid,0.15,1.5,high_frequency,1,lambda_max,1.4999999999999998,45.000000000000014,20.00000000000001,0.999999999999999,20.0,1.0000000000000004,3.4028450363590803,0.0096,0.010000000001305465,1.0,0.9999999999999359,6.405986852087153e-14,45.000000000000014,44.93547856711903,-0.0645214328809871
star,20,iid,0.15,3.0,constant,1,all,2.9999999999999996,5.958081967793455e-16,6.620091075326063e-17,0.999999999999999,20.0,3.3100455376630313e-18,3.4028450363590803,0.0096,0.010000000001305465,0.0082,0.010000000001305465,-0.001800000001305464,5.958081967793455e-16,0.0008890002796135832,0.0008890002796129874
star,20,iid,0.15,3.0,fiedler,1,fiedler,3.0000000000000004,9.000000000000002,0.9999999999999998,0.999999999999999,20.0,0.04999999999999999,3.4028450363590803,0.0096,0.010000000001305465,1.0,0.9999999999999998,2.220446049250313e-16,9.000000000000002,9.000533398780243,0.0005333987802416118
star,20,iid,0.15,3.0,cluster,1,2;0;1;3,3.0,36.0,4.0,0.999999999999999,20.0,0.2,3.4028450363590803,0.0096,0.010000000001305465,1.0,1.0,0.0,36.0,35.96473640834458,-0.03526359165542203
star,20,iid,0.15,3.0,point,1,11,3.0,9.0,1.0,0.999999999999999,20.0,0.05,3.4028450363590803,0.0096,0.010000000001305465,1.0,0.9999999999999992,7.771561172376096e-16,9.0,9.036649065043775,0.03664906504377541
star,20,iid,0.15,3.0,edge_bipolar,1,0-7,2.9999999999999996,99.0,11.000000000000002,0.999999999999999,20.0,0.55,3.4028450363590803,0.0096,0.010000000001305465,1.0,0.9999999999992047,7.952527525389996e-13,99.0,99.14234639649848,0.1423463964984819
star,20,iid,0.15,3.0,high_frequency,1,lambda_max,2.9999999999999996,180.00000000000006,20.00000000000001,0.999999999999999,20.0,1.0000000000000004,3.4028450363590803,0.0096,0.010000000001305465,1.0,1.0,0.0,180.00000000000006,180.16085349770458,0.1608534977045224
star,20,iid,0.15,0.75,constant,2,all,0.7499999999999999,3.7238012298709096e-17,6.620091075326063e-17,0.999999999999999,20.0,3.3100455376630313e-18,3.4028450363590803,0.008,0.010000000001305465,0.0098,0.010000000001305465,-0.00020000000130546494,3.7238012298709096e-17,0.005609689295318687,0.00560968929531865
star,20,iid,0.15,0.75,fiedler,2,fiedler,0.7500000000000001,0.5625000000000001,0.9999999999999998,0.999999999999999,20.0,0.04999999999999999,3.4028450363590803,0.008,0.010000000001305465,0.0216,0.02127229613370607,0.00032770386629393106,0.5625000000000001,0.5608127006505661,-0.0016872993494340127
star,20,iid,0.15,0.75,cluster,2,17;0;1;2,0.75,2.25,4.0,0.999999999999999,20.0,0.2,3.4028450363590803,0.008,0.010000000001305465,0.3528,0.3567302927674737,-0.003930292767473698,2.25,2.197575098636351,-0.05242490136364886
star,20,iid,0.15,0.75,point,2,13,0.75,0.5625,1.0,0.999999999999999,20.0,0.05,3.4028450363590803,0.008,0.010000000001305465,0.024,0.024554705094985974,-0.000554705094985973,0.5625,0.5778584919595817,0.015358491959581722
star,20,iid,0.15,0.75,edge_bipolar,2,0-6,0.7499999999999999,6.1875,11.000000000000002,0.999999999999999,20.0,0.55,3.4028450363590803,0.008,0.010000000001305465,0.881,0.8770594196063675,0.003940580393632542,6.1875,6.2330213002179695,0.04552130021796952
star,20,iid,0.15,0.75,high_frequency,2,lambda_max,0.7499999999999999,11.250000000000004,20.00000000000001,0.999999999999999,20.0,1.0000000000000004,3.4028450363590803,0.008,0.010000000001305465,0.992,0.9921448187760316,-0.00014481877603156335,11.250000000000004,11.24375308764464,-0.006246912355363676
star,20,iid,0.15,1.5,constant,2,all,1.4999999999999998,1.4895204919483638e-16,6.620091075326063e-17,0.999999999999999,20.0,3.3100455376630313e-18,3.4028450363590803,0.008,0.010000000001305465,0.0118,0.010000000001305465,0.001799999998694535,1.4895204919483638e-16,0.011530885845039696,0.011530885845039546
star,20,iid,0.15,1.5,fiedler,2,fiedler,1.5000000000000002,2.2500000000000004,0.9999999999999998,0.999999999999999,20.0,0.04999999999999999,3.4028450363590803,0.008,0.010000000001305465,0.2762,0.27448383821631084,0.001716161783689163,2.2500000000000004,2.2573577436737624,0.007357743673761963
star,20,iid,0.15,1.5,cluster,2,16;0;1;2,1.5,9.0,4.0,0.999999999999999,20.0,0.2,3.4028450363590803,0.008,0.010000000001305465,0.985,0.9857875452652626,-0.0007875452652625903,9.0,9.021080910807472,0.021080910807471653
star,20,iid,0.15,1.5,point,2,6,1.5,2.25,1.0,0.999999999999999,20.0,0.05,3.4028450363590803,0.008,0.010000000001305465,0.2632,0.2744513797252513,-0.01125137972525131,2.25,2.2200705208978473,-0.029929479102152712
star,20,iid,0.15,1.5,edge_bipolar,2,0-4,1.4999999999999998,24.75,11.000000000000002,0.999999999999999,20.0,0.55,3.4028450363590803,0.008,0.010000000001305465,1.0,0.9999998445940388,1.55405961210775e-07,24.75,24.59245034599077,-0.15754965400923027
star,20,iid,0.15,1.5,high_frequency,2,lambda_max,1.4999999999999998,45.000000000000014,20.00000000000001,0.999999999999999,20.0,1.0000000000000004,3.4028450363590803,0.008,0.010000000001305465,1.0,0.9999999999999359,6.405986852087153e-14,45.000000000000014,45.042425039479525,0.04242503947951093
star,20,iid,0.15,3.0,constant,2,all,2.9999999999999996,5.958081967793455e-16,6.620091075326063e-17,0.999999999999999,20.0,3.3100455376630313e-18,3.4028450363590803,0.008,0.010000000001305465,0.0078,0.010000000001305465,-0.002200000001305465,5.958081967793455e-16,-0.017418504041621596,-0.017418504041622193
star,20,iid,0.15,3.0,fiedler,2,fiedler,3.0000000000000004,9.000000000000002,0.9999999999999998,0.999999999999999,20.0,0.04999999999999999,3.4028450363590803,0.008,0.010000000001305465,1.0,0.9999999999999998,2.220446049250313e-16,9.000000000000002,8.996878794577349,-0.0031212054226532615
star,20,iid,0.15,3.0,cluster,2,19;0;1;2,3.0,36.0,4.0,0.999999999999999,20.0,0.2,3.4028450363590803,0.008,0.010000000001305465,1.0,1.0,0.0,36.0,36.02513217456833,0.02513217456832706
star,20,iid,0.15,3.0,point,2,10,3.0,9.0,1.0,0.999999999999999,20.0,0.05,3.4028450363590803,0.008,0.010000000001305465,1.0,0.9999999999999992,7.771561172376096e-16,9.0,8.98828967289389,-0.011710327106110086
star,20,iid,0.15,3.0,edge_bipolar,2,0-10,2.9999999999999996,99.0,11.000000000000002,0.999999999999999,20.0,0.55,3.4028450363590803,0.008,0.010000000001305465,1.0,0.9999999999992047,7.952527525389996e-13,99.0,98.69633433765622,-0.303665662343775
star,20,iid,0.15,3.0,high_frequency,2,lambda_max,2.9999999999999996,180.00000000000006,20.00000000000001,0.999999999999999,20.0,1.0000000000000004,3.4028450363590803,0.008,0.010000000001305465,1.0,1.0,0.0,180.00000000000006,179.93864394916736,-0.06135605083269979
star,20,iid,0.15,0.75,constant,3,all,0.7499999999999999,3.7238012298709096e-17,6.620091075326063e-17,0.999999999999999,20.0,3.3100455376630313e-18,3.4028450363590803,0.0108,0.010000000001305465,0.01,0.010000000001305465,-1.3054644171228702e-12,3.7238012298709096e-17,0.003061427318985288,0.003061427318985251
star,20,iid,0.15,0.75,fiedler,3,fiedler,0.7500000000000001,0.5625000000000001,0.9999999999999998,0.999999999999999,20.0,0.04999999999999999,3.4028450363590803,0.0108,0.010000000001305465,0.0236,0.02127229613370607,0.0023277038662939294,0.5625000000000001,0.5606580183748631,-0.0018419816251370458
star,20,iid,0.15,0.75,cluster,3,18;0;1;2,0.75,2.25,4.0,0.999999999999999,20.0,0.2,3.4028450363590803,0.0108,0.010000000001305465,0.3626,0.3567302927674738,0.005869707232526167,2.25,2.255869131162071,0.005869131162071106
star,20,iid,0.15,0.75,point,3,10,0.75,0.5625,1.0,0.999999999999999,20.0,0.05,3.4028450363590803,0.0108,0.010000000001305465,0.0214,0.02455470509498614,-0.003154705094986141,0.5625,0.5461922802477135,-0.01630771975228651
star,20,iid,0.15,0.75,edge_bipolar,3,0-12,0.7499999999999999,6.1875,11.000000000000002,0.999999999999999,20.0,0.55,3.4028450363590803,0.0108,0.010000000001305465,0.8706,0.8770594196063675,-0.0064594196063674225,6.1875,6.281000216877674,0.09350021687767374
star,20,iid,0.15,0.75,high_frequency,3,lambda_max,0.7499999999999999,11.250000000000004,20.00000000000001,0.999999999999999,20.0,1.0000000000000004,3.4028450363590803,0.0108,0.010000000001305465,0.9894,0.9921448187760316,-0.00274481877603161,11.250000000000004,11.249747796165318,-0.00025220383468571583
star,20,iid,0.15,1.5,constant,3,all,1.4999999999999998,1.4895204919483638e-16,6.620091075326063e-17,0.999999999999999,20.0,3.3100455376630313e-18,3.4028450363590803,0.0108,0.010000000001305465,0.01,0.010000000001305465,-1.3054644171228702e-12,1.4895204919483638e-16,0.002459832452402999,0.0024598324524028503
star,20,iid,0.15,1.5,fiedler,3,fiedler,1.5000000000000002,2.2500000000000004,0.9999999999999998,0.999999999999999,20.0,0.04999999999999999,3.4028450363590803,0.0108,0.010000000001305465,0.277,0.27448383821631084,0.002516161783689186,2.2500000000000004,2.2515004360942488,0.0015004360942483252
star,20,iid,0.15,1.5,cluster,3,19;0;1;2,1.5,9.0,4.0,0.999999999999999,20.0,0.2,3.4028450363590803,0.0108,0.010000000001305465,0.9828,0.9857875452652626,-0.00298754526526257,9.0,8.959297409840026,-0.040702590159973795
star,20,iid,0.15,1.5,point,3,12,1.5,2.25,1.0,0.999999999999999,20.0,0.05,3.4028450363590803,0.0108,0.010000000001305465,0.2728,0.274451379725251,-0.0016513797252510343,2.25,2.244669028406224,-0.005330971593775935
star,20,iid,0.15,1.5,edge_bipolar,3,0-2,1.4999999999999998,24.75,11.000000000000002,0.999999999999999,20.0,0.55,3.4028450363590803,0.0108,0.010000000001305465,1.0,0.9999998445940388,1.55405961210775e-07,24.75,24.718034945946528,-0.031965054053472386
star,20,iid,0.15,1.5,high_frequency,3,lambda_max,1.4999999999999998,45.000000000000014,20.00000000000001,0.999999999999999,20.0,1.0000000000000004,3.4028450363590803,0.0108,0.010000000001305465,1.0,0.9999999999999359,6.405986852087153e-14,45.000000000000014,45.12595745707116,0.12595745707114503
star,20,iid,0.15,3.0,constant,3,all,2.9999999999999996,5.958081967793455e-16,6.620091075326063e-17,0.999999999999999,20.0,3.3100455376630313e-18,3.4028450363590803,0.0108,0.010000000001305465,0.0146,0.010000000001305465,0.0045999999986945355,5.958081967793455e-16,0.013052967551137828,0.013052967551137233
star,20,iid,0.15,3.0,fiedler,3,fiedler,3.0000000000000004,9.000000000000002,0.9999999999999998,0.999999999999999,20.0,0.04999999999999999,3.4028450363590803,0.0108,0.010000000001305465,1.0,0.9999999999999998,2.220446049250313e-16,9.000000000000002,8.976505098808122,-0.02349490119187969
star,20,iid,0.15,3.0,cluster,3,8;0;1;2,3.0,36.0,4.0,0.999999999999999,20.0,0.2,3.4028450363590803,0.0108,0.010000000001305465,1.0,1.0,0.0,36.0,35.880657625509244,-0.11934237449075624
star,20,iid,0.15,3.0,point,3,14,3.0,9.0,1.0,0.999999999999999,20.0,0.05,3.4028450363590803,0.0108,0.010000000001305465,1.0,0.9999999999999992,7.771561172376096e-16,9.0,8.999171910527755,-0.0008280894722449972
star,20,iid,0.15,3.0,edge_bipolar,3,0-15,2.9999999999999996,99.0,11.000000000000002,0.999999999999999,20.0,0.55,3.4028450363590803,0.0108,0.010000000001305465,1.0,0.9999999999992047,7.952527525389996e-13,99.0,98.8473297978814,-0.15267020211859972
star,20,iid,0.15,3.0,high_frequency,3,lambda_max,2.9999999999999996,180.00000000000006,20.00000000000001,0.999999999999999,20.0,1.0000000000000004,3.4028450363590803,0.0108,0.010000000001305465,1.0,1.0,0.0,180.00000000000006,179.82003959641474,-0.17996040358531218
star,20,iid,0.3,0.75,constant,0,all,0.7499999999999999,3.7238012298709096e-17,6.620091075326063e-17,0.999999999999999,20.0,3.3100455376630313e-18,13.611378010981767,0.0102,0.010000000001224474,0.0092,0.010000000001224474,-0.000800000001224474,3.7238012298709096e-17,0.006378974725464115,0.006378974725464078
star,20,iid,0.3,0.75,fiedler,0,fiedler,0.7500000000000001,0.5625000000000001,0.9999999999999998,0.999999999999999,20.0,0.04999999999999999,13.611378010981767,0.0102,0.010000000001224474,0.011,0.012054060299126368,-0.0010540602991263685,0.5625000000000001,0.5489285317678174,-0.013571468232182693
star,20,iid,0.3,0.75,cluster,0,9;0;1;2,0.75,2.25,4.0,0.999999999999999,20.0,0.2,13.611378010981767,0.0102,0.010000000001224474,0.0606,0.06549988985466593,-0.004899889854665926,2.25,2.077658874357093,-0.17234112564290704
star,20,iid,0.3,0.75,point,0,15,0.75,0.5625,1.0,0.999999999999999,20.0,0.05,13.611378010981767,0.0102,0.010000000001224474,0.0112,0.012634097089558316,-0.0014340970895583161,0.5625,0.5515857934395996,-0.01091420656040043
star,20,iid,0.3,0.75,edge_bipolar,0,0-17,0.7499999999999999,6.1875,11.000000000000002,0.999999999999999,20.0,0.55,13.611378010981767,0.0102,0.010000000001224474,0.2226,0.23089824777924228,-0.00829824777924229,6.1875,6.050160284917706,-0.1373397150822937
star,20,iid,0.3,0.75,high_frequency,0,lambda_max,0.7499999999999999,11.250000000000004,20.00000000000001,0.999999999999999,20.0,1.0000000000000004,13.611378010981767,0.0102,0.010000000001224474,0.4566,0.4680064916293989,-0.011406491629398885,11.250000000000004,11.185097827845201,-0.06490217215480243
star,20,iid,0.3,1.5,constant,0,all,1.4999999999999998,1.4895204919483638e-16,6.620091075326063e-17,0.999999999999999,20.0,3.3100455376630313e-18,13.611378010981767,0.0102,0.010000000001224474,0.01,0.010000000001224474,-1.224473647476465e-12,1.4895204919483638e-16,-0.04117668730007473,-0.04117668730007488
star,20,iid,0.3,1.5,fiedler,0,fiedler,1.5000000000000002,2.2500000000000004,0.9999999999999998,0.999999999999999,20.0,0.04999999999999999,13.611378010981767,0.0102,0.010000000001224474,0.0222,0.021272303569312867,0.000927696430687134,2.2500000000000004,2.2613249487524625,0.011324948752462038
star,20,iid,0.3,1.5,cluster,0,16;0;1;2,1.5,9.0,4.0,0.999999999999999,20.0,0.2,13.611378010981767,0.0102,0.010000000001224474,0.3492,0.356730384015372,-0.0075303840153719825,9.0,9.055989739778813,0.05598973977881272
star,20,iid,0.3,1.5,point,0,7,1.5,2.25,1.0,0.999999999999999,20.0,0.05,13.611378010981767,0.0102,0.010000000001224474,0.0226,0.024554711787545147,-0.0019547117875451485,2.25,2.2496660645034288,-0.000333935496571236
star,20,iid,0.3,1.5,edge_bipolar,0,0-3,1.4999999999999998,24.75,11.000000000000002,0.999999999999999,20.0,0.55,13.611378010981767,0.0102,0.010000000001224474,0.8714,0.87705946935379,-0.005659469353790025,24.75,24.70716010694214,-0.04283989305785951
star,20,iid,0.3,1.5,high_frequency,0,lambda_max,1.4999999999999998,45.000000000000014,20.00000000000001,0.999999999999999,20.0,1.0000000000000004,13.611378010981767,0.0102,0.010000000001224474,0.9934,0.9921448302191336,0.001255169780866372,45.000000000000014,45.083503028791185,0.08350302879117066
star,20,iid,0.3,3.0,constant,0,all,2.9999999999999996,5.958081967793455e-16,6.620091075326063e-17,0.999999999999999,20.0,3.3100455376630313e-18,13.611378010981767,0.0102,0.010000000001224474,0.01,0.010000000001224474,-1.224473647476465e-12,5.958081967793455e-16,-0.027155229623508692,-0.02715522962350929
star,20,iid,0.3,3.0,fiedler,0,fiedler,3.0000000000000004,9.000000000000002,0.9999999999999998,0.999999999999999,20.0,0.04999999999999999,13.611378010981767,0.0102,0.010000000001224474,0.2802,0.2744840601598089,0.005715939840191087,9.000000000000002,9.046535986049179,0.04653598604917697
star,20,iid,0.3,3.0,cluster,0,8;0;1;2,3.0,36.0,4.0,0.999999999999999,20.0,0.2,13.611378010981767,0.0102,0.010000000001224474,0.988,0.9857875560719396,0.0022124439280604147,36.0,35.90772219795722,-0.09227780204277991
star,20,iid,0.3,3.0,point,0,3,3.0,9.0,1.0,0.999999999999999,20.0,0.05,13.611378010981767,0.0102,0.010000000001224474,0.2734,0.27445157043383084,-0.0010515704338308618,9.0,9.066981418245103,0.06698141824510273
star,20,iid,0.3,3.0,edge_bipolar,0,0-7,2.9999999999999996,99.0,11.000000000000002,0.999999999999999,20.0,0.55,13.611378010981767,0.0102,0.010000000001224474,1.0,0.9999998445942694,1.5540573061745278e-07,99.0,99.10921074807331,0.1092107480733091
star,20,iid,0.3,3.0,high_frequency,0,lambda_max,2.9999999999999996,180.00000000000006,20.00000000000001,0.999999999999999,20.0,1.0000000000000004,13.611378010981767,0.0102,0.010000000001224474,1.0,0.9999999999999387,6.128431095930864e-14,180.00000000000006,180.43186472460667,0.43186472460661207
star,20,iid,0.3,0.75,constant,1,all,0.7499999999999999,3.7238012298709096e-17,6.620091075326063e-17,0.999999999999999,20.0,3.3100455376630313e-18,13.611378010981767,0.0062,0.010000000001224474,0.0128,0.010000000001224474,0.0027999999987755268,3.7238012298709096e-17,0.03717996666724366,0.03717996666724362
star,20,iid,0.3,0.75,fiedler,1,fiedler,0.7500000000000001,0.5625000000000001,0.9999999999999998,0.999999999999999,20.0,0.04999999999999999,13.611378010981767,0.0062,0.010000000001224474,0.0104,0.012054060299126368,-0.0016540602991263684,0.5625000000000001,0.5785509860545655,0.01605098605456534
star,20,iid,0.3,0.75,cluster,1,3;0;1;2,0.75,2.25,4.0,0.999999999999999,20.0,0.2,13.611378010981767,0.0062,0.010000000001224474,0.0642,0.06549988985466593,-0.0012998898546659338,2.25,2.198984441029584,-0.05101555897041621
star,20,iid,0.3,0.75,point,1,3,0.75,0.5625,1.0,0.999999999999999,20.0,0.05,13.611378010981767,0.0062,0.010000000001224474,0.0108,0.01263409708955815,-0.001834097089558149,0.5625,0.5135976662654325,-0.04890233373456754
star,20,iid,0.3,0.75,edge_bipolar,1,0-14,0.7499999999999999,6.1875,11.000000000000002,0.999999999999999,20.0,0.55,13.611378010981767,0.0062,0.010000000001224474,0.233,0.23089824777924228,0.00210175222075773,6.1875,6.244569186005234,0.057069186005233696
star,20,iid,0.3,0.75,high_frequency,1,lambda_max,0.7499999999999999,11.250000000000004,20.00000000000001,0.999999999999999,20.0,1.0000000000000004,13.611378010981767,0.0062,0.010000000001224474,0.4716,0.4680064916293989,0.0035935083706011284,11.250000000000004,11.461830369351258,0.21183036935125443
star,20,iid,0.3,1.5,constant,1,all,1.4999999999999998,1.4895204919483638e-16,6.620091075326063e-17,0.999999999999999,20.0,3.3100455376630313e-18,13.611378010981767,0.0062,0.010000000001224474,0.011,0.010000000001224474,0.0009999999987755255,1.4895204919483638e-16,0.0023333278331931773,0.0023333278331930285
star,20,iid,0.3,1.5,fiedler,1,fiedler,1.5000000000000002,2.2500000000000004,0.9999999999999998,0.999999999999999,20.0,0.04999999999999999,13.611378010981767,0.0062,0.010000000001224474,0.0238,0.021272303569312867,0.0025276964306871347,2.2500000000000004,2.2552160018861205,0.005216001886120036
star,20,iid,0.3,1.5,cluster,1,19;0;1;2,1.5,9.0,4.0,0.999999999999999,20.0,0.2,13.611378010981767,0.0062,0.010000000001224474,0.3518,0.356730384015372,-0.004930384015371991,9.0,9.090540155860651,0.09054015586065134
star,20,iid,0.3,1.5,point,1,16,1.5,2.25,1.0,0.999999999999999,20.0,0.05,13.611378010981767,0.0062,0.010000000001224474,0.0254,0.024554711787545258,0.0008452882124547409,2.25,2.27943386347798,0.029433863477979827
star,20,iid,0.3,1.5,edge_bipolar,1,0-19,1.4999999999999998,24.75,11.000000000000002,0.999999999999999,20.0,0.55,13.611378010981767,0.0062,0.010000000001224474,0.881,0.8770594693537899,0.003940530646210139,24.75,25.14499703972852,0.3949970397285192
star,20,iid,0.3,1.5,high_frequency,1,lambda_max,1.4999999999999998,45.000000000000014,20.00000000000001,0.999999999999999,20.0,1.0000000000000004,13.611378010981767,0.0062,0.010000000001224474,0.9924,0.9921448302191336,0.0002551697808663711,45.000000000000014,45.014205154165325,0.014205154165310319
star,20,iid,0.3,3.0,constant,1,all,2.9999999999999996,5.958081967793455e-16,6.620091075326063e-17,0.999999999999999,20.0,3.3100455376630313e-18,13.611378010981767,0.0062,0.010000000001224474,0.0104,0.010000000001224474,0.00039999999877552567,5.958081967793455e-16,0.0251676997808028,0.025167699780802202
star,20,iid,0.3,3.0,fiedler,1,fiedler,3.0000000000000004,9.000000000000002,0.9999999999999998,0.999999999999999,20.0,0.04999999999999999,13.611378010981767,0.0062,0.010000000001224474,0.2698,0.2744840601598089,-0.004684060159808934,9.000000000000002,8.957277488332135,-0.04272251166786667
star,20,iid,0.3,3.0,cluster,1,11;0;1;2,3.0,36.0,4.0,0.999999999999999,20.0,0.2,13.611378010981767,0.0062,0.010000000001224474,0.986,0.9857875560719394,0.00021244392806063495,36.0,36.40170399399384,0.4017039939938414
star,20,iid,0.3,3.0,point,1,5,3.0,9.0,1.0,0.999999999999999,20.0,0.05,13.611378010981767,0.0062,0.010000000001224474,0.2704,0.27445157043382884,-0.004051570433828866,9.0,8.966560067219405,-0.03343993278059543
star,20,iid,0.3,3.0,edge_bipolar,1,0-13,2.9999999999999996,99.0,11.000000000000002,0.999999999999999,20.0,0.55,13.611378010981767,0.0062,0.010000000001224474,1.0,0.9999998445942694,1.5540573061745278e-07,99.0,98.94605675229741,-0.05394324770259118
star,20,iid,0.3,3.0,high_frequency,1,lambda_max,2.9999999999999996,180.00000000000006,20.00000000000001,0.999999999999999,20.0,1.0000000000000004,13.611378010981767,0.0062,0.010000000001224474,1.0,0.9999999999999387,6.128431095930864e-14,180.00000000000006,179.93704440471038,-0.06295559528967942
star,20,iid,0.3,0.75,constant,2,all,0.7499999999999999,3.7238012298709096e-17,6.620091075326063e-17,0.999999999999999,20.0,3.3100455376630313e-18,13.611378010981767,0.0098,0.010000000001224474,0.0088,0.010000000001224474,-0.0012000000012244733,3.7238012298709096e-17,0.009195266163395388,0.009195266163395352
star,20,iid,0.3,0.75,fiedler,2,fiedler,0.7500000000000001,0.5625000000000001,0.9999999999999998,0.999999999999999,20.0,0.04999999999999999,13.611378010981767,0.0098,0.010000000001224474,0.012,0.012054060299126368,-5.4060299126367645e-05,0.5625000000000001,0.565697006134652,0.003197006134651903
star,20,iid,0.3,0.75,cluster,2,3;0;1;2,0.75,2.25,4.0,0.999999999999999,20.0,0.2,13.611378010981767,0.0098,0.010000000001224474,0.0644,0.06549988985466593,-0.001099889854665928,2.25,2.20618881710094,-0.043811182899060164
star,20,iid,0.3,0.75,point,2,14,0.75,0.5625,1.0,0.999999999999999,20.0,0.05,13.611378010981767,0.0098,0.010000000001224474,0.015,0.012634097089558316,0.0023659029104416834,0.5625,0.5890338883943427,0.026533888394342675
star,20,iid,0.3,0.75,edge_bipolar,2,0-9,0.7499999999999999,6.1875,11.000000000000002,0.999999999999999,20.0,0.55,13.611378010981767,0.0098,0.010000000001224474,0.2238,0.23089824777924228,-0.007098247779242284,6.1875,6.10678313709992,-0.08071686290008007
star,20,iid,0.3,0.75,high_frequency,2,lambda_max,0.7499999999999999,11.250000000000004,20.00000000000001,0.999999999999999,20.0,1.0000000000000004,13.611378010981767,0.0098,0.010000000001224474,0.4636,0.4680064916293989,-0.004406491629398879,11.250000000000004,11.20109614472032,-0.04890385527968277
star,20,iid,0.3,1.5,constant,2,all,1.4999999999999998,1.4895204919483638e-16,6.620091075326063e-17,0.999999999999999,20.0,3.3100455376630313e-18,13.611378010981767,0.0098,0.010000000001224474,0.01,0.010000000001224474,-1.224473647476465e-12,1.4895204919483638e-16,-0.0375266263436953,-0.03752662634369545
star,20,iid,0.3,1.5,fiedler,2,fiedler,1.5000000000000002,2.2500000000000004,0.9999999999999998,0.999999999999999,20.0,0.04999999999999999,13.611378010981767,0.0098,0.010000000001224474,0.021,0.021272303569312867,-0.00027230356931286573,2.2500000000000004,2.2603445540570037,0.010344554057003297
star,20,iid,0.3,1.5,cluster,2,4;0;1;2,1.5,9.0,4.0,0.999999999999999,20.0,0.2,13.611378010981767,0.0098,0.010000000001224474,0.3594,0.356730384015372,0.0026696159846280043,9.0,9.059325713983458,0.05932571398345843
star,20,iid,0.3,1.5,point,2,16,1.5,2.25,1.0,0.999999999999999,20.0,0.05,13.611378010981767,0.0098,0.010000000001224474,0.0244,0.024554711787545258,-0.00015471178754525652,2.25,2.255037484038395,0.005037484038394879
star,20,iid,0.3,1.5,edge_bipolar,2,0-11,1.4999999999999998,24.75,11.000000000000002,0.999999999999999,20.0,0.55,13.611378010981767,0.0098,0.010000000001224474,0.8856,0.8770594693537899,0.008540530646210187,24.75,25.027317563280906,0.2773175632809064
star,20,iid,0.3,1.5,high_frequency,2,lambda_max,1.4999999999999998,45.000000000000014,20.00000000000001,0.999999999999999,20.0,1.0000000000000004,13.611378010981767,0.0098,0.010000000001224474,0.9932,0.9921448302191336,0.001055169780866394,45.000000000000014,44.8250065374624,-0.17499346253761416
star,20,iid,0.3,3.0,constant,2,all,2.9999999999999996,5.958081967793455e-16,6.620091075326063e-17,0.999999999999999,20.0,3.3100455376630313e-18,13.611378010981767,0.0098,0.010000000001224474,0.012,0.010000000001224474,0.0019999999987755264,5.958081967793455e-16,-0.04328755900374137,-0.04328755900374197
star,20,iid,0.3,3.0,fiedler,2,fiedler,3.0000000000000004,9.000000000000002,0.9999999999999998,0.999999999999999,20.0,0.04999999999999999,13.611378010981767,0.0098,0.010000000001224474,0.273,0.2744840601598089,-0.0014840601598088976,9.000000000000002,8.965162425368657,-0.03483757463134474
star,20,iid,0.3,3.0,cluster,2,14;0;1;2,3.0,36.0,4.0,0.999999999999999,20.0,0.2,13.611378010981767,0.0098,0.010000000001224474,0.985,0.9857875560719396,-0.000787556071939588,36.0,36.025423674267266,0.025423674267265994
star,20,iid,0.3,3.0,point,2,4,3.0,9.0,1.0,0.999999999999999,20.0,0.05,13.611378010981767,0.0098,0.010000000001224474,0.2768,0.27445157043382906,0.0023484295661709287,9.0,9.040932768712203,0.04093276871220297
star,20,iid,0.3,3.0,edge_bipolar,2,0-7,2.9999999999999996,99.0,11.000000000000002,0.999999999999999,20.0,0.55,13.611378010981767,0.0098,0.010000000001224474,1.0,0.9999998445942694,1.5540573061745278e-07,99.0,99.27478876374066,0.2747887637406592
star,20,iid,0.3,3.0,high_frequency,2,lambda_max,2.9999999999999996,180.00000000000006,20.00000000000001,0.999999999999999,20.0,1.0000000000000004,13.611378010981767,0.0098,0.010000000001224474,1.0,0.9999999999999387,6.128431095930864e-14,180.00000000000006,180.03832363726875,0.03832363726868948
star,20,iid,0.3,0.75,constant,3,all,0.7499999999999999,3.7238012298709096e-17,6.620091075326063e-17,0.999999999999999,20.0,3.3100455376630313e-18,13.611378010981767,0.0084,0.010000000001224474,0.009,0.010000000001224474,-0.0010000000012244745,3.7238012298709096e-17,0.0018041763875364936,0.0018041763875364563
star,20,iid,0.3,0.75,fiedler,3,fiedler,0.7500000000000001,0.5625000000000001,0.9999999999999998,0.999999999999999,20.0,0.04999999999999999,13.611378010981767,0.0084,0.010000000001224474,0.0114,0.012054060299126368,-0.0006540602991263675,0.5625000000000001,0.5119423884171757,-0.05055761158282446
star,20,iid,0.3,0.75,cluster,3,1;0;2;3,0.75,2.25,4.0,0.999999999999999,20.0,0.2,13.611378010981767,0.0084,0.010000000001224474,0.0678,0.06549988985466593,0.002300110145334072,2.25,2.2440371345664296,-0.005962865433570386
star,20,iid,0.3,0.75,point,3,12,0.75,0.5625,1.0,0.999999999999999,20.0,0.05,13.611378010981767,0.0084,0.010000000001224474,0.0132,0.01263409708955826,0.0005659029104417394,0.5625,0.48896525291593385,-0.07353474708406615
star,20,iid,0.3,0.75,edge_bipolar,3,0-15,0.7499999999999999,6.1875,11.000000000000002,0.999999999999999,20.0,0.55,13.611378010981767,0.0084,0.010000000001224474,0.228,0.23089824777924228,-0.0028982477792422745,6.1875,6.1746063684699015,-0.012893631530098482
star,20,iid,0.3,0.75,high_frequency,3,lambda_max,0.7499999999999999,11.250000000000004,20.00000000000001,0.999999999999999,20.0,1.0000000000000004,13.611378010981767,0.0084,0.010000000001224474,0.4564,0.4680064916293989,-0.011606491629398918,11.250000000000004,11.144911239621624,-0.10508876037837922
star,20,iid,0.3,1.5,constant,3,all,1.4999999999999998,1.4895204919483638e-16,6.620091075326063e-17,0.999999999999999,20.0,3.3100455376630313e-18,13.611378010981767,0.0084,0.010000000001224474,0.012,0.010000000001224474,0.0019999999987755264,1.4895204919483638e-16,0.00280196567924218,0.002801965679242031
star,20,iid,0.3,1.5,fiedler,3,fiedler,1.5000000000000002,2.2500000000000004,0.9999999999999998,0.999999999999999,20.0,0.04999999999999999,13.611378010981767,0.0084,0.010000000001224474,0.0218,0.021272303569312867,0.0005276964306871329,2.2500000000000004,2.209497030621746,-0.040502969378254594
star,20,iid,0.3,1.5,cluster,3,16;0;1;2,1.5,9.0,4.0,0.999999999999999,20.0,0.2,13.611378010981767,0.0084,0.010000000001224474,0.3552,0.356730384015372,-0.0015303840153719772,9.0,8.973575156346609,-0.02642484365339115
star,20,iid,0.3,1.5,point,3,0,1.5,42.75,19.0,0.999999999999999,20.0,0.95,13.611378010981767,0.0084,0.010000000001224474,0.9862,0.9889654433980737,-0.002765443398073719,42.75,42.95495392990902,0.20495392990901706
star,20,iid,0.3,1.5,edge_bipolar,3,0-10,1.4999999999999998,24.75,11.000000000000002,0.999999999999999,20.0,0.55,13.611378010981767,0.0084,0.010000000001224474,0.875,0.87705946935379,-0.0020594693537899778,24.75,24.348063767682994,-0.4019362323170057
star,20,iid,0.3,1.5,high_frequency,3,lambda_max,1.4999999999999998,45.000000000000014,20.00000000000001,0.999999999999999,20.0,1.0000000000000004,13.611378010981767,0.0084,0.010000000001224474,0.9946,0.9921448302191336,0.002455169780866462,45.000000000000014,44.6374664381071,-0.3625335618929171
star,20,iid,0.3,3.0,constant,3,all,2.9999999999999996,5.958081967793455e-16,6.620091075326063e-17,0.999999999999999,20.0,3.3100455376630313e-18,13.611378010981767,0.0084,0.010000000001224474,0.0102,0.010000000001224474,0.00019999999877552688,5.958081967793455e-16,0.011334130875157555,0.01133413087515696
star,20,iid,0.3,3.0,fiedler,3,fiedler,3.0000000000000004,9.000000000000002,0.9999999999999998,0.999999999999999,20.0,0.04999999999999999,13.611378010981767,0.0084,0.010000000001224474,0.2684,0.2744840601598089,-0.006084060159808891,9.000000000000002,8.924993191033025,-0.07500680896697709
star,20,iid,0.3,3.0,cluster,3,11;0;1;2,3.0,36.0,4.0,0.999999999999999,20.0,0.2,13.611378010981767,0.0084,0.010000000001224474,0.983,0.9857875560719394,-0.0027875560719393677,36.0,36.16771454217887,0.16771454217887083
star,20,iid,0.3,3.0,point,3,6,3.0,9.0,1.0,0.999999999999999,20.0,0.05,13.611378010981767,0.0084,0.010000000001224474,0.284,0.27445157043382956,0.009548429566170413,9.0,9.048917838202222,0.04891783820222173
star,20,iid,0.3,3.0,edge_bipolar,3,0-5,2.9999999999999996,99.0,11.000000000000002,0.999999999999999,20.0,0.55,13.611378010981767,0.0084,0.010000000001224474,1.0,0.9999998445942694,1.5540573061745278e-07,99.0,99.08773001869488,0.08773001869488439
star,20,iid,0.3,3.0,high_frequency,3,lambda_max,2.9999999999999996,180.00000000000006,20.00000000000001,0.999999999999999,20.0,1.0000000000000004,13.611378010981767,0.0084,0.010000000001224474,1.0,0.9999999999999387,6.128431095930864e-14,180.00000000000006,179.62343381275574,-0.3765661872443218
star,20,correlated,0.15,0.75,constant,0,all,0.7499999999999999,3.7238012298709096e-17,6.620091075326063e-17,0.999999999999999,20.0,3.3100455376630313e-18,3.872924344185244,0.0104,0.010000000008217491,0.01,0.010000000008217491,-8.21749092383417e-12,3.7238012298709096e-17,-0.004282805874988749,-0.004282805874988786
star,20,correlated,0.15,0.75,fiedler,0,fiedler,0.7500000000000001,0.5625000000000001,0.9999999999999998,0.999999999999999,20.0,0.04999999999999999,3.872924344185244,0.0104,0.010000000008217491,0.0168,0.01886950403232729,-0.00206950403232729,0.5625000000000001,0.5567179666179491,-0.005782033382050966
star,20,correlated,0.15,0.75,cluster,0,19;0;1;2,0.75,2.25,4.0,0.999999999999999,20.0,0.2,3.872924344185244,0.0104,0.010000000008217491,0.292,0.29317577959323915,-0.001175779593239168,2.25,2.2816404618648507,0.0316404618648507
star,20,correlated,0.15,0.75,point,0,11,0.75,0.5625,1.0,0.999999999999999,20.0,0.05,3.872924344185244,0.0104,0.010000000008217491,0.021,0.021512066977600885,-0.0005120669776008842,0.5625,0.569684052353288,0.007184052353288006
star,20,correlated,0.15,0.75,edge_bipolar,0,0-15,0.7499999999999999,6.1875,11.000000000000002,0.999999999999999,20.0,0.55,3.872924344185244,0.0104,0.010000000008217491,0.7982,0.8088532327226756,-0.010653232722675599,6.1875,6.1846281174945945,-0.0028718825054054875
star,20,correlated,0.15,0.75,high_frequency,0,lambda_max,0.7499999999999999,11.250000000000004,20.00000000000001,0.999999999999999,20.0,1.0000000000000004,3.872924344185244,0.0104,0.010000000008217491,0.9762,0.9794421113575993,-0.003242111357599331,11.250000000000004,11.27501196153683,0.025011961536826277
star,20,correlated,0.15,1.5,constant,0,all,1.4999999999999998,1.4895204919483638e-16,6.620091075326063e-17,0.999999999999999,20.0,3.3100455376630313e-18,3.872924344185244,0.0104,0.010000000008217491,0.01,0.010000000008217491,-8.21749092383417e-12,1.4895204919483638e-16,-0.007832747015573238,-0.007832747015573387
star,20,correlated,0.15,1.5,fiedler,0,fiedler,1.5000000000000002,2.2500000000000004,0.9999999999999998,0.999999999999999,20.0,0.04999999999999999,3.872924344185244,0.0104,0.010000000008217491,0.147,0.15060648611346966,-0.00360648611346967,2.2500000000000004,2.2323746947274783,-0.01762530527252215
star,20,correlated,0.15,1.5,cluster,0,6;0;1;2,1.5,9.0,4.0,0.999999999999999,20.0,0.2,3.872924344185244,0.0104,0.010000000008217491,0.9656,0.963072444033168,0.0025275559668319625,9.0,8.998847580684695,-0.0011524193153054085
star,20,correlated,0.15,1.5,point,0,1,1.5,2.25,1.0,0.999999999999999,20.0,0.05,3.872924344185244,0.0104,0.010000000008217491,0.1664,0.16628209549606,0.00011790450394000285,2.25,2.254731801332013,0.004731801332012786
star,20,correlated,0.15,1.5,edge_bipolar,0,0-13,1.4999999999999998,24.75,11.000000000000002,0.999999999999999,20.0,0.55,3.872924344185244,0.0104,0.010000000008217491,1.0,0.999996900955259,3.099044741050605e-06,24.75,24.78028514315291,0.0302851431529092
star,20,correlated,0.15,1.5,high_frequency,0,lambda_max,1.4999999999999998,45.000000000000014,20.00000000000001,0.999999999999999,20.0,1.0000000000000004,3.872924344185244,0.0104,0.010000000008217491,1.0,0.9999999999864028,1.359723444949168e-11,45.000000000000014,44.891299507690256,-0.10870049230975809
star,20,correlated,0.15,3.0,constant,0,all,2.9999999999999996,5.958081967793455e-16,6.620091075326063e-17,0.999999999999999,20.0,3.3100455376630313e-18,3.872924344185244,0.0104,0.010000000008217491,0.0112,0.010000000008217491,0.0011999999917825088,5.958081967793455e-16,0.0011485143407459208,0.001148514340745325
star,20,correlated,0.15,3.0,fiedler,0,fiedler,3.0000000000000004,9.000000000000002,0.9999999999999998,0.999999999999999,20.0,0.04999999999999999,3.872924344185244,0.0104,0.010000000008217491,1.0,0.9999999999999801,1.9872992140790302e-14,9.000000000000002,9.003355928250858,0.0033559282508566213
star,20,correlated,0.15,3.0,cluster,0,16;0;1;2,3.0,36.0,4.0,0.999999999999999,20.0,0.2,3.872924344185244,0.0104,0.010000000008217491,1.0,1.0,0.0,36.0,35.881107199907674,-0.1188928000923255
star,20,correlated,0.15,3.0,point,0,2,3.0,9.0,1.0,0.999999999999999,20.0,0.05,3.872924344185244,0.0104,0.010000000008217491,1.0,0.9999999999999147,8.526512829121202e-14,9.0,8.986592433298977,-0.013407566701022944
star,20,correlated,0.15,3.0,edge_bipolar,0,0-18,2.9999999999999996,99.0,11.000000000000002,0.999999999999999,20.0,0.55,3.872924344185244,0.0104,0.010000000008217491,1.0,1.0,0.0,99.0,98.740893527137,-0.25910647286299593
star,20,correlated,0.15,3.0,high_frequency,0,lambda_max,2.9999999999999996,180.00000000000006,20.00000000000001,0.999999999999999,20.0,1.0000000000000004,3.872924344185244,0.0104,0.010000000008217491,1.0,1.0,0.0,180.00000000000006,180.43223989728358,0.4322398972835231
star,20,correlated,0.15,0.75,constant,1,all,0.7499999999999999,3.7238012298709096e-17,6.620091075326063e-17,0.999999999999999,20.0,3.3100455376630313e-18,3.872924344185244,0.0082,0.010000000008217491,0.0096,0.010000000008217491,-0.000400000008217492,3.7238012298709096e-17,0.004936786911741486,0.004936786911741449
star,20,correlated,0.15,0.75,fiedler,1,fiedler,0.7500000000000001,0.5625000000000001,0.9999999999999998,0.999999999999999,20.0,0.04999999999999999,3.872924344185244,0.0082,0.010000000008217491,0.0202,0.01886950403232729,0.0013304959676727103,0.5625000000000001,0.5556484268578716,-0.006851573142128475
star,20,correlated,0.15,0.75,cluster,1,4;0;1;2,0.75,2.25,4.0,0.999999999999999,20.0,0.2,3.872924344185244,0.0082,0.010000000008217491,0.2976,0.29317577959323915,0.004424220406760826,2.25,2.2861385037193527,0.03613850371935268
star,20,correlated,0.15,0.75,point,1,16,0.75,0.5625,1.0,0.999999999999999,20.0,0.05,3.872924344185244,0.0082,0.010000000008217491,0.0206,0.021512066977600885,-0.0009120669776008852,0.5625,0.570309565669842,0.0078095656698420335
star,20,correlated,0.15,0.75,edge_bipolar,1,0-17,0.7499999999999999,6.1875,11.000000000000002,0.999999999999999,20.0,0.55,3.872924344185244,0.0082,0.010000000008217491,0.811,0.808853232722675,0.002146767277325101,6.1875,6.147754469319618,-0.039745530680382224
star,20,correlated,0.15,0.75,high_frequency,1,lambda_max,0.7499999999999999,11.250000000000004,20.00000000000001,0.999999999999999,20.0,1.0000000000000004,3.872924344185244,0.0082,0.010000000008217491,0.978,0.9794421113575993,-0.0014421113575993072,11.250000000000004,11.264469279813895,0.014469279813891234
star,20,correlated,0.15,1.5,constant,1,all,1.4999999999999998,1.4895204919483638e-16,6.620091075326063e-17,0.999999999999999,20.0,3.3100455376630313e-18,3.872924344185244,0.0082,0.010000000008217491,0.011,0.010000000008217491,0.0009999999917825082,1.4895204919483638e-16,0.015094240592697927,0.015094240592697778
star,20,correlated,0.15,1.5,fiedler,1,fiedler,1.5000000000000002,2.2500000000000004,0.9999999999999998,0.999999999999999,20.0,0.04999999999999999,3.872924344185244,0.0082,0.010000000008217491,0.1556,0.15060648611346966,0.004993513886530326,2.2500000000000004,2.254786731127174,0.004786731127173649
star,20,correlated,0.15,1.5,cluster,1,11;0;1;2,1.5,9.0,4.0,0.999999999999999,20.0,0.2,3.872924344185244,0.0082,0.010000000008217491,0.9622,0.9630724440331679,-0.0008724440331678851,9.0,8.950624868938764,-0.04937513106123603
star,20,correlated,0.15,1.5,point,1,19,1.5,2.25,1.0,0.999999999999999,20.0,0.05,3.872924344185244,0.0082,0.010000000008217491,0.1606,0.1662820954960602,-0.005682095496060219,2.25,2.2297562148539196,-0.020243785146080384
star,20,correlated,0.15,1.5,edge_bipolar,1,0-6,1.4999999999999998,24.75,11.000000000000002,0.999999999999999,20.0,0.55,3.872924344185244,0.0082,0.010000000008217491,1.0,0.999996900955259,3.099044741050605e-06,24.75,24.59357652723392,-0.15642347276607893
star,20,correlated,0.15,1.5,high_frequency,1,lambda_max,1.4999999999999998,45.000000000000014,20.00000000000001,0.999999999999999,20.0,1.0000000000000004,3.872924344185244,0.0082,0.010000000008217491,1.0,0.9999999999864028,1.359723444949168e-11,45.000000000000014,44.918842473711294,-0.0811575262887203
star,20,correlated,0.15,3.0,constant,1,all,2.9999999999999996,5.958081967793455e-16,6.620091075326063e-17,0.999999999999999,20.0,3.3100455376630313e-18,3.872924344185244,0.0082,0.010000000008217491,0.0114,0.010000000008217491,0.0013999999917825093,5.958081967793455e-16,-0.003373620920646081,-0.003373620920646677
star,20,correlated,0.15,3.0,fiedler,1,fiedler,3.0000000000000004,9.000000000000002,0.9999999999999998,0.999999999999999,20.0,0.04999999999999999,3.872924344185244,0.0082,0.010000000008217491,1.0,0.9999999999999801,1.9872992140790302e-14,9.000000000000002,8.985817771535718,-0.014182228464283853
star,20,correlated,0.15,3.0,cluster,1,12;0;1;2,3.0,36.0,4.0,0.999999999999999,20.0,0.2,3.872924344185244,0.0082,0.010000000008217491,1.0,1.0,0.0,36.0,35.921049029262726,-0.07895097073727442
star,20,correlated,0.15,3.0,point,1,4,3.0,9.0,1.0,0.999999999999999,20.0,0.05,3.872924344185244,0.0082,0.010000000008217491,1.0,0.9999999999999148,8.515410598874951e-14,9.0,8.98069751175783,-0.019302488242169957
star,20,correlated,0.15,3.0,edge_bipolar,1,0-10,2.9999999999999996,99.0,11.000000000000002,0.999999999999999,20.0,0.55,3.872924344185244,0.0082,0.010000000008217491,1.0,1.0,0.0,99.0,98.58447381111176,-0.41552618888823645
star,20,correlated,0.15,3.0,high_frequency,1,lambda_max,2.9999999999999996,180.00000000000006,20.00000000000001,0.999999999999999,20.0,1.0000000000000004,3.872924344185244,0.0082,0.010000000008217491,1.0,1.0,0.0,180.00000000000006,180.12311615415615,0.12311615415609367
star,20,correlated,0.15,0.75,constant,2,all,0.7499999999999999,3.7238012298709096e-17,6.620091075326063e-17,0.999999999999999,20.0,3.3100455376630313e-18,3.872924344185244,0.0124,0.010000000008217491,0.0104,0.010000000008217491,0.0003999999917825084,3.7238012298709096e-17,-0.0071345946306909935,-0.007134594630691031
star,20,correlated,0.15,0.75,fiedler,2,fiedler,0.7500000000000001,0.5625000000000001,0.9999999999999998,0.999999999999999,20.0,0.04999999999999999,3.872924344185244,0.0124,0.010000000008217491,0.017,0.01886950403232729,-0.0018695040323272877,0.5625000000000001,0.5516502801378798,-0.010849719862120355
star,20,correlated,0.15,0.75,cluster,2,0;1;2;3,0.75,2.25,4.0,0.999999999999999,20.0,0.2,3.872924344185244,0.0124,0.010000000008217491,0.3034,0.2931757795932392,0.010224220406760798,2.25,2.301902856817872,0.05190285681787188
star,20,correlated,0.15,0.75,point,2,15,0.75,0.5625,1.0,0.999999999999999,20.0,0.05,3.872924344185244,0.0124,0.010000000008217491,0.0206,0.02151206697760072,-0.0009120669776007187,0.5625,0.5618974154821939,-0.0006025845178061484
star,20,correlated,0.15,0.75,edge_bipolar,2,0-15,0.7499999999999999,6.1875,11.000000000000002,0.999999999999999,20.0,0.55,3.872924344185244,0.0124,0.010000000008217491,0.8022,0.8088532327226756,-0.006653232722675595,6.1875,6.165517760664124,-0.021982239335875953
star,20,correlated,0.15,0.75,high_frequency,2,lambda_max,0.7499999999999999,11.250000000000004,20.00000000000001,0.999999999999999,20.0,1.0000000000000004,3.872924344185244,0.0124,0.010000000008217491,0.9802,0.9794421113575993,0.0007578886424006726,11.250000000000004,11.24054251282079,-0.009457487179213686
star,20,correlated,0.15,1.5,constant,2,all,1.4999999999999998,1.4895204919483638e-16,6.620091075326063e-17,0.999999999999999,20.0,3.3100455376630313e-18,3.872924344185244,0.0124,0.010000000008217491,0.0084,0.010000000008217491,-0.0016000000082174917,1.4895204919483638e-16,-0.006010373239128564,-0.006010373239128713
star,20,correlated,0.15,1.5,fiedler,2,fiedler,1.5000000000000002,2.2500000000000004,0.9999999999999998,0.999999999999999,20.0,0.04999999999999999,3.872924344185244,0.0124,0.010000000008217491,0.151,0.15060648611346966,0.00039351388653033337,2.2500000000000004,2.2374237607799303,-0.012576239220070118
star,20,correlated,0.15,1.5,cluster,2,8;0;1;2,1.5,9.0,4.0,0.999999999999999,20.0,0.2,3.872924344185244,0.0124,0.010000000008217491,0.9638,0.963072444033168,0.0007275559668319387,9.0,8.981726623109774,-0.018273376890226345
star,20,correlated,0.15,1.5,point,2,17,1.5,2.25,1.0,0.999999999999999,20.0,0.05,3.872924344185244,0.0124,0.010000000008217491,0.1736,0.16628209549606,0.007317904503940015,2.25,2.2729157409454217,0.022915740945421703
star,20,correlated,0.15,1.5,edge_bipolar,2,0-11,1.4999999999999998,24.75,11.000000000000002,0.999999999999999,20.0,0.55,3.872924344185244,0.0124,0.010000000008217491,1.0,0.999996900955259,3.099044741050605e-06,24.75,24.73810163401006,-0.011898365989939208
star,20,correlated,0.15,1.5,high_frequency,2,lambda_max,1.4999999999999998,45.000000000000014,20.00000000000001,0.999999999999999,20.0,1.0000000000000004,3.872924344185244,0.0124,0.010000000008217491,1.0,0.9999999999864028,1.359723444949168e-11,45.000000000000014,44.962344031640846,-0.03765596835916796
star,20,correlated,0.15,3.0,constant,2,all,2.9999999999999996,5.958081967793455e-16,6.620091075326063e-17,0.999999999999999,20.0,3.3100455376630313e-18,3.872924344185244,0.0124,0.010000000008217491,0.0116,0.010000000008217491,0.001599999991782508,5.958081967793455e-16,0.019183958286371205,0.01918395828637061
star,20,correlated,0.15,3.0,fiedler,2,fiedler,3.0000000000000004,9.000000000000002,0.9999999999999998,0.999999999999999,20.0,0.04999999999999999,3.872924344185244,0.0124,0.010000000008217491,1.0,0.9999999999999801,1.9872992140790302e-14,9.000000000000002,9.006455740125137,0.006455740125135279
star,20,correlated,0.15,3.0,cluster,2,6;0;1;2,3.0,36.0,4.0,0.999999999999999,20.0,0.2,3.872924344185244,0.0124,0.010000000008217491,1.0,1.0,0.0,36.0,36.11753064699559,0.1175306469955899
star,20,correlated,0.15,3.0,point,2,17,3.0,9.0,1.0,0.999999999999999,20.0,0.05,3.872924344185244,0.0124,0.010000000008217491,1.0,0.9999999999999146,8.537615059367454e-14,9.0,8.986110080844263,-0.013889919155737118
star,20,correlated,0.15,3.0,edge_bipolar,2,0-17,2.9999999999999996,99.0,11.000000000000002,0.999999999999999,20.0,0.55,3.872924344185244,0.0124,0.010000000008217491,1.0,1.0,0.0,99.0,99.16778206897547,0.16778206897546966
star,20,correlated,0.15,3.0,high_frequency,2,lambda_max,2.9999999999999996,180.00000000000006,20.00000000000001,0.999999999999999,20.0,1.0000000000000004,3.872924344185244,0.0124,0.010000000008217491,1.0,1.0,0.0,180.00000000000006,180.22984435266036,0.229844352660308
star,20,correlated,0.15,0.75,constant,3,all,0.7499999999999999,3.7238012298709096e-17,6.620091075326063e-17,0.999999999999999,20.0,3.3100455376630313e-18,3.872924344185244,0.0098,0.010000000008217491,0.0086,0.010000000008217491,-0.0014000000082174911,3.7238012298709096e-17,0.004374992502026109,0.004374992502026072
star,20,correlated,0.15,0.75,fiedler,3,fiedler,0.7500000000000001,0.5625000000000001,0.9999999999999998,0.999999999999999,20.0,0.04999999999999999,3.872924344185244,0.0098,0.010000000008217491,0.0172,0.01886950403232729,-0.0016695040323272889,0.5625000000000001,0.5534886209198315,-0.00901137908016858
star,20,correlated,0.15,0.75,cluster,3,10;0;1;2,0.75,2.25,4.0,0.999999999999999,20.0,0.2,3.872924344185244,0.0098,0.010000000008217491,0.288,0.293175779593239,-0.005175779593239005,2.25,2.225915617468896,-0.0240843825311039
star,20,correlated,0.15,0.75,point,3,9,0.75,0.5625,1.0,0.999999999999999,20.0,0.05,3.872924344185244,0.0098,0.010000000008217491,0.0216,0.02151206697760072,8.793302239928219e-05,0.5625,0.5475116524207302,-0.014988347579269812
star,20,correlated,0.15,0.75,edge_bipolar,3,0-11,0.7499999999999999,6.1875,11.000000000000002,0.999999999999999,20.0,0.55,3.872924344185244,0.0098,0.010000000008217491,0.808,0.8088532327226754,-0.0008532327226753456,6.1875,6.177668973981611,-0.009831026018389366
star,20,correlated,0.15,0.75,high_frequency,3,lambda_max,0.7499999999999999,11.250000000000004,20.00000000000001,0.999999999999999,20.0,1.0000000000000004,3.872924344185244,0.0098,0.010000000008217491,0.9812,0.9794421113575993,0.0017578886424006734,11.250000000000004,11.28029164307648,0.030291643076475694
star,20,correlated,0.15,1.5,constant,3,all,1.4999999999999998,1.4895204919483638e-16,6.620091075326063e-17,0.999999999999999,20.0,3.3100455376630313e-18,3.872924344185244,0.0098,0.010000000008217491,0.0108,0.010000000008217491,0.0007999999917825094,1.4895204919483638e-16,0.02242213145188965,0.0224221314518895
star,20,correlated,0.15,1.5,fiedler,3,fiedler,1.5000000000000002,2.2500000000000004,0.9999999999999998,0.999999999999999,20.0,0.04999999999999999,3.872924344185244,0.0098,0.010000000008217491,0.1532,0.15060648611346966,0.002593513886530341,2.2500000000000004,2.2525022067692326,0.0025022067692321848
star,20,correlated,0.15,1.5,cluster,3,4;0;1;2,1.5,9.0,4.0,0.999999999999999,20.0,0.2,3.872924344185244,0.0098,0.010000000008217491,0.9646,0.9630724440331682,0.0015275559668318506,9.0,9.11631187895594,0.11631187895594053
star,20,correlated,0.15,1.5,point,3,16,1.5,2.25,1.0,0.999999999999999,20.0,0.05,3.872924344185244,0.0098,0.010000000008217491,0.169,0.16628209549606077,0.0027179045039392447,2.25,2.2703609028345184,0.020360902834518413
star,20,correlated,0.15,1.5,edge_bipolar,3,0-14,1.4999999999999998,24.75,11.000000000000002,0.999999999999999,20.0,0.55,3.872924344185244,0.0098,0.010000000008217491,1.0,0.9999969009552588,3.0990447411616273e-06,24.75,24.729588808912485,-0.02041119108751488
star,20,correlated,0.15,1.5,high_frequency,3,lambda_max,1.4999999999999998,45.000000000000014,20.00000000000001,0.999999999999999,20.0,1.0000000000000004,3.872924344185244,0.0098,0.010000000008217491,1.0,0.9999999999864028,1.359723444949168e-11,45.000000000000014,44.99554503475352,-0.004454965246495135
star,20,correlated,0.15,3.0,constant,3,all,2.9999999999999996,5.958081967793455e-16,6.620091075326063e-17,0.999999999999999,20.0,3.3100455376630313e-18,3.872924344185244,0.0098,0.010000000008217491,0.0092,0.010000000008217491,-0.0008000000082174913,5.958081967793455e-16,-0.007205646150682754,-0.00720564615068335
star,20,correlated,0.15,3.0,fiedler,3,fiedler,3.0000000000000004,9.000000000000002,0.9999999999999998,0.999999999999999,20.0,0.04999999999999999,3.872924344185244,0.0098,0.010000000008217491,1.0,0.9999999999999801,1.9872992140790302e-14,9.000000000000002,9.014446025823764,0.014446025823762199
star,20,correlated,0.15,3.0,cluster,3,16;0;1;2,3.0,36.0,4.0,0.999999999999999,20.0,0.2,3.872924344185244,0.0098,0.010000000008217491,1.0,1.0,0.0,36.0,35.84311790074128,-0.15688209925872343
star,20,correlated,0.15,3.0,point,3,14,3.0,9.0,1.0,0.999999999999999,20.0,0.05,3.872924344185244,0.0098,0.010000000008217491,1.0,0.9999999999999146,8.537615059367454e-14,9.0,9.010034928241277,0.01003492824127683
star,20,correlated,0.15,3.0,edge_bipolar,3,0-8,2.9999999999999996,99.0,11.000000000000002,0.999999999999999,20.0,0.55,3.872924344185244,0.0098,0.010000000008217491,1.0,1.0,0.0,99.0,99.07571268220333,0.07571268220333138
star,20,correlated,0.15,3.0,high_frequency,3,lambda_max,2.9999999999999996,180.00000000000006,20.00000000000001,0.999999999999999,20.0,1.0000000000000004,3.872924344185244,0.0098,0.010000000008217491,1.0,1.0,0.0,180.00000000000006,180.27929150246186,0.27929150246180257
star,20,correlated,0.3,0.75,constant,0,all,0.7499999999999999,3.7238012298709096e-17,6.620091075326063e-17,0.999999999999999,20.0,3.3100455376630313e-18,15.491695429916513,0.0084,0.010000000007564569,0.011,0.010000000007564569,0.0009999999924354304,3.7238012298709096e-17,0.09774282633940912,0.09774282633940908
star,20,correlated,0.3,0.75,fiedler,0,fiedler,0.7500000000000001,0.5625000000000001,0.9999999999999998,0.999999999999999,20.0,0.04999999999999999,15.491695429916513,0.0084,0.010000000007564569,0.013,0.011705863466936639,0.0012941365330633604,0.5625000000000001,0.5243388865109315,-0.03816111348906859
star,20,correlated,0.3,0.75,cluster,0,7;0;1;2,0.75,2.25,4.0,0.999999999999999,20.0,0.2,15.491695429916513,0.0084,0.010000000007564569,0.0572,0.055684139800272536,0.0015158601997274646,2.25,2.239746720626716,-0.01025327937328413
star,20,correlated,0.3,0.75,point,0,8,0.75,0.5625,1.0,0.999999999999999,20.0,0.05,15.491695429916513,0.0084,0.010000000007564569,0.0136,0.012194863670027922,0.001405136329972077,0.5625,0.5647454808637304,0.0022454808637304424
star,20,correlated,0.3,0.75,edge_bipolar,0,0-4,0.7499999999999999,6.1875,11.000000000000002,0.999999999999999,20.0,0.55,15.491695429916513,0.0084,0.010000000007564569,0.1838,0.19064976918314636,-0.006849769183146365,6.1875,6.183755328257658,-0.003744671742341943
star,20,correlated,0.3,0.75,high_frequency,0,lambda_max,0.7499999999999999,11.250000000000004,20.00000000000001,0.999999999999999,20.0,1.0000000000000004,15.491695429916513,0.0084,0.010000000007564569,0.3926,0.39481313711204097,-0.0022131371120409637,11.250000000000004,11.268556225651093,0.018556225651089164
star,20,correlated,0.3,1.5,constant,0,all,1.4999999999999998,1.4895204919483638e-16,6.620091075326063e-17,0.999999999999999,20.0,3.3100455376630313e-18,15.491695429916513,0.0084,0.010000000007564569,0.0108,0.010000000007564569,0.0007999999924354316,1.4895204919483638e-16,-0.011370033627679632,-0.011370033627679781
star,20,correlated,0.3,1.5,fiedler,0,fiedler,1.5000000000000002,2.2500000000000004,0.9999999999999998,0.999999999999999,20.0,0.04999999999999999,15.491695429916513,0.0084,0.010000000007564569,0.019,0.01886951545108112,0.00013048454891887926,2.2500000000000004,2.1989704788317743,-0.05102952116822612
star,20,correlated,0.3,1.5,cluster,0,2;0;1;3,1.5,9.0,4.0,0.999999999999999,20.0,0.2,15.491695429916513,0.0084,0.010000000007564569,0.3004,0.2931758313035569,0.007224168696443101,9.0,9.102127103894016,0.10212710389401636
star,20,correlated,0.3,1.5,point,0,10,1.5,2.25,1.0,0.999999999999999,20.0,0.05,15.491695429916513,0.0084,0.010000000007564569,0.024,0.021512081213804435,0.0024879187861955657,2.25,2.307756951956482,0.057756951956482006
star,20,correlated,0.3,1.5,edge_bipolar,0,0-18,1.4999999999999998,24.75,11.000000000000002,0.999999999999999,20.0,0.55,15.491695429916513,0.0084,0.010000000007564569,0.8104,0.8088532829029618,0.0015467170970382416,24.75,25.019095590813457,0.2690955908134569
star,20,correlated,0.3,1.5,high_frequency,0,lambda_max,1.4999999999999998,45.000000000000014,20.00000000000001,0.999999999999999,20.0,1.0000000000000004,15.491695429916513,0.0084,0.010000000007564569,0.9796,0.9794421202678346,0.0001578797321654113,45.000000000000014,44.85501606296459,-0.1449839370354269
star,20,correlated,0.3,3.0,constant,0,all,2.9999999999999996,5.958081967793455e-16,6.620091075326063e-17,0.999999999999999,20.0,3.3100455376630313e-18,15.491695429916513,0.0084,0.010000000007564569,0.01,0.010000000007564569,-7.564568763052115e-12,5.958081967793455e-16,-0.0038266108591686887,-0.0038266108591692846
star,20,correlated,0.3,3.0,fiedler,0,fiedler,3.0000000000000004,9.000000000000002,0.9999999999999998,0.999999999999999,20.0,0.04999999999999999,15.491695429916513,0.0084,0.010000000007564569,0.1574,0.15060658285082873,0.0067934171491712825,9.000000000000002,9.109087767391415,0.10908776739141324
star,20,correlated,0.3,3.0,cluster,0,3;0;1;2,3.0,36.0,4.0,0.999999999999999,20.0,0.2,15.491695429916513,0.0084,0.010000000007564569,0.9658,0.9630724622760956,0.0027275377239044385,36.0,36.180172764897605,0.18017276489760548
star,20,correlated,0.3,3.0,point,0,7,3.0,9.0,1.0,0.999999999999999,20.0,0.05,15.491695429916513,0.0084,0.010000000007564569,0.1704,0.1662821838274236,0.004117816172576394,9.0,9.047524065357262,0.047524065357261946
star,20,correlated,0.3,3.0,edge_bipolar,0,0-8,2.9999999999999996,99.0,11.000000000000002,0.999999999999999,20.0,0.55,15.491695429916513,0.0084,0.010000000007564569,1.0,0.9999969009599714,3.0990400285979547e-06,99.0,98.62941907280685,-0.3705809271931457
star,20,correlated,0.3,3.0,high_frequency,0,lambda_max,2.9999999999999996,180.00000000000006,20.00000000000001,0.999999999999999,20.0,1.0000000000000004,15.491695429916513,0.0084,0.010000000007564569,1.0,0.9999999999864031,1.3596901382584292e-11,180.00000000000006,180.49012994520285,0.4901299452027956
star,20,correlated,0.3,0.75,constant,1,all,0.7499999999999999,3.7238012298709096e-17,6.620091075326063e-17,0.999999999999999,20.0,3.3100455376630313e-18,15.491695429916513,0.0102,0.010000000007564569,0.0112,0.010000000007564569,0.001199999992435431,3.7238012298709096e-17,0.017447907673395324,0.017447907673395286
star,20,correlated,0.3,0.75,fiedler,1,fiedler,0.7500000000000001,0.5625000000000001,0.9999999999999998,0.999999999999999,20.0,0.04999999999999999,15.491695429916513,0.0102,0.010000000007564569,0.0108,0.011705863466936639,-0.0009058634669366385,0.5625000000000001,0.5502732706259899,-0.012226729374010259
star,20,correlated,0.3,0.75,cluster,1,14;0;1;2,0.75,2.25,4.0,0.999999999999999,20.0,0.2,15.491695429916513,0.0102,0.010000000007564569,0.0562,0.055684139800272536,0.0005158601997274637,2.25,2.302196758316402,0.052196758316402025
star,20,correlated,0.3,0.75,point,1,3,0.75,0.5625,1.0,0.999999999999999,20.0,0.05,15.491695429916513,0.0102,0.010000000007564569,0.0114,0.012194863670027922,-0.0007948636700279219,0.5625,0.545334893533914,-0.017165106466086044
star,20,correlated,0.3,0.75,edge_bipolar,1,0-16,0.7499999999999999,6.1875,11.000000000000002,0.999999999999999,20.0,0.55,15.491695429916513,0.0102,0.010000000007564569,0.1896,0.19064976918314663,-0.0010497691831466427,6.1875,6.1827696971005475,-0.004730302899452532
star,20,correlated,0.3,0.75,high_frequency,1,lambda_max,0.7499999999999999,11.250000000000004,20.00000000000001,0.999999999999999,20.0,1.0000000000000004,15.491695429916513,0.0102,0.010000000007564569,0.3942,0.39481313711204097,-0.0006131371120409734,11.250000000000004,11.151499941004023,-0.09850005899598102
star,20,correlated,0.3,1.5,constant,1,all,1.4999999999999998,1.4895204919483638e-16,6.620091075326063e-17,0.999999999999999,20.0,3.3100455376630313e-18,15.491695429916513,0.0102,0.010000000007564569,0.0114,0.010000000007564569,0.0013999999924354314,1.4895204919483638e-16,-0.01887608385685935,-0.0188760838568595
star,20,correlated,0.3,1.5,fiedler,1,fiedler,1.5000000000000002,2.2500000000000004,0.9999999999999998,0.999999999999999,20.0,0.04999999999999999,15.491695429916513,0.0102,0.010000000007564569,0.0204,0.01886951545108112,0.0015304845489188812,2.2500000000000004,2.211898664016867,-0.03810133598313348
star,20,correlated,0.3,1.5,cluster,1,14;0;1;2,1.5,9.0,4.0,0.999999999999999,20.0,0.2,15.491695429916513,0.0102,0.010000000007564569,0.287,0.2931758313035565,-0.006175831303556534,9.0,8.851879494453915,-0.14812050554608547
star,20,correlated,0.3,1.5,point,1,0,1.5,42.75,19.0,0.999999999999999,20.0,0.95,15.491695429916513,0.0102,0.010000000007564569,0.9666,0.972911551955429,-0.0063115519554289845,42.75,42.88159288198753,0.1315928819875296
star,20,correlated,0.3,1.5,edge_bipolar,1,0-1,1.4999999999999998,24.75,11.000000000000002,0.999999999999999,20.0,0.55,15.491695429916513,0.0102,0.010000000007564569,0.8084,0.8088532829029611,-0.0004532829029610941,24.75,24.619850800048216,-0.1301491999517843
star,20,correlated,0.3,1.5,high_frequency,1,lambda_max,1.4999999999999998,45.000000000000014,20.00000000000001,0.999999999999999,20.0,1.0000000000000004,15.491695429916513,0.0102,0.010000000007564569,0.9806,0.9794421202678346,0.0011578797321654122,45.000000000000014,44.94972692910927,-0.050273070890746396
star,20,correlated,0.3,3.0,constant,1,all,2.9999999999999996,5.958081967793455e-16,6.620091075326063e-17,0.999999999999999,20.0,3.3100455376630313e-18,15.491695429916513,0.0102,0.010000000007564569,0.011,0.010000000007564569,0.0009999999924354304,5.958081967793455e-16,-0.013434569088809578,-0.013434569088810173
star,20,correlated,0.3,3.0,fiedler,1,fiedler,3.0000000000000004,9.000000000000002,0.9999999999999998,0.999999999999999,20.0,0.04999999999999999,15.491695429916513,0.0102,0.010000000007564569,0.1502,0.15060658285082873,-0.00040658285082872947,9.000000000000002,8.98021722711043,-0.019782772889572087
star,20,correlated,0.3,3.0,cluster,1,9;0;1;2,3.0,36.0,4.0,0.999999999999999,20.0,0.2,15.491695429916513,0.0102,0.010000000007564569,0.9642,0.9630724622760953,0.0011275377239046147,36.0,35.891281125342815,-0.10871887465718544
star,20,correlated,0.3,3.0,point,1,12,3.0,9.0,1.0,0.999999999999999,20.0,0.05,15.491695429916513,0.0102,0.010000000007564569,0.1604,0.16628218382742332,-0.005882183827423337,9.0,8.95236318373955,-0.04763681626045013
star,20,correlated,0.3,3.0,edge_bipolar,1,0-2,2.9999999999999996,99.0,11.000000000000002,0.999999999999999,20.0,0.55,15.491695429916513,0.0102,0.010000000007564569,1.0,0.9999969009599714,3.0990400285979547e-06,99.0,98.91771889508122,-0.08228110491877771
star,20,correlated,0.3,3.0,high_frequency,1,lambda_max,2.9999999999999996,180.00000000000006,20.00000000000001,0.999999999999999,20.0,1.0000000000000004,15.491695429916513,0.0102,0.010000000007564569,1.0,0.9999999999864031,1.3596901382584292e-11,180.00000000000006,180.02763963872476,0.027639638724707538
star,20,correlated,0.3,0.75,constant,2,all,0.7499999999999999,3.7238012298709096e-17,6.620091075326063e-17,0.999999999999999,20.0,3.3100455376630313e-18,15.491695429916513,0.0094,0.010000000007564569,0.0106,0.010000000007564569,0.0005999999924354311,3.7238012298709096e-17,0.055690665204247924,0.05569066520424789
star,20,correlated,0.3,0.75,fiedler,2,fiedler,0.7500000000000001,0.5625000000000001,0.9999999999999998,0.999999999999999,20.0,0.04999999999999999,15.491695429916513,0.0094,0.010000000007564569,0.0124,0.011705863466936639,0.0006941365330633605,0.5625000000000001,0.580810320704841,0.018310320704840843
star,20,correlated,0.3,0.75,cluster,2,7;0;1;2,0.75,2.25,4.0,0.999999999999999,20.0,0.2,15.491695429916513,0.0094,0.010000000007564569,0.0634,0.055684139800272536,0.007715860199727462,2.25,2.351007773827514,0.10100777382751414
star,20,correlated,0.3,0.75,point,2,12,0.75,0.5625,1.0,0.999999999999999,20.0,0.05,15.491695429916513,0.0094,0.010000000007564569,0.014,0.012194863670027811,0.001805136329972189,0.5625,0.5847465974400343,0.02224659744003432
star,20,correlated,0.3,0.75,edge_bipolar,2,0-19,0.7499999999999999,6.1875,11.000000000000002,0.999999999999999,20.0,0.55,15.491695429916513,0.0094,0.010000000007564569,0.1934,0.19064976918314652,0.002750230816853466,6.1875,6.297108880545616,0.10960888054561568
star,20,correlated,0.3,0.75,high_frequency,2,lambda_max,0.7499999999999999,11.250000000000004,20.00000000000001,0.999999999999999,20.0,1.0000000000000004,15.491695429916513,0.0094,0.010000000007564569,0.4008,0.39481313711204097,0.005986862887959021,11.250000000000004,11.341994762669316,0.09199476266931228
star,20,correlated,0.3,1.5,constant,2,all,1.4999999999999998,1.4895204919483638e-16,6.620091075326063e-17,0.999999999999999,20.0,3.3100455376630313e-18,15.491695429916513,0.0094,0.010000000007564569,0.009,0.010000000007564569,-0.0010000000075645697,1.4895204919483638e-16,-0.026195110407388533,-0.026195110407388682
star,20,correlated,0.3,1.5,fiedler,2,fiedler,1.5000000000000002,2.2500000000000004,0.9999999999999998,0.999999999999999,20.0,0.04999999999999999,15.491695429916513,0.0094,0.010000000007564569,0.02,0.01886951545108112,0.0011304845489188801,2.2500000000000004,2.2873167208062153,0.03731672080621484
star,20,correlated,0.3,1.5,cluster,2,5;0;1;2,1.5,9.0,4.0,0.999999999999999,20.0,0.2,15.491695429916513,0.0094,0.010000000007564569,0.2958,0.29317583130355673,0.0026241686964432742,9.0,9.133199340730233,0.13319934073023276
star,20,correlated,0.3,1.5,point,2,5,1.5,2.25,1.0,0.999999999999999,20.0,0.05,15.491695429916513,0.0094,0.010000000007564569,0.0208,0.021512081213804435,-0.0007120812138044358,2.25,2.1965490927912716,-0.05345090720872836
star,20,correlated,0.3,1.5,edge_bipolar,2,0-9,1.4999999999999998,24.75,11.000000000000002,0.999999999999999,20.0,0.55,15.491695429916513,0.0094,0.010000000007564569,0.7946,0.8088532829029611,-0.014253282902961129,24.75,24.487705455831996,-0.2622945441680038
star,20,correlated,0.3,1.5,high_frequency,2,lambda_max,1.4999999999999998,45.000000000000014,20.00000000000001,0.999999999999999,20.0,1.0000000000000004,15.491695429916513,0.0094,0.010000000007564569,0.9782,0.9794421202678346,-0.0012421202678346566,45.000000000000014,45.227822240724876,0.227822240724862
star,20,correlated,0.3,3.0,constant,2,all,2.9999999999999996,5.958081967793455e-16,6.620091075326063e-17,0.999999999999999,20.0,3.3100455376630313e-18,15.491695429916513,0.0094,0.010000000007564569,0.0112,0.010000000007564569,0.001199999992435431,5.958081967793455e-16,0.0070128355209209126,0.007012835520920317
star,20,correlated,0.3,3.0,fiedler,2,fiedler,3.0000000000000004,9.000000000000002,0.9999999999999998,0.999999999999999,20.0,0.04999999999999999,15.491695429916513,0.0094,0.010000000007564569,0.1502,0.15060658285082873,-0.00040658285082872947,9.000000000000002,9.008077590400802,0.00807759040080036
star,20,correlated,0.3,3.0,cluster,2,5;0;1;2,3.0,36.0,4.0,0.999999999999999,20.0,0.2,15.491695429916513,0.0094,0.010000000007564569,0.9626,0.9630724622760954,-0.0004724622760954311,36.0,35.84803088093444,-0.1519691190655621
star,20,correlated,0.3,3.0,point,2,2,3.0,9.0,1.0,0.999999999999999,20.0,0.05,15.491695429916513,0.0094,0.010000000007564569,0.1718,0.1662821838274235,0.005517816172576517,9.0,9.079590292715313,0.07959029271531293
star,20,correlated,0.3,3.0,edge_bipolar,2,0-17,2.9999999999999996,99.0,11.000000000000002,0.999999999999999,20.0,0.55,15.491695429916513,0.0094,0.010000000007564569,1.0,0.9999969009599714,3.0990400285979547e-06,99.0,98.63631877103431,-0.3636812289656888
star,20,correlated,0.3,3.0,high_frequency,2,lambda_max,2.9999999999999996,180.00000000000006,20.00000000000001,0.999999999999999,20.0,1.0000000000000004,15.491695429916513,0.0094,0.010000000007564569,1.0,0.9999999999864031,1.3596901382584292e-11,180.00000000000006,180.23652682391065,0.23652682391059443
star,20,correlated,0.3,0.75,constant,3,all,0.7499999999999999,3.7238012298709096e-17,6.620091075326063e-17,0.999999999999999,20.0,3.3100455376630313e-18,15.491695429916513,0.0122,0.010000000007564569,0.011,0.010000000007564569,0.0009999999924354304,3.7238012298709096e-17,0.025279212592758338,0.0252792125927583
star,20,correlated,0.3,0.75,fiedler,3,fiedler,0.7500000000000001,0.5625000000000001,0.9999999999999998,0.999999999999999,20.0,0.04999999999999999,15.491695429916513,0.0122,0.010000000007564569,0.0122,0.011705863466936639,0.0004941365330633617,0.5625000000000001,0.5080570485700369,-0.05444295142996325
star,20,correlated,0.3,0.75,cluster,3,1;0;2;3,0.75,2.25,4.0,0.999999999999999,20.0,0.2,15.491695429916513,0.0122,0.010000000007564569,0.0584,0.0556841398002727,0.0027158601997272977,2.25,2.2607982650039347,0.01079826500393466
star,20,correlated,0.3,0.75,point,3,11,0.75,0.5625,1.0,0.999999999999999,20.0,0.05,15.491695429916513,0.0122,0.010000000007564569,0.0122,0.012194863670027811,5.136329972189532e-06,0.5625,0.6013871926300816,0.03888719263008156
star,20,correlated,0.3,0.75,edge_bipolar,3,0-13,0.7499999999999999,6.1875,11.000000000000002,0.999999999999999,20.0,0.55,15.491695429916513,0.0122,0.010000000007564569,0.195,0.19064976918314663,0.004350230816853373,6.1875,6.199277687962215,0.011777687962214678
star,20,correlated,0.3,0.75,high_frequency,3,lambda_max,0.7499999999999999,11.250000000000004,20.00000000000001,0.999999999999999,20.0,1.0000000000000004,15.491695429916513,0.0122,0.010000000007564569,0.3882,0.39481313711204097,-0.006613137112040979,11.250000000000004,11.044569401565056,-0.2054305984349476
star,20,correlated,0.3,1.5,constant,3,all,1.4999999999999998,1.4895204919483638e-16,6.620091075326063e-17,0.999999999999999,20.0,3.3100455376630313e-18,15.491695429916513,0.0122,0.010000000007564569,0.0088,0.010000000007564569,-0.0012000000075645684,1.4895204919483638e-16,-0.06684484336669394,-0.06684484336669409
star,20,correlated,0.3,1.5,fiedler,3,fiedler,1.5000000000000002,2.2500000000000004,0.9999999999999998,0.999999999999999,20.0,0.04999999999999999,15.491695429916513,0.0122,0.010000000007564569,0.0174,0.01886951545108112,-0.0014695154510811215,2.2500000000000004,2.261965277721033,0.011965277721032397
star,20,correlated,0.3,1.5,cluster,3,10;0;1;2,1.5,9.0,4.0,0.999999999999999,20.0,0.2,15.491695429916513,0.0122,0.010000000007564569,0.2942,0.2931758313035566,0.001024168696443395,9.0,8.890011939013007,-0.10998806098699276
star,20,correlated,0.3,1.5,point,3,9,1.5,2.25,1.0,0.999999999999999,20.0,0.05,15.491695429916513,0.0122,0.010000000007564569,0.023,0.021512081213804435,0.0014879187861955648,2.25,2.3551775641798747,0.10517756417987467
star,20,correlated,0.3,1.5,edge_bipolar,3,0-6,1.4999999999999998,24.75,11.000000000000002,0.999999999999999,20.0,0.55,15.491695429916513,0.0122,0.010000000007564569,0.8066,0.808853282902961,-0.002253282902961007,24.75,24.525170041807677,-0.22482995819232343
star,20,correlated,0.3,1.5,high_frequency,3,lambda_max,1.4999999999999998,45.000000000000014,20.00000000000001,0.999999999999999,20.0,1.0000000000000004,15.491695429916513,0.0122,0.010000000007564569,0.9802,0.9794421202678346,0.0007578797321653452,45.000000000000014,45.64476023110676,0.6447602311067442
star,20,correlated,0.3,3.0,constant,3,all,2.9999999999999996,5.958081967793455e-16,6.620091075326063e-17,0.999999999999999,20.0,3.3100455376630313e-18,15.491695429916513,0.0122,0.010000000007564569,0.0096,0.010000000007564569,-0.0004000000075645698,5.958081967793455e-16,0.0530528828435477,0.0530528828435471
star,20,correlated,0.3,3.0,fiedler,3,fiedler,3.0000000000000004,9.000000000000002,0.9999999999999998,0.999999999999999,20.0,0.04999999999999999,15.491695429916513,0.0122,0.010000000007564569,0.1534,0.15060658285082873,0.002793417149171279,9.000000000000002,9.032163421590766,0.032163421590764685
star,20,correlated,0.3,3.0,cluster,3,3;0;1;2,3.0,36.0,4.0,0.999999999999999,20.0,0.2,15.491695429916513,0.0122,0.010000000007564569,0.9616,0.9630724622760956,-0.001472462276095543,36.0,36.30275734125923,0.3027573412592304
star,20,correlated,0.3,3.0,point,3,5,3.0,9.0,1.0,0.999999999999999,20.0,0.05,15.491695429916513,0.0122,0.010000000007564569,0.1786,0.1662821838274235,0.012317816172576518,9.0,9.171171173222785,0.17117117322278474
star,20,correlated,0.3,3.0,edge_bipolar,3,0-7,2.9999999999999996,99.0,11.000000000000002,0.999999999999999,20.0,0.55,15.491695429916513,0.0122,0.010000000007564569,1.0,0.9999969009599714,3.0990400285979547e-06,99.0,98.72404145593623,-0.2759585440637693
star,20,correlated,0.3,3.0,high_frequency,3,lambda_max,2.9999999999999996,180.00000000000006,20.00000000000001,0.999999999999999,20.0,1.0000000000000004,15.491695429916513,0.0122,0.010000000007564569,1.0,0.9999999999864031,1.3596901382584292e-11,180.00000000000006,180.135730613984,0.13573061398395225
star,40,iid,0.15,0.75,constant,0,all,0.7499999999999999,-1.1849062956446365e-16,-2.1065000811460208e-16,0.9999999999999978,40.0,-5.266250202865052e-18,6.838957917496006,0.0124,0.010000000000037534,0.0122,0.010000000000037534,0.0021999999999624664,-1.1849062956446365e-16,0.0048299446778039545,0.004829944677804073
star,40,iid,0.15,0.75,fiedler,0,fiedler,0.75,0.5625,1.0,0.9999999999999978,40.0,0.025,6.838957917496006,0.0124,0.010000000000037534,0.0124,0.014380114347207762,-0.0019801143472077624,0.5625,0.5581052694728059,-0.0043947305271940795
star,40,iid,0.15,0.75,cluster,0,16;0;1;2;3;4;5;6,0.7499999999999999,2.249999999999999,3.999999999999999,0.9999999999999978,40.0,0.09999999999999998,6.838957917496006,0.0124,0.010000000000037534,0.134,0.14575150260786723,-0.011751502607867226,2.249999999999999,2.19553527505538,-0.05446472494461929
star,40,iid,0.15,0.75,point,0,16,0.75,0.5625,1.0,0.9999999999999978,40.0,0.025,6.838957917496006,0.0124,0.010000000000037534,0.0176,0.015022754126655213,0.0025772458733447877,0.5625,0.5927231449606396,0.030223144960639603
star,40,iid,0.15,0.75,edge_bipolar,0,0-39,0.7499999999999999,11.812499999999998,21.0,0.9999999999999978,40.0,0.525,6.838957917496006,0.0124,0.010000000000037534,0.8622,0.8555974755453405,0.006602524454659475,11.812499999999998,11.942722240684343,0.13022224068434518
star,40,iid,0.15,0.75,high_frequency,0,lambda_max,0.75,22.500000000000007,40.000000000000014,0.9999999999999978,40.0,1.0000000000000004,6.838957917496006,0.0124,0.010000000000037534,0.9934,0.9922326341839073,0.0011673658160926692,22.500000000000007,22.24097382865083,-0.25902617134917705
star,40,iid,0.15,1.5,constant,0,all,1.4999999999999998,-4.739625182578546e-16,-2.1065000811460208e-16,0.9999999999999978,40.0,-5.266250202865052e-18,6.838957917496006,0.0124,0.010000000000037534,0.0098,0.010000000000037534,-0.00020000000003753474,-4.739625182578546e-16,0.01700399634603489,0.017003996346035364
star,40,iid,0.15,1.5,fiedler,0,fiedler,1.5,2.25,1.0,0.9999999999999978,40.0,0.025,6.838957917496006,0.0124,0.010000000000037534,0.05,0.04410426750844432,0.005895732491555686,2.25,2.247287442514345,-0.0027125574856547985
star,40,iid,0.15,1.5,cluster,0,30;0;1;2;3;4;5;6,1.4999999999999998,8.999999999999996,3.999999999999999,0.9999999999999978,40.0,0.09999999999999998,6.838957917496006,0.0124,0.010000000000037534,0.7486,0.74537806880451,0.0032219311954900798,8.999999999999996,9.021909132825476,0.02190913282547946
star,40,iid,0.15,1.5,point,0,27,1.5,2.25,1.0,0.9999999999999978,40.0,0.025,6.838957917496006,0.0124,0.010000000000037534,0.0464,0.04893231087636302,-0.0025323108763630198,2.25,2.2286568696964837,-0.02134313030351631
star,40,iid,0.15,1.5,edge_bipolar,0,0-39,1.4999999999999998,47.24999999999999,21.0,0.9999999999999978,40.0,0.525,6.838957917496006,0.0124,0.010000000000037534,1.0,0.999999261980588,7.380194120276684e-07,47.24999999999999,47.449458991239034,0.19945899123904098
star,40,iid,0.15,1.5,high_frequency,0,lambda_max,1.5,90.00000000000003,40.000000000000014,0.9999999999999978,40.0,1.0000000000000004,6.838957917496006,0.0124,0.010000000000037534,1.0,0.9999999999999394,6.061817714453355e-14,90.00000000000003,90.0854397729095,0.08543977290946714
star,40,iid,0.15,3.0,constant,0,all,2.9999999999999996,-1.8958500730314183e-15,-2.1065000811460208e-16,0.9999999999999978,40.0,-5.266250202865052e-18,6.838957917496006,0.0124,0.010000000000037534,0.0088,0.010000000000037534,-0.0012000000000375339,-1.8958500730314183e-15,0.0006390976612171695,0.0006390976612190653
star,40,iid,0.15,3.0,fiedler,0,fiedler,3.0,9.0,1.0,0.9999999999999978,40.0,0.025,6.838957917496006,0.0124,0.010000000000037534,1.0,0.9999417845516244,5.821544837558701e-05,9.0,9.012923692784316,0.012923692784315932
star,40,iid,0.15,3.0,cluster,0,30;0;1;2;3;4;5;6,2.9999999999999996,35.999999999999986,3.999999999999999,0.9999999999999978,40.0,0.09999999999999998,6.838957917496006,0.0124,0.010000000000037534,1.0,0.9999998505846055,1.494153945014176e-07,35.999999999999986,36.076338830962705,0.07633883096271887
star,40,iid,0.15,3.0,point,0,15,3.0,9.0,1.0,0.9999999999999978,40.0,0.025,6.838957917496006,0.0124,0.010000000000037534,1.0,0.9998654447209252,0.00013455527907479947,9.0,9.011509142581213,0.011509142581212828
star,40,iid,0.15,3.0,edge_bipolar,0,0-36,2.9999999999999996,188.99999999999997,21.0,0.9999999999999978,40.0,0.525,6.838957917496006,0.0124,0.010000000000037534,1.0,1.0,0.0,188.99999999999997,189.0900464869201,0.09004648692013006
star,40,iid,0.15,3.0,high_frequency,0,lambda_max,3.0,360.0000000000001,40.000000000000014,0.9999999999999978,40.0,1.0000000000000004,6.838957917496006,0.0124,0.010000000000037534,1.0,0.999999999997777,2.222999562206951e-12,360.0000000000001,360.4862767379813,0.48627673798119986
star,40,iid,0.15,0.75,constant,1,all,0.7499999999999999,-1.1849062956446365e-16,-2.1065000811460208e-16,0.9999999999999978,40.0,-5.266250202865052e-18,6.838957917496006,0.0114,0.010000000000037534,0.011,0.010000000000037534,0.000999999999962465,-1.1849062956446365e-16,-0.006472757310478805,-0.006472757310478686
star,40,iid,0.15,0.75,fiedler,1,fiedler,0.75,0.5625,1.0,0.9999999999999978,40.0,0.025,6.838957917496006,0.0114,0.010000000000037534,0.0156,0.014380114347207762,0.0012198856527922373,0.5625,0.5509410223898497,-0.011558977610150345
star,40,iid,0.15,0.75,cluster,1,14;0;1;2;3;4;5;6,0.7499999999999999,2.249999999999999,3.999999999999999,0.9999999999999978,40.0,0.09999999999999998,6.838957917496006,0.0114,0.010000000000037534,0.1474,0.14575150260786723,0.0016484973921327695,2.249999999999999,2.297189623976042,0.04718962397604276
star,40,iid,0.15,0.75,point,1,8,0.75,0.5625,1.0,0.9999999999999978,40.0,0.025,6.838957917496006,0.0114,0.010000000000037534,0.0138,0.015022754126655324,-0.0012227541266553246,0.5625,0.5416031431397335,-0.020896856860266544
star,40,iid,0.15,0.75,edge_bipolar,1,0-27,0.7499999999999999,11.812499999999998,21.0,0.9999999999999978,40.0,0.525,6.838957917496006,0.0114,0.010000000000037534,0.8646,0.8555974755453405,0.009002524454659544,11.812499999999998,12.075524825897238,0.2630248258972401
star,40,iid,0.15,0.75,high_frequency,1,lambda_max,0.75,22.500000000000007,40.000000000000014,0.9999999999999978,40.0,1.0000000000000004,6.838957917496006,0.0114,0.010000000000037534,0.9932,0.9922326341839073,0.0009673658160926912,22.500000000000007,22.64186202313821,0.14186202313820218
star,40,iid,0.15,1.5,constant,1,all,1.4999999999999998,-4.739625182578546e-16,-2.1065000811460208e-16,0.9999999999999978,40.0,-5.266250202865052e-18,6.838957917496006,0.0114,0.010000000000037534,0.013,0.010000000000037534,0.002999999999962465,-4.739625182578546e-16,0.03341113201085122,0.03341113201085169
star,40,iid,0.15,1.5,fiedler,1,fiedler,1.5,2.25,1.0,0.9999999999999978,40.0,0.025,6.838957917496006,0.0114,0.010000000000037534,0.0426,0.04410426750844432,-0.001504267508444318,2.25,2.262395022425128,0.012395022425128133
star,40,iid,0.15,1.5,cluster,1,14;0;1;2;3;4;5;6,1.4999999999999998,8.999999999999996,3.999999999999999,0.9999999999999978,40.0,0.09999999999999998,6.838957917496006,0.0114,0.010000000000037534,0.7434,0.74537806880451,-0.0019780688045100137,8.999999999999996,8.896602139440102,-0.10339786055989464
star,40,iid,0.15,1.5,point,1,11,1.5,2.25,1.0,0.9999999999999978,40.0,0.025,6.838957917496006,0.0114,0.010000000000037534,0.0458,0.04893231087636307,-0.0031323108763630717,2.25,2.2407858566848784,-0.009214143315121603
star,40,iid,0.15,1.5,edge_bipolar,1,0-14,1.4999999999999998,47.24999999999999,21.0,0.9999999999999978,40.0,0.525,6.838957917496006,0.0114,0.010000000000037534,1.0,0.999999261980588,7.380194120276684e-07,47.24999999999999,47.323734741497276,0.0737347414972831
star,40,iid,0.15,1.5,high_frequency,1,lambda_max,1.5,90.00000000000003,40.000000000000014,0.9999999999999978,40.0,1.0000000000000004,6.838957917496006,0.0114,0.010000000000037534,1.0,0.9999999999999394,6.061817714453355e-14,90.00000000000003,90.44804718427292,0.4480471842728946
star,40,iid,0.15,3.0,constant,1,all,2.9999999999999996,-1.8958500730314183e-15,-2.1065000811460208e-16,0.9999999999999978,40.0,-5.266250202865052e-18,6.838957917496006,0.0114,0.010000000000037534,0.0118,0.010000000000037534,0.0017999999999624653,-1.8958500730314183e-15,0.025205924983085826,0.02520592498308772
star,40,iid,0.15,3.0,fiedler,1,fiedler,3.0,9.0,1.0,0.9999999999999978,40.0,0.025,6.838957917496006,0.0114,0.010000000000037534,1.0,0.9999417845516244,5.821544837558701e-05,9.0,8.99096793267015,-0.009032067329849625
star,40,iid,0.15,3.0,cluster,1,5;0;1;2;3;4;6;7,2.9999999999999996,35.999999999999986,3.999999999999999,0.9999999999999978,40.0,0.09999999999999998,6.838957917496006,0.0114,0.010000000000037534,1.0,0.9999998505846055,1.494153945014176e-07,35.999999999999986,36.12390408315444,0.12390408315445711
star,40,iid,0.15,3.0,point,1,32,3.0,9.0,1.0,0.9999999999999978,40.0,0.025,6.838957917496006,0.0114,0.010000000000037534,1.0,0.9998654447209251,0.0001345552790749105,9.0,9.041445208376068,0.04144520837606791
star,40,iid,0.15,3.0,edge_bipolar,1,0-13,2.9999999999999996,188.99999999999997,21.0,0.9999999999999978,40.0,0.525,6.838957917496006,0.0114,0.010000000000037534,1.0,1.0,0.0,188.99999999999997,189.55082854655404,0.5508285465540723
star,40,iid,0.15,3.0,high_frequency,1,lambda_max,3.0,360.0000000000001,40.000000000000014,0.9999999999999978,40.0,1.0000000000000004,6.838957917496006,0.0114,0.010000000000037534,1.0,0.999999999997777,2.222999562206951e-12,360.0000000000001,359.11727148785883,-0.8827285121412842
star,40,iid,0.15,0.75,constant,2,all,0.7499999999999999,-1.1849062956446365e-16,-2.1065000811460208e-16,0.9999999999999978,40.0,-5.266250202865052e-18,6.838957917496006,0.0086,0.010000000000037534,0.013,0.010000000000037534,0.002999999999962465,-1.1849062956446365e-16,0.012519995667636952,0.01251999566763707
star,40,iid,0.15,0.75,fiedler,2,fiedler,0.75,0.5625,1.0,0.9999999999999978,40.0,0.025,6.838957917496006,0.0086,0.010000000000037534,0.0152,0.014380114347207762,0.000819885652792238,0.5625,0.5742128175213705,0.011712817521370544
star,40,iid,0.15,0.75,cluster,2,13;0;1;2;3;4;5;6,0.7499999999999999,2.249999999999999,3.999999999999999,0.9999999999999978,40.0,0.09999999999999998,6.838957917496006,0.0086,0.010000000000037534,0.1492,0.14575150260786723,0.0034484973921327655,2.249999999999999,2.3302280254843213,0.08022802548432217
star,40,iid,0.15,0.75,point,2,28,0.75,0.5625,1.0,0.9999999999999978,40.0,0.025,6.838957917496006,0.0086,0.010000000000037534,0.017,0.01502275412665538,0.0019772458733446213,0.5625,0.5762866609987329,0.013786660998732936
star,40,iid,0.15,0.75,edge_bipolar,2,0-35,0.7499999999999999,11.812499999999998,21.0,0.9999999999999978,40.0,0.525,6.838957917496006,0.0086,0.010000000000037534,0.8542,0.8555974755453405,-0.0013974755453405319,11.812499999999998,11.875407252256844,0.06290725225684568
star,40,iid,0.15,0.75,high_frequency,2,lambda_max,0.75,22.500000000000007,40.000000000000014,0.9999999999999978,40.0,1.0000000000000004,6.838957917496006,0.0086,0.010000000000037534,0.9918,0.9922326341839073,-0.0004326341839072656,22.500000000000007,22.66337425119874,0.16337425119873217
star,40,iid,0.15,1.5,constant,2,all,1.4999999999999998,-4.739625182578546e-16,-2.1065000811460208e-16,0.9999999999999978,40.0,-5.266250202865052e-18,6.838957917496006,0.0086,0.010000000000037534,0.0116,0.010000000000037534,0.0015999999999624648,-4.739625182578546e-16,0.017782240163653817,0.017782240163654293
star,40,iid,0.15,1.5,fiedler,2,fiedler,1.5,2.25,1.0,0.9999999999999978,40.0,0.025,6.838957917496006,0.0086,0.010000000000037534,0.046,0.04410426750844432,0.0018957324915556822,2.25,2.2739866654079846,0.023986665407984553
star,40,iid,0.15,1.5,cluster,2,25;0;1;2;3;4;5;6,1.4999999999999998,8.999999999999996,3.999999999999999,0.9999999999999978,40.0,0.09999999999999998,6.838957917496006,0.0086,0.010000000000037534,0.7534,0.7453780688045101,0.008021931195489884,8.999999999999996,9.078205760758868,0.07820576075887153
star,40,iid,0.15,1.5,point,2,0,1.5,87.75,39.0,0.9999999999999978,40.0,0.975,6.838957917496006,0.0086,0.010000000000037534,1.0,0.9999999999998448,1.5520917884259688e-13,87.75,87.39827305794331,-0.3517269420566862
star,40,iid,0.15,1.5,edge_bipolar,2,0-39,1.4999999999999998,47.24999999999999,21.0,0.9999999999999978,40.0,0.525,6.838957917496006,0.0086,0.010000000000037534,1.0,0.999999261980588,7.380194120276684e-07,47.24999999999999,47.22661324480417,-0.023386755195822673
star,40,iid,0.15,1.5,high_frequency,2,lambda_max,1.5,90.00000000000003,40.000000000000014,0.9999999999999978,40.0,1.0000000000000004,6.838957917496006,0.0086,0.010000000000037534,1.0,0.9999999999999394,6.061817714453355e-14,90.00000000000003,89.86263372299184,-0.1373662770081836
star,40,iid,0.15,3.0,constant,2,all,2.9999999999999996,-1.8958500730314183e-15,-2.1065000811460208e-16,0.9999999999999978,40.0,-5.266250202865052e-18,6.838957917496006,0.0086,0.010000000000037534,0.009,0.010000000000037534,-0.001000000000037535,-1.8958500730314183e-15,-0.011893205906953863,-0.011893205906951967
star,40,iid,0.15,3.0,fiedler,2,fiedler,3.0,9.0,1.0,0.9999999999999978,40.0,0.025,6.838957917496006,0.0086,0.010000000000037534,1.0,0.9999417845516244,5.821544837558701e-05,9.0,9.037929221645985,0.03792922164598522
star,40,iid,0.15,3.0,cluster,2,34;0;1;2;3;4;5;6,2.9999999999999996,35.999999999999986,3.999999999999999,0.9999999999999978,40.0,0.09999999999999998,6.838957917496006,0.0086,0.010000000000037534,1.0,0.9999998505846055,1.494153945014176e-07,35.999999999999986,35.72884289231699,-0.2711571076829955
star,40,iid,0.15,3.0,point,2,38,3.0,9.0,1.0,0.9999999999999978,40.0,0.025,6.838957917496006,0.0086,0.010000000000037534,1.0,0.999865444720925,0.00013455527907502152,9.0,9.023305977860813,0.023305977860813343
star,40,iid,0.15,3.0,edge_bipolar,2,0-16,2.9999999999999996,188.99999999999997,21.0,0.9999999999999978,40.0,0.525,6.838957917496006,0.0086,0.010000000000037534,1.0,1.0,0.0,188.99999999999997,188.62443178821343,-0.3755682117865433
star,40,iid,0.15,3.0,high_frequency,2,lambda_max,3.0,360.0000000000001,40.000000000000014,0.9999999999999978,40.0,1.0000000000000004,6.838957917496006,0.0086,0.010000000000037534,1.0,0.999999999997777,2.222999562206951e-12,360.0000000000001,360.02013338597067,0.02013338597055281
star,40,iid,0.15,0.75,constant,3,all,0.7499999999999999,-1.1849062956446365e-16,-2.1065000811460208e-16,0.9999999999999978,40.0,-5.266250202865052e-18,6.838957917496006,0.0108,0.010000000000037534,0.0096,0.010000000000037534,-0.00040000000003753526,-1.1849062956446365e-16,0.0008564694497490422,0.0008564694497491607
star,40,iid,0.15,0.75,fiedler,3,fiedler,0.75,0.5625,1.0,0.9999999999999978,40.0,0.025,6.838957917496006,0.0108,0.010000000000037534,0.0132,0.014380114347207762,-0.001180114347207762,0.5625,0.5399558393572497,-0.022544160642750333
star,40,iid,0.15,0.75,cluster,3,31;0;1;2;3;4;5;6,0.7499999999999999,2.249999999999999,3.999999999999999,0.9999999999999978,40.0,0.09999999999999998,6.838957917496006,0.0108,0.010000000000037534,0.1416,0.14575150260786723,-0.00415150260786723,2.249999999999999,2.194031905569436,-0.05596809443056294
star,40,iid,0.15,0.75,point,3,1,0.75,0.5625,1.0,0.9999999999999978,40.0,0.025,6.838957917496006,0.0108,0.010000000000037534,0.0168,0.01502275412665538,0.001777245873344619,0.5625,0.5892840288770833,0.02678402887708331
star,40,iid,0.15,0.75,edge_bipolar,3,0-31,0.7499999999999999,11.812499999999998,21.0,0.9999999999999978,40.0,0.525,6.838957917496006,0.0108,0.010000000000037534,0.8456,0.8555974755453405,-0.009997475545340473,11.812499999999998,11.7354077170355,-0.07709228296449844
star,40,iid,0.15,0.75,high_frequency,3,lambda_max,0.75,22.500000000000007,40.000000000000014,0.9999999999999978,40.0,1.0000000000000004,6.838957917496006,0.0108,0.010000000000037534,0.992,0.9922326341839073,-0.00023263418390728763,22.500000000000007,22.6409152257415,0.1409152257414945
star,40,iid,0.15,1.5,constant,3,all,1.4999999999999998,-4.739625182578546e-16,-2.1065000811460208e-16,0.9999999999999978,40.0,-5.266250202865052e-18,6.838957917496006,0.0108,0.010000000000037534,0.0112,0.010000000000037534,0.0011999999999624655,-4.739625182578546e-16,0.03306201066947856,0.03306201066947903
star,40,iid,0.15,1.5,fiedler,3,fiedler,1.5,2.25,1.0,0.9999999999999978,40.0,0.025,6.838957917496006,0.0108,0.010000000000037534,0.0404,0.04410426750844432,-0.0037042675084443186,2.25,2.2216666040021913,-0.028333395997808708
star,40,iid,0.15,1.5,cluster,3,35;0;1;2;3;4;5;6,1.4999999999999998,8.999999999999996,3.999999999999999,0.9999999999999978,40.0,0.09999999999999998,6.838957917496006,0.0108,0.010000000000037534,0.7354,0.74537806880451,-0.00997806880450991,8.999999999999996,8.95252357777403,-0.04747642222596582
star,40,iid,0.15,1.5,point,3,31,1.5,2.25,1.0,0.9999999999999978,40.0,0.025,6.838957917496006,0.0108,0.010000000000037534,0.0444,0.048932310876362795,-0.0045323108763627926,2.25,2.2295019682651676,-0.020498031734832445
star,40,iid,0.15,1.5,edge_bipolar,3,0-17,1.4999999999999998,47.24999999999999,21.0,0.9999999999999978,40.0,0.525,6.838957917496006,0.0108,0.010000000000037534,1.0,0.999999261980588,7.380194120276684e-07,47.24999999999999,47.44425813556215,0.19425813556215843
star,40,iid,0.15,1.5,high_frequency,3,lambda_max,1.5,90.00000000000003,40.000000000000014,0.9999999999999978,40.0,1.0000000000000004,6.838957917496006,0.0108,0.010000000000037534,1.0,0.9999999999999394,6.061817714453355e-14,90.00000000000003,89.65585635255327,-0.3441436474467565
star,40,iid,0.15,3.0,constant,3,all,2.9999999999999996,-1.8958500730314183e-15,-2.1065000811460208e-16,0.9999999999999978,40.0,-5.266250202865052e-18,6.838957917496006,0.0108,0.010000000000037534,0.0124,0.010000000000037534,0.002399999999962465,-1.8958500730314183e-15,0.03810371895125231,0.0381037189512542
star,40,iid,0.15,3.0,fiedler,3,fiedler,3.0,9.0,1.0,0.9999999999999978,40.0,0.025,6.838957917496006,0.0108,0.010000000000037534,1.0,0.9999417845516244,5.821544837558701e-05,9.0,9.009009987279805,0.009009987279805287
star,40,iid,0.15,3.0,cluster,3,5;0;1;2;3;4;6;7,2.9999999999999996,35.999999999999986,3.999999999999999,0.9999999999999978,40.0,0.09999999999999998,6.838957917496006,0.0108,0.010000000000037534,1.0,0.9999998505846055,1.494153945014176e-07,35.999999999999986,36.03881893527818,0.03881893527819358
star,40,iid,0.15,3.0,point,3,21,3.0,9.0,1.0,0.9999999999999978,40.0,0.025,6.838957917496006,0.0108,0.010000000000037534,0.9996,0.9998654447209251,-0.00026544472092504545,9.0,9.002329733720877,0.002329733720877414
star,40,iid,0.15,3.0,edge_bipolar,3,0-3,2.9999999999999996,188.99999999999997,21.0,0.9999999999999978,40.0,0.525,6.838957917496006,0.0108,0.010000000000037534,1.0,1.0,0.0,188.99999999999997,188.5833393163144,-0.4166606836855635
star,40,iid,0.15,3.0,high_frequency,3,lambda_max,3.0,360.0000000000001,40.000000000000014,0.9999999999999978,40.0,1.0000000000000004,6.838957917496006,0.0108,0.010000000000037534,1.0,0.999999999997777,2.222999562206951e-12,360.0000000000001,360.0754254572585,0.07542545725840455
star,40,iid,0.3,0.75,constant,0,all,0.7499999999999999,-1.1849062956446365e-16,-2.1065000811460208e-16,0.9999999999999978,40.0,-5.266250202865052e-18,27.35583155319185,0.0134,0.010000000000038256,0.0106,0.010000000000038256,0.000599999999961744,-1.1849062956446365e-16,-0.05407634068995293,-0.05407634068995281
star,40,iid,0.3,0.75,fiedler,0,fiedler,0.75,0.5625,1.0,0.9999999999999978,40.0,0.025,27.35583155319185,0.0134,0.010000000000038256,0.0102,0.010946704689035358,-0.0007467046890353574,0.5625,0.6553065861272289,0.09280658612722892
star,40,iid,0.3,0.75,cluster,0,29;0;1;2;3;4;5;6,0.7499999999999999,2.249999999999999,3.999999999999999,0.9999999999999978,40.0,0.09999999999999998,27.35583155319185,0.0134,0.010000000000038256,0.035,0.03356970995889047,0.0014302900411095332,2.249999999999999,2.281271220676076,0.031271220676076794
star,40,iid,0.3,0.75,point,0,7,0.75,0.5625,1.0,0.9999999999999978,40.0,0.025,27.35583155319185,0.0134,0.010000000000038256,0.0084,0.01108056932566337,-0.0026805693256633702,0.5625,0.4422810472028864,-0.12021895279711359
star,40,iid,0.3,0.75,edge_bipolar,0,0-15,0.7499999999999999,11.812499999999998,21.0,0.9999999999999978,40.0,0.525,27.35583155319185,0.0134,0.010000000000038256,0.2162,0.21999928493248283,-0.003799284932482827,11.812499999999998,11.908386837804002,0.09588683780400409
star,40,iid,0.3,0.75,high_frequency,0,lambda_max,0.75,22.500000000000007,40.000000000000014,0.9999999999999978,40.0,1.0000000000000004,27.35583155319185,0.0134,0.010000000000038256,0.4644,0.46886582087729156,-0.004465820877291582,22.500000000000007,22.355450989649196,-0.14454901035081136
star,40,iid,0.3,1.5,constant,0,all,1.4999999999999998,-4.739625182578546e-16,-2.1065000811460208e-16,0.9999999999999978,40.0,-5.266250202865052e-18,27.35583155319185,0.0134,0.010000000000038256,0.01,0.010000000000038256,-3.825585681571653e-14,-4.739625182578546e-16,-0.005745433409647838,-0.005745433409647364
star,40,iid,0.3,1.5,fiedler,0,fiedler,1.5,2.25,1.0,0.9999999999999978,40.0,0.025,27.35583155319185,0.0134,0.010000000000038256,0.0166,0.014380110758484721,0.002219889241515279,2.25,2.2585455923405098,0.008545592340509778
star,40,iid,0.3,1.5,cluster,0,20;0;1;2;3;4;5;6,1.4999999999999998,8.999999999999996,3.999999999999999,0.9999999999999978,40.0,0.09999999999999998,27.35583155319185,0.0134,0.010000000000038256,0.1496,0.14575150409411558,0.0038484959058844304,8.999999999999996,9.065366292477563,0.06536629247756665
star,40,iid,0.3,1.5,point,0,22,1.5,2.25,1.0,0.9999999999999978,40.0,0.025,27.35583155319185,0.0134,0.010000000000038256,0.0174,0.015022749880250319,0.00237725011974968,2.25,2.1654386458991306,-0.0845613541008694
star,40,iid,0.3,1.5,edge_bipolar,0,0-3,1.4999999999999998,47.24999999999999,21.0,0.9999999999999978,40.0,0.525,27.35583155319185,0.0134,0.010000000000038256,0.8544,0.8555974628672889,-0.0011974628672888343,47.24999999999999,46.54967782171227,-0.7003221782877205
star,40,iid,0.3,1.5,high_frequency,0,lambda_max,1.5,90.00000000000003,40.000000000000014,0.9999999999999978,40.0,1.0000000000000004,27.35583155319185,0.0134,0.010000000000038256,0.9916,0.9922326434208446,-0.0006326434208445697,90.00000000000003,90.14062357792419,0.1406235779241598
star,40,iid,0.3,3.0,constant,0,all,2.9999999999999996,-1.8958500730314183e-15,-2.1065000811460208e-16,0.9999999999999978,40.0,-5.266250202865052e-18,27.35583155319185,0.0134,0.010000000000038256,0.0086,0.010000000000038256,-0.001400000000038256,-1.8958500730314183e-15,-0.0901444152374431,-0.0901444152374412
star,40,iid,0.3,3.0,fiedler,0,fiedler,3.0,9.0,1.0,0.9999999999999978,40.0,0.025,27.35583155319185,0.0134,0.010000000000038256,0.0434,0.04410426835922743,-0.0007042683592274265,9.0,9.05443090965423,0.054430909654229254
star,40,iid,0.3,3.0,cluster,0,34;0;1;2;3;4;5;6,2.9999999999999996,35.999999999999986,3.999999999999999,0.9999999999999978,40.0,0.09999999999999998,27.35583155319185,0.0134,0.010000000000038256,0.7458,0.7453780711519586,0.0004219288480413752,35.999999999999986,36.201298714677364,0.20129871467737814
star,40,iid,0.3,3.0,point,0,32,3.0,9.0,1.0,0.9999999999999978,40.0,0.025,27.35583155319185,0.0134,0.010000000000038256,0.0504,0.048932311758219826,0.001467688241780174,9.0,8.994728849191645,-0.005271150808354719
star,40,iid,0.3,3.0,edge_bipolar,0,0-5,2.9999999999999996,188.99999999999997,21.0,0.9999999999999978,40.0,0.525,27.35583155319185,0.0134,0.010000000000038256,1.0,0.9999992619801177,7.380198823181416e-07,188.99999999999997,189.4133354741212,0.41333547412122584
star,40,iid,0.3,3.0,high_frequency,0,lambda_max,3.0,360.0000000000001,40.000000000000014,0.9999999999999978,40.0,1.0000000000000004,27.35583155319185,0.0134,0.010000000000038256,1.0,0.9999999999999372,6.283862319378386e-14,360.0000000000001,359.4091337332497,-0.5908662667504245
star,40,iid,0.3,0.75,constant,1,all,0.7499999999999999,-1.1849062956446365e-16,-2.1065000811460208e-16,0.9999999999999978,40.0,-5.266250202865052e-18,27.35583155319185,0.0112,0.010000000000038256,0.0128,0.010000000000038256,0.0027999999999617445,-1.1849062956446365e-16,-0.01084807353448003,-0.010848073534479911
star,40,iid,0.3,0.75,fiedler,1,fiedler,0.75,0.5625,1.0,0.9999999999999978,40.0,0.025,27.35583155319185,0.0112,0.010000000000038256,0.0102,0.010946704689035358,-0.0007467046890353574,0.5625,0.43653152050520116,-0.12596847949479884
star,40,iid,0.3,0.75,cluster,1,8;0;1;2;3;4;5;6,0.7499999999999999,2.249999999999999,3.999999999999999,0.9999999999999978,40.0,0.09999999999999998,27.35583155319185,0.0112,0.010000000000038256,0.0312,0.033569709958890415,-0.002369709958890416,2.249999999999999,2.2036772793627817,-0.04632272063721743
star,40,iid,0.3,0.75,point,1,33,0.75,0.5625,1.0,0.9999999999999978,40.0,0.025,27.35583155319185,0.0112,0.010000000000038256,0.0096,0.01108056932566337,-0.0014805693256633706,0.5625,0.4608544099456324,-0.10164559005436757
star,40,iid,0.3,0.75,edge_bipolar,1,0-23,0.7499999999999999,11.812499999999998,21.0,0.9999999999999978,40.0,0.525,27.35583155319185,0.0112,0.010000000000038256,0.2188,0.21999928493248283,-0.0011992849324828359,11.812499999999998,11.583446810648752,-0.2290531893512462
star,40,iid,0.3,0.75,high_frequency,1,lambda_max,0.75,22.500000000000007,40.000000000000014,0.9999999999999978,40.0,1.0000000000000004,27.35583155319185,0.0112,0.010000000000038256,0.4624,0.46886582087729156,-0.006465820877291584,22.500000000000007,22.545992412435766,0.04599241243575847
star,40,iid,0.3,1.5,constant,1,all,1.4999999999999998,-4.739625182578546e-16,-2.1065000811460208e-16,0.9999999999999978,40.0,-5.266250202865052e-18,27.35583155319185,0.0112,0.010000000000038256,0.0126,0.010000000000038256,0.002599999999961744,-4.739625182578546e-16,0.1486897745344251,0.14868977453442558
star,40,iid,0.3,1.5,fiedler,1,fiedler,1.5,2.25,1.0,0.9999999999999978,40.0,0.025,27.35583155319185,0.0112,0.010000000000038256,0.0126,0.014380110758484721,-0.0017801107584847209,2.25,2.195049574686144,-0.054950425313855966
star,40,iid,0.3,1.5,cluster,1,38;0;1;2;3;4;5;6,1.4999999999999998,8.999999999999996,3.999999999999999,0.9999999999999978,40.0,0.09999999999999998,27.35583155319185,0.0112,0.010000000000038256,0.1424,0.14575150409411558,-0.0033515040941155816,8.999999999999996,9.017479606279341,0.01747960627934475
star,40,iid,0.3,1.5,point,1,22,1.5,2.25,1.0,0.9999999999999978,40.0,0.025,27.35583155319185,0.0112,0.010000000000038256,0.0124,0.015022749880250319,-0.0026227498802503194,2.25,2.1877603007175415,-0.06223969928245854
star,40,iid,0.3,1.5,edge_bipolar,1,0-6,1.4999999999999998,47.24999999999999,21.0,0.9999999999999978,40.0,0.525,27.35583155319185,0.0112,0.010000000000038256,0.8526,0.8555974628672889,-0.002997462867288858,47.24999999999999,47.09726105764092,-0.15273894235907193
star,40,iid,0.3,1.5,high_frequency,1,lambda_max,1.5,90.00000000000003,40.000000000000014,0.9999999999999978,40.0,1.0000000000000004,27.35583155319185,0.0112,0.010000000000038256,0.9938,0.9922326434208446,0.00156735657915541,90.00000000000003,89.89599354575212,-0.10400645424790866
star,40,iid,0.3,3.0,constant,1,all,2.9999999999999996,-1.8958500730314183e-15,-2.1065000811460208e-16,0.9999999999999978,40.0,-5.266250202865052e-18,27.35583155319185,0.0112,0.010000000000038256,0.007,0.010000000000038256,-0.003000000000038256,-1.8958500730314183e-15,-0.06072704803125539,-0.0607270480312535
star,40,iid,0.3,3.0,fiedler,1,fiedler,3.0,9.0,1.0,0.9999999999999978,40.0,0.025,27.35583155319185,0.0112,0.010000000000038256,0.045,0.04410426835922743,0.0008957316407725707,9.0,8.931603842703908,-0.0683961572960925
star,40,iid,0.3,3.0,cluster,1,31;0;1;2;3;4;5;6,2.9999999999999996,35.999999999999986,3.999999999999999,0.9999999999999978,40.0,0.09999999999999998,27.35583155319185,0.0112,0.010000000000038256,0.7508,0.7453780711519588,0.005421928848041269,35.999999999999986,36.605288219183855,0.6052882191838691
star,40,iid,0.3,3.0,point,1,36,3.0,9.0,1.0,0.9999999999999978,40.0,0.025,27.35583155319185,0.0112,0.010000000000038256,0.0478,0.04893231175821966,-0.0011323117582196576,9.0,8.828874234625705,-0.17112576537429547
star,40,iid,0.3,3.0,edge_bipolar,1,0-18,2.9999999999999996,188.99999999999997,21.0,0.9999999999999978,40.0,0.525,27.35583155319185,0.0112,0.010000000000038256,1.0,0.9999992619801177,7.380198823181416e-07,188.99999999999997,190.16048616499606,1.1604861649960867
star,40,iid,0.3,3.0,high_frequency,1,lambda_max,3.0,360.0000000000001,40.000000000000014,0.9999999999999978,40.0,1.0000000000000004,27.35583155319185,0.0112,0.010000000000038256,1.0,0.9999999999999372,6.283862319378386e-14,360.0000000000001,362.51884513396425,2.5188451339641347
star,40,iid,0.3,0.75,constant,2,all,0.7499999999999999,-1.1849062956446365e-16,-2.1065000811460208e-16,0.9999999999999978,40.0,-5.266250202865052e-18,27.35583155319185,0.0108,0.010000000000038256,0.0098,0.010000000000038256,-0.00020000000003825638,-1.1849062956446365e-16,-0.1108171282920205,-0.11081712829202038
star,40,iid,0.3,0.75,fiedler,2,fiedler,0.75,0.5625,1.0,0.9999999999999978,40.0,0.025,27.35583155319185,0.0108,0.010000000000038256,0.0084,0.010946704689035358,-0.0025467046890353586,0.5625,0.42908532939915567,-0.13341467060084433
star,40,iid,0.3,0.75,cluster,2,19;0;1;2;3;4;5;6,0.7499999999999999,2.249999999999999,3.999999999999999,0.9999999999999978,40.0,0.09999999999999998,27.35583155319185,0.0108,0.010000000000038256,0.034,0.03356970995889047,0.0004302900411095323,2.249999999999999,2.247783117265434,-0.0022168827345652176
star,40,iid,0.3,0.75,point,2,1,0.75,0.5625,1.0,0.9999999999999978,40.0,0.025,27.35583155319185,0.0108,0.010000000000038256,0.0116,0.011080569325663425,0.000519430674336574,0.5625,0.6642773416671828,0.10177734166718277
star,40,iid,0.3,0.75,edge_bipolar,2,0-17,0.7499999999999999,11.812499999999998,21.0,0.9999999999999978,40.0,0.525,27.35583155319185,0.0108,0.010000000000038256,0.2144,0.21999928493248283,-0.005599284932482823,11.812499999999998,11.633168827163193,-0.17933117283680566
star,40,iid,0.3,0.75,high_frequency,2,lambda_max,0.75,22.500000000000007,40.000000000000014,0.9999999999999978,40.0,1.0000000000000004,27.35583155319185,0.0108,0.010000000000038256,0.4558,0.46886582087729156,-0.013065820877291578,22.500000000000007,22.079673746016628,-0.4203262539833794
star,40,iid,0.3,1.5,constant,2,all,1.4999999999999998,-4.739625182578546e-16,-2.1065000811460208e-16,0.9999999999999978,40.0,-5.266250202865052e-18,27.35583155319185,0.0108,0.010000000000038256,0.0096,0.010000000000038256,-0.0004000000000382569,-4.739625182578546e-16,-0.049820941916616235,-0.04982094191661576
star,40,iid,0.3,1.5,fiedler,2,fiedler,1.5,2.25,1.0,0.9999999999999978,40.0,0.025,27.35583155319185,0.0108,0.010000000000038256,0.0146,0.014380110758484721,0.00021988924151527915,2.25,2.165513489173594,-0.08448651082640612
star,40,iid,0.3,1.5,cluster,2,23;0;1;2;3;4;5;6,1.4999999999999998,8.999999999999996,3.999999999999999,0.9999999999999978,40.0,0.09999999999999998,27.35583155319185,0.0108,0.010000000000038256,0.1368,0.14575150409411558,-0.008951504094115575,8.999999999999996,8.654557059800236,-0.3454429401997601
star,40,iid,0.3,1.5,point,2,9,1.5,2.25,1.0,0.9999999999999978,40.0,0.025,27.35583155319185,0.0108,0.010000000000038256,0.0162,0.015022749880250263,0.0011772501197497356,2.25,2.224779051259735,-0.025220948740265037
star,40,iid,0.3,1.5,edge_bipolar,2,0-25,1.4999999999999998,47.24999999999999,21.0,0.9999999999999978,40.0,0.525,27.35583155319185,0.0108,0.010000000000038256,0.8608,0.8555974628672889,0.005202537132711127,47.24999999999999,47.65893878895004,0.40893878895004576
star,40,iid,0.3,1.5,high_frequency,2,lambda_max,1.5,90.00000000000003,40.000000000000014,0.9999999999999978,40.0,1.0000000000000004,27.35583155319185,0.0108,0.010000000000038256,0.9936,0.9922326434208446,0.001367356579155432,90.00000000000003,89.82089524177485,-0.17910475822517924
star,40,iid,0.3,3.0,constant,2,all,2.9999999999999996,-1.8958500730314183e-15,-2.1065000811460208e-16,0.9999999999999978,40.0,-5.266250202865052e-18,27.35583155319185,0.0108,0.010000000000038256,0.0092,0.010000000000038256,-0.0008000000000382562,-1.8958500730314183e-15,0.012208286609213914,0.01220828660921581
star,40,iid,0.3,3.0,fiedler,2,fiedler,3.0,9.0,1.0,0.9999999999999978,40.0,0.025,27.35583155319185,0.0108,0.010000000000038256,0.0448,0.04410426835922743,0.0006957316407725719,9.0,9.075311416621787,0.07531141662178698
star,40,iid,0.3,3.0,cluster,2,9;0;1;2;3;4;5;6,2.9999999999999996,35.999999999999986,3.999999999999999,0.9999999999999978,40.0,0.09999999999999998,27.35583155319185,0.0108,0.010000000000038256,0.7488,0.7453780711519589,0.003421928848041156,35.999999999999986,36.43416150008283,0.43416150008284404
star,40,iid,0.3,3.0,point,2,0,3.0,351.0,39.0,0.9999999999999978,40.0,0.975,27.35583155319185,0.0108,0.010000000000038256,1.0,0.999999999999845,1.5498713423767185e-13,351.0,351.4056390954698,0.4056390954697804
star,40,iid,0.3,3.0,edge_bipolar,2,0-17,2.9999999999999996,188.99999999999997,21.0,0.9999999999999978,40.0,0.525,27.35583155319185,0.0108,0.010000000000038256,1.0,0.9999992619801177,7.380198823181416e-07,188.99999999999997,189.82369019158432,0.8236901915843475
star,40,iid,0.3,3.0,high_frequency,2,lambda_max,3.0,360.0000000000001,40.000000000000014,0.9999999999999978,40.0,1.0000000000000004,27.35583155319185,0.0108,0.010000000000038256,1.0,0.9999999999999372,6.283862319378386e-14,360.0000000000001,361.5509487130728,1.5509487130726711
star,40,iid,0.3,0.75,constant,3,all,0.7499999999999999,-1.1849062956446365e-16,-2.1065000811460208e-16,0.9999999999999978,40.0,-5.266250202865052e-18,27.35583155319185,0.0102,0.010000000000038256,0.0106,0.010000000000038256,0.000599999999961744,-1.1849062956446365e-16,0.08450069550079586,0.08450069550079599
star,40,iid,0.3,0.75,fiedler,3,fiedler,0.75,0.5625,1.0,0.9999999999999978,40.0,0.025,27.35583155319185,0.0102,0.010000000000038256,0.013,0.010946704689035358,0.0020532953109646413,0.5625,0.681971843303331,0.11947184330333105
star,40,iid,0.3,0.75,cluster,3,18;0;1;2;3;4;5;6,0.7499999999999999,2.249999999999999,3.999999999999999,0.9999999999999978,40.0,0.09999999999999998,27.35583155319185,0.0102,0.010000000000038256,0.0332,0.033569709958890526,-0.0003697099588905253,2.249999999999999,2.2580652413593088,0.008065241359309638
star,40,iid,0.3,0.75,point,3,38,0.75,0.5625,1.0,0.9999999999999978,40.0,0.025,27.35583155319185,0.0102,0.010000000000038256,0.0142,0.01108056932566337,0.003119430674336631,0.5625,0.6878327999447196,0.12533279994471958
star,40,iid,0.3,0.75,edge_bipolar,3,0-38,0.7499999999999999,11.812499999999998,21.0,0.9999999999999978,40.0,0.525,27.35583155319185,0.0102,0.010000000000038256,0.2216,0.21999928493248283,0.001600715067517161,11.812499999999998,11.740660161709517,-0.07183983829048124
star,40,iid,0.3,0.75,high_frequency,3,lambda_max,0.75,22.500000000000007,40.000000000000014,0.9999999999999978,40.0,1.0000000000000004,27.35583155319185,0.0102,0.010000000000038256,0.4654,0.46886582087729156,-0.003465820877291581,22.500000000000007,22.084690142617056,-0.415309857382951
star,40,iid,0.3,1.5,constant,3,all,1.4999999999999998,-4.739625182578546e-16,-2.1065000811460208e-16,0.9999999999999978,40.0,-5.266250202865052e-18,27.35583155319185,0.0102,0.010000000000038256,0.0082,0.010000000000038256,-0.0018000000000382554,-4.739625182578546e-16,-0.1317900392150264,-0.13179003921502594
star,40,iid,0.3,1.5,fiedler,3,fiedler,1.5,2.25,1.0,0.9999999999999978,40.0,0.025,27.35583155319185,0.0102,0.010000000000038256,0.0138,0.014380110758484721,-0.0005801107584847212,2.25,2.19859916610194,-0.05140083389806005
star,40,iid,0.3,1.5,cluster,3,22;0;1;2;3;4;5;6,1.4999999999999998,8.999999999999996,3.999999999999999,0.9999999999999978,40.0,0.09999999999999998,27.35583155319185,0.0102,0.010000000000038256,0.1402,0.14575150409411558,-0.005551504094115589,8.999999999999996,8.991481603418215,-0.008518396581781218
star,40,iid,0.3,1.5,point,3,23,1.5,2.25,1.0,0.9999999999999978,40.0,0.025,27.35583155319185,0.0102,0.010000000000038256,0.0146,0.015022749880250374,-0.00042274988025037437,2.25,2.2692399389032465,0.01923993890324649
star,40,iid,0.3,1.5,edge_bipolar,3,0-11,1.4999999999999998,47.24999999999999,21.0,0.9999999999999978,40.0,0.525,27.35583155319185,0.0102,0.010000000000038256,0.8576,0.8555974628672889,0.0020025371327111463,47.24999999999999,47.63505188266376,0.3850518826637668
star,40,iid,0.3,1.5,high_frequency,3,lambda_max,1.5,90.00000000000003,40.000000000000014,0.9999999999999978,40.0,1.0000000000000004,27.35583155319185,0.0102,0.010000000000038256,0.9924,0.9922326434208446,0.0001673565791553422,90.00000000000003,89.69026102049655,-0.3097389795034786
star,40,iid,0.3,3.0,constant,3,all,2.9999999999999996,-1.8958500730314183e-15,-2.1065000811460208e-16,0.9999999999999978,40.0,-5.266250202865052e-18,27.35583155319185,0.0102,0.010000000000038256,0.0088,0.010000000000038256,-0.0012000000000382555,-1.8958500730314183e-15,0.06869024699083681,0.06869024699083871
star,40,iid,0.3,3.0,fiedler,3,fiedler,3.0,9.0,1.0,0.9999999999999978,40.0,0.025,27.35583155319185,0.0102,0.010000000000038256,0.051,0.04410426835922743,0.006895731640772569,9.0,9.108481294567316,0.1084812945673157
star,40,iid,0.3,3.0,cluster,3,18;0;1;2;3;4;5;6,2.9999999999999996,35.999999999999986,3.999999999999999,0.9999999999999978,40.0,0.09999999999999998,27.35583155319185,0.0102,0.010000000000038256,0.744,0.7453780711519588,-0.0013780711519587596,35.999999999999986,35.73159157834311,-0.26840842165687917
star,40,iid,0.3,3.0,point,3,15,3.0,9.0,1.0,0.9999999999999978,40.0,0.025,27.35583155319185,0.0102,0.010000000000038256,0.0514,0.048932311758219715,0.002467688241780286,9.0,9.0897168847704,0.08971688477040018
star,40,iid,0.3,3.0,edge_bipolar,3,0-6,2.9999999999999996,188.99999999999997,21.0,0.9999999999999978,40.0,0.525,27.35583155319185,0.0102,0.010000000000038256,1.0,0.9999992619801177,7.380198823181416e-07,188.99999999999997,189.48434447321466,0.48434447321469065
star,40,iid,0.3,3.0,high_frequency,3,lambda_max,3.0,360.0000000000001,40.000000000000014,0.9999999999999978,40.0,1.0000000000000004,27.35583155319185,0.0102,0.010000000000038256,1.0,0.9999999999999372,6.283862319378386e-14,360.0000000000001,359.8845939797109,-0.11540602028918556
star,40,correlated,0.15,0.75,constant,0,all,0.7499999999999999,-1.1849062956446365e-16,-2.1065000811460208e-16,0.9999999999999978,40.0,-5.266250202865052e-18,9.109559655879584,0.0094,0.009999999983661911,0.0114,0.009999999983661911,0.001400000016338089,-1.1849062956446365e-16,-0.010877703482513379,-0.010877703482513261
star,40,correlated,0.15,0.75,fiedler,0,fiedler,0.75,0.5625,1.0,0.9999999999999978,40.0,0.025,9.109559655879584,0.0094,0.009999999983661911,0.0156,0.012956704155094478,0.002643295844905521,0.5625,0.6232268339158797,0.06072683391587974
star,40,correlated,0.15,0.75,cluster,0,26;0;1;2;3;4;5;6,0.7499999999999999,2.249999999999999,3.999999999999999,0.9999999999999978,40.0,0.09999999999999998,9.109559655879584,0.0094,0.009999999983661911,0.0994,0.09759228583798474,0.0018077141620152642,2.249999999999999,2.2547584963792593,0.00475849637926018
star,40,correlated,0.15,0.75,point,0,28,0.75,0.5625,1.0,0.9999999999999978,40.0,0.025,9.109559655879584,0.0094,0.009999999983661911,0.0146,0.013390956856048464,0.0012090431439515364,0.5625,0.5851149636012454,0.022614963601245375
star,40,correlated,0.15,0.75,edge_bipolar,0,0-19,0.7499999999999999,11.812499999999998,21.0,0.9999999999999978,40.0,0.525,9.109559655879584,0.0094,0.009999999983661911,0.692,0.6935572138212365,-0.001557213821236525,11.812499999999998,11.809459899843784,-0.003040100156214365
star,40,correlated,0.15,0.75,high_frequency,0,lambda_max,0.75,22.500000000000007,40.000000000000014,0.9999999999999978,40.0,1.0000000000000004,9.109559655879584,0.0094,0.009999999983661911,0.9528,0.9523186327283948,0.0004813672716051931,22.500000000000007,22.3072625725994,-0.1927374274006084
star,40,correlated,0.15,1.5,constant,0,all,1.4999999999999998,-4.739625182578546e-16,-2.1065000811460208e-16,0.9999999999999978,40.0,-5.266250202865052e-18,9.109559655879584,0.0094,0.009999999983661911,0.0104,0.009999999983661911,0.0004000000163380882,-4.739625182578546e-16,0.02124024611172448,0.021240246111724956
star,40,correlated,0.15,1.5,fiedler,0,fiedler,1.5,2.25,1.0,0.9999999999999978,40.0,0.025,9.109559655879584,0.0094,0.009999999983661911,0.03,0.02856412504205963,0.0014358749579403696,2.25,2.222041148370799,-0.027958851629200865
star,40,correlated,0.15,1.5,cluster,0,3;0;1;2;4;5;6;7,1.4999999999999998,8.999999999999996,3.999999999999999,0.9999999999999978,40.0,0.09999999999999998,9.109559655879584,0.0094,0.009999999983661911,0.5472,0.5479587414482584,-0.0007587414482583821,8.999999999999996,9.062940082686673,0.06294008268667639
star,40,correlated,0.15,1.5,point,0,29,1.5,2.25,1.0,0.9999999999999978,40.0,0.025,9.109559655879584,0.0094,0.009999999983661911,0.0332,0.03139356591577869,0.001806434084221313,2.25,2.3085663592395917,0.05856635923959175
star,40,correlated,0.15,1.5,edge_bipolar,0,0-6,1.4999999999999998,47.24999999999999,21.0,0.9999999999999978,40.0,0.525,9.109559655879584,0.0094,0.009999999983661911,0.9996,0.9998805826268686,-0.00028058262686858626,47.24999999999999,46.98828910912639,-0.26171089087360144
star,40,correlated,0.15,1.5,high_frequency,0,lambda_max,1.5,90.00000000000003,40.000000000000014,0.9999999999999978,40.0,1.0000000000000004,9.109559655879584,0.0094,0.009999999983661911,1.0,0.9999999983042304,1.6957696358232965e-09,90.00000000000003,90.55698252120843,0.556982521208397
star,40,correlated,0.15,3.0,constant,0,all,2.9999999999999996,-1.8958500730314183e-15,-2.1065000811460208e-16,0.9999999999999978,40.0,-5.266250202865052e-18,9.109559655879584,0.0094,0.009999999983661911,0.0114,0.009999999983661911,0.001400000016338089,-1.8958500730314183e-15,0.0234641950979535,0.023464195097955394
star,40,correlated,0.15,3.0,fiedler,0,fiedler,3.0,9.0,1.0,0.9999999999999978,40.0,0.025,9.109559655879584,0.0094,0.009999999983661911,0.9086,0.9090945958825176,-0.0004945958825176566,9.0,9.040595294769433,0.040595294769433465
star,40,correlated,0.15,3.0,cluster,0,11;0;1;2;3;4;5;6,2.9999999999999996,35.999999999999986,3.999999999999999,0.9999999999999978,40.0,0.09999999999999998,9.109559655879584,0.0094,0.009999999983661911,0.9998,0.9998244008050816,-2.440080508159248e-05,35.999999999999986,35.78584750725223,-0.2141524927477576
star,40,correlated,0.15,3.0,point,0,39,3.0,9.0,1.0,0.9999999999999978,40.0,0.025,9.109559655879584,0.0094,0.009999999983661911,0.8682,0.8780329427117717,-0.009832942711771708,9.0,8.92699407979542,-0.07300592020457941
star,40,correlated,0.15,3.0,edge_bipolar,0,0-21,2.9999999999999996,188.99999999999997,21.0,0.9999999999999978,40.0,0.525,9.109559655879584,0.0094,0.009999999983661911,1.0,1.0,0.0,188.99999999999997,188.74833659684575,-0.2516634031542253
star,40,correlated,0.15,3.0,high_frequency,0,lambda_max,3.0,360.0000000000001,40.000000000000014,0.9999999999999978,40.0,1.0000000000000004,9.109559655879584,0.0094,0.009999999983661911,1.0,1.0,0.0,360.0000000000001,360.7015337884639,0.7015337884637916
star,40,correlated,0.15,0.75,constant,1,all,0.7499999999999999,-1.1849062956446365e-16,-2.1065000811460208e-16,0.9999999999999978,40.0,-5.266250202865052e-18,9.109559655879584,0.0104,0.009999999983661911,0.0114,0.009999999983661911,0.001400000016338089,-1.1849062956446365e-16,0.014569931912126854,0.014569931912126972
star,40,correlated,0.15,0.75,fiedler,1,fiedler,0.75,0.5625,1.0,0.9999999999999978,40.0,0.025,9.109559655879584,0.0104,0.009999999983661911,0.012,0.012956704155094478,-0.0009567041550944781,0.5625,0.5245443640143916,-0.03795563598560836
star,40,correlated,0.15,0.75,cluster,1,15;0;1;2;3;4;5;6,0.7499999999999999,2.249999999999999,3.999999999999999,0.9999999999999978,40.0,0.09999999999999998,9.109559655879584,0.0104,0.009999999983661911,0.0976,0.0975922858379848,7.714162015212689e-06,2.249999999999999,2.253867673720854,0.003867673720854725
star,40,correlated,0.15,0.75,point,1,0,0.75,21.9375,39.0,0.9999999999999978,40.0,0.975,9.109559655879584,0.0104,0.009999999983661911,0.9484,0.9467777172252481,0.0016222827747519597,21.9375,22.057187708482132,0.1196877084821324
star,40,correlated,0.15,0.75,edge_bipolar,1,0-27,0.7499999999999999,11.812499999999998,21.0,0.9999999999999978,40.0,0.525,9.109559655879584,0.0104,0.009999999983661911,0.6928,0.6935572138212363,-0.00075721382123628,11.812499999999998,11.72565712000571,-0.08684287999428797
star,40,correlated,0.15,0.75,high_frequency,1,lambda_max,0.75,22.500000000000007,40.000000000000014,0.9999999999999978,40.0,1.0000000000000004,9.109559655879584,0.0104,0.009999999983661911,0.9516,0.9523186327283948,-0.0007186327283947858,22.500000000000007,22.487024854069915,-0.01297514593009197
star,40,correlated,0.15,1.5,constant,1,all,1.4999999999999998,-4.739625182578546e-16,-2.1065000811460208e-16,0.9999999999999978,40.0,-5.266250202865052e-18,9.109559655879584,0.0104,0.009999999983661911,0.0124,0.009999999983661911,0.0024000000163380882,-4.739625182578546e-16,-0.011037705902344985,-0.011037705902344512
star,40,correlated,0.15,1.5,fiedler,1,fiedler,1.5,2.25,1.0,0.9999999999999978,40.0,0.025,9.109559655879584,0.0104,0.009999999983661911,0.029,0.02856412504205963,0.00043587495794037215,2.25,2.244541777339034,-0.005458222660966072
star,40,correlated,0.15,1.5,cluster,1,35;0;1;2;3;4;5;6,1.4999999999999998,8.999999999999996,3.999999999999999,0.9999999999999978,40.0,0.09999999999999998,9.109559655879584,0.0104,0.009999999983661911,0.5586,0.5479587414482583,0.010641258551741695,8.999999999999996,9.00205076426027,0.0020507642602733966
star,40,correlated,0.15,1.5,point,1,14,1.5,2.25,1.0,0.9999999999999978,40.0,0.025,9.109559655879584,0.0104,0.009999999983661911,0.035,0.03139356591577863,0.0036064340842213716,2.25,2.291670230656514,0.04167023065651421
star,40,correlated,0.15,1.5,edge_bipolar,1,0-35,1.4999999999999998,47.24999999999999,21.0,0.9999999999999978,40.0,0.525,9.109559655879584,0.0104,0.009999999983661911,1.0,0.9998805826268686,0.00011941737313136969,47.24999999999999,47.19631950243141,-0.053680497568585395
star,40,correlated,0.15,1.5,high_frequency,1,lambda_max,1.5,90.00000000000003,40.000000000000014,0.9999999999999978,40.0,1.0000000000000004,9.109559655879584,0.0104,0.009999999983661911,1.0,0.9999999983042304,1.6957696358232965e-09,90.00000000000003,89.92719178611014,-0.07280821388988556
star,40,correlated,0.15,3.0,constant,1,all,2.9999999999999996,-1.8958500730314183e-15,-2.1065000811460208e-16,0.9999999999999978,40.0,-5.266250202865052e-18,9.109559655879584,0.0104,0.009999999983661911,0.01,0.009999999983661911,1.6338088867917655e-11,-1.8958500730314183e-15,0.02768042995284281,0.027680429952844705
star,40,correlated,0.15,3.0,fiedler,1,fiedler,3.0,9.0,1.0,0.9999999999999978,40.0,0.025,9.109559655879584,0.0104,0.009999999983661911,0.9034,0.9090945958825176,-0.005694595882517639,9.0,8.96660993336993,-0.03339006663006927
star,40,correlated,0.15,3.0,cluster,1,31;0;1;2;3;4;5;6,2.9999999999999996,35.999999999999986,3.999999999999999,0.9999999999999978,40.0,0.09999999999999998,9.109559655879584,0.0104,0.009999999983661911,0.9996,0.9998244008050816,-0.00022440080508157045,35.999999999999986,35.94887399026369,-0.051126009736293554
star,40,correlated,0.15,3.0,point,1,31,3.0,9.0,1.0,0.9999999999999978,40.0,0.025,9.109559655879584,0.0104,0.009999999983661911,0.8772,0.8780329427117706,-0.0008329427117705901,9.0,8.97339078416519,-0.02660921583481013
star,40,correlated,0.15,3.0,edge_bipolar,1,0-1,2.9999999999999996,188.99999999999997,21.0,0.9999999999999978,40.0,0.525,9.109559655879584,0.0104,0.009999999983661911,1.0,1.0,0.0,188.99999999999997,189.479516329592,0.4795163295920304
star,40,correlated,0.15,3.0,high_frequency,1,lambda_max,3.0,360.0000000000001,40.000000000000014,0.9999999999999978,40.0,1.0000000000000004,9.109559655879584,0.0104,0.009999999983661911,1.0,1.0,0.0,360.0000000000001,360.2195283795213,0.21952837952119353
star,40,correlated,0.15,0.75,constant,2,all,0.7499999999999999,-1.1849062956446365e-16,-2.1065000811460208e-16,0.9999999999999978,40.0,-5.266250202865052e-18,9.109559655879584,0.0124,0.009999999983661911,0.0114,0.009999999983661911,0.001400000016338089,-1.1849062956446365e-16,-0.02563356206552081,-0.02563356206552069
star,40,correlated,0.15,0.75,fiedler,2,fiedler,0.75,0.5625,1.0,0.9999999999999978,40.0,0.025,9.109559655879584,0.0124,0.009999999983661911,0.0132,0.012956704155094478,0.00024329584490552156,0.5625,0.5963903044993919,0.0338903044993919
star,40,correlated,0.15,0.75,cluster,2,19;0;1;2;3;4;5;6,0.7499999999999999,2.249999999999999,3.999999999999999,0.9999999999999978,40.0,0.09999999999999998,9.109559655879584,0.0124,0.009999999983661911,0.097,0.09759228583798474,-0.0005922858379847351,2.249999999999999,2.2687757564432234,0.018775756443224267
star,40,correlated,0.15,0.75,point,2,26,0.75,0.5625,1.0,0.9999999999999978,40.0,0.025,9.109559655879584,0.0124,0.009999999983661911,0.0148,0.013390956856048353,0.001409043143951648,0.5625,0.5692120732629342,0.006712073262934215
star,40,correlated,0.15,0.75,edge_bipolar,2,0-32,0.7499999999999999,11.812499999999998,21.0,0.9999999999999978,40.0,0.525,9.109559655879584,0.0124,0.009999999983661911,0.693,0.6935572138212363,-0.000557213821236302,11.812499999999998,11.616136828272458,-0.19636317172754048
star,40,correlated,0.15,0.75,high_frequency,2,lambda_max,0.75,22.500000000000007,40.000000000000014,0.9999999999999978,40.0,1.0000000000000004,9.109559655879584,0.0124,0.009999999983661911,0.9512,0.9523186327283948,-0.0011186327283947417,22.500000000000007,22.452221583644068,-0.04777841635593916
star,40,correlated,0.15,1.5,constant,2,all,1.4999999999999998,-4.739625182578546e-16,-2.1065000811460208e-16,0.9999999999999978,40.0,-5.266250202865052e-18,9.109559655879584,0.0124,0.009999999983661911,0.0136,0.009999999983661911,0.003600000016338088,-4.739625182578546e-16,0.05085802575540477,0.05085802575540524
star,40,correlated,0.15,1.5,fiedler,2,fiedler,1.5,2.25,1.0,0.9999999999999978,40.0,0.025,9.109559655879584,0.0124,0.009999999983661911,0.0248,0.02856412504205963,-0.00376412504205963,2.25,2.253776612750375,0.003776612750375108
star,40,correlated,0.15,1.5,cluster,2,16;0;1;2;3;4;5;6,1.4999999999999998,8.999999999999996,3.999999999999999,0.9999999999999978,40.0,0.09999999999999998,9.109559655879584,0.0124,0.009999999983661911,0.543,0.5479587414482587,-0.004958741448258697,8.999999999999996,8.917549915574545,-0.08245008442545121
star,40,correlated,0.15,1.5,point,2,1,1.5,2.25,1.0,0.9999999999999978,40.0,0.025,9.109559655879584,0.0124,0.009999999983661911,0.0296,0.03139356591577863,-0.0017935659157786304,2.25,2.2402865039619515,-0.009713496038048497
star,40,correlated,0.15,1.5,edge_bipolar,2,0-5,1.4999999999999998,47.24999999999999,21.0,0.9999999999999978,40.0,0.525,9.109559655879584,0.0124,0.009999999983661911,1.0,0.9998805826268686,0.00011941737313136969,47.24999999999999,47.02938919285758,-0.220610807142414
star,40,correlated,0.15,1.5,high_frequency,2,lambda_max,1.5,90.00000000000003,40.000000000000014,0.9999999999999978,40.0,1.0000000000000004,9.109559655879584,0.0124,0.009999999983661911,1.0,0.9999999983042304,1.6957696358232965e-09,90.00000000000003,90.05076429502115,0.050764295021124894
star,40,correlated,0.15,3.0,constant,2,all,2.9999999999999996,-1.8958500730314183e-15,-2.1065000811460208e-16,0.9999999999999978,40.0,-5.266250202865052e-18,9.109559655879584,0.0124,0.009999999983661911,0.0092,0.009999999983661911,-0.0007999999836619115,-1.8958500730314183e-15,-0.030848922090267017,-0.030848922090265123
star,40,correlated,0.15,3.0,fiedler,2,fiedler,3.0,9.0,1.0,0.9999999999999978,40.0,0.025,9.109559655879584,0.0124,0.009999999983661911,0.9146,0.9090945958825176,0.005505404117482349,9.0,8.989569174984426,-0.010430825015573575
star,40,correlated,0.15,3.0,cluster,2,0;1;2;3;4;5;6;7,2.9999999999999996,35.999999999999986,3.999999999999999,0.9999999999999978,40.0,0.09999999999999998,9.109559655879584,0.0124,0.009999999983661911,0.9996,0.9998244008050816,-0.00022440080508157045,35.999999999999986,35.89226495563701,-0.10773504436297543
star,40,correlated,0.15,3.0,point,2,37,3.0,9.0,1.0,0.9999999999999978,40.0,0.025,9.109559655879584,0.0124,0.009999999983661911,0.8764,0.8780329427117715,-0.0016329427117715012,9.0,8.947484016218217,-0.052515983781782793
star,40,correlated,0.15,3.0,edge_bipolar,2,0-27,2.9999999999999996,188.99999999999997,21.0,0.9999999999999978,40.0,0.525,9.109559655879584,0.0124,0.009999999983661911,1.0,1.0,0.0,188.99999999999997,188.45709672054187,-0.5429032794581019
star,40,correlated,0.15,3.0,high_frequency,2,lambda_max,3.0,360.0000000000001,40.000000000000014,0.9999999999999978,40.0,1.0000000000000004,9.109559655879584,0.0124,0.009999999983661911,1.0,1.0,0.0,360.0000000000001,359.9410950250993,-0.0589049749008268
star,40,correlated,0.15,0.75,constant,3,all,0.7499999999999999,-1.1849062956446365e-16,-2.1065000811460208e-16,0.9999999999999978,40.0,-5.266250202865052e-18,9.109559655879584,0.009,0.009999999983661911,0.0104,0.009999999983661911,0.0004000000163380882,-1.1849062956446365e-16,0.038981026509111505,0.03898102650911162
star,40,correlated,0.15,0.75,fiedler,3,fiedler,0.75,0.5625,1.0,0.9999999999999978,40.0,0.025,9.109559655879584,0.009,0.009999999983661911,0.0116,0.012956704155094478,-0.0013567041550944792,0.5625,0.5330123563504139,-0.029487643649586115
star,40,correlated,0.15,0.75,cluster,3,12;0;1;2;3;4;5;6,0.7499999999999999,2.249999999999999,3.999999999999999,0.9999999999999978,40.0,0.09999999999999998,9.109559655879584,0.009,0.009999999983661911,0.0948,0.09759228583798463,-0.0027922858379846316,2.249999999999999,2.1351823273970245,-0.1148176726029746
star,40,correlated,0.15,0.75,point,3,35,0.75,0.5625,1.0,0.9999999999999978,40.0,0.025,9.109559655879584,0.009,0.009999999983661911,0.0132,0.01339095685604852,-0.00019095685604851934,0.5625,0.5431374756938587,-0.01936252430614127
star,40,correlated,0.15,0.75,edge_bipolar,3,0-5,0.7499999999999999,11.812499999999998,21.0,0.9999999999999978,40.0,0.525,9.109559655879584,0.009,0.009999999983661911,0.7002,0.6935572138212365,0.006642786178763571,11.812499999999998,11.888811319296948,0.07631131929695023
star,40,correlated,0.15,0.75,high_frequency,3,lambda_max,0.75,22.500000000000007,40.000000000000014,0.9999999999999978,40.0,1.0000000000000004,9.109559655879584,0.009,0.009999999983661911,0.9524,0.9523186327283948,8.136727160523716e-05,22.500000000000007,22.68247392477889,0.1824739247788827
star,40,correlated,0.15,1.5,constant,3,all,1.4999999999999998,-4.739625182578546e-16,-2.1065000811460208e-16,0.9999999999999978,40.0,-5.266250202865052e-18,9.109559655879584,0.009,0.009999999983661911,0.011,0.009999999983661911,0.001000000016338088,-4.739625182578546e-16,-0.002347359722223441,-0.002347359722222967
star,40,correlated,0.15,1.5,fiedler,3,fiedler,1.5,2.25,1.0,0.9999999999999978,40.0,0.025,9.109559655879584,0.009,0.009999999983661911,0.027,0.02856412504205963,-0.0015641250420596296,2.25,2.1966508213469504,-0.053349178653049556
star,40,correlated,0.15,1.5,cluster,3,17;0;1;2;3;4;5;6,1.4999999999999998,8.999999999999996,3.999999999999999,0.9999999999999978,40.0,0.09999999999999998,9.109559655879584,0.009,0.009999999983661911,0.5516,0.5479587414482581,0.0036412585517419105,8.999999999999996,9.013866245669734,0.013866245669737154
star,40,correlated,0.15,1.5,point,3,24,1.5,2.25,1.0,0.9999999999999978,40.0,0.025,9.109559655879584,0.009,0.009999999983661911,0.0314,0.03139356591577863,6.434084221365599e-06,2.25,2.2234436343832984,-0.026556365616701605
star,40,correlated,0.15,1.5,edge_bipolar,3,0-24,1.4999999999999998,47.24999999999999,21.0,0.9999999999999978,40.0,0.525,9.109559655879584,0.009,0.009999999983661911,0.9998,0.9998805826268686,-8.058262686860829e-05,47.24999999999999,47.63403534969417,0.3840353496941802
star,40,correlated,0.15,1.5,high_frequency,3,lambda_max,1.5,90.00000000000003,40.000000000000014,0.9999999999999978,40.0,1.0000000000000004,9.109559655879584,0.009,0.009999999983661911,1.0,0.9999999983042304,1.6957696358232965e-09,90.00000000000003,89.99512232997523,-0.004877670024796998
star,40,correlated,0.15,3.0,constant,3,all,2.9999999999999996,-1.8958500730314183e-15,-2.1065000811460208e-16,0.9999999999999978,40.0,-5.266250202865052e-18,9.109559655879584,0.009,0.009999999983661911,0.008,0.009999999983661911,-0.001999999983661911,-1.8958500730314183e-15,0.03114349554391982,0.031143495543921713
star,40,correlated,0.15,3.0,fiedler,3,fiedler,3.0,9.0,1.0,0.9999999999999978,40.0,0.025,9.109559655879584,0.009,0.009999999983661911,0.908,0.9090945958825176,-0.0010945958825175905,9.0,9.032419820759578,0.0324198207595785
star,40,correlated,0.15,3.0,cluster,3,0;1;2;3;4;5;6;7,2.9999999999999996,35.999999999999986,3.999999999999999,0.9999999999999978,40.0,0.09999999999999998,9.109559655879584,0.009,0.009999999983661911,1.0,0.9998244008050816,0.0001755991949183855,35.999999999999986,36.019752589636575,0.01975258963658888
star,40,correlated,0.15,3.0,point,3,5,3.0,9.0,1.0,0.9999999999999978,40.0,0.025,9.109559655879584,0.009,0.009999999983661911,0.8754,0.8780329427117697,-0.0026329427117697257,9.0,8.994277728035911,-0.005722271964089032
star,40,correlated,0.15,3.0,edge_bipolar,3,0-5,2.9999999999999996,188.99999999999997,21.0,0.9999999999999978,40.0,0.525,9.109559655879584,0.009,0.009999999983661911,1.0,1.0,0.0,188.99999999999997,188.92792812115363,-0.07207187884634436
star,40,correlated,0.15,3.0,high_frequency,3,lambda_max,3.0,360.0000000000001,40.000000000000014,0.9999999999999978,40.0,1.0000000000000004,9.109559655879584,0.009,0.009999999983661911,1.0,1.0,0.0,360.0000000000001,359.6455525848314,-0.3544474151686927
star,40,correlated,0.3,0.75,constant,0,all,0.7499999999999999,-1.1849062956446365e-16,-2.1065000811460208e-16,0.9999999999999978,40.0,-5.266250202865052e-18,36.43823806883952,0.0092,0.010000000002376164,0.0082,0.010000000002376164,-0.001800000002376163,-1.1849062956446365e-16,0.007781202877383819,0.007781202877383938
star,40,correlated,0.3,0.75,fiedler,0,fiedler,0.75,0.5625,1.0,0.9999999999999978,40.0,0.025,36.43823806883952,0.0092,0.010000000002376164,0.0102,0.010667144156715436,-0.00046714415671543497,0.5625,0.5097095597587167,-0.05279044024128332
star,40,correlated,0.3,0.75,cluster,0,26;0;1;2;3;4;5;6,0.7499999999999999,2.249999999999999,3.999999999999999,0.9999999999999978,40.0,0.09999999999999998,36.43823806883952,0.0092,0.010000000002376164,0.0286,0.026234738565650673,0.002365261434349328,2.249999999999999,2.3763104868256733,0.12631048682567414
star,40,correlated,0.3,0.75,point,0,29,0.75,0.5625,1.0,0.9999999999999978,40.0,0.025,36.43823806883952,0.0092,0.010000000002376164,0.0114,0.010762254012270267,0.0006377459877297334,0.5625,0.6363558360865387,0.07385583608653867
star,40,correlated,0.3,0.75,edge_bipolar,0,0-27,0.7499999999999999,11.812499999999998,21.0,0.9999999999999978,40.0,0.525,36.43823806883952,0.0092,0.010000000002376164,0.146,0.14789194573491832,-0.0018919457349183266,11.812499999999998,11.560448749038315,-0.25205125096168324
star,40,correlated,0.3,0.75,high_frequency,0,lambda_max,0.75,22.500000000000007,40.000000000000014,0.9999999999999978,40.0,1.0000000000000004,36.43823806883952,0.0092,0.010000000002376164,0.319,0.3249004920909948,-0.005900492090994802,22.500000000000007,22.226325670079223,-0.2736743299207838
star,40,correlated,0.3,1.5,constant,0,all,1.4999999999999998,-4.739625182578546e-16,-2.1065000811460208e-16,0.9999999999999978,40.0,-5.266250202865052e-18,36.43823806883952,0.0092,0.010000000002376164,0.0072,0.010000000002376164,-0.002800000002376164,-4.739625182578546e-16,-0.01958570071264809,-0.019585700712647616
star,40,correlated,0.3,1.5,fiedler,0,fiedler,1.5,2.25,1.0,0.9999999999999978,40.0,0.025,36.43823806883952,0.0092,0.010000000002376164,0.0116,0.012956712520895919,-0.0013567125208959196,2.25,2.202312522519538,-0.04768747748046209
star,40,correlated,0.3,1.5,cluster,0,2;0;1;3;4;5;6;7,1.4999999999999998,8.999999999999996,3.999999999999999,0.9999999999999978,40.0,0.09999999999999998,36.43823806883952,0.0092,0.010000000002376164,0.1008,0.09759229022348109,0.0032077097765189078,8.999999999999996,9.11514046095839,0.11514046095839348
star,40,correlated,0.3,1.5,point,0,4,1.5,2.25,1.0,0.9999999999999978,40.0,0.025,36.43823806883952,0.0092,0.010000000002376164,0.0146,0.013390958055895685,0.0012090419441043148,2.25,2.3562504636898964,0.10625046368989643
star,40,correlated,0.3,1.5,edge_bipolar,0,0-10,1.4999999999999998,47.24999999999999,21.0,0.9999999999999978,40.0,0.525,36.43823806883952,0.0092,0.010000000002376164,0.7048,0.6935572224600313,0.011242777539968718,47.24999999999999,47.79014102627351,0.5401410262735169
star,40,correlated,0.3,1.5,high_frequency,0,lambda_max,1.5,90.00000000000003,40.000000000000014,0.9999999999999978,40.0,1.0000000000000004,36.43823806883952,0.0092,0.010000000002376164,0.9556,0.9523186400421723,0.0032813599578277453,90.00000000000003,90.51874015473433,0.5187401547343029
star,40,correlated,0.3,3.0,constant,0,all,2.9999999999999996,-1.8958500730314183e-15,-2.1065000811460208e-16,0.9999999999999978,40.0,-5.266250202865052e-18,36.43823806883952,0.0092,0.010000000002376164,0.0108,0.010000000002376164,0.0007999999976238369,-1.8958500730314183e-15,0.21305205189499077,0.21305205189499266
star,40,correlated,0.3,3.0,fiedler,0,fiedler,3.0,9.0,1.0,0.9999999999999978,40.0,0.025,36.43823806883952,0.0092,0.010000000002376164,0.029,0.028564126863352246,0.0004358731366477554,9.0,8.992736316992556,-0.007263683007444399
star,40,correlated,0.3,3.0,cluster,0,10;0;1;2;3;4;5;6,2.9999999999999996,35.999999999999986,3.999999999999999,0.9999999999999978,40.0,0.09999999999999998,36.43823806883952,0.0092,0.010000000002376164,0.555,0.5479587508847625,0.007041249115237513,35.999999999999986,36.16572973014633,0.16572973014634584
star,40,correlated,0.3,3.0,point,0,37,3.0,9.0,1.0,0.9999999999999978,40.0,0.025,36.43823806883952,0.0092,0.010000000002376164,0.0314,0.03139356785927844,6.4321407215600646e-06,9.0,9.046529376701962,0.04652937670196167
star,40,correlated,0.3,3.0,edge_bipolar,0,0-33,2.9999999999999996,188.99999999999997,21.0,0.9999999999999978,40.0,0.525,36.43823806883952,0.0092,0.010000000002376164,1.0,0.9998805824677313,0.00011941753226873963,188.99999999999997,189.23827081442224,0.23827081442226472
star,40,correlated,0.3,3.0,high_frequency,0,lambda_max,3.0,360.0000000000001,40.000000000000014,0.9999999999999978,40.0,1.0000000000000004,36.43823806883952,0.0092,0.010000000002376164,1.0,0.9999999983042308,1.6957691917340867e-09,360.0000000000001,361.22526166883256,1.2252616688324451
star,40,correlated,0.3,0.75,constant,1,all,0.7499999999999999,-1.1849062956446365e-16,-2.1065000811460208e-16,0.9999999999999978,40.0,-5.266250202865052e-18,36.43823806883952,0.0088,0.010000000002376164,0.0102,0.010000000002376164,0.00019999999762383702,-1.1849062956446365e-16,-0.08856338942946884,-0.08856338942946872
star,40,correlated,0.3,0.75,fiedler,1,fiedler,0.75,0.5625,1.0,0.9999999999999978,40.0,0.025,36.43823806883952,0.0088,0.010000000002376164,0.0124,0.010667144156715436,0.0017328558432845639,0.5625,0.5890000722125759,0.026500072212575887
star,40,correlated,0.3,0.75,cluster,1,20;0;1;2;3;4;5;6,0.7499999999999999,2.249999999999999,3.999999999999999,0.9999999999999978,40.0,0.09999999999999998,36.43823806883952,0.0088,0.010000000002376164,0.022,0.026234738565650673,-0.004234738565650674,2.249999999999999,2.028404282813888,-0.22159571718611115
star,40,correlated,0.3,0.75,point,1,10,0.75,0.5625,1.0,0.9999999999999978,40.0,0.025,36.43823806883952,0.0088,0.010000000002376164,0.0104,0.010762254012270267,-0.0003622540122702675,0.5625,0.587881577962678,0.025381577962678037
star,40,correlated,0.3,0.75,edge_bipolar,1,0-3,0.7499999999999999,11.812499999999998,21.0,0.9999999999999978,40.0,0.525,36.43823806883952,0.0088,0.010000000002376164,0.145,0.14789194573491815,-0.002891945734918161,11.812499999999998,11.69156334436374,-0.12093665563625855
star,40,correlated,0.3,0.75,high_frequency,1,lambda_max,0.75,22.500000000000007,40.000000000000014,0.9999999999999978,40.0,1.0000000000000004,36.43823806883952,0.0088,0.010000000002376164,0.3166,0.3249004920909948,-0.008300492090994815,22.500000000000007,22.10240567272748,-0.39759432727252886
star,40,correlated,0.3,1.5,constant,1,all,1.4999999999999998,-4.739625182578546e-16,-2.1065000811460208e-16,0.9999999999999978,40.0,-5.266250202865052e-18,36.43823806883952,0.0088,0.010000000002376164,0.0106,0.010000000002376164,0.0005999999976238363,-4.739625182578546e-16,-0.022405076729784312,-0.022405076729783837
star,40,correlated,0.3,1.5,fiedler,1,fiedler,1.5,2.25,1.0,0.9999999999999978,40.0,0.025,36.43823806883952,0.0088,0.010000000002376164,0.0122,0.012956712520895919,-0.0007567125208959181,2.25,2.2011788839448982,-0.048821116055101754
star,40,correlated,0.3,1.5,cluster,1,22;0;1;2;3;4;5;6,1.4999999999999998,8.999999999999996,3.999999999999999,0.9999999999999978,40.0,0.09999999999999998,36.43823806883952,0.0088,0.010000000002376164,0.0916,0.09759229022348126,-0.005992290223481259,8.999999999999996,8.725749235235181,-0.27425076476481536
star,40,correlated,0.3,1.5,point,1,12,1.5,2.25,1.0,0.9999999999999978,40.0,0.025,36.43823806883952,0.0088,0.010000000002376164,0.0138,0.013390958055895574,0.00040904194410442546,2.25,2.3117650104636542,0.061765010463654235
star,40,correlated,0.3,1.5,edge_bipolar,1,0-32,1.4999999999999998,47.24999999999999,21.0,0.9999999999999978,40.0,0.525,36.43823806883952,0.0088,0.010000000002376164,0.7004,0.6935572224600309,0.0068427775399690915,47.24999999999999,47.56900119243846,0.3190011924384706
star,40,correlated,0.3,1.5,high_frequency,1,lambda_max,1.5,90.00000000000003,40.000000000000014,0.9999999999999978,40.0,1.0000000000000004,36.43823806883952,0.0088,0.010000000002376164,0.9516,0.9523186400421723,-0.0007186400421722583,90.00000000000003,89.2456770512695,-0.7543229487305325
star,40,correlated,0.3,3.0,constant,1,all,2.9999999999999996,-1.8958500730314183e-15,-2.1065000811460208e-16,0.9999999999999978,40.0,-5.266250202865052e-18,36.43823806883952,0.0088,0.010000000002376164,0.0074,0.010000000002376164,-0.0026000000023761634,-1.8958500730314183e-15,-0.11926960395718389,-0.11926960395718199
star,40,correlated,0.3,3.0,fiedler,1,fiedler,3.0,9.0,1.0,0.9999999999999978,40.0,0.025,36.43823806883952,0.0088,0.010000000002376164,0.031,0.028564126863352246,0.0024358731366477537,9.0,9.015901282210432,0.0159012822104323
star,40,correlated,0.3,3.0,cluster,1,16;0;1;2;3;4;5;6,2.9999999999999996,35.999999999999986,3.999999999999999,0.9999999999999978,40.0,0.09999999999999998,36.43823806883952,0.0088,0.010000000002376164,0.5456,0.5479587508847628,-0.0023587508847627836,35.999999999999986,36.124953871558766,0.12495387155878035
star,40,correlated,0.3,3.0,point,1,30,3.0,9.0,1.0,0.9999999999999978,40.0,0.025,36.43823806883952,0.0088,0.010000000002376164,0.0308,0.03139356785927844,-0.0005935678592784363,9.0,8.865166860760748,-0.13483313923925166
star,40,correlated,0.3,3.0,edge_bipolar,1,0-35,2.9999999999999996,188.99999999999997,21.0,0.9999999999999978,40.0,0.525,36.43823806883952,0.0088,0.010000000002376164,1.0,0.9998805824677313,0.00011941753226873963,188.99999999999997,188.82853096632627,-0.17146903367370214
star,40,correlated,0.3,3.0,high_frequency,1,lambda_max,3.0,360.0000000000001,40.000000000000014,0.9999999999999978,40.0,1.0000000000000004,36.43823806883952,0.0088,0.010000000002376164,1.0,0.9999999983042308,1.6957691917340867e-09,360.0000000000001,362.84444398922193,2.8444439892218156
star,40,correlated,0.3,0.75,constant,2,all,0.7499999999999999,-1.1849062956446365e-16,-2.1065000811460208e-16,0.9999999999999978,40.0,-5.266250202865052e-18,36.43823806883952,0.0086,0.010000000002376164,0.0082,0.010000000002376164,-0.001800000002376163,-1.1849062956446365e-16,-0.09112176991656717,-0.09112176991656705
star,40,correlated,0.3,0.75,fiedler,2,fiedler,0.75,0.5625,1.0,0.9999999999999978,40.0,0.025,36.43823806883952,0.0086,0.010000000002376164,0.0092,0.010667144156715436,-0.0014671441567154359,0.5625,0.6719560170758214,0.10945601707582142
star,40,correlated,0.3,0.75,cluster,2,2;0;1;3;4;5;6;7,0.7499999999999999,2.249999999999999,3.999999999999999,0.9999999999999978,40.0,0.09999999999999998,36.43823806883952,0.0086,0.010000000002376164,0.0236,0.026234738565650673,-0.002634738565650673,2.249999999999999,2.107042792852832,-0.14295720714716698
star,40,correlated,0.3,0.75,point,2,15,0.75,0.5625,1.0,0.9999999999999978,40.0,0.025,36.43823806883952,0.0086,0.010000000002376164,0.0116,0.010762254012270267,0.0008377459877297322,0.5625,0.6807933394586794,0.11829333945867937
star,40,correlated,0.3,0.75,edge_bipolar,2,0-27,0.7499999999999999,11.812499999999998,21.0,0.9999999999999978,40.0,0.525,36.43823806883952,0.0086,0.010000000002376164,0.1466,0.14789194573491832,-0.0012919457349183094,11.812499999999998,11.71966758034262,-0.09283241965737865
star,40,correlated,0.3,0.75,high_frequency,2,lambda_max,0.75,22.500000000000007,40.000000000000014,0.9999999999999978,40.0,1.0000000000000004,36.43823806883952,0.0086,0.010000000002376164,0.3274,0.3249004920909948,0.0024995079090052164,22.500000000000007,22.828036272152755,0.32803627215274744
star,40,correlated,0.3,1.5,constant,2,all,1.4999999999999998,-4.739625182578546e-16,-2.1065000811460208e-16,0.9999999999999978,40.0,-5.266250202865052e-18,36.43823806883952,0.0086,0.010000000002376164,0.0108,0.010000000002376164,0.0007999999976238369,-4.739625182578546e-16,0.10672362567689753,0.106723625676898
star,40,correlated,0.3,1.5,fiedler,2,fiedler,1.5,2.25,1.0,0.9999999999999978,40.0,0.025,36.43823806883952,0.0086,0.010000000002376164,0.0126,0.012956712520895919,-0.00035671252089591876,2.25,2.4008650304005084,0.15086503040050836
star,40,correlated,0.3,1.5,cluster,2,6;0;1;2;3;4;5;7,1.4999999999999998,8.999999999999996,3.999999999999999,0.9999999999999978,40.0,0.09999999999999998,36.43823806883952,0.0086,0.010000000002376164,0.0912,0.09759229022348109,-0.00639229022348109,8.999999999999996,8.6534445914567,-0.3465554085432956
star,40,correlated,0.3,1.5,point,2,34,1.5,2.25,1.0,0.9999999999999978,40.0,0.025,36.43823806883952,0.0086,0.010000000002376164,0.0138,0.013390958055895574,0.00040904194410442546,2.25,2.1012247071026504,-0.1487752928973496
star,40,correlated,0.3,1.5,edge_bipolar,2,0-24,1.4999999999999998,47.24999999999999,21.0,0.9999999999999978,40.0,0.525,36.43823806883952,0.0086,0.010000000002376164,0.6948,0.6935572224600316,0.001242777539968376,47.24999999999999,47.23270127755763,-0.01729872244236219
star,40,correlated,0.3,1.5,high_frequency,2,lambda_max,1.5,90.00000000000003,40.000000000000014,0.9999999999999978,40.0,1.0000000000000004,36.43823806883952,0.0086,0.010000000002376164,0.9484,0.9523186400421723,-0.003918640042172239,90.00000000000003,89.46786948282008,-0.5321305171799509
star,40,correlated,0.3,3.0,constant,2,all,2.9999999999999996,-1.8958500730314183e-15,-2.1065000811460208e-16,0.9999999999999978,40.0,-5.266250202865052e-18,36.43823806883952,0.0086,0.010000000002376164,0.0102,0.010000000002376164,0.00019999999762383702,-1.8958500730314183e-15,0.07502788466141475,0.07502788466141665
star,40,correlated,0.3,3.0,fiedler,2,fiedler,3.0,9.0,1.0,0.9999999999999978,40.0,0.025,36.43823806883952,0.0086,0.010000000002376164,0.0304,0.028564126863352246,0.001835873136647754,9.0,8.98484194264779,-0.015158057352209653
star,40,correlated,0.3,3.0,cluster,2,8;0;1;2;3;4;5;6,2.9999999999999996,35.999999999999986,3.999999999999999,0.9999999999999978,40.0,0.09999999999999998,36.43823806883952,0.0086,0.010000000002376164,0.5526,0.5479587508847625,0.004641249115237445,35.999999999999986,36.29108185588771,0.2910818558877253
star,40,correlated,0.3,3.0,point,2,29,3.0,9.0,1.0,0.9999999999999978,40.0,0.025,36.43823806883952,0.0086,0.010000000002376164,0.0358,0.03139356785927849,0.004406432140721506,9.0,9.178597636811485,0.17859763681148522
star,40,correlated,0.3,3.0,edge_bipolar,2,0-26,2.9999999999999996,188.99999999999997,21.0,0.9999999999999978,40.0,0.525,36.43823806883952,0.0086,0.010000000002376164,1.0,0.9998805824677313,0.00011941753226873963,188.99999999999997,189.1887675322106,0.18876753221061904
star,40,correlated,0.3,3.0,high_frequency,2,lambda_max,3.0,360.0000000000001,40.000000000000014,0.9999999999999978,40.0,1.0000000000000004,36.43823806883952,0.0086,0.010000000002376164,1.0,0.9999999983042308,1.6957691917340867e-09,360.0000000000001,360.3255431935812,0.3255431935810975
star,40,correlated,0.3,0.75,constant,3,all,0.7499999999999999,-1.1849062956446365e-16,-2.1065000811460208e-16,0.9999999999999978,40.0,-5.266250202865052e-18,36.43823806883952,0.0102,0.010000000002376164,0.0088,0.010000000002376164,-0.0012000000023761632,-1.1849062956446365e-16,0.13299906002127138,0.1329990600212715
star,40,correlated,0.3,0.75,fiedler,3,fiedler,0.75,0.5625,1.0,0.9999999999999978,40.0,0.025,36.43823806883952,0.0102,0.010000000002376164,0.0094,0.010667144156715436,-0.0012671441567154353,0.5625,0.6123179103447516,0.04981791034475158
star,40,correlated,0.3,0.75,cluster,3,4;0;1;2;3;5;6;7,0.7499999999999999,2.249999999999999,3.999999999999999,0.9999999999999978,40.0,0.09999999999999998,36.43823806883952,0.0102,0.010000000002376164,0.0262,0.026234738565650673,-3.473856565067157e-05,2.249999999999999,2.2880450581900984,0.03804505819009929
star,40,correlated,0.3,0.75,point,3,33,0.75,0.5625,1.0,0.9999999999999978,40.0,0.025,36.43823806883952,0.0102,0.010000000002376164,0.011,0.010762254012270267,0.00023774598772973235,0.5625,0.4761447186110406,-0.08635528138895943
star,40,correlated,0.3,0.75,edge_bipolar,3,0-31,0.7499999999999999,11.812499999999998,21.0,0.9999999999999978,40.0,0.525,36.43823806883952,0.0102,0.010000000002376164,0.1416,0.14789194573491832,-0.006291945734918314,11.812499999999998,11.57244189503372,-0.24005810496627866
star,40,correlated,0.3,0.75,high_frequency,3,lambda_max,0.75,22.500000000000007,40.000000000000014,0.9999999999999978,40.0,1.0000000000000004,36.43823806883952,0.0102,0.010000000002376164,0.3152,0.3249004920909948,-0.009700492090994828,22.500000000000007,22.091459227389397,-0.4085407726106105
star,40,correlated,0.3,1.5,constant,3,all,1.4999999999999998,-4.739625182578546e-16,-2.1065000811460208e-16,0.9999999999999978,40.0,-5.266250202865052e-18,36.43823806883952,0.0102,0.010000000002376164,0.0098,0.010000000002376164,-0.00020000000237616403,-4.739625182578546e-16,0.08992825556302719,0.08992825556302766
star,40,correlated,0.3,1.5,fiedler,3,fiedler,1.5,2.25,1.0,0.9999999999999978,40.0,0.025,36.43823806883952,0.0102,0.010000000002376164,0.0138,0.012956712520895919,0.0008432874791040809,2.25,2.3491700174829795,0.09917001748297949
star,40,correlated,0.3,1.5,cluster,3,16;0;1;2;3;4;5;6,1.4999999999999998,8.999999999999996,3.999999999999999,0.9999999999999978,40.0,0.09999999999999998,36.43823806883952,0.0102,0.010000000002376164,0.0994,0.09759229022348131,0.0018077097765186873,8.999999999999996,9.237918849738705,0.23791884973870836
star,40,correlated,0.3,1.5,point,3,32,1.5,2.25,1.0,0.9999999999999978,40.0,0.025,36.43823806883952,0.0102,0.010000000002376164,0.0178,0.013390958055895574,0.0044090419441044255,2.25,2.4417037281003964,0.19170372810039638
star,40,correlated,0.3,1.5,edge_bipolar,3,0-19,1.4999999999999998,47.24999999999999,21.0,0.9999999999999978,40.0,0.525,36.43823806883952,0.0102,0.010000000002376164,0.6868,0.693557222460031,-0.006757222460031076,47.24999999999999,47.00664907541851,-0.24335092458148466
star,40,correlated,0.3,1.5,high_frequency,3,lambda_max,1.5,90.00000000000003,40.000000000000014,0.9999999999999978,40.0,1.0000000000000004,36.43823806883952,0.0102,0.010000000002376164,0.951,0.9523186400421723,-0.0013186400421723032,90.00000000000003,89.60108125504468,-0.3989187449553526
star,40,correlated,0.3,3.0,constant,3,all,2.9999999999999996,-1.8958500730314183e-15,-2.1065000811460208e-16,0.9999999999999978,40.0,-5.266250202865052e-18,36.43823806883952,0.0102,0.010000000002376164,0.0116,0.010000000002376164,0.0015999999976238355,-1.8958500730314183e-15,0.2569408023321582,0.2569408023321601
star,40,correlated,0.3,3.0,fiedler,3,fiedler,3.0,9.0,1.0,0.9999999999999978,40.0,0.025,36.43823806883952,0.0102,0.010000000002376164,0.0298,0.028564126863352246,0.001235873136647754,9.0,9.102304841475704,0.10230484147570351
star,40,correlated,0.3,3.0,cluster,3,36;0;1;2;3;4;5;6,2.9999999999999996,35.999999999999986,3.999999999999999,0.9999999999999978,40.0,0.09999999999999998,36.43823806883952,0.0102,0.010000000002376164,0.5556,0.5479587508847625,0.007641249115237447,35.999999999999986,36.679778114250006,0.6797781142500199
star,40,correlated,0.3,3.0,point,3,25,3.0,9.0,1.0,0.9999999999999978,40.0,0.025,36.43823806883952,0.0102,0.010000000002376164,0.0318,0.03139356785927849,0.00040643214072150907,9.0,8.989867721372395,-0.010132278627605018
star,40,correlated,0.3,3.0,edge_bipolar,3,0-16,2.9999999999999996,188.99999999999997,21.0,0.9999999999999978,40.0,0.525,36.43823806883952,0.0102,0.010000000002376164,1.0,0.9998805824677313,0.00011941753226873963,188.99999999999997,189.91485907746792,0.9148590774679519
star,40,correlated,0.3,3.0,high_frequency,3,lambda_max,3.0,360.0000000000001,40.000000000000014,0.9999999999999978,40.0,1.0000000000000004,36.43823806883952,0.0102,0.010000000002376164,1.0,0.9999999983042308,1.6957691917340867e-09,360.0000000000001,357.43442244879947,-2.565577551200647
star,60,iid,0.15,0.75,constant,0,all,0.7500000000000002,4.2998752849492583e-17,7.644222728798677e-17,0.9999999999999986,60.0,1.2740371214664462e-18,10.274794540306733,0.0118,0.010000000000009113,0.0092,0.010000000000009113,-0.0008000000000091129,4.2998752849492583e-17,-0.02840256852360934,-0.02840256852360938
star,60,iid,0.15,0.75,fiedler,0,fiedler,0.75,0.5625,1.0,0.9999999999999986,60.0,0.016666666666666666,10.274794540306733,0.0118,0.010000000000009113,0.0122,0.01270369838309865,-0.0005036983830986486,0.5625,0.5798620456003887,0.017362045600388676
star,60,iid,0.15,0.75,cluster,0,29;0;1;2;3;4;5;6;7;8;9;10,0.7500000000000001,2.25,3.9999999999999982,0.9999999999999986,60.0,0.06666666666666664,10.274794540306733,0.0118,0.010000000000009113,0.0888,0.08856731428574494,0.00023268571425506812,2.25,2.3205708478241327,0.0705708478241327
star,60,iid,0.15,0.75,point,0,5,0.75,0.5625,1.0,0.9999999999999986,60.0,0.016666666666666666,10.274794540306733,0.0118,0.010000000000009113,0.0166,0.012965688621556282,0.0036343113784437185,0.5625,0.5861864875207852,0.02368648752078517
star,60,iid,0.15,0.75,edge_bipolar,0,0-15,0.7499999999999999,17.437499999999996,31.0,0.9999999999999986,60.0,0.5166666666666667,10.274794540306733,0.0118,0.010000000000009113,0.852,0.8478340709450711,0.004165929054928852,17.437499999999996,17.380201938371556,-0.05729806162844042
star,60,iid,0.15,0.75,high_frequency,0,lambda_max,0.7500000000000001,33.750000000000014,60.0,0.9999999999999986,60.0,1.0,10.274794540306733,0.0118,0.010000000000009113,0.9916,0.9922636679849569,-0.0006636679849568727,33.750000000000014,33.7034798351282,-0.046520164871814984
star,60,iid,0.15,1.5,constant,0,all,1.5000000000000004,1.7199501139797033e-16,7.644222728798677e-17,0.9999999999999986,60.0,1.2740371214664462e-18,10.274794540306733,0.0118,0.010000000000009113,0.0098,0.010000000000009113,-0.00020000000000911303,1.7199501139797033e-16,-0.021102503116015914,-0.021102503116016087
star,60,iid,0.15,1.5,fiedler,0,fiedler,1.5,2.25,1.0,0.9999999999999986,60.0,0.016666666666666666,10.274794540306733,0.0118,0.010000000000009113,0.027,0.026339312410002536,0.0006606875899974642,2.25,2.2766906737138433,0.02669067371384326
star,60,iid,0.15,1.5,cluster,0,7;0;1;2;3;4;5;6;8;9;10;11,1.5000000000000002,9.0,3.9999999999999982,0.9999999999999986,60.0,0.06666666666666664,10.274794540306733,0.0118,0.010000000000009113,0.5058,0.5023670004837804,0.0034329995162196703,9.0,9.076304722396259,0.07630472239625874
star,60,iid,0.15,1.5,point,0,47,1.5,2.25,1.0,0.9999999999999986,60.0,0.016666666666666666,10.274794540306733,0.0118,0.010000000000009113,0.0294,0.027996747031103053,0.001403252968896946,2.25,2.2034917393288493,-0.04650826067115066
star,60,iid,0.15,1.5,edge_bipolar,0,0-12,1.4999999999999998,69.74999999999999,31.0,0.9999999999999986,60.0,0.5166666666666667,10.274794540306733,0.0118,0.010000000000009113,1.0,0.9999987580016303,1.2419983697053993e-06,69.74999999999999,70.1247376144957,0.3747376144957144
star,60,iid,0.15,1.5,high_frequency,0,lambda_max,1.5000000000000002,135.00000000000006,60.0,0.9999999999999986,60.0,1.0,10.274794540306733,0.0118,0.010000000000009113,1.0,0.9999999999999406,5.939693181744587e-14,135.00000000000006,134.72928325810526,-0.27071674189480177
star,60,iid,0.15,3.0,constant,0,all,3.000000000000001,6.879800455918813e-16,7.644222728798677e-17,0.9999999999999986,60.0,1.2740371214664462e-18,10.274794540306733,0.0118,0.010000000000009113,0.013,0.010000000000009113,0.0029999999999908867,6.879800455918813e-16,-0.010485609512313587,-0.010485609512314276
star,60,iid,0.15,3.0,fiedler,0,fiedler,3.0,9.0,1.0,0.9999999999999986,60.0,0.016666666666666666,10.274794540306733,0.0118,0.010000000000009113,0.7506,0.7603772222119025,-0.00977722221190247,9.0,8.948455941368971,-0.05154405863102873
star,60,iid,0.15,3.0,cluster,0,39;0;1;2;3;4;5;6;7;8;9;10,3.0000000000000004,36.0,3.9999999999999982,0.9999999999999986,60.0,0.06666666666666664,10.274794540306733,0.0118,0.010000000000009113,0.999,0.999519050807246,-0.0005190508072460132,36.0,36.15294321271017,0.15294321271016997
star,60,iid,0.15,3.0,point,0,52,3.0,9.0,1.0,0.9999999999999986,60.0,0.016666666666666666,10.274794540306733,0.0118,0.010000000000009113,0.7286,0.7317660878327865,-0.0031660878327864905,9.0,8.985091728320853,-0.014908271679146878
star,60,iid,0.15,3.0,edge_bipolar,0,0-53,2.9999999999999996,278.99999999999994,31.0,0.9999999999999986,60.0,0.5166666666666667,10.274794540306733,0.0118,0.010000000000009113,1.0,0.9999999999999788,2.120525977034049e-14,278.99999999999994,279.4022282391913,0.402228239191345
star,60,iid,0.15,3.0,high_frequency,0,lambda_max,3.0000000000000004,540.0000000000002,60.0,0.9999999999999986,60.0,1.0,10.274794540306733,0.0118,0.010000000000009113,1.0,1.0,0.0,540.0000000000002,539.9825530341403,-0.017446965859903685
star,60,iid,0.15,0.75,constant,1,all,0.7500000000000002,4.2998752849492583e-17,7.644222728798677e-17,0.9999999999999986,60.0,1.2740371214664462e-18,10.274794540306733,0.0092,0.010000000000009113,0.0132,0.010000000000009113,0.0031999999999908872,4.2998752849492583e-17,0.016189052617388455,0.016189052617388414
star,60,iid,0.15,0.75,fiedler,1,fiedler,0.75,0.5625,1.0,0.9999999999999986,60.0,0.016666666666666666,10.274794540306733,0.0092,0.010000000000009113,0.0124,0.01270369838309865,-0.00030369838309864984,0.5625,0.585005176393826,0.022505176393825987
star,60,iid,0.15,0.75,cluster,1,5;0;1;2;3;4;6;7;8;9;10;11,0.7500000000000001,2.25,3.9999999999999982,0.9999999999999986,60.0,0.06666666666666664,10.274794540306733,0.0092,0.010000000000009113,0.0848,0.08856731428574494,-0.0037673142857449354,2.25,2.203518915021321,-0.0464810849786792
star,60,iid,0.15,0.75,point,1,20,0.75,0.5625,1.0,0.9999999999999986,60.0,0.016666666666666666,10.274794540306733,0.0092,0.010000000000009113,0.0144,0.012965688621556337,0.0014343113784436624,0.5625,0.6074225098944912,0.0449225098944912
star,60,iid,0.15,0.75,edge_bipolar,1,0-54,0.7499999999999999,17.437499999999996,31.0,0.9999999999999986,60.0,0.5166666666666667,10.274794540306733,0.0092,0.010000000000009113,0.844,0.8478340709450711,-0.003834070945071155,17.437499999999996,17.315005767657517,-0.12249423234247914
star,60,iid,0.15,0.75,high_frequency,1,lambda_max,0.7500000000000001,33.750000000000014,60.0,0.9999999999999986,60.0,1.0,10.274794540306733,0.0092,0.010000000000009113,0.9908,0.9922636679849569,-0.0014636679849568957,33.750000000000014,34.01730910896367,0.26730910896365856
star,60,iid,0.15,1.5,constant,1,all,1.5000000000000004,1.7199501139797033e-16,7.644222728798677e-17,0.9999999999999986,60.0,1.2740371214664462e-18,10.274794540306733,0.0092,0.010000000000009113,0.008,0.010000000000009113,-0.0020000000000091125,1.7199501139797033e-16,-0.017571700352764452,-0.017571700352764626
star,60,iid,0.15,1.5,fiedler,1,fiedler,1.5,2.25,1.0,0.9999999999999986,60.0,0.016666666666666666,10.274794540306733,0.0092,0.010000000000009113,0.0256,0.026339312410002536,-0.0007393124100025343,2.25,2.2215513912606992,-0.028448608739300774
star,60,iid,0.15,1.5,cluster,1,12;0;1;2;3;4;5;6;7;8;9;10,1.5000000000000002,9.0,3.9999999999999982,0.9999999999999986,60.0,0.06666666666666664,10.274794540306733,0.0092,0.010000000000009113,0.506,0.5023670004837805,0.003632999516219537,9.0,9.098504195848275,0.09850419584827463
star,60,iid,0.15,1.5,point,1,21,1.5,2.25,1.0,0.9999999999999986,60.0,0.016666666666666666,10.274794540306733,0.0092,0.010000000000009113,0.0254,0.027996747031103053,-0.002596747031103054,2.25,2.2386546067685273,-0.011345393231472656
star,60,iid,0.15,1.5,edge_bipolar,1,0-11,1.4999999999999998,69.74999999999999,31.0,0.9999999999999986,60.0,0.5166666666666667,10.274794540306733,0.0092,0.010000000000009113,1.0,0.9999987580016303,1.2419983697053993e-06,69.74999999999999,70.03808146103722,0.28808146103723686
star,60,iid,0.15,1.5,high_frequency,1,lambda_max,1.5000000000000002,135.00000000000006,60.0,0.9999999999999986,60.0,1.0,10.274794540306733,0.0092,0.010000000000009113,1.0,0.9999999999999406,5.939693181744587e-14,135.00000000000006,134.66575712783796,-0.33424287216209336
star,60,iid,0.15,3.0,constant,1,all,3.000000000000001,6.879800455918813e-16,7.644222728798677e-17,0.9999999999999986,60.0,1.2740371214664462e-18,10.274794540306733,0.0092,0.010000000000009113,0.0088,0.010000000000009113,-0.0012000000000091122,6.879800455918813e-16,-0.014677262225331944,-0.014677262225332633
star,60,iid,0.15,3.0,fiedler,1,fiedler,3.0,9.0,1.0,0.9999999999999986,60.0,0.016666666666666666,10.274794540306733,0.0092,0.010000000000009113,0.7588,0.7603772222119025,-0.0015772222119024848,9.0,8.98235314866493,-0.017646851335069158
star,60,iid,0.15,3.0,cluster,1,54;0;1;2;3;4;5;6;7;8;9;10,3.0000000000000004,36.0,3.9999999999999982,0.9999999999999986,60.0,0.06666666666666664,10.274794540306733,0.0092,0.010000000000009113,0.9996,0.9995190508072461,8.094919275392076e-05,36.0,36.07262224733736,0.07262224733735678
star,60,iid,0.15,3.0,point,1,23,3.0,9.0,1.0,0.9999999999999986,60.0,0.016666666666666666,10.274794540306733,0.0092,0.010000000000009113,0.7326,0.7317660878327854,0.0008339121672146232,9.0,8.963464950452522,-0.03653504954747788
star,60,iid,0.15,3.0,edge_bipolar,1,0-8,2.9999999999999996,278.99999999999994,31.0,0.9999999999999986,60.0,0.5166666666666667,10.274794540306733,0.0092,0.010000000000009113,1.0,0.9999999999999788,2.120525977034049e-14,278.99999999999994,279.06874610482276,0.06874610482282151
star,60,iid,0.15,3.0,high_frequency,1,lambda_max,3.0000000000000004,540.0000000000002,60.0,0.9999999999999986,60.0,1.0,10.274794540306733,0.0092,0.010000000000009113,1.0,1.0,0.0,540.0000000000002,540.1221656576306,0.12216565763037579
star,60,iid,0.15,0.75,constant,2,all,0.7500000000000002,4.2998752849492583e-17,7.644222728798677e-17,0.9999999999999986,60.0,1.2740371214664462e-18,10.274794540306733,0.0084,0.010000000000009113,0.0112,0.010000000000009113,0.0011999999999908872,4.2998752849492583e-17,0.012906577102191008,0.012906577102190965
star,60,iid,0.15,0.75,fiedler,2,fiedler,0.75,0.5625,1.0,0.9999999999999986,60.0,0.016666666666666666,10.274794540306733,0.0084,0.010000000000009113,0.012,0.01270369838309865,-0.0007036983830986492,0.5625,0.5444523659496849,-0.018047634050315065
star,60,iid,0.15,0.75,cluster,2,20;0;1;2;3;4;5;6;7;8;9;10,0.7500000000000001,2.25,3.9999999999999982,0.9999999999999986,60.0,0.06666666666666664,10.274794540306733,0.0084,0.010000000000009113,0.0934,0.08856731428574494,0.004832685714255061,2.25,2.2928069228231784,0.04280692282317844
star,60,iid,0.15,0.75,point,2,51,0.75,0.5625,1.0,0.9999999999999986,60.0,0.016666666666666666,10.274794540306733,0.0084,0.010000000000009113,0.013,0.012965688621556282,3.4311378443717747e-05,0.5625,0.5781265543396148,0.015626554339614795
star,60,iid,0.15,0.75,edge_bipolar,2,0-21,0.7499999999999999,17.437499999999996,31.0,0.9999999999999986,60.0,0.5166666666666667,10.274794540306733,0.0084,0.010000000000009113,0.8456,0.8478340709450711,-0.0022340709450711094,17.437499999999996,17.40280681292682,-0.034693187073177256
star,60,iid,0.15,0.75,high_frequency,2,lambda_max,0.7500000000000001,33.750000000000014,60.0,0.9999999999999986,60.0,1.0,10.274794540306733,0.0084,0.010000000000009113,0.9946,0.9922636679849569,0.00233633201504313,33.750000000000014,33.59709036282659,-0.15290963717342265
star,60,iid,0.15,1.5,constant,2,all,1.5000000000000004,1.7199501139797033e-16,7.644222728798677e-17,0.9999999999999986,60.0,1.2740371214664462e-18,10.274794540306733,0.0084,0.010000000000009113,0.012,0.010000000000009113,0.0019999999999908875,1.7199501139797033e-16,0.06585157090182747,0.0658515709018273
star,60,iid,0.15,1.5,fiedler,2,fiedler,1.5,2.25,1.0,0.9999999999999986,60.0,0.016666666666666666,10.274794540306733,0.0084,0.010000000000009113,0.0248,0.026339312410002536,-0.0015393124100025364,2.25,2.2412145264553978,-0.00878547354460224
star,60,iid,0.15,1.5,cluster,2,6;0;1;2;3;4;5;7;8;9;10;11,1.5000000000000002,9.0,3.9999999999999982,0.9999999999999986,60.0,0.06666666666666664,10.274794540306733,0.0084,0.010000000000009113,0.4938,0.5023670004837804,-0.00856700048378034,9.0,8.907816159981946,-0.09218384001805369
star,60,iid,0.15,1.5,point,2,59,1.5,2.25,1.0,0.9999999999999986,60.0,0.016666666666666666,10.274794540306733,0.0084,0.010000000000009113,0.0304,0.027996747031103164,0.002403252968896836,2.25,2.304135314393611,0.05413531439361119
star,60,iid,0.15,1.5,edge_bipolar,2,0-44,1.4999999999999998,69.74999999999999,31.0,0.9999999999999986,60.0,0.5166666666666667,10.274794540306733,0.0084,0.010000000000009113,1.0,0.9999987580016303,1.2419983697053993e-06,69.74999999999999,69.22763825055004,-0.5223617494499422
star,60,iid,0.15,1.5,high_frequency,2,lambda_max,1.5000000000000002,135.00000000000006,60.0,0.9999999999999986,60.0,1.0,10.274794540306733,0.0084,0.010000000000009113,1.0,0.9999999999999406,5.939693181744587e-14,135.00000000000006,134.7543471360899,-0.24565286391015206
star,60,iid,0.15,3.0,constant,2,all,3.000000000000001,6.879800455918813e-16,7.644222728798677e-17,0.9999999999999986,60.0,1.2740371214664462e-18,10.274794540306733,0.0084,0.010000000000009113,0.007,0.010000000000009113,-0.0030000000000091126,6.879800455918813e-16,-0.005421309414033182,-0.00542130941403387
star,60,iid,0.15,3.0,fiedler,2,fiedler,3.0,9.0,1.0,0.9999999999999986,60.0,0.016666666666666666,10.274794540306733,0.0084,0.010000000000009113,0.7664,0.7603772222119025,0.006022777788097455,9.0,9.04190536519864,0.04190536519863919
star,60,iid,0.15,3.0,cluster,2,34;0;1;2;3;4;5;6;7;8;9;10,3.0000000000000004,36.0,3.9999999999999982,0.9999999999999986,60.0,0.06666666666666664,10.274794540306733,0.0084,0.010000000000009113,0.9994,0.999519050807246,-0.00011905080724605721,36.0,36.06450312456424,0.06450312456424001
star,60,iid,0.15,3.0,point,2,45,3.0,9.0,1.0,0.9999999999999986,60.0,0.016666666666666666,10.274794540306733,0.0084,0.010000000000009113,0.7316,0.7317660878327861,-0.00016608783278604378,9.0,9.015044836789356,0.015044836789355642
star,60,iid,0.15,3.0,edge_bipolar,2,0-40,2.9999999999999996,278.99999999999994,31.0,0.9999999999999986,60.0,0.5166666666666667,10.274794540306733,0.0084,0.010000000000009113,1.0,0.9999999999999788,2.120525977034049e-14,278.99999999999994,278.23946854663,-0.7605314533699357
star,60,iid,0.15,3.0,high_frequency,2,lambda_max,3.0000000000000004,540.0000000000002,60.0,0.9999999999999986,60.0,1.0,10.274794540306733,0.0084,0.010000000000009113,1.0,1.0,0.0,540.0000000000002,539.4243856513613,-0.5756143486389647
star,60,iid,0.15,0.75,constant,3,all,0.7500000000000002,4.2998752849492583e-17,7.644222728798677e-17,0.9999999999999986,60.0,1.2740371214664462e-18,10.274794540306733,0.009,0.010000000000009113,0.0072,0.010000000000009113,-0.002800000000009113,4.2998752849492583e-17,-0.05490566823507059,-0.054905668235070634
star,60,iid,0.15,0.75,fiedler,3,fiedler,0.75,0.5625,1.0,0.9999999999999986,60.0,0.016666666666666666,10.274794540306733,0.009,0.010000000000009113,0.0118,0.01270369838309865,-0.0009036983830986497,0.5625,0.5748416390652409,0.012341639065240884
star,60,iid,0.15,0.75,cluster,3,20;0;1;2;3;4;5;6;7;8;9;10,0.7500000000000001,2.25,3.9999999999999982,0.9999999999999986,60.0,0.06666666666666664,10.274794540306733,0.009,0.010000000000009113,0.082,0.08856731428574494,-0.006567314285744932,2.25,2.1690551502183695,-0.08094484978163052
star,60,iid,0.15,0.75,point,3,30,0.75,0.5625,1.0,0.9999999999999986,60.0,0.016666666666666666,10.274794540306733,0.009,0.010000000000009113,0.0148,0.012965688621556337,0.0018343113784436635,0.5625,0.5803409796813734,0.017840979681373437
star,60,iid,0.15,0.75,edge_bipolar,3,0-37,0.7499999999999999,17.437499999999996,31.0,0.9999999999999986,60.0,0.5166666666666667,10.274794540306733,0.009,0.010000000000009113,0.8528,0.8478340709450711,0.004965929054928875,17.437499999999996,17.36521441082452,-0.07228558917547545
star,60,iid,0.15,0.75,high_frequency,3,lambda_max,0.7500000000000001,33.750000000000014,60.0,0.9999999999999986,60.0,1.0,10.274794540306733,0.009,0.010000000000009113,0.992,0.9922636679849569,-0.0002636679849569168,33.750000000000014,33.71443629071105,-0.03556370928896513
star,60,iid,0.15,1.5,constant,3,all,1.5000000000000004,1.7199501139797033e-16,7.644222728798677e-17,0.9999999999999986,60.0,1.2740371214664462e-18,10.274794540306733,0.009,0.010000000000009113,0.0114,0.010000000000009113,0.0013999999999908877,1.7199501139797033e-16,0.008623202270804153,0.008623202270803982
star,60,iid,0.15,1.5,fiedler,3,fiedler,1.5,2.25,1.0,0.9999999999999986,60.0,0.016666666666666666,10.274794540306733,0.009,0.010000000000009113,0.0256,0.026339312410002536,-0.0007393124100025343,2.25,2.2378418056487073,-0.012158194351292728
star,60,iid,0.15,1.5,cluster,3,6;0;1;2;3;4;5;7;8;9;10;11,1.5000000000000002,9.0,3.9999999999999982,0.9999999999999986,60.0,0.06666666666666664,10.274794540306733,0.009,0.010000000000009113,0.5068,0.5023670004837804,0.004432999516219671,9.0,8.972259822761579,-0.027740177238420927
star,60,iid,0.15,1.5,point,3,47,1.5,2.25,1.0,0.9999999999999986,60.0,0.016666666666666666,10.274794540306733,0.009,0.010000000000009113,0.028,0.027996747031103053,3.2529688969475112e-06,2.25,2.2625397587749774,0.012539758774977372
star,60,iid,0.15,1.5,edge_bipolar,3,0-2,1.4999999999999998,69.74999999999999,31.0,0.9999999999999986,60.0,0.5166666666666667,10.274794540306733,0.009,0.010000000000009113,1.0,0.9999987580016303,1.2419983697053993e-06,69.74999999999999,69.61780096071486,-0.13219903928512622
star,60,iid,0.15,1.5,high_frequency,3,lambda_max,1.5000000000000002,135.00000000000006,60.0,0.9999999999999986,60.0,1.0,10.274794540306733,0.009,0.010000000000009113,1.0,0.9999999999999406,5.939693181744587e-14,135.00000000000006,134.6684548287815,-0.33154517121855065
star,60,iid,0.15,3.0,constant,3,all,3.000000000000001,6.879800455918813e-16,7.644222728798677e-17,0.9999999999999986,60.0,1.2740371214664462e-18,10.274794540306733,0.009,0.010000000000009113,0.0086,0.010000000000009113,-0.0014000000000091127,6.879800455918813e-16,-0.0028317457411519698,-0.0028317457411526576
star,60,iid,0.15,3.0,fiedler,3,fiedler,3.0,9.0,1.0,0.9999999999999986,60.0,0.016666666666666666,10.274794540306733,0.009,0.010000000000009113,0.7526,0.7603772222119025,-0.007777222211902468,9.0,8.976665133984952,-0.023334866015048306
star,60,iid,0.15,3.0,cluster,3,57;0;1;2;3;4;5;6;7;8;9;10,3.0000000000000004,36.0,3.9999999999999982,0.9999999999999986,60.0,0.06666666666666664,10.274794540306733,0.009,0.010000000000009113,0.9998,0.999519050807246,0.00028094919275400976,36.0,36.278023789845264,0.278023789845264
star,60,iid,0.15,3.0,point,3,38,3.0,9.0,1.0,0.9999999999999986,60.0,0.016666666666666666,10.274794540306733,0.009,0.010000000000009113,0.74,0.731766087832785,0.00823391216721503,9.0,9.002493874400296,0.0024938744002955815
star,60,iid,0.15,3.0,edge_bipolar,3,0-16,2.9999999999999996,278.99999999999994,31.0,0.9999999999999986,60.0,0.5166666666666667,10.274794540306733,0.009,0.010000000000009113,1.0,0.9999999999999788,2.120525977034049e-14,278.99999999999994,279.1566986201649,0.15669862016494562
star,60,iid,0.15,3.0,high_frequency,3,lambda_max,3.0000000000000004,540.0000000000002,60.0,0.9999999999999986,60.0,1.0,10.274794540306733,0.009,0.010000000000009113,1.0,1.0,0.0,540.0000000000002,539.7849592439004,-0.21504075609982465
star,60,iid,0.3,0.75,constant,0,all,0.7500000000000002,4.2998752849492583e-17,7.644222728798677e-17,0.9999999999999986,60.0,1.2740371214664462e-18,41.09917785852541,0.011,0.01000000000000939,0.0102,0.01000000000000939,0.00019999999999061047,4.2998752849492583e-17,-0.012789428320999718,-0.012789428320999762
star,60,iid,0.3,0.75,fiedler,0,fiedler,0.75,0.5625,1.0,0.9999999999999986,60.0,0.016666666666666666,41.09917785852541,0.011,0.01000000000000939,0.0108,0.01061495414222291,0.00018504585777709068,0.5625,0.4045295798074715,-0.1579704201925285
star,60,iid,0.3,0.75,cluster,0,59;0;1;2;3;4;5;6;7;8;9;10,0.7500000000000001,2.25,3.9999999999999982,0.9999999999999986,60.0,0.06666666666666664,41.09917785852541,0.011,0.01000000000000939,0.0262,0.024768421521393635,0.0014315784786063657,2.25,2.259050768639744,0.009050768639744078
star,60,iid,0.3,0.75,point,0,56,0.75,0.5625,1.0,0.9999999999999986,60.0,0.016666666666666666,41.09917785852541,0.011,0.01000000000000939,0.0086,0.010672880179016353,-0.002072880179016353,0.5625,0.3652907096569109,-0.1972092903430891
star,60,iid,0.3,0.75,edge_bipolar,0,0-3,0.7499999999999999,17.437499999999996,31.0,0.9999999999999986,60.0,0.5166666666666667,41.09917785852541,0.011,0.01000000000000939,0.2176,0.21646232670409626,0.001137673295903724,17.437499999999996,17.42747130620868,-0.010028693791316101
star,60,iid,0.3,0.75,high_frequency,0,lambda_max,0.7500000000000001,33.750000000000014,60.0,0.9999999999999986,60.0,1.0,41.09917785852541,0.011,0.01000000000000939,0.46,0.4691641244582554,-0.009164124458255374,33.750000000000014,33.275173539197844,-0.47482646080216995
star,60,iid,0.3,1.5,constant,0,all,1.5000000000000004,1.7199501139797033e-16,7.644222728798677e-17,0.9999999999999986,60.0,1.2740371214664462e-18,41.09917785852541,0.011,0.01000000000000939,0.0106,0.01000000000000939,0.0005999999999906098,1.7199501139797033e-16,0.1284112195123388,0.12841121951233864
star,60,iid,0.3,1.5,fiedler,0,fiedler,1.5,2.25,1.0,0.9999999999999986,60.0,0.016666666666666666,41.09917785852541,0.011,0.01000000000000939,0.0124,0.01270369973407759,-0.00030369973407758967,2.25,2.231182752636272,-0.01881724736372803
star,60,iid,0.3,1.5,cluster,0,2;0;1;3;4;5;6;7;8;9;10;11,1.5000000000000002,9.0,3.9999999999999982,0.9999999999999986,60.0,0.06666666666666664,41.09917785852541,0.011,0.01000000000000939,0.0866,0.08856731709375149,-0.001967317093751489,9.0,9.009686958727581,0.009686958727581185
star,60,iid,0.3,1.5,point,0,4,1.5,2.25,1.0,0.9999999999999986,60.0,0.016666666666666666,41.09917785852541,0.011,0.01000000000000939,0.014,0.012965690116015116,0.0010343098839848842,2.25,2.26393529062981,0.013935290629810027
star,60,iid,0.3,1.5,edge_bipolar,0,0-31,1.4999999999999998,69.74999999999999,31.0,0.9999999999999986,60.0,0.5166666666666667,41.09917785852541,0.011,0.01000000000000939,0.8358,0.8478340680594474,-0.0120340680594474,69.74999999999999,68.42955065895694,-1.3204493410430445
star,60,iid,0.3,1.5,high_frequency,0,lambda_max,1.5000000000000002,135.00000000000006,60.0,0.9999999999999986,60.0,1.0,41.09917785852541,0.011,0.01000000000000939,0.9932,0.9922636554053434,0.0009363445946565241,135.00000000000006,134.70988421301547,-0.29011578698458607
star,60,iid,0.3,3.0,constant,0,all,3.000000000000001,6.879800455918813e-16,7.644222728798677e-17,0.9999999999999986,60.0,1.2740371214664462e-18,41.09917785852541,0.011,0.01000000000000939,0.0104,0.01000000000000939,0.00039999999999060926,6.879800455918813e-16,0.18897019938077797,0.18897019938077728
star,60,iid,0.3,3.0,fiedler,0,fiedler,3.0,9.0,1.0,0.9999999999999986,60.0,0.016666666666666666,41.09917785852541,0.011,0.01000000000000939,0.025,0.026339313263032016,-0.0013393132630320145,9.0,8.983318468678583,-0.016681531321417253
star,60,iid,0.3,3.0,cluster,0,31;0;1;2;3;4;5;6;7;8;9;10,3.0000000000000004,36.0,3.9999999999999982,0.9999999999999986,60.0,0.06666666666666664,41.09917785852541,0.011,0.01000000000000939,0.4992,0.5023670053246856,-0.0031670053246856122,36.0,36.027803409513325,0.02780340951332505
star,60,iid,0.3,3.0,point,0,33,3.0,9.0,1.0,0.9999999999999986,60.0,0.016666666666666666,41.09917785852541,0.011,0.01000000000000939,0.0222,0.027996747906850195,-0.0057967479068501936,9.0,8.702130614209537,-0.29786938579046307
star,60,iid,0.3,3.0,edge_bipolar,0,0-38,2.9999999999999996,278.99999999999994,31.0,0.9999999999999986,60.0,0.5166666666666667,41.09917785852541,0.011,0.01000000000000939,1.0,0.9999987580007069,1.241999293077889e-06,278.99999999999994,277.7552723833817,-1.2447276166182633
star,60,iid,0.3,3.0,high_frequency,0,lambda_max,3.0000000000000004,540.0000000000002,60.0,0.9999999999999986,60.0,1.0,41.09917785852541,0.011,0.01000000000000939,1.0,0.9999999999999406,5.939693181744587e-14,540.0000000000002,540.3205820623157,0.3205820623154523
star,60,iid,0.3,0.75,constant,1,all,0.7500000000000002,4.2998752849492583e-17,7.644222728798677e-17,0.9999999999999986,60.0,1.2740371214664462e-18,41.09917785852541,0.01,0.01000000000000939,0.0094,0.01000000000000939,-0.0006000000000093899,4.2998752849492583e-17,-0.15594115335702163,-0.1559411533570217
star,60,iid,0.3,0.75,fiedler,1,fiedler,0.75,0.5625,1.0,0.9999999999999986,60.0,0.016666666666666666,41.09917785852541,0.01,0.01000000000000939,0.0114,0.01061495414222291,0.0007850458577770905,0.5625,0.4880263618500589,-0.07447363814994112
star,60,iid,0.3,0.75,cluster,1,15;0;1;2;3;4;5;6;7;8;9;10,0.7500000000000001,2.25,3.9999999999999982,0.9999999999999986,60.0,0.06666666666666664,41.09917785852541,0.01,0.01000000000000939,0.0238,0.024768421521393857,-0.0009684215213938557,2.25,2.545499129934468,0.29549912993446803
star,60,iid,0.3,0.75,point,1,57,0.75,0.5625,1.0,0.9999999999999986,60.0,0.016666666666666666,41.09917785852541,0.01,0.01000000000000939,0.0098,0.010672880179016409,-0.0008728801790164088,0.5625,0.5737654187331795,0.011265418733179544
star,60,iid,0.3,0.75,edge_bipolar,1,0-31,0.7499999999999999,17.437499999999996,31.0,0.9999999999999986,60.0,0.5166666666666667,41.09917785852541,0.01,0.01000000000000939,0.209,0.21646232670409632,-0.007462326704096328,17.437499999999996,17.16739606208159,-0.2701039379184067
star,60,iid,0.3,0.75,high_frequency,1,lambda_max,0.7500000000000001,33.750000000000014,60.0,0.9999999999999986,60.0,1.0,41.09917785852541,0.01,0.01000000000000939,0.4702,0.4691641244582554,0.001035875541744613,33.750000000000014,33.535137446927024,-0.21486255307299018
star,60,iid,0.3,1.5,constant,1,all,1.5000000000000004,1.7199501139797033e-16,7.644222728798677e-17,0.9999999999999986,60.0,1.2740371214664462e-18,41.09917785852541,0.01,0.01000000000000939,0.0072,0.01000000000000939,-0.0028000000000093905,1.7199501139797033e-16,-0.05783367282177032,-0.057833672821770495
star,60,iid,0.3,1.5,fiedler,1,fiedler,1.5,2.25,1.0,0.9999999999999986,60.0,0.016666666666666666,41.09917785852541,0.01,0.01000000000000939,0.013,0.01270369973407759,0.00029630026592241017,2.25,2.318364718394381,0.06836471839438119
star,60,iid,0.3,1.5,cluster,1,15;0;1;2;3;4;5;6;7;8;9;10,1.5000000000000002,9.0,3.9999999999999982,0.9999999999999986,60.0,0.06666666666666664,41.09917785852541,0.01,0.01000000000000939,0.0884,0.08856731709375149,-0.00016731709375147896,9.0,8.881012277056275,-0.11898772294372506
star,60,iid,0.3,1.5,point,1,18,1.5,2.25,1.0,0.9999999999999986,60.0,0.016666666666666666,41.09917785852541,0.01,0.01000000000000939,0.0146,0.012965690116015172,0.0016343098839848285,2.25,2.4758795732017873,0.2258795732017873
star,60,iid,0.3,1.5,edge_bipolar,1,0-56,1.4999999999999998,69.74999999999999,31.0,0.9999999999999986,60.0,0.5166666666666667,41.09917785852541,0.01,0.01000000000000939,0.8434,0.8478340680594474,-0.004434068059447349,69.74999999999999,68.94692691499108,-0.8030730850089043
star,60,iid,0.3,1.5,high_frequency,1,lambda_max,1.5000000000000002,135.00000000000006,60.0,0.9999999999999986,60.0,1.0,41.09917785852541,0.01,0.01000000000000939,0.9932,0.9922636554053434,0.0009363445946565241,135.00000000000006,134.65503748575864,-0.34496251424141633
star,60,iid,0.3,3.0,constant,1,all,3.000000000000001,6.879800455918813e-16,7.644222728798677e-17,0.9999999999999986,60.0,1.2740371214664462e-18,41.09917785852541,0.01,0.01000000000000939,0.0096,0.01000000000000939,-0.0004000000000093911,6.879800455918813e-16,-0.061617543298183364,-0.06161754329818405
star,60,iid,0.3,3.0,fiedler,1,fiedler,3.0,9.0,1.0,0.9999999999999986,60.0,0.016666666666666666,41.09917785852541,0.01,0.01000000000000939,0.0266,0.026339313263032016,0.0002606867369679827,9.0,9.073298865917618,0.07329886591761792
star,60,iid,0.3,3.0,cluster,1,33;0;1;2;3;4;5;6;7;8;9;10,3.0000000000000004,36.0,3.9999999999999982,0.9999999999999986,60.0,0.06666666666666664,41.09917785852541,0.01,0.01000000000000939,0.5134,0.5023670053246856,0.011032994675314378,36.0,36.76036060492513,0.7603606049251326
star,60,iid,0.3,3.0,point,1,51,3.0,9.0,1.0,0.9999999999999986,60.0,0.016666666666666666,41.09917785852541,0.01,0.01000000000000939,0.027,0.027996747906850084,-0.0009967479068500838,9.0,8.887142325826893,-0.11285767417310666
star,60,iid,0.3,3.0,edge_bipolar,1,0-34,2.9999999999999996,278.99999999999994,31.0,0.9999999999999986,60.0,0.5166666666666667,41.09917785852541,0.01,0.01000000000000939,1.0,0.9999987580007069,1.241999293077889e-06,278.99999999999994,279.4802493606395,0.4802493606395615
star,60,iid,0.3,3.0,high_frequency,1,lambda_max,3.0000000000000004,540.0000000000002,60.0,0.9999999999999986,60.0,1.0,41.09917785852541,0.01,0.01000000000000939,1.0,0.9999999999999406,5.939693181744587e-14,540.0000000000002,541.5225847500589,1.522584750058627
star,60,iid,0.3,0.75,constant,2,all,0.7500000000000002,4.2998752849492583e-17,7.644222728798677e-17,0.9999999999999986,60.0,1.2740371214664462e-18,41.09917785852541,0.012,0.01000000000000939,0.0066,0.01000000000000939,-0.0034000000000093903,4.2998752849492583e-17,-0.18687564105938925,-0.1868756410593893
star,60,iid,0.3,0.75,fiedler,2,fiedler,0.75,0.5625,1.0,0.9999999999999986,60.0,0.016666666666666666,41.09917785852541,0.012,0.01000000000000939,0.0098,0.01061495414222291,-0.0008149541422229102,0.5625,0.517731510655917,-0.04476848934408295
star,60,iid,0.3,0.75,cluster,2,33;0;1;2;3;4;5;6;7;8;9;10,0.7500000000000001,2.25,3.9999999999999982,0.9999999999999986,60.0,0.06666666666666664,41.09917785852541,0.012,0.01000000000000939,0.0248,0.024768421521393857,3.1578478606141686e-05,2.25,2.1042218027841812,-0.14577819721581875
star,60,iid,0.3,0.75,point,2,0,0.75,33.1875,59.0,0.9999999999999986,60.0,0.9833333333333333,41.09917785852541,0.012,0.01000000000000939,0.4662,0.4608552724128166,0.005344727587183407,33.1875,33.57116103589652,0.3836610358965231
star,60,iid,0.3,0.75,edge_bipolar,2,0-35,0.7499999999999999,17.437499999999996,31.0,0.9999999999999986,60.0,0.5166666666666667,41.09917785852541,0.012,0.01000000000000939,0.2114,0.21646232670409632,-0.005062326704096315,17.437499999999996,17.166524446471136,-0.27097555352886005
star,60,iid,0.3,0.75,high_frequency,2,lambda_max,0.7500000000000001,33.750000000000014,60.0,0.9999999999999986,60.0,1.0,41.09917785852541,0.012,0.01000000000000939,0.4772,0.4691641244582554,0.00803587554174462,33.750000000000014,34.72818320558963,0.978183205589616
star,60,iid,0.3,1.5,constant,2,all,1.5000000000000004,1.7199501139797033e-16,7.644222728798677e-17,0.9999999999999986,60.0,1.2740371214664462e-18,41.09917785852541,0.012,0.01000000000000939,0.0104,0.01000000000000939,0.00039999999999060926,1.7199501139797033e-16,0.024256384890835037,0.024256384890834863
star,60,iid,0.3,1.5,fiedler,2,fiedler,1.5,2.25,1.0,0.9999999999999986,60.0,0.016666666666666666,41.09917785852541,0.012,0.01000000000000939,0.0154,0.01270369973407759,0.0026963002659224113,2.25,2.309200846707771,0.05920084670777115
star,60,iid,0.3,1.5,cluster,2,4;0;1;2;3;5;6;7;8;9;10;11,1.5000000000000002,9.0,3.9999999999999982,0.9999999999999986,60.0,0.06666666666666664,41.09917785852541,0.012,0.01000000000000939,0.0932,0.08856731709375149,0.00463268290624852,9.0,9.025637597861657,0.025637597861656758
star,60,iid,0.3,1.5,point,2,10,1.5,2.25,1.0,0.9999999999999986,60.0,0.016666666666666666,41.09917785852541,0.012,0.01000000000000939,0.0132,0.012965690116015172,0.0002343098839848283,2.25,2.2430826871082594,-0.006917312891740579
star,60,iid,0.3,1.5,edge_bipolar,2,0-2,1.4999999999999998,69.74999999999999,31.0,0.9999999999999986,60.0,0.5166666666666667,41.09917785852541,0.012,0.01000000000000939,0.8534,0.8478340680594474,0.00556593194055266,69.74999999999999,70.33132778027345,0.5813277802734689
star,60,iid,0.3,1.5,high_frequency,2,lambda_max,1.5000000000000002,135.00000000000006,60.0,0.9999999999999986,60.0,1.0,41.09917785852541,0.012,0.01000000000000939,0.9924,0.9922636554053434,0.00013634459465650117,135.00000000000006,134.07496318987384,-0.9250368101262154
star,60,iid,0.3,3.0,constant,2,all,3.000000000000001,6.879800455918813e-16,7.644222728798677e-17,0.9999999999999986,60.0,1.2740371214664462e-18,41.09917785852541,0.012,0.01000000000000939,0.008,0.01000000000000939,-0.00200000000000939,6.879800455918813e-16,-0.18534476429971392,-0.1853447642997146
star,60,iid,0.3,3.0,fiedler,2,fiedler,3.0,9.0,1.0,0.9999999999999986,60.0,0.016666666666666666,41.09917785852541,0.012,0.01000000000000939,0.027,0.026339313263032016,0.0006606867369679838,9.0,9.119937803133293,0.11993780313329339
star,60,iid,0.3,3.0,cluster,2,36;0;1;2;3;4;5;6;7;8;9;10,3.0000000000000004,36.0,3.9999999999999982,0.9999999999999986,60.0,0.06666666666666664,41.09917785852541,0.012,0.01000000000000939,0.5056,0.5023670053246856,0.00323299467531446,36.0,36.09667005876681,0.09667005876681145
star,60,iid,0.3,3.0,point,2,0,3.0,531.0,59.0,0.9999999999999986,60.0,0.9833333333333333,41.09917785852541,0.012,0.01000000000000939,1.0,0.9999999999998888,1.1124434706744069e-13,531.0,530.5699558794448,-0.4300441205551806
star,60,iid,0.3,3.0,edge_bipolar,2,0-56,2.9999999999999996,278.99999999999994,31.0,0.9999999999999986,60.0,0.5166666666666667,41.09917785852541,0.012,0.01000000000000939,1.0,0.9999987580007069,1.241999293077889e-06,278.99999999999994,278.3444861248276,-0.6555138751723462
star,60,iid,0.3,3.0,high_frequency,2,lambda_max,3.0000000000000004,540.0000000000002,60.0,0.9999999999999986,60.0,1.0,41.09917785852541,0.012,0.01000000000000939,1.0,0.9999999999999406,5.939693181744587e-14,540.0000000000002,540.4063026442167,0.4063026442164528
star,60,iid,0.3,0.75,constant,3,all,0.7500000000000002,4.2998752849492583e-17,7.644222728798677e-17,0.9999999999999986,60.0,1.2740371214664462e-18,41.09917785852541,0.0092,0.01000000000000939,0.0098,0.01000000000000939,-0.00020000000000939058,4.2998752849492583e-17,0.06666460153521214,0.0666646015352121
star,60,iid,0.3,0.75,fiedler,3,fiedler,0.75,0.5625,1.0,0.9999999999999986,60.0,0.016666666666666666,41.09917785852541,0.0092,0.01000000000000939,0.0104,0.01061495414222291,-0.00021495414222291037,0.5625,0.4987722715640661,-0.06372772843593388
star,60,iid,0.3,0.75,cluster,3,31;0;1;2;3;4;5;6;7;8;9;10,0.7500000000000001,2.25,3.9999999999999982,0.9999999999999986,60.0,0.06666666666666664,41.09917785852541,0.0092,0.01000000000000939,0.0256,0.024768421521393746,0.0008315784786062548,2.25,2.1881944291218716,-0.061805570878128435
star,60,iid,0.3,0.75,point,3,8,0.75,0.5625,1.0,0.9999999999999986,60.0,0.016666666666666666,41.09917785852541,0.0092,0.01000000000000939,0.0104,0.010672880179016409,-0.000272880179016409,0.5625,0.46363619576715465,-0.09886380423284535
star,60,iid,0.3,0.75,edge_bipolar,3,0-49,0.7499999999999999,17.437499999999996,31.0,0.9999999999999986,60.0,0.5166666666666667,41.09917785852541,0.0092,0.01000000000000939,0.2188,0.21646232670409632,0.002337673295903675,17.437499999999996,17.704622542058353,0.26712254205835606
star,60,iid,0.3,0.75,high_frequency,3,lambda_max,0.7500000000000001,33.750000000000014,60.0,0.9999999999999986,60.0,1.0,41.09917785852541,0.0092,0.01000000000000939,0.47,0.4691641244582554,0.0008358755417445796,33.750000000000014,34.06924148614703,0.3192414861470141
star,60,iid,0.3,1.5,constant,3,all,1.5000000000000004,1.7199501139797033e-16,7.644222728798677e-17,0.9999999999999986,60.0,1.2740371214664462e-18,41.09917785852541,0.0092,0.01000000000000939,0.01,0.01000000000000939,-9.390058175462457e-15,1.7199501139797033e-16,-0.17129449653421425,-0.1712944965342144
star,60,iid,0.3,1.5,fiedler,3,fiedler,1.5,2.25,1.0,0.9999999999999986,60.0,0.016666666666666666,41.09917785852541,0.0092,0.01000000000000939,0.0124,0.01270369973407759,-0.00030369973407758967,2.25,2.158250025216745,-0.09174997478325508
star,60,iid,0.3,1.5,cluster,3,5;0;1;2;3;4;6;7;8;9;10;11,1.5000000000000002,9.0,3.9999999999999982,0.9999999999999986,60.0,0.06666666666666664,41.09917785852541,0.0092,0.01000000000000939,0.0908,0.08856731709375149,0.0022326829062485204,9.0,8.863755124285849,-0.13624487571415145
star,60,iid,0.3,1.5,point,3,51,1.5,2.25,1.0,0.9999999999999986,60.0,0.016666666666666666,41.09917785852541,0.0092,0.01000000000000939,0.0118,0.012965690116015005,-0.0011656901160150054,2.25,2.3067747247455745,0.056774724745574545
star,60,iid,0.3,1.5,edge_bipolar,3,0-18,1.4999999999999998,69.74999999999999,31.0,0.9999999999999986,60.0,0.5166666666666667,41.09917785852541,0.0092,0.01000000000000939,0.8382,0.8478340680594474,-0.009634068059447443,69.74999999999999,69.04979546606856,-0.7002045339314265
star,60,iid,0.3,1.5,high_frequency,3,lambda_max,1.5000000000000002,135.00000000000006,60.0,0.9999999999999986,60.0,1.0,41.09917785852541,0.0092,0.01000000000000939,0.9926,0.9922636554053434,0.00033634459465659017,135.00000000000006,134.88589357205404,-0.11410642794601245
star,60,iid,0.3,3.0,constant,3,all,3.000000000000001,6.879800455918813e-16,7.644222728798677e-17,0.9999999999999986,60.0,1.2740371214664462e-18,41.09917785852541,0.0092,0.01000000000000939,0.0102,0.01000000000000939,0.00019999999999061047,6.879800455918813e-16,0.008036752078172782,0.008036752078172093
star,60,iid,0.3,3.0,fiedler,3,fiedler,3.0,9.0,1.0,0.9999999999999986,60.0,0.016666666666666666,41.09917785852541,0.0092,0.01000000000000939,0.0278,0.026339313263032016,0.0014606867369679824,9.0,8.967888880785086,-0.03211111921491394
star,60,iid,0.3,3.0,cluster,3,20;0;1;2;3;4;5;6;7;8;9;10,3.0000000000000004,36.0,3.9999999999999982,0.9999999999999986,60.0,0.06666666666666664,41.09917785852541,0.0092,0.01000000000000939,0.5054,0.5023670053246856,0.003032994675314371,36.0,35.7992437841735,-0.20075621582650172
star,60,iid,0.3,3.0,point,3,43,3.0,9.0,1.0,0.9999999999999986,60.0,0.016666666666666666,41.09917785852541,0.0092,0.01000000000000939,0.0292,0.027996747906850195,0.0012032520931498057,9.0,9.133204808923395,0.13320480892339503
star,60,iid,0.3,3.0,edge_bipolar,3,0-1,2.9999999999999996,278.99999999999994,31.0,0.9999999999999986,60.0,0.5166666666666667,41.09917785852541,0.0092,0.01000000000000939,1.0,0.9999987580007068,1.2419992931889112e-06,278.99999999999994,279.2260403675193,0.22604036751937429
star,60,iid,0.3,3.0,high_frequency,3,lambda_max,3.0000000000000004,540.0000000000002,60.0,0.9999999999999986,60.0,1.0,41.09917785852541,0.0092,0.01000000000000939,1.0,0.9999999999999406,5.939693181744587e-14,540.0000000000002,540.0158670805089,0.015867080508655818
star,60,correlated,0.15,0.75,constant,0,all,0.7500000000000002,4.2998752849492583e-17,7.644222728798677e-17,0.9999999999999986,60.0,1.2740371214664462e-18,14.57061663095705,0.0084,0.010000000002094611,0.0086,0.010000000002094611,-0.0014000000020946111,4.2998752849492583e-17,-0.040211531822526236,-0.04021153182252628
star,60,correlated,0.15,0.75,fiedler,0,fiedler,0.75,0.5625,1.0,0.9999999999999986,60.0,0.016666666666666666,14.57061663095705,0.0084,0.010000000002094611,0.0134,0.01173435281360663,0.0016656471863933705,0.5625,0.5986237520980406,0.03612375209804064
star,60,correlated,0.15,0.75,cluster,0,49;0;1;2;3;4;5;6;7;8;9;10,0.7500000000000001,2.25,3.9999999999999982,0.9999999999999986,60.0,0.06666666666666664,14.57061663095705,0.0084,0.010000000002094611,0.057,0.05741016628604628,-0.0004101662860462804,2.25,2.24321189889739,-0.006788101102610078
star,60,correlated,0.15,0.75,point,0,37,0.75,0.5625,1.0,0.9999999999999986,60.0,0.016666666666666666,14.57061663095705,0.0084,0.010000000002094611,0.0118,0.011902026879529293,-0.000102026879529293,0.5625,0.5871676277725553,0.024667627772555267
star,60,correlated,0.15,0.75,edge_bipolar,0,0-48,0.7499999999999999,17.437499999999996,31.0,0.9999999999999986,60.0,0.5166666666666667,14.57061663095705,0.0084,0.010000000002094611,0.6562,0.6468247117124004,0.009375288287599592,17.437499999999996,17.668835512173672,0.23133551217367554
star,60,correlated,0.15,0.75,high_frequency,0,lambda_max,0.7500000000000001,33.750000000000014,60.0,0.9999999999999986,60.0,1.0,14.57061663095705,0.0084,0.010000000002094611,0.9392,0.9366302770792703,0.0025697229207297667,33.750000000000014,33.89746248432078,0.14746248432076925
star,60,correlated,0.15,1.5,constant,0,all,1.5000000000000004,1.7199501139797033e-16,7.644222728798677e-17,0.9999999999999986,60.0,1.2740371214664462e-18,14.57061663095705,0.0084,0.010000000002094611,0.0128,0.010000000002094611,0.0027999999979053895,1.7199501139797033e-16,0.012952193254813338,0.012952193254813166
star,60,correlated,0.15,1.5,fiedler,0,fiedler,1.5,2.25,1.0,0.9999999999999986,60.0,0.016666666666666666,14.57061663095705,0.0084,0.010000000002094611,0.0224,0.019046282567034112,0.003353717432965888,2.25,2.3099136295874567,0.05991362958745672
star,60,correlated,0.15,1.5,cluster,0,45;0;1;2;3;4;5;6;7;8;9;10,1.5000000000000002,9.0,3.9999999999999982,0.9999999999999986,60.0,0.06666666666666664,14.57061663095705,0.0084,0.010000000002094611,0.3058,0.30992090185163745,-0.004120901851637437,9.0,8.869237453207097,-0.13076254679290322
star,60,correlated,0.15,1.5,point,0,10,1.5,2.25,1.0,0.9999999999999986,60.0,0.016666666666666666,14.57061663095705,0.0084,0.010000000002094611,0.019,0.01996917909730639,-0.0009691790973063892,2.25,2.330156568772109,0.08015656877210908
star,60,correlated,0.15,1.5,edge_bipolar,0,0-18,1.4999999999999998,69.74999999999999,31.0,0.9999999999999986,60.0,0.5166666666666667,14.57061663095705,0.0084,0.010000000002094611,0.9994,0.9996420551626135,-0.00024205516261355253,69.74999999999999,69.92558628163377,0.17558628163378387
star,60,correlated,0.15,1.5,high_frequency,0,lambda_max,1.5000000000000002,135.00000000000006,60.0,0.9999999999999986,60.0,1.0,14.57061663095705,0.0084,0.010000000002094611,1.0,0.9999999909910435,9.00895646971378e-09,135.00000000000006,134.7808297042149,-0.21917029578514757
star,60,correlated,0.15,3.0,constant,0,all,3.000000000000001,6.879800455918813e-16,7.644222728798677e-17,0.9999999999999986,60.0,1.2740371214664462e-18,14.57061663095705,0.0084,0.010000000002094611,0.0088,0.010000000002094611,-0.0012000000020946106,6.879800455918813e-16,-0.03766103161067802,-0.03766103161067871
star,60,correlated,0.15,3.0,fiedler,0,fiedler,3.0,9.0,1.0,0.9999999999999986,60.0,0.016666666666666666,14.57061663095705,0.0084,0.010000000002094611,0.144,0.15055197426463784,-0.006551974264637855,9.0,8.98899621851351,-0.011003781486490283
star,60,correlated,0.15,3.0,cluster,0,57;0;1;2;3;4;5;6;7;8;9;10,3.0000000000000004,36.0,3.9999999999999982,0.9999999999999986,60.0,0.06666666666666664,14.57061663095705,0.0084,0.010000000002094611,0.9754,0.9772872658923997,-0.0018872658923996255,36.0,36.38695974622592,0.38695974622591933
star,60,correlated,0.15,3.0,point,0,43,3.0,9.0,1.0,0.9999999999999986,60.0,0.016666666666666666,14.57061663095705,0.0084,0.010000000002094611,0.162,0.15776702007029747,0.004232979929702535,9.0,9.040059308620704,0.040059308620703504
star,60,correlated,0.15,3.0,edge_bipolar,0,0-50,2.9999999999999996,278.99999999999994,31.0,0.9999999999999986,60.0,0.5166666666666667,14.57061663095705,0.0084,0.010000000002094611,1.0,1.0,0.0,278.99999999999994,278.0272075402534,-0.972792459746529
star,60,correlated,0.15,3.0,high_frequency,0,lambda_max,3.0000000000000004,540.0000000000002,60.0,0.9999999999999986,60.0,1.0,14.57061663095705,0.0084,0.010000000002094611,1.0,1.0,0.0,540.0000000000002,539.2053791300891,-0.7946208699111139
star,60,correlated,0.15,0.75,constant,1,all,0.7500000000000002,4.2998752849492583e-17,7.644222728798677e-17,0.9999999999999986,60.0,1.2740371214664462e-18,14.57061663095705,0.0092,0.010000000002094611,0.0108,0.010000000002094611,0.0007999999979053894,4.2998752849492583e-17,-0.026055717408774548,-0.02605571740877459
star,60,correlated,0.15,0.75,fiedler,1,fiedler,0.75,0.5625,1.0,0.9999999999999986,60.0,0.016666666666666666,14.57061663095705,0.0092,0.010000000002094611,0.0102,0.01173435281360663,-0.0015343528136066292,0.5625,0.5423689784068952,-0.02013102159310476
star,60,correlated,0.15,0.75,cluster,1,7;0;1;2;3;4;5;6;8;9;10;11,0.7500000000000001,2.25,3.9999999999999982,0.9999999999999986,60.0,0.06666666666666664,14.57061663095705,0.0092,0.010000000002094611,0.0576,0.057410166286046116,0.0001898337139538825,2.25,2.287849853713457,0.03784985371345684
star,60,correlated,0.15,0.75,point,1,11,0.75,0.5625,1.0,0.9999999999999986,60.0,0.016666666666666666,14.57061663095705,0.0092,0.010000000002094611,0.0136,0.011902026879529293,0.0016979731204707065,0.5625,0.5793762935721691,0.016876293572169132
star,60,correlated,0.15,0.75,edge_bipolar,1,0-2,0.7499999999999999,17.437499999999996,31.0,0.9999999999999986,60.0,0.5166666666666667,14.57061663095705,0.0092,0.010000000002094611,0.6512,0.6468247117124006,0.004375288287599366,17.437499999999996,17.598611147315857,0.16111114731586085
star,60,correlated,0.15,0.75,high_frequency,1,lambda_max,0.7500000000000001,33.750000000000014,60.0,0.9999999999999986,60.0,1.0,14.57061663095705,0.0092,0.010000000002094611,0.9318,0.9366302770792703,-0.0048302770792703065,33.750000000000014,33.774093438452276,0.02409343845226175
star,60,correlated,0.15,1.5,constant,1,all,1.5000000000000004,1.7199501139797033e-16,7.644222728798677e-17,0.9999999999999986,60.0,1.2740371214664462e-18,14.57061663095705,0.0092,0.010000000002094611,0.0112,0.010000000002094611,0.0011999999979053887,1.7199501139797033e-16,0.03836496940503897,0.0383649694050388
star,60,correlated,0.15,1.5,fiedler,1,fiedler,1.5,2.25,1.0,0.9999999999999986,60.0,0.016666666666666666,14.57061663095705,0.0092,0.010000000002094611,0.0196,0.019046282567034112,0.0005537174329658875,2.25,2.2318095120974535,-0.018190487902546515
star,60,correlated,0.15,1.5,cluster,1,37;0;1;2;3;4;5;6;7;8;9;10,1.5000000000000002,9.0,3.9999999999999982,0.9999999999999986,60.0,0.06666666666666664,14.57061663095705,0.0092,0.010000000002094611,0.3108,0.3099209018516377,0.000879098148362345,9.0,9.136933566928107,0.1369335669281071
star,60,correlated,0.15,1.5,point,1,54,1.5,2.25,1.0,0.9999999999999986,60.0,0.016666666666666666,14.57061663095705,0.0092,0.010000000002094611,0.02,0.019969179097306167,3.0820902693833724e-05,2.25,2.2653665512924848,0.015366551292484765
star,60,correlated,0.15,1.5,edge_bipolar,1,0-3,1.4999999999999998,69.74999999999999,31.0,0.9999999999999986,60.0,0.5166666666666667,14.57061663095705,0.0092,0.010000000002094611,0.9992,0.9996420551626136,-0.00044205516261364153,69.74999999999999,69.86809948640598,0.11809948640599544
star,60,correlated,0.15,1.5,high_frequency,1,lambda_max,1.5000000000000002,135.00000000000006,60.0,0.9999999999999986,60.0,1.0,14.57061663095705,0.0092,0.010000000002094611,1.0,0.9999999909910435,9.00895646971378e-09,135.00000000000006,134.94095517701462,-0.05904482298544167
star,60,correlated,0.15,3.0,constant,1,all,3.000000000000001,6.879800455918813e-16,7.644222728798677e-17,0.9999999999999986,60.0,1.2740371214664462e-18,14.57061663095705,0.0092,0.010000000002094611,0.0104,0.010000000002094611,0.00039999999790538837,6.879800455918813e-16,-0.026209439677423063,-0.02620943967742375
star,60,correlated,0.15,3.0,fiedler,1,fiedler,3.0,9.0,1.0,0.9999999999999986,60.0,0.016666666666666666,14.57061663095705,0.0092,0.010000000002094611,0.1578,0.15055197426463784,0.007248025735362151,9.0,9.051185771530086,0.0511857715300863
star,60,correlated,0.15,3.0,cluster,1,56;0;1;2;3;4;5;6;7;8;9;10,3.0000000000000004,36.0,3.9999999999999982,0.9999999999999986,60.0,0.06666666666666664,14.57061663095705,0.0092,0.010000000002094611,0.977,0.9772872658923994,-0.00028726589239946865,36.0,35.91666670526888,-0.08333329473111917
star,60,correlated,0.15,3.0,point,1,51,3.0,9.0,1.0,0.9999999999999986,60.0,0.016666666666666666,14.57061663095705,0.0092,0.010000000002094611,0.158,0.15776702007029803,0.00023297992970197634,9.0,8.976622412607533,-0.023377587392467092
star,60,correlated,0.15,3.0,edge_bipolar,1,0-33,2.9999999999999996,278.99999999999994,31.0,0.9999999999999986,60.0,0.5166666666666667,14.57061663095705,0.0092,0.010000000002094611,1.0,1.0,0.0,278.99999999999994,278.77730111592064,-0.22269888407930694
star,60,correlated,0.15,3.0,high_frequency,1,lambda_max,3.0000000000000004,540.0000000000002,60.0,0.9999999999999986,60.0,1.0,14.57061663095705,0.0092,0.010000000002094611,1.0,1.0,0.0,540.0000000000002,540.4539011118637,0.4539011118635017
star,60,correlated,0.15,0.75,constant,2,all,0.7500000000000002,4.2998752849492583e-17,7.644222728798677e-17,0.9999999999999986,60.0,1.2740371214664462e-18,14.57061663095705,0.0106,0.010000000002094611,0.0092,0.010000000002094611,-0.0008000000020946113,4.2998752849492583e-17,-0.08084335568204581,-0.08084335568204586
star,60,correlated,0.15,0.75,fiedler,2,fiedler,0.75,0.5625,1.0,0.9999999999999986,60.0,0.016666666666666666,14.57061663095705,0.0106,0.010000000002094611,0.0102,0.01173435281360663,-0.0015343528136066292,0.5625,0.5577106636099871,-0.004789336390012888
star,60,correlated,0.15,0.75,cluster,2,22;0;1;2;3;4;5;6;7;8;9;10,0.7500000000000001,2.25,3.9999999999999982,0.9999999999999986,60.0,0.06666666666666664,14.57061663095705,0.0106,0.010000000002094611,0.054,0.057410166286046116,-0.0034101662860461165,2.25,2.196686460496844,-0.05331353950315609
star,60,correlated,0.15,0.75,point,2,56,0.75,0.5625,1.0,0.9999999999999986,60.0,0.016666666666666666,14.57061663095705,0.0106,0.010000000002094611,0.0118,0.011902026879529404,-0.00010202687952940402,0.5625,0.4836228854892588,-0.0788771145107412
star,60,correlated,0.15,0.75,edge_bipolar,2,0-11,0.7499999999999999,17.437499999999996,31.0,0.9999999999999986,60.0,0.5166666666666667,14.57061663095705,0.0106,0.010000000002094611,0.6376,0.6468247117124009,-0.009224711712400913,17.437499999999996,17.27364289875154,-0.16385710124845687
star,60,correlated,0.15,0.75,high_frequency,2,lambda_max,0.7500000000000001,33.750000000000014,60.0,0.9999999999999986,60.0,1.0,14.57061663095705,0.0106,0.010000000002094611,0.9342,0.9366302770792703,-0.0024302770792702377,33.750000000000014,33.94751834681983,0.1975183468198125
star,60,correlated,0.15,1.5,constant,2,all,1.5000000000000004,1.7199501139797033e-16,7.644222728798677e-17,0.9999999999999986,60.0,1.2740371214664462e-18,14.57061663095705,0.0106,0.010000000002094611,0.0106,0.010000000002094611,0.0005999999979053889,1.7199501139797033e-16,0.02411953747533513,0.024119537475334955
star,60,correlated,0.15,1.5,fiedler,2,fiedler,1.5,2.25,1.0,0.9999999999999986,60.0,0.016666666666666666,14.57061663095705,0.0106,0.010000000002094611,0.0184,0.019046282567034112,-0.0006462825670341121,2.25,2.3103791650971752,0.060379165097175225
star,60,correlated,0.15,1.5,cluster,2,39;0;1;2;3;4;5;6;7;8;9;10,1.5000000000000002,9.0,3.9999999999999982,0.9999999999999986,60.0,0.06666666666666664,14.57061663095705,0.0106,0.010000000002094611,0.3248,0.3099209018516379,0.01487909814836208,9.0,9.344302065214807,0.3443020652148068
star,60,correlated,0.15,1.5,point,2,47,1.5,2.25,1.0,0.9999999999999986,60.0,0.016666666666666666,14.57061663095705,0.0106,0.010000000002094611,0.0208,0.019969179097306167,0.0008308209026938324,2.25,2.2855204593556895,0.03552045935568948
star,60,correlated,0.15,1.5,edge_bipolar,2,0-13,1.4999999999999998,69.74999999999999,31.0,0.9999999999999986,60.0,0.5166666666666667,14.57061663095705,0.0106,0.010000000002094611,1.0,0.9996420551626135,0.0003579448373864924,69.74999999999999,69.61760860137719,-0.1323913986228007
star,60,correlated,0.15,1.5,high_frequency,2,lambda_max,1.5000000000000002,135.00000000000006,60.0,0.9999999999999986,60.0,1.0,14.57061663095705,0.0106,0.010000000002094611,1.0,0.9999999909910435,9.00895646971378e-09,135.00000000000006,135.27587614092337,0.2758761409233159
star,60,correlated,0.15,3.0,constant,2,all,3.000000000000001,6.879800455918813e-16,7.644222728798677e-17,0.9999999999999986,60.0,1.2740371214664462e-18,14.57061663095705,0.0106,0.010000000002094611,0.0092,0.010000000002094611,-0.0008000000020946113,6.879800455918813e-16,0.03392023619752482,0.033920236197524135
star,60,correlated,0.15,3.0,fiedler,2,fiedler,3.0,9.0,1.0,0.9999999999999986,60.0,0.016666666666666666,14.57061663095705,0.0106,0.010000000002094611,0.1512,0.15055197426463784,0.0006480257353621566,9.0,8.951045199012844,-0.04895480098715588
star,60,correlated,0.15,3.0,cluster,2,51;0;1;2;3;4;5;6;7;8;9;10,3.0000000000000004,36.0,3.9999999999999982,0.9999999999999986,60.0,0.06666666666666664,14.57061663095705,0.0106,0.010000000002094611,0.977,0.9772872658923997,-0.0002872658923996907,36.0,35.601474153771136,-0.3985258462288641
star,60,correlated,0.15,3.0,point,2,10,3.0,9.0,1.0,0.9999999999999986,60.0,0.016666666666666666,14.57061663095705,0.0106,0.010000000002094611,0.1458,0.1577670200702983,-0.01196702007029829,9.0,8.901787591524856,-0.09821240847514368
star,60,correlated,0.15,3.0,edge_bipolar,2,0-28,2.9999999999999996,278.99999999999994,31.0,0.9999999999999986,60.0,0.5166666666666667,14.57061663095705,0.0106,0.010000000002094611,1.0,1.0,0.0,278.99999999999994,279.56182607290634,0.5618260729063991
star,60,correlated,0.15,3.0,high_frequency,2,lambda_max,3.0000000000000004,540.0000000000002,60.0,0.9999999999999986,60.0,1.0,14.57061663095705,0.0106,0.010000000002094611,1.0,1.0,0.0,540.0000000000002,541.2867388514899,1.2867388514896447
star,60,correlated,0.15,0.75,constant,3,all,0.7500000000000002,4.2998752849492583e-17,7.644222728798677e-17,0.9999999999999986,60.0,1.2740371214664462e-18,14.57061663095705,0.0122,0.010000000002094611,0.0086,0.010000000002094611,-0.0014000000020946111,4.2998752849492583e-17,-0.005420153587148757,-0.0054201535871488005
star,60,correlated,0.15,0.75,fiedler,3,fiedler,0.75,0.5625,1.0,0.9999999999999986,60.0,0.016666666666666666,14.57061663095705,0.0122,0.010000000002094611,0.011,0.01173435281360663,-0.0007343528136066306,0.5625,0.5191246091977311,-0.04337539080226893
star,60,correlated,0.15,0.75,cluster,3,28;0;1;2;3;4;5;6;7;8;9;10,0.7500000000000001,2.25,3.9999999999999982,0.9999999999999986,60.0,0.06666666666666664,14.57061663095705,0.0122,0.010000000002094611,0.0574,0.05741016628604623,-1.0166286046227324e-05,2.25,2.307163586966177,0.05716358696617707
star,60,correlated,0.15,0.75,point,3,26,0.75,0.5625,1.0,0.9999999999999986,60.0,0.016666666666666666,14.57061663095705,0.0122,0.010000000002094611,0.0112,0.011902026879529404,-0.0007020268795294039,0.5625,0.5454499017971934,-0.017050098202806563
star,60,correlated,0.15,0.75,edge_bipolar,3,0-56,0.7499999999999999,17.437499999999996,31.0,0.9999999999999986,60.0,0.5166666666666667,14.57061663095705,0.0122,0.010000000002094611,0.6448,0.6468247117124004,-0.0020247117124003733,17.437499999999996,17.335512394645384,-0.10198760535461204
star,60,correlated,0.15,0.75,high_frequency,3,lambda_max,0.7500000000000001,33.750000000000014,60.0,0.9999999999999986,60.0,1.0,14.57061663095705,0.0122,0.010000000002094611,0.9392,0.9366302770792703,0.0025697229207297667,33.750000000000014,33.916196277990515,0.16619627799050107
star,60,correlated,0.15,1.5,constant,3,all,1.5000000000000004,1.7199501139797033e-16,7.644222728798677e-17,0.9999999999999986,60.0,1.2740371214664462e-18,14.57061663095705,0.0122,0.010000000002094611,0.0088,0.010000000002094611,-0.0012000000020946106,1.7199501139797033e-16,-0.07083696792509198,-0.07083696792509214
star,60,correlated,0.15,1.5,fiedler,3,fiedler,1.5,2.25,1.0,0.9999999999999986,60.0,0.016666666666666666,14.57061663095705,0.0122,0.010000000002094611,0.018,0.019046282567034112,-0.0010462825670341132,2.25,2.1512643529408546,-0.09873564705914539
star,60,correlated,0.15,1.5,cluster,3,22;0;1;2;3;4;5;6;7;8;9;10,1.5000000000000002,9.0,3.9999999999999982,0.9999999999999986,60.0,0.06666666666666664,14.57061663095705,0.0122,0.010000000002094611,0.301,0.30992090185163756,-0.008920901851637575,9.0,8.933266507937178,-0.06673349206282175
star,60,correlated,0.15,1.5,point,3,17,1.5,2.25,1.0,0.9999999999999986,60.0,0.016666666666666666,14.57061663095705,0.0122,0.010000000002094611,0.0154,0.01996917909730639,-0.004569179097306388,2.25,2.1609402460884803,-0.08905975391151966
star,60,correlated,0.15,1.5,edge_bipolar,3,0-52,1.4999999999999998,69.74999999999999,31.0,0.9999999999999986,60.0,0.5166666666666667,14.57061663095705,0.0122,0.010000000002094611,0.9992,0.9996420551626135,-0.0004420551626135305,69.74999999999999,70.23817908465449,0.48817908465450444
star,60,correlated,0.15,1.5,high_frequency,3,lambda_max,1.5000000000000002,135.00000000000006,60.0,0.9999999999999986,60.0,1.0,14.57061663095705,0.0122,0.010000000002094611,1.0,0.9999999909910435,9.00895646971378e-09,135.00000000000006,133.8398259588422,-1.160174041157859
star,60,correlated,0.15,3.0,constant,3,all,3.000000000000001,6.879800455918813e-16,7.644222728798677e-17,0.9999999999999986,60.0,1.2740371214664462e-18,14.57061663095705,0.0122,0.010000000002094611,0.0116,0.010000000002094611,0.001599999997905388,6.879800455918813e-16,0.03213565821918296,0.032135658219182274
star,60,correlated,0.15,3.0,fiedler,3,fiedler,3.0,9.0,1.0,0.9999999999999986,60.0,0.016666666666666666,14.57061663095705,0.0122,0.010000000002094611,0.1506,0.15055197426463784,4.8025735362167143e-05,9.0,8.983420779565977,-0.016579220434023156
star,60,correlated,0.15,3.0,cluster,3,12;0;1;2;3;4;5;6;7;8;9;10,3.0000000000000004,36.0,3.9999999999999982,0.9999999999999986,60.0,0.06666666666666664,14.57061663095705,0.0122,0.010000000002094611,0.9748,0.9772872658923994,-0.0024872658923994484,36.0,36.22770261018243,0.22770261018243332
star,60,correlated,0.15,3.0,point,3,46,3.0,9.0,1.0,0.9999999999999986,60.0,0.016666666666666666,14.57061663095705,0.0122,0.010000000002094611,0.1538,0.15776702007029791,-0.003967020070297922,9.0,8.997073797891092,-0.002926202108907816
star,60,correlated,0.15,3.0,edge_bipolar,3,0-29,2.9999999999999996,278.99999999999994,31.0,0.9999999999999986,60.0,0.5166666666666667,14.57061663095705,0.0122,0.010000000002094611,1.0,1.0,0.0,278.99999999999994,279.41611476195345,0.4161147619535086
star,60,correlated,0.15,3.0,high_frequency,3,lambda_max,3.0000000000000004,540.0000000000002,60.0,0.9999999999999986,60.0,1.0,14.57061663095705,0.0122,0.010000000002094611,1.0,1.0,0.0,540.0000000000002,540.3181822761242,0.31818227612393457
star,60,correlated,0.3,0.75,constant,0,all,0.7500000000000002,4.2998752849492583e-17,7.644222728798677e-17,0.9999999999999986,60.0,1.2740371214664462e-18,58.2824576324784,0.01,0.010000000002156006,0.0108,0.010000000002156006,0.0007999999978439941,4.2998752849492583e-17,-0.11395820345669172,-0.11395820345669176
star,60,correlated,0.3,0.75,fiedler,0,fiedler,0.75,0.5625,1.0,0.9999999999999986,60.0,0.016666666666666666,58.2824576324784,0.01,0.010000000002156006,0.011,0.01040727374612449,0.0005927262538755092,0.5625,0.5583846252834643,-0.004115374716535669
star,60,correlated,0.3,0.75,cluster,0,10;0;1;2;3;4;5;6;7;8;9;11,0.7500000000000001,2.25,3.9999999999999982,0.9999999999999986,60.0,0.06666666666666664,58.2824576324784,0.01,0.010000000002156006,0.0216,0.019578950794342853,0.002021049205657148,2.25,2.436990437052488,0.1869904370524882
star,60,correlated,0.3,0.75,point,0,28,0.75,0.5625,1.0,0.9999999999999986,60.0,0.016666666666666666,58.2824576324784,0.01,0.010000000002156006,0.007,0.010445852315584703,-0.0034458523155847026,0.5625,0.29883842859495324,-0.26366157140504676
star,60,correlated,0.3,0.75,edge_bipolar,0,0-57,0.7499999999999999,17.437499999999996,31.0,0.9999999999999986,60.0,0.5166666666666667,58.2824576324784,0.01,0.010000000002156006,0.13,0.13433791162257497,-0.004337911622574964,17.437499999999996,16.830426726765776,-0.6070732732342208
star,60,correlated,0.3,0.75,high_frequency,0,lambda_max,0.7500000000000001,33.750000000000014,60.0,0.9999999999999986,60.0,1.0,58.2824576324784,0.01,0.010000000002156006,0.303,0.3000108892098884,0.0029891107901116043,33.750000000000014,33.637106188257206,-0.11289381174280777
star,60,correlated,0.3,1.5,constant,0,all,1.5000000000000004,1.7199501139797033e-16,7.644222728798677e-17,0.9999999999999986,60.0,1.2740371214664462e-18,58.2824576324784,0.01,0.010000000002156006,0.0096,0.010000000002156006,-0.0004000000021560073,1.7199501139797033e-16,0.024116326134734578,0.024116326134734405
star,60,correlated,0.3,1.5,fiedler,0,fiedler,1.5,2.25,1.0,0.9999999999999986,60.0,0.016666666666666666,58.2824576324784,0.01,0.010000000002156006,0.0104,0.01173436141611528,-0.0013343614161152803,2.25,2.02153470845502,-0.22846529154498008
star,60,correlated,0.3,1.5,cluster,0,45;0;1;2;3;4;5;6;7;8;9;10,1.5000000000000002,9.0,3.9999999999999982,0.9999999999999986,60.0,0.06666666666666664,58.2824576324784,0.01,0.010000000002156006,0.0568,0.0574101952863289,-0.000610195286328899,9.0,8.76783004841051,-0.2321699515894906
star,60,correlated,0.3,1.5,point,0,50,1.5,2.25,1.0,0.9999999999999986,60.0,0.016666666666666666,58.2824576324784,0.01,0.010000000002156006,0.01,0.011902035838965264,-0.0019020358389652634,2.25,1.8869275497397773,-0.3630724502602227
star,60,correlated,0.3,1.5,edge_bipolar,0,0-47,1.4999999999999998,69.74999999999999,31.0,0.9999999999999986,60.0,0.5166666666666667,58.2824576324784,0.01,0.010000000002156006,0.637,0.6468247921617103,-0.009824792161710283,69.74999999999999,69.69491563062368,-0.05508436937630279
star,60,correlated,0.3,1.5,high_frequency,0,lambda_max,1.5000000000000002,135.00000000000006,60.0,0.9999999999999986,60.0,1.0,58.2824576324784,0.01,0.010000000002156006,0.9338,0.9366303056652394,-0.002830305665239452,135.00000000000006,133.68483891326878,-1.3151610867312797
star,60,correlated,0.3,3.0,constant,0,all,3.000000000000001,6.879800455918813e-16,7.644222728798677e-17,0.9999999999999986,60.0,1.2740371214664462e-18,58.2824576324784,0.01,0.010000000002156006,0.0098,0.010000000002156006,-0.0002000000021560068,6.879800455918813e-16,0.009892613469057565,0.009892613469056876
star,60,correlated,0.3,3.0,fiedler,0,fiedler,3.0,9.0,1.0,0.9999999999999986,60.0,0.016666666666666666,58.2824576324784,0.01,0.010000000002156006,0.0214,0.019046292337187798,0.002353707662812201,9.0,9.218304043902215,0.21830404390221503
star,60,correlated,0.3,3.0,cluster,0,27;0;1;2;3;4;5;6;7;8;9;10,3.0000000000000004,36.0,3.9999999999999982,0.9999999999999986,60.0,0.06666666666666664,58.2824576324784,0.01,0.010000000002156006,0.2986,0.30992098307968136,-0.01132098307968138,36.0,35.10680113807041,-0.8931988619295907
star,60,correlated,0.3,3.0,point,0,26,3.0,9.0,1.0,0.9999999999999986,60.0,0.016666666666666666,58.2824576324784,0.01,0.010000000002156006,0.0178,0.01996918971878353,-0.002169189718783531,9.0,8.861276059034342,-0.138723940965658
star,60,correlated,0.3,3.0,edge_bipolar,0,0-6,2.9999999999999996,278.99999999999994,31.0,0.9999999999999986,60.0,0.5166666666666667,58.2824576324784,0.01,0.010000000002156006,0.9994,0.9996420576154067,-0.0002420576154067433,278.99999999999994,277.680388598759,-1.319611401240934
star,60,correlated,0.3,3.0,high_frequency,0,lambda_max,3.0000000000000004,540.0000000000002,60.0,0.9999999999999986,60.0,1.0,58.2824576324784,0.01,0.010000000002156006,1.0,0.9999999909910551,9.008944923394324e-09,540.0000000000002,539.7225475708963,-0.27745242910395973
star,60,correlated,0.3,0.75,constant,1,all,0.7500000000000002,4.2998752849492583e-17,7.644222728798677e-17,0.9999999999999986,60.0,1.2740371214664462e-18,58.2824576324784,0.0122,0.010000000002156006,0.0076,0.010000000002156006,-0.0024000000021560065,4.2998752849492583e-17,-0.23541723540431292,-0.23541723540431297
star,60,correlated,0.3,0.75,fiedler,1,fiedler,0.75,0.5625,1.0,0.9999999999999986,60.0,0.016666666666666666,58.2824576324784,0.0122,0.010000000002156006,0.0092,0.01040727374612449,-0.0012072737461244903,0.5625,0.4932139442858947,-0.06928605571410529
star,60,correlated,0.3,0.75,cluster,1,0;1;2;3;4;5;6;7;8;9;10;11,0.7500000000000001,2.25,3.9999999999999982,0.9999999999999986,60.0,0.06666666666666664,58.2824576324784,0.0122,0.010000000002156006,0.0214,0.019578950794342853,0.0018210492056571458,2.25,2.383414341681041,0.13341434168104094
star,60,correlated,0.3,0.75,point,1,23,0.75,0.5625,1.0,0.9999999999999986,60.0,0.016666666666666666,58.2824576324784,0.0122,0.010000000002156006,0.012,0.010445852315584703,0.0015541476844152975,0.5625,0.7985751624879267,0.2360751624879267
star,60,correlated,0.3,0.75,edge_bipolar,1,0-26,0.7499999999999999,17.437499999999996,31.0,0.9999999999999986,60.0,0.5166666666666667,58.2824576324784,0.0122,0.010000000002156006,0.1426,0.13433791162257497,0.008262088377425036,17.437499999999996,17.964731021879526,0.5272310218795297
star,60,correlated,0.3,0.75,high_frequency,1,lambda_max,0.7500000000000001,33.750000000000014,60.0,0.9999999999999986,60.0,1.0,58.2824576324784,0.0122,0.010000000002156006,0.3046,0.3000108892098884,0.004589110790111595,33.750000000000014,33.816887828440436,0.06688782844042152
star,60,correlated,0.3,1.5,constant,1,all,1.5000000000000004,1.7199501139797033e-16,7.644222728798677e-17,0.9999999999999986,60.0,1.2740371214664462e-18,58.2824576324784,0.0122,0.010000000002156006,0.0098,0.010000000002156006,-0.0002000000021560068,1.7199501139797033e-16,-0.03904033927099171,-0.03904033927099188
star,60,correlated,0.3,1.5,fiedler,1,fiedler,1.5,2.25,1.0,0.9999999999999986,60.0,0.016666666666666666,58.2824576324784,0.0122,0.010000000002156006,0.0116,0.01173436141611528,-0.00013436141611528063,2.25,2.4447117082255385,0.19471170822553852
star,60,correlated,0.3,1.5,cluster,1,26;0;1;2;3;4;5;6;7;8;9;10,1.5000000000000002,9.0,3.9999999999999982,0.9999999999999986,60.0,0.06666666666666664,58.2824576324784,0.0122,0.010000000002156006,0.0578,0.05741019528632879,0.000389804713671206,9.0,9.03355852520459,0.03355852520459024
star,60,correlated,0.3,1.5,point,1,34,1.5,2.25,1.0,0.9999999999999986,60.0,0.016666666666666666,58.2824576324784,0.0122,0.010000000002156006,0.0094,0.011902035838965264,-0.0025020358389652633,2.25,2.114859074675387,-0.1351409253246132
star,60,correlated,0.3,1.5,edge_bipolar,1,0-36,1.4999999999999998,69.74999999999999,31.0,0.9999999999999986,60.0,0.5166666666666667,58.2824576324784,0.0122,0.010000000002156006,0.6522,0.646824792161711,0.005375207838289042,69.74999999999999,70.12022487324299,0.37022487324300357
star,60,correlated,0.3,1.5,high_frequency,1,lambda_max,1.5000000000000002,135.00000000000006,60.0,0.9999999999999986,60.0,1.0,58.2824576324784,0.0122,0.010000000002156006,0.9358,0.9366303056652394,-0.0008303056652394503,135.00000000000006,133.53665711430023,-1.4633428856998307
star,60,correlated,0.3,3.0,constant,1,all,3.000000000000001,6.879800455918813e-16,7.644222728798677e-17,0.9999999999999986,60.0,1.2740371214664462e-18,58.2824576324784,0.0122,0.010000000002156006,0.0096,0.010000000002156006,-0.0004000000021560073,6.879800455918813e-16,0.153654446430032,0.15365444643003132
star,60,correlated,0.3,3.0,fiedler,1,fiedler,3.0,9.0,1.0,0.9999999999999986,60.0,0.016666666666666666,58.2824576324784,0.0122,0.010000000002156006,0.019,0.019046292337187798,-4.629233718779838e-05,9.0,9.04261837860938,0.04261837860937945
star,60,correlated,0.3,3.0,cluster,1,7;0;1;2;3;4;5;6;8;9;10;11,3.0000000000000004,36.0,3.9999999999999982,0.9999999999999986,60.0,0.06666666666666664,58.2824576324784,0.0122,0.010000000002156006,0.3134,0.3099209830796804,0.0034790169203195997,36.0,36.168218022535385,0.16821802253538465
star,60,correlated,0.3,3.0,point,1,43,3.0,9.0,1.0,0.9999999999999986,60.0,0.016666666666666666,58.2824576324784,0.0122,0.010000000002156006,0.0218,0.01996918971878342,0.00183081028121658,9.0,9.422171249073397,0.4221712490733971
star,60,correlated,0.3,3.0,edge_bipolar,1,0-36,2.9999999999999996,278.99999999999994,31.0,0.9999999999999986,60.0,0.5166666666666667,58.2824576324784,0.0122,0.010000000002156006,0.9998,0.9996420576154067,0.00015794238459332366,278.99999999999994,277.63247293286616,-1.3675270671337785
star,60,correlated,0.3,3.0,high_frequency,1,lambda_max,3.0000000000000004,540.0000000000002,60.0,0.9999999999999986,60.0,1.0,58.2824576324784,0.0122,0.010000000002156006,1.0,0.9999999909910551,9.008944923394324e-09,540.0000000000002,538.9401291831159,-1.0598708168843132
star,60,correlated,0.3,0.75,constant,2,all,0.7500000000000002,4.2998752849492583e-17,7.644222728798677e-17,0.9999999999999986,60.0,1.2740371214664462e-18,58.2824576324784,0.0082,0.010000000002156006,0.01,0.010000000002156006,-2.1560062762882026e-12,4.2998752849492583e-17,0.042564218956835376,0.042564218956835334
star,60,correlated,0.3,0.75,fiedler,2,fiedler,0.75,0.5625,1.0,0.9999999999999986,60.0,0.016666666666666666,58.2824576324784,0.0082,0.010000000002156006,0.0096,0.01040727374612449,-0.000807273746124491,0.5625,0.5261408800978078,-0.036359119902192205
star,60,correlated,0.3,0.75,cluster,2,25;0;1;2;3;4;5;6;7;8;9;10,0.7500000000000001,2.25,3.9999999999999982,0.9999999999999986,60.0,0.06666666666666664,58.2824576324784,0.0082,0.010000000002156006,0.0176,0.019578950794343075,-0.001978950794343074,2.25,2.0210062678705256,-0.22899373212947438
star,60,correlated,0.3,0.75,point,2,20,0.75,0.5625,1.0,0.9999999999999986,60.0,0.016666666666666666,58.2824576324784,0.0082,0.010000000002156006,0.0124,0.010445852315584703,0.001954147684415297,0.5625,0.7421734745915991,0.1796734745915991
star,60,correlated,0.3,0.75,edge_bipolar,2,0-6,0.7499999999999999,17.437499999999996,31.0,0.9999999999999986,60.0,0.5166666666666667,58.2824576324784,0.0082,0.010000000002156006,0.1282,0.13433791162257497,-0.00613791162257496,17.437499999999996,17.045416645142396,-0.3920833548576006
star,60,correlated,0.3,0.75,high_frequency,2,lambda_max,0.7500000000000001,33.750000000000014,60.0,0.9999999999999986,60.0,1.0,58.2824576324784,0.0082,0.010000000002156006,0.2942,0.3000108892098884,-0.00581088920988837,33.750000000000014,33.85875832781093,0.10875832781091788
star,60,correlated,0.3,1.5,constant,2,all,1.5000000000000004,1.7199501139797033e-16,7.644222728798677e-17,0.9999999999999986,60.0,1.2740371214664462e-18,58.2824576324784,0.0082,0.010000000002156006,0.0108,0.010000000002156006,0.0007999999978439941,1.7199501139797033e-16,0.08335635743753755,0.08335635743753739
star,60,correlated,0.3,1.5,fiedler,2,fiedler,1.5,2.25,1.0,0.9999999999999986,60.0,0.016666666666666666,58.2824576324784,0.0082,0.010000000002156006,0.0124,0.01173436141611528,0.0006656385838847197,2.25,2.3250422039042498,0.07504220390424976
star,60,correlated,0.3,1.5,cluster,2,47;0;1;2;3;4;5;6;7;8;9;10,1.5000000000000002,9.0,3.9999999999999982,0.9999999999999986,60.0,0.06666666666666664,58.2824576324784,0.0082,0.010000000002156006,0.0564,0.0574101952863289,-0.0010101952863289035,9.0,8.848026361382278,-0.15197363861772217
star,60,correlated,0.3,1.5,point,2,42,1.5,2.25,1.0,0.9999999999999986,60.0,0.016666666666666666,58.2824576324784,0.0082,0.010000000002156006,0.012,0.011902035838965264,9.796416103473662e-05,2.25,2.0547900317713754,-0.19520996822862458
star,60,correlated,0.3,1.5,edge_bipolar,2,0-12,1.4999999999999998,69.74999999999999,31.0,0.9999999999999986,60.0,0.5166666666666667,58.2824576324784,0.0082,0.010000000002156006,0.6408,0.6468247921617106,-0.00602479216171059,69.74999999999999,68.95576147045176,-0.7942385295482239
star,60,correlated,0.3,1.5,high_frequency,2,lambda_max,1.5000000000000002,135.00000000000006,60.0,0.9999999999999986,60.0,1.0,58.2824576324784,0.0082,0.010000000002156006,0.9432,0.9366303056652394,0.006569694334760623,135.00000000000006,135.34775369685536,0.34775369685530677
star,60,correlated,0.3,3.0,constant,2,all,3.000000000000001,6.879800455918813e-16,7.644222728798677e-17,0.9999999999999986,60.0,1.2740371214664462e-18,58.2824576324784,0.0082,0.010000000002156006,0.0072,0.010000000002156006,-0.0028000000021560067,6.879800455918813e-16,-0.019760728868430277,-0.019760728868430964
star,60,correlated,0.3,3.0,fiedler,2,fiedler,3.0,9.0,1.0,0.9999999999999986,60.0,0.016666666666666666,58.2824576324784,0.0082,0.010000000002156006,0.016,0.019046292337187798,-0.0030462923371877976,9.0,8.865930635740686,-0.13406936425931448
star,60,correlated,0.3,3.0,cluster,2,41;0;1;2;3;4;5;6;7;8;9;10,3.0000000000000004,36.0,3.9999999999999982,0.9999999999999986,60.0,0.06666666666666664,58.2824576324784,0.0082,0.010000000002156006,0.3138,0.3099209830796813,0.003879016920318723,36.0,35.581068953835356,-0.41893104616464427
star,60,correlated,0.3,3.0,point,2,25,3.0,9.0,1.0,0.9999999999999986,60.0,0.016666666666666666,58.2824576324784,0.0082,0.010000000002156006,0.0184,0.01996918971878353,-0.0015691897187835313,9.0,9.094005222380641,0.09400522238064113
star,60,correlated,0.3,3.0,edge_bipolar,2,0-16,2.9999999999999996,278.99999999999994,31.0,0.9999999999999986,60.0,0.5166666666666667,58.2824576324784,0.0082,0.010000000002156006,0.9998,0.9996420576154067,0.00015794238459332366,278.99999999999994,278.7323867825961,-0.26761321740383437
star,60,correlated,0.3,3.0,high_frequency,2,lambda_max,3.0000000000000004,540.0000000000002,60.0,0.9999999999999986,60.0,1.0,58.2824576324784,0.0082,0.010000000002156006,1.0,0.9999999909910551,9.008944923394324e-09,540.0000000000002,540.1868232847651,0.18682328476484145
star,60,correlated,0.3,0.75,constant,3,all,0.7500000000000002,4.2998752849492583e-17,7.644222728798677e-17,0.9999999999999986,60.0,1.2740371214664462e-18,58.2824576324784,0.0106,0.010000000002156006,0.009,0.010000000002156006,-0.0010000000021560072,4.2998752849492583e-17,-0.030244641287373142,-0.030244641287373183
star,60,correlated,0.3,0.75,fiedler,3,fiedler,0.75,0.5625,1.0,0.9999999999999986,60.0,0.016666666666666666,58.2824576324784,0.0106,0.010000000002156006,0.012,0.01040727374612449,0.00159272625387551,0.5625,0.7798373631350675,0.21733736313506746
star,60,correlated,0.3,0.75,cluster,3,24;0;1;2;3;4;5;6;7;8;9;10,0.7500000000000001,2.25,3.9999999999999982,0.9999999999999986,60.0,0.06666666666666664,58.2824576324784,0.0106,0.010000000002156006,0.0202,0.01957895079434291,0.0006210492056570906,2.25,2.4230221394717244,0.1730221394717244
star,60,correlated,0.3,0.75,point,3,22,0.75,0.5625,1.0,0.9999999999999986,60.0,0.016666666666666666,58.2824576324784,0.0106,0.010000000002156006,0.0108,0.010445852315584703,0.00035414768441529784,0.5625,0.32092400086352235,-0.24157599913647765
star,60,correlated,0.3,0.75,edge_bipolar,3,0-38,0.7499999999999999,17.437499999999996,31.0,0.9999999999999986,60.0,0.5166666666666667,58.2824576324784,0.0106,0.010000000002156006,0.1356,0.13433791162257497,0.0012620883774250302,17.437499999999996,17.293805101072522,-0.14369489892747467
star,60,correlated,0.3,0.75,high_frequency,3,lambda_max,0.7500000000000001,33.750000000000014,60.0,0.9999999999999986,60.0,1.0,58.2824576324784,0.0106,0.010000000002156006,0.3006,0.3000108892098884,0.0005891107901115911,33.750000000000014,33.667970046101516,-0.08202995389849832
star,60,correlated,0.3,1.5,constant,3,all,1.5000000000000004,1.7199501139797033e-16,7.644222728798677e-17,0.9999999999999986,60.0,1.2740371214664462e-18,58.2824576324784,0.0106,0.010000000002156006,0.011,0.010000000002156006,0.0009999999978439929,1.7199501139797033e-16,-0.01008130638760285,-0.010081306387603023
star,60,correlated,0.3,1.5,fiedler,3,fiedler,1.5,2.25,1.0,0.9999999999999986,60.0,0.016666666666666666,58.2824576324784,0.0106,0.010000000002156006,0.0126,0.01173436141611528,0.0008656385838847203,2.25,2.1285467889367435,-0.12145321106325646
star,60,correlated,0.3,1.5,cluster,3,35;0;1;2;3;4;5;6;7;8;9;10,1.5000000000000002,9.0,3.9999999999999982,0.9999999999999986,60.0,0.06666666666666664,58.2824576324784,0.0106,0.010000000002156006,0.0552,0.05741019528632879,-0.002210195286328792,9.0,8.53156671926343,-0.4684332807365692
star,60,correlated,0.3,1.5,point,3,54,1.5,2.25,1.0,0.9999999999999986,60.0,0.016666666666666666,58.2824576324784,0.0106,0.010000000002156006,0.0086,0.011902035838965264,-0.0033020358389652636,2.25,2.1775109713848266,-0.07248902861517337
star,60,correlated,0.3,1.5,edge_bipolar,3,0-20,1.4999999999999998,69.74999999999999,31.0,0.9999999999999986,60.0,0.5166666666666667,58.2824576324784,0.0106,0.010000000002156006,0.6422,0.646824792161711,-0.004624792161710967,69.74999999999999,69.21218540388077,-0.5378145961192189
star,60,correlated,0.3,1.5,high_frequency,3,lambda_max,1.5000000000000002,135.00000000000006,60.0,0.9999999999999986,60.0,1.0,58.2824576324784,0.0106,0.010000000002156006,0.941,0.9366303056652394,0.004369694334760532,135.00000000000006,135.0700445139713,0.07004451397125422
star,60,correlated,0.3,3.0,constant,3,all,3.000000000000001,6.879800455918813e-16,7.644222728798677e-17,0.9999999999999986,60.0,1.2740371214664462e-18,58.2824576324784,0.0106,0.010000000002156006,0.0082,0.010000000002156006,-0.0018000000021560058,6.879800455918813e-16,-0.2819853627775952,-0.2819853627775959
star,60,correlated,0.3,3.0,fiedler,3,fiedler,3.0,9.0,1.0,0.9999999999999986,60.0,0.016666666666666666,58.2824576324784,0.0106,0.010000000002156006,0.0178,0.019046292337187798,-0.001246292337187798,9.0,8.820195312757132,-0.1798046872428678
star,60,correlated,0.3,3.0,cluster,3,2;0;1;3;4;5;6;7;8;9;10;11,3.0000000000000004,36.0,3.9999999999999982,0.9999999999999986,60.0,0.06666666666666664,58.2824576324784,0.0106,0.010000000002156006,0.3052,0.3099209830796804,-0.004720983079680385,36.0,35.879389243408504,-0.12061075659149623
star,60,correlated,0.3,3.0,point,3,48,3.0,9.0,1.0,0.9999999999999986,60.0,0.016666666666666666,58.2824576324784,0.0106,0.010000000002156006,0.0192,0.01996918971878342,-0.0007691897187834217,9.0,9.062721258783448,0.06272125878344781
star,60,correlated,0.3,3.0,edge_bipolar,3,0-52,2.9999999999999996,278.99999999999994,31.0,0.9999999999999986,60.0,0.5166666666666667,58.2824576324784,0.0106,0.010000000002156006,0.9994,0.9996420576154067,-0.0002420576154067433,278.99999999999994,277.65557036868654,-1.3444296313134032
star,60,correlated,0.3,3.0,high_frequency,3,lambda_max,3.0000000000000004,540.0000000000002,60.0,0.9999999999999986,60.0,1.0,58.2824576324784,0.0106,0.010000000002156006,1.0,0.9999999909910551,9.008944923394324e-09,540.0000000000002,539.6444237543865,-0.35557624561374723
random_geometric,20,iid,0.15,0.75,constant,0,all,0.7499999999999999,3.5841586837507504e-16,6.371837660001335e-16,4.565967670133949,19.084242646508848,3.3387951400664875e-17,11.464551061549821,0.0116,0.009999999999927567,0.01,0.009999999999927567,7.243337873941158e-14,3.5841586837507504e-16,0.028354202561798658,0.0283542025617983
random_geometric,20,iid,0.15,0.75,fiedler,0,fiedler,0.75,2.5683568144503486,4.565967670133953,4.565967670133949,19.084242646508848,0.23925328108156405,11.464551061549821,0.0116,0.009999999999927567,0.087,0.09402012278753785,-0.007020122787537858,2.5683568144503486,2.524781477524396,-0.04357533692595261
random_geometric,20,iid,0.15,0.75,cluster,0,0;1;2;3,0.75,6.328125,11.25,4.565967670133949,19.084242646508848,0.5894915616186637,11.464551061549821,0.0116,0.009999999999927567,0.5446,0.5469372067501612,-0.002337206750161247,6.328125,6.298724698980083,-0.029400301019917308
random_geometric,20,iid,0.15,0.75,point,0,16,0.75,3.9375,7.0,4.565967670133949,19.084242646508848,0.36679474945161294,11.464551061549821,0.0116,0.009999999999927567,0.247,0.24283138471894666,0.004168615281053334,3.9375,3.943247782787102,0.005747782787102196
random_geometric,20,iid,0.15,0.75,edge_bipolar,0,11-18,0.7499999999999999,7.312499999999998,13.0,4.565967670133949,19.084242646508848,0.6811902489815669,11.464551061549821,0.0116,0.009999999999927567,0.671,0.6596961583980085,0.011303841601991493,7.312499999999998,7.35740566642175,0.04490566642175153
random_geometric,20,iid,0.15,0.75,high_frequency,0,lambda_max,0.7500000000000001,10.734886488661228,19.084242646508844,4.565967670133949,19.084242646508848,0.9999999999999998,11.464551061549821,0.0116,0.009999999999927567,0.8652,0.8669001826171274,-0.0017001826171274548,10.734886488661228,10.688030889215566,-0.046855599445661866
random_geometric,20,iid,0.15,1.5,constant,0,all,1.4999999999999998,1.4336634735003002e-15,6.371837660001335e-16,4.565967670133949,19.084242646508848,3.3387951400664875e-17,11.464551061549821,0.0116,0.009999999999927567,0.01,0.009999999999927567,7.243337873941158e-14,1.4336634735003002e-15,0.026370360396094306,0.026370360396092873
random_geometric,20,iid,0.15,1.5,fiedler,0,fiedler,1.5,10.273427257801394,4.565967670133953,4.565967670133949,19.084242646508848,0.23925328108156405,11.464551061549821,0.0116,0.009999999999927567,0.9594,0.9606423838195488,-0.0012423838195487757,10.273427257801394,10.238967758389657,-0.03445949941173687
random_geometric,20,iid,0.15,1.5,cluster,0,12;0;1;2,1.5,26.4375,11.75,4.565967670133949,19.084242646508848,0.6156911865794932,11.464551061549821,0.0116,0.009999999999927567,1.0,0.9999830693496691,1.6930650330926333e-05,26.4375,26.50612712785677,0.06862712785677161
random_geometric,20,iid,0.15,1.5,point,0,12,1.5,36.0,16.0,4.565967670133949,19.084242646508848,0.8383879987465439,11.464551061549821,0.0116,0.009999999999927567,1.0,0.9999999243280416,7.567195836610807e-08,36.0,36.19751593858101,0.19751593858101302
random_geometric,20,iid,0.15,1.5,edge_bipolar,0,1-17,1.4999999999999998,34.87499999999999,15.5,4.565967670133949,19.084242646508848,0.8121883737857144,11.464551061549821,0.0116,0.009999999999927567,1.0,0.9999999163253517,8.367464832126359e-08,34.87499999999999,34.83922446011642,-0.035775539883573515
random_geometric,20,iid,0.15,1.5,high_frequency,0,lambda_max,1.5000000000000002,42.93954595464491,19.084242646508844,4.565967670133949,19.084242646508848,0.9999999999999998,11.464551061549821,0.0116,0.009999999999927567,1.0,0.9999999961830178,3.816982174775774e-09,42.93954595464491,42.86188036867313,-0.0776655859717863
random_geometric,20,iid,0.15,3.0,constant,0,all,2.9999999999999996,5.734653894001201e-15,6.371837660001335e-16,4.565967670133949,19.084242646508848,3.3387951400664875e-17,11.464551061549821,0.0116,0.009999999999927567,0.0094,0.009999999999927567,-0.0005999999999275665,5.734653894001201e-15,-0.0657071122261339,-0.06570711222613963
random_geometric,20,iid,0.15,3.0,fiedler,0,fiedler,3.0,41.09370903120558,4.565967670133953,4.565967670133949,19.084242646508848,0.23925328108156405,11.464551061549821,0.0116,0.009999999999927567,1.0,1.0,0.0,41.09370903120558,41.071885663687866,-0.021823367517711745
random_geometric,20,iid,0.15,3.0,cluster,0,12;0;1;2,3.0,105.75,11.75,4.565967670133949,19.084242646508848,0.6156911865794932,11.464551061549821,0.0116,0.009999999999927567,1.0,1.0,0.0,105.75,106.07655827581003,0.3265582758100294
random_geometric,20,iid,0.15,3.0,point,0,9,3.0,135.0,15.0,4.565967670133949,19.084242646508848,0.7859887488248849,11.464551061549821,0.0116,0.009999999999927567,1.0,0.9999999999999537,4.629630012686903e-14,135.0,134.85306353107595,-0.14693646892405354
random_geometric,20,iid,0.15,3.0,edge_bipolar,0,1-9,2.9999999999999996,125.99999999999997,14.0,4.565967670133949,19.084242646508848,0.7335894989032259,11.464551061549821,0.0116,0.009999999999927567,1.0,1.0,0.0,125.99999999999997,126.16208375047165,0.16208375047168033
random_geometric,20,iid,0.15,3.0,high_frequency,0,lambda_max,3.0000000000000004,171.75818381857965,19.084242646508844,4.565967670133949,19.084242646508848,0.9999999999999998,11.464551061549821,0.0116,0.009999999999927567,1.0,0.9999999999999967,3.3306690738754696e-15,171.75818381857965,171.8987370001268,0.1405531815471477
random_geometric,20,iid,0.15,0.75,constant,1,all,0.7499999999999999,3.5376111683773643e-16,6.28908652155976e-16,4.141853027437708,19.028782336746193,3.305038867050889e-17,11.438501227775506,0.0096,0.009999999999898923,0.0118,0.009999999999898923,0.0018000000001010766,3.5376111683773643e-16,0.024866105456817778,0.024866105456817424
random_geometric,20,iid,0.15,0.75,fiedler,1,fiedler,0.7500000000000001,2.329792327933715,4.1418530274377146,4.141853027437708,19.028782336746193,0.21766253636941577,11.438501227775506,0.0096,0.009999999999898923,0.0808,0.07661907960458503,0.004180920395414969,2.329792327933715,2.3815814318132107,0.051789103879495535
random_geometric,20,iid,0.15,0.75,cluster,1,8;0;1;2,0.75,5.625,10.0,4.141853027437708,19.028782336746193,0.5255197007897426,11.438501227775506,0.0096,0.009999999999898923,0.465,0.46368014924422396,0.0013198507557760641,5.625,5.626565347882383,0.0015653478823827172
random_geometric,20,iid,0.15,0.75,point,1,12,0.75,8.4375,15.0,4.141853027437708,19.028782336746193,0.788279551184614,11.438501227775506,0.0096,0.009999999999898923,0.7422,0.7446949925405926,-0.0024949925405926,8.4375,8.476517124112323,0.03901712411232339
random_geometric,20,iid,0.15,0.75,edge_bipolar,1,1-4,0.7499999999999999,4.499999999999999,8.0,4.141853027437708,19.028782336746193,0.42041576063179414,11.438501227775506,0.0096,0.009999999999898923,0.3152,0.3131563012741315,0.002043698725868459,4.499999999999999,4.523690137338405,0.023690137338405748
random_geometric,20,iid,0.15,0.75,high_frequency,1,lambda_max,0.7500000000000001,10.70369006441974,19.028782336746197,4.141853027437708,19.028782336746193,1.0000000000000002,11.438501227775506,0.0096,0.009999999999898923,0.8654,0.864680194310247,0.0007198056897529392,10.70369006441974,10.678516676935285,-0.025173387484455745
random_geometric,20,iid,0.15,1.5,constant,1,all,1.4999999999999998,1.4150444673509457e-15,6.28908652155976e-16,4.141853027437708,19.028782336746193,3.305038867050889e-17,11.438501227775506,0.0096,0.009999999999898923,0.009,0.009999999999898923,-0.0009999999998989238,1.4150444673509457e-15,-0.017176765275675798,-0.017176765275677214
random_geometric,20,iid,0.15,1.5,fiedler,1,fiedler,1.5000000000000002,9.31916931173486,4.1418530274377146,4.141853027437708,19.028782336746193,0.21766253636941577,11.438501227775506,0.0096,0.009999999999898923,0.9214,0.9231318178437032,-0.0017318178437032428,9.31916931173486,9.3557322278375,0.036562916102639065
random_geometric,20,iid,0.15,1.5,cluster,1,10;0;1;2,1.5,24.75,11.0,4.141853027437708,19.028782336746193,0.5780716708687169,11.438501227775506,0.0096,0.009999999999898923,1.0,0.9999600952395866,3.9904760413378426e-05,24.75,24.72491053434846,-0.02508946565153991
random_geometric,20,iid,0.15,1.5,point,1,4,1.5,13.5,6.0,4.141853027437708,19.028782336746193,0.3153118204738456,11.438501227775506,0.0096,0.009999999999898923,0.9926,0.9943380590161737,-0.001738059016173632,13.5,13.508770319718373,0.008770319718372832
random_geometric,20,iid,0.15,1.5,edge_bipolar,1,8-15,1.4999999999999998,37.12499999999999,16.5,4.141853027437708,19.028782336746193,0.8671075063030754,11.438501227775506,0.0096,0.009999999999898923,1.0,0.9999999692800197,3.0719980337323705e-08,37.12499999999999,37.02112537221629,-0.10387462778370349
random_geometric,20,iid,0.15,1.5,high_frequency,1,lambda_max,1.5000000000000002,42.81476025767896,19.028782336746197,4.141853027437708,19.028782336746193,1.0000000000000002,11.438501227775506,0.0096,0.009999999999898923,1.0,0.9999999959550352,4.044964807548013e-09,42.81476025767896,42.864828314986774,0.05006805730781139
random_geometric,20,iid,0.15,3.0,constant,1,all,2.9999999999999996,5.660177869403783e-15,6.28908652155976e-16,4.141853027437708,19.028782336746193,3.305038867050889e-17,11.438501227775506,0.0096,0.009999999999898923,0.01,0.009999999999898923,1.0107713277474062e-13,5.660177869403783e-15,0.006162562861707244,0.006162562861701583
random_geometric,20,iid,0.15,3.0,fiedler,1,fiedler,3.0000000000000004,37.27667724693944,4.1418530274377146,4.141853027437708,19.028782336746193,0.21766253636941577,11.438501227775506,0.0096,0.009999999999898923,1.0,1.0,0.0,37.27667724693944,37.190864361111544,-0.08581288582789881
random_geometric,20,iid,0.15,3.0,cluster,1,19;0;1;2,3.0,99.0,11.0,4.141853027437708,19.028782336746193,0.5780716708687169,11.438501227775506,0.0096,0.009999999999898923,1.0,0.9999999999666154,3.338462839508338e-11,99.0,99.01378383074135,0.013783830741346037
random_geometric,20,iid,0.15,3.0,point,1,16,3.0,126.0,14.0,4.141853027437708,19.028782336746193,0.7357275811056397,11.438501227775506,0.0096,0.009999999999898923,1.0,1.0,0.0,126.0,126.04877297695322,0.048772976953216585
random_geometric,20,iid,0.15,3.0,edge_bipolar,1,12-16,2.9999999999999996,139.49999999999997,15.5,4.141853027437708,19.028782336746193,0.8145555362241012,11.438501227775506,0.0096,0.009999999999898923,1.0,0.9999999999999918,8.215650382226158e-15,139.49999999999997,139.67165003998193,0.17165003998195516
random_geometric,20,iid,0.15,3.0,high_frequency,1,lambda_max,3.0000000000000004,171.25904103071585,19.028782336746197,4.141853027437708,19.028782336746193,1.0000000000000002,11.438501227775506,0.0096,0.009999999999898923,1.0,0.9999999999999964,3.552713678800501e-15,171.25904103071585,171.57171235122715,0.3126713205112992
random_geometric,20,iid,0.15,0.75,constant,2,all,0.7499999999999999,6.795937244514409e-16,1.2081666212470064e-15,1.8558924561794692,18.165413777160662,6.650917155358343e-17,12.195453437451668,0.0106,0.009999999999565634,0.0116,0.009999999999565634,0.001600000000434365,6.795937244514409e-16,0.02446464252917302,0.02446464252917234
random_geometric,20,iid,0.15,0.75,fiedler,2,fiedler,0.7500000000000002,1.0439395066009465,1.8558924561794592,1.8558924561794692,18.165413777160662,0.1021662638102342,12.195453437451668,0.0106,0.009999999999565634,0.0226,0.02364999829292841,-0.0010499982929284106,1.0439395066009465,1.0563107191690468,0.012371212568100365
random_geometric,20,iid,0.15,0.75,cluster,2,12;1;2;3,0.75,6.890625,12.25,1.8558924561794692,18.165413777160662,0.6743584346755647,12.195453437451668,0.0106,0.009999999999565634,0.5538,0.5614871841849427,-0.007687184184942741,6.890625,6.735987351226267,-0.15463764877373265
random_geometric,20,iid,0.15,0.75,point,2,18,0.75,9.5625,17.0,1.8558924561794692,18.165413777160662,0.9358443583252734,12.195453437451668,0.0106,0.009999999999565634,0.7906,0.7804248067687735,0.01017519323122651,9.5625,9.554050225026543,-0.00844977497345667
random_geometric,20,iid,0.15,0.75,edge_bipolar,2,5-13,0.7499999999999999,9.28125,16.500000000000004,1.8558924561794692,18.165413777160662,0.9083195242568831,12.195453437451668,0.0106,0.009999999999565634,0.7616,0.768792890076458,-0.007192890076457958,9.28125,9.285022241599117,0.0037722415991172653
random_geometric,20,iid,0.15,0.75,high_frequency,2,lambda_max,0.7500000000000001,10.218045249652876,18.165413777160662,1.8558924561794692,18.165413777160662,1.0,12.195453437451668,0.0106,0.009999999999565634,0.8212,0.8194619156473142,0.0017380843526858536,10.218045249652876,10.267504820512734,0.04945957085985775
random_geometric,20,iid,0.15,1.5,constant,2,all,1.4999999999999998,2.7183748978057636e-15,1.2081666212470064e-15,1.8558924561794692,18.165413777160662,6.650917155358343e-17,12.195453437451668,0.0106,0.009999999999565634,0.0112,0.009999999999565634,0.0012000000004343658,2.7183748978057636e-15,0.010778820921635734,0.010778820921633016
random_geometric,20,iid,0.15,1.5,fiedler,2,fiedler,1.5000000000000004,4.175758026403786,1.8558924561794592,1.8558924561794692,18.165413777160662,0.1021662638102342,12.195453437451668,0.0106,0.009999999999565634,0.1986,0.2004805861364246,-0.0018805861364246113,4.175758026403786,4.1347066984505645,-0.04105132795322142
random_geometric,20,iid,0.15,1.5,cluster,2,4;1;2;3,1.5,27.0,12.0,1.8558924561794692,18.165413777160662,0.6605960176413694,12.195453437451668,0.0106,0.009999999999565634,1.0,0.9999726633910415,2.7336608958483666e-05,27.0,27.093176744994025,0.09317674499402528
random_geometric,20,iid,0.15,1.5,point,2,3,1.5,33.75,15.0,1.8558924561794692,18.165413777160662,0.8257450220517117,12.195453437451668,0.0106,0.009999999999565634,1.0,0.999999627292588,3.727074120440932e-07,33.75,33.90787605929955,0.1578760592995465
random_geometric,20,iid,0.15,1.5,edge_bipolar,2,3-7,1.4999999999999998,37.125,16.500000000000004,1.8558924561794692,18.165413777160662,0.9083195242568831,12.195453437451668,0.0106,0.009999999999565634,1.0,0.9999999447148797,5.5285120259540577e-08,37.125,37.305426220295566,0.18042622029556554
random_geometric,20,iid,0.15,1.5,high_frequency,2,lambda_max,1.5000000000000002,40.872180998611505,18.165413777160662,1.8558924561794692,18.165413777160662,1.0,12.195453437451668,0.0106,0.009999999999565634,1.0,0.9999999839357165,1.6064283459016337e-08,40.872180998611505,40.74212765548464,-0.13005334312686756
random_geometric,20,iid,0.15,3.0,constant,2,all,2.9999999999999996,1.0873499591223054e-14,1.2081666212470064e-15,1.8558924561794692,18.165413777160662,6.650917155358343e-17,12.195453437451668,0.0106,0.009999999999565634,0.0096,0.009999999999565634,-0.00039999999956563496,1.0873499591223054e-14,-0.02952573065467412,-0.029525730654684994
random_geometric,20,iid,0.15,3.0,fiedler,2,fiedler,3.000000000000001,16.703032105615144,1.8558924561794592,1.8558924561794692,18.165413777160662,0.1021662638102342,12.195453437451668,0.0106,0.009999999999565634,1.0,0.9999998836592526,1.1634074736921463e-07,16.703032105615144,16.642289269228616,-0.06074283638652744
random_geometric,20,iid,0.15,3.0,cluster,2,18;0;1;2,3.0,114.75,12.75,1.8558924561794692,18.165413777160662,0.701883268743955,12.195453437451668,0.0106,0.009999999999565634,1.0,0.9999999999996687,3.312905505481467e-13,114.75,114.85842653196252,0.10842653196252172
random_geometric,20,iid,0.15,3.0,point,2,7,3.0,144.0,16.0,1.8558924561794692,18.165413777160662,0.8807946901884925,12.195453437451668,0.0106,0.009999999999565634,1.0,1.0,0.0,144.0,143.86793744419788,-0.132062555802122
random_geometric,20,iid,0.15,3.0,edge_bipolar,2,4-7,2.9999999999999996,144.0,16.000000000000004,1.8558924561794692,18.165413777160662,0.8807946901884928,12.195453437451668,0.0106,0.009999999999565634,1.0,1.0,0.0,144.0,143.67802769149628,-0.3219723085037174
random_geometric,20,iid,0.15,3.0,high_frequency,2,lambda_max,3.0000000000000004,163.48872399444602,18.165413777160662,1.8558924561794692,18.165413777160662,1.0,12.195453437451668,0.0106,0.009999999999565634,1.0,1.0,0.0,163.48872399444602,163.78155913654686,0.2928351421008415
random_geometric,20,iid,0.15,0.75,constant,3,all,0.7499999999999999,1.3964254612015911e-16,2.4825341532472736e-16,3.1988645423241073,18.144721639868948,1.368185306184286e-17,10.214020440233405,0.0102,0.00999999991919992,0.0092,0.00999999991919992,-0.0007999999191999202,1.3964254612015911e-16,-0.005032533969949959,-0.005032533969950099
random_geometric,20,iid,0.15,0.75,fiedler,3,fiedler,0.75,1.7993613050573072,3.1988645423241016,3.1988645423241073,18.144721639868948,0.17629725083769351,10.214020440233405,0.0102,0.00999999991919992,0.0606,0.05822465867182047,0.0023753413281795283,1.7993613050573072,1.799496793897399,0.00013548884009173534
random_geometric,20,iid,0.15,0.75,cluster,3,0;2;3;4,0.75,5.34375,9.5,3.1988645423241073,18.144721639868948,0.5235682414177071,10.214020440233405,0.0102,0.00999999991919992,0.5166,0.5030885703205179,0.013511429679482045,5.34375,5.3880394685416055,0.04428946854160554
random_geometric,20,iid,0.15,0.75,point,3,19,0.75,7.875,14.0,3.1988645423241073,18.144721639868948,0.7715742505103053,10.214020440233405,0.0102,0.00999999991919992,0.7622,0.7678982020595368,-0.005698202059536861,7.875,7.840583362174608,-0.03441663782539184
random_geometric,20,iid,0.15,0.75,edge_bipolar,3,9-19,0.7499999999999999,6.749999999999998,12.0,3.1988645423241073,18.144721639868948,0.6613493575802616,10.214020440233405,0.0102,0.00999999991919992,0.6656,0.6744973479008105,-0.008897347900810537,6.749999999999998,6.693310900414015,-0.05668909958598345
random_geometric,20,iid,0.15,0.75,high_frequency,3,lambda_max,0.7500000000000001,10.20640592242629,18.144721639868955,3.1988645423241073,18.144721639868948,1.0000000000000004,10.214020440233405,0.0102,0.00999999991919992,0.8852,0.8870894582038558,-0.0018894582038557761,10.20640592242629,10.19316393927047,-0.013241983155820591
random_geometric,20,iid,0.15,1.5,constant,3,all,1.4999999999999998,5.585701844806365e-16,2.4825341532472736e-16,3.1988645423241073,18.144721639868948,1.368185306184286e-17,10.214020440233405,0.0102,0.00999999991919992,0.0106,0.00999999991919992,0.00060000008080008,5.585701844806365e-16,-0.01963593472768288,-0.01963593472768344
random_geometric,20,iid,0.15,1.5,fiedler,3,fiedler,1.5,7.197445220229229,3.1988645423241016,3.1988645423241073,18.144721639868948,0.17629725083769351,10.214020440233405,0.0102,0.00999999991919992,0.8244,0.8291111535964706,-0.004711153596470563,7.197445220229229,7.2099846125492855,0.012539392320056741
random_geometric,20,iid,0.15,1.5,cluster,3,15;3;8;10,1.5,16.3125,7.25,3.1988645423241073,18.144721639868948,0.39956523687140805,10.214020440233405,0.0102,0.00999999991919992,0.9992,0.9987569747076634,0.00044302529233652965,16.3125,16.30704597122851,-0.005454028771488595
random_geometric,20,iid,0.15,1.5,point,3,8,1.5,31.5,14.0,3.1988645423241073,18.144721639868948,0.7715742505103053,10.214020440233405,0.0102,0.00999999991919992,1.0,0.9999998948040966,1.0519590343260887e-07,31.5,31.369018135754306,-0.1309818642456939
random_geometric,20,iid,0.15,1.5,edge_bipolar,3,5-12,1.4999999999999998,33.75,15.000000000000004,3.1988645423241073,18.144721639868948,0.8266866969753273,10.214020440233405,0.0102,0.00999999991919992,1.0,0.9999999761902387,2.3809761273696495e-08,33.75,33.754140630679764,0.004140630679764001
random_geometric,20,iid,0.15,1.5,high_frequency,3,lambda_max,1.5000000000000002,40.82562368970516,18.144721639868955,3.1988645423241073,18.144721639868948,1.0000000000000004,10.214020440233405,0.0102,0.00999999991919992,1.0,0.9999999981966431,1.803356908247622e-09,40.82562368970516,40.72227861472319,-0.10334507498197354
random_geometric,20,iid,0.15,3.0,constant,3,all,2.9999999999999996,2.234280737922546e-15,2.4825341532472736e-16,3.1988645423241073,18.144721639868948,1.368185306184286e-17,10.214020440233405,0.0102,0.00999999991919992,0.0094,0.00999999991919992,-0.0005999999191999197,2.234280737922546e-15,0.03440083407889105,0.03440083407888882
random_geometric,20,iid,0.15,3.0,fiedler,3,fiedler,3.0,28.789780880916915,3.1988645423241016,3.1988645423241073,18.144721639868948,0.17629725083769351,10.214020440233405,0.0102,0.00999999991919992,1.0,1.0,0.0,28.789780880916915,28.753384755677725,-0.03639612523918956
random_geometric,20,iid,0.15,3.0,cluster,3,3;0;2;5,3.0,96.75,10.75,3.1988645423241073,18.144721639868948,0.5924587994989844,10.214020440233405,0.0102,0.00999999991919992,1.0,0.9999999999188637,8.113631988493353e-11,96.75,96.59799333276516,-0.15200666723484346
random_geometric,20,iid,0.15,3.0,point,3,4,3.0,81.0,9.0,3.1988645423241073,18.144721639868948,0.49601201818519625,10.214020440233405,0.0102,0.00999999991919992,1.0,0.9999999999999998,2.220446049250313e-16,81.0,81.09938173061384,0.09938173061384248
random_geometric,20,iid,0.15,3.0,edge_bipolar,3,1-8,2.9999999999999996,112.49999999999997,12.5,3.1988645423241073,18.144721639868948,0.6889055808127725,10.214020440233405,0.0102,0.00999999991919992,1.0,1.0,0.0,112.49999999999997,112.31129872419795,-0.18870127580201768
random_geometric,20,iid,0.15,3.0,high_frequency,3,lambda_max,3.0000000000000004,163.30249475882064,18.144721639868955,3.1988645423241073,18.144721639868948,1.0000000000000004,10.214020440233405,0.0102,0.00999999991919992,1.0,1.0,0.0,163.30249475882064,163.72681973998309,0.4243249811624423
random_geometric,20,iid,0.3,0.75,constant,0,all,0.7499999999999999,-1.861900614935455e-17,-3.310045537663032e-17,5.81555536040761,20.000000000000014,-1.6550227688315149e-18,44.61245500812893,0.0114,0.009999999843367635,0.0104,0.009999999843367635,0.0004000001566323644,-1.861900614935455e-17,-0.19047599969191253,-0.1904759996919125
random_geometric,20,iid,0.3,0.75,fiedler,0,fiedler,0.75,3.2712498902292797,5.8155553604076085,5.81555536040761,20.000000000000014,0.2907777680203802,44.61245500812893,0.0114,0.009999999843367635,0.0234,0.023614270351687894,-0.00021427035168789313,3.2712498902292797,3.3695714259133034,0.09832153568402369
random_geometric,20,iid,0.3,0.75,cluster,0,8;0;1;3,0.75,6.1875,11.0,5.81555536040761,20.000000000000014,0.5499999999999996,44.61245500812893,0.0114,0.009999999843367635,0.0622,0.06482608091532088,-0.0026260809153208844,6.1875,6.0708401378596974,-0.11665986214030255
random_geometric,20,iid,0.3,0.75,point,0,7,0.75,6.75,12.0,5.81555536040761,20.000000000000014,0.5999999999999995,44.61245500812893,0.0114,0.009999999843367635,0.0708,0.0703864571344765,0.00041354286552350294,6.75,6.916669265348034,0.16666926534803395
random_geometric,20,iid,0.3,0.75,edge_bipolar,0,16-18,0.7499999999999999,9.0,16.000000000000004,5.81555536040761,20.000000000000014,0.7999999999999996,44.61245500812893,0.0114,0.009999999843367635,0.1168,0.11871540226678828,-0.0019154022667882825,9.0,8.854235374203686,-0.1457646257963141
random_geometric,20,iid,0.3,0.75,high_frequency,0,lambda_max,0.75,11.250000000000002,20.000000000000004,5.81555536040761,20.000000000000014,0.9999999999999994,44.61245500812893,0.0114,0.009999999843367635,0.18,0.17738450846094966,0.0026154915390503297,11.250000000000002,11.204282758580213,-0.045717241419788834
random_geometric,20,iid,0.3,1.5,constant,0,all,1.4999999999999998,-7.44760245974182e-17,-3.310045537663032e-17,5.81555536040761,20.000000000000014,-1.6550227688315149e-18,44.61245500812893,0.0114,0.009999999843367635,0.0102,0.009999999843367635,0.0002000001566323656,-7.44760245974182e-17,-0.02666446738087558,-0.026664467380875505
random_geometric,20,iid,0.3,1.5,fiedler,0,fiedler,1.5,13.084999560917119,5.8155553604076085,5.81555536040761,20.000000000000014,0.2907777680203802,44.61245500812893,0.0114,0.009999999843367635,0.1684,0.17032891749264917,-0.0019289174926491737,13.084999560917119,12.985253455020164,-0.09974610589695487
random_geometric,20,iid,0.3,1.5,cluster,0,18;0;1;2,1.5,22.5,10.0,5.81555536040761,20.000000000000014,0.49999999999999967,44.61245500812893,0.0114,0.009999999843367635,0.4828,0.488145602753543,-0.005345602753543011,22.5,22.29104863040616,-0.20895136959384075
random_geometric,20,iid,0.3,1.5,point,0,15,1.5,15.75,7.0,5.81555536040761,20.000000000000014,0.34999999999999976,44.61245500812893,0.0114,0.009999999843367635,0.2584,0.25959609140724843,-0.001196091407248412,15.75,15.90093332805553,0.15093332805552961
random_geometric,20,iid,0.3,1.5,edge_bipolar,0,2-13,1.4999999999999998,24.749999999999993,10.999999999999998,5.81555536040761,20.000000000000014,0.5499999999999995,44.61245500812893,0.0114,0.009999999843367635,0.5668,0.5641712456926431,0.002628754307356873,24.749999999999993,24.881349616487107,0.13134961648711396
random_geometric,20,iid,0.3,1.5,high_frequency,0,lambda_max,1.5,45.00000000000001,20.000000000000004,5.81555536040761,20.000000000000014,0.9999999999999994,44.61245500812893,0.0114,0.009999999843367635,0.887,0.8934924641192086,-0.006492464119208563,45.00000000000001,44.68087096538716,-0.3191290346128497
random_geometric,20,iid,0.3,3.0,constant,0,all,2.9999999999999996,-2.979040983896728e-16,-3.310045537663032e-17,5.81555536040761,20.000000000000014,-1.6550227688315149e-18,44.61245500812893,0.0114,0.009999999843367635,0.008,0.009999999843367635,-0.001999999843367635,-2.979040983896728e-16,-0.07916547647627326,-0.07916547647627296
random_geometric,20,iid,0.3,3.0,fiedler,0,fiedler,3.0,52.339998243668475,5.8155553604076085,5.81555536040761,20.000000000000014,0.2907777680203802,44.61245500812893,0.0114,0.009999999843367635,0.9964,0.9960918042529996,0.00030819574700036156,52.339998243668475,52.37311364184377,0.03311539817529763
random_geometric,20,iid,0.3,3.0,cluster,0,8;0;1;3,3.0,99.0,11.0,5.81555536040761,20.000000000000014,0.5499999999999996,44.61245500812893,0.0114,0.009999999843367635,1.0,0.9999782984341876,2.170156581238203e-05,99.0,99.12103719240848,0.12103719240847965
random_geometric,20,iid,0.3,3.0,point,0,3,3.0,108.0,12.0,5.81555536040761,20.000000000000014,0.5999999999999995,44.61245500812893,0.0114,0.009999999843367635,1.0,0.9999981486931011,1.8513068988923465e-06,108.0,107.49107982339304,-0.5089201766069635
random_geometric,20,iid,0.3,3.0,edge_bipolar,0,1-14,2.9999999999999996,121.49999999999999,13.500000000000002,5.81555536040761,20.000000000000014,0.6749999999999996,44.61245500812893,0.0114,0.009999999843367635,1.0,0.9999997718676255,2.2813237454677449e-07,121.49999999999999,121.19984431771032,-0.30015568228967027
random_geometric,20,iid,0.3,3.0,high_frequency,0,lambda_max,3.0,180.00000000000003,20.000000000000004,5.81555536040761,20.000000000000014,0.9999999999999994,44.61245500812893,0.0114,0.009999999843367635,1.0,0.9999999985459147,1.4540852966149487e-09,180.00000000000003,180.18772480480084,0.18772480480080844
random_geometric,20,iid,0.3,0.75,constant,1,all,0.7499999999999999,2.2342807379225456e-16,3.972054645195637e-16,3.6248911659414857,19.029383409284122,2.0873270351249202e-17,37.90638452052255,0.0086,0.01000000022819203,0.0108,0.01000000022819203,0.0007999997718079709,2.2342807379225456e-16,0.1006206614013152,0.10062066140131498
random_geometric,20,iid,0.3,0.75,fiedler,1,fiedler,0.75,2.0390012808420868,3.6248911659414875,3.6248911659414857,19.029383409284122,0.19048915500714347,37.90638452052255,0.0086,0.01000000022819203,0.0156,0.01789893957986166,-0.002298939579861662,2.0390012808420868,1.977675843188198,-0.06132543765388876
random_geometric,20,iid,0.3,0.75,cluster,1,10;0;1;5,0.75,5.203125,9.25,3.6248911659414857,19.029383409284122,0.48609036882861256,37.90638452052255,0.0086,0.01000000022819203,0.066,0.06301593221852136,0.0029840677814786387,5.203125,5.318580220155688,0.11545522015568821
random_geometric,20,iid,0.3,0.75,point,1,8,0.75,6.1875,11.0,3.6248911659414857,19.029383409284122,0.5780534115799717,37.90638452052255,0.0086,0.01000000022819203,0.0838,0.07781711323593987,0.005982886764060127,6.1875,6.23830875652158,0.05080875652157957
random_geometric,20,iid,0.3,0.75,edge_bipolar,1,16-18,0.7499999999999999,6.749999999999998,12.0,3.6248911659414857,19.029383409284122,0.6306037217236055,37.90638452052255,0.0086,0.01000000022819203,0.085,0.0915735957624994,-0.0065735957624993985,6.749999999999998,6.565298351315061,-0.18470164868493733
random_geometric,20,iid,0.3,0.75,high_frequency,1,lambda_max,0.75,10.704028167722315,19.029383409284115,3.6248911659414857,19.029383409284122,0.9999999999999997,37.90638452052255,0.0086,0.01000000022819203,0.2076,0.20733717108035088,0.00026282891964912736,10.704028167722315,10.667054191402144,-0.036973976320171076
random_geometric,20,iid,0.3,1.5,constant,1,all,1.4999999999999998,8.937122951690182e-16,3.972054645195637e-16,3.6248911659414857,19.029383409284122,2.0873270351249202e-17,37.90638452052255,0.0086,0.01000000022819203,0.012,0.01000000022819203,0.0019999997718079705,8.937122951690182e-16,0.11707753218201233,0.11707753218201145
random_geometric,20,iid,0.3,1.5,fiedler,1,fiedler,1.5,8.156005123368347,3.6248911659414875,3.6248911659414857,19.029383409284122,0.19048915500714347,37.90638452052255,0.0086,0.01000000022819203,0.0818,0.08289836136835099,-0.0010983613683509946,8.156005123368347,8.069216725685973,-0.08678839768237445
random_geometric,20,iid,0.3,1.5,cluster,1,1;0;5;6,1.5,18.5625,8.25,3.6248911659414857,19.029383409284122,0.4335400586849788,37.90638452052255,0.0086,0.01000000022819203,0.4484,0.4515232478685105,-0.0031232478685104814,18.5625,18.556397213879464,-0.006102786120536052
random_geometric,20,iid,0.3,1.5,point,1,0,1.5,27.0,12.0,3.6248911659414857,19.029383409284122,0.6306037217236055,37.90638452052255,0.0086,0.01000000022819203,0.7026,0.7179531438367389,-0.015353143836738914,27.0,26.876048797773528,-0.12395120222647193
random_geometric,20,iid,0.3,1.5,edge_bipolar,1,4-14,1.4999999999999998,28.124999999999993,12.5,3.6248911659414857,19.029383409284122,0.6568788767954225,37.90638452052255,0.0086,0.01000000022819203,0.7168,0.7208778263157575,-0.004077826315757482,28.124999999999993,28.208481669749816,0.08348166974982263
random_geometric,20,iid,0.3,1.5,high_frequency,1,lambda_max,1.5,42.81611267088926,19.029383409284115,3.6248911659414857,19.029383409284122,0.9999999999999997,37.90638452052255,0.0086,0.01000000022819203,0.9208,0.9199038221314326,0.0008961778685673272,42.81611267088926,42.97582578758754,0.1597131166982777
random_geometric,20,iid,0.3,3.0,constant,1,all,2.9999999999999996,3.574849180676073e-15,3.972054645195637e-16,3.6248911659414857,19.029383409284122,2.0873270351249202e-17,37.90638452052255,0.0086,0.01000000022819203,0.0094,0.01000000022819203,-0.0006000002281920293,3.574849180676073e-15,-0.06276517780953128,-0.06276517780953486
random_geometric,20,iid,0.3,3.0,fiedler,1,fiedler,3.0,32.62402049347339,3.6248911659414875,3.6248911659414857,19.029383409284122,0.19048915500714347,37.90638452052255,0.0086,0.01000000022819203,0.9448,0.9440253159293635,0.0007746840706365221,32.62402049347339,32.683177640597734,0.0591571471243455
random_geometric,20,iid,0.3,3.0,cluster,1,18;7;10;13,3.0,69.75,7.75,3.6248911659414857,19.029383409284122,0.40726490361316187,37.90638452052255,0.0086,0.01000000022819203,0.9998,0.9997158470379587,8.415296204133949e-05,69.75,69.55977883983509,-0.19022116016490997
random_geometric,20,iid,0.3,3.0,point,1,12,3.0,81.0,9.0,3.6248911659414857,19.029383409284122,0.4729527912927041,37.90638452052255,0.0086,0.01000000022819203,1.0,0.999989306191096,1.0693808903949886e-05,81.0,80.7479777000005,-0.25202229999949566
random_geometric,20,iid,0.3,3.0,edge_bipolar,1,1-16,2.9999999999999996,112.49999999999997,12.5,3.6248911659414857,19.029383409284122,0.6568788767954225,37.90638452052255,0.0086,0.01000000022819203,1.0,0.9999998741750914,1.2582490860335582e-07,112.49999999999997,112.64776442049534,0.14776442049536342
random_geometric,20,iid,0.3,3.0,high_frequency,1,lambda_max,3.0,171.26445068355704,19.029383409284115,3.6248911659414857,19.029383409284122,0.9999999999999997,37.90638452052255,0.0086,0.01000000022819203,1.0,0.9999999995788172,4.21182755339089e-10,171.26445068355704,170.91133681304416,-0.35311387051288534
random_geometric,20,iid,0.3,0.75,constant,2,all,0.7499999999999999,-6.516652152274091e-17,-1.1585159381820608e-16,2.9392754527744964,20.0,-5.792579690910304e-18,38.82742841072072,0.009,0.00999999993179479,0.0066,0.00999999993179479,-0.0033999999317947897,-6.516652152274091e-17,-0.05942352664978401,-0.059423526649783946
random_geometric,20,iid,0.3,0.75,fiedler,2,fiedler,0.7499999999999999,1.6533424421856524,2.9392754527744938,2.9392754527744964,20.0,0.14696377263872468,38.82742841072072,0.009,0.00999999993179479,0.0172,0.01561224108680831,0.0015877589131916905,1.6533424421856524,1.7795577299702536,0.12621528778460123
random_geometric,20,iid,0.3,0.75,cluster,2,7;0;1;2,0.75,4.640625,8.25,2.9392754527744964,20.0,0.4125,38.82742841072072,0.009,0.00999999993179479,0.0502,0.05006524423717429,0.0001347557628257126,4.640625,4.7350650352604085,0.09444003526040845
random_geometric,20,iid,0.3,0.75,point,2,4,0.75,10.6875,19.0,2.9392754527744964,20.0,0.95,38.82742841072072,0.009,0.00999999993179479,0.212,0.19909835202599957,0.012901647974000424,10.6875,10.830937903512034,0.14343790351203367
random_geometric,20,iid,0.3,0.75,edge_bipolar,2,5-19,0.7499999999999999,8.156249999999998,14.5,2.9392754527744964,20.0,0.725,38.82742841072072,0.009,0.00999999993179479,0.121,0.12109459966344677,-9.459966344677051e-05,8.156249999999998,8.08032429687431,-0.07592570312568903
random_geometric,20,iid,0.3,0.75,high_frequency,2,lambda_max,0.7500000000000001,11.250000000000002,19.999999999999996,2.9392754527744964,20.0,0.9999999999999998,38.82742841072072,0.009,0.00999999993179479,0.2136,0.21432007494840277,-0.0007200749484027602,11.250000000000002,11.32442319429849,0.07442319429848787
random_geometric,20,iid,0.3,1.5,constant,2,all,1.4999999999999998,-2.6066608609096364e-16,-1.1585159381820608e-16,2.9392754527744964,20.0,-5.792579690910304e-18,38.82742841072072,0.009,0.00999999993179479,0.0074,0.00999999993179479,-0.0025999999317947893,-2.6066608609096364e-16,0.04301568163134206,0.043015681631342326
random_geometric,20,iid,0.3,1.5,fiedler,2,fiedler,1.4999999999999998,6.61336976874261,2.9392754527744938,2.9392754527744964,20.0,0.14696377263872468,38.82742841072072,0.009,0.00999999993179479,0.0526,0.053329007220868474,-0.0007290072208684731,6.61336976874261,6.642562016144524,0.029192247401914173
random_geometric,20,iid,0.3,1.5,cluster,2,12;2;4;5,1.5,24.1875,10.75,2.9392754527744964,20.0,0.5375,38.82742841072072,0.009,0.00999999993179479,0.6094,0.6082578636496588,0.0011421363503412163,24.1875,24.25546823173957,0.06796823173957023
random_geometric,20,iid,0.3,1.5,point,2,6,1.5,13.5,6.0,2.9392754527744964,20.0,0.3,38.82742841072072,0.009,0.00999999993179479,0.2416,0.23814735844283685,0.0034526415571631552,13.5,13.46910356517246,-0.030896434827539565
random_geometric,20,iid,0.3,1.5,edge_bipolar,2,9-18,1.4999999999999998,30.374999999999996,13.500000000000002,2.9392754527744964,20.0,0.675,38.82742841072072,0.009,0.00999999993179479,0.7794,0.775393767106781,0.004006232893218997,30.374999999999996,30.582060445704613,0.20706044570461657
random_geometric,20,iid,0.3,1.5,high_frequency,2,lambda_max,1.5000000000000002,45.00000000000001,19.999999999999996,2.9392754527744964,20.0,0.9999999999999998,38.82742841072072,0.009,0.00999999993179479,0.9272,0.9247351344426036,0.002464865557396445,45.00000000000001,45.39170762787806,0.3917076278780556
random_geometric,20,iid,0.3,3.0,constant,2,all,2.9999999999999996,-1.0426643443638546e-15,-1.1585159381820608e-16,2.9392754527744964,20.0,-5.792579690910304e-18,38.82742841072072,0.009,0.00999999993179479,0.0098,0.00999999993179479,-0.00019999993179478995,-1.0426643443638546e-15,-0.04983933200781365,-0.04983933200781261
random_geometric,20,iid,0.3,3.0,fiedler,2,fiedler,2.9999999999999996,26.45347907497044,2.9392754527744938,2.9392754527744964,20.0,0.14696377263872468,38.82742841072072,0.009,0.00999999993179479,0.7896,0.7909527854125082,-0.0013527854125082728,26.45347907497044,26.435040312979368,-0.018438761991070862
random_geometric,20,iid,0.3,3.0,cluster,2,19;2;3;4,3.0,103.5,11.5,2.9392754527744964,20.0,0.575,38.82742841072072,0.009,0.00999999993179479,1.0,0.99999531503893,4.6849610699783995e-06,103.5,103.85161924290331,0.35161924290331115
random_geometric,20,iid,0.3,3.0,point,2,8,3.0,108.0,12.0,2.9392754527744964,20.0,0.6,38.82742841072072,0.009,0.00999999993179479,1.0,0.9999995532768129,4.467231871085886e-07,108.0,108.07050961844521,0.07050961844521453
random_geometric,20,iid,0.3,3.0,edge_bipolar,2,2-7,2.9999999999999996,125.99999999999997,14.0,2.9392754527744964,20.0,0.7,38.82742841072072,0.009,0.00999999993179479,1.0,0.9999999660792342,3.392076575181591e-08,125.99999999999997,126.18016276209079,0.1801627620908164
random_geometric,20,iid,0.3,3.0,high_frequency,2,lambda_max,3.0000000000000004,180.00000000000003,19.999999999999996,2.9392754527744964,20.0,0.9999999999999998,38.82742841072072,0.009,0.00999999993179479,1.0,0.9999999996747262,3.2527380788849314e-10,180.00000000000003,180.2036707567006,0.20367075670057488
random_geometric,20,iid,0.3,0.75,constant,3,all,0.7499999999999999,3.956538806737841e-16,7.033846767533941e-16,2.887514283062088,18.05393249715393,3.896019201712854e-17,41.2037133580861,0.0088,0.009999999999905917,0.0076,0.009999999999905917,-0.0023999999999059175,3.956538806737841e-16,-0.017516691573412402,-0.017516691573412797
random_geometric,20,iid,0.3,0.75,fiedler,3,fiedler,0.75,1.6242267842224258,2.8875142830620906,2.887514283062088,18.05393249715393,0.15993824522813996,41.2037133580861,0.0088,0.009999999999905917,0.0172,0.015212400891501165,0.0019875991084988345,1.6242267842224258,1.4961632452069544,-0.1280635390154714
random_geometric,20,iid,0.3,0.75,cluster,3,6;0;1;4,0.75,5.34375,9.5,2.887514283062088,18.05393249715393,0.526201147672265,41.2037133580861,0.0088,0.009999999999905917,0.0612,0.05861486580418024,0.002585134195819759,5.34375,5.440389802887605,0.09663980288760499
random_geometric,20,iid,0.3,0.75,point,3,4,0.75,5.625,10.0,2.887514283062088,18.05393249715393,0.5538959449181737,41.2037133580861,0.0088,0.009999999999905917,0.0654,0.057245798359759736,0.008154201640240263,5.625,5.680957866444697,0.05595786644469669
random_geometric,20,iid,0.3,0.75,edge_bipolar,3,7-16,0.7499999999999999,9.28125,16.500000000000004,2.887514283062088,18.05393249715393,0.9139283091149869,41.2037133580861,0.0088,0.009999999999905917,0.1404,0.14200164009472832,-0.0016016400947283238,9.28125,9.290423812829484,0.009173812829484262
random_geometric,20,iid,0.3,0.75,high_frequency,3,lambda_max,0.75,10.15533702964909,18.053932497153937,2.887514283062088,18.05393249715393,1.0000000000000004,41.2037133580861,0.0088,0.009999999999905917,0.167,0.16662424194310865,0.00037575805689135655,10.15533702964909,10.200057174689132,0.04472014504004207
random_geometric,20,iid,0.3,1.5,constant,3,all,1.4999999999999998,1.5826155226951365e-15,7.033846767533941e-16,2.887514283062088,18.05393249715393,3.896019201712854e-17,41.2037133580861,0.0088,0.009999999999905917,0.0116,0.009999999999905917,0.0016000000000940817,1.5826155226951365e-15,-0.07946216083643876,-0.07946216083644034
random_geometric,20,iid,0.3,1.5,fiedler,3,fiedler,1.5,6.496907136889703,2.8875142830620906,2.887514283062088,18.05393249715393,0.15993824522813996,41.2037133580861,0.0088,0.009999999999905917,0.0524,0.04857273722874228,0.0038272627712577223,6.496907136889703,6.519367542200619,0.022460405310916087
random_geometric,20,iid,0.3,1.5,cluster,3,14;0;1;4,1.5,21.375,9.5,2.887514283062088,18.05393249715393,0.526201147672265,41.2037133580861,0.0088,0.009999999999905917,0.4902,0.497088669448537,-0.006888669448536999,21.375,21.137712573858646,-0.23728742614135356
random_geometric,20,iid,0.3,1.5,point,3,14,1.5,27.0,12.0,2.887514283062088,18.05393249715393,0.6646751339018084,41.2037133580861,0.0088,0.009999999999905917,0.6634,0.6695594295982026,-0.006159429598202593,27.0,26.720380558165093,-0.2796194418349067
random_geometric,20,iid,0.3,1.5,edge_bipolar,3,13-17,1.4999999999999998,25.874999999999996,11.5,2.887514283062088,18.05393249715393,0.6369803366558998,41.2037133580861,0.0088,0.009999999999905917,0.643,0.6447738840057347,-0.0017738840057346383,25.874999999999996,25.756233730962915,-0.11876626903708143
random_geometric,20,iid,0.3,1.5,high_frequency,3,lambda_max,1.5,40.62134811859636,18.053932497153937,2.887514283062088,18.05393249715393,1.0000000000000004,41.2037133580861,0.0088,0.009999999999905917,0.8868,0.8826491103297189,0.004150889670281099,40.62134811859636,40.85731969580155,0.23597157720519135
random_geometric,20,iid,0.3,3.0,constant,3,all,2.9999999999999996,6.330462090780546e-15,7.033846767533941e-16,2.887514283062088,18.05393249715393,3.896019201712854e-17,41.2037133580861,0.0088,0.009999999999905917,0.0108,0.009999999999905917,0.0008000000000940831,6.330462090780546e-15,-0.07300858308962077,-0.0730085830896271
random_geometric,20,iid,0.3,3.0,fiedler,3,fiedler,3.0,25.987628547558813,2.8875142830620906,2.887514283062088,18.05393249715393,0.15993824522813996,41.2037133580861,0.0088,0.009999999999905917,0.7178,0.7272589208929722,-0.009458920892972178,25.987628547558813,26.051887138379644,0.06425859082083107
random_geometric,20,iid,0.3,3.0,cluster,3,3;2;7;9,3.0,85.5,9.5,2.887514283062088,18.05393249715393,0.526201147672265,41.2037133580861,0.0088,0.009999999999905917,0.9998,0.9999121963248392,-0.00011219632483916442,85.5,85.25633937218997,-0.24366062781002995
random_geometric,20,iid,0.3,3.0,point,3,11,3.0,117.0,13.0,2.887514283062088,18.05393249715393,0.7200647283936259,41.2037133580861,0.0088,0.009999999999905917,1.0,0.9999997002197727,2.997802273085881e-07,117.0,117.1786119604798,0.17861196047979888
random_geometric,20,iid,0.3,3.0,edge_bipolar,3,2-3,2.9999999999999996,89.99999999999997,9.999999999999998,2.887514283062088,18.05393249715393,0.5538959449181736,41.2037133580861,0.0088,0.009999999999905917,1.0,0.9999959231002032,4.076899796756628e-06,89.99999999999997,90.09521660348082,0.09521660348084993
random_geometric,20,iid,0.3,3.0,high_frequency,3,lambda_max,3.0,162.48539247438543,18.053932497153937,2.887514283062088,18.05393249715393,1.0000000000000004,41.2037133580861,0.0088,0.009999999999905917,1.0,0.9999999978556977,2.1443022912848164e-09,162.48539247438543,162.11819130576532,-0.3672011686201131
random_geometric,20,correlated,0.15,0.75,constant,0,all,0.7499999999999999,2.4204707994160915e-16,4.303059198961941e-16,1.2692867175916591,17.090888712274804,2.51775040573019e-17,8.536888067961483,0.01,0.009999999999772524,0.0118,0.009999999999772524,0.0018000000002274755,2.4204707994160915e-16,-0.020967647739050577,-0.02096764773905082
random_geometric,20,correlated,0.15,0.75,fiedler,0,fiedler,0.7500000000000001,0.7139737786453129,1.269286717591667,1.2692867175916591,17.090888712274804,0.07426686458265074,8.536888067961483,0.01,0.009999999999772524,0.0256,0.0233925833734574,0.0022074166265426028,0.7139737786453129,0.7380895778017491,0.024115799156436246
random_geometric,20,correlated,0.15,0.75,cluster,0,6;0;1;2,0.75,5.765625,10.25,1.2692867175916591,17.090888712274804,0.5997347576570652,8.536888067961483,0.01,0.009999999999772524,0.672,0.6760910707701291,-0.004091070770129046,5.765625,5.732436563882642,-0.03318843611735822
random_geometric,20,correlated,0.15,0.75,point,0,18,0.75,6.75,12.0,1.2692867175916591,17.090888712274804,0.702128496769247,8.536888067961483,0.01,0.009999999999772524,0.81,0.7952640760045464,0.014735923995453648,6.75,6.873283383102873,0.12328338310287279
random_geometric,20,correlated,0.15,0.75,edge_bipolar,0,7-14,0.7499999999999999,5.624999999999999,10.0,1.2692867175916591,17.090888712274804,0.5851070806410392,8.536888067961483,0.01,0.009999999999772524,0.6706,0.6614972336469933,0.009102766353006664,5.624999999999999,5.651622763898306,0.026622763898306978
random_geometric,20,correlated,0.15,0.75,high_frequency,0,lambda_max,0.75,9.613624900654582,17.09088871227481,1.2692867175916591,17.090888712274804,1.0000000000000004,8.536888067961483,0.01,0.009999999999772524,0.9372,0.9372743524785743,-7.435247857423555e-05,9.613624900654582,9.575688255061719,-0.037936645592862916
random_geometric,20,correlated,0.15,1.5,constant,0,all,1.4999999999999998,9.681883197664366e-16,4.303059198961941e-16,1.2692867175916591,17.090888712274804,2.51775040573019e-17,8.536888067961483,0.01,0.009999999999772524,0.0086,0.009999999999772524,-0.0013999999997725242,9.681883197664366e-16,-0.009849585399170913,-0.00984958539917188
random_geometric,20,correlated,0.15,1.5,fiedler,0,fiedler,1.5000000000000002,2.8558951145812514,1.269286717591667,1.2692867175916591,17.090888712274804,0.07426686458265074,8.536888067961483,0.01,0.009999999999772524,0.1926,0.19007945316140634,0.0025205468385936514,2.8558951145812514,2.8658253495014456,0.00993023492019418
random_geometric,20,correlated,0.15,1.5,cluster,0,4;0;1;2,1.5,25.875,11.5,1.2692867175916591,17.090888712274804,0.672873142737195,8.536888067961483,0.01,0.009999999999772524,1.0,0.9999997951542767,2.0484572327283956e-07,25.875,25.876054210236973,0.001054210236972608
random_geometric,20,correlated,0.15,1.5,point,0,16,1.5,27.0,12.0,1.2692867175916591,17.090888712274804,0.702128496769247,8.536888067961483,0.01,0.009999999999772524,1.0,0.9999999903139051,9.686094926131261e-09,27.0,26.938790001513347,-0.061209998486653205
random_geometric,20,correlated,0.15,1.5,edge_bipolar,0,16-19,1.4999999999999998,28.124999999999993,12.5,1.2692867175916591,17.090888712274804,0.731383850801299,8.536888067961483,0.01,0.009999999999772524,1.0,0.9999999985987753,1.401224691832681e-09,28.124999999999993,28.15269936731896,0.027699367318966495
random_geometric,20,correlated,0.15,1.5,high_frequency,0,lambda_max,1.5,38.45449960261833,17.09088871227481,1.2692867175916591,17.090888712274804,1.0000000000000004,8.536888067961483,0.01,0.009999999999772524,1.0,0.9999999999908847,9.115264099079923e-12,38.45449960261833,38.51988338407947,0.06538378146114354
random_geometric,20,correlated,0.15,3.0,constant,0,all,2.9999999999999996,3.872753279065746e-15,4.303059198961941e-16,1.2692867175916591,17.090888712274804,2.51775040573019e-17,8.536888067961483,0.01,0.009999999999772524,0.0096,0.009999999999772524,-0.000399999999772525,3.872753279065746e-15,-0.03836254439880005,-0.03836254439880392
random_geometric,20,correlated,0.15,3.0,fiedler,0,fiedler,3.0000000000000004,11.423580458325006,1.269286717591667,1.2692867175916591,17.090888712274804,0.07426686458265074,8.536888067961483,0.01,0.009999999999772524,1.0,0.9999936962875697,6.303712430266728e-06,11.423580458325006,11.431595992592024,0.00801553426701851
random_geometric,20,correlated,0.15,3.0,cluster,0,19;0;1;2,3.0,96.75,10.75,1.2692867175916591,17.090888712274804,0.6289901116891171,8.536888067961483,0.01,0.009999999999772524,1.0,0.9999999998293264,1.7067358637490315e-10,96.75,96.7349784081342,-0.01502159186580343
random_geometric,20,correlated,0.15,3.0,point,0,18,3.0,108.0,12.0,1.2692867175916591,17.090888712274804,0.702128496769247,8.536888067961483,0.01,0.009999999999772524,1.0,1.0,0.0,108.0,107.96810560755708,-0.031894392442922026
random_geometric,20,correlated,0.15,3.0,edge_bipolar,0,3-7,2.9999999999999996,134.99999999999997,15.0,1.2692867175916591,17.090888712274804,0.8776606209615587,8.536888067961483,0.01,0.009999999999772524,1.0,1.0,0.0,134.99999999999997,135.0945928040405,0.09459280404053061
random_geometric,20,correlated,0.15,3.0,high_frequency,0,lambda_max,3.0,153.8179984104733,17.09088871227481,1.2692867175916591,17.090888712274804,1.0000000000000004,8.536888067961483,0.01,0.009999999999772524,1.0,1.0,0.0,153.8179984104733,153.39226394935812,-0.42573446111518365
random_geometric,20,correlated,0.15,0.75,constant,1,all,0.7499999999999999,2.606660860909637e-16,4.634063752728244e-16,6.572202851938963,20.000000000000004,2.3170318763641217e-17,9.66276198600672,0.012,0.010000000233189754,0.0106,0.010000000233189754,0.0005999997668102459,2.606660860909637e-16,0.001512194496965158,0.0015121944969648973
random_geometric,20,correlated,0.15,0.75,fiedler,1,fiedler,0.7500000000000001,3.6968641042156674,6.572202851938962,6.572202851938963,20.000000000000004,0.32861014259694804,9.66276198600672,0.012,0.010000000233189754,0.3236,0.3133203048274865,0.010279695172513481,3.6968641042156674,3.7197368889447207,0.022872784729053297
random_geometric,20,correlated,0.15,0.75,cluster,1,2;1;4;10,0.75,4.640625,8.25,6.572202851938963,20.000000000000004,0.4124999999999999,9.66276198600672,0.012,0.010000000233189754,0.4702,0.45791161622401894,0.012288383775981071,4.640625,4.700256927263864,0.05963192726386435
random_geometric,20,correlated,0.15,0.75,point,1,9,0.75,6.75,12.0,6.572202851938963,20.000000000000004,0.5999999999999999,9.66276198600672,0.012,0.010000000233189754,0.729,0.7343852647975004,-0.005385264797500455,6.75,6.76259785851665,0.012597858516650184
random_geometric,20,correlated,0.15,0.75,edge_bipolar,1,2-11,0.7499999999999999,8.15625,14.500000000000004,6.572202851938963,20.000000000000004,0.7250000000000001,9.66276198600672,0.012,0.010000000233189754,0.8362,0.8385050222817467,-0.0023050222817466715,8.15625,8.099618028920908,-0.056631971079092125
random_geometric,20,correlated,0.15,0.75,high_frequency,1,lambda_max,0.75,11.250000000000002,20.000000000000004,6.572202851938963,20.000000000000004,1.0,9.66276198600672,0.012,0.010000000233189754,0.948,0.9431063929568233,0.004893607043176651,11.250000000000002,11.283824983038322,0.033824983038320156
random_geometric,20,correlated,0.15,1.5,constant,1,all,1.4999999999999998,1.0426643443638547e-15,4.634063752728244e-16,6.572202851938963,20.000000000000004,2.3170318763641217e-17,9.66276198600672,0.012,0.010000000233189754,0.0102,0.010000000233189754,0.00019999976681024656,1.0426643443638547e-15,-0.0010759787066705329,-0.0010759787066715754
random_geometric,20,correlated,0.15,1.5,fiedler,1,fiedler,1.5000000000000002,14.78745641686267,6.572202851938962,6.572202851938963,20.000000000000004,0.32861014259694804,9.66276198600672,0.012,0.010000000233189754,0.9996,0.999059244061544,0.000540755938456039,14.78745641686267,14.800095340772845,0.012638923910175848
random_geometric,20,correlated,0.15,1.5,cluster,1,18;0;3;5,1.5,21.9375,9.75,6.572202851938963,20.000000000000004,0.48749999999999993,9.66276198600672,0.012,0.010000000233189754,1.0,0.9999884736631276,1.1526336872402787e-05,21.9375,21.91480546119579,-0.022694538804209685
random_geometric,20,correlated,0.15,1.5,point,1,5,1.5,29.25,13.0,6.572202851938963,20.000000000000004,0.6499999999999999,9.66276198600672,0.012,0.010000000233189754,1.0,0.9999999843431708,1.565682916648825e-08,29.25,29.160702823195496,-0.08929717680450366
random_geometric,20,correlated,0.15,1.5,edge_bipolar,1,14-15,1.4999999999999998,39.375,17.500000000000004,6.572202851938963,20.000000000000004,0.875,9.66276198600672,0.012,0.010000000233189754,1.0,0.9999999998826147,1.1738532368354981e-10,39.375,39.32514614244341,-0.04985385755659166
random_geometric,20,correlated,0.15,1.5,high_frequency,1,lambda_max,1.5,45.00000000000001,20.000000000000004,6.572202851938963,20.000000000000004,1.0,9.66276198600672,0.012,0.010000000233189754,1.0,0.9999999999821692,1.783084790929479e-11,45.00000000000001,45.18898539786418,0.18898539786417246
random_geometric,20,correlated,0.15,3.0,constant,1,all,2.9999999999999996,4.170657377455419e-15,4.634063752728244e-16,6.572202851938963,20.000000000000004,2.3170318763641217e-17,9.66276198600672,0.012,0.010000000233189754,0.0088,0.010000000233189754,-0.0012000002331897536,4.170657377455419e-15,-0.018644376406055763,-0.018644376406059933
random_geometric,20,correlated,0.15,3.0,fiedler,1,fiedler,3.0000000000000004,59.14982566745068,6.572202851938962,6.572202851938963,20.000000000000004,0.32861014259694804,9.66276198600672,0.012,0.010000000233189754,1.0,1.0,0.0,59.14982566745068,59.15150149227349,0.001675824822811478
random_geometric,20,correlated,0.15,3.0,cluster,1,11;0;1;2,3.0,101.25,11.25,6.572202851938963,20.000000000000004,0.5624999999999999,9.66276198600672,0.012,0.010000000233189754,1.0,1.0,0.0,101.25,100.97694708426758,-0.2730529157324213
random_geometric,20,correlated,0.15,3.0,point,1,9,3.0,108.0,12.0,6.572202851938963,20.000000000000004,0.5999999999999999,9.66276198600672,0.012,0.010000000233189754,1.0,0.9999999999999998,2.220446049250313e-16,108.0,107.92546565169916,-0.07453434830084404
random_geometric,20,correlated,0.15,3.0,edge_bipolar,1,14-15,2.9999999999999996,157.5,17.500000000000004,6.572202851938963,20.000000000000004,0.875,9.66276198600672,0.012,0.010000000233189754,1.0,1.0,0.0,157.5,157.26175620707232,-0.23824379292767617
random_geometric,20,correlated,0.15,3.0,high_frequency,1,lambda_max,3.0,180.00000000000003,20.000000000000004,6.572202851938963,20.000000000000004,1.0,9.66276198600672,0.012,0.010000000233189754,1.0,1.0,0.0,180.00000000000003,180.49621537750284,0.4962153775028071
random_geometric,20,correlated,0.15,0.75,constant,2,all,0.7499999999999999,2.327375768669319e-16,4.1375569220787897e-16,2.8842970548036373,16.201687533125924,2.553781458640745e-17,7.032396933491553,0.0108,0.010000000179226975,0.0122,0.010000000179226975,0.0021999998207730253,2.327375768669319e-16,6.262221917374688e-05,6.262221917351415e-05
random_geometric,20,correlated,0.15,0.75,fiedler,2,fiedler,0.7500000000000001,1.6224170933270479,2.8842970548036395,2.8842970548036373,16.201687533125924,0.17802448349324193,7.032396933491553,0.0108,0.010000000179226975,0.1136,0.11484654663154042,-0.0012465466315404183,1.6224170933270479,1.6501451261013935,0.027728032774345657
random_geometric,20,correlated,0.15,0.75,cluster,2,7;2;3;5,0.75,4.921875,8.75,2.8842970548036373,16.201687533125924,0.5400671986859255,7.032396933491553,0.0108,0.010000000179226975,0.7002,0.7074609630084594,-0.0072609630084593535,4.921875,4.886490868088717,-0.03538413191128331
random_geometric,20,correlated,0.15,0.75,point,2,14,0.75,5.625,10.0,2.8842970548036373,16.201687533125924,0.6172196556410577,7.032396933491553,0.0108,0.010000000179226975,0.8136,0.8099269302959203,0.0036730697040796567,5.625,5.642995633384811,0.01799563338481125
random_geometric,20,correlated,0.15,0.75,edge_bipolar,2,1-11,0.7499999999999999,4.499999999999999,8.0,2.8842970548036373,16.201687533125924,0.4937757245128461,7.032396933491553,0.0108,0.010000000179226975,0.6754,0.6826383179510713,-0.007238317951071327,4.499999999999999,4.491685029511749,-0.00831497048825014
random_geometric,20,correlated,0.15,0.75,high_frequency,2,lambda_max,0.7500000000000001,9.113449237383334,16.20168753312592,2.8842970548036373,16.201687533125924,0.9999999999999998,7.032396933491553,0.0108,0.010000000179226975,0.9636,0.966039170575866,-0.0024391705758659565,9.113449237383334,9.11713753523825,0.0036882978549162004
random_geometric,20,correlated,0.15,1.5,constant,2,all,1.4999999999999998,9.309503074677275e-16,4.1375569220787897e-16,2.8842970548036373,16.201687533125924,2.553781458640745e-17,7.032396933491553,0.0108,0.010000000179226975,0.0076,0.010000000179226975,-0.0024000001792269755,9.309503074677275e-16,-0.03501042755538997,-0.0350104275553909
random_geometric,20,correlated,0.15,1.5,fiedler,2,fiedler,1.5000000000000002,6.4896683733081915,2.8842970548036395,2.8842970548036373,16.201687533125924,0.17802448349324193,7.032396933491553,0.0108,0.010000000179226975,0.9378,0.9383995380376549,-0.0005995380376548898,6.4896683733081915,6.507919202309679,0.018250829001487112
random_geometric,20,correlated,0.15,1.5,cluster,2,5;3;7;8,1.5,19.125,8.5,2.8842970548036373,16.201687533125924,0.5246367072948991,7.032396933491553,0.0108,0.010000000179226975,1.0,0.9999983818316909,1.6181683091254229e-06,19.125,19.096609056426512,-0.028390943573487704
random_geometric,20,correlated,0.15,1.5,point,2,6,1.5,15.75,7.0,2.8842970548036373,16.201687533125924,0.4320537589487404,7.032396933491553,0.0108,0.010000000179226975,1.0,0.9999990117531048,9.882468952060464e-07,15.75,15.613967090752386,-0.13603290924761424
random_geometric,20,correlated,0.15,1.5,edge_bipolar,2,7-14,1.4999999999999998,28.124999999999993,12.5,2.8842970548036373,16.201687533125924,0.7715245695513221,7.032396933491553,0.0108,0.010000000179226975,1.0,0.9999999999374553,6.254474715916558e-11,28.124999999999993,28.10328297672897,-0.021717023271023095
random_geometric,20,correlated,0.15,1.5,high_frequency,2,lambda_max,1.5000000000000002,36.453796949533334,16.20168753312592,2.8842970548036373,16.201687533125924,0.9999999999999998,7.032396933491553,0.0108,0.010000000179226975,1.0,0.9999999999995094,4.906075545818567e-13,36.453796949533334,36.49839886253032,0.04460191299698835
random_geometric,20,correlated,0.15,3.0,constant,2,all,2.9999999999999996,3.72380122987091e-15,4.1375569220787897e-16,2.8842970548036373,16.201687533125924,2.553781458640745e-17,7.032396933491553,0.0108,0.010000000179226975,0.011,0.010000000179226975,0.0009999998207730239,3.72380122987091e-15,0.010146145791823269,0.010146145791819544
random_geometric,20,correlated,0.15,3.0,fiedler,2,fiedler,3.0000000000000004,25.958673493232766,2.8842970548036395,2.8842970548036373,16.201687533125924,0.17802448349324193,7.032396933491553,0.0108,0.010000000179226975,1.0,1.0,0.0,25.958673493232766,25.92896114308435,-0.029712350148415112
random_geometric,20,correlated,0.15,3.0,cluster,2,13;0;2;3,3.0,76.5,8.5,2.8842970548036373,16.201687533125924,0.5246367072948991,7.032396933491553,0.0108,0.010000000179226975,1.0,1.0,0.0,76.5,76.4884849000836,-0.011515099916394433
random_geometric,20,correlated,0.15,3.0,point,2,12,3.0,99.0,11.0,2.8842970548036373,16.201687533125924,0.6789416212051634,7.032396933491553,0.0108,0.010000000179226975,1.0,1.0,0.0,99.0,98.98694206791818,-0.013057932081821377
random_geometric,20,correlated,0.15,3.0,edge_bipolar,2,16-19,2.9999999999999996,94.49999999999999,10.5,2.8842970548036373,16.201687533125924,0.6480806384231106,7.032396933491553,0.0108,0.010000000179226975,1.0,1.0,0.0,94.49999999999999,94.56638829848201,0.06638829848202477
random_geometric,20,correlated,0.15,3.0,high_frequency,2,lambda_max,3.0000000000000004,145.81518779813334,16.20168753312592,2.8842970548036373,16.201687533125924,0.9999999999999998,7.032396933491553,0.0108,0.010000000179226975,1.0,1.0,0.0,145.81518779813334,145.59070069182903,-0.22448710630430924
random_geometric,20,correlated,0.15,0.75,constant,3,all,0.7499999999999999,3.7238012298709097e-16,6.620091075326063e-16,5.86743664179813,19.13206508720963,3.4602072725289843e-17,9.79277187203736,0.01,0.009999999819741645,0.0104,0.009999999819741645,0.00040000018025835443,3.7238012298709097e-16,-0.014406075013807751,-0.014406075013808124
random_geometric,20,correlated,0.15,0.75,fiedler,3,fiedler,0.7500000000000001,3.3004331110114506,5.8674366417981325,5.86743664179813,19.13206508720963,0.30668077988720066,9.79277187203736,0.01,0.009999999819741645,0.2542,0.24694683825072844,0.007253161749271542,3.3004331110114506,3.358149557826355,0.05771644681490429
random_geometric,20,correlated,0.15,0.75,cluster,3,12;0;1;4,0.75,5.625,10.0,5.86743664179813,19.13206508720963,0.5226827294605696,9.79277187203736,0.01,0.009999999819741645,0.5824,0.5847693389005187,-0.0023693389005187138,5.625,5.607684903686032,-0.017315096313968326
random_geometric,20,correlated,0.15,0.75,point,3,6,0.75,6.1875,11.0,5.86743664179813,19.13206508720963,0.5749510024066266,9.79277187203736,0.01,0.009999999819741645,0.6714,0.6690346307297507,0.002365369270249329,6.1875,6.2182893305535405,0.030789330553540495
random_geometric,20,correlated,0.15,0.75,edge_bipolar,3,8-13,0.7499999999999999,7.031249999999998,12.5,5.86743664179813,19.13206508720963,0.653353411825712,9.79277187203736,0.01,0.009999999819741645,0.7672,0.7606641988654803,0.006535801134519681,7.031249999999998,7.11231194126286,0.08106194126286148
random_geometric,20,correlated,0.15,0.75,high_frequency,3,lambda_max,0.7500000000000002,10.76178661155542,19.132065087209625,5.86743664179813,19.13206508720963,0.9999999999999998,9.79277187203736,0.01,0.009999999819741645,0.9422,0.9331825490608938,0.00901745093910622,10.76178661155542,10.773890750012173,0.012104138456752622
random_geometric,20,correlated,0.15,1.5,constant,3,all,1.4999999999999998,1.4895204919483639e-15,6.620091075326063e-16,5.86743664179813,19.13206508720963,3.4602072725289843e-17,9.79277187203736,0.01,0.009999999819741645,0.012,0.009999999819741645,0.002000000180258355,1.4895204919483639e-15,0.025561743840086137,0.02556174384008465
random_geometric,20,correlated,0.15,1.5,fiedler,3,fiedler,1.5000000000000002,13.201732444045803,5.8674366417981325,5.86743664179813,19.13206508720963,0.30668077988720066,9.79277187203736,0.01,0.009999999819741645,0.9954,0.9971187072161267,-0.0017187072161267691,13.201732444045803,13.234094363516515,0.03236191947071276
random_geometric,20,correlated,0.15,1.5,cluster,3,11;0;2;4,1.5,24.75,11.0,5.86743664179813,19.13206508720963,0.5749510024066266,9.79277187203736,0.01,0.009999999819741645,1.0,0.9999981671817992,1.832818200764308e-06,24.75,24.765828277235528,0.01582827723552782
random_geometric,20,correlated,0.15,1.5,point,3,2,1.5,24.75,11.0,5.86743664179813,19.13206508720963,0.5749510024066266,9.79277187203736,0.01,0.009999999819741645,1.0,0.9999997823637323,2.1763626767423716e-07,24.75,24.676494499126743,-0.07350550087325658
random_geometric,20,correlated,0.15,1.5,edge_bipolar,3,7-12,1.4999999999999998,32.62499999999999,14.5,5.86743664179813,19.13206508720963,0.757889957717826,9.79277187203736,0.01,0.009999999819741645,1.0,0.9999999985244711,1.4755289212686762e-09,32.62499999999999,32.540256855088614,-0.08474314491137847
random_geometric,20,correlated,0.15,1.5,high_frequency,3,lambda_max,1.5000000000000004,43.04714644622168,19.132065087209625,5.86743664179813,19.13206508720963,0.9999999999999998,9.79277187203736,0.01,0.009999999819741645,1.0,0.9999999999752982,2.4701796164094958e-11,43.04714644622168,43.012898732785025,-0.03424771343665611
random_geometric,20,correlated,0.15,3.0,constant,3,all,2.9999999999999996,5.9580819677934555e-15,6.620091075326063e-16,5.86743664179813,19.13206508720963,3.4602072725289843e-17,9.79277187203736,0.01,0.009999999819741645,0.0078,0.009999999819741645,-0.0021999998197416454,5.9580819677934555e-15,-0.010087259822545214,-0.010087259822551172
random_geometric,20,correlated,0.15,3.0,fiedler,3,fiedler,3.0000000000000004,52.80692977618321,5.8674366417981325,5.86743664179813,19.13206508720963,0.30668077988720066,9.79277187203736,0.01,0.009999999819741645,1.0,1.0,0.0,52.80692977618321,52.77085112383533,-0.03607865234788221
random_geometric,20,correlated,0.15,3.0,cluster,3,8;0;2;4,3.0,92.25,10.25,5.86743664179813,19.13206508720963,0.5357497976970839,9.79277187203736,0.01,0.009999999819741645,1.0,1.0,0.0,92.25,92.34809201135883,0.09809201135882972
random_geometric,20,correlated,0.15,3.0,point,3,10,3.0,144.0,16.0,5.86743664179813,19.13206508720963,0.8362923671369115,9.79277187203736,0.01,0.009999999819741645,1.0,0.9999999999999454,5.46229728115577e-14,144.0,144.37794539311233,0.3779453931123271
random_geometric,20,correlated,0.15,3.0,edge_bipolar,3,15-18,2.9999999999999996,143.99999999999997,16.0,5.86743664179813,19.13206508720963,0.8362923671369115,9.79277187203736,0.01,0.009999999819741645,1.0,0.9999999999998834,1.1657341758564144e-13,143.99999999999997,144.3219079495385,0.3219079495385415
random_geometric,20,correlated,0.15,3.0,high_frequency,3,lambda_max,3.000000000000001,172.18858578488673,19.132065087209625,5.86743664179813,19.13206508720963,0.9999999999999998,9.79277187203736,0.01,0.009999999819741645,1.0,1.0,0.0,172.18858578488673,172.26409537755455,0.07550959266782797
random_geometric,20,correlated,0.3,0.75,constant,0,all,0.7499999999999999,2.420470799416091e-16,4.30305919896194e-16,4.34002838327036,18.077025678263706,2.3804022163535746e-17,32.986414522722804,0.009,0.010000000206144999,0.009,0.010000000206144999,-0.0010000002061449995,2.420470799416091e-16,0.07977109740635413,0.0797710974063539
random_geometric,20,correlated,0.3,0.75,fiedler,0,fiedler,0.7499999999999999,2.441265965589575,4.340028383270356,4.34002838327036,18.077025678263706,0.24008531384059056,32.986414522722804,0.009,0.010000000206144999,0.028,0.025270433980413287,0.0027295660195867134,2.441265965589575,2.461891695717963,0.020625730128387865
random_geometric,20,correlated,0.3,0.75,cluster,0,14;2;3;4,0.75,5.203125,9.25,4.34002838327036,18.077025678263706,0.5116992233474805,32.986414522722804,0.009,0.010000000206144999,0.085,0.08216627205874477,0.0028337279412552346,5.203125,5.30408717061896,0.10096217061895985
random_geometric,20,correlated,0.3,0.75,point,0,4,0.75,4.5,8.0,4.34002838327036,18.077025678263706,0.442550679651875,32.986414522722804,0.009,0.010000000206144999,0.0562,0.05390201521415061,0.0022979847858493885,4.5,4.606770995706736,0.10677099570673576
random_geometric,20,correlated,0.3,0.75,edge_bipolar,0,0-6,0.7499999999999999,7.312499999999998,13.0,4.34002838327036,18.077025678263706,0.7191448544342969,32.986414522722804,0.009,0.010000000206144999,0.138,0.13094967315613315,0.007050326843866861,7.312499999999998,7.439146569322027,0.12664656932202867
random_geometric,20,correlated,0.3,0.75,high_frequency,0,lambda_max,0.75,10.16832694402334,18.077025678263716,4.34002838327036,18.077025678263706,1.0000000000000007,32.986414522722804,0.009,0.010000000206144999,0.2264,0.23729785510291468,-0.010897855102914689,10.16832694402334,10.083710596874965,-0.08461634714837452
random_geometric,20,correlated,0.3,1.5,constant,0,all,1.4999999999999998,9.681883197664364e-16,4.30305919896194e-16,4.34002838327036,18.077025678263706,2.3804022163535746e-17,32.986414522722804,0.009,0.010000000206144999,0.0068,0.010000000206144999,-0.0032000002061449992,9.681883197664364e-16,0.021267392150829068,0.0212673921508281
random_geometric,20,correlated,0.3,1.5,fiedler,0,fiedler,1.4999999999999998,9.7650638623583,4.340028383270356,4.34002838327036,18.077025678263706,0.24008531384059056,32.986414522722804,0.009,0.010000000206144999,0.1722,0.1821976034918099,-0.00999760349180992,9.7650638623583,9.591561930402293,-0.17350193195600738
random_geometric,20,correlated,0.3,1.5,cluster,0,18;1;2;3,1.5,24.75,11.0,4.34002838327036,18.077025678263706,0.6085071845213281,32.986414522722804,0.009,0.010000000206144999,0.7516,0.7500121896566876,0.0015878103433124569,24.75,24.817537527336423,0.06753752733642315
random_geometric,20,correlated,0.3,1.5,point,0,2,1.5,36.0,16.0,4.34002838327036,18.077025678263706,0.88510135930375,32.986414522722804,0.009,0.010000000206144999,0.9208,0.9249767795140047,-0.004176779514004747,36.0,35.922564557054756,-0.0774354429452444
random_geometric,20,correlated,0.3,1.5,edge_bipolar,0,2-14,1.4999999999999998,29.25,13.000000000000002,4.34002838327036,18.077025678263706,0.719144854434297,32.986414522722804,0.009,0.010000000206144999,0.859,0.8543130347497335,0.004686965250266462,29.25,29.5086350478644,0.2586350478643986
random_geometric,20,correlated,0.3,1.5,high_frequency,0,lambda_max,1.5,40.67330777609336,18.077025678263716,4.34002838327036,18.077025678263706,1.0000000000000007,32.986414522722804,0.009,0.010000000206144999,0.9524,0.9554524561378118,-0.0030524561378117987,40.67330777609336,40.43047243647992,-0.2428353396134426
random_geometric,20,correlated,0.3,3.0,constant,0,all,2.9999999999999996,3.8727532790657456e-15,4.30305919896194e-16,4.34002838327036,18.077025678263706,2.3804022163535746e-17,32.986414522722804,0.009,0.010000000206144999,0.009,0.010000000206144999,-0.0010000002061449995,3.8727532790657456e-15,-0.011241507511389415,-0.011241507511393287
random_geometric,20,correlated,0.3,3.0,fiedler,0,fiedler,2.9999999999999996,39.0602554494332,4.340028383270356,4.34002838327036,18.077025678263706,0.24008531384059056,32.986414522722804,0.009,0.010000000206144999,0.9894,0.9917124374019572,-0.0023124374019573013,39.0602554494332,39.05303881150469,-0.007216637928507907
random_geometric,20,correlated,0.3,3.0,cluster,0,6;0;2;3,3.0,101.25,11.25,4.34002838327036,18.077025678263706,0.6223368932604493,32.986414522722804,0.009,0.010000000206144999,1.0,0.9999998372863758,1.6271362424102875e-07,101.25,101.0959019497724,-0.1540980502276028
random_geometric,20,correlated,0.3,3.0,point,0,6,3.0,117.0,13.0,4.34002838327036,18.077025678263706,0.7191448544342969,32.986414522722804,0.009,0.010000000206144999,1.0,0.999999998507556,1.4924439462049577e-09,117.0,117.46200544069916,0.4620054406991585
random_geometric,20,correlated,0.3,3.0,edge_bipolar,0,10-12,2.9999999999999996,139.49999999999997,15.5,4.34002838327036,18.077025678263706,0.8574419418255078,32.986414522722804,0.009,0.010000000206144999,1.0,0.9999999999564984,4.3501646729282584e-11,139.49999999999997,139.2502159502084,-0.24978404979157176
random_geometric,20,correlated,0.3,3.0,high_frequency,0,lambda_max,3.0,162.69323110437344,18.077025678263716,4.34002838327036,18.077025678263706,1.0000000000000007,32.986414522722804,0.009,0.010000000206144999,1.0,0.9999999999969371,3.062883280335882e-12,162.69323110437344,162.64522237782413,-0.04800872654931254
random_geometric,20,correlated,0.3,0.75,constant,1,all,0.7499999999999999,1.3498779458282048e-16,2.399783014805698e-16,3.2883559766167303,19.095796283965537,1.2567074863595822e-17,37.455642713028965,0.0124,0.009999999911432467,0.0088,0.009999999911432467,-0.0011999999114324662,1.3498779458282048e-16,-0.015923903372250692,-0.015923903372250827
random_geometric,20,correlated,0.3,0.75,fiedler,1,fiedler,0.75,1.8497002368469133,3.2883559766167347,3.2883559766167303,19.095796283965537,0.1722031345389833,37.455642713028965,0.0124,0.009999999911432467,0.0218,0.018009514772539648,0.0037904852274603523,1.8497002368469133,2.1127465772104372,0.2630463403635239
random_geometric,20,correlated,0.3,0.75,cluster,1,3;0;1;2,0.75,5.0625,9.0,3.2883559766167303,19.095796283965537,0.47130791856829607,37.455642713028965,0.0124,0.009999999911432467,0.0532,0.06088599095967773,-0.00768599095967773,5.0625,4.722652756756233,-0.33984724324376714
random_geometric,20,correlated,0.3,0.75,point,1,4,0.75,5.0625,9.0,3.2883559766167303,19.095796283965537,0.47130791856829607,37.455642713028965,0.0124,0.009999999911432467,0.0512,0.0530588530495002,-0.0018588530495001962,5.0625,5.088401552552497,0.025901552552497265
random_geometric,20,correlated,0.3,0.75,edge_bipolar,1,15-17,0.7499999999999999,7.875,14.000000000000004,3.2883559766167303,19.095796283965537,0.7331456511062385,37.455642713028965,0.0124,0.009999999911432467,0.1198,0.12228081667796953,-0.0024808166779695245,7.875,7.868985292712441,-0.006014707287558707
random_geometric,20,correlated,0.3,0.75,high_frequency,1,lambda_max,0.7500000000000001,10.741385409730611,19.095796283965523,3.2883559766167303,19.095796283965537,0.9999999999999992,37.455642713028965,0.0124,0.009999999911432467,0.2028,0.21145669755034646,-0.008656697550346454,10.741385409730611,10.612356532593868,-0.1290288771367436
random_geometric,20,correlated,0.3,1.5,constant,1,all,1.4999999999999998,5.399511783312819e-16,2.399783014805698e-16,3.2883559766167303,19.095796283965537,1.2567074863595822e-17,37.455642713028965,0.0124,0.009999999911432467,0.0096,0.009999999911432467,-0.00039999991143246753,5.399511783312819e-16,0.06612952730637645,0.0661295273063759
random_geometric,20,correlated,0.3,1.5,fiedler,1,fiedler,1.5,7.398800947387653,3.2883559766167347,3.2883559766167303,19.095796283965537,0.1722031345389833,37.455642713028965,0.0124,0.009999999911432467,0.0762,0.08013673120492981,-0.003936731204929808,7.398800947387653,7.3044324720970515,-0.09436847529060177
random_geometric,20,correlated,0.3,1.5,cluster,1,16;2;4;5,1.5,24.1875,10.75,3.2883559766167303,19.095796283965537,0.5629511249565758,37.455642713028965,0.0124,0.009999999911432467,0.6594,0.6579955200699711,0.0014044799300289013,24.1875,24.202675444617146,0.015175444617145928
random_geometric,20,correlated,0.3,1.5,point,1,6,1.5,40.5,18.0,3.2883559766167303,19.095796283965537,0.9426158371365921,37.455642713028965,0.0124,0.009999999911432467,0.92,0.9223227326593523,-0.0023227326593522335,40.5,40.548285926911234,0.0482859269112339
random_geometric,20,correlated,0.3,1.5,edge_bipolar,1,2-18,1.4999999999999998,31.499999999999993,14.0,3.2883559766167303,19.095796283965537,0.7331456511062383,37.455642713028965,0.0124,0.009999999911432467,0.84,0.8393743223660706,0.0006256776339294001,31.499999999999993,31.57290643131878,0.07290643131878838
random_geometric,20,correlated,0.3,1.5,high_frequency,1,lambda_max,1.5000000000000002,42.965541638922446,19.095796283965523,3.2883559766167303,19.095796283965537,0.9999999999999992,37.455642713028965,0.0124,0.009999999911432467,0.943,0.9413167827791015,0.0016832172208984808,42.965541638922446,42.88689731787554,-0.07864432104690877
random_geometric,20,correlated,0.3,3.0,constant,1,all,2.9999999999999996,2.1598047133251277e-15,2.399783014805698e-16,3.2883559766167303,19.095796283965537,1.2567074863595822e-17,37.455642713028965,0.0124,0.009999999911432467,0.0112,0.009999999911432467,0.0012000000885675332,2.1598047133251277e-15,-0.08442986341335512,-0.08442986341335729
random_geometric,20,correlated,0.3,3.0,fiedler,1,fiedler,3.0,29.595203789550613,3.2883559766167347,3.2883559766167303,19.095796283965537,0.1722031345389833,37.455642713028965,0.0124,0.009999999911432467,0.8826,0.8835665674719413,-0.0009665674719412376,29.595203789550613,29.588774005640207,-0.0064297839104057175
random_geometric,20,correlated,0.3,3.0,cluster,1,4;5;6;7,3.0,87.75,9.75,3.2883559766167303,19.095796283965537,0.5105835784489874,37.455642713028965,0.0124,0.009999999911432467,0.9998,0.999985048273921,-0.00018504827392096246,87.75,88.06864705767325,0.3186470576732461
random_geometric,20,correlated,0.3,3.0,point,1,10,3.0,126.0,14.0,3.2883559766167303,19.095796283965537,0.7331456511062383,37.455642713028965,0.0124,0.009999999911432467,1.0,0.9999999962198349,3.780165069855457e-09,126.0,125.96915161232991,-0.03084838767009046
random_geometric,20,correlated,0.3,3.0,edge_bipolar,1,15-18,2.9999999999999996,139.5,15.500000000000004,3.2883559766167303,19.095796283965537,0.8116969708676212,37.455642713028965,0.0124,0.009999999911432467,1.0,0.9999999996131697,3.8683034553343987e-10,139.5,139.22307374686235,-0.2769262531376455
random_geometric,20,correlated,0.3,3.0,high_frequency,1,lambda_max,3.0000000000000004,171.86216655568978,19.095796283965523,3.2883559766167303,19.095796283965537,0.9999999999999992,37.455642713028965,0.0124,0.009999999911432467,1.0,0.9999999999883578,1.1642242725429242e-11,171.86216655568978,172.26407128187927,0.4019047261894855
random_geometric,20,correlated,0.3,0.75,constant,2,all,0.7499999999999999,4.794394083458796e-16,8.523367259482306e-16,6.858434888104077,20.0,4.261683629741153e-17,43.79675627523282,0.0094,0.009999999949513949,0.0082,0.009999999949513949,-0.0017999999495139484,4.794394083458796e-16,-0.10590296422169132,-0.1059029642216918
random_geometric,20,correlated,0.3,0.75,fiedler,2,fiedler,0.7500000000000001,3.8578696245585418,6.858434888104072,6.858434888104077,20.0,0.3429217444052036,43.79675627523282,0.0094,0.009999999949513949,0.0336,0.030783673630026875,0.0028163263699731225,3.8578696245585418,3.83101080624321,-0.026858818315331767
random_geometric,20,correlated,0.3,0.75,cluster,2,6;0;1;2,0.75,7.734375,13.75,6.858434888104077,20.0,0.6875,43.79675627523282,0.0094,0.009999999949513949,0.0964,0.09649065254952566,-9.065254952565771e-05,7.734375,7.889796386089671,0.15542138608967093
random_geometric,20,correlated,0.3,0.75,point,2,7,0.75,9.0,16.0,6.858434888104077,20.0,0.8,43.79675627523282,0.0094,0.009999999949513949,0.1218,0.1204164477692311,0.0013835522307689002,9.0,9.046830970289761,0.04683097028976135
random_geometric,20,correlated,0.3,0.75,edge_bipolar,2,2-3,0.7499999999999999,10.125,18.000000000000004,6.858434888104077,20.0,0.9000000000000001,43.79675627523282,0.0094,0.009999999949513949,0.155,0.14804421646776733,0.006955783532232668,10.125,10.342153879072072,0.21715387907207173
random_geometric,20,correlated,0.3,0.75,high_frequency,2,lambda_max,0.7499999999999999,11.249999999999993,19.999999999999993,6.858434888104077,20.0,0.9999999999999997,43.79675627523282,0.0094,0.009999999949513949,0.177,0.17926520265627577,-0.0022652026562757777,11.249999999999993,11.195454931698414,-0.05454506830157868
random_geometric,20,correlated,0.3,1.5,constant,2,all,1.4999999999999998,1.9177576333835186e-15,8.523367259482306e-16,6.858434888104077,20.0,4.261683629741153e-17,43.79675627523282,0.0094,0.009999999949513949,0.0076,0.009999999949513949,-0.002399999949513949,1.9177576333835186e-15,0.015633488699357656,0.015633488699355737
random_geometric,20,correlated,0.3,1.5,fiedler,2,fiedler,1.5000000000000002,15.431478498234167,6.858434888104072,6.858434888104077,20.0,0.3429217444052036,43.79675627523282,0.0094,0.009999999949513949,0.2638,0.2645164179330205,-0.0007164179330205189,15.431478498234167,15.481987626563907,0.05050912832973964
random_geometric,20,correlated,0.3,1.5,cluster,2,18;0;1;2,1.5,28.6875,12.75,6.858434888104077,20.0,0.6375,43.79675627523282,0.0094,0.009999999949513949,0.678,0.6756673538664296,0.0023326461335704263,28.6875,28.594723912524714,-0.09277608747528632
random_geometric,20,correlated,0.3,1.5,point,2,10,1.5,36.0,16.0,6.858434888104077,20.0,0.8,43.79675627523282,0.0094,0.009999999949513949,0.8172,0.8253841694986657,-0.008184169498665628,36.0,35.448224769020776,-0.5517752309792243
random_geometric,20,correlated,0.3,1.5,edge_bipolar,2,0-18,1.4999999999999998,35.99999999999999,16.0,6.858434888104077,20.0,0.8,43.79675627523282,0.0094,0.009999999949513949,0.8268,0.828228576994966,-0.0014285769949660132,35.99999999999999,36.08033569049939,0.08033569049939615
random_geometric,20,correlated,0.3,1.5,high_frequency,2,lambda_max,1.4999999999999998,44.99999999999997,19.999999999999993,6.858434888104077,20.0,0.9999999999999997,43.79675627523282,0.0094,0.009999999949513949,0.9082,0.9150219630040155,-0.006821963004015497,44.99999999999997,44.984351744577836,-0.01564825542213555
random_geometric,20,correlated,0.3,3.0,constant,2,all,2.9999999999999996,7.671030533534074e-15,8.523367259482306e-16,6.858434888104077,20.0,4.261683629741153e-17,43.79675627523282,0.0094,0.009999999949513949,0.0114,0.009999999949513949,0.0014000000504860513,7.671030533534074e-15,0.029277341588691996,0.029277341588684325
random_geometric,20,correlated,0.3,3.0,fiedler,2,fiedler,3.0000000000000004,61.72591399293667,6.858434888104072,6.858434888104077,20.0,0.3429217444052036,43.79675627523282,0.0094,0.009999999949513949,0.9986,0.9988972522115422,-0.0002972522115421983,61.72591399293667,61.98216583805909,0.2562518451224207
random_geometric,20,correlated,0.3,3.0,cluster,2,5;0;1;2,3.0,121.5,13.5,6.858434888104077,20.0,0.675,43.79675627523282,0.0094,0.009999999949513949,1.0,0.9999995225408327,4.774591673140094e-07,121.5,121.74745761413094,0.24745761413093703
random_geometric,20,correlated,0.3,3.0,point,2,12,3.0,144.0,16.0,6.858434888104077,20.0,0.8,43.79675627523282,0.0094,0.009999999949513949,1.0,0.9999999946758862,5.32411381648501e-09,144.0,144.24111155643016,0.24111155643015536
random_geometric,20,correlated,0.3,3.0,edge_bipolar,2,5-13,2.9999999999999996,153.0,17.000000000000004,6.858434888104077,20.0,0.8500000000000002,43.79675627523282,0.0094,0.009999999949513949,1.0,0.9999999990596984,9.40301614349437e-10,153.0,153.40531141505045,0.40531141505044843
random_geometric,20,correlated,0.3,3.0,high_frequency,2,lambda_max,2.9999999999999996,179.9999999999999,19.999999999999993,6.858434888104077,20.0,0.9999999999999997,43.79675627523282,0.0094,0.009999999949513949,1.0,0.9999999999143723,8.56277271310546e-11,179.9999999999999,180.21695066402765,0.2169506640277632
random_geometric,20,correlated,0.3,0.75,constant,3,all,0.7499999999999999,1.9549956456822275e-16,3.475547814546183e-16,2.9182218961755053,16.195340379533736,2.1460171463504888e-17,28.117509300667137,0.0102,0.010000000196957182,0.0106,0.010000000196957182,0.0005999998030428184,1.9549956456822275e-16,-0.04090871195078094,-0.040908711950781135
random_geometric,20,correlated,0.3,0.75,fiedler,3,fiedler,0.7500000000000001,1.6414998165987218,2.9182218961755044,2.9182218961755053,16.195340379533736,0.18018898200270614,28.117509300667137,0.0102,0.010000000196957182,0.0208,0.02116411964259679,-0.0003641196425967913,1.6414998165987218,1.6649204089874008,0.023420592388678996
random_geometric,20,correlated,0.3,0.75,cluster,3,2;0;3;5,0.75,4.078125,7.25,2.9182218961755053,16.195340379533736,0.4476596249352017,28.117509300667137,0.0102,0.010000000196957182,0.0682,0.06984501361691042,-0.0016450136169104262,4.078125,3.991986900457613,-0.08613809954238683
random_geometric,20,correlated,0.3,0.75,point,3,19,0.75,5.625,10.0,2.9182218961755053,16.195340379533736,0.617461551634761,28.117509300667137,0.0102,0.010000000196957182,0.1146,0.11021564612502283,0.004384353874977168,5.625,5.752264945574675,0.12726494557467483
random_geometric,20,correlated,0.3,0.75,edge_bipolar,3,3-6,0.7499999999999999,5.062499999999999,9.0,2.9182218961755053,16.195340379533736,0.5557153964712849,28.117509300667137,0.0102,0.010000000196957182,0.0848,0.08594739440258053,-0.0011473944025805344,5.062499999999999,5.120892015317052,0.05839201531705296
random_geometric,20,correlated,0.3,0.75,high_frequency,3,lambda_max,0.75,9.10987896348773,16.195340379533743,2.9182218961755053,16.195340379533736,1.0000000000000004,28.117509300667137,0.0102,0.010000000196957182,0.2552,0.2571077981300226,-0.0019077981300226199,9.10987896348773,9.064192305966971,-0.04568665752075951
random_geometric,20,correlated,0.3,1.5,constant,3,all,1.4999999999999998,7.81998258272891e-16,3.475547814546183e-16,2.9182218961755053,16.195340379533736,2.1460171463504888e-17,28.117509300667137,0.0102,0.010000000196957182,0.0104,0.010000000196957182,0.00039999980304281785,7.81998258272891e-16,0.1155416548082897,0.11554165480828893
random_geometric,20,correlated,0.3,1.5,fiedler,3,fiedler,1.5000000000000002,6.565999266394887,2.9182218961755044,2.9182218961755053,16.195340379533736,0.18018898200270614,28.117509300667137,0.0102,0.010000000196957182,0.1068,0.11823017980197204,-0.011430179801972029,6.565999266394887,6.390893098439262,-0.17510616795562495
random_geometric,20,correlated,0.3,1.5,cluster,3,6;0;2;3,1.5,13.5,6.0,2.9182218961755053,16.195340379533736,0.3704769309808566,28.117509300667137,0.0102,0.010000000196957182,0.447,0.4514621479263401,-0.004462147926340088,13.5,13.555654421899773,0.055654421899772544
random_geometric,20,correlated,0.3,1.5,point,3,7,1.5,22.5,10.0,2.9182218961755053,16.195340379533736,0.617461551634761,28.117509300667137,0.0102,0.010000000196957182,0.8162,0.8111648341176192,0.005035165882380843,22.5,22.65711117288229,0.15711117288228849
random_geometric,20,correlated,0.3,1.5,edge_bipolar,3,14-19,1.4999999999999998,30.374999999999993,13.5,2.9182218961755053,16.195340379533736,0.8335730947069274,28.117509300667137,0.0102,0.010000000196957182,0.93,0.927746094269942,0.0022539057300580145,30.374999999999993,30.396083841544147,0.021083841544154325
random_geometric,20,correlated,0.3,1.5,high_frequency,3,lambda_max,1.5,36.43951585395092,16.195340379533743,2.9182218961755053,16.195340379533736,1.0000000000000004,28.117509300667137,0.0102,0.010000000196957182,0.9662,0.9653521179853077,0.0008478820146922139,36.43951585395092,36.70307491765553,0.263559063704605
random_geometric,20,correlated,0.3,3.0,constant,3,all,2.9999999999999996,3.127993033091564e-15,3.475547814546183e-16,2.9182218961755053,16.195340379533736,2.1460171463504888e-17,28.117509300667137,0.0102,0.010000000196957182,0.0112,0.010000000196957182,0.0011999998030428182,3.127993033091564e-15,0.05659894765406115,0.05659894765405802
random_geometric,20,correlated,0.3,3.0,fiedler,3,fiedler,3.0000000000000004,26.26399706557955,2.9182218961755044,2.9182218961755053,16.195340379533736,0.18018898200270614,28.117509300667137,0.0102,0.010000000196957182,0.9402,0.9417950152711321,-0.0015950152711320387,26.26399706557955,26.297536421778048,0.03353935619849935
random_geometric,20,correlated,0.3,3.0,cluster,3,9;1;4;7,3.0,63.0,7.0,2.9182218961755053,16.195340379533736,0.4322230861443327,28.117509300667137,0.0102,0.010000000196957182,1.0,0.9999844874181255,1.551258187448834e-05,63.0,62.809644280847685,-0.19035571915231486
random_geometric,20,correlated,0.3,3.0,point,3,4,3.0,81.0,9.0,2.9182218961755053,16.195340379533736,0.5557153964712849,28.117509300667137,0.0102,0.010000000196957182,1.0,0.9999999775072954,2.249270458776209e-08,81.0,81.18155319994989,0.18155319994988872
random_geometric,20,correlated,0.3,3.0,edge_bipolar,3,17-19,2.9999999999999996,116.99999999999997,13.0,2.9182218961755053,16.195340379533736,0.8027000171251893,28.117509300667137,0.0102,0.010000000196957182,1.0,0.9999999999595702,4.042977064244724e-11,116.99999999999997,117.5328535243137,0.5328535243137225
random_geometric,20,correlated,0.3,3.0,high_frequency,3,lambda_max,3.0,145.7580634158037,16.195340379533743,2.9182218961755053,16.195340379533736,1.0000000000000004,28.117509300667137,0.0102,0.010000000196957182,1.0,0.9999999999993385,6.614708780716683e-13,145.7580634158037,145.19791173498584,-0.560151680817853
random_geometric,40,iid,0.15,0.75,constant,0,all,0.7499999999999999,1.2836484869483564e-16,2.282041754574856e-16,5.656781487445986,31.379315643240446,7.27243952838226e-18,29.780017193079534,0.0082,0.010000000002337583,0.0098,0.010000000002337583,-0.00020000000233758378,1.2836484869483564e-16,0.0675714011231392,0.06757140112313907
random_geometric,40,iid,0.15,0.75,fiedler,0,fiedler,0.7500000000000001,3.181939586688369,5.656781487445987,5.656781487445986,31.379315643240446,0.1802710279522791,29.780017193079534,0.0082,0.010000000002337583,0.0408,0.04162194959553189,-0.0008219495955318901,3.181939586688369,3.1455760518823936,-0.036363534805975206
random_geometric,40,iid,0.15,0.75,cluster,0,33;3;6;7;9;10;12;13,0.7499999999999999,8.929687499999996,15.874999999999996,5.656781487445986,31.379315643240446,0.5059065079840165,29.780017193079534,0.0082,0.010000000002337583,0.3104,0.3076380373034002,0.0027619626965997846,8.929687499999996,9.010702624275531,0.08101512427553459
random_geometric,40,iid,0.15,0.75,point,0,31,0.75,16.3125,29.0,5.656781487445986,31.379315643240446,0.9241756681282823,29.780017193079534,0.0082,0.010000000002337583,0.7162,0.7082557180595003,0.007944281940499676,16.3125,16.448322671863984,0.1358226718639841
random_geometric,40,iid,0.15,0.75,edge_bipolar,0,0-21,0.7499999999999999,14.062499999999998,25.000000000000004,5.656781487445986,31.379315643240446,0.7967031621795538,29.780017193079534,0.0082,0.010000000002337583,0.6148,0.6089112498659164,0.005888750134083631,14.062499999999998,14.209552265757807,0.14705226575780905
random_geometric,40,iid,0.15,0.75,high_frequency,0,lambda_max,0.7500000000000002,17.65086504932275,31.379315643240425,5.656781487445986,31.379315643240446,0.9999999999999993,29.780017193079534,0.0082,0.010000000002337583,0.7524,0.7577593334935295,-0.005359333493529572,17.65086504932275,17.51174406930464,-0.13912098001810946
random_geometric,40,iid,0.15,1.5,constant,0,all,1.4999999999999998,5.134593947793426e-16,2.282041754574856e-16,5.656781487445986,31.379315643240446,7.27243952838226e-18,29.780017193079534,0.0082,0.010000000002337583,0.008,0.010000000002337583,-0.0020000000023375833,5.134593947793426e-16,-0.05188278071636532,-0.05188278071636583
random_geometric,40,iid,0.15,1.5,fiedler,0,fiedler,1.5000000000000002,12.727758346753475,5.656781487445987,5.656781487445986,31.379315643240446,0.1802710279522791,29.780017193079534,0.0082,0.010000000002337583,0.5634,0.5671907599075364,-0.003790759907536412,12.727758346753475,12.633405197857385,-0.09435314889609003
random_geometric,40,iid,0.15,1.5,cluster,0,30;3;7;9;11;13;16;17,1.4999999999999998,30.93749999999999,13.749999999999998,5.656781487445986,31.379315643240446,0.4381867391987545,29.780017193079534,0.0082,0.010000000002337583,0.9916,0.9935817421079112,-0.001981742107911133,30.93749999999999,30.708440923207093,-0.22905907679289683
random_geometric,40,iid,0.15,1.5,point,0,18,1.5,58.5,26.0,5.656781487445986,31.379315643240446,0.8285712886667359,29.780017193079534,0.0082,0.010000000002337583,1.0,0.9999982548987087,1.7451012912506059e-06,58.5,58.65759917027504,0.15759917027504144
random_geometric,40,iid,0.15,1.5,edge_bipolar,0,20-29,1.4999999999999998,50.625,22.500000000000004,5.656781487445986,31.379315643240446,0.7170328459615984,29.780017193079534,0.0082,0.010000000002337583,1.0,0.9999901784729308,9.821527069187042e-06,50.625,50.57126397980927,-0.053736020190733313
random_geometric,40,iid,0.15,1.5,high_frequency,0,lambda_max,1.5000000000000004,70.603460197291,31.379315643240425,5.656781487445986,31.379315643240446,0.9999999999999993,29.780017193079534,0.0082,0.010000000002337583,1.0,0.9999998840888439,1.1591115611775393e-07,70.603460197291,70.13042500735781,-0.47303518993318505
random_geometric,40,iid,0.15,3.0,constant,0,all,2.9999999999999996,2.0538375791173703e-15,2.282041754574856e-16,5.656781487445986,31.379315643240446,7.27243952838226e-18,29.780017193079534,0.0082,0.010000000002337583,0.0108,0.010000000002337583,0.0007999999976624171,2.0538375791173703e-15,0.0799467165843133,0.07994671658431124
random_geometric,40,iid,0.15,3.0,fiedler,0,fiedler,3.0000000000000004,50.9110333870139,5.656781487445987,5.656781487445986,31.379315643240446,0.1802710279522791,29.780017193079534,0.0082,0.010000000002337583,1.0,0.9999999999999583,4.1744385725905886e-14,50.9110333870139,50.917657166492454,0.006623779478552194
random_geometric,40,iid,0.15,3.0,cluster,0,36;1;3;5;7;9;11;13,2.9999999999999996,124.87499999999997,13.875,5.656781487445986,31.379315643240446,0.4421702550096523,29.780017193079534,0.0082,0.010000000002337583,1.0,0.9999999999999993,6.661338147750939e-16,124.87499999999997,125.3332203223045,0.4582203223045269
random_geometric,40,iid,0.15,3.0,point,0,29,3.0,234.0,26.0,5.656781487445986,31.379315643240446,0.8285712886667359,29.780017193079534,0.0082,0.010000000002337583,1.0,1.0,0.0,234.0,233.78214179840515,-0.2178582015948507
random_geometric,40,iid,0.15,3.0,edge_bipolar,0,13-17,2.9999999999999996,188.99999999999997,21.0,5.656781487445986,31.379315643240446,0.6692306562308251,29.780017193079534,0.0082,0.010000000002337583,1.0,1.0,0.0,188.99999999999997,189.1694972959153,0.1694972959153347
random_geometric,40,iid,0.15,3.0,high_frequency,0,lambda_max,3.000000000000001,282.413840789164,31.379315643240425,5.656781487445986,31.379315643240446,0.9999999999999993,29.780017193079534,0.0082,0.010000000002337583,1.0,1.0,0.0,282.413840789164,282.1229420907079,-0.29089869845608973
random_geometric,40,iid,0.15,0.75,constant,1,all,0.7499999999999999,-1.2507344231804494e-16,-2.2235278634319104e-16,3.8179994910850112,33.09371784673497,-6.718882035948959e-18,26.26933326030525,0.0102,0.01000000001733603,0.0104,0.01000000001733603,0.00039999998266396913,-1.2507344231804494e-16,0.08828744460929272,0.08828744460929284
random_geometric,40,iid,0.15,0.75,fiedler,1,fiedler,0.7500000000000001,2.1476247137353215,3.8179994910850144,3.8179994910850112,33.09371784673497,0.11536931295441315,26.26933326030525,0.0102,0.01000000001733603,0.033,0.029076327951682746,0.003923672048317256,2.1476247137353215,2.2296954949639147,0.08207078122859324
random_geometric,40,iid,0.15,0.75,cluster,1,0;1;7;8;9;13;14;20,0.7499999999999999,5.765624999999998,10.249999999999998,3.8179994910850112,33.09371784673497,0.309726457676053,26.26933326030525,0.0102,0.01000000001733603,0.1722,0.16587304317528223,0.006326956824717761,5.765624999999998,5.8398683704075065,0.07424337040750828
random_geometric,40,iid,0.15,0.75,point,1,12,0.75,5.0625,9.0,3.8179994910850112,33.09371784673497,0.2719549384472661,26.26933326030525,0.0102,0.01000000001733603,0.1152,0.11647901182394377,-0.0012790118239437709,5.0625,5.000838671814767,-0.06166132818523273
random_geometric,40,iid,0.15,0.75,edge_bipolar,1,18-31,0.7499999999999999,13.781249999999998,24.5,3.8179994910850112,33.09371784673497,0.7403217768842244,26.26933326030525,0.0102,0.01000000001733603,0.6828,0.6737625703793562,0.0090374296206438,13.781249999999998,13.821254482228264,0.040004482228265914
random_geometric,40,iid,0.15,0.75,high_frequency,1,lambda_max,0.7500000000000001,18.615216288788424,33.09371784673496,3.8179994910850112,33.09371784673497,0.9999999999999998,26.26933326030525,0.0102,0.01000000001733603,0.8434,0.8387370527257282,0.004662947274271856,18.615216288788424,18.76162799572031,0.146411706931886
random_geometric,40,iid,0.15,1.5,constant,1,all,1.4999999999999998,-5.002937692721798e-16,-2.2235278634319104e-16,3.8179994910850112,33.09371784673497,-6.718882035948959e-18,26.26933326030525,0.0102,0.01000000001733603,0.0074,0.01000000001733603,-0.00260000001733603,-5.002937692721798e-16,-0.004367816575479466,-0.004367816575478966
random_geometric,40,iid,0.15,1.5,fiedler,1,fiedler,1.5000000000000002,8.590498854941286,3.8179994910850144,3.8179994910850112,33.09371784673497,0.11536931295441315,26.26933326030525,0.0102,0.01000000001733603,0.312,0.31347435182050837,-0.0014743518205083683,8.590498854941286,8.56013638676677,-0.030362468174516266
random_geometric,40,iid,0.15,1.5,cluster,1,36;2;4;6;8;10;11;15,1.4999999999999998,32.906249999999986,14.624999999999996,3.8179994910850112,33.09371784673497,0.4419267749768073,26.26933326030525,0.0102,0.01000000001733603,0.9988,0.9987347091607037,6.529083929629476e-05,32.906249999999986,32.81839702373789,-0.08785297626209854
random_geometric,40,iid,0.15,1.5,point,1,27,1.5,67.5,30.0,3.8179994910850112,33.09371784673497,0.906516461490887,26.26933326030525,0.0102,0.01000000001733603,1.0,0.9999999290563131,7.094368692506237e-08,67.5,67.13003461314538,-0.36996538685461644
random_geometric,40,iid,0.15,1.5,edge_bipolar,1,13-35,1.4999999999999998,31.499999999999993,14.0,3.8179994910850112,33.09371784673497,0.42304101536241395,26.26933326030525,0.0102,0.01000000001733603,0.9996,0.9994240325312682,0.00017596746873183022,31.499999999999993,31.6985010889153,0.19850108891530738
random_geometric,40,iid,0.15,1.5,high_frequency,1,lambda_max,1.5000000000000002,74.4608651551537,33.09371784673496,3.8179994910850112,33.09371784673497,0.9999999999999998,26.26933326030525,0.0102,0.01000000001733603,1.0,0.9999999862615468,1.3738453152889463e-08,74.4608651551537,74.35138695119551,-0.10947820395819008
random_geometric,40,iid,0.15,3.0,constant,1,all,2.9999999999999996,-2.001175077088719e-15,-2.2235278634319104e-16,3.8179994910850112,33.09371784673497,-6.718882035948959e-18,26.26933326030525,0.0102,0.01000000001733603,0.0096,0.01000000001733603,-0.00040000001733603123,-2.001175077088719e-15,-0.04068296274489214,-0.04068296274489014
random_geometric,40,iid,0.15,3.0,fiedler,1,fiedler,3.0000000000000004,34.361995419765144,3.8179994910850144,3.8179994910850112,33.09371784673497,0.11536931295441315,26.26933326030525,0.0102,0.01000000001733603,1.0,0.9999999968663469,3.133653114772983e-09,34.361995419765144,34.38032685812267,0.01833143835752793
random_geometric,40,iid,0.15,3.0,cluster,1,14;0;3;5;7;8;9;20,2.9999999999999996,78.74999999999997,8.749999999999998,3.8179994910850112,33.09371784673497,0.26440063460150864,26.26933326030525,0.0102,0.01000000001733603,1.0,0.9999999999861748,1.3825163236447224e-11,78.74999999999997,78.72004088431277,-0.02995911568720544
random_geometric,40,iid,0.15,3.0,point,1,24,3.0,180.0,20.0,3.8179994910850112,33.09371784673497,0.6043443076605913,26.26933326030525,0.0102,0.01000000001733603,1.0,1.0,0.0,180.0,180.2738520824491,0.2738520824491104
random_geometric,40,iid,0.15,3.0,edge_bipolar,1,3-14,2.9999999999999996,98.99999999999997,10.999999999999998,3.8179994910850112,33.09371784673497,0.3323893692133252,26.26933326030525,0.0102,0.01000000001733603,1.0,1.0,0.0,98.99999999999997,99.01691304464111,0.01691304464114296
random_geometric,40,iid,0.15,3.0,high_frequency,1,lambda_max,3.0000000000000004,297.8434606206148,33.09371784673496,3.8179994910850112,33.09371784673497,0.9999999999999998,26.26933326030525,0.0102,0.01000000001733603,1.0,1.0,0.0,297.8434606206148,297.9599057657036,0.11644514508878956
random_geometric,40,iid,0.15,0.75,constant,2,all,0.7499999999999999,-1.4153047420199824e-16,-2.516097319146636e-16,1.4251436831744144,23.94518071951317,-1.0507739944080866e-17,20.3433201279242,0.0096,0.010000000017085453,0.01,0.010000000017085453,-1.708545284417884e-11,-1.4153047420199824e-16,-0.05368861318311069,-0.05368861318311055
random_geometric,40,iid,0.15,0.75,fiedler,2,fiedler,0.7500000000000001,0.8016433217856074,1.4251436831744126,1.4251436831744144,23.94518071951317,0.059516931605909686,20.3433201279242,0.0096,0.010000000017085453,0.0152,0.016701906746513007,-0.0015019067465130067,0.8016433217856074,0.8046023126097239,0.0029589908241165475
random_geometric,40,iid,0.15,0.75,cluster,2,6;0;4;9;10;12;13;14,0.7499999999999999,4.1484375,7.375000000000002,1.4251436831744144,23.94518071951317,0.30799516973325824,20.3433201279242,0.0096,0.010000000017085453,0.1496,0.14972470050063202,-0.00012470050063201343,4.1484375,4.176648451927306,0.028210951927306382
random_geometric,40,iid,0.15,0.75,point,2,15,0.75,9.0,16.0,1.4251436831744144,23.94518071951317,0.6681929106077465,20.3433201279242,0.0096,0.010000000017085453,0.5482,0.5554430925635307,-0.007243092563530729,9.0,8.917770450230929,-0.08222954976907104
random_geometric,40,iid,0.15,0.75,edge_bipolar,2,0-32,0.7499999999999999,7.874999999999998,14.0,1.4251436831744144,23.94518071951317,0.5846687967817782,20.3433201279242,0.0096,0.010000000017085453,0.4672,0.4605804075398593,0.006619592460140711,7.874999999999998,7.88656243177185,0.011562431771851678
random_geometric,40,iid,0.15,0.75,high_frequency,2,lambda_max,0.7500000000000001,13.469164154726164,23.94518071951317,1.4251436831744144,23.94518071951317,1.0,20.3433201279242,0.0096,0.010000000017085453,0.8068,0.8095988690840483,-0.002798869084048361,13.469164154726164,13.54755729766907,0.07839314294290567
random_geometric,40,iid,0.15,1.5,constant,2,all,1.4999999999999998,-5.661218968079929e-16,-2.516097319146636e-16,1.4251436831744144,23.94518071951317,-1.0507739944080866e-17,20.3433201279242,0.0096,0.010000000017085453,0.0086,0.010000000017085453,-0.001400000017085453,-5.661218968079929e-16,-0.024038870018626923,-0.024038870018626358
random_geometric,40,iid,0.15,1.5,fiedler,2,fiedler,1.5000000000000002,3.2065732871424295,1.4251436831744126,1.4251436831744144,23.94518071951317,0.059516931605909686,20.3433201279242,0.0096,0.010000000017085453,0.0668,0.06710534069190532,-0.00030534069190532587,3.2065732871424295,3.2176562248441662,0.01108293770173674
random_geometric,40,iid,0.15,1.5,cluster,2,17;1;2;3;5;7;15;20,1.4999999999999998,19.406249999999996,8.625,1.4251436831744144,23.94518071951317,0.36019774087448836,20.3433201279242,0.0096,0.010000000017085453,0.9798,0.9817855684684693,-0.001985568468469312,19.406249999999996,19.25011284041519,-0.15613715958480512
random_geometric,40,iid,0.15,1.5,point,2,12,1.5,27.0,12.0,1.4251436831744144,23.94518071951317,0.5011446829558099,20.3433201279242,0.0096,0.010000000017085453,1.0,0.99976465894184,0.00023534105816003237,27.0,26.98957418863767,-0.010425811362331672
random_geometric,40,iid,0.15,1.5,edge_bipolar,2,4-16,1.4999999999999998,23.624999999999993,10.499999999999998,1.4251436831744144,23.94518071951317,0.43850159758633356,20.3433201279242,0.0096,0.010000000017085453,0.999,0.9992389670282301,-0.00023896702823011928,23.624999999999993,23.548940173870513,-0.07605982612948026
random_geometric,40,iid,0.15,1.5,high_frequency,2,lambda_max,1.5000000000000002,53.876656618904654,23.94518071951317,1.4251436831744144,23.94518071951317,1.0,20.3433201279242,0.0096,0.010000000017085453,1.0,0.9999999683284396,3.16715603743134e-08,53.876656618904654,53.704980966860674,-0.17167565204398016
random_geometric,40,iid,0.15,3.0,constant,2,all,2.9999999999999996,-2.2644875872319718e-15,-2.516097319146636e-16,1.4251436831744144,23.94518071951317,-1.0507739944080866e-17,20.3433201279242,0.0096,0.010000000017085453,0.0086,0.010000000017085453,-0.001400000017085453,-2.2644875872319718e-15,-0.02611891817692502,-0.026118918176922756
random_geometric,40,iid,0.15,3.0,fiedler,2,fiedler,3.0000000000000004,12.826293148569718,1.4251436831744126,1.4251436831744144,23.94518071951317,0.059516931605909686,20.3433201279242,0.0096,0.010000000017085453,0.9468,0.9457297103996771,0.001070289600322849,12.826293148569718,12.803532469613348,-0.02276067895637013
random_geometric,40,iid,0.15,3.0,cluster,2,16;4;6;8;9;10;23;25,2.9999999999999996,72.0,8.000000000000002,1.4251436831744144,23.94518071951317,0.33409645530387333,20.3433201279242,0.0096,0.010000000017085453,1.0,1.0,0.0,72.0,72.21264851712245,0.21264851712244592
random_geometric,40,iid,0.15,3.0,point,2,19,3.0,99.0,11.0,1.4251436831744144,23.94518071951317,0.45938262604282576,20.3433201279242,0.0096,0.010000000017085453,1.0,0.9999999997033552,2.966448198193916e-10,99.0,99.06114936854705,0.06114936854704922
random_geometric,40,iid,0.15,3.0,edge_bipolar,2,10-23,2.9999999999999996,175.49999999999997,19.5,1.4251436831744144,23.94518071951317,0.8143601098031911,20.3433201279242,0.0096,0.010000000017085453,1.0,0.9999999999999998,2.220446049250313e-16,175.49999999999997,175.3405089439985,-0.15949105600148528
random_geometric,40,iid,0.15,3.0,high_frequency,2,lambda_max,3.0000000000000004,215.50662647561862,23.94518071951317,1.4251436831744144,23.94518071951317,1.0,20.3433201279242,0.0096,0.010000000017085453,1.0,1.0,0.0,215.50662647561862,215.81884792120593,0.312221445587312
random_geometric,40,iid,0.15,0.75,constant,3,all,0.7499999999999999,-2.962265739111594e-17,-5.2662502028650575e-17,2.443277231763762,25.381681381722867,-2.0748232253270815e-18,22.542620019504156,0.0108,0.01000000003182061,0.0092,0.01000000003182061,-0.0008000000318206107,-2.962265739111594e-17,-0.08816451920319501,-0.08816451920319499
random_geometric,40,iid,0.15,0.75,fiedler,3,fiedler,0.7500000000000001,1.374343442867121,2.4432772317637697,2.443277231763762,25.381681381722867,0.09626144127406598,22.542620019504156,0.0108,0.01000000003182061,0.0224,0.02215714748235187,0.00024285251764813096,1.374343442867121,1.3874381351095249,0.013094692242403783
random_geometric,40,iid,0.15,0.75,cluster,3,15;14;17;22;23;31;34;36,0.7499999999999999,2.8124999999999996,5.0,2.443277231763762,25.381681381722867,0.1969924657395021,22.542620019504156,0.0108,0.01000000003182061,0.0642,0.06479569949132674,-0.0005956994913267483,2.8124999999999996,2.821683983593145,0.009183983593145317
random_geometric,40,iid,0.15,0.75,point,3,32,0.75,6.75,12.0,2.443277231763762,25.381681381722867,0.472781917774805,22.542620019504156,0.0108,0.01000000003182061,0.2884,0.2913660330401992,-0.002966033040199212,6.75,6.724923875138346,-0.02507612486165378
random_geometric,40,iid,0.15,0.75,edge_bipolar,3,6-19,0.7499999999999999,9.84375,17.500000000000004,2.443277231763762,25.381681381722867,0.6894736300882575,22.542620019504156,0.0108,0.01000000003182061,0.5436,0.54478602885005,-0.001186028850050036,9.84375,9.768518885516206,-0.0752311144837936
random_geometric,40,iid,0.15,0.75,high_frequency,3,lambda_max,0.7499999999999999,14.2771957772191,25.38168138172285,2.443277231763762,25.381681381722867,0.9999999999999993,22.542620019504156,0.0108,0.01000000003182061,0.7818,0.785984441041245,-0.004184441041244935,14.2771957772191,14.141446595443098,-0.13574918177600281
random_geometric,40,iid,0.15,1.5,constant,3,all,1.4999999999999998,-1.1849062956446377e-16,-5.2662502028650575e-17,2.443277231763762,25.381681381722867,-2.0748232253270815e-18,22.542620019504156,0.0108,0.01000000003182061,0.0106,0.01000000003182061,0.0005999999681793895,-1.1849062956446377e-16,-0.04136098211498407,-0.04136098211498395
random_geometric,40,iid,0.15,1.5,fiedler,3,fiedler,1.5000000000000002,5.497373771468484,2.4432772317637697,2.443277231763762,25.381681381722867,0.09626144127406598,22.542620019504156,0.0108,0.01000000003182061,0.1594,0.16001148454461722,-0.0006114845446172357,5.497373771468484,5.5043995558768035,0.007025784408319247
random_geometric,40,iid,0.15,1.5,cluster,3,0;3;6;7;9;10;12;16,1.4999999999999998,25.031249999999996,11.125,2.443277231763762,25.381681381722867,0.43830823627039217,22.542620019504156,0.0108,0.01000000003182061,0.9958,0.9950774837171603,0.0007225162828397025,25.031249999999996,24.90221675312617,-0.12903324687382778
random_geometric,40,iid,0.15,1.5,point,3,6,1.5,42.75,19.0,2.443277231763762,25.381681381722867,0.748571369810108,22.542620019504156,0.0108,0.01000000003182061,1.0,0.9999965829476731,3.4170523268706177e-06,42.75,42.73717128802742,-0.012828711972581175
random_geometric,40,iid,0.15,1.5,edge_bipolar,3,5-18,1.4999999999999998,36.0,16.000000000000004,2.443277231763762,25.381681381722867,0.6303758903664068,22.542620019504156,0.0108,0.01000000003182061,1.0,0.9999793141499345,2.0685850065538247e-05,36.0,36.22403689401585,0.22403689401585325
random_geometric,40,iid,0.15,1.5,high_frequency,3,lambda_max,1.4999999999999998,57.1087831088764,25.38168138172285,2.443277231763762,25.381681381722867,0.9999999999999993,22.542620019504156,0.0108,0.01000000003182061,1.0,0.9999999426716402,5.7328359837072185e-08,57.1087831088764,57.00851376466584,-0.10026934421055955
random_geometric,40,iid,0.15,3.0,constant,3,all,2.9999999999999996,-4.739625182578551e-16,-5.2662502028650575e-17,2.443277231763762,25.381681381722867,-2.0748232253270815e-18,22.542620019504156,0.0108,0.01000000003182061,0.0086,0.01000000003182061,-0.0014000000318206106,-4.739625182578551e-16,0.03873322601921991,0.038733226019220385
random_geometric,40,iid,0.15,3.0,fiedler,3,fiedler,3.0000000000000004,21.989495085873937,2.4432772317637697,2.443277231763762,25.381681381722867,0.09626144127406598,22.542620019504156,0.0108,0.01000000003182061,1.0,0.9999665429287071,3.345707129287501e-05,21.989495085873937,21.98417324014497,-0.0053218457289681
random_geometric,40,iid,0.15,3.0,cluster,3,19;0;3;6;7;9;10;16,2.9999999999999996,88.875,9.875000000000002,2.443277231763762,25.381681381722867,0.3890601198355167,22.542620019504156,0.0108,0.01000000003182061,1.0,0.9999999999989253,1.0746958878371515e-12,88.875,88.77110343493412,-0.10389656506588096
random_geometric,40,iid,0.15,3.0,point,3,34,3.0,189.0,21.0,2.443277231763762,25.381681381722867,0.8273683561059088,22.542620019504156,0.0108,0.01000000003182061,1.0,1.0,0.0,189.0,189.37604663950137,0.37604663950136796
random_geometric,40,iid,0.15,3.0,edge_bipolar,3,6-16,2.9999999999999996,166.5,18.500000000000004,2.443277231763762,25.381681381722867,0.7288721232361579,22.542620019504156,0.0108,0.01000000003182061,1.0,1.0,0.0,166.5,166.92742968781374,0.427429687813742
random_geometric,40,iid,0.15,3.0,high_frequency,3,lambda_max,2.9999999999999996,228.4351324355056,25.38168138172285,2.443277231763762,25.381681381722867,0.9999999999999993,22.542620019504156,0.0108,0.01000000003182061,1.0,1.0,0.0,228.4351324355056,228.95236487641031,0.5172324409047064
random_geometric,40,iid,0.3,0.75,constant,0,all,0.7499999999999999,-1.0203359768051035e-16,-1.8139306254312956e-16,3.2652676485010663,30.52628468999144,-5.9421925853493185e-18,112.32967823373036,0.0084,0.010000000086820893,0.0088,0.010000000086820893,-0.0012000000868208922,-1.0203359768051035e-16,0.20861495883058012,0.20861495883058023
random_geometric,40,iid,0.3,0.75,fiedler,0,fiedler,0.7500000000000002,1.836713052281852,3.265267648501068,3.2652676485010663,30.52628468999144,0.10696577332162671,112.32967823373036,0.0084,0.010000000086820893,0.0122,0.012442297131913804,-0.0002422971319138035,1.836713052281852,1.7826819164512102,-0.054031135830641785
random_geometric,40,iid,0.3,0.75,cluster,0,39;1;7;9;11;13;15;23,0.7499999999999999,8.296874999999998,14.75,3.2652676485010663,30.52628468999144,0.4831901474350083,112.32967823373036,0.0084,0.010000000086820893,0.0358,0.03661633220358573,-0.0008163322035857346,8.296874999999998,8.263553407383895,-0.03332159261610279
random_geometric,40,iid,0.3,0.75,point,0,15,0.75,15.1875,27.0,3.2652676485010663,30.52628468999144,0.8844836597115406,112.32967823373036,0.0084,0.010000000086820893,0.0808,0.08586772163305723,-0.005067721633057229,15.1875,14.919598163167066,-0.2679018368329338
random_geometric,40,iid,0.3,0.75,edge_bipolar,0,5-18,0.7499999999999999,8.4375,15.000000000000004,3.2652676485010663,30.52628468999144,0.49137981095085603,112.32967823373036,0.0084,0.010000000086820893,0.0318,0.03278450527130222,-0.0009845052713022204,8.4375,7.963999053223077,-0.4735009467769231
random_geometric,40,iid,0.3,0.75,high_frequency,0,lambda_max,0.75,17.17103513812019,30.526284689991446,3.2652676485010663,30.52628468999144,1.0000000000000002,112.32967823373036,0.0084,0.010000000086820893,0.113,0.10652222483172374,0.006477775168276259,17.17103513812019,17.805030427807935,0.6339952896877463
random_geometric,40,iid,0.3,1.5,constant,0,all,1.4999999999999998,-4.081343907220414e-16,-1.8139306254312956e-16,3.2652676485010663,30.52628468999144,-5.9421925853493185e-18,112.32967823373036,0.0084,0.010000000086820893,0.0092,0.010000000086820893,-0.0008000000868208929,-4.081343907220414e-16,0.11673797174503875,0.11673797174503915
random_geometric,40,iid,0.3,1.5,fiedler,0,fiedler,1.5000000000000004,7.346852209127408,3.265267648501068,3.2652676485010663,30.52628468999144,0.10696577332162671,112.32967823373036,0.0084,0.010000000086820893,0.0242,0.023352113280060982,0.0008478867199390172,7.346852209127408,7.365802312411219,0.01895010328381108
random_geometric,40,iid,0.3,1.5,cluster,0,34;5;7;11;23;27;30;37,1.4999999999999998,19.406249999999996,8.625,3.2652676485010663,30.52628468999144,0.28254339129674216,112.32967823373036,0.0084,0.010000000086820893,0.1066,0.1086698716219962,-0.0020698716219962054,19.406249999999996,19.560292886100868,0.15404288610087136
random_geometric,40,iid,0.3,1.5,point,0,14,1.5,60.75,27.0,3.2652676485010663,30.52628468999144,0.8844836597115406,112.32967823373036,0.0084,0.010000000086820893,0.6856,0.6875957747120383,-0.0019957747120382674,60.75,60.65715808750454,-0.0928419124954587
random_geometric,40,iid,0.3,1.5,edge_bipolar,0,17-31,1.4999999999999998,45.0,20.000000000000004,3.2652676485010663,30.52628468999144,0.6551730812678079,112.32967823373036,0.0084,0.010000000086820893,0.4682,0.47800631746456157,-0.009806317464561565,45.0,44.45029574467377,-0.5497042553262332
random_geometric,40,iid,0.3,1.5,high_frequency,0,lambda_max,1.5,68.68414055248076,30.526284689991446,3.2652676485010663,30.52628468999144,1.0000000000000002,112.32967823373036,0.0084,0.010000000086820893,0.7596,0.7640973385115983,-0.004497338511598281,68.68414055248076,68.69029773522124,0.0061571827404804935
random_geometric,40,iid,0.3,3.0,constant,0,all,2.9999999999999996,-1.6325375628881657e-15,-1.8139306254312956e-16,3.2652676485010663,30.52628468999144,-5.9421925853493185e-18,112.32967823373036,0.0084,0.010000000086820893,0.0096,0.010000000086820893,-0.00040000008682089354,-1.6325375628881657e-15,-0.16305876652398865,-0.16305876652398701
random_geometric,40,iid,0.3,3.0,fiedler,0,fiedler,3.000000000000001,29.387408836509632,3.265267648501068,3.2652676485010663,30.52628468999144,0.10696577332162671,112.32967823373036,0.0084,0.010000000086820893,0.1844,0.18476995724435447,-0.0003699572443544574,29.387408836509632,29.393875343047398,0.006466506537766037
random_geometric,40,iid,0.3,3.0,cluster,0,30;3;5;12;16;18;19;20,2.9999999999999996,136.12499999999994,15.124999999999996,3.2652676485010663,30.52628468999144,0.4954746427087796,112.32967823373036,0.0084,0.010000000086820893,0.9978,0.998006494358241,-0.00020649435824093842,136.12499999999994,136.1828322534688,0.05783225346885956
random_geometric,40,iid,0.3,3.0,point,0,6,3.0,117.0,13.0,3.2652676485010663,30.52628468999144,0.4258625028240751,112.32967823373036,0.0084,0.010000000086820893,0.9968,0.9972441762420999,-0.000444176242099914,117.0,116.3834253937134,-0.6165746062866049
random_geometric,40,iid,0.3,3.0,edge_bipolar,0,18-23,2.9999999999999996,152.99999999999997,17.0,3.2652676485010663,30.52628468999144,0.5568971190776367,112.32967823373036,0.0084,0.010000000086820893,1.0,0.9998004360677005,0.00019956393229947356,152.99999999999997,153.24764716177933,0.24764716177935497
random_geometric,40,iid,0.3,3.0,high_frequency,0,lambda_max,3.0,274.736562209923,30.526284689991446,3.2652676485010663,30.52628468999144,1.0000000000000002,112.32967823373036,0.0084,0.010000000086820893,1.0,0.9999999050818498,9.491815022855121e-08,274.736562209923,274.50706105355573,-0.22950115636729151
random_geometric,40,iid,0.3,0.75,constant,1,all,0.7499999999999999,1.4153047420199824e-16,2.516097319146636e-16,2.537162213290679,21.39381818830724,1.1760861464746883e-17,81.23116070977841,0.0104,0.010000000002687026,0.0108,0.010000000002687026,0.0007999999973129744,1.4153047420199824e-16,0.1607848093525206,0.16078480935252046
random_geometric,40,iid,0.3,0.75,fiedler,1,fiedler,0.75,1.4271537449760088,2.5371622132906824,2.537162213290679,21.39381818830724,0.11859323992373483,81.23116070977841,0.0104,0.010000000002687026,0.0128,0.012766723891653287,3.327610834671403e-05,1.4271537449760088,1.3042084625731647,-0.12294528240284408
random_geometric,40,iid,0.3,0.75,cluster,1,36;0;2;3;4;11;14;15,0.7499999999999999,5.203125,9.250000000000002,2.537162213290679,21.39381818830724,0.43236788863876463,81.23116070977841,0.0104,0.010000000002687026,0.0344,0.03191633557126211,0.002483664428737889,5.203125,5.3951521330047,0.1920271330047001
random_geometric,40,iid,0.3,0.75,point,1,18,0.75,10.6875,19.0,2.537162213290679,21.39381818830724,0.8881070145012461,81.23116070977841,0.0104,0.010000000002687026,0.0888,0.0864179511667652,0.0023820488332347983,10.6875,10.755797045173082,0.06829704517308244
random_geometric,40,iid,0.3,0.75,edge_bipolar,1,13-32,0.7499999999999999,8.437499999999998,15.0,2.537162213290679,21.39381818830724,0.70113711671151,81.23116070977841,0.0104,0.010000000002687026,0.0536,0.055276969910206974,-0.0016769699102069727,8.437499999999998,8.497800672028568,0.06030067202856948
random_geometric,40,iid,0.3,0.75,high_frequency,1,lambda_max,0.7499999999999999,12.034022730922821,21.393818188307243,2.537162213290679,21.39381818830724,1.0000000000000002,81.23116070977841,0.0104,0.010000000002687026,0.1086,0.10565930213091324,0.002940697869086767,12.034022730922821,12.281087049078202,0.2470643181553811
random_geometric,40,iid,0.3,1.5,constant,1,all,1.4999999999999998,5.661218968079929e-16,2.516097319146636e-16,2.537162213290679,21.39381818830724,1.1760861464746883e-17,81.23116070977841,0.0104,0.010000000002687026,0.0098,0.010000000002687026,-0.00020000000268702647,5.661218968079929e-16,-0.007832686835726577,-0.007832686835727142
random_geometric,40,iid,0.3,1.5,fiedler,1,fiedler,1.5,5.708614979904035,2.5371622132906824,2.537162213290679,21.39381818830724,0.11859323992373483,81.23116070977841,0.0104,0.010000000002687026,0.028,0.025664174343499324,0.0023358256565006764,5.708614979904035,5.57085060075422,-0.13776437914981532
random_geometric,40,iid,0.3,1.5,cluster,1,33;0;11;12;13;17;18;31,1.4999999999999998,17.71875,7.875000000000002,2.537162213290679,21.39381818830724,0.36809698627354287,81.23116070977841,0.0104,0.010000000002687026,0.1792,0.17592537708817618,0.0032746229118238157,17.71875,17.82727903823131,0.10852903823131044
random_geometric,40,iid,0.3,1.5,point,1,28,1.5,20.25,9.0,2.537162213290679,21.39381818830724,0.42068227002690606,81.23116070977841,0.0104,0.010000000002687026,0.219,0.20986160708487916,0.009138392915120835,20.25,20.445450554241276,0.1954505542412761
random_geometric,40,iid,0.3,1.5,edge_bipolar,1,11-17,1.4999999999999998,36.0,16.000000000000004,2.537162213290679,21.39381818830724,0.7478795911589442,81.23116070977841,0.0104,0.010000000002687026,0.571,0.5682487619689355,0.0027512380310644735,36.0,36.230491517884204,0.23049151788420374
random_geometric,40,iid,0.3,1.5,high_frequency,1,lambda_max,1.4999999999999998,48.136090923691285,21.393818188307243,2.537162213290679,21.39381818830724,1.0000000000000002,81.23116070977841,0.0104,0.010000000002687026,0.7662,0.7591191808181721,0.007080819181827902,48.136090923691285,48.34484186832975,0.20875094463846722
random_geometric,40,iid,0.3,3.0,constant,1,all,2.9999999999999996,2.2644875872319718e-15,2.516097319146636e-16,2.537162213290679,21.39381818830724,1.1760861464746883e-17,81.23116070977841,0.0104,0.010000000002687026,0.0102,0.010000000002687026,0.00019999999731297458,2.2644875872319718e-15,0.1426745366669948,0.14267453666699254
random_geometric,40,iid,0.3,3.0,fiedler,1,fiedler,3.0,22.83445991961614,2.5371622132906824,2.537162213290679,21.39381818830724,0.11859323992373483,81.23116070977841,0.0104,0.010000000002687026,0.235,0.2321867540276547,0.0028132459723452796,22.83445991961614,22.748563145885072,-0.08589677373106852
random_geometric,40,iid,0.3,3.0,cluster,1,17;0;4;11;12;13;15;18,2.9999999999999996,91.12499999999999,10.125,2.537162213290679,21.39381818830724,0.4732675537802693,81.23116070977841,0.0104,0.010000000002687026,0.995,0.9961861968890282,-0.0011861968890282126,91.12499999999999,90.91671954992601,-0.20828045007397122
random_geometric,40,iid,0.3,3.0,point,1,30,3.0,108.0,12.0,2.537162213290679,21.39381818830724,0.560909693369208,81.23116070977841,0.0104,0.010000000002687026,0.9996,0.9997970011940891,-0.0001970011940890526,108.0,107.63576562208361,-0.36423437791638946
random_geometric,40,iid,0.3,3.0,edge_bipolar,1,14-36,2.9999999999999996,98.99999999999999,11.0,2.537162213290679,21.39381818830724,0.5141672189217741,81.23116070977841,0.0104,0.010000000002687026,0.9998,0.9995581734182991,0.0002418265817009102,98.99999999999999,99.35862370420118,0.35862370420119305
random_geometric,40,iid,0.3,3.0,high_frequency,1,lambda_max,2.9999999999999996,192.54436369476514,21.393818188307243,2.537162213290679,21.39381818830724,1.0000000000000002,81.23116070977841,0.0104,0.010000000002687026,1.0,0.9999998856362555,1.1436374447448827e-07,192.54436369476514,193.8165901357258,1.272226440960651
random_geometric,40,iid,0.3,0.75,constant,2,all,0.7499999999999999,-6.253672115902248e-17,-1.1117639317159555e-16,4.071307134226998,27.720236080278983,-4.010658237167388e-18,101.55700889615709,0.0108,0.010000000009724508,0.009,0.010000000009724508,-0.0010000000097245085,-6.253672115902248e-17,-0.06723712527767844,-0.06723712527767838
random_geometric,40,iid,0.3,0.75,fiedler,2,fiedler,0.75,2.2901102630026844,4.071307134226995,4.071307134226998,27.720236080278983,0.14687130089499656,101.55700889615709,0.0108,0.010000000009724508,0.0122,0.013676770247659675,-0.0014767702476596745,2.2901102630026844,2.4065652669818007,0.11645500397911634
random_geometric,40,iid,0.3,0.75,cluster,2,0;2;3;6;7;8;9;13,0.7499999999999999,7.523437499999998,13.375,4.071307134226998,27.720236080278983,0.48249949824617044,101.55700889615709,0.0108,0.010000000009724508,0.036,0.037540829105580265,-0.0015408291055802673,7.523437499999998,7.22309547132042,-0.3003420286795784
random_geometric,40,iid,0.3,0.75,point,2,18,0.75,6.1875,11.0,4.071307134226998,27.720236080278983,0.3968220172491869,101.55700889615709,0.0108,0.010000000009724508,0.0274,0.026131439060637862,0.0012685609393621386,6.1875,6.269128362547562,0.081628362547562
random_geometric,40,iid,0.3,0.75,edge_bipolar,2,17-31,0.7499999999999999,9.5625,17.000000000000004,4.071307134226998,27.720236080278983,0.613270390294198,101.55700889615709,0.0108,0.010000000009724508,0.0484,0.0461565157083621,0.0022434842916378983,9.5625,9.735626303028454,0.17312630302845378
random_geometric,40,iid,0.3,0.75,high_frequency,2,lambda_max,0.75,15.592632795156925,27.72023608027898,4.071307134226998,27.720236080278983,0.9999999999999999,101.55700889615709,0.0108,0.010000000009724508,0.115,0.1104974674331774,0.004502532566822606,15.592632795156925,15.567150978996494,-0.02548181616043088
random_geometric,40,iid,0.3,1.5,constant,2,all,1.4999999999999998,-2.5014688463608994e-16,-1.1117639317159555e-16,4.071307134226998,27.720236080278983,-4.010658237167388e-18,101.55700889615709,0.0108,0.010000000009724508,0.009,0.010000000009724508,-0.0010000000097245085,-2.5014688463608994e-16,-0.1606535478317923,-0.16065354783179206
random_geometric,40,iid,0.3,1.5,fiedler,2,fiedler,1.5,9.160441052010738,4.071307134226995,4.071307134226998,27.720236080278983,0.14687130089499656,101.55700889615709,0.0108,0.010000000009724508,0.0326,0.03298169240066989,-0.000381692400669896,9.160441052010738,9.107893704240851,-0.05254734776988634
random_geometric,40,iid,0.3,1.5,cluster,2,29;0;3;6;7;8;9;16,1.4999999999999998,28.124999999999993,12.5,4.071307134226998,27.720236080278983,0.4509341105104397,101.55700889615709,0.0108,0.010000000009724508,0.274,0.26667124945470977,0.007328750545290252,28.124999999999993,28.29315336986872,0.1681533698687261
random_geometric,40,iid,0.3,1.5,point,2,0,1.5,33.75,15.0,4.071307134226998,27.720236080278983,0.5411209326125276,101.55700889615709,0.0108,0.010000000009724508,0.351,0.3595354552775877,-0.0085354552775877,33.75,33.31937930780262,-0.43062069219737964
random_geometric,40,iid,0.3,1.5,edge_bipolar,2,30-39,1.4999999999999998,43.875,19.500000000000004,4.071307134226998,27.720236080278983,0.703457212396286,101.55700889615709,0.0108,0.010000000009724508,0.541,0.5430231236184335,-0.0020231236184334866,43.875,43.86693286920587,-0.008067130794131572
random_geometric,40,iid,0.3,1.5,high_frequency,2,lambda_max,1.5,62.3705311806277,27.72023608027898,4.071307134226998,27.720236080278983,0.9999999999999999,101.55700889615709,0.0108,0.010000000009724508,0.7762,0.7737937257313625,0.002406274268637487,62.3705311806277,62.092995380736454,-0.2775357998912469
random_geometric,40,iid,0.3,3.0,constant,2,all,2.9999999999999996,-1.0005875385443597e-15,-1.1117639317159555e-16,4.071307134226998,27.720236080278983,-4.010658237167388e-18,101.55700889615709,0.0108,0.010000000009724508,0.0098,0.010000000009724508,-0.00020000000972450818,-1.0005875385443597e-15,-0.0613873062916781,-0.0613873062916771
random_geometric,40,iid,0.3,3.0,fiedler,2,fiedler,3.0,36.64176420804295,4.071307134226995,4.071307134226998,27.720236080278983,0.14687130089499656,101.55700889615709,0.0108,0.010000000009724508,0.4094,0.39875849496400995,0.01064150503599004,36.64176420804295,37.03208700505748,0.39032279701452666
random_geometric,40,iid,0.3,3.0,cluster,2,24;3;6;7;8;9;10;11,2.9999999999999996,119.24999999999999,13.250000000000002,4.071307134226998,27.720236080278983,0.47799015714106613,101.55700889615709,0.0108,0.010000000009724508,0.9978,0.997719840659945,8.015934005500824e-05,119.24999999999999,119.15473486914557,-0.09526513085441479
random_geometric,40,iid,0.3,3.0,point,2,36,3.0,117.0,13.0,4.071307134226998,27.720236080278983,0.4689714749308573,101.55700889615709,0.0108,0.010000000009724508,0.998,0.999067000863465,-0.0010670008634650063,117.0,116.99290454033404,-0.007095459665961812
random_geometric,40,iid,0.3,3.0,edge_bipolar,2,29-36,2.9999999999999996,121.49999999999999,13.500000000000002,4.071307134226998,27.720236080278983,0.4870088393512749,101.55700889615709,0.0108,0.010000000009724508,0.998,0.9995152595524502,-0.0015152595524502432,121.49999999999999,121.87281557046158,0.3728155704615972
random_geometric,40,iid,0.3,3.0,high_frequency,2,lambda_max,3.0,249.4821247225108,27.72023608027898,4.071307134226998,27.720236080278983,0.9999999999999999,101.55700889615709,0.0108,0.010000000009724508,1.0,0.9999999217401376,7.825986236831284e-08,249.4821247225108,249.09844526869438,-0.383679453816427
random_geometric,40,iid,0.3,0.75,constant,3,all,0.7499999999999999,-3.0610079304153116e-16,-5.441791876293888e-16,3.938460674675639,25.635301718742422,-2.122772704608075e-17,93.68589138227131,0.0098,0.010000000020435773,0.0088,0.010000000020435773,-0.0012000000204357725,-3.0610079304153116e-16,-0.26075094201895865,-0.2607509420189583
random_geometric,40,iid,0.3,0.75,fiedler,3,fiedler,0.75,2.215384129505046,3.938460674675637,3.938460674675639,25.635301718742422,0.15363426254492488,93.68589138227131,0.0098,0.010000000020435773,0.0128,0.013855759350718255,-0.0010557593507182546,2.215384129505046,2.196722194090725,-0.01866193541432093
random_geometric,40,iid,0.3,0.75,cluster,3,39;1;3;4;12;16;23;24,0.7499999999999999,4.640625,8.250000000000002,3.938460674675639,25.635301718742422,0.3218218412451249,93.68589138227131,0.0098,0.010000000020435773,0.0216,0.023431095853225503,-0.001831095853225502,4.640625,4.287137522648003,-0.35348747735199737
random_geometric,40,iid,0.3,0.75,point,3,3,0.75,3.9375,7.0,3.938460674675639,25.635301718742422,0.2730609562079847,93.68589138227131,0.0098,0.010000000020435773,0.017,0.018747083908554563,-0.0017470839085545614,3.9375,3.824396025324596,-0.11310397467540412
random_geometric,40,iid,0.3,0.75,edge_bipolar,3,1-24,0.7499999999999999,8.437499999999998,15.0,3.938460674675639,25.635301718742422,0.5851306204456815,93.68589138227131,0.0098,0.010000000020435773,0.044,0.04276383370243664,0.0012361662975633597,8.437499999999998,8.549391959823573,0.11189195982357525
random_geometric,40,iid,0.3,0.75,high_frequency,3,lambda_max,0.75,14.419857216792614,25.635301718742426,3.938460674675639,25.635301718742422,1.0000000000000002,93.68589138227131,0.0098,0.010000000020435773,0.115,0.109376204721776,0.005623795278224,14.419857216792614,14.442814543850893,0.02295732705827902
random_geometric,40,iid,0.3,1.5,constant,3,all,1.4999999999999998,-1.2244031721661246e-15,-5.441791876293888e-16,3.938460674675639,25.635301718742422,-2.122772704608075e-17,93.68589138227131,0.0098,0.010000000020435773,0.0096,0.010000000020435773,-0.0004000000204357739,-1.2244031721661246e-15,-0.11095051353803598,-0.11095051353803476
random_geometric,40,iid,0.3,1.5,fiedler,3,fiedler,1.5,8.861536518020184,3.938460674675637,3.938460674675639,25.635301718742422,0.15363426254492488,93.68589138227131,0.0098,0.010000000020435773,0.0358,0.03455906570019568,0.0012409342998043194,8.861536518020184,8.796811009713245,-0.0647255083069389
random_geometric,40,iid,0.3,1.5,cluster,3,9;0;2;7;8;10;18;22,1.4999999999999998,30.093749999999993,13.375,3.938460674675639,25.635301718742422,0.5217414698973993,93.68589138227131,0.0098,0.010000000020435773,0.3406,0.3386868647669047,0.001913135233095331,30.093749999999993,30.213294870691435,0.11954487069144193
random_geometric,40,iid,0.3,1.5,point,3,37,1.5,42.75,19.0,3.938460674675639,25.635301718742422,0.7411654525645299,93.68589138227131,0.0098,0.010000000020435773,0.5738,0.5761438567576389,-0.002343856757638929,42.75,42.352219045975524,-0.39778095402447633
random_geometric,40,iid,0.3,1.5,edge_bipolar,3,19-28,1.4999999999999998,32.62499999999999,14.5,3.938460674675639,25.635301718742422,0.5656262664308255,93.68589138227131,0.0098,0.010000000020435773,0.3884,0.3848071736809751,0.003592826319024911,32.62499999999999,33.042488124550296,0.41748812455030304
random_geometric,40,iid,0.3,1.5,high_frequency,3,lambda_max,1.5,57.67942886717046,25.635301718742426,3.938460674675639,25.635301718742422,1.0000000000000002,93.68589138227131,0.0098,0.010000000020435773,0.76,0.7715225646871636,-0.011522564687163617,57.67942886717046,57.63012094492942,-0.04930792224103442
random_geometric,40,iid,0.3,3.0,constant,3,all,2.9999999999999996,-4.8976126886644986e-15,-5.441791876293888e-16,3.938460674675639,25.635301718742422,-2.122772704608075e-17,93.68589138227131,0.0098,0.010000000020435773,0.0124,0.010000000020435773,0.0023999999795642265,-4.8976126886644986e-15,0.16522799631073326,0.16522799631073815
random_geometric,40,iid,0.3,3.0,fiedler,3,fiedler,3.0,35.44614607208074,3.938460674675637,3.938460674675639,25.635301718742422,0.15363426254492488,93.68589138227131,0.0098,0.010000000020435773,0.4396,0.43445950329825966,0.005140496701740327,35.44614607208074,35.66699852704313,0.22085245496239025
random_geometric,40,iid,0.3,3.0,cluster,3,23;0;1;4;7;8;9;16,2.9999999999999996,119.24999999999997,13.25,3.938460674675639,25.635301718742422,0.5168653813936853,93.68589138227131,0.0098,0.010000000020435773,0.9982,0.999004911815362,-0.0008049118153620194,119.24999999999997,120.40452716264153,1.154527162641557
random_geometric,40,iid,0.3,3.0,point,3,17,3.0,90.0,10.0,3.938460674675639,25.635301718742422,0.390087080297121,93.68589138227131,0.0098,0.010000000020435773,0.9938,0.994304308714292,-0.0005043087142919678,90.0,89.52355312858234,-0.4764468714176644
random_geometric,40,iid,0.3,3.0,edge_bipolar,3,0-25,2.9999999999999996,130.49999999999997,14.5,3.938460674675639,25.635301718742422,0.5656262664308255,93.68589138227131,0.0098,0.010000000020435773,0.9994,0.9998968926388503,-0.0004968926388503325,130.49999999999997,129.7490304396042,-0.7509695603957596
random_geometric,40,iid,0.3,3.0,high_frequency,3,lambda_max,3.0,230.71771546868183,25.635301718742426,3.938460674675639,25.635301718742422,1.0000000000000002,93.68589138227131,0.0098,0.010000000020435773,1.0,0.9999999191048787,8.089512126829845e-08,230.71771546868183,229.99980721503215,-0.7179082536496821
random_geometric,40,correlated,0.15,0.75,constant,0,all,0.7499999999999999,-2.1394141449139273e-16,-3.803402924291427e-16,3.567640243574053,28.382269801700886,-1.34006298680999e-17,23.600711129757318,0.011,0.010000000029144807,0.0124,0.010000000029144807,0.002399999970855193,-2.1394141449139273e-16,0.004375931246721976,0.00437593124672219
random_geometric,40,correlated,0.15,0.75,fiedler,0,fiedler,0.7499999999999999,2.0067976370104055,3.567640243574055,3.567640243574053,28.382269801700886,0.12569960995016172,23.600711129757318,0.011,0.010000000029144807,0.0314,0.03254773799438293,-0.001147737994382933,2.0067976370104055,1.94547593037014,-0.06132170664026537
random_geometric,40,correlated,0.15,0.75,cluster,0,21;2;3;6;10;11;13;15,0.7499999999999999,9.843749999999996,17.499999999999996,3.567640243574053,28.382269801700886,0.6165821170141671,23.600711129757318,0.011,0.010000000029144807,0.5144,0.5063642215559789,0.008035778444021036,9.843749999999996,10.013728798578406,0.16997879857840914
random_geometric,40,correlated,0.15,0.75,point,0,3,0.75,14.625,26.0,3.567640243574053,28.382269801700886,0.9160648595639056,23.600711129757318,0.011,0.010000000029144807,0.7778,0.7807737585747958,-0.0029737585747957596,14.625,14.549328298514656,-0.0756717014853443
random_geometric,40,correlated,0.15,0.75,edge_bipolar,0,32-33,0.7499999999999999,10.6875,19.000000000000004,3.567640243574053,28.382269801700886,0.6694320127582388,23.600711129757318,0.011,0.010000000029144807,0.574,0.576367225200651,-0.002367225200651024,10.6875,10.610462710218304,-0.07703728978169622
random_geometric,40,correlated,0.15,0.75,high_frequency,0,lambda_max,0.7499999999999999,15.965026763456745,28.382269801700886,3.567640243574053,28.382269801700886,1.0,23.600711129757318,0.011,0.010000000029144807,0.8378,0.8337394843648429,0.00406051563515708,15.965026763456745,16.04682561624998,0.08179885279323429
random_geometric,40,correlated,0.15,1.5,constant,0,all,1.4999999999999998,-8.557656579655709e-16,-3.803402924291427e-16,3.567640243574053,28.382269801700886,-1.34006298680999e-17,23.600711129757318,0.011,0.010000000029144807,0.0104,0.010000000029144807,0.00039999997085519295,-8.557656579655709e-16,-0.016337690272029803,-0.016337690272028946
random_geometric,40,correlated,0.15,1.5,fiedler,0,fiedler,1.4999999999999998,8.027190548041622,3.567640243574055,3.567640243574053,28.382269801700886,0.12569960995016172,23.600711129757318,0.011,0.010000000029144807,0.3566,0.35255686878778464,0.004043131212215334,8.027190548041622,8.051949833440176,0.0247592853985541
random_geometric,40,correlated,0.15,1.5,cluster,0,24;3;4;6;10;11;13;15,1.4999999999999998,37.968749999999986,16.874999999999996,3.567640243574053,28.382269801700886,0.594561327120804,23.600711129757318,0.011,0.010000000029144807,1.0,0.9999147598413638,8.524015863620171e-05,37.968749999999986,37.74393425786113,-0.22481574213885835
random_geometric,40,correlated,0.15,1.5,point,0,35,1.5,40.5,18.0,3.567640243574053,28.382269801700886,0.6341987489288577,23.600711129757318,0.011,0.010000000029144807,1.0,0.9999953796645097,4.620335490312932e-06,40.5,40.686966880207024,0.18696688020702368
random_geometric,40,correlated,0.15,1.5,edge_bipolar,0,6-23,1.4999999999999998,52.87499999999999,23.5,3.567640243574053,28.382269801700886,0.8279816999904531,23.600711129757318,0.011,0.010000000029144807,1.0,0.999999893392169,1.0660783100746585e-07,52.87499999999999,52.78193527085305,-0.09306472914694552
random_geometric,40,correlated,0.15,1.5,high_frequency,0,lambda_max,1.4999999999999998,63.86010705382698,28.382269801700886,3.567640243574053,28.382269801700886,1.0,23.600711129757318,0.011,0.010000000029144807,1.0,0.9999999973300764,2.6699236155280914e-09,63.86010705382698,64.00048578987219,0.14037873604520712
random_geometric,40,correlated,0.15,3.0,constant,0,all,2.9999999999999996,-3.4230626318622836e-15,-3.803402924291427e-16,3.567640243574053,28.382269801700886,-1.34006298680999e-17,23.600711129757318,0.011,0.010000000029144807,0.0092,0.010000000029144807,-0.0008000000291448067,-3.4230626318622836e-15,-0.042265057917459714,-0.04226505791745629
random_geometric,40,correlated,0.15,3.0,fiedler,0,fiedler,2.9999999999999996,32.10876219216649,3.567640243574055,3.567640243574053,28.382269801700886,0.12569960995016172,23.600711129757318,0.011,0.010000000029144807,1.0,0.9999996282321921,3.717678078718478e-07,32.10876219216649,32.121329772617536,0.012567580451047888
random_geometric,40,correlated,0.15,3.0,cluster,0,34;3;6;8;10;11;17;20,2.9999999999999996,146.24999999999994,16.249999999999996,3.567640243574053,28.382269801700886,0.5725405372274408,23.600711129757318,0.011,0.010000000029144807,1.0,1.0,0.0,146.24999999999994,146.47559760384348,0.22559760384353922
random_geometric,40,correlated,0.15,3.0,point,0,15,3.0,225.0,25.0,3.567640243574053,28.382269801700886,0.8808315957345246,23.600711129757318,0.011,0.010000000029144807,1.0,1.0,0.0,225.0,225.00683597505687,0.006835975056873167
random_geometric,40,correlated,0.15,3.0,edge_bipolar,0,9-19,2.9999999999999996,224.99999999999997,25.000000000000004,3.567640243574053,28.382269801700886,0.8808315957345247,23.600711129757318,0.011,0.010000000029144807,1.0,1.0,0.0,224.99999999999997,225.70863781091842,0.7086378109184466
random_geometric,40,correlated,0.15,3.0,high_frequency,0,lambda_max,2.9999999999999996,255.44042821530792,28.382269801700886,3.567640243574053,28.382269801700886,1.0,23.600711129757318,0.011,0.010000000029144807,1.0,1.0,0.0,255.44042821530792,255.9254037403999,0.4849755250919827
random_geometric,40,correlated,0.15,0.75,constant,1,all,0.7499999999999999,-1.1849062956446367e-16,-2.1065000811460213e-16,4.006977599317616,29.331620918464964,-7.18166952655497e-18,23.8259363958287,0.0106,0.010000000013703103,0.0112,0.010000000013703103,0.0011999999862968968,-1.1849062956446367e-16,0.026806986539821054,0.026806986539821172
random_geometric,40,correlated,0.15,0.75,fiedler,1,fiedler,0.7500000000000001,2.2539248996161585,4.006977599317613,4.006977599317616,29.331620918464964,0.13660948402599613,23.8259363958287,0.0106,0.010000000013703103,0.035,0.03725696098631215,-0.0022569609863121454,2.2539248996161585,2.2180242602743334,-0.03590063934182508
random_geometric,40,correlated,0.15,0.75,cluster,1,21;0;1;5;7;11;12;15,0.7499999999999999,6.328124999999999,11.25,4.006977599317616,29.331620918464964,0.3835451177850813,23.8259363958287,0.0106,0.010000000013703103,0.2478,0.24413107522383215,0.0036689247761678423,6.328124999999999,6.360971864944801,0.03284686494480216
random_geometric,40,correlated,0.15,0.75,point,1,12,0.75,8.4375,15.0,4.006977599317616,29.331620918464964,0.5113934903801084,23.8259363958287,0.0106,0.010000000013703103,0.4044,0.3985605022898136,0.005839497710186381,8.4375,8.418901667469967,-0.018598332530032735
random_geometric,40,correlated,0.15,0.75,edge_bipolar,1,8-9,0.7499999999999999,11.249999999999998,20.0,4.006977599317616,29.331620918464964,0.6818579871734779,23.8259363958287,0.0106,0.010000000013703103,0.6164,0.6056899169037223,0.010710083096277634,11.249999999999998,11.364392784421167,0.11439278442116851
random_geometric,40,correlated,0.15,0.75,high_frequency,1,lambda_max,0.7499999999999998,16.499036766636536,29.33162091846497,4.006977599317616,29.331620918464964,1.0000000000000002,23.8259363958287,0.0106,0.010000000013703103,0.8398,0.8440832500380481,-0.004283250038048081,16.499036766636536,16.42549835481944,-0.07353841181709697
random_geometric,40,correlated,0.15,1.5,constant,1,all,1.4999999999999998,-4.739625182578547e-16,-2.1065000811460213e-16,4.006977599317616,29.331620918464964,-7.18166952655497e-18,23.8259363958287,0.0106,0.010000000013703103,0.0104,0.010000000013703103,0.0003999999862968964,-4.739625182578547e-16,0.0740170109122289,0.07401701091222937
random_geometric,40,correlated,0.15,1.5,fiedler,1,fiedler,1.5000000000000002,9.015699598464634,4.006977599317613,4.006977599317616,29.331620918464964,0.13660948402599613,23.8259363958287,0.0106,0.010000000013703103,0.4484,0.4420180654951462,0.006381934504853803,9.015699598464634,9.093624566717828,0.0779249682531944
random_geometric,40,correlated,0.15,1.5,cluster,1,10;2;3;4;6;8;9;13,1.4999999999999998,26.718749999999993,11.875,4.006977599317616,29.331620918464964,0.4048531798842525,23.8259363958287,0.0106,0.010000000013703103,0.9974,0.9964635170308888,0.0009364829691111964,26.718749999999993,26.80516609894407,0.08641609894407765
random_geometric,40,correlated,0.15,1.5,point,1,7,1.5,47.25,21.0,4.006977599317616,29.331620918464964,0.7159508865321518,23.8259363958287,0.0106,0.010000000013703103,1.0,0.9999993559814988,6.440185011946653e-07,47.25,47.35992620179207,0.1099262017920708
random_geometric,40,correlated,0.15,1.5,edge_bipolar,1,10-26,1.4999999999999998,48.37499999999999,21.5,4.006977599317616,29.331620918464964,0.7329973362114888,23.8259363958287,0.0106,0.010000000013703103,1.0,0.9999996931914545,3.068085454582814e-07,48.37499999999999,48.147010998420825,-0.2279890015791679
random_geometric,40,correlated,0.15,1.5,high_frequency,1,lambda_max,1.4999999999999996,65.99614706654614,29.33162091846497,4.006977599317616,29.331620918464964,1.0000000000000002,23.8259363958287,0.0106,0.010000000013703103,1.0,0.9999999972821336,2.7178663764004796e-09,65.99614706654614,66.01242067778864,0.0162736112424966
random_geometric,40,correlated,0.15,3.0,constant,1,all,2.9999999999999996,-1.8958500730314187e-15,-2.1065000811460213e-16,4.006977599317616,29.331620918464964,-7.18166952655497e-18,23.8259363958287,0.0106,0.010000000013703103,0.008,0.010000000013703103,-0.002000000013703103,-1.8958500730314187e-15,-0.06895261670643826,-0.06895261670643636
random_geometric,40,correlated,0.15,3.0,fiedler,1,fiedler,3.0000000000000004,36.062798393858536,4.006977599317613,4.006977599317616,29.331620918464964,0.13660948402599613,23.8259363958287,0.0106,0.010000000013703103,1.0,0.9999999900928516,9.90714843496221e-09,36.062798393858536,36.12482854092112,0.06203014706258614
random_geometric,40,correlated,0.15,3.0,cluster,1,35;0;1;5;6;7;9;11,2.9999999999999996,129.37499999999994,14.374999999999996,4.006977599317616,29.331620918464964,0.49008542828093715,23.8259363958287,0.0106,0.010000000013703103,1.0,1.0,0.0,129.37499999999994,129.04106562242617,-0.33393437757376887
random_geometric,40,correlated,0.15,3.0,point,1,34,3.0,72.0,8.0,4.006977599317616,29.331620918464964,0.2727431948693912,23.8259363958287,0.0106,0.010000000013703103,1.0,1.0,0.0,72.0,72.07929911231201,0.07929911231201459
random_geometric,40,correlated,0.15,3.0,edge_bipolar,1,22-37,2.9999999999999996,220.49999999999997,24.5,4.006977599317616,29.331620918464964,0.8352760342875104,23.8259363958287,0.0106,0.010000000013703103,1.0,1.0,0.0,220.49999999999997,220.5879661024541,0.08796610245411784
random_geometric,40,correlated,0.15,3.0,high_frequency,1,lambda_max,2.999999999999999,263.9845882661846,29.33162091846497,4.006977599317616,29.331620918464964,1.0000000000000002,23.8259363958287,0.0106,0.010000000013703103,1.0,1.0,0.0,263.9845882661846,264.10028540833974,0.11569714215517024
random_geometric,40,correlated,0.15,0.75,constant,2,all,0.7499999999999999,-3.4559766956301904e-16,-6.1439585700092285e-16,4.429186494116231,28.320970865445922,-2.1694025247931732e-17,23.773136463720125,0.0098,0.01000000000714557,0.01,0.01000000000714557,-7.145570593558581e-12,-3.4559766956301904e-16,-0.019837037722288287,-0.01983703772228794
random_geometric,40,correlated,0.15,0.75,fiedler,2,fiedler,0.7500000000000001,2.4914174029403773,4.429186494116225,4.429186494116231,28.320970865445922,0.15639246673991047,23.773136463720125,0.0098,0.01000000000714557,0.0434,0.043907293828991334,-0.0005072938289913329,2.4914174029403773,2.435545501255657,-0.05587190168472045
random_geometric,40,correlated,0.15,0.75,cluster,2,0;1;4;9;10;11;12;15,0.7499999999999999,8.226562499999998,14.625,4.429186494116231,28.320970865445922,0.5164017882537985,23.773136463720125,0.0098,0.01000000000714557,0.3952,0.38755933892707234,0.007640661072927657,8.226562499999998,8.35590202387683,0.12933952387683156
random_geometric,40,correlated,0.15,0.75,point,2,26,0.75,9.0,16.0,4.429186494116231,28.320970865445922,0.5649523837306513,23.773136463720125,0.0098,0.01000000000714557,0.4422,0.4481889965710681,-0.005988996571068106,9.0,8.878877549833334,-0.12112245016666634
random_geometric,40,correlated,0.15,0.75,edge_bipolar,2,13-28,0.7499999999999999,11.812499999999998,21.0,4.429186494116231,28.320970865445922,0.7415000036464798,23.773136463720125,0.0098,0.01000000000714557,0.644,0.6459016430304265,-0.001901643030426503,11.812499999999998,11.864604433296236,0.05210443329623793
random_geometric,40,correlated,0.15,0.75,high_frequency,2,lambda_max,0.75,15.930546111813326,28.320970865445915,4.429186494116231,28.320970865445922,0.9999999999999998,23.773136463720125,0.0098,0.01000000000714557,0.8346,0.8306816595846023,0.003918340415397736,15.930546111813326,16.086214398447762,0.15566828663443566
random_geometric,40,correlated,0.15,1.5,constant,2,all,1.4999999999999998,-1.3823906782520762e-15,-6.1439585700092285e-16,4.429186494116231,28.320970865445922,-2.1694025247931732e-17,23.773136463720125,0.0098,0.01000000000714557,0.0086,0.01000000000714557,-0.0014000000071455708,-1.3823906782520762e-15,0.10576158241409672,0.10576158241409811
random_geometric,40,correlated,0.15,1.5,fiedler,2,fiedler,1.5000000000000002,9.96566961176151,4.429186494116225,4.429186494116231,28.320970865445922,0.15639246673991047,23.773136463720125,0.0098,0.01000000000714557,0.5444,0.5355118935616886,0.008888106438311394,9.96566961176151,9.979006516791813,0.013336905030303825
random_geometric,40,correlated,0.15,1.5,cluster,2,5;2;6;7;11;13;18;19,1.4999999999999998,28.687499999999993,12.75,4.429186494116231,28.320970865445922,0.45019643078536276,23.773136463720125,0.0098,0.01000000000714557,0.9984,0.9981369277245591,0.00026307227544086764,28.687499999999993,28.755234066443037,0.06773406644304458
random_geometric,40,correlated,0.15,1.5,point,2,17,1.5,20.25,9.0,4.429186494116231,28.320970865445922,0.31778571584849136,23.773136463720125,0.0098,0.01000000000714557,0.988,0.9881111805904041,-0.00011118059040415851,20.25,20.228181623261754,-0.021818376738245604
random_geometric,40,correlated,0.15,1.5,edge_bipolar,2,19-33,1.4999999999999998,57.37499999999999,25.500000000000004,4.429186494116231,28.320970865445922,0.9003928615707256,23.773136463720125,0.0098,0.01000000000714557,1.0,0.99999997200825,2.799175002898835e-08,57.37499999999999,57.526844737798555,0.15184473779856233
random_geometric,40,correlated,0.15,1.5,high_frequency,2,lambda_max,1.5,63.722184447253305,28.320970865445915,4.429186494116231,28.320970865445922,0.9999999999999998,23.773136463720125,0.0098,0.01000000000714557,1.0,0.9999999959304282,4.069571790665805e-09,63.722184447253305,63.55332083695103,-0.16886361030227448
random_geometric,40,correlated,0.15,3.0,constant,2,all,2.9999999999999996,-5.529562713008305e-15,-6.1439585700092285e-16,4.429186494116231,28.320970865445922,-2.1694025247931732e-17,23.773136463720125,0.0098,0.01000000000714557,0.0094,0.01000000000714557,-0.0006000000071455704,-5.529562713008305e-15,-0.007942599301394182,-0.007942599301388652
random_geometric,40,correlated,0.15,3.0,fiedler,2,fiedler,3.0000000000000004,39.86267844704604,4.429186494116225,4.429186494116231,28.320970865445922,0.15639246673991047,23.773136463720125,0.0098,0.01000000000714557,1.0,0.999999997999486,2.0005139766965385e-09,39.86267844704604,39.881305169558026,0.018626722511989158
random_geometric,40,correlated,0.15,3.0,cluster,2,36;0;1;9;15;17;19;20,2.9999999999999996,112.49999999999994,12.499999999999996,4.429186494116231,28.320970865445922,0.4413690497895712,23.773136463720125,0.0098,0.01000000000714557,1.0,1.0,0.0,112.49999999999994,112.30533508842014,-0.1946649115798067
random_geometric,40,correlated,0.15,3.0,point,2,2,3.0,153.0,17.0,4.429186494116231,28.320970865445922,0.600261907713817,23.773136463720125,0.0098,0.01000000000714557,1.0,0.9999999999999987,1.3322676295501878e-15,153.0,152.96212852124148,-0.03787147875851815
random_geometric,40,correlated,0.15,3.0,edge_bipolar,2,1-27,2.9999999999999996,189.0,21.000000000000004,4.429186494116231,28.320970865445922,0.7415000036464799,23.773136463720125,0.0098,0.01000000000714557,1.0,0.9999999999999991,8.881784197001252e-16,189.0,189.1499465920629,0.1499465920628893
random_geometric,40,correlated,0.15,3.0,high_frequency,2,lambda_max,3.0,254.88873778901322,28.320970865445915,4.429186494116231,28.320970865445922,0.9999999999999998,23.773136463720125,0.0098,0.01000000000714557,1.0,0.9999999999999998,2.220446049250313e-16,254.88873778901322,255.16542176067992,0.27668397166669934
random_geometric,40,correlated,0.15,0.75,constant,3,all,0.7499999999999999,1.6457031883953292e-17,2.925694557147252e-17,2.465702263021018,27.348741197104346,1.069773023943428e-18,22.01551436891282,0.01,0.010000000031387013,0.009,0.010000000031387013,-0.0010000000313870137,1.6457031883953292e-17,0.0025322868839783297,0.002532286883978313
random_geometric,40,correlated,0.15,0.75,fiedler,3,fiedler,0.75,1.3869575229493305,2.465702263021032,2.465702263021018,27.348741197104346,0.09015779721818047,22.01551436891282,0.01,0.010000000031387013,0.02,0.023095034895842637,-0.003095034895842636,1.3869575229493305,1.3165150100977723,-0.07044251285155823
random_geometric,40,correlated,0.15,0.75,cluster,3,30;3;6;17;21;23;31;0,0.7499999999999999,4.499999999999998,7.999999999999998,2.465702263021018,27.348741197104346,0.2925180337311843,22.01551436891282,0.01,0.010000000031387013,0.1592,0.15108352756486698,0.008116472435133026,4.499999999999998,4.449708292431028,-0.05029170756897017
random_geometric,40,correlated,0.15,0.75,point,3,21,0.75,5.0625,9.0,2.465702263021018,27.348741197104346,0.3290827879475824,22.01551436891282,0.01,0.010000000031387013,0.1638,0.16459148795406342,-0.000791487954063419,5.0625,5.014760403840958,-0.04773959615904211
random_geometric,40,correlated,0.15,0.75,edge_bipolar,3,1-13,0.7499999999999999,12.65625,22.500000000000004,2.465702263021018,27.348741197104346,0.8227069698689561,22.01551436891282,0.01,0.010000000031387013,0.7392,0.7402545136028273,-0.0010545136028273783,12.65625,12.649964578196196,-0.006285421803804425
random_geometric,40,correlated,0.15,0.75,high_frequency,3,lambda_max,0.7500000000000001,15.383666923371191,27.348741197104328,2.465702263021018,27.348741197104346,0.9999999999999993,22.01551436891282,0.01,0.010000000031387013,0.8428,0.8473808268263572,-0.004580826826357187,15.383666923371191,15.31162833653446,-0.07203858683673126
random_geometric,40,correlated,0.15,1.5,constant,3,all,1.4999999999999998,6.582812753581317e-17,2.925694557147252e-17,2.465702263021018,27.348741197104346,1.069773023943428e-18,22.01551436891282,0.01,0.010000000031387013,0.009,0.010000000031387013,-0.0010000000313870137,6.582812753581317e-17,-0.03463746782554189,-0.03463746782554195
random_geometric,40,correlated,0.15,1.5,fiedler,3,fiedler,1.5,5.547830091797322,2.465702263021032,2.465702263021018,27.348741197104346,0.09015779721818047,22.01551436891282,0.01,0.010000000031387013,0.1822,0.17546443432662312,0.006735565673376881,5.547830091797322,5.603075766160954,0.055245674363631814
random_geometric,40,correlated,0.15,1.5,cluster,3,35;10;11;13;24;26;27;33,1.4999999999999998,19.124999999999996,8.5,2.465702263021018,27.348741197104346,0.31080041083938337,22.01551436891282,0.01,0.010000000031387013,0.9666,0.9652206930588189,0.0013793069411811576,19.124999999999996,19.141683523005206,0.016683523005209366
random_geometric,40,correlated,0.15,1.5,point,3,31,1.5,33.75,15.0,2.465702263021018,27.348741197104346,0.5484713132459706,22.01551436891282,0.01,0.010000000031387013,1.0,0.9999805180060369,1.948199396306638e-05,33.75,33.54670245947565,-0.20329754052435334
random_geometric,40,correlated,0.15,1.5,edge_bipolar,3,2-36,1.4999999999999998,51.75,23.000000000000004,2.465702263021018,27.348741197104346,0.8409893469771551,22.01551436891282,0.01,0.010000000031387013,1.0,0.9999999556926729,4.430732714055807e-08,51.75,51.69331771989606,-0.05668228010394216
random_geometric,40,correlated,0.15,1.5,high_frequency,3,lambda_max,1.5000000000000002,61.534667693484764,27.348741197104328,2.465702263021018,27.348741197104346,0.9999999999999993,22.01551436891282,0.01,0.010000000031387013,1.0,0.999999998073325,1.9266750417301637e-09,61.534667693484764,61.56965962232812,0.034991928843354
random_geometric,40,correlated,0.15,3.0,constant,3,all,2.9999999999999996,2.633125101432527e-16,2.925694557147252e-17,2.465702263021018,27.348741197104346,1.069773023943428e-18,22.01551436891282,0.01,0.010000000031387013,0.0086,0.010000000031387013,-0.001400000031387013,2.633125101432527e-16,-0.008615026190430086,-0.00861502619043035
random_geometric,40,correlated,0.15,3.0,fiedler,3,fiedler,3.0,22.191320367189288,2.465702263021032,2.465702263021018,27.348741197104346,0.09015779721818047,22.01551436891282,0.01,0.010000000031387013,1.0,0.9999557255058045,4.4274494195528646e-05,22.191320367189288,22.087900082076885,-0.10342028511240287
random_geometric,40,correlated,0.15,3.0,cluster,3,30;3;6;17;21;23;31;0,2.9999999999999996,71.99999999999997,7.999999999999998,2.465702263021018,27.348741197104346,0.2925180337311843,22.01551436891282,0.01,0.010000000031387013,1.0,1.0,0.0,71.99999999999997,71.79779203047684,-0.2022079695231298
random_geometric,40,correlated,0.15,3.0,point,3,29,3.0,72.0,8.0,2.465702263021018,27.348741197104346,0.29251803373118435,22.01551436891282,0.01,0.010000000031387013,1.0,0.9999999999999998,2.220446049250313e-16,72.0,71.94091636619675,-0.05908363380325454
random_geometric,40,correlated,0.15,3.0,edge_bipolar,3,2-7,2.9999999999999996,193.5,21.500000000000004,2.465702263021018,27.348741197104346,0.786142215652558,22.01551436891282,0.01,0.010000000031387013,1.0,1.0,0.0,193.5,193.46240290954543,-0.03759709045456816
random_geometric,40,correlated,0.15,3.0,high_frequency,3,lambda_max,3.0000000000000004,246.13867077393905,27.348741197104328,2.465702263021018,27.348741197104346,0.9999999999999993,22.01551436891282,0.01,0.010000000031387013,1.0,1.0,0.0,246.13867077393905,245.07802249815077,-1.0606482757882816
random_geometric,40,correlated,0.3,0.75,constant,0,all,0.7499999999999999,-2.962265739111591e-17,-5.266250202865052e-17,3.334705813543784,29.180065236816368,-1.8047424363605075e-18,79.8502618819377,0.0072,0.010000000000331133,0.0092,0.010000000000331133,-0.0008000000003311331,-2.962265739111591e-17,-0.18244115630194102,-0.182441156301941
random_geometric,40,correlated,0.3,0.75,fiedler,0,fiedler,0.7500000000000001,1.8757720201183798,3.3347058135437853,3.334705813543784,29.180065236816368,0.11428027273004177,79.8502618819377,0.0072,0.010000000000331133,0.0156,0.014449227933477915,0.0011507720665220843,1.8757720201183798,1.872856256004141,-0.0029157641142387725
random_geometric,40,correlated,0.3,0.75,cluster,0,34;1;4;5;7;11;12;13,0.7499999999999999,6.749999999999998,12.0,3.334705813543784,29.180065236816368,0.41123965634112597,79.8502618819377,0.0072,0.010000000000331133,0.0432,0.04338550249070555,-0.0001855024907055497,6.749999999999998,6.559808282511781,-0.19019171748821684
random_geometric,40,correlated,0.3,0.75,point,0,35,0.75,9.5625,17.0,3.334705813543784,29.180065236816368,0.5825895131499285,79.8502618819377,0.0072,0.010000000000331133,0.0698,0.06920845289579869,0.0005915471042013121,9.5625,9.416427277172936,-0.14607272282706418
random_geometric,40,correlated,0.3,0.75,edge_bipolar,0,29-37,0.7499999999999999,13.5,24.000000000000004,3.334705813543784,29.180065236816368,0.822479312682252,79.8502618819377,0.0072,0.010000000000331133,0.139,0.1317344623933837,0.007265537606616301,13.5,13.828071906833188,0.32807190683318765
random_geometric,40,correlated,0.3,0.75,high_frequency,0,lambda_max,0.7500000000000001,16.41378669570922,29.18006523681638,3.334705813543784,29.180065236816368,1.0000000000000004,79.8502618819377,0.0072,0.010000000000331133,0.1778,0.1842606291201369,-0.006460629120136896,16.41378669570922,16.245370942417352,-0.16841575329186753
random_geometric,40,correlated,0.3,1.5,constant,0,all,1.4999999999999998,-1.1849062956446365e-16,-5.266250202865052e-17,3.334705813543784,29.180065236816368,-1.8047424363605075e-18,79.8502618819377,0.0072,0.010000000000331133,0.0104,0.010000000000331133,0.0003999999996688666,-1.1849062956446365e-16,-0.1352790071052965,-0.1352790071052964
random_geometric,40,correlated,0.3,1.5,fiedler,0,fiedler,1.5000000000000002,7.503088080473519,3.3347058135437853,3.334705813543784,29.180065236816368,0.11428027273004177,79.8502618819377,0.0072,0.010000000000331133,0.0394,0.0390781877270977,0.0003218122729022957,7.503088080473519,7.6290808679093445,0.1259927874358251
random_geometric,40,correlated,0.3,1.5,cluster,0,21;1;5;12;13;14;15;16,1.4999999999999998,23.343749999999993,10.374999999999998,3.334705813543784,29.180065236816368,0.3555509528782651,79.8502618819377,0.0072,0.010000000000331133,0.2908,0.2984702021920035,-0.0076702021920034835,23.343749999999993,23.315471881682,-0.028278118317992096
random_geometric,40,correlated,0.3,1.5,point,0,8,1.5,27.0,12.0,3.334705813543784,29.180065236816368,0.41123965634112597,79.8502618819377,0.0072,0.010000000000331133,0.3784,0.3765257929464457,0.0018742070535542887,27.0,27.106153609554426,0.10615360955442554
random_geometric,40,correlated,0.3,1.5,edge_bipolar,0,20-26,1.4999999999999998,40.5,18.000000000000004,3.334705813543784,29.180065236816368,0.616859484511689,79.8502618819377,0.0072,0.010000000000331133,0.6732,0.6730831090308325,0.00011689096916756014,40.5,40.54092215209462,0.04092215209462324
random_geometric,40,correlated,0.3,1.5,high_frequency,0,lambda_max,1.5000000000000002,65.65514678283688,29.18006523681638,3.334705813543784,29.180065236816368,1.0000000000000004,79.8502618819377,0.0072,0.010000000000331133,0.914,0.9111931630615007,0.0028068369384993686,65.65514678283688,65.49468997249423,-0.16045681034265158
random_geometric,40,correlated,0.3,3.0,constant,0,all,2.9999999999999996,-4.739625182578546e-16,-5.266250202865052e-17,3.334705813543784,29.180065236816368,-1.8047424363605075e-18,79.8502618819377,0.0072,0.010000000000331133,0.0098,0.010000000000331133,-0.00020000000033113322,-4.739625182578546e-16,0.04519579452083633,0.0451957945208368
random_geometric,40,correlated,0.3,3.0,fiedler,0,fiedler,3.0000000000000004,30.012352321894078,3.3347058135437853,3.334705813543784,29.180065236816368,0.11428027273004177,79.8502618819377,0.0072,0.010000000000331133,0.4656,0.45019134356702584,0.015408656432974177,30.012352321894078,30.365777756982894,0.3534254350888162
random_geometric,40,correlated,0.3,3.0,cluster,0,22;4;5;7;11;17;19;24,2.9999999999999996,75.37499999999999,8.375,3.334705813543784,29.180065236816368,0.2870110101547442,79.8502618819377,0.0072,0.010000000000331133,0.9864,0.9871046383198068,-0.0007046383198067163,75.37499999999999,75.74658609273494,0.37158609273495813
random_geometric,40,correlated,0.3,3.0,point,0,12,3.0,144.0,16.0,3.334705813543784,29.180065236816368,0.548319541788168,79.8502618819377,0.0072,0.010000000000331133,1.0,0.9999981569217617,1.843078238250584e-06,144.0,144.5610299564627,0.5610299564627041
random_geometric,40,correlated,0.3,3.0,edge_bipolar,0,18-37,2.9999999999999996,207.0,23.000000000000004,3.334705813543784,29.180065236816368,0.7882093413204916,79.8502618819377,0.0072,0.010000000000331133,1.0,0.9999999878947663,1.2105233704318152e-08,207.0,207.551523857549,0.5515238575490002
random_geometric,40,correlated,0.3,3.0,high_frequency,0,lambda_max,3.0000000000000004,262.6205871313475,29.18006523681638,3.334705813543784,29.180065236816368,1.0000000000000004,79.8502618819377,0.0072,0.010000000000331133,1.0,0.9999999998164473,1.8355272857206728e-10,262.6205871313475,262.0076676614595,-0.6129194698880269
random_geometric,40,correlated,0.3,0.75,constant,1,all,0.7499999999999999,9.215937855013843e-17,1.6383889520024615e-16,4.236959163185632,27.658346213566492,5.923669258282794e-18,88.74746177890246,0.0114,0.01000000000499679,0.0088,0.01000000000499679,-0.0012000000049967891,9.215937855013843e-17,-0.18551639180119395,-0.18551639180119403
random_geometric,40,correlated,0.3,0.75,fiedler,1,fiedler,0.75,2.3832895292919227,4.236959163185641,4.236959163185632,27.658346213566492,0.1531891722834607,88.74746177890246,0.0114,0.01000000000499679,0.015,0.015119940545014143,-0.00011994054501414386,2.3832895292919227,2.2808439131470735,-0.10244561614484926
random_geometric,40,correlated,0.3,0.75,cluster,1,11;0;1;2;3;4;6;8,0.7499999999999999,8.859375,15.750000000000004,4.236959163185632,27.658346213566492,0.5694483639182515,88.74746177890246,0.0114,0.01000000000499679,0.056,0.05561317419473333,0.00038682580526667315,8.859375,9.14963739037799,0.29026239037798973
random_geometric,40,correlated,0.3,0.75,point,1,14,0.75,11.8125,21.0,4.236959163185632,27.658346213566492,0.7592644852243351,88.74746177890246,0.0114,0.01000000000499679,0.0778,0.08217063291537535,-0.004370632915375358,11.8125,11.513797401206006,-0.2987025987939944
random_geometric,40,correlated,0.3,0.75,edge_bipolar,1,11-14,0.7499999999999999,12.937499999999998,23.0,4.236959163185632,27.658346213566492,0.8315753885790337,88.74746177890246,0.0114,0.01000000000499679,0.0976,0.09608664027940789,0.0015133597205921195,12.937499999999998,12.862793116018679,-0.0747068839813192
random_geometric,40,correlated,0.3,0.75,high_frequency,1,lambda_max,0.7499999999999999,15.557819745131154,27.6583462135665,4.236959163185632,27.658346213566492,1.0000000000000002,88.74746177890246,0.0114,0.01000000000499679,0.1302,0.13412575427946605,-0.003925754279466037,15.557819745131154,15.428486901819966,-0.12933284331118777
random_geometric,40,correlated,0.3,1.5,constant,1,all,1.4999999999999998,3.6863751420055373e-16,1.6383889520024615e-16,4.236959163185632,27.658346213566492,5.923669258282794e-18,88.74746177890246,0.0114,0.01000000000499679,0.0096,0.01000000000499679,-0.0004000000049967905,3.6863751420055373e-16,0.056350834324383925,0.05635083432438356
random_geometric,40,correlated,0.3,1.5,fiedler,1,fiedler,1.5,9.533158117167691,4.236959163185641,4.236959163185632,27.658346213566492,0.1531891722834607,88.74746177890246,0.0114,0.01000000000499679,0.0434,0.045488540702575464,-0.002088540702575463,9.533158117167691,9.547386646662602,0.014228529494911157
random_geometric,40,correlated,0.3,1.5,cluster,1,25;0;1;2;3;4;6;7,1.4999999999999998,32.34374999999999,14.375,4.236959163185632,27.658346213566492,0.519734617861896,88.74746177890246,0.0114,0.01000000000499679,0.4292,0.4198388452669144,0.00936115473308563,32.34374999999999,32.61298995694712,0.2692399569471249
random_geometric,40,correlated,0.3,1.5,point,1,32,1.5,31.5,14.0,4.236959163185632,27.658346213566492,0.5061763234828901,88.74746177890246,0.0114,0.01000000000499679,0.4018,0.401533181415734,0.00026681858426597094,31.5,31.536274325863545,0.03627432586354473
random_geometric,40,correlated,0.3,1.5,edge_bipolar,1,12-30,1.4999999999999998,35.99999999999999,16.0,4.236959163185632,27.658346213566492,0.5784872268375886,88.74746177890246,0.0114,0.01000000000499679,0.4952,0.4943615132957127,0.0008384867042872668,35.99999999999999,36.16081506943155,0.16081506943155688
random_geometric,40,correlated,0.3,1.5,high_frequency,1,lambda_max,1.4999999999999998,62.231278980524614,27.6583462135665,4.236959163185632,27.658346213566492,1.0000000000000002,88.74746177890246,0.0114,0.01000000000499679,0.8584,0.8533037186519509,0.005096281348049181,62.231278980524614,62.25382791395586,0.022548933431245644
random_geometric,40,correlated,0.3,3.0,constant,1,all,2.9999999999999996,1.474550056802215e-15,1.6383889520024615e-16,4.236959163185632,27.658346213566492,5.923669258282794e-18,88.74746177890246,0.0114,0.01000000000499679,0.0086,0.01000000000499679,-0.0014000000049967896,1.474550056802215e-15,0.08636420453368743,0.08636420453368596
random_geometric,40,correlated,0.3,3.0,fiedler,1,fiedler,3.0,38.132632468670764,4.236959163185641,4.236959163185632,27.658346213566492,0.1531891722834607,88.74746177890246,0.0114,0.01000000000499679,0.554,0.5571996088004234,-0.003199608800423359,38.132632468670764,37.97049210836013,-0.16214036031063017
random_geometric,40,correlated,0.3,3.0,cluster,1,13;3;4;6;7;11;25;26,2.9999999999999996,94.49999999999999,10.5,4.236959163185632,27.658346213566492,0.37963224261216755,88.74746177890246,0.0114,0.01000000000499679,0.9932,0.9935599302194204,-0.00035993021942037906,94.49999999999999,95.69982299823391,1.1998229982339268
random_geometric,40,correlated,0.3,3.0,point,1,19,3.0,90.0,10.0,4.236959163185632,27.658346213566492,0.3615545167734929,88.74746177890246,0.0114,0.01000000000499679,0.998,0.9977000537307519,0.0002999462692481192,90.0,90.08345768971441,0.08345768971440748
random_geometric,40,correlated,0.3,3.0,edge_bipolar,1,0-17,2.9999999999999996,198.0,22.000000000000004,4.236959163185632,27.658346213566492,0.7954199369016844,88.74746177890246,0.0114,0.01000000000499679,1.0,0.9999998934843896,1.0651561044294766e-07,198.0,198.45603519393623,0.4560351939362306
random_geometric,40,correlated,0.3,3.0,high_frequency,1,lambda_max,2.9999999999999996,248.92511592209846,27.6583462135665,4.236959163185632,27.658346213566492,1.0000000000000002,88.74746177890246,0.0114,0.01000000000499679,1.0,0.999999998576695,1.423305029391031e-09,248.92511592209846,248.2964366392037,-0.6286792828947512
random_geometric,40,correlated,0.3,0.75,constant,2,all,0.7499999999999999,-1.4153047420199826e-16,-2.5160973191466364e-16,2.1927409832633202,24.669992470347655,-1.0199019404529146e-17,78.91879262987473,0.0102,0.010000000019421917,0.0086,0.010000000019421917,-0.0014000000194219174,-1.4153047420199826e-16,0.005997766631892887,0.005997766631893028
random_geometric,40,correlated,0.3,0.75,fiedler,2,fiedler,0.7499999999999999,1.2334168030856203,2.1927409832633256,2.1927409832633202,24.669992470347655,0.08888292065345835,78.91879262987473,0.0102,0.010000000019421917,0.0148,0.012545897361376956,0.0022541026386230442,1.2334168030856203,1.3192891043853905,0.08587230129977019
random_geometric,40,correlated,0.3,0.75,cluster,2,17;5;6;8;9;10;11;15,0.7499999999999999,7.171874999999997,12.749999999999998,2.1927409832633202,24.669992470347655,0.5168222088160338,78.91879262987473,0.0102,0.010000000019421917,0.0496,0.047385023587499187,0.0022149764125008117,7.171874999999997,7.259194959141695,0.08731995914169755
random_geometric,40,correlated,0.3,0.75,point,2,2,0.75,11.25,20.0,2.1927409832633202,24.669992470347655,0.8107015040251513,78.91879262987473,0.0102,0.010000000019421917,0.0946,0.09226475069479112,0.0023352493052088835,11.25,11.195840711009403,-0.054159288990597076
random_geometric,40,correlated,0.3,0.75,edge_bipolar,2,30-37,0.7499999999999999,10.125,18.000000000000004,2.1927409832633202,24.669992470347655,0.7296313536226363,78.91879262987473,0.0102,0.010000000019421917,0.0696,0.07458285376489654,-0.004982853764896544,10.125,9.85870938889228,-0.26629061110772057
random_geometric,40,correlated,0.3,0.75,high_frequency,2,lambda_max,0.7500000000000001,13.876870764570546,24.669992470347626,2.1927409832633202,24.669992470347655,0.9999999999999989,78.91879262987473,0.0102,0.010000000019421917,0.1372,0.13252222808072994,0.004677771919270046,13.876870764570546,14.103533143754753,0.22666237918420684
random_geometric,40,correlated,0.3,1.5,constant,2,all,1.4999999999999998,-5.66121896807993e-16,-2.5160973191466364e-16,2.1927409832633202,24.669992470347655,-1.0199019404529146e-17,78.91879262987473,0.0102,0.010000000019421917,0.0104,0.010000000019421917,0.0003999999805780821,-5.66121896807993e-16,-0.21514485084160384,-0.21514485084160329
random_geometric,40,correlated,0.3,1.5,fiedler,2,fiedler,1.4999999999999998,4.933667212342481,2.1927409832633256,2.1927409832633202,24.669992470347655,0.08888292065345835,78.91879262987473,0.0102,0.010000000019421917,0.0266,0.023938256541575775,0.0026617434584242233,4.933667212342481,4.959907607208663,0.026240394866182015
random_geometric,40,correlated,0.3,1.5,cluster,2,29;0;1;2;3;4;6;9,1.4999999999999998,30.093749999999993,13.375,2.1927409832633202,24.669992470347655,0.5421566308168199,78.91879262987473,0.0102,0.010000000019421917,0.449,0.44673900382583365,0.002260996174166363,30.093749999999993,30.02897606724453,-0.06477393275546461
random_geometric,40,correlated,0.3,1.5,point,2,3,1.5,42.75,19.0,2.1927409832633202,24.669992470347655,0.7701664288238936,78.91879262987473,0.0102,0.010000000019421917,0.7024,0.7025310659783546,-0.0001310659783545498,42.75,42.40460953437966,-0.3453904656203406
random_geometric,40,correlated,0.3,1.5,edge_bipolar,2,7-19,1.4999999999999998,19.124999999999996,8.5,2.1927409832633202,24.669992470347655,0.3445481392106893,78.91879262987473,0.0102,0.010000000019421917,0.1772,0.18131691006667383,-0.0041169100666738345,19.124999999999996,19.162460636595696,0.03746063659569998
random_geometric,40,correlated,0.3,1.5,high_frequency,2,lambda_max,1.5000000000000002,55.50748305828218,24.669992470347626,2.1927409832633202,24.669992470347655,0.9999999999999989,78.91879262987473,0.0102,0.010000000019421917,0.8624,0.855021278231404,0.007378721768596108,55.50748305828218,55.56044111114899,0.05295805286680633
random_geometric,40,correlated,0.3,3.0,constant,2,all,2.9999999999999996,-2.264487587231972e-15,-2.5160973191466364e-16,2.1927409832633202,24.669992470347655,-1.0199019404529146e-17,78.91879262987473,0.0102,0.010000000019421917,0.009,0.010000000019421917,-0.001000000019421918,-2.264487587231972e-15,-0.3096613605409999,-0.30966136054099763
random_geometric,40,correlated,0.3,3.0,fiedler,2,fiedler,2.9999999999999996,19.734668849369925,2.1927409832633256,2.1927409832633202,24.669992470347655,0.08888292065345835,78.91879262987473,0.0102,0.010000000019421917,0.1746,0.1829870936305676,-0.008387093630567583,19.734668849369925,19.579841667048754,-0.15482718232117065
random_geometric,40,correlated,0.3,3.0,cluster,2,33;5;7;10;11;16;18;19,2.9999999999999996,45.0,5.000000000000001,2.1927409832633202,24.669992470347655,0.20267537600628785,78.91879262987473,0.0102,0.010000000019421917,0.775,0.7752223702846817,-0.00022237028468163889,45.0,44.87066602054209,-0.12933397945791114
random_geometric,40,correlated,0.3,3.0,point,2,10,3.0,144.0,16.0,2.1927409832633202,24.669992470347655,0.648561203220121,78.91879262987473,0.0102,0.010000000019421917,1.0,0.9999983354176125,1.6645823874839039e-06,144.0,144.38496639493252,0.38496639493251905
random_geometric,40,correlated,0.3,3.0,edge_bipolar,2,11-29,2.9999999999999996,193.49999999999997,21.5,2.1927409832633202,24.669992470347655,0.8715041168270375,78.91879262987473,0.0102,0.010000000019421917,1.0,0.9999999810390608,1.896093915210173e-08,193.49999999999997,192.92401169061782,-0.5759883093821543
random_geometric,40,correlated,0.3,3.0,high_frequency,2,lambda_max,3.0000000000000004,222.02993223312873,24.669992470347626,2.1927409832633202,24.669992470347655,0.9999999999999989,78.91879262987473,0.0102,0.010000000019421917,1.0,0.9999999990453092,9.546907708823937e-10,222.02993223312873,222.4853166092563,0.45538437612756866
random_geometric,40,correlated,0.3,0.75,constant,3,all,0.7499999999999999,-1.3494766144841694e-16,-2.399069536860746e-16,2.5783873117878024,24.507545915468096,-9.789105547881715e-18,76.83462636716598,0.0088,0.010000000004874277,0.013,0.010000000004874277,0.002999999995125723,-1.3494766144841694e-16,0.037458908293380944,0.037458908293381075
random_geometric,40,correlated,0.3,0.75,fiedler,3,fiedler,0.75,1.4503428628806352,2.578387311787796,2.5783873117878024,24.507545915468096,0.10520789477172539,76.83462636716598,0.0088,0.010000000004874277,0.0124,0.013235598103194468,-0.0008355981031944685,1.4503428628806352,1.578822291231539,0.12847942835090387
random_geometric,40,correlated,0.3,0.75,cluster,3,24;0;1;4;6;7;9;10,0.7499999999999999,6.679687499999998,11.875,2.5783873117878024,24.507545915468096,0.484544639473878,76.83462636716598,0.0088,0.010000000004874277,0.0462,0.045741629020532804,0.00045837097946719446,6.679687499999998,6.900443744982624,0.22075624498262592
random_geometric,40,correlated,0.3,0.75,point,3,1,0.75,12.375,22.0,2.5783873117878024,24.507545915468096,0.8976827004989739,76.83462636716598,0.0088,0.010000000004874277,0.1164,0.11785871237132622,-0.0014587123713262207,12.375,12.24249889363729,-0.13250110636271017
random_geometric,40,correlated,0.3,0.75,edge_bipolar,3,7-38,0.7499999999999999,13.218749999999998,23.5,2.5783873117878024,24.507545915468096,0.9588883391693586,76.83462636716598,0.0088,0.010000000004874277,0.129,0.1317463490964783,-0.0027463490964783066,13.218749999999998,13.194022131473986,-0.024727868526012386
random_geometric,40,correlated,0.3,0.75,high_frequency,3,lambda_max,0.7500000000000001,13.785494577450805,24.50754591546809,2.5783873117878024,24.507545915468096,0.9999999999999997,76.83462636716598,0.0088,0.010000000004874277,0.1334,0.13991072007622207,-0.006510720076222082,13.785494577450805,13.56210123465587,-0.22339334279493528
random_geometric,40,correlated,0.3,1.5,constant,3,all,1.4999999999999998,-5.397906457936678e-16,-2.399069536860746e-16,2.5783873117878024,24.507545915468096,-9.789105547881715e-18,76.83462636716598,0.0088,0.010000000004874277,0.0096,0.010000000004874277,-0.0004000000048742774,-5.397906457936678e-16,-0.1272904662122869,-0.12729046621228637
random_geometric,40,correlated,0.3,1.5,fiedler,3,fiedler,1.5,5.801371451522541,2.578387311787796,2.5783873117878024,24.507545915468096,0.10520789477172539,76.83462636716598,0.0088,0.010000000004874277,0.0268,0.029018629414108044,-0.0022186294141080427,5.801371451522541,5.698042509404459,-0.10332894211808163
random_geometric,40,correlated,0.3,1.5,cluster,3,36;5;8;12;13;15;21;29,1.4999999999999998,16.031249999999996,7.125,2.5783873117878024,24.507545915468096,0.2907267836843268,76.83462636716598,0.0088,0.010000000004874277,0.1628,0.16369555912910366,-0.0008955591291036624,16.031249999999996,15.973981553611296,-0.05726844638870077
random_geometric,40,correlated,0.3,1.5,point,3,9,1.5,38.25,17.0,2.5783873117878024,24.507545915468096,0.6936639049310254,76.83462636716598,0.0088,0.010000000004874277,0.6478,0.6504097461167206,-0.0026097461167206015,38.25,38.26126214169333,0.011262141693329397
random_geometric,40,correlated,0.3,1.5,edge_bipolar,3,20-33,1.4999999999999998,33.74999999999999,15.0,2.5783873117878024,24.507545915468096,0.6120563867038459,76.83462636716598,0.0088,0.010000000004874277,0.571,0.5618267238828056,0.009173276117194318,33.74999999999999,34.19035235528545,0.44035235528545513
random_geometric,40,correlated,0.3,1.5,high_frequency,3,lambda_max,1.5000000000000002,55.14197830980322,24.50754591546809,2.5783873117878024,24.507545915468096,0.9999999999999997,76.83462636716598,0.0088,0.010000000004874277,0.86,0.8658841217975622,-0.005884121797562258,55.14197830980322,54.80891383714545,-0.3330644726577745
random_geometric,40,correlated,0.3,3.0,constant,3,all,2.9999999999999996,-2.159162583174671e-15,-2.399069536860746e-16,2.5783873117878024,24.507545915468096,-9.789105547881715e-18,76.83462636716598,0.0088,0.010000000004874277,0.0094,0.010000000004874277,-0.0006000000048742762,-2.159162583174671e-15,0.1331801041845253,0.13318010418452747
random_geometric,40,correlated,0.3,3.0,fiedler,3,fiedler,3.0,23.205485806090163,2.578387311787796,2.5783873117878024,24.507545915468096,0.10520789477172539,76.83462636716598,0.0088,0.010000000004874277,0.2812,0.28087062392824136,0.0003293760717586469,23.205485806090163,23.12323700127721,-0.08224880481295216
random_geometric,40,correlated,0.3,3.0,cluster,3,19;1;4;9;10;14;15;16,2.9999999999999996,105.74999999999997,11.75,2.5783873117878024,24.507545915468096,0.4794441695846793,76.83462636716598,0.0088,0.010000000004874277,1.0,0.9995272414755741,0.00047275852442585364,105.74999999999997,105.69797371819303,-0.05202628180694546
random_geometric,40,correlated,0.3,3.0,point,3,20,3.0,135.0,15.0,2.5783873117878024,24.507545915468096,0.6120563867038459,76.83462636716598,0.0088,0.010000000004874277,1.0,0.9999971897633068,2.81023669324032e-06,135.0,134.79066760163232,-0.20933239836767825
random_geometric,40,correlated,0.3,3.0,edge_bipolar,3,12-22,2.9999999999999996,139.49999999999997,15.5,2.5783873117878024,24.507545915468096,0.6324582662606407,76.83462636716598,0.0088,0.010000000004874277,1.0,0.9999986226637749,1.377336225072412e-06,139.49999999999997,139.61167546383993,0.11167546383995841
random_geometric,40,correlated,0.3,3.0,high_frequency,3,lambda_max,3.0000000000000004,220.56791323921288,24.50754591546809,2.5783873117878024,24.507545915468096,0.9999999999999997,76.83462636716598,0.0088,0.010000000004874277,1.0,0.9999999993049123,6.950876541012008e-10,220.56791323921288,220.9224073558126,0.3544941165997102
random_geometric,60,iid,0.15,0.75,constant,0,all,0.7500000000000002,3.8698877564543325e-16,6.879800455918809e-16,2.2641209931600383,37.224032232060694,1.848214726719827e-17,42.09890678350292,0.0114,0.009999999999999953,0.0118,0.009999999999999953,0.0018000000000000464,3.8698877564543325e-16,0.06600133937647001,0.06600133937646963
random_geometric,60,iid,0.15,0.75,fiedler,0,fiedler,0.75,1.2735680586525222,2.2641209931600397,2.2641209931600383,37.224032232060694,0.06082417345453442,42.09890678350292,0.0114,0.009999999999999953,0.0174,0.015861192909921495,0.0015388070900785034,1.2735680586525222,1.271688247693664,-0.0018798109588582523
random_geometric,60,iid,0.15,0.75,cluster,0,30;1;8;10;13;19;20;22;24;26;27;28,0.7500000000000001,9.609375000000002,17.08333333333333,2.2641209931600383,37.224032232060694,0.45893290729045794,42.09890678350292,0.0114,0.009999999999999953,0.2464,0.2374220104206307,0.008977989579369294,9.609375000000002,9.700540420041651,0.09116542004164963
random_geometric,60,iid,0.15,0.75,point,0,0,0.75,5.0625,9.0,2.2641209931600383,37.224032232060694,0.2417792877432657,42.09890678350292,0.0114,0.009999999999999953,0.065,0.06325141702560894,0.0017485829743910664,5.0625,5.118593339058197,0.056093339058197245
random_geometric,60,iid,0.15,0.75,edge_bipolar,0,14-21,0.7499999999999999,8.4375,15.000000000000004,2.2641209931600383,37.224032232060694,0.4029654795721096,42.09890678350292,0.0114,0.009999999999999953,0.1762,0.1708063620230248,0.005393637976975202,8.4375,8.60706376553875,0.16956376553875074
random_geometric,60,iid,0.15,0.75,high_frequency,0,lambda_max,0.7500000000000001,20.938518130534135,37.22403223206067,2.2641209931600383,37.224032232060694,0.9999999999999994,42.09890678350292,0.0114,0.009999999999999953,0.7318,0.7261580788477346,0.005641921152265361,20.938518130534135,20.987533747336652,0.049015616802517314
random_geometric,60,iid,0.15,1.5,constant,0,all,1.5000000000000004,1.547955102581733e-15,6.879800455918809e-16,2.2641209931600383,37.224032232060694,1.848214726719827e-17,42.09890678350292,0.0114,0.009999999999999953,0.0104,0.009999999999999953,0.00040000000000004615,1.547955102581733e-15,-0.06470028547598972,-0.06470028547599127
random_geometric,60,iid,0.15,1.5,fiedler,0,fiedler,1.5,5.094272234610089,2.2641209931600397,2.2641209931600383,37.224032232060694,0.06082417345453442,42.09890678350292,0.0114,0.009999999999999953,0.05,0.05579417750090965,-0.005794177500909645,5.094272234610089,5.015387378235541,-0.07888485637454767
random_geometric,60,iid,0.15,1.5,cluster,0,54;1;13;22;28;30;36;38;41;44;49;52,1.5000000000000002,23.812500000000004,10.58333333333333,2.2641209931600383,37.224032232060694,0.28431453280921054,42.09890678350292,0.0114,0.009999999999999953,0.8684,0.8622384600940896,0.006161539905910396,23.812500000000004,23.98825391753447,0.17575391753446468
random_geometric,60,iid,0.15,1.5,point,0,15,1.5,29.25,13.0,2.2641209931600383,37.224032232060694,0.3492367489624949,42.09890678350292,0.0114,0.009999999999999953,0.9702,0.9726338069686693,-0.0024338069686693498,29.25,29.32958369787175,0.07958369787175101
random_geometric,60,iid,0.15,1.5,edge_bipolar,0,15-35,1.4999999999999998,28.124999999999993,12.5,2.2641209931600383,37.224032232060694,0.33580456631009126,42.09890678350292,0.0114,0.009999999999999953,0.9666,0.9660980020354808,0.0005019979645192185,28.124999999999993,28.154011088141356,0.029011088141363217
random_geometric,60,iid,0.15,1.5,high_frequency,0,lambda_max,1.5000000000000002,83.75407252213654,37.22403223206067,2.2641209931600383,37.224032232060694,0.9999999999999994,42.09890678350292,0.0114,0.009999999999999953,1.0,0.9999997207130892,2.792869108203533e-07,83.75407252213654,83.8857094681229,0.131636945986358
random_geometric,60,iid,0.15,3.0,constant,0,all,3.000000000000001,6.191820410326932e-15,6.879800455918809e-16,2.2641209931600383,37.224032232060694,1.848214726719827e-17,42.09890678350292,0.0114,0.009999999999999953,0.0096,0.009999999999999953,-0.0003999999999999542,6.191820410326932e-15,-0.018238944445499783,-0.018238944445505976
random_geometric,60,iid,0.15,3.0,fiedler,0,fiedler,3.0,20.377088938440355,2.2641209931600397,2.2641209931600383,37.224032232060694,0.06082417345453442,42.09890678350292,0.0114,0.009999999999999953,0.8416,0.8440331337779456,-0.0024331337779456286,20.377088938440355,20.353423505564226,-0.02366543287612899
random_geometric,60,iid,0.15,3.0,cluster,0,9;2;3;4;6;10;15;16;18;19;25;29,3.0000000000000004,125.25000000000001,13.916666666666663,2.2641209931600383,37.224032232060694,0.37386241715856816,42.09890678350292,0.0114,0.009999999999999953,1.0,1.0,0.0,125.25000000000001,125.305022930204,0.05502293020398952
random_geometric,60,iid,0.15,3.0,point,0,8,3.0,243.0,27.0,2.2641209931600383,37.224032232060694,0.7253378632297971,42.09890678350292,0.0114,0.009999999999999953,1.0,1.0,0.0,243.0,243.70048705975952,0.7004870597595243
random_geometric,60,iid,0.15,3.0,edge_bipolar,0,26-40,2.9999999999999996,224.99999999999997,25.000000000000004,2.2641209931600383,37.224032232060694,0.6716091326201826,42.09890678350292,0.0114,0.009999999999999953,1.0,1.0,0.0,224.99999999999997,225.30677698142233,0.30677698142235954
random_geometric,60,iid,0.15,3.0,high_frequency,0,lambda_max,3.0000000000000004,335.01629008854616,37.22403223206067,2.2641209931600383,37.224032232060694,0.9999999999999994,42.09890678350292,0.0114,0.009999999999999953,1.0,0.9999999999852327,1.4767298495144132e-11,335.01629008854616,335.44403136739476,0.42774127884860036
random_geometric,60,iid,0.15,0.75,constant,1,all,0.7500000000000002,5.482340988310305e-16,9.746383979218314e-16,3.655072178601154,35.47107897535048,2.7476987621355584e-17,44.565839291117186,0.0078,0.010000000000001064,0.0108,0.010000000000001064,0.000799999999998937,5.482340988310305e-16,-0.026456595976082298,-0.026456595976082846
random_geometric,60,iid,0.15,0.75,fiedler,1,fiedler,0.7499999999999999,2.05597810046315,3.655072178601156,3.655072178601154,35.47107897535048,0.10304372700760342,44.565839291117186,0.0078,0.010000000000001064,0.0218,0.02040993945911801,0.0013900605408819905,2.05597810046315,2.0870109556085588,0.031032855145408877
random_geometric,60,iid,0.15,0.75,cluster,1,48;5;16;19;20;21;30;38;40;41;46;54,0.7500000000000001,6.328125000000002,11.249999999999998,3.655072178601154,35.47107897535048,0.3171597911588152,44.565839291117186,0.0078,0.010000000000001064,0.0946,0.09882368919860252,-0.004223689198602512,6.328125000000002,6.264530076833502,-0.06359492316649984
random_geometric,60,iid,0.15,0.75,point,1,12,0.75,15.75,28.0,3.655072178601154,35.47107897535048,0.7893754802174957,44.565839291117186,0.0078,0.010000000000001064,0.4964,0.49681801212834587,-0.0004180121283458571,15.75,15.766441194426449,0.016441194426448646
random_geometric,60,iid,0.15,0.75,edge_bipolar,1,1-39,0.7499999999999999,14.624999999999996,26.0,3.655072178601154,35.47107897535048,0.7329915173448174,44.565839291117186,0.0078,0.010000000000001064,0.454,0.44405126434307596,0.009948735656924057,14.624999999999996,14.92648663838029,0.3014866383802932
random_geometric,60,iid,0.15,0.75,high_frequency,1,lambda_max,0.7500000000000001,19.952481923634654,35.47107897535048,3.655072178601154,35.47107897535048,1.0,44.565839291117186,0.0078,0.010000000000001064,0.6552,0.6636536334123914,-0.00845363341239136,19.952481923634654,19.894125411662372,-0.05835651197228131
random_geometric,60,iid,0.15,1.5,constant,1,all,1.5000000000000004,2.192936395324122e-15,9.746383979218314e-16,3.655072178601154,35.47107897535048,2.7476987621355584e-17,44.565839291117186,0.0078,0.010000000000001064,0.0104,0.010000000000001064,0.00039999999999893593,2.192936395324122e-15,0.06370819726613774,0.06370819726613555
random_geometric,60,iid,0.15,1.5,fiedler,1,fiedler,1.4999999999999998,8.2239124018526,3.655072178601156,3.655072178601154,35.47107897535048,0.10304372700760342,44.565839291117186,0.0078,0.010000000000001064,0.1304,0.12347316549649928,0.006926834503500706,8.2239124018526,8.300044864424393,0.07613246257179362
random_geometric,60,iid,0.15,1.5,cluster,1,23;9;17;27;28;32;33;36;45;58;7;13,1.5000000000000002,21.000000000000004,9.33333333333333,3.655072178601154,35.47107897535048,0.2631251600724985,44.565839291117186,0.0078,0.010000000000001064,0.739,0.7411124702243281,-0.0021124702243281446,21.000000000000004,20.97758064774692,-0.022419352253084668
random_geometric,60,iid,0.15,1.5,point,1,44,1.5,49.5,22.0,3.655072178601154,35.47107897535048,0.6202235915994609,44.565839291117186,0.0078,0.010000000000001064,0.9996,0.9996407268050322,-4.07268050321985e-05,49.5,49.57004710156408,0.07004710156407867
random_geometric,60,iid,0.15,1.5,edge_bipolar,1,35-57,1.4999999999999998,69.75,31.000000000000007,3.655072178601154,35.47107897535048,0.8739514245265133,44.565839291117186,0.0078,0.010000000000001064,1.0,0.9999939111310441,6.088868955922422e-06,69.75,70.01952956271998,0.2695295627199812
random_geometric,60,iid,0.15,1.5,high_frequency,1,lambda_max,1.5000000000000002,79.80992769453862,35.47107897535048,3.655072178601154,35.47107897535048,1.0,44.565839291117186,0.0078,0.010000000000001064,1.0,0.9999990010360919,9.98963908149797e-07,79.80992769453862,79.79749696316878,-0.012430731369832415
random_geometric,60,iid,0.15,3.0,constant,1,all,3.000000000000001,8.771745581296488e-15,9.746383979218314e-16,3.655072178601154,35.47107897535048,2.7476987621355584e-17,44.565839291117186,0.0078,0.010000000000001064,0.0102,0.010000000000001064,0.00019999999999893714,8.771745581296488e-15,-0.05597064969059318,-0.05597064969060195
random_geometric,60,iid,0.15,3.0,fiedler,1,fiedler,2.9999999999999996,32.8956496074104,3.655072178601156,3.655072178601154,35.47107897535048,0.10304372700760342,44.565839291117186,0.0078,0.010000000000001064,0.999,0.9987431790145607,0.0002568209854393322,32.8956496074104,32.799483046321235,-0.09616656108916288
random_geometric,60,iid,0.15,3.0,cluster,1,17;7;8;9;11;13;20;22;23;24;27;28,3.0000000000000004,136.50000000000003,15.166666666666664,3.655072178601154,35.47107897535048,0.4275783851178101,44.565839291117186,0.0078,0.010000000000001064,1.0,1.0,0.0,136.50000000000003,136.62774251679144,0.12774251679141457
random_geometric,60,iid,0.15,3.0,point,1,43,3.0,90.0,10.0,3.655072178601154,35.47107897535048,0.2819198143633913,44.565839291117186,0.0078,0.010000000000001064,1.0,1.0,0.0,90.0,90.00322199471174,0.0032219947117368974
random_geometric,60,iid,0.15,3.0,edge_bipolar,1,28-45,2.9999999999999996,171.0,19.000000000000004,3.655072178601154,35.47107897535048,0.5356476472904436,44.565839291117186,0.0078,0.010000000000001064,1.0,1.0,0.0,171.0,170.54162790058456,-0.4583720994154419
random_geometric,60,iid,0.15,3.0,high_frequency,1,lambda_max,3.0000000000000004,319.23971077815446,35.47107897535048,3.655072178601154,35.47107897535048,1.0,44.565839291117186,0.0078,0.010000000000001064,1.0,1.0,0.0,319.23971077815446,319.3325703815583,0.09285960340383781
random_geometric,60,iid,0.15,0.75,constant,2,all,0.7500000000000002,4.622365931320452e-16,8.217539433458578e-16,3.3165086858293495,32.58312402100643,2.522023188494973e-17,39.61287904817889,0.0084,0.010000000000044418,0.0106,0.010000000000044418,0.0005999999999555822,4.622365931320452e-16,0.005787178103435764,0.005787178103435302
random_geometric,60,iid,0.15,0.75,fiedler,2,fiedler,0.7500000000000001,1.8655361357790083,3.316508685829347,3.3165086858293495,32.58312402100643,0.10178608667760602,39.61287904817889,0.0084,0.010000000000044418,0.0256,0.020872213820123386,0.004727786179876615,1.8655361357790083,1.8373128099732128,-0.028223325805795563
random_geometric,60,iid,0.15,0.75,cluster,2,2;1;5;7;10;11;16;17;18;20;24;31,0.7500000000000001,8.812500000000004,15.666666666666666,3.3165086858293495,32.58312402100643,0.48082150307522153,39.61287904817889,0.0084,0.010000000000044418,0.2258,0.23069900232062968,-0.004899002320629675,8.812500000000004,8.71106524086089,-0.1014347591391136
random_geometric,60,iid,0.15,0.75,point,2,35,0.75,7.3125,13.0,3.3165086858293495,32.58312402100643,0.3989795451049711,39.61287904817889,0.0084,0.010000000000044418,0.1466,0.1500450891742915,-0.0034450891742914824,7.3125,7.200361619110758,-0.11213838088924177
random_geometric,60,iid,0.15,0.75,edge_bipolar,2,6-39,0.7499999999999999,8.718749999999998,15.5,3.3165086858293495,32.58312402100643,0.4757063807020809,39.61287904817889,0.0084,0.010000000000044418,0.2192,0.21408393509054713,0.005116064909452878,8.718749999999998,8.805176615737238,0.0864266157372402
random_geometric,60,iid,0.15,0.75,high_frequency,2,lambda_max,0.7500000000000001,18.328007261816122,32.58312402100643,3.3165086858293495,32.58312402100643,1.0,39.61287904817889,0.0084,0.010000000000044418,0.7018,0.6900070338182394,0.011792966181760622,18.328007261816122,18.537712135638458,0.2097048738223357
random_geometric,60,iid,0.15,1.5,constant,2,all,1.5000000000000004,1.848946372528181e-15,8.217539433458578e-16,3.3165086858293495,32.58312402100643,2.522023188494973e-17,39.61287904817889,0.0084,0.010000000000044418,0.01,0.010000000000044418,-4.4417594602386146e-14,1.848946372528181e-15,-0.0016477939465566749,-0.0016477939465585239
random_geometric,60,iid,0.15,1.5,fiedler,2,fiedler,1.5000000000000002,7.462144543116033,3.316508685829347,3.3165086858293495,32.58312402100643,0.10178608667760602,39.61287904817889,0.0084,0.010000000000044418,0.1232,0.1314784113232284,-0.008278411323228402,7.462144543116033,7.410235398842147,-0.051909144273886376
random_geometric,60,iid,0.15,1.5,cluster,2,49;4;16;18;25;26;29;37;46;57;58;5,1.5000000000000002,23.625000000000004,10.499999999999998,3.3165086858293495,32.58312402100643,0.3222527095078612,39.61287904817889,0.0084,0.010000000000044418,0.8926,0.8920932405738782,0.0005067594261217723,23.625000000000004,23.615205236627588,-0.00979476337241536
random_geometric,60,iid,0.15,1.5,point,2,53,1.5,67.5,30.0,3.3165086858293495,32.58312402100643,0.9207220271653178,39.61287904817889,0.0084,0.010000000000044418,1.0,0.9999977212834421,2.278716557890803e-06,67.5,67.13344146633298,-0.3665585336670176
random_geometric,60,iid,0.15,1.5,edge_bipolar,2,6-8,1.4999999999999998,42.74999999999999,19.0,3.3165086858293495,32.58312402100643,0.5831239505380347,39.61287904817889,0.0084,0.010000000000044418,0.9996,0.9995563569987784,4.364300122161602e-05,42.74999999999999,42.67680295391525,-0.07319704608474353
random_geometric,60,iid,0.15,1.5,high_frequency,2,lambda_max,1.5000000000000002,73.31202904726449,32.58312402100643,3.3165086858293495,32.58312402100643,1.0,39.61287904817889,0.0084,0.010000000000044418,1.0,0.9999993886863037,6.113136963303845e-07,73.31202904726449,73.10682000835243,-0.20520903891205933
random_geometric,60,iid,0.15,3.0,constant,2,all,3.000000000000001,7.395785490112724e-15,8.217539433458578e-16,3.3165086858293495,32.58312402100643,2.522023188494973e-17,39.61287904817889,0.0084,0.010000000000044418,0.0102,0.010000000000044418,0.00019999999995558293,7.395785490112724e-15,-0.013649402650298015,-0.01364940265030541
random_geometric,60,iid,0.15,3.0,fiedler,2,fiedler,3.0000000000000004,29.848578172464133,3.316508685829347,3.3165086858293495,32.58312402100643,0.10178608667760602,39.61287904817889,0.0084,0.010000000000044418,0.9994,0.9992302975599149,0.0001697024400850733,29.848578172464133,29.95591880904317,0.10734063657903548
random_geometric,60,iid,0.15,3.0,cluster,2,8;4;5;6;10;12;13;15;18;19;23;25,3.0000000000000004,126.75,14.083333333333329,3.3165086858293495,32.58312402100643,0.4322278405303852,39.61287904817889,0.0084,0.010000000000044418,1.0,1.0,0.0,126.75,126.8904137629032,0.14041376290319363
random_geometric,60,iid,0.15,3.0,point,2,10,3.0,279.0,31.0,3.3165086858293495,32.58312402100643,0.9514127614041618,39.61287904817889,0.0084,0.010000000000044418,1.0,1.0,0.0,279.0,278.3177666863847,-0.6822333136153134
random_geometric,60,iid,0.15,3.0,edge_bipolar,2,6-23,2.9999999999999996,184.5,20.500000000000004,3.3165086858293495,32.58312402100643,0.6291600518963006,39.61287904817889,0.0084,0.010000000000044418,1.0,1.0,0.0,184.5,184.131141189419,-0.36885881058100267
random_geometric,60,iid,0.15,3.0,high_frequency,2,lambda_max,3.0000000000000004,293.24811618905795,32.58312402100643,3.3165086858293495,32.58312402100643,1.0,39.61287904817889,0.0084,0.010000000000044418,1.0,1.0,0.0,293.24811618905795,293.1050733113018,-0.14304287775615876
random_geometric,60,iid,0.15,0.75,constant,3,all,0.7500000000000002,3.6548939922068693e-16,6.497589319478875e-16,3.169355924352724,40.17257982746093,1.617418982645793e-17,46.525824026624896,0.0108,0.010000000085690297,0.0076,0.010000000085690297,-0.002400000085690297,3.6548939922068693e-16,-0.11765013131903146,-0.11765013131903182
random_geometric,60,iid,0.15,0.75,fiedler,3,fiedler,0.75,1.7827627074484078,3.169355924352725,3.169355924352724,40.17257982746093,0.07889351238991715,46.525824026624896,0.0108,0.010000000085690297,0.018,0.01796585792688249,3.414207311750947e-05,1.7827627074484078,1.7880384112750498,0.0052757038266419976
random_geometric,60,iid,0.15,0.75,cluster,3,50;0;2;3;5;6;7;8;9;10;12;13,0.7500000000000001,11.765625000000004,20.916666666666664,3.169355924352724,40.17257982746093,0.5206702371742772,46.525824026624896,0.0108,0.010000000085690297,0.2794,0.28406375231759246,-0.004663752317592473,11.765625000000004,11.798424034490882,0.0327990344908784
random_geometric,60,iid,0.15,0.75,point,3,13,0.75,14.625,26.0,3.169355924352724,40.17257982746093,0.6472076254915319,46.525824026624896,0.0108,0.010000000085690297,0.4036,0.409593125772844,-0.005993125772843999,14.625,14.519222882859093,-0.10577711714090654
random_geometric,60,iid,0.15,0.75,edge_bipolar,3,1-12,0.7499999999999999,19.687499999999996,35.0,3.169355924352724,40.17257982746093,0.8712410343155237,46.525824026624896,0.0108,0.010000000085690297,0.6022,0.6199543119359441,-0.017754311935944123,19.687499999999996,19.477295231956848,-0.21020476804314825
random_geometric,60,iid,0.15,0.75,high_frequency,3,lambda_max,0.7500000000000002,22.59707615294679,40.172579827460936,3.169355924352724,40.17257982746093,1.0000000000000002,46.525824026624896,0.0108,0.010000000085690297,0.706,0.7109409982952846,-0.004940998295284604,22.59707615294679,22.614228022732956,0.017151869786165008
random_geometric,60,iid,0.15,1.5,constant,3,all,1.5000000000000004,1.4619575968827477e-15,6.497589319478875e-16,3.169355924352724,40.17257982746093,1.617418982645793e-17,46.525824026624896,0.0108,0.010000000085690297,0.0096,0.010000000085690297,-0.0004000000856902979,1.4619575968827477e-15,0.053850848696100684,0.05385084869609922
random_geometric,60,iid,0.15,1.5,fiedler,3,fiedler,1.5,7.131050829793631,3.169355924352725,3.169355924352724,40.17257982746093,0.07889351238991715,46.525824026624896,0.0108,0.010000000085690297,0.086,0.08391818385582395,0.0020818161441760463,7.131050829793631,7.106422788379991,-0.02462804141364039
random_geometric,60,iid,0.15,1.5,cluster,3,35;0;6;8;10;15;17;21;26;28;32;38,1.5000000000000002,26.812500000000007,11.916666666666664,3.169355924352724,40.17257982746093,0.2966368283502854,46.525824026624896,0.0108,0.010000000085690297,0.8824,0.8804714009612569,0.0019285990387430951,26.812500000000007,26.803088640104374,-0.009411359895633353
random_geometric,60,iid,0.15,1.5,point,3,22,1.5,13.5,6.0,3.169355924352724,40.17257982746093,0.1493556058826612,46.525824026624896,0.0108,0.010000000085690297,0.3362,0.3335142974370585,0.0026857025629414832,13.5,13.591921121077586,0.09192112107758632
random_geometric,60,iid,0.15,1.5,edge_bipolar,3,9-36,1.4999999999999998,70.875,31.500000000000007,3.169355924352724,40.17257982746093,0.7841169308839715,46.525824026624896,0.0108,0.010000000085690297,1.0,0.9999912299408766,8.770059123364149e-06,70.875,70.98556674452536,0.11056674452535731
random_geometric,60,iid,0.15,1.5,high_frequency,3,lambda_max,1.5000000000000004,90.38830461178716,40.172579827460936,3.169355924352724,40.17257982746093,1.0000000000000002,46.525824026624896,0.0108,0.010000000085690297,1.0,0.99999961391054,3.8608945995832755e-07,90.38830461178716,90.70956578045492,0.32126116866776044
random_geometric,60,iid,0.15,3.0,constant,3,all,3.000000000000001,5.847830387530991e-15,6.497589319478875e-16,3.169355924352724,40.17257982746093,1.617418982645793e-17,46.525824026624896,0.0108,0.010000000085690297,0.0112,0.010000000085690297,0.0011999999143097028,5.847830387530991e-15,0.11982131244688077,0.11982131244687493
random_geometric,60,iid,0.15,3.0,fiedler,3,fiedler,3.0,28.524203319174525,3.169355924352725,3.169355924352724,40.17257982746093,0.07889351238991715,46.525824026624896,0.0108,0.010000000085690297,0.9786,0.9787531174977375,-0.00015311749773749828,28.524203319174525,28.611584015310438,0.08738069613591293
random_geometric,60,iid,0.15,3.0,cluster,3,15;0;16;17;21;22;26;28;35;47;50;2,3.0000000000000004,101.25000000000003,11.249999999999998,3.169355924352724,40.17257982746093,0.2800417610299897,46.525824026624896,0.0108,0.010000000085690297,1.0,0.9999999999998372,1.6275869541004795e-13,101.25000000000003,101.16713125842674,-0.08286874157329294
random_geometric,60,iid,0.15,3.0,point,3,50,3.0,252.0,28.0,3.169355924352724,40.17257982746093,0.6969928274524189,46.525824026624896,0.0108,0.010000000085690297,1.0,1.0,0.0,252.0,252.1641434231406,0.16414342314058672
random_geometric,60,iid,0.15,3.0,edge_bipolar,3,10-50,2.9999999999999996,193.5,21.500000000000004,3.169355924352724,40.17257982746093,0.535190921079536,46.525824026624896,0.0108,0.010000000085690297,1.0,1.0,0.0,193.5,192.93559395225824,-0.5644060477417554
random_geometric,60,iid,0.15,3.0,high_frequency,3,lambda_max,3.000000000000001,361.55321844714865,40.172579827460936,3.169355924352724,40.17257982746093,1.0000000000000002,46.525824026624896,0.0108,0.010000000085690297,1.0,1.0,0.0,361.55321844714865,360.794485911124,-0.7587325360246382
random_geometric,60,iid,0.3,0.75,constant,0,all,0.7500000000000002,2.0424407603508976e-16,3.6310057961793713e-16,2.7589913999286275,27.743846498937,1.3087607719854177e-17,143.17841913310676,0.0098,0.010000000002675091,0.0114,0.010000000002675091,0.0013999999973249092,2.0424407603508976e-16,0.0030504649385107996,0.0030504649385105953
random_geometric,60,iid,0.3,0.75,fiedler,0,fiedler,0.75,1.5519326624598553,2.7589913999286315,2.7589913999286275,27.743846498937,0.09944516525617102,143.17841913310676,0.0098,0.010000000002675091,0.0126,0.011931322551520629,0.0006686774484793712,1.5519326624598553,1.5640782172784498,0.012145554818594473
random_geometric,60,iid,0.3,0.75,cluster,0,25;3;5;8;10;11;12;13;15;16;17;18,0.7500000000000001,6.984375,12.416666666666663,2.7589913999286275,27.743846498937,0.4475466899350962,143.17841913310676,0.0098,0.010000000002675091,0.0304,0.02747214016912225,0.00292785983087775,6.984375,6.79939712238027,-0.18497787761972972
random_geometric,60,iid,0.3,0.75,point,0,30,0.75,7.875,14.0,2.7589913999286275,27.743846498937,0.5046164020744711,143.17841913310676,0.0098,0.010000000002675091,0.0274,0.028444975774994996,-0.0010449757749949953,7.875,7.696108506820906,-0.17889149317909414
random_geometric,60,iid,0.3,0.75,edge_bipolar,0,2-58,0.7499999999999999,8.718749999999998,15.5,2.7589913999286275,27.743846498937,0.5586824451538787,143.17841913310676,0.0098,0.010000000002675091,0.0284,0.0318613299287937,-0.0034613299287937008,8.718749999999998,8.12027983817417,-0.5984701618258281
random_geometric,60,iid,0.3,0.75,high_frequency,0,lambda_max,0.75,15.605913655652058,27.743846498936993,2.7589913999286275,27.743846498937,0.9999999999999998,143.17841913310676,0.0098,0.010000000002675091,0.0856,0.08003833243120562,0.005561667568794379,15.605913655652058,15.671823200352094,0.06590954470003574
random_geometric,60,iid,0.3,1.5,constant,0,all,1.5000000000000004,8.16976304140359e-16,3.6310057961793713e-16,2.7589913999286275,27.743846498937,1.3087607719854177e-17,143.17841913310676,0.0098,0.010000000002675091,0.01,0.010000000002675091,-2.6750910514516946e-12,8.16976304140359e-16,-0.10115268545516187,-0.10115268545516269
random_geometric,60,iid,0.3,1.5,fiedler,0,fiedler,1.5,6.207730649839421,2.7589913999286315,2.7589913999286275,27.743846498937,0.09944516525617102,143.17841913310676,0.0098,0.010000000002675091,0.0198,0.019894641275925107,-9.464127592510516e-05,6.207730649839421,6.453939504591304,0.2462088547518828
random_geometric,60,iid,0.3,1.5,cluster,0,49;1;2;3;4;9;13;19;21;23;24;30,1.5000000000000002,20.437500000000004,9.083333333333332,2.7589913999286275,27.743846498937,0.3273999275364127,143.17841913310676,0.0098,0.010000000002675091,0.1002,0.1032908914216672,-0.0030908914216671995,20.437500000000004,20.057117613601775,-0.3803823863982281
random_geometric,60,iid,0.3,1.5,point,0,6,1.5,29.25,13.0,2.7589913999286275,27.743846498937,0.468572373354866,143.17841913310676,0.0098,0.010000000002675091,0.2004,0.19041658316898813,0.009983416831011865,29.25,29.74949523947842,0.49949523947842067
random_geometric,60,iid,0.3,1.5,edge_bipolar,0,37-45,1.4999999999999998,39.37499999999999,17.5,2.7589913999286275,27.743846498937,0.6307705025930889,143.17841913310676,0.0098,0.010000000002675091,0.3362,0.34108209710120607,-0.004882097101206073,39.37499999999999,39.34249971938313,-0.032500280616865496
random_geometric,60,iid,0.3,1.5,high_frequency,0,lambda_max,1.5,62.42365462260823,27.743846498936993,2.7589913999286275,27.743846498937,0.9999999999999998,143.17841913310676,0.0098,0.010000000002675091,0.654,0.6585804429330799,-0.004580442933079909,62.42365462260823,62.305602589714724,-0.11805203289350885
random_geometric,60,iid,0.3,3.0,constant,0,all,3.000000000000001,3.267905216561436e-15,3.6310057961793713e-16,2.7589913999286275,27.743846498937,1.3087607719854177e-17,143.17841913310676,0.0098,0.010000000002675091,0.0088,0.010000000002675091,-0.0012000000026750907,3.267905216561436e-15,-0.31944555684366094,-0.3194455568436642
random_geometric,60,iid,0.3,3.0,fiedler,0,fiedler,3.0,24.830922599357685,2.7589913999286315,2.7589913999286275,27.743846498937,0.09944516525617102,143.17841913310676,0.0098,0.010000000002675091,0.121,0.11394340022816274,0.0070565997718372575,24.830922599357685,25.144751264083922,0.3138286647262376
random_geometric,60,iid,0.3,3.0,cluster,0,26;0;3;5;12;15;16;17;18;20;22;25,3.0000000000000004,122.25000000000003,13.58333333333333,2.7589913999286275,27.743846498937,0.4895980567746355,143.17841913310676,0.0098,0.010000000002675091,0.9892,0.9899838543844004,-0.0007838543844004286,122.25000000000003,122.95671462025082,0.7067146202507928
random_geometric,60,iid,0.3,3.0,point,0,6,3.0,117.0,13.0,2.7589913999286275,27.743846498937,0.468572373354866,143.17841913310676,0.0098,0.010000000002675091,0.9938,0.9934916660362659,0.0003083339637340865,117.0,116.88261354075634,-0.11738645924366153
random_geometric,60,iid,0.3,3.0,edge_bipolar,0,25-34,2.9999999999999996,207.0,23.000000000000004,2.7589913999286275,27.743846498937,0.8290126605509169,143.17841913310676,0.0098,0.010000000002675091,1.0,0.9999848566368871,1.5143363112923858e-05,207.0,206.92334398373572,-0.07665601626428042
random_geometric,60,iid,0.3,3.0,high_frequency,0,lambda_max,3.0,249.69461849043293,27.743846498936993,2.7589913999286275,27.743846498937,0.9999999999999998,143.17841913310676,0.0098,0.010000000002675091,1.0,0.9999988342356112,1.1657643887996727e-06,249.69461849043293,251.42444949740968,1.7298310069767524
random_geometric,60,iid,0.3,0.75,constant,1,all,0.7500000000000002,3.439900227959407e-16,6.115378183038942e-16,3.0540044229720413,32.2511705588912,1.8961724728323134e-17,158.66664085372756,0.0126,0.010000000000239984,0.0106,0.010000000000239984,0.0005999999997600165,3.439900227959407e-16,0.43904557201209116,0.4390455720120908
random_geometric,60,iid,0.3,0.75,fiedler,1,fiedler,0.7500000000000001,1.7178774879217749,3.054004422972043,3.0540044229720413,32.2511705588912,0.09469437450015583,158.66664085372756,0.0126,0.010000000000239984,0.0122,0.011905106527119513,0.00029489347288048744,1.7178774879217749,1.3275691648012895,-0.39030832312048536
random_geometric,60,iid,0.3,0.75,cluster,1,56;0;2;11;16;20;25;28;29;37;39;49,0.7500000000000001,3.984375000000001,7.083333333333332,3.0540044229720413,32.2511705588912,0.2196302711059446,158.66664085372756,0.0126,0.010000000000239984,0.013,0.016386137315046234,-0.0033861373150462348,3.984375000000001,3.557114065183825,-0.427260934816176
random_geometric,60,iid,0.3,0.75,point,1,46,0.75,10.6875,19.0,3.0540044229720413,32.2511705588912,0.5891259036724162,158.66664085372756,0.0126,0.010000000000239984,0.0362,0.036296723433255074,-9.672343325507066e-05,10.6875,10.734011885698237,0.046511885698237165
random_geometric,60,iid,0.3,0.75,edge_bipolar,1,15-45,0.7499999999999999,10.124999999999998,18.0,3.0540044229720413,32.2511705588912,0.5581192771633416,158.66664085372756,0.0126,0.010000000000239984,0.035,0.03544098178380756,-0.0004409817838075536,10.124999999999998,10.116687696517616,-0.008312303482382433
random_geometric,60,iid,0.3,0.75,high_frequency,1,lambda_max,0.75,18.141283439376295,32.25117055889119,3.0540044229720413,32.2511705588912,0.9999999999999998,158.66664085372756,0.0126,0.010000000000239984,0.0812,0.08599115022986364,-0.00479115022986365,18.141283439376295,17.890120769802905,-0.2511626695733895
random_geometric,60,iid,0.3,1.5,constant,1,all,1.5000000000000004,1.3759600911837629e-15,6.115378183038942e-16,3.0540044229720413,32.2511705588912,1.8961724728323134e-17,158.66664085372756,0.0126,0.010000000000239984,0.0112,0.010000000000239984,0.0011999999997600163,1.3759600911837629e-15,-0.5411702919013663,-0.5411702919013677
random_geometric,60,iid,0.3,1.5,fiedler,1,fiedler,1.5000000000000002,6.871509951687099,3.054004422972043,3.0540044229720413,32.2511705588912,0.09469437450015583,158.66664085372756,0.0126,0.010000000000239984,0.0198,0.019734693137840653,6.530686215934847e-05,6.871509951687099,7.135718665313988,0.26420871362688825
random_geometric,60,iid,0.3,1.5,cluster,1,22;0;3;8;12;13;16;17;25;29;30;31,1.5000000000000002,30.187500000000007,13.416666666666664,3.0540044229720413,32.2511705588912,0.4160055723300833,158.66664085372756,0.0126,0.010000000000239984,0.1732,0.17334156678877427,-0.00014156678877427775,30.187500000000007,29.77940679860542,-0.4080932013945855
random_geometric,60,iid,0.3,1.5,point,1,10,1.5,22.5,10.0,3.0540044229720413,32.2511705588912,0.31006626509074536,158.66664085372756,0.0126,0.010000000000239984,0.0854,0.08914679816644139,-0.003746798166441384,22.5,22.32637173087116,-0.17362826912884088
random_geometric,60,iid,0.3,1.5,edge_bipolar,1,7-45,1.4999999999999998,37.12499999999999,16.5,3.0540044229720413,32.2511705588912,0.5116093373997298,158.66664085372756,0.0126,0.010000000000239984,0.2436,0.24950977926592588,-0.0059097792659258686,37.12499999999999,36.97441878530579,-0.15058121469420627
random_geometric,60,iid,0.3,1.5,high_frequency,1,lambda_max,1.5,72.56513375750518,32.25117055889119,3.0540044229720413,32.2511705588912,0.9999999999999998,158.66664085372756,0.0126,0.010000000000239984,0.6886,0.6851660958291128,0.003433904170887181,72.56513375750518,72.61842213714512,0.05328837963993749
random_geometric,60,iid,0.3,3.0,constant,1,all,3.000000000000001,5.5038403647350514e-15,6.115378183038942e-16,3.0540044229720413,32.2511705588912,1.8961724728323134e-17,158.66664085372756,0.0126,0.010000000000239984,0.0102,0.010000000000239984,0.00019999999976001714,5.5038403647350514e-15,0.08611083206911019,0.08611083206910468
random_geometric,60,iid,0.3,3.0,fiedler,1,fiedler,3.0000000000000004,27.486039806748398,3.054004422972043,3.0540044229720413,32.2511705588912,0.09469437450015583,158.66664085372756,0.0126,0.010000000000239984,0.1128,0.11156196961833226,0.0012380303816677402,27.486039806748398,27.624024962442874,0.13798515569447645
random_geometric,60,iid,0.3,3.0,cluster,1,55;7;14;15;19;21;23;42;45;46;1;4,3.0000000000000004,96.75000000000003,10.749999999999998,3.0540044229720413,32.2511705588912,0.33332123497255123,158.66664085372756,0.0126,0.010000000000239984,0.9014,0.9054165413492277,-0.004016541349227687,96.75000000000003,95.88428011925392,-0.8657198807461128
random_geometric,60,iid,0.3,3.0,point,1,49,3.0,144.0,16.0,3.0540044229720413,32.2511705588912,0.49610602414519256,158.66664085372756,0.0126,0.010000000000239984,0.9962,0.9973934794833785,-0.0011934794833785567,144.0,143.58791936013324,-0.41208063986675825
random_geometric,60,iid,0.3,3.0,edge_bipolar,1,15-51,2.9999999999999996,198.0,22.000000000000004,3.0540044229720413,32.2511705588912,0.6821457831996399,158.66664085372756,0.0126,0.010000000000239984,1.0,0.9999126803806004,8.731961939956179e-05,198.0,198.5927341820135,0.592734182013487
random_geometric,60,iid,0.3,3.0,high_frequency,1,lambda_max,3.0,290.2605350300207,32.25117055889119,3.0540044229720413,32.2511705588912,0.9999999999999998,158.66664085372756,0.0126,0.010000000000239984,1.0,0.9999993198032604,6.801967395997366e-07,290.2605350300207,291.43576710137023,1.1752320713495124
random_geometric,60,iid,0.3,0.75,constant,2,all,0.7500000000000002,6.772303573795081e-16,1.2039650797857915e-15,3.464258268936486,34.461420230363004,3.493660655125906e-17,165.81025688167878,0.012,0.010000000000190357,0.009,0.010000000000190357,-0.0010000000001903573,6.772303573795081e-16,-0.3499031272420723,-0.34990312724207295
random_geometric,60,iid,0.3,0.75,fiedler,2,fiedler,0.7500000000000001,1.9486452762767772,3.4642582689364914,3.464258268936486,34.461420230363004,0.10052569643906403,165.81025688167878,0.012,0.010000000000190357,0.0112,0.012088428852236599,-0.0008884288522365991,1.9486452762767772,2.3701692957283598,0.4215240194515826
random_geometric,60,iid,0.3,0.75,cluster,2,21;2;3;5;6;11;15;28;32;34;37;39,0.7500000000000001,6.421875000000001,11.416666666666664,3.464258268936486,34.461420230363004,0.331288338970074,165.81025688167878,0.012,0.010000000000190357,0.018,0.022034469569312043,-0.004034469569312044,6.421875000000001,6.115219246264914,-0.3066557537350869
random_geometric,60,iid,0.3,0.75,point,2,0,0.75,12.9375,23.0,3.464258268936486,34.461420230363004,0.6674130040564996,165.81025688167878,0.012,0.010000000000190357,0.0428,0.0449820360931803,-0.002182036093180302,12.9375,12.733176259804367,-0.20432374019563326
random_geometric,60,iid,0.3,0.75,edge_bipolar,2,11-54,0.7499999999999999,11.812499999999998,21.0,3.464258268936486,34.461420230363004,0.6093770906602822,165.81025688167878,0.012,0.010000000000190357,0.0398,0.03888889256803757,0.0009111074319624324,11.812499999999998,11.837967917055266,0.025467917055268074
random_geometric,60,iid,0.3,0.75,high_frequency,2,lambda_max,0.7500000000000001,19.384548879579192,34.461420230363,3.464258268936486,34.461420230363004,0.9999999999999998,165.81025688167878,0.012,0.010000000000190357,0.0928,0.08941779331113175,0.003382206688868239,19.384548879579192,19.508481391574747,0.12393251199555522
random_geometric,60,iid,0.3,1.5,constant,2,all,1.5000000000000004,2.7089214295180324e-15,1.2039650797857915e-15,3.464258268936486,34.461420230363004,3.493660655125906e-17,165.81025688167878,0.012,0.010000000000190357,0.0096,0.010000000000190357,-0.00040000000019035746,2.7089214295180324e-15,0.6220305263837815,0.6220305263837789
random_geometric,60,iid,0.3,1.5,fiedler,2,fiedler,1.5000000000000002,7.794581105107109,3.4642582689364914,3.464258268936486,34.461420230363004,0.10052569643906403,165.81025688167878,0.012,0.010000000000190357,0.0218,0.020905418643915097,0.0008945813560849031,7.794581105107109,7.718242925821869,-0.07633817928523978
random_geometric,60,iid,0.3,1.5,cluster,2,31;0;7;9;13;14;17;20;22;24;27;29,1.5000000000000002,25.875000000000007,11.499999999999998,3.464258268936486,34.461420230363004,0.33370650202824975,165.81025688167878,0.012,0.010000000000190357,0.1206,0.12237513909905973,-0.0017751390990597277,25.875000000000007,25.896844209515763,0.021844209515755608
random_geometric,60,iid,0.3,1.5,point,2,15,1.5,54.0,24.0,3.464258268936486,34.461420230363004,0.6964309607546083,165.81025688167878,0.012,0.010000000000190357,0.4478,0.4472111701724579,0.0005888298275421033,54.0,54.094234068072524,0.09423406807252377
random_geometric,60,iid,0.3,1.5,edge_bipolar,2,9-20,1.4999999999999998,59.625,26.500000000000004,3.464258268936486,34.461420230363004,0.7689758524998801,165.81025688167878,0.012,0.010000000000190357,0.5188,0.5179936537607567,0.0008063462392433607,59.625,59.662472918422566,0.037472918422565726
random_geometric,60,iid,0.3,1.5,high_frequency,2,lambda_max,1.5000000000000002,77.53819551831677,34.461420230363,3.464258268936486,34.461420230363004,0.9999999999999998,165.81025688167878,0.012,0.010000000000190357,0.7056,0.6987660691756649,0.006833930824335144,77.53819551831677,77.99410198318506,0.455906464868292
random_geometric,60,iid,0.3,3.0,constant,2,all,3.000000000000001,1.083568571807213e-14,1.2039650797857915e-15,3.464258268936486,34.461420230363004,3.493660655125906e-17,165.81025688167878,0.012,0.010000000000190357,0.0106,0.010000000000190357,0.0005999999998096434,1.083568571807213e-14,0.008479699542832009,0.008479699542821174
random_geometric,60,iid,0.3,3.0,fiedler,2,fiedler,3.0000000000000004,31.178324420428435,3.4642582689364914,3.464258268936486,34.461420230363004,0.10052569643906403,165.81025688167878,0.012,0.010000000000190357,0.1246,0.13201307118375966,-0.007413071183759654,31.178324420428435,31.12407619144716,-0.054248228981276014
random_geometric,60,iid,0.3,3.0,cluster,2,51;1;4;6;9;10;12;16;18;19;20;22,3.0000000000000004,135.75000000000003,15.08333333333333,3.464258268936486,34.461420230363004,0.4376875135298058,165.81025688167878,0.012,0.010000000000190357,0.986,0.9858512756445683,0.00014872435543167306,135.75000000000003,135.7600673984679,0.01006739846786786
random_geometric,60,iid,0.3,3.0,point,2,3,3.0,144.0,16.0,3.464258268936486,34.461420230363004,0.4642873071697388,165.81025688167878,0.012,0.010000000000190357,0.997,0.9960990915817288,0.0009009084182711735,144.0,144.4907554685683,0.4907554685682953
random_geometric,60,iid,0.3,3.0,edge_bipolar,2,11-59,2.9999999999999996,152.99999999999997,17.0,3.464258268936486,34.461420230363004,0.4933052638678475,165.81025688167878,0.012,0.010000000000190357,0.9978,0.9973011641507921,0.000498835849207957,152.99999999999997,152.88005280889496,-0.11994719110501251
random_geometric,60,iid,0.3,3.0,high_frequency,2,lambda_max,3.0000000000000004,310.1527820732671,34.461420230363,3.464258268936486,34.461420230363004,0.9999999999999998,165.81025688167878,0.012,0.010000000000190357,1.0,0.9999994828490791,5.17150920864573e-07,310.1527820732671,310.15120700555445,-0.001575067712622058
random_geometric,60,iid,0.3,0.75,constant,3,all,0.7500000000000002,6.342316045300156e-16,1.1275228524978047e-15,3.8681328643128814,34.1470124691514,3.3019663243348596e-17,171.09205272712632,0.0124,0.01000000000009199,0.0106,0.01000000000009199,0.0005999999999080092,6.342316045300156e-16,0.08440329898729715,0.08440329898729651
random_geometric,60,iid,0.3,0.75,fiedler,3,fiedler,0.75,2.1758247361759997,3.8681328643128885,3.8681328643128814,34.1470124691514,0.11327880785492966,171.09205272712632,0.0124,0.01000000000009199,0.0124,0.012284989840326055,0.00011501015967394466,2.1758247361759997,2.1689464837896253,-0.006878252386374406
random_geometric,60,iid,0.3,0.75,cluster,3,45;1;3;5;8;9;10;11;12;13;14;16,0.7500000000000001,10.828125000000004,19.25,3.8681328643128814,34.1470124691514,0.5637389220328003,171.09205272712632,0.0124,0.01000000000009199,0.0348,0.035992732647918246,-0.0011927326479182487,10.828125000000004,10.446904903610786,-0.3812200963892174
random_geometric,60,iid,0.3,0.75,point,3,47,0.75,17.4375,31.0,3.8681328643128814,34.1470124691514,0.9078393030138602,171.09205272712632,0.0124,0.01000000000009199,0.0704,0.07034503483183763,5.4965168162376954e-05,17.4375,16.948730909337996,-0.4887690906620037
random_geometric,60,iid,0.3,0.75,edge_bipolar,3,8-39,0.7499999999999999,16.312499999999996,29.0,3.8681328643128814,34.1470124691514,0.8492690254000628,171.09205272712632,0.0124,0.01000000000009199,0.0592,0.06232975100608584,-0.0031297510060858402,16.312499999999996,16.496777986468146,0.18427798646814963
random_geometric,60,iid,0.3,0.75,high_frequency,3,lambda_max,0.7500000000000001,19.207694513897668,34.1470124691514,3.8681328643128814,34.1470124691514,1.0,171.09205272712632,0.0124,0.01000000000009199,0.0802,0.08281515810356027,-0.0026151581035602778,19.207694513897668,19.297912219324502,0.09021770542683427
random_geometric,60,iid,0.3,1.5,constant,3,all,1.5000000000000004,2.5369264181200623e-15,1.1275228524978047e-15,3.8681328643128814,34.1470124691514,3.3019663243348596e-17,171.09205272712632,0.0124,0.01000000000009199,0.0098,0.01000000000009199,-0.00020000000009199118,2.5369264181200623e-15,-0.14739202540792462,-0.14739202540792715
random_geometric,60,iid,0.3,1.5,fiedler,3,fiedler,1.5,8.703298944703999,3.8681328643128885,3.8681328643128814,34.1470124691514,0.11327880785492966,171.09205272712632,0.0124,0.01000000000009199,0.0212,0.02220496684656642,-0.0010049668465664206,8.703298944703999,8.842639649374647,0.13934070467064785
random_geometric,60,iid,0.3,1.5,cluster,3,47;0;1;6;8;9;10;11;12;13;15;16,1.5000000000000002,39.187500000000014,17.416666666666668,3.8681328643128814,34.1470124691514,0.5100495008868193,171.09205272712632,0.0124,0.01000000000009199,0.2336,0.24527684622214913,-0.011676846222149123,39.187500000000014,38.27710499760937,-0.9103950023906435
random_geometric,60,iid,0.3,1.5,point,3,41,1.5,49.5,22.0,3.8681328643128814,34.1470124691514,0.6442730537517718,171.09205272712632,0.0124,0.01000000000009199,0.3706,0.3667348743355072,0.0038651256644927634,49.5,49.627510233928575,0.1275102339285752
random_geometric,60,iid,0.3,1.5,edge_bipolar,3,2-55,1.4999999999999998,42.75,19.000000000000004,3.8681328643128814,34.1470124691514,0.5564176373310757,171.09205272712632,0.0124,0.01000000000009199,0.2714,0.2783986970755886,-0.006998697075588645,42.75,42.708063308842725,-0.04193669115727516
random_geometric,60,iid,0.3,1.5,high_frequency,3,lambda_max,1.5000000000000002,76.83077805559067,34.1470124691514,3.8681328643128814,34.1470124691514,1.0,171.09205272712632,0.0124,0.01000000000009199,0.6782,0.6720460669619553,0.006153933038044679,76.83077805559067,77.07630773962876,0.2455296840380896
random_geometric,60,iid,0.3,3.0,constant,3,all,3.000000000000001,1.0147705672480249e-14,1.1275228524978047e-15,3.8681328643128814,34.1470124691514,3.3019663243348596e-17,171.09205272712632,0.0124,0.01000000000009199,0.0108,0.01000000000009199,0.0007999999999080097,1.0147705672480249e-14,0.3497303623373256,0.3497303623373154
random_geometric,60,iid,0.3,3.0,fiedler,3,fiedler,3.0,34.813195778815995,3.8681328643128885,3.8681328643128814,34.1470124691514,0.11327880785492966,171.09205272712632,0.0124,0.01000000000009199,0.1564,0.15608793664448206,0.0003120633555179497,34.813195778815995,35.233788300466784,0.4205925216507893
random_geometric,60,iid,0.3,3.0,cluster,3,0;1;5;6;7;9;12;16;18;32;35;44,3.0000000000000004,97.50000000000003,10.833333333333332,3.8681328643128814,34.1470124691514,0.3172556704080694,171.09205272712632,0.0124,0.01000000000009199,0.8824,0.8791548252772619,0.003245174722738109,97.50000000000003,97.24419662800517,-0.25580337199485825
random_geometric,60,iid,0.3,3.0,point,3,1,3.0,243.0,27.0,3.8681328643128814,34.1470124691514,0.7906987477862654,171.09205272712632,0.0124,0.01000000000009199,0.9998,0.9999798198532719,-0.00017981985327186756,243.0,244.0396565701578,1.0396565701578027
random_geometric,60,iid,0.3,3.0,edge_bipolar,3,18-58,2.9999999999999996,184.49999999999997,20.5,3.8681328643128814,34.1470124691514,0.6003453455414237,171.09205272712632,0.0124,0.01000000000009199,0.9998,0.9996017837231452,0.00019821627685479015,184.49999999999997,185.57778345045082,1.0777834504508519
random_geometric,60,iid,0.3,3.0,high_frequency,3,lambda_max,3.0000000000000004,307.3231122223627,34.1470124691514,3.8681328643128814,34.1470124691514,1.0,171.09205272712632,0.0124,0.01000000000009199,1.0,0.9999991253417476,8.746582523810886e-07,307.3231122223627,307.14379171013286,-0.17932051222982182
random_geometric,60,correlated,0.15,0.75,constant,0,all,0.7500000000000002,5.374844106186573e-16,9.555278410998346e-16,1.7578724691094687,29.24216486312042,3.267637145103868e-17,33.023659141957495,0.0094,0.010000000007042598,0.0082,0.010000000007042598,-0.001800000007042597,5.374844106186573e-16,-0.03335859490697857,-0.0333585949069791
random_geometric,60,correlated,0.15,0.75,fiedler,0,fiedler,0.75,0.9888032638740764,1.7578724691094691,1.7578724691094687,29.24216486312042,0.06011430676688577,33.023659141957495,0.0094,0.010000000007042598,0.0188,0.016471136200960967,0.0023288637990390333,0.9888032638740764,1.0664853146865454,0.07768205081246904
random_geometric,60,correlated,0.15,0.75,cluster,0,28;3;4;5;8;18;20;25;26;27;34;38,0.7500000000000001,5.953125000000001,10.58333333333333,1.7578724691094687,29.24216486312042,0.3619203086663669,33.023659141957495,0.0094,0.010000000007042598,0.156,0.15974651849815075,-0.003746518498150747,5.953125000000001,5.856653449016747,-0.09647155098325388
random_geometric,60,correlated,0.15,0.75,point,0,2,0.75,8.4375,15.0,1.7578724691094687,29.24216486312042,0.5129579177948509,33.023659141957495,0.0094,0.010000000007042598,0.2964,0.29458622821411606,0.001813771785883933,8.4375,8.44850307259,0.011003072590000329
random_geometric,60,correlated,0.15,0.75,edge_bipolar,0,27-54,0.7499999999999999,13.499999999999998,24.0,1.7578724691094687,29.24216486312042,0.8207326684717614,33.023659141957495,0.0094,0.010000000007042598,0.6206,0.621044690211046,-0.00044469021104598383,13.499999999999998,13.512197991249327,0.01219799124932841
random_geometric,60,correlated,0.15,0.75,high_frequency,0,lambda_max,0.7500000000000001,16.448717735505223,29.242164863120387,1.7578724691094687,29.24216486312042,0.9999999999999989,33.023659141957495,0.0094,0.010000000007042598,0.755,0.7527233314962014,0.0022766685037985956,16.448717735505223,16.519291756360968,0.07057402085574438
random_geometric,60,correlated,0.15,1.5,constant,0,all,1.5000000000000004,2.149937642474629e-15,9.555278410998346e-16,1.7578724691094687,29.24216486312042,3.267637145103868e-17,33.023659141957495,0.0094,0.010000000007042598,0.01,0.010000000007042598,-7.042597408024598e-12,2.149937642474629e-15,-0.0063459241314482995,-0.00634592413145045
random_geometric,60,correlated,0.15,1.5,fiedler,0,fiedler,1.5,3.9552130554963054,1.7578724691094691,1.7578724691094687,29.24216486312042,0.06011430676688577,33.023659141957495,0.0094,0.010000000007042598,0.0594,0.061793227817032725,-0.002393227817032724,3.9552130554963054,3.8876471746721144,-0.06756588082419102
random_geometric,60,correlated,0.15,1.5,cluster,0,6;0;7;10;12;14;15;16;17;19;21;27,1.5000000000000002,30.75000000000001,13.666666666666666,1.7578724691094687,29.24216486312042,0.4673616584353085,33.023659141957495,0.0094,0.010000000007042598,0.9934,0.9948270051583509,-0.0014270051583509247,30.75000000000001,30.814412655874843,0.06441265587483258
random_geometric,60,correlated,0.15,1.5,point,0,39,1.5,56.25,25.0,1.7578724691094687,29.24216486312042,0.8549298629914182,33.023659141957495,0.0094,0.010000000007042598,1.0,0.9999991799651304,8.200348695641679e-07,56.25,56.35215723367476,0.1021572336747596
random_geometric,60,correlated,0.15,1.5,edge_bipolar,0,19-39,1.4999999999999998,55.12499999999999,24.5,1.7578724691094687,29.24216486312042,0.8378312657315897,33.023659141957495,0.0094,0.010000000007042598,1.0,0.9999992242843345,7.75715665479737e-07,55.12499999999999,55.09465576586554,-0.03034423413445353
random_geometric,60,correlated,0.15,1.5,high_frequency,0,lambda_max,1.5000000000000002,65.79487094202089,29.242164863120387,1.7578724691094687,29.24216486312042,0.9999999999999989,33.023659141957495,0.0094,0.010000000007042598,1.0,0.999999949247947,5.075205300464347e-08,65.79487094202089,66.00134245045831,0.20647150843741713
random_geometric,60,correlated,0.15,3.0,constant,0,all,3.000000000000001,8.599750569898516e-15,9.555278410998346e-16,1.7578724691094687,29.24216486312042,3.267637145103868e-17,33.023659141957495,0.0094,0.010000000007042598,0.0072,0.010000000007042598,-0.002800000007042598,8.599750569898516e-15,-0.0843853856233352,-0.0843853856233438
random_geometric,60,correlated,0.15,3.0,fiedler,0,fiedler,3.0,15.820852221985222,1.7578724691094691,1.7578724691094687,29.24216486312042,0.06011430676688577,33.023659141957495,0.0094,0.010000000007042598,0.8268,0.8307600869389066,-0.003960086938906593,15.820852221985222,15.749832923218644,-0.07101929876657742
random_geometric,60,correlated,0.15,3.0,cluster,0,48;4;5;8;25;26;34;43;46;47;51;52,3.0000000000000004,58.500000000000014,6.499999999999999,1.7578724691094687,29.24216486312042,0.22228176437776867,33.023659141957495,0.0094,0.010000000007042598,1.0,0.9999999997629738,2.370261764639281e-10,58.500000000000014,58.53023929945152,0.030239299451508828
random_geometric,60,correlated,0.15,3.0,point,0,4,3.0,180.0,20.0,1.7578724691094687,29.24216486312042,0.6839438903931345,33.023659141957495,0.0094,0.010000000007042598,1.0,1.0,0.0,180.0,179.82691409048886,-0.1730859095111441
random_geometric,60,correlated,0.15,3.0,edge_bipolar,0,8-26,2.9999999999999996,157.5,17.500000000000004,1.7578724691094687,29.24216486312042,0.5984509040939928,33.023659141957495,0.0094,0.010000000007042598,1.0,0.9999999999999991,8.881784197001252e-16,157.5,157.7361807168245,0.23618071682449227
random_geometric,60,correlated,0.15,3.0,high_frequency,0,lambda_max,3.0000000000000004,263.17948376808357,29.242164863120387,1.7578724691094687,29.24216486312042,0.9999999999999989,33.023659141957495,0.0094,0.010000000007042598,1.0,1.0,0.0,263.17948376808357,263.9383177419283,0.7588339738447303
random_geometric,60,correlated,0.15,0.75,constant,1,all,0.7500000000000002,4.622365931320452e-16,8.217539433458578e-16,2.570442804242627,28.556269480711954,2.877665599496122e-17,32.49601319551586,0.0114,0.010000000394242203,0.0102,0.010000000394242203,0.0001999996057577974,4.622365931320452e-16,-0.06792462739884542,-0.06792462739884587
random_geometric,60,correlated,0.15,0.75,fiedler,1,fiedler,0.75,1.4458740773864829,2.5704428042426364,2.570442804242627,28.556269480711954,0.09001325631762987,32.49601319551586,0.0114,0.010000000394242203,0.0204,0.021519391271993815,-0.0011193912719938137,1.4458740773864829,1.4493549260835508,0.0034808486970678842
random_geometric,60,correlated,0.15,0.75,cluster,1,24;3;4;7;11;13;17;21;22;27;28;30,0.7500000000000001,6.234375000000002,11.083333333333332,2.570442804242627,28.556269480711954,0.388122592162098,32.49601319551586,0.0114,0.010000000394242203,0.1902,0.18605141736848763,0.004148582631512382,6.234375000000002,6.281177709625709,0.046802709625707095
random_geometric,60,correlated,0.15,0.75,point,1,18,0.75,11.25,20.0,2.570442804242627,28.556269480711954,0.7003715948789739,32.49601319551586,0.0114,0.010000000394242203,0.518,0.5073229316620934,0.010677068337906603,11.25,11.416954596514362,0.16695459651436195
random_geometric,60,correlated,0.15,0.75,edge_bipolar,1,10-32,0.7499999999999999,9.562499999999998,17.0,2.570442804242627,28.556269480711954,0.5953158556471279,32.49601319551586,0.0114,0.010000000394242203,0.3856,0.391404575717984,-0.005804575717983984,9.562499999999998,9.434762796898642,-0.12773720310135595
random_geometric,60,correlated,0.15,0.75,high_frequency,1,lambda_max,0.7500000000000001,16.06290158290048,28.556269480711954,2.570442804242627,28.556269480711954,1.0,32.49601319551586,0.0114,0.010000000394242203,0.7584,0.7567795227953453,0.0016204772046546356,16.06290158290048,16.082290584531183,0.019389001630703007
random_geometric,60,correlated,0.15,1.5,constant,1,all,1.5000000000000004,1.848946372528181e-15,8.217539433458578e-16,2.570442804242627,28.556269480711954,2.877665599496122e-17,32.49601319551586,0.0114,0.010000000394242203,0.0116,0.010000000394242203,0.0015999996057577959,1.848946372528181e-15,0.05700176956439407,0.05700176956439222
random_geometric,60,correlated,0.15,1.5,fiedler,1,fiedler,1.5,5.7834963095459315,2.5704428042426364,2.570442804242627,28.556269480711954,0.09001325631762987,32.49601319551586,0.0114,0.010000000394242203,0.1432,0.1341645365875152,0.00903546341248479,5.7834963095459315,5.902364830536705,0.11886852099077316
random_geometric,60,correlated,0.15,1.5,cluster,1,48;1;4;5;9;10;12;14;15;16;20;22,1.5000000000000002,24.750000000000004,10.999999999999996,2.570442804242627,28.556269480711954,0.38520437718343553,32.49601319551586,0.0114,0.010000000394242203,0.9754,0.9790776225486757,-0.003677622548675652,24.750000000000004,24.631596066283418,-0.11840393371658564
random_geometric,60,correlated,0.15,1.5,point,1,33,1.5,33.75,15.0,2.570442804242627,28.556269480711954,0.5252786961592304,32.49601319551586,0.0114,0.010000000394242203,0.9992,0.9996275869603142,-0.00042758696031419685,33.75,33.934437662372474,0.18443766237247416
random_geometric,60,correlated,0.15,1.5,edge_bipolar,1,37-48,1.4999999999999998,43.875,19.500000000000004,2.570442804242627,28.556269480711954,0.6828623050069997,32.49601319551586,0.0114,0.010000000394242203,1.0,0.9999882839496016,1.1716050398402622e-05,43.875,43.955218044235295,0.08021804423529488
random_geometric,60,correlated,0.15,1.5,high_frequency,1,lambda_max,1.5000000000000002,64.25160633160192,28.556269480711954,2.570442804242627,28.556269480711954,1.0,32.49601319551586,0.0114,0.010000000394242203,1.0,0.9999999605129544,3.948704563327965e-08,64.25160633160192,64.00813176273176,-0.2434745688701554
random_geometric,60,correlated,0.15,3.0,constant,1,all,3.000000000000001,7.395785490112724e-15,8.217539433458578e-16,2.570442804242627,28.556269480711954,2.877665599496122e-17,32.49601319551586,0.0114,0.010000000394242203,0.0118,0.010000000394242203,0.0017999996057577964,7.395785490112724e-15,0.060399352866195244,0.06039935286618785
random_geometric,60,correlated,0.15,3.0,fiedler,1,fiedler,3.0,23.133985238183726,2.5704428042426364,2.570442804242627,28.556269480711954,0.09001325631762987,32.49601319551586,0.0114,0.010000000394242203,0.9946,0.9931215710702277,0.0014784289297723463,23.133985238183726,23.11477856508137,-0.019206673102356575
random_geometric,60,correlated,0.15,3.0,cluster,1,3;4;7;11;13;17;21;22;24;25;27;28,3.0000000000000004,98.25000000000003,10.916666666666666,2.570442804242627,28.556269480711954,0.38228616220477324,32.49601319551586,0.0114,0.010000000394242203,1.0,1.0,0.0,98.25000000000003,98.1140469100027,-0.13595308999732936
random_geometric,60,correlated,0.15,3.0,point,1,37,3.0,144.0,16.0,2.570442804242627,28.556269480711954,0.5602972759031791,32.49601319551586,0.0114,0.010000000394242203,1.0,0.9999999999999953,4.6629367034256575e-15,144.0,144.03347158959755,0.033471589597553475
random_geometric,60,correlated,0.15,3.0,edge_bipolar,1,37-59,2.9999999999999996,139.5,15.500000000000004,2.570442804242627,28.556269480711954,0.5427879860312049,32.49601319551586,0.0114,0.010000000394242203,1.0,0.9999999999998598,1.4022116801015727e-13,139.5,139.60620912044038,0.10620912044038278
random_geometric,60,correlated,0.15,3.0,high_frequency,1,lambda_max,3.0000000000000004,257.0064253264077,28.556269480711954,2.570442804242627,28.556269480711954,1.0,32.49601319551586,0.0114,0.010000000394242203,1.0,1.0,0.0,257.0064253264077,256.60099821860734,-0.4054271078003353
random_geometric,60,correlated,0.15,0.75,constant,2,all,0.7500000000000002,6.127322281052691e-16,1.0893017388538112e-15,4.2976922571907075,38.4079823548673,2.8361337203014207e-17,43.13211517996892,0.0116,0.010000000000005171,0.0088,0.010000000000005171,-0.0012000000000051709,6.127322281052691e-16,-0.050857212654189965,-0.050857212654190576
random_geometric,60,correlated,0.15,0.75,fiedler,2,fiedler,0.7500000000000001,2.4174518946697665,4.297692257190694,4.2976922571907075,38.4079823548673,0.11189580898789554,43.13211517996892,0.0116,0.010000000000005171,0.0248,0.024883361107658875,-8.336110765887542e-05,2.4174518946697665,2.5552887800791098,0.13783688540934325
random_geometric,60,correlated,0.15,0.75,cluster,2,23;0;2;3;6;10;14;16;17;19;25;29,0.7500000000000001,11.390625000000004,20.25,4.2976922571907075,38.4079823548673,0.5272341518203648,43.13211517996892,0.0116,0.010000000000005171,0.3084,0.31141881689239614,-0.0030188168923961367,11.390625000000004,11.368832474827524,-0.021792525172479316
random_geometric,60,correlated,0.15,0.75,point,2,25,0.75,16.875,30.0,4.2976922571907075,38.4079823548673,0.7810876323264664,43.13211517996892,0.0116,0.010000000000005171,0.5732,0.5738574568452783,-0.0006574568452782925,16.875,16.820097651153983,-0.05490234884601719
random_geometric,60,correlated,0.15,0.75,edge_bipolar,2,1-41,0.7499999999999999,13.21875,23.500000000000004,4.2976922571907075,38.4079823548673,0.6118519786557322,43.13211517996892,0.0116,0.010000000000005171,0.4092,0.39770518168960756,0.011494818310392452,13.21875,13.409709719784292,0.19095971978429205
random_geometric,60,correlated,0.15,0.75,high_frequency,2,lambda_max,0.7499999999999999,21.604490074612855,38.40798235486731,4.2976922571907075,38.4079823548673,1.0000000000000002,43.13211517996892,0.0116,0.010000000000005171,0.7536,0.7445909321831613,0.009009067816838745,21.604490074612855,21.76249707208959,0.1580069974767362
random_geometric,60,correlated,0.15,1.5,constant,2,all,1.5000000000000004,2.4509289124210764e-15,1.0893017388538112e-15,4.2976922571907075,38.4079823548673,2.8361337203014207e-17,43.13211517996892,0.0116,0.010000000000005171,0.0106,0.010000000000005171,0.0005999999999948286,2.4509289124210764e-15,0.0030378369065147126,0.003037836906512262
random_geometric,60,correlated,0.15,1.5,fiedler,2,fiedler,1.5000000000000002,9.669807578679066,4.297692257190694,4.2976922571907075,38.4079823548673,0.11189580898789554,43.13211517996892,0.0116,0.010000000000005171,0.199,0.19878672485905868,0.00021327514094132694,9.669807578679066,9.63671763377626,-0.03308994490280526
random_geometric,60,correlated,0.15,1.5,cluster,2,44;2;10;13;16;19;23;25;29;35;38;40,1.5000000000000002,33.187500000000014,14.75,4.2976922571907075,38.4079823548673,0.38403475256051267,43.13211517996892,0.0116,0.010000000000005171,0.9772,0.976159641046908,0.0010403589530919577,33.187500000000014,33.291305532655855,0.1038055326558407
random_geometric,60,correlated,0.15,1.5,point,2,6,1.5,76.5,34.0,4.2976922571907075,38.4079823548673,0.8852326499699953,43.13211517996892,0.0116,0.010000000000005171,1.0,0.9999993349482718,6.650517282436041e-07,76.5,76.69909571180224,0.1990957118022436
random_geometric,60,correlated,0.15,1.5,edge_bipolar,2,22-30,1.4999999999999998,72.0,32.00000000000001,4.2976922571907075,38.4079823548673,0.833160141148231,43.13211517996892,0.0116,0.010000000000005171,0.9998,0.9999987981185317,-0.000198798118531629,72.0,71.79516132590072,-0.20483867409927825
random_geometric,60,correlated,0.15,1.5,high_frequency,2,lambda_max,1.4999999999999998,86.41796029845142,38.40798235486731,4.2976922571907075,38.4079823548673,1.0000000000000002,43.13211517996892,0.0116,0.010000000000005171,1.0,0.9999999359901894,6.400981056309263e-08,86.41796029845142,86.6711257655919,0.2531654671404766
random_geometric,60,correlated,0.15,3.0,constant,2,all,3.000000000000001,9.803715649684306e-15,1.0893017388538112e-15,4.2976922571907075,38.4079823548673,2.8361337203014207e-17,43.13211517996892,0.0116,0.010000000000005171,0.0106,0.010000000000005171,0.0005999999999948286,9.803715649684306e-15,-0.01126759059678406,-0.011267590596793864
random_geometric,60,correlated,0.15,3.0,fiedler,2,fiedler,3.0000000000000004,38.679230314716264,4.297692257190694,4.2976922571907075,38.4079823548673,0.11189580898789554,43.13211517996892,0.0116,0.010000000000005171,1.0,0.9998122038350667,0.00018779616493325157,38.679230314716264,38.8320452632893,0.15281494857303812
random_geometric,60,correlated,0.15,3.0,cluster,2,22;0;1;2;3;5;6;8;10;11;12;15,3.0000000000000004,188.25000000000006,20.916666666666664,4.2976922571907075,38.4079823548673,0.544591654760953,43.13211517996892,0.0116,0.010000000000005171,1.0,1.0,0.0,188.25000000000006,187.9118366261133,-0.33816337388674356
random_geometric,60,correlated,0.15,3.0,point,2,12,3.0,234.0,26.0,4.2976922571907075,38.4079823548673,0.6769426146829376,43.13211517996892,0.0116,0.010000000000005171,1.0,1.0,0.0,234.0,233.42815482102094,-0.5718451789790606
random_geometric,60,correlated,0.15,3.0,edge_bipolar,2,25-49,2.9999999999999996,197.99999999999997,22.0,4.2976922571907075,38.4079823548673,0.5727975970394087,43.13211517996892,0.0116,0.010000000000005171,1.0,1.0,0.0,197.99999999999997,198.5672036608089,0.5672036608089286
random_geometric,60,correlated,0.15,3.0,high_frequency,2,lambda_max,2.9999999999999996,345.6718411938057,38.40798235486731,4.2976922571907075,38.4079823548673,1.0000000000000002,43.13211517996892,0.0116,0.010000000000005171,1.0,1.0,0.0,345.6718411938057,345.3992586896888,-0.27258250411688323
random_geometric,60,correlated,0.15,0.75,constant,3,all,0.7500000000000002,4.1923784028255265e-16,7.453117160578709e-16,2.638443741829121,35.332868586269996,2.1094005267024703e-17,38.07696067956459,0.0092,0.01000000000001161,0.008,0.01000000000001161,-0.0020000000000116105,4.1923784028255265e-16,-0.16572092320435772,-0.16572092320435813
random_geometric,60,correlated,0.15,0.75,fiedler,3,fiedler,0.7500000000000001,1.4841246047788794,2.638443741829118,2.638443741829121,35.332868586269996,0.07467391829188731,38.07696067956459,0.0092,0.01000000000001161,0.0156,0.01842272813390078,-0.0028227281339007794,1.4841246047788794,1.5056936459538655,0.021569041174986037
random_geometric,60,correlated,0.15,0.75,cluster,3,19;5;7;10;12;14;16;17;18;20;21;22,0.7500000000000001,10.125000000000002,17.999999999999996,2.638443741829121,35.332868586269996,0.5094406630486441,38.07696067956459,0.0092,0.01000000000001161,0.3146,0.3166721662631944,-0.002072166263194397,10.125000000000002,10.129503638758688,0.0045036387586865345
random_geometric,60,correlated,0.15,0.75,point,3,4,0.75,15.1875,27.0,2.638443741829121,35.332868586269996,0.7641609945729664,38.07696067956459,0.0092,0.01000000000001161,0.578,0.5898208301099295,-0.011820830109929514,15.1875,14.94381823276937,-0.24368176723062973
random_geometric,60,correlated,0.15,0.75,edge_bipolar,3,45-57,0.7499999999999999,11.249999999999998,20.0,2.638443741829121,35.332868586269996,0.5660451811651602,38.07696067956459,0.0092,0.01000000000001161,0.3744,0.37490735063493974,-0.0005073506349397294,11.249999999999998,11.244699337646548,-0.005300662353450392
random_geometric,60,correlated,0.15,0.75,high_frequency,3,lambda_max,0.7500000000000001,19.87473857977689,35.33286858627001,2.638443741829121,35.332868586269996,1.0000000000000004,38.07696067956459,0.0092,0.01000000000001161,0.7734,0.7700088385418422,0.0033911614581577654,19.87473857977689,19.89863318463775,0.02389460486086037
random_geometric,60,correlated,0.15,1.5,constant,3,all,1.5000000000000004,1.6769513611302106e-15,7.453117160578709e-16,2.638443741829121,35.332868586269996,2.1094005267024703e-17,38.07696067956459,0.0092,0.01000000000001161,0.0092,0.01000000000001161,-0.0008000000000116109,1.6769513611302106e-15,0.015623895966729862,0.015623895966728184
random_geometric,60,correlated,0.15,1.5,fiedler,3,fiedler,1.5000000000000002,5.936498419115518,2.638443741829118,2.638443741829121,35.332868586269996,0.07467391829188731,38.07696067956459,0.0092,0.01000000000001161,0.09,0.0900812827338896,-8.128273388960383e-05,5.936498419115518,6.0146123914121326,0.07811397229661488
random_geometric,60,correlated,0.15,1.5,cluster,3,22;3;4;5;7;12;16;17;19;20;21;23,1.5000000000000002,41.437500000000014,18.416666666666664,2.638443741829121,35.332868586269996,0.521233270989585,38.07696067956459,0.0092,0.01000000000001161,0.999,0.9988492832469446,0.00015071675305544652,41.437500000000014,41.15715012434265,-0.2803498756573646
random_geometric,60,correlated,0.15,1.5,point,3,32,1.5,31.5,14.0,2.638443741829121,35.332868586269996,0.3962316268156122,38.07696067956459,0.0092,0.01000000000001161,0.9958,0.9949909680692066,0.0008090319307934024,31.5,31.426687557950142,-0.07331244204985765
random_geometric,60,correlated,0.15,1.5,edge_bipolar,3,39-58,1.4999999999999998,63.0,28.000000000000007,2.638443741829121,35.332868586269996,0.7924632536312246,38.07696067956459,0.0092,0.01000000000001161,1.0,0.999998377934483,1.6220655170151588e-06,63.0,63.24633051261728,0.246330512617277
random_geometric,60,correlated,0.15,1.5,high_frequency,3,lambda_max,1.5000000000000002,79.49895431910755,35.33286858627001,2.638443741829121,35.332868586269996,1.0000000000000004,38.07696067956459,0.0092,0.01000000000001161,1.0,0.9999999647899946,3.521000535577912e-08,79.49895431910755,79.491472848078,-0.00748147102954988
random_geometric,60,correlated,0.15,3.0,constant,3,all,3.000000000000001,6.7078054445208424e-15,7.453117160578709e-16,2.638443741829121,35.332868586269996,2.1094005267024703e-17,38.07696067956459,0.0092,0.01000000000001161,0.0096,0.01000000000001161,-0.00040000000001161155,6.7078054445208424e-15,0.1170823018781384,0.11708230187813169
random_geometric,60,correlated,0.15,3.0,fiedler,3,fiedler,3.0000000000000004,23.74599367646207,2.638443741829118,2.638443741829121,35.332868586269996,0.07467391829188731,38.07696067956459,0.0092,0.01000000000001161,0.9856,0.982143380296534,0.0034566197034660018,23.74599367646207,23.856055309653836,0.11006163319176565
random_geometric,60,correlated,0.15,3.0,cluster,3,37;0;4;7;11;13;15;16;17;19;20;22,3.0000000000000004,161.25000000000006,17.916666666666664,2.638443741829121,35.332868586269996,0.507082141460456,38.07696067956459,0.0092,0.01000000000001161,1.0,0.9999999999999998,2.220446049250313e-16,161.25000000000006,161.0266970317796,-0.2233029682204517
random_geometric,60,correlated,0.15,3.0,point,3,2,3.0,153.0,17.0,2.638443741829121,35.332868586269996,0.4811384039903862,38.07696067956459,0.0092,0.01000000000001161,1.0,1.0,0.0,153.0,152.86186300143217,-0.13813699856783046
random_geometric,60,correlated,0.15,3.0,edge_bipolar,3,23-41,2.9999999999999996,247.49999999999997,27.500000000000004,2.638443741829121,35.332868586269996,0.7783121241020955,38.07696067956459,0.0092,0.01000000000001161,1.0,1.0,0.0,247.49999999999997,247.01394957264463,-0.48605042735533743
random_geometric,60,correlated,0.15,3.0,high_frequency,3,lambda_max,3.0000000000000004,317.9958172764302,35.33286858627001,2.638443741829121,35.332868586269996,1.0000000000000004,38.07696067956459,0.0092,0.01000000000001161,1.0,1.0,0.0,317.9958172764302,318.17346817406724,0.17765089763702235
random_geometric,60,correlated,0.3,0.75,constant,0,all,0.7500000000000002,3.4399002279594067e-16,6.115378183038942e-16,2.6625763319089466,30.758842215619666,1.9881691710533526e-17,139.14853080972546,0.0106,0.010000000000069287,0.0106,0.010000000000069287,0.0005999999999307132,3.4399002279594067e-16,0.13304405194170954,0.1330440519417092
random_geometric,60,correlated,0.3,0.75,fiedler,0,fiedler,0.75,1.497699186698782,2.662576331908946,2.6625763319089466,30.758842215619666,0.08656295686437969,139.14853080972546,0.0106,0.010000000000069287,0.0102,0.012007335748915382,-0.0018073357489153813,1.497699186698782,1.7159284739521468,0.21822928725336466
random_geometric,60,correlated,0.3,0.75,cluster,0,8;0;4;6;11;15;18;20;22;24;27;31,0.7500000000000001,7.687500000000002,13.666666666666664,2.6625763319089466,30.758842215619666,0.4443166804154477,139.14853080972546,0.0106,0.010000000000069287,0.0306,0.03099568759697857,-0.00039568759697857295,7.687500000000002,7.595021223542787,-0.0924787764572148
random_geometric,60,correlated,0.3,0.75,point,0,26,0.75,5.0625,9.0,2.6625763319089466,30.758842215619666,0.29259878954188023,139.14853080972546,0.0106,0.010000000000069287,0.0204,0.018836981474085357,0.0015630185259146445,5.0625,4.983077033325486,-0.07942296667451387
random_geometric,60,correlated,0.3,0.75,edge_bipolar,0,0-6,0.7499999999999999,15.75,28.000000000000007,2.6625763319089466,30.758842215619666,0.9103073452414054,139.14853080972546,0.0106,0.010000000000069287,0.0698,0.08069784211644976,-0.010897842116449757,15.75,15.747132615159572,-0.0028673848404281443
random_geometric,60,correlated,0.3,0.75,high_frequency,0,lambda_max,0.7499999999999999,17.30184874628606,30.758842215619666,2.6625763319089466,30.758842215619666,1.0,139.14853080972546,0.0106,0.010000000000069287,0.0972,0.09279822958165485,0.0044017704183451495,17.30184874628606,17.3958747198663,0.09402597358024067
random_geometric,60,correlated,0.3,1.5,constant,0,all,1.5000000000000004,1.3759600911837627e-15,6.115378183038942e-16,2.6625763319089466,30.758842215619666,1.9881691710533526e-17,139.14853080972546,0.0106,0.010000000000069287,0.0116,0.010000000000069287,0.0015999999999307124,1.3759600911837627e-15,0.3840441478996297,0.3840441478996283
random_geometric,60,correlated,0.3,1.5,fiedler,0,fiedler,1.5,5.990796746795128,2.662576331908946,2.6625763319089466,30.758842215619666,0.08656295686437969,139.14853080972546,0.0106,0.010000000000069287,0.0214,0.020318641048688024,0.0010813589513119747,5.990796746795128,6.244732740503466,0.2539359937083372
random_geometric,60,correlated,0.3,1.5,cluster,0,32;6;9;12;13;16;17;21;26;27;28;29,1.5000000000000002,29.250000000000007,12.999999999999998,2.6625763319089466,30.758842215619666,0.4226426960049381,139.14853080972546,0.0106,0.010000000000069287,0.2124,0.20804054647527026,0.004359453524729745,29.250000000000007,29.53407935838871,0.284079358388702
random_geometric,60,correlated,0.3,1.5,point,0,6,1.5,58.5,26.0,2.6625763319089466,30.758842215619666,0.8452853920098763,139.14853080972546,0.0106,0.010000000000069287,0.623,0.6301591856415245,-0.0071591856415245125,58.5,57.92646684395251,-0.573533156047489
random_geometric,60,correlated,0.3,1.5,edge_bipolar,0,33-43,1.4999999999999998,41.62499999999999,18.5,2.6625763319089466,30.758842215619666,0.6014530673916427,139.14853080972546,0.0106,0.010000000000069287,0.389,0.38584044095735026,0.003159559042649751,41.62499999999999,41.72491994721665,0.0999199472166552
random_geometric,60,correlated,0.3,1.5,high_frequency,0,lambda_max,1.4999999999999998,69.20739498514423,30.758842215619666,2.6625763319089466,30.758842215619666,1.0,139.14853080972546,0.0106,0.010000000000069287,0.7518,0.7511464392170177,0.0006535607829822876,69.20739498514423,68.94331625226147,-0.2640787328827656
random_geometric,60,correlated,0.3,3.0,constant,0,all,3.000000000000001,5.503840364735051e-15,6.115378183038942e-16,2.6625763319089466,30.758842215619666,1.9881691710533526e-17,139.14853080972546,0.0106,0.010000000000069287,0.009,0.010000000000069287,-0.0010000000000692875,5.503840364735051e-15,-0.2020479224973286,-0.2020479224973341
random_geometric,60,correlated,0.3,3.0,fiedler,0,fiedler,3.0,23.963186987180514,2.662576331908946,2.6625763319089466,30.758842215619666,0.08656295686437969,139.14853080972546,0.0106,0.010000000000069287,0.1204,0.11674408055478164,0.0036559194452183558,23.963186987180514,24.546373559561758,0.5831865723812442
random_geometric,60,correlated,0.3,3.0,cluster,0,7;0;1;3;5;6;9;10;18;19;20;22,3.0000000000000004,136.50000000000003,15.166666666666664,2.6625763319089466,30.758842215619666,0.4930831453390944,139.14853080972546,0.0106,0.010000000000069287,0.9966,0.9967999272717314,-0.00019992727173134828,136.50000000000003,137.39735310272312,0.8973531027230877
random_geometric,60,correlated,0.3,3.0,point,0,2,3.0,81.0,9.0,2.6625763319089466,30.758842215619666,0.29259878954188023,139.14853080972546,0.0106,0.010000000000069287,0.9282,0.9277756345429433,0.0004243654570567079,81.0,80.84835535251372,-0.15164464748627893
random_geometric,60,correlated,0.3,3.0,edge_bipolar,0,21-29,2.9999999999999996,216.0,24.000000000000004,2.6625763319089466,30.758842215619666,0.7802634387783475,139.14853080972546,0.0106,0.010000000000069287,1.0,0.9999972508187255,2.7491812745195077e-06,216.0,216.60117997452636,0.6011799745263602
random_geometric,60,correlated,0.3,3.0,high_frequency,0,lambda_max,2.9999999999999996,276.82957994057693,30.758842215619666,2.6625763319089466,30.758842215619666,1.0,139.14853080972546,0.0106,0.010000000000069287,1.0,0.9999999768571397,2.3142860294811385e-08,276.82957994057693,275.9687894710592,-0.860790469517724
random_geometric,60,correlated,0.3,0.75,constant,1,all,0.7500000000000002,3.3324033458356753e-16,5.924272614818974e-16,3.228989596938507,31.38919656039881,1.8873603863735547e-17,140.87701571967239,0.011,0.010000000292884781,0.0096,0.010000000292884781,-0.0004000002928847817,3.3324033458356753e-16,0.20284523353457473,0.2028452335345744
random_geometric,60,correlated,0.3,0.75,fiedler,1,fiedler,0.75,1.8163066482779162,3.2289895969385176,3.228989596938507,31.38919656039881,0.10286945671659117,140.87701571967239,0.011,0.010000000292884781,0.0134,0.012618588597150149,0.0007814114028498517,1.8163066482779162,1.7323083859690342,-0.08399826230888197
random_geometric,60,correlated,0.3,0.75,cluster,1,48;1;7;11;12;14;15;23;32;33;34;46,0.7500000000000001,6.046875,10.749999999999996,3.228989596938507,31.38919656039881,0.34247451919691363,140.87701571967239,0.011,0.010000000292884781,0.0268,0.024460472157735613,0.0023395278422643877,6.046875,6.259756929171445,0.212881929171445
random_geometric,60,correlated,0.3,0.75,point,1,0,0.75,9.0,16.0,3.228989596938507,31.38919656039881,0.5097295169442437,140.87701571967239,0.011,0.010000000292884781,0.033,0.033706810778079355,-0.0007068107780793531,9.0,9.294137246634321,0.29413724663432106
random_geometric,60,correlated,0.3,0.75,edge_bipolar,1,30-43,0.7499999999999999,10.406249999999998,18.5,3.228989596938507,31.38919656039881,0.5893747539667817,140.87701571967239,0.011,0.010000000292884781,0.044,0.041285425354499916,0.0027145746455000813,10.406249999999998,10.317940200485708,-0.08830979951429008
random_geometric,60,correlated,0.3,0.75,high_frequency,1,lambda_max,0.75,17.656423065224324,31.389196560398798,3.228989596938507,31.38919656039881,0.9999999999999997,140.87701571967239,0.011,0.010000000292884781,0.101,0.10107918153078344,-7.918153078342871e-05,17.656423065224324,17.39241206313531,-0.2640110020890134
random_geometric,60,correlated,0.3,1.5,constant,1,all,1.5000000000000004,1.3329613383342701e-15,5.924272614818974e-16,3.228989596938507,31.38919656039881,1.8873603863735547e-17,140.87701571967239,0.011,0.010000000292884781,0.0098,0.010000000292884781,-0.0002000002928847812,1.3329613383342701e-15,-0.3347550276801883,-0.3347550276801896
random_geometric,60,correlated,0.3,1.5,fiedler,1,fiedler,1.5,7.265226593111665,3.2289895969385176,3.228989596938507,31.38919656039881,0.10286945671659117,140.87701571967239,0.011,0.010000000292884781,0.0234,0.024331967075984506,-0.0009319670759845057,7.265226593111665,7.344224248307128,0.07899765519546342
random_geometric,60,correlated,0.3,1.5,cluster,1,44;0;7;8;14;15;16;22;27;30;31;34,1.5000000000000002,19.500000000000004,8.666666666666664,3.228989596938507,31.38919656039881,0.2761034883447986,140.87701571967239,0.011,0.010000000292884781,0.0978,0.09968487715226104,-0.0018848771522610441,19.500000000000004,19.35338118451024,-0.14661881548976297
random_geometric,60,correlated,0.3,1.5,point,1,37,1.5,45.0,20.0,3.228989596938507,31.38919656039881,0.6371618961803046,140.87701571967239,0.011,0.010000000292884781,0.4492,0.44764740777773343,0.0015525922222665578,45.0,44.74578884819114,-0.25421115180886034
random_geometric,60,correlated,0.3,1.5,edge_bipolar,1,4-18,1.4999999999999998,58.499999999999986,26.0,3.228989596938507,31.38919656039881,0.828310465034396,140.87701571967239,0.011,0.010000000292884781,0.637,0.6361152440166751,0.0008847559833249363,58.499999999999986,58.383167159763346,-0.11683284023663987
random_geometric,60,correlated,0.3,1.5,high_frequency,1,lambda_max,1.5,70.6256922608973,31.389196560398798,3.228989596938507,31.38919656039881,0.9999999999999997,140.87701571967239,0.011,0.010000000292884781,0.766,0.7628959379981493,0.0031040620018507603,70.6256922608973,70.74328856277366,0.11759630187636105
random_geometric,60,correlated,0.3,3.0,constant,1,all,3.000000000000001,5.3318453533370805e-15,5.924272614818974e-16,3.228989596938507,31.38919656039881,1.8873603863735547e-17,140.87701571967239,0.011,0.010000000292884781,0.009,0.010000000292884781,-0.0010000002928847816,5.3318453533370805e-15,-0.2512951934030099,-0.2512951934030152
random_geometric,60,correlated,0.3,3.0,fiedler,1,fiedler,3.0,29.06090637244666,3.2289895969385176,3.228989596938507,31.38919656039881,0.10286945671659117,140.87701571967239,0.011,0.010000000292884781,0.1816,0.18216736667209477,-0.0005673666720947546,29.06090637244666,29.103557903798674,0.04265153135201416
random_geometric,60,correlated,0.3,3.0,cluster,1,42;0;3;5;6;13;16;22;27;30;31;34,3.0000000000000004,94.50000000000003,10.499999999999998,3.228989596938507,31.38919656039881,0.3345099954946599,140.87701571967239,0.011,0.010000000292884781,0.957,0.9534959137059273,0.003504086294072617,94.50000000000003,94.75512619524942,0.25512619524938884
random_geometric,60,correlated,0.3,3.0,point,1,27,3.0,126.0,14.0,3.228989596938507,31.38919656039881,0.44601332732621324,140.87701571967239,0.011,0.010000000292884781,0.9978,0.9981380736150475,-0.0003380736150474517,126.0,125.94655907913902,-0.053440920860978736
random_geometric,60,correlated,0.3,3.0,edge_bipolar,1,13-36,2.9999999999999996,207.0,23.000000000000004,3.228989596938507,31.38919656039881,0.7327361806073505,140.87701571967239,0.011,0.010000000292884781,1.0,0.9999956290315102,4.37096848981966e-06,207.0,206.8594092453157,-0.14059075468429683
random_geometric,60,correlated,0.3,3.0,high_frequency,1,lambda_max,3.0,282.5027690435892,31.389196560398798,3.228989596938507,31.38919656039881,0.9999999999999997,140.87701571967239,0.011,0.010000000292884781,1.0,0.9999999619472572,3.8052742845628984e-08,282.5027690435892,283.6132855765051,1.1105165329159377
random_geometric,60,correlated,0.3,0.75,constant,2,all,0.7500000000000002,6.019825398928961e-16,1.0701911820318145e-15,3.501474693815587,37.708069866902164,2.8380958924953163e-17,167.85683680483478,0.0108,0.010000000000243758,0.0088,0.010000000000243758,-0.0012000000002437578,6.019825398928961e-16,0.12321254066507947,0.12321254066507888
random_geometric,60,correlated,0.3,0.75,fiedler,2,fiedler,0.7499999999999999,1.969579515271265,3.5014746938155827,3.501474693815587,37.708069866902164,0.09285743625103875,167.85683680483478,0.0108,0.010000000000243758,0.014,0.01222555509902068,0.0017744449009793207,1.969579515271265,1.8218022283411983,-0.14777728693006664
random_geometric,60,correlated,0.3,0.75,cluster,2,56;0;2;3;5;14;18;19;20;21;23;28,0.7500000000000001,8.625000000000002,15.33333333333333,3.501474693815587,37.708069866902164,0.40663267537838077,167.85683680483478,0.0108,0.010000000000243758,0.0306,0.028303812990424726,0.0022961870095752727,8.625000000000002,8.881831424652034,0.2568314246520327
random_geometric,60,correlated,0.3,0.75,point,2,18,0.75,14.625,26.0,3.501474693815587,37.708069866902164,0.6895075799894285,167.85683680483478,0.0108,0.010000000000243758,0.0522,0.05204810841292429,0.00015189158707571565,14.625,15.00181355902538,0.37681355902537916
random_geometric,60,correlated,0.3,0.75,edge_bipolar,2,15-47,0.7499999999999999,18.843749999999996,33.5,3.501474693815587,37.708069866902164,0.8884039972940713,167.85683680483478,0.0108,0.010000000000243758,0.0778,0.08066855767078773,-0.0028685576707877386,18.843749999999996,19.36095535032827,0.5172053503282719
random_geometric,60,correlated,0.3,0.75,high_frequency,2,lambda_max,0.75,21.210789300132472,37.70806986690217,3.501474693815587,37.708069866902164,1.0000000000000002,167.85683680483478,0.0108,0.010000000000243758,0.0996,0.09853342170860835,0.0010665782913916455,21.210789300132472,21.06160189201462,-0.14918740811785014
random_geometric,60,correlated,0.3,1.5,constant,2,all,1.5000000000000004,2.4079301595715843e-15,1.0701911820318145e-15,3.501474693815587,37.708069866902164,2.8380958924953163e-17,167.85683680483478,0.0108,0.010000000000243758,0.0094,0.010000000000243758,-0.000600000000243758,2.4079301595715843e-15,-0.5060549711172939,-0.5060549711172964
random_geometric,60,correlated,0.3,1.5,fiedler,2,fiedler,1.4999999999999998,7.87831806108506,3.5014746938155827,3.501474693815587,37.708069866902164,0.09285743625103875,167.85683680483478,0.0108,0.010000000000243758,0.0226,0.021722978110772395,0.0008770218892276034,7.87831806108506,7.835327678378945,-0.04299038270611444
random_geometric,60,correlated,0.3,1.5,cluster,2,26;1;5;7;9;11;15;16;22;25;27;30,1.5000000000000002,36.750000000000014,16.333333333333332,3.501474693815587,37.708069866902164,0.43315219768566654,167.85683680483478,0.0108,0.010000000000243758,0.2322,0.22786310329221737,0.004336896707782617,36.750000000000014,36.84757446513511,0.09757446513509649
random_geometric,60,correlated,0.3,1.5,point,2,7,1.5,27.0,12.0,3.501474693815587,37.708069866902164,0.3182342676874285,167.85683680483478,0.0108,0.010000000000243758,0.1104,0.11164279711446906,-0.001242797114469063,27.0,27.035987857331307,0.03598785733130683
random_geometric,60,correlated,0.3,1.5,edge_bipolar,2,19-45,1.4999999999999998,65.24999999999999,29.0,3.501474693815587,37.708069866902164,0.7690661469112856,167.85683680483478,0.0108,0.010000000000243758,0.5726,0.5771395882096051,-0.004539588209605094,65.24999999999999,64.61253363411872,-0.6374663658812665
random_geometric,60,correlated,0.3,1.5,high_frequency,2,lambda_max,1.5,84.84315720052989,37.70806986690217,3.501474693815587,37.708069866902164,1.0000000000000002,167.85683680483478,0.0108,0.010000000000243758,0.751,0.7576856507164917,-0.006685650716491742,84.84315720052989,84.97670507556033,0.13354787503044463
random_geometric,60,correlated,0.3,3.0,constant,2,all,3.000000000000001,9.631720638286337e-15,1.0701911820318145e-15,3.501474693815587,37.708069866902164,2.8380958924953163e-17,167.85683680483478,0.0108,0.010000000000243758,0.0094,0.010000000000243758,-0.000600000000243758,9.631720638286337e-15,0.3703077809043407,0.37030778090433103
random_geometric,60,correlated,0.3,3.0,fiedler,2,fiedler,2.9999999999999996,31.51327224434024,3.5014746938155827,3.501474693815587,37.708069866902164,0.09285743625103875,167.85683680483478,0.0108,0.010000000000243758,0.1386,0.14017572723121652,-0.0015757272312165171,31.51327224434024,31.451628611939853,-0.061643632400386394
random_geometric,60,correlated,0.3,3.0,cluster,2,19;0;2;3;4;5;6;9;14;15;18;20,3.0000000000000004,159.75000000000006,17.75,3.501474693815587,37.708069866902164,0.47072152095432135,167.85683680483478,0.0108,0.010000000000243758,0.997,0.9963634324334167,0.0006365675665832571,159.75000000000006,161.40071074870565,1.6507107487055919
random_geometric,60,correlated,0.3,3.0,point,2,30,3.0,234.0,26.0,3.501474693815587,37.708069866902164,0.6895075799894285,167.85683680483478,0.0108,0.010000000000243758,0.9998,0.9999863450335587,-0.00018634503355863252,234.0,233.93382278227296,-0.06617721772704499
random_geometric,60,correlated,0.3,3.0,edge_bipolar,2,16-37,2.9999999999999996,242.99999999999994,27.0,3.501474693815587,37.708069866902164,0.7160271022967142,167.85683680483478,0.0108,0.010000000000243758,1.0,0.9999930718801527,6.928119847260383e-06,242.99999999999994,242.02615739826655,-0.973842601733395
random_geometric,60,correlated,0.3,3.0,high_frequency,2,lambda_max,3.0,339.37262880211955,37.70806986690217,3.501474693815587,37.708069866902164,1.0000000000000002,167.85683680483478,0.0108,0.010000000000243758,1.0,0.9999999621678746,3.783212543240211e-08,339.37262880211955,338.6712716536771,-0.7013571484424688
random_geometric,60,correlated,0.3,0.75,constant,3,all,0.7500000000000002,7.417284866537469e-16,1.3186284207177715e-15,2.64224911628918,36.32204718624383,3.630380231478728e-17,152.1033094135559,0.0084,0.010000000000528253,0.0124,0.010000000000528253,0.0023999999994717466,7.417284866537469e-16,-0.11566649210249125,-0.11566649210249198
random_geometric,60,correlated,0.3,0.75,fiedler,3,fiedler,0.7500000000000001,1.486265127912661,2.6422491162891744,2.64224911628918,36.32204718624383,0.07274504938394187,152.1033094135559,0.0084,0.010000000000528253,0.0088,0.011712689053284209,-0.002912689053284208,1.486265127912661,1.6494925421054063,0.16322741419274522
random_geometric,60,correlated,0.3,0.75,cluster,3,9;1;2;4;5;11;12;15;19;21;22;23,0.7500000000000001,9.468750000000004,16.833333333333332,2.64224911628918,36.32204718624383,0.46344671177313446,152.1033094135559,0.0084,0.010000000000528253,0.036,0.03594916148530686,5.083851469313977e-05,9.468750000000004,9.327991025380712,-0.14075897461929188
random_geometric,60,correlated,0.3,0.75,point,3,34,0.75,6.75,12.0,2.64224911628918,36.32204718624383,0.33037785393728397,152.1033094135559,0.0084,0.010000000000528253,0.0204,0.022108936696656867,-0.0017089366966568653,6.75,6.87197325925321,0.12197325925320968
random_geometric,60,correlated,0.3,0.75,edge_bipolar,3,23-31,0.7499999999999999,12.937499999999998,23.0,2.64224911628918,36.32204718624383,0.633224220046461,152.1033094135559,0.0084,0.010000000000528253,0.0494,0.049895245939558575,-0.0004952459395585751,12.937499999999998,12.803212142570814,-0.13428785742918414
random_geometric,60,correlated,0.3,0.75,high_frequency,3,lambda_max,0.75,20.43115154226215,36.32204718624382,2.64224911628918,36.32204718624383,0.9999999999999998,152.1033094135559,0.0084,0.010000000000528253,0.1142,0.11153076897955083,0.0026692310204491643,20.43115154226215,20.47328323162344,0.04213168936129108
random_geometric,60,correlated,0.3,1.5,constant,3,all,1.5000000000000004,2.9669139466149876e-15,1.3186284207177715e-15,2.64224911628918,36.32204718624383,3.630380231478728e-17,152.1033094135559,0.0084,0.010000000000528253,0.0098,0.010000000000528253,-0.0002000000005282533,2.9669139466149876e-15,-0.1267156943208363,-0.12671569432083926
random_geometric,60,correlated,0.3,1.5,fiedler,3,fiedler,1.5000000000000002,5.945060511650644,2.6422491162891744,2.64224911628918,36.32204718624383,0.07274504938394187,152.1033094135559,0.0084,0.010000000000528253,0.0192,0.018546800091779003,0.0006531999082209951,5.945060511650644,5.829018074977313,-0.11604243667333147
random_geometric,60,correlated,0.3,1.5,cluster,3,12;4;5;6;9;10;14;15;20;22;23;24,1.5000000000000002,27.750000000000007,12.333333333333332,2.64224911628918,36.32204718624383,0.33955501654665293,152.1033094135559,0.0084,0.010000000000528253,0.1566,0.1622127069337489,-0.005612706933748907,27.750000000000007,27.496914883384875,-0.2530851166151322
random_geometric,60,correlated,0.3,1.5,point,3,59,1.5,69.75,31.0,2.64224911628918,36.32204718624383,0.8534761226713169,152.1033094135559,0.0084,0.010000000000528253,0.6982,0.691662250815327,0.006537749184673092,69.75,70.35893712370759,0.6089371237075909
random_geometric,60,correlated,0.3,1.5,edge_bipolar,3,43-44,1.4999999999999998,37.12499999999999,16.5,2.64224911628918,36.32204718624383,0.45426954916376544,152.1033094135559,0.0084,0.010000000000528253,0.267,0.26526459819500614,0.0017354018049938746,37.12499999999999,36.840307899212604,-0.2846921007873888
random_geometric,60,correlated,0.3,1.5,high_frequency,3,lambda_max,1.5,81.7246061690486,36.32204718624382,2.64224911628918,36.32204718624383,0.9999999999999998,152.1033094135559,0.0084,0.010000000000528253,0.7974,0.7900590203073392,0.007340979692660787,81.7246061690486,82.9860494077846,1.2614432387360068
random_geometric,60,correlated,0.3,3.0,constant,3,all,3.000000000000001,1.186765578645995e-14,1.3186284207177715e-15,2.64224911628918,36.32204718624383,3.630380231478728e-17,152.1033094135559,0.0084,0.010000000000528253,0.0118,0.010000000000528253,0.0017999999994717467,1.186765578645995e-14,0.32089780539568835,0.32089780539567647
random_geometric,60,correlated,0.3,3.0,fiedler,3,fiedler,3.0000000000000004,23.780242046602577,2.6422491162891744,2.64224911628918,36.32204718624383,0.07274504938394187,152.1033094135559,0.0084,0.010000000000528253,0.0896,0.09200791531783781,-0.002407915317837808,23.780242046602577,24.07113411005308,0.290892063450503
random_geometric,60,correlated,0.3,3.0,cluster,3,13;0;1;2;3;7;8;16;17;18;21;25,3.0000000000000004,142.50000000000003,15.83333333333333,2.64224911628918,36.32204718624383,0.4359152239450274,152.1033094135559,0.0084,0.010000000000528253,0.9958,0.9950479916366448,0.0007520083633552055,142.50000000000003,142.6939265402365,0.19392654023647538
random_geometric,60,correlated,0.3,3.0,point,3,26,3.0,27.0,3.0,2.64224911628918,36.32204718624383,0.08259446348432099,152.1033094135559,0.0084,0.010000000000528253,0.1122,0.11790500685939798,-0.005705006859397982,27.0,26.632928924406556,-0.36707107559344365
random_geometric,60,correlated,0.3,3.0,edge_bipolar,3,19-23,2.9999999999999996,211.5,23.500000000000004,2.64224911628918,36.32204718624383,0.6469899639605146,152.1033094135559,0.0084,0.010000000000528253,1.0,0.999988685011759,1.1314988241029056e-05,211.5,212.4231124162967,0.9231124162967035
random_geometric,60,correlated,0.3,3.0,high_frequency,3,lambda_max,3.0,326.8984246761944,36.32204718624382,2.64224911628918,36.32204718624383,0.9999999999999998,152.1033094135559,0.0084,0.010000000000528253,1.0,0.9999999778773138,2.2122686238468248e-08,326.8984246761944,327.65963598424406,0.761211308049667
barabasi_albert,20,iid,0.15,0.75,constant,0,all,0.7499999999999999,1.1171403689612728e-16,1.9860273225978186e-16,1.7803077921823274,15.129552464487313,1.3126808127732138e-17,4.979818514332178,0.0094,0.009999999982222618,0.0096,0.009999999982222618,-0.00039999998222261905,1.1171403689612728e-16,-0.0036091795991293196,-0.0036091795991294315
barabasi_albert,20,iid,0.15,0.75,fiedler,0,fiedler,0.75,1.0014231331025594,1.7803077921823278,1.7803077921823274,15.129552464487313,0.11767088262267751,4.979818514332178,0.0094,0.009999999982222618,0.0576,0.056256796433489686,0.001343203566510312,1.0014231331025594,1.0071800885434619,0.005756955440902489
barabasi_albert,20,iid,0.15,0.75,cluster,0,15;8;2;7,0.75,1.828125,3.25,1.7803077921823274,15.129552464487313,0.21481137711300644,4.979818514332178,0.0094,0.009999999982222618,0.2432,0.23931132682714756,0.003888673172852436,1.828125,1.8434605224000973,0.015335522400097279
barabasi_albert,20,iid,0.15,0.75,point,0,4,0.75,5.625,10.0,1.7803077921823274,15.129552464487313,0.6609580834246351,4.979818514332178,0.0094,0.009999999982222618,0.892,0.8902881299881529,0.0017118700118471386,5.625,5.620724892461931,-0.004275107538068923
barabasi_albert,20,iid,0.15,0.75,edge_bipolar,0,5-12,0.7499999999999999,3.656249999999999,6.5,1.7803077921823274,15.129552464487313,0.42962275422601287,4.979818514332178,0.0094,0.009999999982222618,0.6882,0.682602230069781,0.005597769930218988,3.656249999999999,3.677172925482187,0.020922925482187882
barabasi_albert,20,iid,0.15,0.75,high_frequency,0,lambda_max,0.7500000000000001,8.510373261274117,15.129552464487313,1.7803077921823274,15.129552464487313,1.0,4.979818514332178,0.0094,0.009999999982222618,0.9764,0.9730156094726621,0.003384390527337966,8.510373261274117,8.503330710502642,-0.007042550771474865
barabasi_albert,20,iid,0.15,1.5,constant,0,all,1.4999999999999998,4.468561475845091e-16,1.9860273225978186e-16,1.7803077921823274,15.129552464487313,1.3126808127732138e-17,4.979818514332178,0.0094,0.009999999982222618,0.0088,0.009999999982222618,-0.0011999999822226177,4.468561475845091e-16,-0.008265685732153027,-0.008265685732153475
barabasi_albert,20,iid,0.15,1.5,fiedler,0,fiedler,1.5,4.0056925324102375,1.7803077921823278,1.7803077921823274,15.129552464487313,0.11767088262267751,4.979818514332178,0.0094,0.009999999982222618,0.8776,0.8750581856329303,0.0025418143670697946,4.0056925324102375,4.02713179466066,0.021439262250422253
barabasi_albert,20,iid,0.15,1.5,cluster,0,8;0;1;6,1.5,13.5,6.0,1.7803077921823274,15.129552464487313,0.3965748500547811,4.979818514332178,0.0094,0.009999999982222618,1.0,0.999988930740519,1.1069259481022442e-05,13.5,13.370188203456713,-0.12981179654328656
barabasi_albert,20,iid,0.15,1.5,point,0,10,1.5,11.25,5.0,1.7803077921823274,15.129552464487313,0.33047904171231757,4.979818514332178,0.0094,0.009999999982222618,1.0,0.9999850099969956,1.4990003004422547e-05,11.25,11.294003755129635,0.04400375512963528
barabasi_albert,20,iid,0.15,1.5,edge_bipolar,0,1-14,1.4999999999999998,14.624999999999996,6.5,1.7803077921823274,15.129552464487313,0.42962275422601287,4.979818514332178,0.0094,0.009999999982222618,1.0,0.9999995569236617,4.4307633828566395e-07,14.624999999999996,14.4982923359729,-0.1267076640270961
barabasi_albert,20,iid,0.15,1.5,high_frequency,0,lambda_max,1.5000000000000002,34.041493045096466,15.129552464487313,1.7803077921823274,15.129552464487313,1.0,4.979818514332178,0.0094,0.009999999982222618,1.0,0.9999999999939617,6.038280986331301e-12,34.041493045096466,34.14514958941343,0.10365654431696214
barabasi_albert,20,iid,0.15,3.0,constant,0,all,2.9999999999999996,1.7874245903380365e-15,1.9860273225978186e-16,1.7803077921823274,15.129552464487313,1.3126808127732138e-17,4.979818514332178,0.0094,0.009999999982222618,0.0086,0.009999999982222618,-0.0013999999822226182,1.7874245903380365e-15,-0.015734178515773856,-0.015734178515775642
barabasi_albert,20,iid,0.15,3.0,fiedler,0,fiedler,3.0,16.02277012964095,1.7803077921823278,1.7803077921823274,15.129552464487313,0.11767088262267751,4.979818514332178,0.0094,0.009999999982222618,1.0,1.0,0.0,16.02277012964095,15.980499142115216,-0.04227098752573433
barabasi_albert,20,iid,0.15,3.0,cluster,0,5;0;2;4,3.0,54.0,6.0,1.7803077921823274,15.129552464487313,0.3965748500547811,4.979818514332178,0.0094,0.009999999982222618,1.0,0.9999999999999998,2.220446049250313e-16,54.0,54.05869901921272,0.058699019212717474
barabasi_albert,20,iid,0.15,3.0,point,0,3,3.0,27.0,3.0,1.7803077921823274,15.129552464487313,0.19828742502739055,4.979818514332178,0.0094,0.009999999982222618,1.0,1.0,0.0,27.0,26.993530329619404,-0.006469670380596426
barabasi_albert,20,iid,0.15,3.0,edge_bipolar,0,9-11,2.9999999999999996,40.49999999999999,4.5,1.7803077921823274,15.129552464487313,0.2974311375410858,4.979818514332178,0.0094,0.009999999982222618,1.0,0.9999999999996461,3.539391002504999e-13,40.49999999999999,40.383578439677606,-0.1164215603223866
barabasi_albert,20,iid,0.15,3.0,high_frequency,0,lambda_max,3.0000000000000004,136.16597218038586,15.129552464487313,1.7803077921823274,15.129552464487313,1.0,4.979818514332178,0.0094,0.009999999982222618,1.0,1.0,0.0,136.16597218038586,136.19123352910077,0.025261348714906262
barabasi_albert,20,iid,0.15,0.75,constant,1,all,0.7499999999999999,-4.6547515373386365e-17,-8.275113844157578e-17,0.9514603894338567,13.20249990416003,-6.267838594378734e-18,4.8939524591700225,0.012,0.0100000000092475,0.0106,0.0100000000092475,0.0005999999907524995,-4.6547515373386365e-17,0.005219044045586596,0.005219044045586643
barabasi_albert,20,iid,0.15,0.75,fiedler,1,fiedler,0.7500000000000001,0.5351964690565438,0.9514603894338554,0.9514603894338567,13.20249990416003,0.07206668406292173,4.8939524591700225,0.012,0.0100000000092475,0.0236,0.02576427908960449,-0.002164279089604492,0.5351964690565438,0.5373987978591068,0.0022023288025629917
barabasi_albert,20,iid,0.15,0.75,cluster,1,6;0;4;5,0.75,3.234375,5.75,0.9514603894338567,13.20249990416003,0.4355235782420425,4.8939524591700225,0.012,0.0100000000092475,0.588,0.5989835383114028,-0.010983538311402863,3.234375,3.2146840633172022,-0.019690936682797755
barabasi_albert,20,iid,0.15,0.75,point,1,2,0.75,3.375,6.0,0.9514603894338567,13.20249990416003,0.45445938599169655,4.8939524591700225,0.012,0.0100000000092475,0.6418,0.6488518347035144,-0.007051834703514337,3.375,3.3785477544364255,0.003547754436425521
barabasi_albert,20,iid,0.15,0.75,edge_bipolar,1,0-10,0.7499999999999999,5.062499999999999,9.0,0.9514603894338567,13.20249990416003,0.6816890789875448,4.8939524591700225,0.012,0.0100000000092475,0.8594,0.8500774072332262,0.00932259276677383,5.062499999999999,5.117140936869658,0.05464093686965921
barabasi_albert,20,iid,0.15,0.75,high_frequency,1,lambda_max,0.75,7.426406196090015,13.202499904160028,0.9514603894338567,13.20249990416003,0.9999999999999999,4.8939524591700225,0.012,0.0100000000092475,0.9572,0.9618075850551442,-0.004607585055144137,7.426406196090015,7.389316972105263,-0.03708922398475245
barabasi_albert,20,iid,0.15,1.5,constant,1,all,1.4999999999999998,-1.8619006149354546e-16,-8.275113844157578e-17,0.9514603894338567,13.20249990416003,-6.267838594378734e-18,4.8939524591700225,0.012,0.0100000000092475,0.0098,0.0100000000092475,-0.00020000000924750086,-1.8619006149354546e-16,0.0074657847608325945,0.007465784760832781
barabasi_albert,20,iid,0.15,1.5,fiedler,1,fiedler,1.5000000000000002,2.1407858762261753,0.9514603894338554,0.9514603894338567,13.20249990416003,0.07206668406292173,4.8939524591700225,0.012,0.0100000000092475,0.2924,0.2845219096172855,0.007878090382714475,2.1407858762261753,2.1506772544279222,0.009891378201746903
barabasi_albert,20,iid,0.15,1.5,cluster,1,18;17;10;5,1.5,7.875,3.5,0.9514603894338567,13.20249990416003,0.26510130849515634,4.8939524591700225,0.012,0.0100000000092475,0.9946,0.9953886194372699,-0.0007886194372698219,7.875,7.944364282337382,0.06936428233738212
barabasi_albert,20,iid,0.15,1.5,point,1,7,1.5,15.75,7.0,0.9514603894338567,13.20249990416003,0.5302026169903127,4.8939524591700225,0.012,0.0100000000092475,1.0,0.9999998197961244,1.8020387559936069e-07,15.75,15.820849793796652,0.07084979379665235
barabasi_albert,20,iid,0.15,1.5,edge_bipolar,1,11-16,1.4999999999999998,13.499999999999998,6.0,0.9514603894338567,13.20249990416003,0.45445938599169655,4.8939524591700225,0.012,0.0100000000092475,1.0,0.9999992564392514,7.435607486394602e-07,13.499999999999998,13.518873250176961,0.01887325017696284
barabasi_albert,20,iid,0.15,1.5,high_frequency,1,lambda_max,1.5,29.70562478436006,13.202499904160028,0.9514603894338567,13.20249990416003,0.9999999999999999,4.8939524591700225,0.012,0.0100000000092475,1.0,0.9999999999790611,2.0938917266732915e-11,29.70562478436006,29.839354835016735,0.13373005065667343
barabasi_albert,20,iid,0.15,3.0,constant,1,all,2.9999999999999996,-7.447602459741818e-16,-8.275113844157578e-17,0.9514603894338567,13.20249990416003,-6.267838594378734e-18,4.8939524591700225,0.012,0.0100000000092475,0.0106,0.0100000000092475,0.0005999999907524995,-7.447602459741818e-16,-0.013437002307826074,-0.01343700230782533
barabasi_albert,20,iid,0.15,3.0,fiedler,1,fiedler,3.0000000000000004,8.563143504904701,0.9514603894338554,0.9514603894338567,13.20249990416003,0.07206668406292173,4.8939524591700225,0.012,0.0100000000092475,1.0,0.9999999999767877,2.3212320954257848e-11,8.563143504904701,8.572185612787035,0.009042107882333283
barabasi_albert,20,iid,0.15,3.0,cluster,1,4;0;2;3,3.0,42.75,4.75,0.9514603894338567,13.20249990416003,0.35978034724342645,4.8939524591700225,0.012,0.0100000000092475,1.0,1.0,0.0,42.75,42.64168414866897,-0.10831585133102806
barabasi_albert,20,iid,0.15,3.0,point,1,8,3.0,36.0,4.0,0.9514603894338567,13.20249990416003,0.3029729239944644,4.8939524591700225,0.012,0.0100000000092475,1.0,0.9999999999978489,2.1510571102112408e-12,36.0,35.988879611450905,-0.01112038854909514
barabasi_albert,20,iid,0.15,3.0,edge_bipolar,1,6-9,2.9999999999999996,67.49999999999999,7.5,0.9514603894338567,13.20249990416003,0.5680742324896207,4.8939524591700225,0.012,0.0100000000092475,1.0,1.0,0.0,67.49999999999999,67.46610559981146,-0.033894400188529517
barabasi_albert,20,iid,0.15,3.0,high_frequency,1,lambda_max,3.0,118.82249913744025,13.202499904160028,0.9514603894338567,13.20249990416003,0.9999999999999999,4.8939524591700225,0.012,0.0100000000092475,1.0,0.9999999999717426,2.8257396422759484e-11,118.82249913744025,118.8090390572418,-0.013460080198441915
barabasi_albert,20,iid,0.15,0.75,constant,2,all,0.7499999999999999,7.44760245974182e-17,1.3240182150652128e-16,1.6701650163124846,14.22449692822538,9.308014348387889e-18,4.942975648598246,0.0098,0.010000000002662324,0.008,0.010000000002662324,-0.0020000000026623235,7.44760245974182e-17,-0.010461152321825207,-0.010461152321825281
barabasi_albert,20,iid,0.15,0.75,fiedler,2,fiedler,0.7499999999999999,0.9394678216757728,1.6701650163124853,1.6701650163124846,14.22449692822538,0.11741469837139976,4.942975648598246,0.0098,0.010000000002662324,0.05,0.05230888472829254,-0.0023088847282925345,0.9394678216757728,0.9308497433508833,-0.008618078324889478
barabasi_albert,20,iid,0.15,0.75,cluster,2,3;0;6;7,0.75,3.234375,5.75,1.6701650163124846,14.22449692822538,0.4042322219909508,4.942975648598246,0.0098,0.010000000002662324,0.5902,0.585207106710999,0.004992893289000988,3.234375,3.250369153185359,0.015994153185359128
barabasi_albert,20,iid,0.15,0.75,point,2,16,0.75,1.6875,3.0,1.6701650163124846,14.22449692822538,0.2109037679952787,4.942975648598246,0.0098,0.010000000002662324,0.1852,0.19264003749988035,-0.007440037499880342,1.6875,1.6672879136995213,-0.02021208630047866
barabasi_albert,20,iid,0.15,0.75,edge_bipolar,2,11-12,0.7499999999999999,2.812499999999999,4.999999999999999,1.6701650163124846,14.22449692822538,0.35150627999213113,4.942975648598246,0.0098,0.010000000002662324,0.5148,0.5051842300711556,0.009615769928844387,2.812499999999999,2.8292066263088,0.01670662630880093
barabasi_albert,20,iid,0.15,0.75,high_frequency,2,lambda_max,0.7500000000000001,8.001279522126781,14.224496928225383,1.6701650163124846,14.22449692822538,1.0000000000000002,4.942975648598246,0.0098,0.010000000002662324,0.9666,0.9682998657007151,-0.0016998657007151197,8.001279522126781,8.060395057502536,0.059115535375754646
barabasi_albert,20,iid,0.15,1.5,constant,2,all,1.4999999999999998,2.979040983896728e-16,1.3240182150652128e-16,1.6701650163124846,14.22449692822538,9.308014348387889e-18,4.942975648598246,0.0098,0.010000000002662324,0.0106,0.010000000002662324,0.0005999999973376764,2.979040983896728e-16,0.009727701766232943,0.009727701766232645
barabasi_albert,20,iid,0.15,1.5,fiedler,2,fiedler,1.4999999999999998,3.7578712867030912,1.6701650163124853,1.6701650163124846,14.22449692822538,0.11741469837139976,4.942975648598246,0.0098,0.010000000002662324,0.8374,0.8352122534384342,0.00218774656156584,3.7578712867030912,3.7485121811233166,-0.009359105579774596
barabasi_albert,20,iid,0.15,1.5,cluster,2,11;0;1;6,1.5,12.9375,5.75,1.6701650163124846,14.22449692822538,0.4042322219909508,4.942975648598246,0.0098,0.010000000002662324,1.0,0.9999820321943075,1.7967805692520322e-05,12.9375,12.901125592974966,-0.03637440702503447
barabasi_albert,20,iid,0.15,1.5,point,2,12,1.5,6.75,3.0,1.6701650163124846,14.22449692822538,0.2109037679952787,4.942975648598246,0.0098,0.010000000002662324,0.9956,0.9967709433163082,-0.0011709433163081817,6.75,6.732712572262569,-0.01728742773743086
barabasi_albert,20,iid,0.15,1.5,edge_bipolar,2,0-2,1.4999999999999998,23.624999999999996,10.5,1.6701650163124846,14.22449692822538,0.7381631879834755,4.942975648598246,0.0098,0.010000000002662324,1.0,0.9999999985111876,1.4888124066914088e-09,23.624999999999996,23.41160522843862,-0.21339477156137576
barabasi_albert,20,iid,0.15,1.5,high_frequency,2,lambda_max,1.5000000000000002,32.005118088507125,14.224496928225383,1.6701650163124846,14.22449692822538,1.0000000000000002,4.942975648598246,0.0098,0.010000000002662324,1.0,0.9999999999892951,1.0704881425738222e-11,32.005118088507125,32.060645621552936,0.055527533045811595
barabasi_albert,20,iid,0.15,3.0,constant,2,all,2.9999999999999996,1.1916163935586913e-15,1.3240182150652128e-16,1.6701650163124846,14.22449692822538,9.308014348387889e-18,4.942975648598246,0.0098,0.010000000002662324,0.0108,0.010000000002662324,0.0007999999973376769,1.1916163935586913e-15,-0.001415868821378563,-0.0014158688213797546
barabasi_albert,20,iid,0.15,3.0,fiedler,2,fiedler,2.9999999999999996,15.031485146812365,1.6701650163124853,1.6701650163124846,14.22449692822538,0.11741469837139976,4.942975648598246,0.0098,0.010000000002662324,1.0,1.0,0.0,15.031485146812365,15.054966990321654,0.02348184350928939
barabasi_albert,20,iid,0.15,3.0,cluster,2,0;1;2;3,3.0,58.5,6.5,1.6701650163124846,14.22449692822538,0.4569581639897705,4.942975648598246,0.0098,0.010000000002662324,1.0,1.0,0.0,58.5,58.58744551425418,0.08744551425417768
barabasi_albert,20,iid,0.15,3.0,point,2,0,3.0,117.0,13.0,1.6701650163124846,14.22449692822538,0.913916327979541,4.942975648598246,0.0098,0.010000000002662324,1.0,0.9999999999821603,1.783972969349179e-11,117.0,117.3376071079987,0.3376071079987071
barabasi_albert,20,iid,0.15,3.0,edge_bipolar,2,0-16,2.9999999999999996,80.99999999999999,9.0,1.6701650163124846,14.22449692822538,0.6327113039858361,4.942975648598246,0.0098,0.010000000002662324,1.0,0.9999999999999998,2.220446049250313e-16,80.99999999999999,81.21451368894805,0.21451368894805967
barabasi_albert,20,iid,0.15,3.0,high_frequency,2,lambda_max,3.0000000000000004,128.0204723540285,14.224496928225383,1.6701650163124846,14.22449692822538,1.0000000000000002,4.942975648598246,0.0098,0.010000000002662324,1.0,0.9999999999994782,5.218048215738236e-13,128.0204723540285,128.1254426776742,0.10497032364568781
barabasi_albert,20,iid,0.15,0.75,constant,3,all,0.7499999999999999,2.792850922403182e-17,4.9650683064945465e-17,1.5862300406072896,17.042076543654648,2.913417442866264e-18,5.159635562004788,0.0098,0.009999999996749998,0.0088,0.009999999996749998,-0.001199999996749997,2.792850922403182e-17,-0.008619864918715248,-0.008619864918715275
barabasi_albert,20,iid,0.15,0.75,fiedler,3,fiedler,0.75,0.8922543978416017,1.5862300406072918,1.5862300406072896,17.042076543654648,0.09307727474078854,5.159635562004788,0.0098,0.009999999996749998,0.0358,0.040413113555304525,-0.004613113555304527,0.8922543978416017,0.8797270184487962,-0.01252737939280546
barabasi_albert,20,iid,0.15,0.75,cluster,3,15;10;2;5,0.75,1.828125,3.25,1.5862300406072896,17.042076543654648,0.1907044597338161,5.159635562004788,0.0098,0.009999999996749998,0.202,0.2078446597680273,-0.005844659768027283,1.828125,1.8035217112201227,-0.024603288779877275
barabasi_albert,20,iid,0.15,0.75,point,3,15,0.75,1.6875,3.0,1.5862300406072896,17.042076543654648,0.17603488590813796,5.159635562004788,0.0098,0.009999999996749998,0.1594,0.1576675230946522,0.0017324769053477795,1.6875,1.6966530851917283,0.009153085191728305
barabasi_albert,20,iid,0.15,0.75,edge_bipolar,3,4-19,0.7499999999999999,5.90625,10.500000000000002,1.5862300406072896,17.042076543654648,0.6161221006784829,5.159635562004788,0.0098,0.009999999996749998,0.8488,0.853270557364749,-0.004470557364748995,5.90625,5.879269954418795,-0.026980045581204593
barabasi_albert,20,iid,0.15,0.75,high_frequency,3,lambda_max,0.75,9.586168055805748,17.042076543654662,1.5862300406072896,17.042076543654648,1.0000000000000009,5.159635562004788,0.0098,0.009999999996749998,0.9812,0.977714380292335,0.003485619707664922,9.586168055805748,9.597825031701257,0.011656975895508737
barabasi_albert,20,iid,0.15,1.5,constant,3,all,1.4999999999999998,1.1171403689612728e-16,4.9650683064945465e-17,1.5862300406072896,17.042076543654648,2.913417442866264e-18,5.159635562004788,0.0098,0.009999999996749998,0.0092,0.009999999996749998,-0.0007999999967499977,1.1171403689612728e-16,0.00830730629887233,0.008307306298872219
barabasi_albert,20,iid,0.15,1.5,fiedler,3,fiedler,1.5,3.5690175913664066,1.5862300406072918,1.5862300406072896,17.042076543654648,0.09307727474078854,5.159635562004788,0.0098,0.009999999996749998,0.7086,0.712744268061073,-0.004144268061073042,3.5690175913664066,3.55158404985687,-0.0174335415095368
barabasi_albert,20,iid,0.15,1.5,cluster,3,0;1;2;3,1.5,10.6875,4.75,1.5862300406072896,17.042076543654648,0.2787219026878851,5.159635562004788,0.0098,0.009999999996749998,1.0,0.9996683904707402,0.00033160952925981313,10.6875,10.673272965419057,-0.014227034580942544
barabasi_albert,20,iid,0.15,1.5,point,3,7,1.5,13.5,6.0,1.5862300406072896,17.042076543654648,0.3520697718162759,5.159635562004788,0.0098,0.009999999996749998,1.0,0.9999968954104534,3.1045895465542372e-06,13.5,13.50660869103347,0.006608691033470393
barabasi_albert,20,iid,0.15,1.5,edge_bipolar,3,2-5,1.4999999999999998,17.999999999999996,8.0,1.5862300406072896,17.042076543654648,0.4694263624217012,5.159635562004788,0.0098,0.009999999996749998,1.0,0.999999960852046,3.914795398962667e-08,17.999999999999996,17.956497982872136,-0.04350201712786017
barabasi_albert,20,iid,0.15,1.5,high_frequency,3,lambda_max,1.5,38.34467222322299,17.042076543654662,1.5862300406072896,17.042076543654648,1.0000000000000009,5.159635562004788,0.0098,0.009999999996749998,1.0,0.9999999999970459,2.9540814239226165e-12,38.34467222322299,38.32865600704892,-0.016016216174072895
barabasi_albert,20,iid,0.15,3.0,constant,3,all,2.9999999999999996,4.468561475845091e-16,4.9650683064945465e-17,1.5862300406072896,17.042076543654648,2.913417442866264e-18,5.159635562004788,0.0098,0.009999999996749998,0.0112,0.009999999996749998,0.0012000000032500024,4.468561475845091e-16,0.0003374393451385238,0.00033743934513807695
barabasi_albert,20,iid,0.15,3.0,fiedler,3,fiedler,3.0,14.276070365465626,1.5862300406072918,1.5862300406072896,17.042076543654648,0.09307727474078854,5.159635562004788,0.0098,0.009999999996749998,1.0,0.9999999999984988,1.5012435738981367e-12,14.276070365465626,14.271582664284244,-0.00448770118138242
barabasi_albert,20,iid,0.15,3.0,cluster,3,0;1;2;3,3.0,42.75,4.75,1.5862300406072896,17.042076543654648,0.2787219026878851,5.159635562004788,0.0098,0.009999999996749998,1.0,1.0,0.0,42.75,42.68369475804858,-0.06630524195141874
barabasi_albert,20,iid,0.15,3.0,point,3,12,3.0,27.0,3.0,1.5862300406072896,17.042076543654648,0.17603488590813796,5.159635562004788,0.0098,0.009999999996749998,1.0,0.9999999999999998,2.220446049250313e-16,27.0,26.92940129045762,-0.07059870954238079
barabasi_albert,20,iid,0.15,3.0,edge_bipolar,3,2-19,2.9999999999999996,58.499999999999986,6.5,1.5862300406072896,17.042076543654648,0.3814089194676322,5.159635562004788,0.0098,0.009999999996749998,1.0,0.9999999999999998,2.220446049250313e-16,58.499999999999986,58.40010650311589,-0.09989349688409277
barabasi_albert,20,iid,0.15,3.0,high_frequency,3,lambda_max,3.0,153.37868889289197,17.042076543654662,1.5862300406072896,17.042076543654648,1.0000000000000009,5.159635562004788,0.0098,0.009999999996749998,1.0,1.0,0.0,153.37868889289197,153.13558562951454,-0.24310326337743504
barabasi_albert,20,iid,0.3,0.75,constant,0,all,0.7499999999999999,6.516652152274092e-17,1.158515938182061e-16,1.481031391764321,13.250633757480399,8.743098325603048e-18,19.418978572630177,0.0116,0.010000000008129173,0.0086,0.010000000008129173,-0.0014000000081291729,6.516652152274092e-17,-0.04550406126416995,-0.04550406126417001
barabasi_albert,20,iid,0.3,0.75,fiedler,0,fiedler,0.7500000000000001,0.8330801578674307,1.4810313917643207,1.481031391764321,13.250633757480399,0.11177060802304886,19.418978572630177,0.0116,0.010000000008129173,0.0158,0.014862785187551075,0.0009372148124489263,0.8330801578674307,0.8416666053013717,0.008586447433940991
barabasi_albert,20,iid,0.3,0.75,cluster,0,1;0;4;5,0.75,2.8125,5.0,1.481031391764321,13.250633757480399,0.3773404420884656,19.418978572630177,0.0116,0.010000000008129173,0.0696,0.06686742220430747,0.0027325777956925257,2.8125,2.8426857382257236,0.03018573822572357
barabasi_albert,20,iid,0.3,0.75,point,0,15,0.75,2.25,4.0,1.481031391764321,13.250633757480399,0.3018723536707725,19.418978572630177,0.0116,0.010000000008129173,0.0406,0.03873842056297366,0.0018615794370263339,2.25,2.174509699386496,-0.07549030061350415
barabasi_albert,20,iid,0.3,0.75,edge_bipolar,0,1-5,0.7499999999999999,3.656249999999999,6.5,1.481031391764321,13.250633757480399,0.4905425747150053,19.418978572630177,0.0116,0.010000000008129173,0.0886,0.08924735875766254,-0.0006473587576625445,3.656249999999999,3.606042917354044,-0.0502070826459553
barabasi_albert,20,iid,0.3,0.75,high_frequency,0,lambda_max,0.75,7.453481488582722,13.250633757480394,1.481031391764321,13.250633757480399,0.9999999999999996,19.418978572630177,0.0116,0.010000000008129173,0.2964,0.2979475117337125,-0.001547511733712481,7.453481488582722,7.371783931041099,-0.08169755754162278
barabasi_albert,20,iid,0.3,1.5,constant,0,all,1.4999999999999998,2.606660860909637e-16,1.158515938182061e-16,1.481031391764321,13.250633757480399,8.743098325603048e-18,19.418978572630177,0.0116,0.010000000008129173,0.0088,0.010000000008129173,-0.0012000000081291724,2.606660860909637e-16,0.02442437394901731,0.024424373949017048
barabasi_albert,20,iid,0.3,1.5,fiedler,0,fiedler,1.5000000000000002,3.332320631469723,1.4810313917643207,1.481031391764321,13.250633757480399,0.11177060802304886,19.418978572630177,0.0116,0.010000000008129173,0.0484,0.04618026935045527,0.0022197306495447267,3.332320631469723,3.381982516263788,0.04966188479406508
barabasi_albert,20,iid,0.3,1.5,cluster,0,8;1;2;4,1.5,14.0625,6.25,1.481031391764321,13.250633757480399,0.471675552610582,19.418978572630177,0.0116,0.010000000008129173,0.6722,0.6680491344894701,0.0041508655105299,14.0625,14.120253778491227,0.05775377849122698
barabasi_albert,20,iid,0.3,1.5,point,0,16,1.5,9.0,4.0,1.481031391764321,13.250633757480399,0.3018723536707725,19.418978572630177,0.0116,0.010000000008129173,0.3684,0.371251663823561,-0.0028516638235610015,9.0,8.909782550201003,-0.09021744979899715
barabasi_albert,20,iid,0.3,1.5,edge_bipolar,0,4-7,1.4999999999999998,19.124999999999996,8.5,1.481031391764321,13.250633757480399,0.6414787515503916,19.418978572630177,0.0116,0.010000000008129173,0.8222,0.8243014193544216,-0.002101419354421541,19.124999999999996,19.171835858680673,0.04683585868067652
barabasi_albert,20,iid,0.3,1.5,high_frequency,0,lambda_max,1.5,29.813925954330887,13.250633757480394,1.481031391764321,13.250633757480399,0.9999999999999996,19.418978572630177,0.0116,0.010000000008129173,0.966,0.9639935277408527,0.002006472259147296,29.813925954330887,29.742985380531053,-0.07094057379983454
barabasi_albert,20,iid,0.3,3.0,constant,0,all,2.9999999999999996,1.0426643443638547e-15,1.158515938182061e-16,1.481031391764321,13.250633757480399,8.743098325603048e-18,19.418978572630177,0.0116,0.010000000008129173,0.0062,0.010000000008129173,-0.003800000008129173,1.0426643443638547e-15,-0.05425264861964685,-0.05425264861964789
barabasi_albert,20,iid,0.3,3.0,fiedler,0,fiedler,3.0000000000000004,13.329282525878892,1.4810313917643207,1.481031391764321,13.250633757480399,0.11177060802304886,19.418978572630177,0.0116,0.010000000008129173,0.7506,0.7529827973387758,-0.0023827973387757773,13.329282525878892,13.337768554804173,0.008486028925281275
barabasi_albert,20,iid,0.3,3.0,cluster,0,9;1;4;6,3.0,42.75,4.75,1.481031391764321,13.250633757480399,0.3584734199840423,19.418978572630177,0.0116,0.010000000008129173,0.9998,0.9997935874897068,6.412510293207774e-06,42.75,42.67750071224025,-0.07249928775974723
barabasi_albert,20,iid,0.3,3.0,point,0,4,3.0,108.0,12.0,1.481031391764321,13.250633757480399,0.9056170610123174,19.418978572630177,0.0116,0.010000000008129173,1.0,0.9999999997829212,2.170787993804879e-10,108.0,108.25861963401027,0.2586196340102731
barabasi_albert,20,iid,0.3,3.0,edge_bipolar,0,8-18,2.9999999999999996,53.999999999999986,6.0,1.481031391764321,13.250633757480399,0.4528085305061587,19.418978572630177,0.0116,0.010000000008129173,1.0,0.9999989365136865,1.063486313457318e-06,53.999999999999986,54.15335323665405,0.15335323665406264
barabasi_albert,20,iid,0.3,3.0,high_frequency,0,lambda_max,3.0,119.25570381732355,13.250633757480394,1.481031391764321,13.250633757480399,0.9999999999999996,19.418978572630177,0.0116,0.010000000008129173,1.0,0.9999999999825304,1.7469581337081763e-11,119.25570381732355,119.62826542580105,0.372561608477497
barabasi_albert,20,iid,0.3,0.75,constant,1,all,0.7499999999999999,8.378552767209546e-17,1.489520491948364e-16,1.8128035624805363,11.422910698616725,1.3039763080076778e-17,19.07600944074408,0.0092,0.010000000044830593,0.0112,0.010000000044830593,0.0011999999551694073,8.378552767209546e-17,0.04001470817612862,0.04001470817612854
barabasi_albert,20,iid,0.3,0.75,fiedler,1,fiedler,0.75,1.0197020038953026,1.812803562480538,1.8128035624805363,11.422910698616725,0.15869891749219944,19.07600944074408,0.0092,0.010000000044830593,0.015,0.016975874905809263,-0.0019758749058092634,1.0197020038953026,1.0952287678571775,0.07552676396187485
barabasi_albert,20,iid,0.3,0.75,cluster,1,5;0;1;3,0.75,2.953125,5.25,1.8128035624805363,11.422910698616725,0.4596026475665048,19.07600944074408,0.0092,0.010000000044830593,0.0718,0.07036357935148913,0.0014364206485108777,2.953125,2.8698706041858024,-0.08325439581419758
barabasi_albert,20,iid,0.3,0.75,point,1,9,0.75,2.8125,5.0,1.8128035624805363,11.422910698616725,0.43771680720619505,19.07600944074408,0.0092,0.010000000044830593,0.062,0.06019066497054032,0.00180933502945968,2.8125,2.8299008181864878,0.017400818186487754
barabasi_albert,20,iid,0.3,0.75,edge_bipolar,1,4-12,0.7499999999999999,3.656249999999999,6.5,1.8128035624805363,11.422910698616725,0.5690318493680536,19.07600944074408,0.0092,0.010000000044830593,0.0922,0.0947801473512136,-0.002580147351213591,3.656249999999999,3.573751806197441,-0.08249819380255818
barabasi_albert,20,iid,0.3,0.75,high_frequency,1,lambda_max,0.7500000000000001,6.425387267971911,11.422910698616727,1.8128035624805363,11.422910698616725,1.0000000000000002,19.07600944074408,0.0092,0.010000000044830593,0.264,0.2534268791489328,0.010573120851067208,6.425387267971911,6.625992436529847,0.20060516855793598
barabasi_albert,20,iid,0.3,1.5,constant,1,all,1.4999999999999998,3.3514211068838184e-16,1.489520491948364e-16,1.8128035624805363,11.422910698616725,1.3039763080076778e-17,19.07600944074408,0.0092,0.010000000044830593,0.0104,0.010000000044830593,0.00039999995516940695,3.3514211068838184e-16,-0.032869111422099806,-0.03286911142210014
barabasi_albert,20,iid,0.3,1.5,fiedler,1,fiedler,1.5,4.0788080155812105,1.812803562480538,1.8128035624805363,11.422910698616725,0.15869891749219944,19.07600944074408,0.0092,0.010000000044830593,0.0754,0.07197187885742812,0.003428121142571877,4.0788080155812105,4.025760259992072,-0.05304775558913821
barabasi_albert,20,iid,0.3,1.5,cluster,1,9;0;1;2,1.5,11.25,5.0,1.8128035624805363,11.422910698616725,0.43771680720619505,19.07600944074408,0.0092,0.010000000044830593,0.5386,0.5451711243124098,-0.006571124312409804,11.25,11.30608005349332,0.05608005349331968
barabasi_albert,20,iid,0.3,1.5,point,1,6,1.5,11.25,5.0,1.8128035624805363,11.422910698616725,0.43771680720619505,19.07600944074408,0.0092,0.010000000044830593,0.5582,0.554483333747351,0.0037166662526489924,11.25,11.315367664752182,0.06536766475218236
barabasi_albert,20,iid,0.3,1.5,edge_bipolar,1,5-11,1.4999999999999998,13.499999999999996,6.0,1.8128035624805363,11.422910698616725,0.5252601686474341,19.07600944074408,0.0092,0.010000000044830593,0.6784,0.6777983212869927,0.0006016787130073142,13.499999999999996,13.468947903567463,-0.031052096432533816
barabasi_albert,20,iid,0.3,1.5,high_frequency,1,lambda_max,1.5000000000000002,25.701549071887644,11.422910698616727,1.8128035624805363,11.422910698616725,1.0000000000000002,19.07600944074408,0.0092,0.010000000044830593,0.947,0.9476675106225068,-0.0006675106225068062,25.701549071887644,25.40113839919043,-0.30041067269721466
barabasi_albert,20,iid,0.3,3.0,constant,1,all,2.9999999999999996,1.3405684427535274e-15,1.489520491948364e-16,1.8128035624805363,11.422910698616725,1.3039763080076778e-17,19.07600944074408,0.0092,0.010000000044830593,0.0092,0.010000000044830593,-0.0008000000448305927,1.3405684427535274e-15,0.05924429044447166,0.05924429044447032
barabasi_albert,20,iid,0.3,3.0,fiedler,1,fiedler,3.0,16.315232062324842,1.812803562480538,1.8128035624805363,11.422910698616725,0.15869891749219944,19.07600944074408,0.0092,0.010000000044830593,0.9268,0.9272450152452736,-0.0004450152452736278,16.315232062324842,16.419852838144863,0.10462077582002038
barabasi_albert,20,iid,0.3,3.0,cluster,1,13;0;1;8,3.0,40.5,4.5,1.8128035624805363,11.422910698616725,0.39394512648557556,19.07600944074408,0.0092,0.010000000044830593,0.9998,0.9998480483041786,-4.804830417859396e-05,40.5,40.42474205029971,-0.07525794970028699
barabasi_albert,20,iid,0.3,3.0,point,1,12,3.0,45.0,5.0,1.8128035624805363,11.422910698616725,0.43771680720619505,19.07600944074408,0.0092,0.010000000044830593,1.0,0.9999928526703257,7.1473296743285175e-06,45.0,45.11807330090499,0.1180733009049888
barabasi_albert,20,iid,0.3,3.0,edge_bipolar,1,17-18,2.9999999999999996,40.49999999999999,4.5,1.8128035624805363,11.422910698616725,0.39394512648557556,19.07600944074408,0.0092,0.010000000044830593,1.0,0.9999858427203989,1.4157279601079154e-05,40.49999999999999,40.761635698784374,0.26163569878438153
barabasi_albert,20,iid,0.3,3.0,high_frequency,1,lambda_max,3.0000000000000004,102.80619628755058,11.422910698616727,1.8128035624805363,11.422910698616725,1.0000000000000002,19.07600944074408,0.0092,0.010000000044830593,1.0,0.999999999928989,7.101097487804964e-11,102.80619628755058,102.49250760367518,-0.31368868387539806
barabasi_albert,20,iid,0.3,0.75,constant,2,all,0.7499999999999999,9.309503074677277e-18,1.6550227688315163e-17,1.405551219746647,13.240188555391137,1.2499993953315902e-18,19.89494581580675,0.0106,0.010000000002898746,0.0104,0.010000000002898746,0.00039999999710125383,9.309503074677277e-18,0.002289453459862756,0.0022894534598627467
barabasi_albert,20,iid,0.3,0.75,fiedler,2,fiedler,0.7499999999999999,0.790622561107489,1.4055512197466473,1.405551219746647,13.240188555391137,0.1061579458529943,19.89494581580675,0.0106,0.010000000002898746,0.0154,0.014190451610404164,0.001209548389595836,0.790622561107489,0.7655926743165065,-0.025029886790982503
barabasi_albert,20,iid,0.3,0.75,cluster,2,2;0;4;1,0.75,2.53125,4.5,1.405551219746647,13.240188555391137,0.339874313811618,19.89494581580675,0.0106,0.010000000002898746,0.0576,0.057776638093624155,-0.00017663809362415683,2.53125,2.5124917823589517,-0.018758217641048347
barabasi_albert,20,iid,0.3,0.75,point,2,15,0.75,2.25,4.0,1.405551219746647,13.240188555391137,0.3021105011658826,19.89494581580675,0.0106,0.010000000002898746,0.0344,0.0356609366429238,-0.0012609366429238017,2.25,2.216311980420592,-0.033688019579408035
barabasi_albert,20,iid,0.3,0.75,edge_bipolar,2,3-6,0.7499999999999999,3.937499999999999,7.0,1.405551219746647,13.240188555391137,0.5286933770402946,19.89494581580675,0.0106,0.010000000002898746,0.0918,0.09431562373695102,-0.0025156237369510087,3.937499999999999,4.010698614113966,0.07319861411396733
barabasi_albert,20,iid,0.3,0.75,high_frequency,2,lambda_max,0.7499999999999999,7.447606062407517,13.240188555391144,1.405551219746647,13.240188555391137,1.0000000000000004,19.89494581580675,0.0106,0.010000000002898746,0.2742,0.278241753711993,-0.004041753711993001,7.447606062407517,7.398475334844607,-0.04913072756291026
barabasi_albert,20,iid,0.3,1.5,constant,2,all,1.4999999999999998,3.723801229870911e-17,1.6550227688315163e-17,1.405551219746647,13.240188555391137,1.2499993953315902e-18,19.89494581580675,0.0106,0.010000000002898746,0.0108,0.010000000002898746,0.0007999999971012549,3.723801229870911e-17,0.0024473439295338295,0.002447343929533792
barabasi_albert,20,iid,0.3,1.5,fiedler,2,fiedler,1.4999999999999998,3.162490244429956,1.4055512197466473,1.405551219746647,13.240188555391137,0.1061579458529943,19.89494581580675,0.0106,0.010000000002898746,0.0428,0.03910046416715279,0.0036995358328472047,3.162490244429956,3.264812995883423,0.10232275145346703
barabasi_albert,20,iid,0.3,1.5,cluster,2,2;0;4;1,1.5,10.125,4.5,1.405551219746647,13.240188555391137,0.339874313811618,19.89494581580675,0.0106,0.010000000002898746,0.4182,0.4127834172358029,0.005416582764197098,10.125,10.25288414706417,0.1278841470641705
barabasi_albert,20,iid,0.3,1.5,point,2,11,1.5,9.0,4.0,1.405551219746647,13.240188555391137,0.3021105011658826,19.89494581580675,0.0106,0.010000000002898746,0.3468,0.34052407325931133,0.006275926740688664,9.0,9.12192875851382,0.12192875851381935
barabasi_albert,20,iid,0.3,1.5,edge_bipolar,2,16-19,1.4999999999999998,10.124999999999998,4.5,1.405551219746647,13.240188555391137,0.339874313811618,19.89494581580675,0.0106,0.010000000002898746,0.4268,0.4210918644514794,0.005708135548520621,10.124999999999998,10.15120369771129,0.02620369771129205
barabasi_albert,20,iid,0.3,1.5,high_frequency,2,lambda_max,1.4999999999999998,29.790424249630068,13.240188555391144,1.405551219746647,13.240188555391137,1.0000000000000004,19.89494581580675,0.0106,0.010000000002898746,0.9576,0.9585601624935107,-0.0009601624935107189,29.790424249630068,29.670671126450628,-0.11975312317943931
barabasi_albert,20,iid,0.3,3.0,constant,2,all,2.9999999999999996,1.4895204919483643e-16,1.6550227688315163e-17,1.405551219746647,13.240188555391137,1.2499993953315902e-18,19.89494581580675,0.0106,0.010000000002898746,0.0116,0.010000000002898746,0.0015999999971012535,1.4895204919483643e-16,0.024917545706932387,0.024917545706932238
barabasi_albert,20,iid,0.3,3.0,fiedler,2,fiedler,2.9999999999999996,12.649960977719823,1.4055512197466473,1.405551219746647,13.240188555391137,0.1061579458529943,19.89494581580675,0.0106,0.010000000002898746,0.649,0.6481833876039732,0.0008166123960268168,12.649960977719823,12.625012075788456,-0.024948901931367118
barabasi_albert,20,iid,0.3,3.0,cluster,2,11;4;6;7,3.0,38.25,4.25,1.405551219746647,13.240188555391137,0.3209924074887503,19.89494581580675,0.0106,0.010000000002898746,0.9998,0.9995263873900314,0.0002736126099686098,38.25,38.048446426348455,-0.20155357365154458
barabasi_albert,20,iid,0.3,3.0,point,2,10,3.0,36.0,4.0,1.405551219746647,13.240188555391137,0.3021105011658826,19.89494581580675,0.0106,0.010000000002898746,0.9996,0.9998233350077778,-0.0002233350077777141,36.0,35.93531615259872,-0.06468384740127675
barabasi_albert,20,iid,0.3,3.0,edge_bipolar,2,6-13,2.9999999999999996,58.499999999999986,6.5,1.405551219746647,13.240188555391137,0.49092956439455926,19.89494581580675,0.0106,0.010000000002898746,1.0,0.9999991575127181,8.424872819379203e-07,58.499999999999986,58.25147598798326,-0.24852401201672336
barabasi_albert,20,iid,0.3,3.0,high_frequency,2,lambda_max,2.9999999999999996,119.16169699852027,13.240188555391144,1.405551219746647,13.240188555391137,1.0000000000000004,19.89494581580675,0.0106,0.010000000002898746,1.0,0.9999999999729575,2.7042479366912175e-11,119.16169699852027,119.1375379994207,-0.0241589990995692
barabasi_albert,20,iid,0.3,0.75,constant,3,all,0.7499999999999999,1.861900614935455e-17,3.310045537663032e-17,1.7542085011615078,13.281959597571193,2.4921364301306292e-18,19.766001730088924,0.0094,0.01000000000474166,0.007,0.01000000000474166,-0.0030000000047416603,1.861900614935455e-17,-0.041534863464519844,-0.041534863464519865
barabasi_albert,20,iid,0.3,0.75,fiedler,3,fiedler,0.75,0.9867422819033475,1.7542085011615065,1.7542085011615078,13.281959597571193,0.13207452471714265,19.766001730088924,0.0094,0.01000000000474166,0.0146,0.015784345956537216,-0.0011843459565372156,0.9867422819033475,1.0032508981104442,0.01650861620709676
barabasi_albert,20,iid,0.3,0.75,cluster,3,0;1;2;3,0.75,2.953125,5.25,1.7542085011615078,13.281959597571193,0.39527299879454847,19.766001730088924,0.0094,0.01000000000474166,0.0688,0.06431133357745777,0.004488666422542226,2.953125,2.998759620835786,0.045634620835786066
barabasi_albert,20,iid,0.3,0.75,point,3,3,0.75,2.8125,5.0,1.7542085011615078,13.281959597571193,0.3764504750424271,19.766001730088924,0.0094,0.01000000000474166,0.0532,0.05180601537294821,0.0013939846270517864,2.8125,2.820070996590756,0.007570996590755996
barabasi_albert,20,iid,0.3,0.75,edge_bipolar,3,4-18,0.7499999999999999,4.781249999999999,8.5,1.7542085011615078,13.281959597571193,0.6399658075721262,19.766001730088924,0.0094,0.01000000000474166,0.1388,0.147003364954988,-0.008203364954987996,4.781249999999999,4.635634224545054,-0.14561577545494497
barabasi_albert,20,iid,0.3,0.75,high_frequency,3,lambda_max,0.7500000000000001,7.471102273633797,13.28195959757119,1.7542085011615078,13.281959597571193,0.9999999999999998,19.766001730088924,0.0094,0.01000000000474166,0.2852,0.2847042623807222,0.0004957376192777918,7.471102273633797,7.388642666796237,-0.08245960683755982
barabasi_albert,20,iid,0.3,1.5,constant,3,all,1.4999999999999998,7.44760245974182e-17,3.310045537663032e-17,1.7542085011615078,13.281959597571193,2.4921364301306292e-18,19.766001730088924,0.0094,0.01000000000474166,0.009,0.01000000000474166,-0.001000000004741661,7.44760245974182e-17,-0.02982056898880181,-0.029820568988801883
barabasi_albert,20,iid,0.3,1.5,fiedler,3,fiedler,1.5,3.94696912761339,1.7542085011615065,1.7542085011615078,13.281959597571193,0.13207452471714265,19.766001730088924,0.0094,0.01000000000474166,0.0602,0.0573988121771522,0.0028011878228477935,3.94696912761339,4.00309639050017,0.05612726288678038
barabasi_albert,20,iid,0.3,1.5,cluster,3,13;0;1;12,1.5,9.0,4.0,1.7542085011615078,13.281959597571193,0.3011603800339417,19.766001730088924,0.0094,0.01000000000474166,0.3426,0.3541720001422749,-0.011572000142274885,9.0,8.808366510080141,-0.19163348991985885
barabasi_albert,20,iid,0.3,1.5,point,3,9,1.5,15.75,7.0,1.7542085011615078,13.281959597571193,0.527030665059398,19.766001730088924,0.0094,0.01000000000474166,0.7356,0.7359759817811664,-0.00037598178116637904,15.75,15.851813786650279,0.10181378665027907
barabasi_albert,20,iid,0.3,1.5,edge_bipolar,3,0-5,1.4999999999999998,22.499999999999993,9.999999999999998,1.7542085011615078,13.281959597571193,0.7529009500848541,19.766001730088924,0.0094,0.01000000000474166,0.8936,0.8966716625113875,-0.003071662511387574,22.499999999999993,22.57694753933497,0.07694753933497722
barabasi_albert,20,iid,0.3,1.5,high_frequency,3,lambda_max,1.5000000000000002,29.884409094535187,13.28195959757119,1.7542085011615078,13.281959597571193,0.9999999999999998,19.766001730088924,0.0094,0.01000000000474166,0.9586,0.9604405158372464,-0.0018405158372464259,29.884409094535187,30.094450360980616,0.21004126644542964
barabasi_albert,20,iid,0.3,3.0,constant,3,all,2.9999999999999996,2.979040983896728e-16,3.310045537663032e-17,1.7542085011615078,13.281959597571193,2.4921364301306292e-18,19.766001730088924,0.0094,0.01000000000474166,0.0088,0.01000000000474166,-0.0012000000047416599,2.979040983896728e-16,-0.026815353170526635,-0.026815353170526933
barabasi_albert,20,iid,0.3,3.0,fiedler,3,fiedler,3.0,15.78787651045356,1.7542085011615065,1.7542085011615078,13.281959597571193,0.13207452471714265,19.766001730088924,0.0094,0.01000000000474166,0.8702,0.8729375073181178,-0.0027375073181178378,15.78787651045356,15.801648003557204,0.013771493103645227
barabasi_albert,20,iid,0.3,3.0,cluster,3,7;0;4;5,3.0,56.25,6.25,1.7542085011615078,13.281959597571193,0.4705630938030339,19.766001730088924,0.0094,0.01000000000474166,1.0,0.9999931143728722,6.88562712780616e-06,56.25,55.933297728074386,-0.31670227192561384
barabasi_albert,20,iid,0.3,3.0,point,3,10,3.0,36.0,4.0,1.7542085011615078,13.281959597571193,0.3011603800339417,19.766001730088924,0.0094,0.01000000000474166,0.9998,0.9998443262089349,-4.432620893490835e-05,36.0,35.776674502318315,-0.2233254976816852
barabasi_albert,20,iid,0.3,3.0,edge_bipolar,3,11-15,2.9999999999999996,44.999999999999986,4.999999999999999,1.7542085011615078,13.281959597571193,0.37645047504242707,19.766001730088924,0.0094,0.01000000000474166,1.0,0.9999913633264882,8.63667351180819e-06,44.999999999999986,44.73186240203049,-0.2681375979694991
barabasi_albert,20,iid,0.3,3.0,high_frequency,3,lambda_max,3.0000000000000004,119.53763637814075,13.28195959757119,1.7542085011615078,13.281959597571193,0.9999999999999998,19.766001730088924,0.0094,0.01000000000474166,1.0,0.99999999997668,2.3320012587646488e-11,119.53763637814075,119.1926369239267,-0.3449994542140473
barabasi_albert,20,correlated,0.15,0.75,constant,0,all,0.7499999999999999,1.8619006149354545e-17,3.310045537663031e-17,1.344796950798777,11.398801533910516,2.9038539953660147e-18,3.6293518575200103,0.009,0.010000000030560063,0.0074,0.010000000030560063,-0.002600000030560063,1.8619006149354545e-17,0.0013127268331476483,0.0013127268331476296
barabasi_albert,20,correlated,0.15,0.75,fiedler,0,fiedler,0.7500000000000001,0.7564482848243136,1.3447969507987791,1.344796950798777,11.398801533910516,0.11797704756926564,3.6293518575200103,0.009,0.010000000030560063,0.0882,0.08579566612969364,0.0024043338703063633,0.7564482848243136,0.7634323586618932,0.006984073837579596
barabasi_albert,20,correlated,0.15,0.75,cluster,0,5;0;3;4,0.75,2.8125,5.0,1.344796950798777,11.398801533910516,0.43864260511295006,3.6293518575200103,0.009,0.010000000030560063,0.7532,0.7439854696492604,0.009214530350739603,2.8125,2.8398957961353153,0.027395796135315287
barabasi_albert,20,correlated,0.15,0.75,point,0,15,0.75,2.25,4.0,1.344796950798777,11.398801533910516,0.35091408409036007,3.6293518575200103,0.009,0.010000000030560063,0.6354,0.6349899458055649,0.0004100541944350722,2.25,2.237545077566897,-0.0124549224331032
barabasi_albert,20,correlated,0.15,0.75,edge_bipolar,0,5-19,0.7499999999999999,3.0937499999999996,5.5,1.344796950798777,11.398801533910516,0.48250686562424505,3.6293518575200103,0.009,0.010000000030560063,0.8464,0.8465103436486376,-0.00011034364863760082,3.0937499999999996,3.096017784078054,0.00226778407805428
barabasi_albert,20,correlated,0.15,0.75,high_frequency,0,lambda_max,0.7500000000000001,6.411825862824666,11.398801533910513,1.344796950798777,11.398801533910516,0.9999999999999997,3.6293518575200103,0.009,0.010000000030560063,0.991,0.9931791439154356,-0.0021791439154356107,6.411825862824666,6.4278267332193835,0.016000870394717204
barabasi_albert,20,correlated,0.15,1.5,constant,0,all,1.4999999999999998,7.447602459741818e-17,3.310045537663031e-17,1.344796950798777,11.398801533910516,2.9038539953660147e-18,3.6293518575200103,0.009,0.010000000030560063,0.011,0.010000000030560063,0.000999999969439936,7.447602459741818e-17,0.014802680330082474,0.0148026803300824
barabasi_albert,20,correlated,0.15,1.5,fiedler,0,fiedler,1.5000000000000002,3.0257931392972544,1.3447969507987791,1.344796950798777,11.398801533910516,0.11797704756926564,3.6293518575200103,0.009,0.010000000030560063,0.8846,0.8876746332168026,-0.003074633216802569,3.0257931392972544,3.0085329460367287,-0.017260193260525636
barabasi_albert,20,correlated,0.15,1.5,cluster,0,16;1;11;4,1.5,7.875,3.5,1.344796950798777,11.398801533910516,0.307049823579065,3.6293518575200103,0.009,0.010000000030560063,1.0,0.9999038094218685,9.619057813148313e-05,7.875,7.875239177183573,0.00023917718357324702
barabasi_albert,20,correlated,0.15,1.5,point,0,14,1.5,9.0,4.0,1.344796950798777,11.398801533910516,0.35091408409036007,3.6293518575200103,0.009,0.010000000030560063,1.0,0.9999998818189497,1.1818105027927572e-07,9.0,8.98500360197971,-0.014996398020290513
barabasi_albert,20,correlated,0.15,1.5,edge_bipolar,0,0-8,1.4999999999999998,16.874999999999996,7.5,1.344796950798777,11.398801533910516,0.657963907669425,3.6293518575200103,0.009,0.010000000030560063,1.0,0.9999999999882181,1.1781908781927086e-11,16.874999999999996,16.87658798348256,0.0015879834825618389
barabasi_albert,20,correlated,0.15,1.5,high_frequency,0,lambda_max,1.5000000000000002,25.647303451298665,11.398801533910513,1.344796950798777,11.398801533910516,0.9999999999999997,3.6293518575200103,0.009,0.010000000030560063,1.0,0.9999999999999982,1.7763568394002505e-15,25.647303451298665,25.741550880822356,0.09424742952369058
barabasi_albert,20,correlated,0.15,3.0,constant,0,all,2.9999999999999996,2.979040983896727e-16,3.310045537663031e-17,1.344796950798777,11.398801533910516,2.9038539953660147e-18,3.6293518575200103,0.009,0.010000000030560063,0.009,0.010000000030560063,-0.001000000030560064,2.979040983896727e-16,-0.004502883480634878,-0.004502883480635176
barabasi_albert,20,correlated,0.15,3.0,fiedler,0,fiedler,3.0000000000000004,12.103172557189017,1.3447969507987791,1.344796950798777,11.398801533910516,0.11797704756926564,3.6293518575200103,0.009,0.010000000030560063,1.0,1.0,0.0,12.103172557189017,12.115623977299832,0.012451420110814126
barabasi_albert,20,correlated,0.15,3.0,cluster,0,1;0;4;7,3.0,49.5,5.5,1.344796950798777,11.398801533910516,0.48250686562424505,3.6293518575200103,0.009,0.010000000030560063,1.0,0.9999999999999996,4.440892098500626e-16,49.5,49.54365959382496,0.04365959382496243
barabasi_albert,20,correlated,0.15,3.0,point,0,1,3.0,63.0,7.0,1.344796950798777,11.398801533910516,0.61409964715813,3.6293518575200103,0.009,0.010000000030560063,1.0,1.0,0.0,63.0,62.95831431387281,-0.04168568612718815
barabasi_albert,20,correlated,0.15,3.0,edge_bipolar,0,14-17,2.9999999999999996,40.49999999999999,4.5,1.344796950798777,11.398801533910516,0.39477834460165506,3.6293518575200103,0.009,0.010000000030560063,1.0,1.0,0.0,40.49999999999999,40.53089830169922,0.030898301699224362
barabasi_albert,20,correlated,0.15,3.0,high_frequency,0,lambda_max,3.0000000000000004,102.58921380519466,11.398801533910513,1.344796950798777,11.398801533910516,0.9999999999999997,3.6293518575200103,0.009,0.010000000030560063,1.0,0.9999999999999996,4.440892098500626e-16,102.58921380519466,102.5696478064788,-0.019565998715862065
barabasi_albert,20,correlated,0.15,0.75,constant,1,all,0.7499999999999999,8.844027920943412e-17,1.5722716303899403e-16,1.4351785375538855,11.59286548491023,1.3562407261918774e-17,3.7378238164491373,0.0104,0.01000000002978596,0.0106,0.01000000002978596,0.0005999999702140397,8.844027920943412e-17,0.014708806057782242,0.014708806057782154
barabasi_albert,20,correlated,0.15,0.75,fiedler,1,fiedler,0.75,0.8072879273740599,1.4351785375538841,1.4351785375538855,11.59286548491023,0.1237984292513334,3.7378238164491373,0.0104,0.01000000002978596,0.0824,0.08651724538353367,-0.004117245383533669,0.8072879273740599,0.8019101738186827,-0.005377753555377174
barabasi_albert,20,correlated,0.15,0.75,cluster,1,19;18;4;5,0.75,1.546875,2.75,1.4351785375538855,11.59286548491023,0.23721486319146182,3.7378238164491373,0.0104,0.01000000002978596,0.3276,0.3313859591508461,-0.0037859591508461188,1.546875,1.529071473917958,-0.017803526082041943
barabasi_albert,20,correlated,0.15,0.75,point,1,4,0.75,3.9375,7.0,1.4351785375538855,11.59286548491023,0.6038196517600846,3.7378238164491373,0.0104,0.01000000002978596,0.9138,0.9130637019739306,0.0007362980260693375,3.9375,3.9246115997308966,-0.012888400269103428
barabasi_albert,20,correlated,0.15,0.75,edge_bipolar,1,0-3,0.7499999999999999,5.062499999999999,9.0,1.4351785375538855,11.59286548491023,0.7763395522629659,3.7378238164491373,0.0104,0.01000000002978596,0.968,0.9673751105393376,0.0006248894606624145,5.062499999999999,5.076633754845227,0.014133754845228275
barabasi_albert,20,correlated,0.15,0.75,high_frequency,1,lambda_max,0.7499999999999999,6.520986835262005,11.592865484910234,1.4351785375538855,11.59286548491023,1.0000000000000002,3.7378238164491373,0.0104,0.01000000002978596,0.9946,0.9925999194278159,0.0020000805721841486,6.520986835262005,6.532480697495015,0.011493862233010077
barabasi_albert,20,correlated,0.15,1.5,constant,1,all,1.4999999999999998,3.537611168377365e-16,1.5722716303899403e-16,1.4351785375538855,11.59286548491023,1.3562407261918774e-17,3.7378238164491373,0.0104,0.01000000002978596,0.0074,0.01000000002978596,-0.00260000002978596,3.537611168377365e-16,-0.006312355037827011,-0.006312355037827365
barabasi_albert,20,correlated,0.15,1.5,fiedler,1,fiedler,1.5,3.2291517094962394,1.4351785375538841,1.4351785375538855,11.59286548491023,0.1237984292513334,3.7378238164491373,0.0104,0.01000000002978596,0.9044,0.9046878631273427,-0.00028786312734274677,3.2291517094962394,3.223904502552144,-0.005247206944095417
barabasi_albert,20,correlated,0.15,1.5,cluster,1,15;10;3;7,1.5,10.6875,4.75,1.4351785375538855,11.59286548491023,0.40973476369434314,3.7378238164491373,0.0104,0.01000000002978596,1.0,0.9999974903889748,2.509611025214298e-06,10.6875,10.662436471347014,-0.025063528652985667
barabasi_albert,20,correlated,0.15,1.5,point,1,10,1.5,9.0,4.0,1.4351785375538855,11.59286548491023,0.34503980100576265,3.7378238164491373,0.0104,0.01000000002978596,1.0,0.9999995746950903,4.253049097346917e-07,9.0,9.022361174186683,0.02236117418668293
barabasi_albert,20,correlated,0.15,1.5,edge_bipolar,1,7-11,1.4999999999999998,15.749999999999996,7.0,1.4351785375538855,11.59286548491023,0.6038196517600846,3.7378238164491373,0.0104,0.01000000002978596,1.0,0.9999999999616407,3.8359315723823784e-11,15.749999999999996,15.756799843979852,0.00679984397985578
barabasi_albert,20,correlated,0.15,1.5,high_frequency,1,lambda_max,1.4999999999999998,26.08394734104802,11.592865484910234,1.4351785375538855,11.59286548491023,1.0000000000000002,3.7378238164491373,0.0104,0.01000000002978596,1.0,1.0,0.0,26.08394734104802,26.008547311488392,-0.07540002955962777
barabasi_albert,20,correlated,0.15,3.0,constant,1,all,2.9999999999999996,1.415044467350946e-15,1.5722716303899403e-16,1.4351785375538855,11.59286548491023,1.3562407261918774e-17,3.7378238164491373,0.0104,0.01000000002978596,0.0088,0.01000000002978596,-0.0012000000297859598,1.415044467350946e-15,-0.01101532745065481,-0.011015327450656226
barabasi_albert,20,correlated,0.15,3.0,fiedler,1,fiedler,3.0,12.916606837984958,1.4351785375538841,1.4351785375538855,11.59286548491023,0.1237984292513334,3.7378238164491373,0.0104,0.01000000002978596,1.0,1.0,0.0,12.916606837984958,12.941076884817598,0.02447004683263998
barabasi_albert,20,correlated,0.15,3.0,cluster,1,9;1;3;7,3.0,47.25,5.25,1.4351785375538855,11.59286548491023,0.45286473882006345,3.7378238164491373,0.0104,0.01000000002978596,1.0,1.0,0.0,47.25,47.23181401476066,-0.018185985239341562
barabasi_albert,20,correlated,0.15,3.0,point,1,19,3.0,27.0,3.0,1.4351785375538855,11.59286548491023,0.25877985075432197,3.7378238164491373,0.0104,0.01000000002978596,1.0,1.0,0.0,27.0,27.01368145698313,0.013681456983128726
barabasi_albert,20,correlated,0.15,3.0,edge_bipolar,1,7-16,2.9999999999999996,62.999999999999986,7.0,1.4351785375538855,11.59286548491023,0.6038196517600846,3.7378238164491373,0.0104,0.01000000002978596,1.0,1.0,0.0,62.999999999999986,63.04998999657998,0.04998999657999548
barabasi_albert,20,correlated,0.15,3.0,high_frequency,1,lambda_max,2.9999999999999996,104.33578936419208,11.592865484910234,1.4351785375538855,11.59286548491023,1.0000000000000002,3.7378238164491373,0.0104,0.01000000002978596,1.0,0.9999999999999998,2.220446049250313e-16,104.33578936419208,104.05949792320288,-0.27629144098919767
barabasi_albert,20,correlated,0.15,0.75,constant,2,all,0.7499999999999999,5.1202266910725006e-17,9.102625228573337e-17,0.9167597833379643,12.325940751165344,7.384933460525306e-18,3.8499064162611956,0.0082,0.010000000028434375,0.0106,0.010000000028434375,0.0005999999715656252,5.1202266910725006e-17,0.010405999588782855,0.010405999588782803
barabasi_albert,20,correlated,0.15,0.75,fiedler,2,fiedler,0.75,0.515677378127605,0.9167597833379644,0.9167597833379643,12.325940751165344,0.07437645546456892,3.8499064162611956,0.0082,0.010000000028434375,0.0362,0.03421758013938614,0.001982419860613864,0.515677378127605,0.5099954698911078,-0.0056819082364971685
barabasi_albert,20,correlated,0.15,0.75,cluster,2,9;4;5;7,0.75,2.8125,5.0,0.9167597833379643,12.325940751165344,0.40564855056010873,3.8499064162611956,0.0082,0.010000000028434375,0.676,0.6811976407018915,-0.005197640701891437,2.8125,2.815967558524623,0.0034675585246231044
barabasi_albert,20,correlated,0.15,0.75,point,2,2,0.75,4.5,8.0,0.9167597833379643,12.325940751165344,0.649037680896174,3.8499064162611956,0.0082,0.010000000028434375,0.935,0.9348765093865115,0.00012349061348859713,4.5,4.525114321392957,0.025114321392956995
barabasi_albert,20,correlated,0.15,0.75,edge_bipolar,2,6-10,0.7499999999999999,3.3749999999999996,6.0,0.9167597833379643,12.325940751165344,0.4867782606721305,3.8499064162611956,0.0082,0.010000000028434375,0.85,0.8493248410446731,0.0006751589553268822,3.3749999999999996,3.379298658050151,0.004298658050151616
barabasi_albert,20,correlated,0.15,0.75,high_frequency,2,lambda_max,0.7500000000000001,6.933341672530509,12.325940751165344,0.9167597833379643,12.325940751165344,1.0,3.8499064162611956,0.0082,0.010000000028434375,0.9918,0.991703844888532,9.615511146798816e-05,6.933341672530509,6.98983304857706,0.056491376046550634
barabasi_albert,20,correlated,0.15,1.5,constant,2,all,1.4999999999999998,2.0480906764290002e-16,9.102625228573337e-17,0.9167597833379643,12.325940751165344,7.384933460525306e-18,3.8499064162611956,0.0082,0.010000000028434375,0.0084,0.010000000028434375,-0.0016000000284343754,2.0480906764290002e-16,-0.0031010793831149908,-0.0031010793831151955
barabasi_albert,20,correlated,0.15,1.5,fiedler,2,fiedler,1.5,2.06270951251042,0.9167597833379644,0.9167597833379643,12.325940751165344,0.07437645546456892,3.8499064162611956,0.0082,0.010000000028434375,0.5002,0.49623876132689276,0.003961238673107215,2.06270951251042,2.0670337153150915,0.004324202804671717
barabasi_albert,20,correlated,0.15,1.5,cluster,2,1;0;2;3,1.5,10.6875,4.75,0.9167597833379643,12.325940751165344,0.3853661230321033,3.8499064162611956,0.0082,0.010000000028434375,1.0,0.9999951649865602,4.835013439841163e-06,10.6875,10.603560527063342,-0.08393947293665782
barabasi_albert,20,correlated,0.15,1.5,point,2,10,1.5,9.0,4.0,0.9167597833379643,12.325940751165344,0.324518840448087,3.8499064162611956,0.0082,0.010000000028434375,1.0,0.9999992634480737,7.365519263391462e-07,9.0,9.006085149887168,0.006085149887168129
barabasi_albert,20,correlated,0.15,1.5,edge_bipolar,2,0-4,1.4999999999999998,24.749999999999993,10.999999999999998,0.9167597833379643,12.325940751165344,0.8924268112322391,3.8499064162611956,0.0082,0.010000000028434375,1.0,0.9999999999999659,3.4083846855992306e-14,24.749999999999993,24.82598235459605,0.07598235459605718
barabasi_albert,20,correlated,0.15,1.5,high_frequency,2,lambda_max,1.5000000000000002,27.733366690122036,12.325940751165344,0.9167597833379643,12.325940751165344,1.0,3.8499064162611956,0.0082,0.010000000028434375,1.0,0.9999999999999998,2.220446049250313e-16,27.733366690122036,27.599242391825282,-0.13412429829675432
barabasi_albert,20,correlated,0.15,3.0,constant,2,all,2.9999999999999996,8.192362705716001e-16,9.102625228573337e-17,0.9167597833379643,12.325940751165344,7.384933460525306e-18,3.8499064162611956,0.0082,0.010000000028434375,0.0108,0.010000000028434375,0.0007999999715656257,8.192362705716001e-16,0.003722275145587872,0.003722275145587053
barabasi_albert,20,correlated,0.15,3.0,fiedler,2,fiedler,3.0,8.25083805004168,0.9167597833379644,0.9167597833379643,12.325940751165344,0.07437645546456892,3.8499064162611956,0.0082,0.010000000028434375,1.0,0.9999999999999993,6.661338147750939e-16,8.25083805004168,8.239311832407138,-0.011526217634541425
barabasi_albert,20,correlated,0.15,3.0,cluster,2,10;0;6;7,3.0,45.0,5.0,0.9167597833379643,12.325940751165344,0.40564855056010873,3.8499064162611956,0.0082,0.010000000028434375,1.0,0.9999999999999998,2.220446049250313e-16,45.0,44.86285786638889,-0.13714213361110694
barabasi_albert,20,correlated,0.15,3.0,point,2,4,3.0,99.0,11.0,0.9167597833379643,12.325940751165344,0.8924268112322392,3.8499064162611956,0.0082,0.010000000028434375,1.0,1.0,0.0,99.0,99.16645997297503,0.16645997297503357
barabasi_albert,20,correlated,0.15,3.0,edge_bipolar,2,4-11,2.9999999999999996,80.99999999999997,8.999999999999998,0.9167597833379643,12.325940751165344,0.7301673910081956,3.8499064162611956,0.0082,0.010000000028434375,1.0,1.0,0.0,80.99999999999997,80.96981647163975,-0.030183528360225864
barabasi_albert,20,correlated,0.15,3.0,high_frequency,2,lambda_max,3.0000000000000004,110.93346676048814,12.325940751165344,0.9167597833379643,12.325940751165344,1.0,3.8499064162611956,0.0082,0.010000000028434375,1.0,1.0,0.0,110.93346676048814,111.1215878823885,0.1881211219003518
barabasi_albert,20,correlated,0.15,0.75,constant,3,all,0.7499999999999999,2.792850922403182e-17,4.9650683064945465e-17,1.6843176256377554,14.12898907378839,3.514100181240545e-18,3.88949137074393,0.0114,0.009999999950149885,0.009,0.009999999950149885,-0.0009999999501498855,2.792850922403182e-17,-0.013840407897068419,-0.013840407897068446
barabasi_albert,20,correlated,0.15,0.75,fiedler,3,fiedler,0.7499999999999999,0.9474286644212362,1.6843176256377534,1.6843176256377554,14.12898907378839,0.11921005932140191,3.88949137074393,0.0114,0.009999999950149885,0.1038,0.09462073365235774,0.009179266347642268,0.9474286644212362,0.9801928170663115,0.03276415264507526
barabasi_albert,20,correlated,0.15,0.75,cluster,3,13;0;9;2,0.75,2.8125,5.0,1.6843176256377554,14.12898907378839,0.3538823601524207,3.88949137074393,0.0114,0.009999999950149885,0.6532,0.6594606959536713,-0.006260695953671291,2.8125,2.786609912034569,-0.025890087965430908
barabasi_albert,20,correlated,0.15,0.75,point,3,16,0.75,1.6875,3.0,1.6843176256377554,14.12898907378839,0.21232941609145242,3.88949137074393,0.0114,0.009999999950149885,0.3274,0.3278538733628239,-0.0004538733628238756,1.6875,1.6755959473309205,-0.011904052669079457
barabasi_albert,20,correlated,0.15,0.75,edge_bipolar,3,0-13,0.7499999999999999,5.062499999999999,9.0,1.6843176256377554,14.12898907378839,0.6369882482743573,3.88949137074393,0.0114,0.009999999950149885,0.933,0.9380514560520847,-0.00505145605208468,5.062499999999999,5.049336673626048,-0.013163326373951456
barabasi_albert,20,correlated,0.15,0.75,high_frequency,3,lambda_max,0.7500000000000001,7.947556354005976,14.128989073788397,1.6843176256377554,14.12898907378839,1.0000000000000004,3.88949137074393,0.0114,0.009999999950149885,0.9946,0.9940698013091984,0.0005301986908016199,7.947556354005976,7.979091912079285,0.03153555807330921
barabasi_albert,20,correlated,0.15,1.5,constant,3,all,1.4999999999999998,1.1171403689612728e-16,4.9650683064945465e-17,1.6843176256377554,14.12898907378839,3.514100181240545e-18,3.88949137074393,0.0114,0.009999999950149885,0.0122,0.009999999950149885,0.002200000049850116,1.1171403689612728e-16,-0.001289194947423189,-0.0012891949474233006
barabasi_albert,20,correlated,0.15,1.5,fiedler,3,fiedler,1.4999999999999998,3.7897146576849448,1.6843176256377534,1.6843176256377554,14.12898907378839,0.11921005932140191,3.88949137074393,0.0114,0.009999999950149885,0.9644,0.9633081670336139,0.0010918329663861526,3.7897146576849448,3.81307836146876,0.023363703783815026
barabasi_albert,20,correlated,0.15,1.5,cluster,3,3;0;5;1,1.5,12.375,5.5,1.6843176256377554,14.12898907378839,0.3892705961676628,3.88949137074393,0.0114,0.009999999950149885,1.0,0.9999982165989543,1.7834010457296046e-06,12.375,12.395621186442662,0.02062118644266242
barabasi_albert,20,correlated,0.15,1.5,point,3,8,1.5,11.25,5.0,1.6843176256377554,14.12898907378839,0.3538823601524207,3.88949137074393,0.0114,0.009999999950149885,1.0,0.9999999726754091,2.7324590923250014e-08,11.25,11.23862727779628,-0.011372722203720542
barabasi_albert,20,correlated,0.15,1.5,edge_bipolar,3,0-5,1.4999999999999998,25.874999999999996,11.5,1.6843176256377554,14.12898907378839,0.8139294283505677,3.88949137074393,0.0114,0.009999999950149885,1.0,0.9999999999999603,3.9745984281580604e-14,25.874999999999996,25.785558203603077,-0.08944179639691896
barabasi_albert,20,correlated,0.15,1.5,high_frequency,3,lambda_max,1.5000000000000002,31.790225416023905,14.128989073788397,1.6843176256377554,14.12898907378839,1.0000000000000004,3.88949137074393,0.0114,0.009999999950149885,1.0,0.9999999999999998,2.220446049250313e-16,31.790225416023905,31.693784921891982,-0.09644049413192235
barabasi_albert,20,correlated,0.15,3.0,constant,3,all,2.9999999999999996,4.468561475845091e-16,4.9650683064945465e-17,1.6843176256377554,14.12898907378839,3.514100181240545e-18,3.88949137074393,0.0114,0.009999999950149885,0.0098,0.009999999950149885,-0.00019999995014988517,4.468561475845091e-16,0.006291395486781148,0.006291395486780702
barabasi_albert,20,correlated,0.15,3.0,fiedler,3,fiedler,2.9999999999999996,15.158858630739779,1.6843176256377534,1.6843176256377554,14.12898907378839,0.11921005932140191,3.88949137074393,0.0114,0.009999999950149885,1.0,0.9999999999996685,3.3151259515307174e-13,15.158858630739779,15.137589420458081,-0.021269210281698037
barabasi_albert,20,correlated,0.15,3.0,cluster,3,9;8;2;7,3.0,36.0,4.0,1.6843176256377554,14.12898907378839,0.28310588812193654,3.88949137074393,0.0114,0.009999999950149885,1.0,0.9999999999994377,5.623279619726418e-13,36.0,35.965442696792344,-0.03455730320765582
barabasi_albert,20,correlated,0.15,3.0,point,3,19,3.0,27.0,3.0,1.6843176256377554,14.12898907378839,0.21232941609145242,3.88949137074393,0.0114,0.009999999950149885,1.0,0.9999999999999998,2.220446049250313e-16,27.0,27.052334923817053,0.05233492381705318
barabasi_albert,20,correlated,0.15,3.0,edge_bipolar,3,1-16,2.9999999999999996,62.999999999999986,7.0,1.6843176256377554,14.12898907378839,0.495435304213389,3.88949137074393,0.0114,0.009999999950149885,1.0,1.0,0.0,62.999999999999986,62.8727852394569,-0.12721476054308312
barabasi_albert,20,correlated,0.15,3.0,high_frequency,3,lambda_max,3.0000000000000004,127.16090166409562,14.128989073788397,1.6843176256377554,14.12898907378839,1.0000000000000004,3.88949137074393,0.0114,0.009999999950149885,1.0,0.9999999995973112,4.026887712171856e-10,127.16090166409562,126.90209741003538,-0.2588042540602373
barabasi_albert,20,correlated,0.3,0.75,constant,0,all,0.7499999999999999,6.516652152274091e-17,1.1585159381820608e-16,1.7239348584972793,12.522415042743237,9.251537616567206e-18,15.272696318866501,0.0116,0.010000000004159681,0.0068,0.010000000004159681,-0.003200000004159682,6.516652152274091e-17,-0.019834240789562863,-0.01983424078956293
barabasi_albert,20,correlated,0.3,0.75,fiedler,0,fiedler,0.75,0.9697133579047206,1.7239348584972811,1.7239348584972793,12.522415042743237,0.13766792209113884,15.272696318866501,0.0116,0.010000000004159681,0.0206,0.02024385640977827,0.00035614359022172887,0.9697133579047206,1.0133173096871344,0.04360395178241383
barabasi_albert,20,correlated,0.3,0.75,cluster,0,0;1;2;3,0.75,2.953125,5.25,1.7239348584972793,12.522415042743237,0.41924820268933544,15.272696318866501,0.0116,0.010000000004159681,0.1,0.09822263915906054,0.0017773608409394626,2.953125,2.9427741715593205,-0.010350828440679471
barabasi_albert,20,correlated,0.3,0.75,point,0,11,0.75,2.8125,5.0,1.7239348584972793,12.522415042743237,0.3992840025612719,15.272696318866501,0.0116,0.010000000004159681,0.0798,0.07848631681227353,0.0013136831877264693,2.8125,2.818679297501819,0.006179297501819114
barabasi_albert,20,correlated,0.3,0.75,edge_bipolar,0,7-18,0.7499999999999999,3.656249999999999,6.5,1.7239348584972793,12.522415042743237,0.5190692033296535,15.272696318866501,0.0116,0.010000000004159681,0.1246,0.13284941317135024,-0.008249413171350237,3.656249999999999,3.606336536693365,-0.04991346330663404
barabasi_albert,20,correlated,0.3,0.75,high_frequency,0,lambda_max,0.75,7.043858461543075,12.522415042743244,1.7239348584972793,12.522415042743237,1.0000000000000007,15.272696318866501,0.0116,0.010000000004159681,0.3832,0.386219652298391,-0.003019652298391018,7.043858461543075,7.028423857271432,-0.015434604271643337
barabasi_albert,20,correlated,0.3,1.5,constant,0,all,1.4999999999999998,2.6066608609096364e-16,1.1585159381820608e-16,1.7239348584972793,12.522415042743237,9.251537616567206e-18,15.272696318866501,0.0116,0.010000000004159681,0.0074,0.010000000004159681,-0.002600000004159681,2.6066608609096364e-16,-0.015856150096944965,-0.015856150096945226
barabasi_albert,20,correlated,0.3,1.5,fiedler,0,fiedler,1.5,3.8788534316188823,1.7239348584972811,1.7239348584972793,12.522415042743237,0.13766792209113884,15.272696318866501,0.0116,0.010000000004159681,0.1122,0.11383852707629277,-0.0016385270762927784,3.8788534316188823,3.90726093939542,0.028407507776537777
barabasi_albert,20,correlated,0.3,1.5,cluster,0,1;0;4;7,1.5,15.1875,6.75,1.7239348584972793,12.522415042743237,0.539033403457717,15.272696318866501,0.0116,0.010000000004159681,0.8602,0.8598609736831475,0.0003390263168524532,15.1875,15.185085153114404,-0.0024148468855962335
barabasi_albert,20,correlated,0.3,1.5,point,0,10,1.5,11.25,5.0,1.7239348584972793,12.522415042743237,0.3992840025612719,15.272696318866501,0.0116,0.010000000004159681,0.7338,0.7352142584632677,-0.0014142584632677035,11.25,11.245660570734405,-0.004339429265595385
barabasi_albert,20,correlated,0.3,1.5,edge_bipolar,0,5-7,1.4999999999999998,20.249999999999996,9.0,1.7239348584972793,12.522415042743237,0.7187112046102894,15.272696318866501,0.0116,0.010000000004159681,0.9654,0.9654527599806859,-5.275998068587917e-05,20.249999999999996,20.15622690548091,-0.09377309451908644
barabasi_albert,20,correlated,0.3,1.5,high_frequency,0,lambda_max,1.5,28.1754338461723,12.522415042743244,1.7239348584972793,12.522415042743237,1.0000000000000007,15.272696318866501,0.0116,0.010000000004159681,0.9928,0.9923838412755677,0.00041615872443234725,28.1754338461723,28.2610830425537,0.08564919638140012
barabasi_albert,20,correlated,0.3,3.0,constant,0,all,2.9999999999999996,1.0426643443638546e-15,1.1585159381820608e-16,1.7239348584972793,12.522415042743237,9.251537616567206e-18,15.272696318866501,0.0116,0.010000000004159681,0.0098,0.010000000004159681,-0.0002000000041596818,1.0426643443638546e-15,0.03336504579898136,0.03336504579898032
barabasi_albert,20,correlated,0.3,3.0,fiedler,0,fiedler,3.0,15.51541372647553,1.7239348584972811,1.7239348584972793,12.522415042743237,0.13766792209113884,15.272696318866501,0.0116,0.010000000004159681,0.9598,0.9622132385447206,-0.0024132385447206417,15.51541372647553,15.45608749153434,-0.059326234941188716
barabasi_albert,20,correlated,0.3,3.0,cluster,0,14;0;11;5,3.0,45.0,5.0,1.7239348584972793,12.522415042743237,0.3992840025612719,15.272696318866501,0.0116,0.010000000004159681,1.0,0.9999984671217772,1.5328782227985727e-06,45.0,44.88595992883241,-0.11404007116758663
barabasi_albert,20,correlated,0.3,3.0,point,0,17,3.0,27.0,3.0,1.7239348584972793,12.522415042743237,0.23957040153676312,15.272696318866501,0.0116,0.010000000004159681,1.0,0.9999622921385098,3.7707861490154926e-05,27.0,26.912951051520643,-0.08704894847935662
barabasi_albert,20,correlated,0.3,3.0,edge_bipolar,0,4-19,2.9999999999999996,71.99999999999999,8.0,1.7239348584972793,12.522415042743237,0.638854404098035,15.272696318866501,0.0116,0.010000000004159681,1.0,0.9999999999697102,3.0289770691638296e-11,71.99999999999999,72.2377206439107,0.2377206439107198
barabasi_albert,20,correlated,0.3,3.0,high_frequency,0,lambda_max,3.0,112.7017353846892,12.522415042743244,1.7239348584972793,12.522415042743237,1.0000000000000007,15.272696318866501,0.0116,0.010000000004159681,1.0,1.0,0.0,112.7017353846892,112.62828380128728,-0.07345158340191915
barabasi_albert,20,correlated,0.3,0.75,constant,1,all,0.7499999999999999,9.309503074677273e-17,1.6550227688315156e-16,0.9692444428264704,15.126567232868018,1.0941165588682747e-17,15.88463780728914,0.0108,0.009999999984822983,0.0108,0.009999999984822983,0.000800000015177018,9.309503074677273e-17,-0.0428070185982401,-0.04280701859824019
barabasi_albert,20,correlated,0.3,0.75,fiedler,1,fiedler,0.7500000000000001,0.5451999990898894,0.9692444428264696,0.9692444428264704,15.126567232868018,0.06407563777724998,15.88463780728914,0.0108,0.009999999984822983,0.0132,0.01346435619349795,-0.0002643561934979506,0.5451999990898894,0.6022650670726852,0.05706506798279587
barabasi_albert,20,correlated,0.3,0.75,cluster,1,9;0;2;5,0.75,2.8125,5.0,0.9692444428264704,15.126567232868018,0.33054426182932406,15.88463780728914,0.0108,0.009999999984822983,0.0948,0.09107957904516012,0.003720420954839876,2.8125,2.850450937766513,0.037950937766512816
barabasi_albert,20,correlated,0.3,0.75,point,1,6,0.75,3.9375,7.0,0.9692444428264704,15.126567232868018,0.4627619665610537,15.88463780728914,0.0108,0.009999999984822983,0.1306,0.13229484628920096,-0.0016948462892009686,3.9375,3.9482091879199297,0.010709187919929697
barabasi_albert,20,correlated,0.3,0.75,edge_bipolar,1,4-14,0.7499999999999999,3.0937499999999996,5.5,0.9692444428264704,15.126567232868018,0.3635986880122565,15.88463780728914,0.0108,0.009999999984822983,0.0842,0.07794707038324905,0.006252929616750946,3.0937499999999996,3.1679903647071024,0.07424036470710282
barabasi_albert,20,correlated,0.3,0.75,high_frequency,1,lambda_max,0.75,8.508694068488262,15.126567232868021,0.9692444428264704,15.126567232868018,1.0000000000000002,15.88463780728914,0.0108,0.009999999984822983,0.447,0.4430882686350217,0.003911731364978299,8.508694068488262,8.498743147333652,-0.00995092115461027
barabasi_albert,20,correlated,0.3,1.5,constant,1,all,1.4999999999999998,3.723801229870909e-16,1.6550227688315156e-16,0.9692444428264704,15.126567232868018,1.0941165588682747e-17,15.88463780728914,0.0108,0.009999999984822983,0.011,0.009999999984822983,0.0010000000151770168,3.723801229870909e-16,-0.016104711192436838,-0.01610471119243721
barabasi_albert,20,correlated,0.3,1.5,fiedler,1,fiedler,1.5000000000000002,2.1807999963595575,0.9692444428264696,0.9692444428264704,15.126567232868018,0.06407563777724998,15.88463780728914,0.0108,0.009999999984822983,0.0324,0.032240109999615074,0.00015989000038492407,2.1807999963595575,2.2559152131353484,0.07511521677579092
barabasi_albert,20,correlated,0.3,1.5,cluster,1,2;0;4;5,1.5,13.5,6.0,0.9692444428264704,15.126567232868018,0.3966531141951889,15.88463780728914,0.0108,0.009999999984822983,0.7552,0.7585578906788142,-0.0033578906788142016,13.5,13.384122110363915,-0.11587788963608503
barabasi_albert,20,correlated,0.3,1.5,point,1,3,1.5,18.0,8.0,0.9692444428264704,15.126567232868018,0.5288708189269185,15.88463780728914,0.0108,0.009999999984822983,0.9218,0.9213719884623257,0.0004280115376742444,18.0,17.972435071834045,-0.027564928165954683
barabasi_albert,20,correlated,0.3,1.5,edge_bipolar,1,2-5,1.4999999999999998,17.999999999999996,8.0,0.9692444428264704,15.126567232868018,0.5288708189269185,15.88463780728914,0.0108,0.009999999984822983,0.9318,0.9265334163143162,0.005266583685683779,17.999999999999996,18.111662122350797,0.11166212235080053
barabasi_albert,20,correlated,0.3,1.5,high_frequency,1,lambda_max,1.5,34.03477627395305,15.126567232868021,0.9692444428264704,15.126567232868018,1.0000000000000002,15.88463780728914,0.0108,0.009999999984822983,0.9952,0.9944525060631114,0.0007474939368885547,34.03477627395305,34.14395985033019,0.10918357637714138
barabasi_albert,20,correlated,0.3,3.0,constant,1,all,2.9999999999999996,1.4895204919483637e-15,1.6550227688315156e-16,0.9692444428264704,15.126567232868018,1.0941165588682747e-17,15.88463780728914,0.0108,0.009999999984822983,0.007,0.009999999984822983,-0.0029999999848229824,1.4895204919483637e-15,-0.049928001226427376,-0.04992800122642887
barabasi_albert,20,correlated,0.3,3.0,fiedler,1,fiedler,3.0000000000000004,8.72319998543823,0.9692444428264696,0.9692444428264704,15.126567232868018,0.06407563777724998,15.88463780728914,0.0108,0.009999999984822983,0.4926,0.49101191278743855,0.0015880872125614287,8.72319998543823,8.751826223900036,0.028626238461805897
barabasi_albert,20,correlated,0.3,3.0,cluster,1,1;0;2;3,3.0,58.5,6.5,0.9692444428264704,15.126567232868018,0.42970754037812126,15.88463780728914,0.0108,0.009999999984822983,1.0,0.9999998687000033,1.31299996652956e-07,58.5,58.511898929542795,0.011898929542795145
barabasi_albert,20,correlated,0.3,3.0,point,1,13,3.0,45.0,5.0,0.9692444428264704,15.126567232868018,0.33054426182932406,15.88463780728914,0.0108,0.009999999984822983,1.0,0.9999999661777685,3.382223145997898e-08,45.0,45.09651208733258,0.09651208733257732
barabasi_albert,20,correlated,0.3,3.0,edge_bipolar,1,3-5,2.9999999999999996,67.49999999999999,7.5,0.9692444428264704,15.126567232868018,0.4958163927439861,15.88463780728914,0.0108,0.009999999984822983,1.0,0.999999999992224,7.776002064474596e-12,67.49999999999999,67.59082366141298,0.09082366141299758
barabasi_albert,20,correlated,0.3,3.0,high_frequency,1,lambda_max,3.0,136.1391050958122,15.126567232868021,0.9692444428264704,15.126567232868018,1.0000000000000002,15.88463780728914,0.0108,0.009999999984822983,1.0,1.0,0.0,136.1391050958122,135.94016895109593,-0.19893614471627075
barabasi_albert,20,correlated,0.3,0.75,constant,2,all,0.7499999999999999,1.8619006149354545e-17,3.310045537663031e-17,1.4444803823510544,14.329879769773468,2.309890655639016e-18,15.993765777933632,0.0104,0.00999999998485046,0.0104,0.00999999998485046,0.0004000000151495389,1.8619006149354545e-17,0.05332981078806309,0.05332981078806307
barabasi_albert,20,correlated,0.3,0.75,fiedler,2,fiedler,0.75,0.8125202150724656,1.44448038235105,1.4444803823510544,14.329879769773468,0.10080198896001517,15.993765777933632,0.0104,0.00999999998485046,0.0166,0.01629371376530797,0.00030628623469202906,0.8125202150724656,0.7988141308378873,-0.013706084234578308
barabasi_albert,20,correlated,0.3,0.75,cluster,2,18;0;6;7,0.75,3.65625,6.5,1.4444803823510544,14.329879769773468,0.45359766476971314,15.993765777933632,0.0104,0.00999999998485046,0.134,0.1333570679475557,0.0006429320524443116,3.65625,3.607521872704356,-0.04872812729564391
barabasi_albert,20,correlated,0.3,0.75,point,2,7,0.75,4.5,8.0,1.4444803823510544,14.329879769773468,0.5582740489473392,15.993765777933632,0.0104,0.00999999998485046,0.1616,0.16887209301944922,-0.007272093019449227,4.5,4.428920507031221,-0.0710794929687788
barabasi_albert,20,correlated,0.3,0.75,edge_bipolar,2,2-5,0.7499999999999999,3.656249999999999,6.5,1.4444803823510544,14.329879769773468,0.45359766476971314,15.993765777933632,0.0104,0.00999999998485046,0.1108,0.1084547405605531,0.002345259439446898,3.656249999999999,3.6991868219852035,0.04293682198520443
barabasi_albert,20,correlated,0.3,0.75,high_frequency,2,lambda_max,0.75,8.060557370497577,14.32987976977347,1.4444803823510544,14.329879769773468,1.0000000000000002,15.993765777933632,0.0104,0.00999999998485046,0.4146,0.41399486341040465,0.0006051365895953786,8.060557370497577,8.101041427587237,0.0404840570896603
barabasi_albert,20,correlated,0.3,1.5,constant,2,all,1.4999999999999998,7.447602459741818e-17,3.310045537663031e-17,1.4444803823510544,14.329879769773468,2.309890655639016e-18,15.993765777933632,0.0104,0.00999999998485046,0.0102,0.00999999998485046,0.00020000001514954013,7.447602459741818e-17,0.03087056743934813,0.030870567439348056
barabasi_albert,20,correlated,0.3,1.5,fiedler,2,fiedler,1.5,3.2500808602898625,1.44448038235105,1.4444803823510544,14.329879769773468,0.10080198896001517,15.993765777933632,0.0104,0.00999999998485046,0.0624,0.06331505970006135,-0.000915059700061352,3.2500808602898625,3.23131318934172,-0.018767670948142356
barabasi_albert,20,correlated,0.3,1.5,cluster,2,8;0;6;7,1.5,16.875,7.5,1.4444803823510544,14.329879769773468,0.5233819208881306,15.993765777933632,0.0104,0.00999999998485046,0.8754,0.871614019671044,0.00378598032895594,16.875,16.921225599216346,0.046225599216345614
barabasi_albert,20,correlated,0.3,1.5,point,2,14,1.5,6.75,3.0,1.4444803823510544,14.329879769773468,0.20935276835525224,15.993765777933632,0.0104,0.00999999998485046,0.2932,0.29449138149992105,-0.0012913814999210294,6.75,6.7534971961457595,0.0034971961457594958
barabasi_albert,20,correlated,0.3,1.5,edge_bipolar,2,7-18,1.4999999999999998,14.624999999999996,6.5,1.4444803823510544,14.329879769773468,0.45359766476971314,15.993765777933632,0.0104,0.00999999998485046,0.8394,0.841204317818721,-0.0018043178187209241,14.624999999999996,14.584621282607419,-0.04037871739257781
barabasi_albert,20,correlated,0.3,1.5,high_frequency,2,lambda_max,1.5,32.24222948199031,14.32987976977347,1.4444803823510544,14.329879769773468,1.0000000000000002,15.993765777933632,0.0104,0.00999999998485046,0.9946,0.9937937288818011,0.0008062711181989757,32.24222948199031,32.438189621596095,0.19596013960578773
barabasi_albert,20,correlated,0.3,3.0,constant,2,all,2.9999999999999996,2.979040983896727e-16,3.310045537663031e-17,1.4444803823510544,14.329879769773468,2.309890655639016e-18,15.993765777933632,0.0104,0.00999999998485046,0.0094,0.00999999998485046,-0.0005999999848504602,2.979040983896727e-16,-0.006831742610111213,-0.006831742610111511
barabasi_albert,20,correlated,0.3,3.0,fiedler,2,fiedler,3.0,13.00032344115945,1.44448038235105,1.4444803823510544,14.329879769773468,0.10080198896001517,15.993765777933632,0.0104,0.00999999998485046,0.8654,0.8667416966182324,-0.0013416966182324686,13.00032344115945,13.064750677338353,0.06442723617890245
barabasi_albert,20,correlated,0.3,3.0,cluster,2,4;0;1;2,3.0,45.0,5.0,1.4444803823510544,14.329879769773468,0.34892128059208705,15.993765777933632,0.0104,0.00999999998485046,1.0,0.9999948125440801,5.187455919930528e-06,45.0,45.094006854530484,0.09400685453048396
barabasi_albert,20,correlated,0.3,3.0,point,2,3,3.0,18.0,2.0,1.4444803823510544,14.329879769773468,0.1395685122368348,15.993765777933632,0.0104,0.00999999998485046,0.9904,0.9907542879861073,-0.0003542879861073711,18.0,17.994300546254557,-0.005699453745442895
barabasi_albert,20,correlated,0.3,3.0,edge_bipolar,2,2-5,2.9999999999999996,58.499999999999986,6.5,1.4444803823510544,14.329879769773468,0.45359766476971314,15.993765777933632,0.0104,0.00999999998485046,1.0,0.9999999999097224,9.027756320278968e-11,58.499999999999986,58.79821605203832,0.29821605203833457
barabasi_albert,20,correlated,0.3,3.0,high_frequency,2,lambda_max,3.0,128.96891792796123,14.32987976977347,1.4444803823510544,14.329879769773468,1.0000000000000002,15.993765777933632,0.0104,0.00999999998485046,1.0,0.9999999999999998,2.220446049250313e-16,128.96891792796123,129.02819577801273,0.05927785005150099
barabasi_albert,20,correlated,0.3,0.75,constant,3,all,0.7499999999999999,-1.3964254612015913e-17,-2.482534153247274e-17,1.5550264130789497,12.55900651659944,-1.9766962856226473e-18,15.141786890994892,0.0074,0.010000000004009302,0.01,0.010000000004009302,-4.0093015712949764e-12,-1.3964254612015913e-17,0.012746104659203006,0.01274610465920302
barabasi_albert,20,correlated,0.3,0.75,fiedler,3,fiedler,0.75,0.8747023573569088,1.555026413078949,1.5550264130789497,12.55900651659944,0.12381762928649218,15.141786890994892,0.0074,0.010000000004009302,0.0172,0.01872067812089029,-0.0015206781208902884,0.8747023573569088,0.876533788802087,0.0018314314451781666
barabasi_albert,20,correlated,0.3,0.75,cluster,3,11;0;1;6,0.75,1.96875,3.5,1.5550264130789497,12.55900651659944,0.2786844640437119,15.141786890994892,0.0074,0.010000000004009302,0.0604,0.05926818164096681,0.0011318183590331918,1.96875,2.002508160676177,0.033758160676176985
barabasi_albert,20,correlated,0.3,0.75,point,3,4,0.75,5.625,10.0,1.5550264130789497,12.55900651659944,0.7962413258391768,15.141786890994892,0.0074,0.010000000004009302,0.2808,0.28771214749574,-0.006912147495739984,5.625,5.5498830227311124,-0.07511697726888755
barabasi_albert,20,correlated,0.3,0.75,edge_bipolar,3,2-5,0.7499999999999999,5.062499999999999,9.0,1.5550264130789497,12.55900651659944,0.7166171932552591,15.141786890994892,0.0074,0.010000000004009302,0.2472,0.24128042063693805,0.00591957936306195,5.062499999999999,5.068466321329241,0.005966321329242241
barabasi_albert,20,correlated,0.3,0.75,high_frequency,3,lambda_max,0.75,7.064441165587183,12.559006516599435,1.5550264130789497,12.55900651659944,0.9999999999999996,15.141786890994892,0.0074,0.010000000004009302,0.394,0.3918378142079836,0.0021621857920164356,7.064441165587183,7.1406038980611,0.07616273247391714
barabasi_albert,20,correlated,0.3,1.5,constant,3,all,1.4999999999999998,-5.585701844806365e-17,-2.482534153247274e-17,1.5550264130789497,12.55900651659944,-1.9766962856226473e-18,15.141786890994892,0.0074,0.010000000004009302,0.013,0.010000000004009302,0.0029999999959906976,-5.585701844806365e-17,0.05987864714807234,0.059878647148072395
barabasi_albert,20,correlated,0.3,1.5,fiedler,3,fiedler,1.5,3.4988094294276353,1.555026413078949,1.5550264130789497,12.55900651659944,0.12381762928649218,15.141786890994892,0.0074,0.010000000004009302,0.0906,0.09305277874579942,-0.002452778745799425,3.4988094294276353,3.422985148681759,-0.07582428074587622
barabasi_albert,20,correlated,0.3,1.5,cluster,3,10;2;6;7,1.5,7.875,3.5,1.5550264130789497,12.55900651659944,0.2786844640437119,15.141786890994892,0.0074,0.010000000004009302,0.464,0.4570581257563338,0.006941874243666213,7.875,7.911200493359782,0.03620049335978237
barabasi_albert,20,correlated,0.3,1.5,point,3,12,1.5,6.75,3.0,1.5550264130789497,12.55900651659944,0.23887239775175304,15.141786890994892,0.0074,0.010000000004009302,0.3526,0.35261737918986824,-1.7379189868216294e-05,6.75,6.742674042755134,-0.007325957244866288
barabasi_albert,20,correlated,0.3,1.5,edge_bipolar,3,2-5,1.4999999999999998,20.249999999999996,9.0,1.5550264130789497,12.55900651659944,0.7166171932552591,15.141786890994892,0.0074,0.010000000004009302,0.9658,0.9637698729487025,0.002030127051297459,20.249999999999996,20.289433350784527,0.03943335078453103
barabasi_albert,20,correlated,0.3,1.5,high_frequency,3,lambda_max,1.5,28.25776466234873,12.559006516599435,1.5550264130789497,12.55900651659944,0.9999999999999996,15.141786890994892,0.0074,0.010000000004009302,0.9936,0.9938847533080895,-0.0002847533080894138,28.25776466234873,28.524453204462866,0.2666885421141352
barabasi_albert,20,correlated,0.3,3.0,constant,3,all,2.9999999999999996,-2.234280737922546e-16,-2.482534153247274e-17,1.5550264130789497,12.55900651659944,-1.9766962856226473e-18,15.141786890994892,0.0074,0.010000000004009302,0.0096,0.010000000004009302,-0.0004000000040093026,-2.234280737922546e-16,0.051934594350370844,0.051934594350371066
barabasi_albert,20,correlated,0.3,3.0,fiedler,3,fiedler,3.0,13.995237717710541,1.555026413078949,1.5550264130789497,12.55900651659944,0.12381762928649218,15.141786890994892,0.0074,0.010000000004009302,0.9328,0.9330543279188257,-0.00025432791882573635,13.995237717710541,14.095778492819653,0.10054077510911164
barabasi_albert,20,correlated,0.3,3.0,cluster,3,1;0;4;11,3.0,42.75,4.75,1.5550264130789497,12.55900651659944,0.378214629773609,15.141786890994892,0.0074,0.010000000004009302,1.0,0.9999922516666312,7.748333368806648e-06,42.75,42.54918339288235,-0.2008166071176518
barabasi_albert,20,correlated,0.3,3.0,point,3,5,3.0,54.0,6.0,1.5550264130789497,12.55900651659944,0.47774479550350607,15.141786890994892,0.0074,0.010000000004009302,1.0,0.9999999989520048,1.0479952461395214e-09,54.0,53.71907938653864,-0.28092061346136177
barabasi_albert,20,correlated,0.3,3.0,edge_bipolar,3,5-8,2.9999999999999996,53.99999999999999,6.0,1.5550264130789497,12.55900651659944,0.47774479550350607,15.141786890994892,0.0074,0.010000000004009302,1.0,0.9999999999522267,4.7773340838830336e-11,53.99999999999999,54.00136541799599,0.0013654179959985413
barabasi_albert,20,correlated,0.3,3.0,high_frequency,3,lambda_max,3.0,113.03105864939492,12.559006516599435,1.5550264130789497,12.55900651659944,0.9999999999999996,15.141786890994892,0.0074,0.010000000004009302,1.0,1.0,0.0,113.03105864939492,113.27007092939532,0.2390122800003951
barabasi_albert,40,iid,0.15,0.75,constant,0,all,0.7499999999999999,-2.962265739111591e-17,-5.266250202865052e-17,1.3077961680614605,15.706329432438869,-3.3529477562010567e-18,8.881104099966612,0.0102,0.009999999997019338,0.0132,0.009999999997019338,0.0032000000029806623,-2.962265739111591e-17,0.02216099081189693,0.02216099081189696
barabasi_albert,40,iid,0.15,0.75,fiedler,0,fiedler,0.7499999999999999,0.7356353445345724,1.3077961680614623,1.3077961680614605,15.706329432438869,0.08326555059773685,8.881104099966612,0.0102,0.009999999997019338,0.0264,0.025101727705285737,0.001298272294714263,0.7356353445345724,0.7555243846317907,0.01988904009721837
barabasi_albert,40,iid,0.15,0.75,cluster,0,25;0;19;22;27;1;2;3,0.7499999999999999,2.3203125,4.125000000000001,1.3077961680614605,15.706329432438869,0.2626329733973671,8.881104099966612,0.0102,0.009999999997019338,0.1952,0.19783816043543778,-0.0026381604354377697,2.3203125,2.3462021897549024,0.025889689754902356
barabasi_albert,40,iid,0.15,0.75,point,0,1,0.75,1.6875,3.0,1.3077961680614605,15.706329432438869,0.19100579883444874,8.881104099966612,0.0102,0.009999999997019338,0.0932,0.08979395560730913,0.0034060443926908768,1.6875,1.6906985929642433,0.0031985929642432964
barabasi_albert,40,iid,0.15,0.75,edge_bipolar,0,9-30,0.7499999999999999,3.3749999999999996,6.0,1.3077961680614605,15.706329432438869,0.3820115976688975,8.881104099966612,0.0102,0.009999999997019338,0.358,0.36875860674111216,-0.010758606741112176,3.3749999999999996,3.3236341402290535,-0.0513658597709461
barabasi_albert,40,iid,0.15,0.75,high_frequency,0,lambda_max,0.7500000000000003,8.834810305746865,15.706329432438856,1.3077961680614605,15.706329432438869,0.9999999999999992,8.881104099966612,0.0102,0.009999999997019338,0.9242,0.919432620678591,0.0047673793214090265,8.834810305746865,8.894851246813511,0.060040941066645814
barabasi_albert,40,iid,0.15,1.5,constant,0,all,1.4999999999999998,-1.1849062956446365e-16,-5.266250202865052e-17,1.3077961680614605,15.706329432438869,-3.3529477562010567e-18,8.881104099966612,0.0102,0.009999999997019338,0.011,0.009999999997019338,0.0010000000029806617,-1.1849062956446365e-16,0.02263306147955113,0.02263306147955125
barabasi_albert,40,iid,0.15,1.5,fiedler,0,fiedler,1.4999999999999998,2.9425413781382894,1.3077961680614623,1.3077961680614605,15.706329432438869,0.08326555059773685,8.881104099966612,0.0102,0.009999999997019338,0.2362,0.2427733763048422,-0.006573376304842199,2.9425413781382894,2.917738436214819,-0.024802941923470545
barabasi_albert,40,iid,0.15,1.5,cluster,0,29;0;5;7;35;1;2;3,1.4999999999999998,11.53125,5.125000000000001,1.3077961680614605,15.706329432438869,0.32630157300885,8.881104099966612,0.0102,0.009999999997019338,0.994,0.994327140827223,-0.00032714082722296034,11.53125,11.499040582301001,-0.03220941769899888
barabasi_albert,40,iid,0.15,1.5,point,0,27,1.5,6.75,3.0,1.3077961680614605,15.706329432438869,0.19100579883444874,8.881104099966612,0.0102,0.009999999997019338,0.9328,0.9279940632232432,0.004805936776756781,6.75,6.763486485236346,0.013486485236345658
barabasi_albert,40,iid,0.15,1.5,edge_bipolar,0,6-15,1.4999999999999998,17.999999999999996,8.0,1.3077961680614605,15.706329432438869,0.5093487968918633,8.881104099966612,0.0102,0.009999999997019338,1.0,0.9999824566555195,1.7543344480452916e-05,17.999999999999996,18.041768736261872,0.041768736261875716
barabasi_albert,40,iid,0.15,1.5,high_frequency,0,lambda_max,1.5000000000000007,35.33924122298746,15.706329432438858,1.3077961680614605,15.706329432438869,0.9999999999999993,8.881104099966612,0.0102,0.009999999997019338,1.0,0.9999999995224468,4.775532191914067e-10,35.33924122298746,35.40893415042369,0.06969292743622901
barabasi_albert,40,iid,0.15,3.0,constant,0,all,2.9999999999999996,-4.739625182578546e-16,-5.266250202865052e-17,1.3077961680614605,15.706329432438869,-3.3529477562010567e-18,8.881104099966612,0.0102,0.009999999997019338,0.01,0.009999999997019338,2.980662591745009e-12,-4.739625182578546e-16,0.01912499913184451,0.019124999131844986
barabasi_albert,40,iid,0.15,3.0,fiedler,0,fiedler,2.9999999999999996,11.770165512553158,1.3077961680614623,1.3077961680614605,15.706329432438869,0.08326555059773685,8.881104099966612,0.0102,0.009999999997019338,1.0,0.9999999896608456,1.0339154421501462e-08,11.770165512553158,11.767617831745868,-0.0025476808072895096
barabasi_albert,40,iid,0.15,3.0,cluster,0,0;1;2;3;4;6;7;8,2.9999999999999996,50.625,5.625000000000001,1.3077961680614605,15.706329432438869,0.3581358728145914,8.881104099966612,0.0102,0.009999999997019338,1.0,1.0,0.0,50.625,50.57220032581105,-0.05279967418894671
barabasi_albert,40,iid,0.15,3.0,point,0,32,3.0,27.0,3.0,1.3077961680614605,15.706329432438869,0.19100579883444874,8.881104099966612,0.0102,0.009999999997019338,1.0,1.0,0.0,27.0,27.01234327511883,0.012343275118830377
barabasi_albert,40,iid,0.15,3.0,edge_bipolar,0,10-13,2.9999999999999996,67.49999999999999,7.5,1.3077961680614605,15.706329432438869,0.47751449708612187,8.881104099966612,0.0102,0.009999999997019338,1.0,1.0,0.0,67.49999999999999,67.36785245232336,-0.13214754767662384
barabasi_albert,40,iid,0.15,3.0,high_frequency,0,lambda_max,3.0000000000000013,141.35696489194984,15.706329432438858,1.3077961680614605,15.706329432438869,0.9999999999999993,8.881104099966612,0.0102,0.009999999997019338,1.0,1.0,0.0,141.35696489194984,141.45557609097776,0.09861119902791415
barabasi_albert,40,iid,0.15,0.75,constant,1,all,0.7499999999999999,-4.60796892750692e-17,-8.191944760012304e-17,1.3242956463545896,19.299544286973635,-4.244631188282262e-18,9.065004673652336,0.0112,0.009999999998739184,0.0098,0.009999999998739184,-0.00019999999873918442,-4.60796892750692e-17,0.01855762535862837,0.018557625358628416
barabasi_albert,40,iid,0.15,0.75,fiedler,1,fiedler,0.7500000000000001,0.7449163010744565,1.3242956463545887,1.3242956463545896,19.299544286973635,0.068617974946094,9.065004673652336,0.0112,0.009999999998739184,0.0252,0.023685403066496802,0.0015145969335031984,0.7449163010744565,0.7149854846550374,-0.029930816419419082
barabasi_albert,40,iid,0.15,0.75,cluster,1,6;0;4;5;8;9;10;11,0.7499999999999999,3.375,6.000000000000001,1.3242956463545896,19.299544286973635,0.3108881697299839,9.065004673652336,0.0112,0.009999999998739184,0.3438,0.34093116578682414,0.0028688342131758526,3.375,3.4093716641348593,0.03437166413485926
barabasi_albert,40,iid,0.15,0.75,point,1,17,0.75,3.9375,7.0,1.3242956463545896,19.299544286973635,0.3627028646849812,9.065004673652336,0.0112,0.009999999998739184,0.4428,0.44173997222637784,0.0010600277736221853,3.9375,3.9583854789060346,0.02088547890603465
barabasi_albert,40,iid,0.15,0.75,edge_bipolar,1,3-9,0.7499999999999999,3.656249999999999,6.5,1.3242956463545896,19.299544286973635,0.3367955172074825,9.065004673652336,0.0112,0.009999999998739184,0.3848,0.389297988060155,-0.004497988060155,3.656249999999999,3.627002863356818,-0.029247136643181015
barabasi_albert,40,iid,0.15,0.75,high_frequency,1,lambda_max,0.75,10.855993661422673,19.299544286973642,1.3242956463545896,19.299544286973635,1.0000000000000004,9.065004673652336,0.0112,0.009999999998739184,0.9522,0.9513765298930453,0.0008234701069547157,10.855993661422673,10.872944745723117,0.016951084300444563
barabasi_albert,40,iid,0.15,1.5,constant,1,all,1.4999999999999998,-1.843187571002768e-16,-8.191944760012304e-17,1.3242956463545896,19.299544286973635,-4.244631188282262e-18,9.065004673652336,0.0112,0.009999999998739184,0.0086,0.009999999998739184,-0.001399999998739184,-1.843187571002768e-16,-0.0018900747023131714,-0.0018900747023129871
barabasi_albert,40,iid,0.15,1.5,fiedler,1,fiedler,1.5000000000000002,2.979665204297826,1.3242956463545887,1.3242956463545896,19.299544286973635,0.068617974946094,9.065004673652336,0.0112,0.009999999998739184,0.2188,0.2184003389882524,0.0003996610117475985,2.979665204297826,3.0004130162706986,0.020747811972872565
barabasi_albert,40,iid,0.15,1.5,cluster,1,21;7;5;15;29;38;0;4,1.4999999999999998,11.812499999999998,5.25,1.3242956463545896,19.299544286973635,0.2720271485137359,9.065004673652336,0.0112,0.009999999998739184,0.9936,0.9928367618785996,0.0007632381214004447,11.812499999999998,11.74237430153151,-0.07012569846848749
barabasi_albert,40,iid,0.15,1.5,point,1,6,1.5,27.0,12.0,1.3242956463545896,19.299544286973635,0.6217763394599677,9.065004673652336,0.0112,0.009999999998739184,1.0,0.9999999489614391,5.103856093313652e-08,27.0,26.997689146526994,-0.0023108534730056363
barabasi_albert,40,iid,0.15,1.5,edge_bipolar,1,2-22,1.4999999999999998,13.499999999999998,6.0,1.3242956463545896,19.299544286973635,0.31088816972998384,9.065004673652336,0.0112,0.009999999998739184,1.0,0.9998077659503055,0.0001922340496944841,13.499999999999998,13.492350785493743,-0.00764921450625522
barabasi_albert,40,iid,0.15,1.5,high_frequency,1,lambda_max,1.5,43.42397464569069,19.299544286973642,1.3242956463545896,19.299544286973635,1.0000000000000004,9.065004673652336,0.0112,0.009999999998739184,1.0,0.9999999999377126,6.228739746205747e-11,43.42397464569069,43.42841294700806,0.00443830131737144
barabasi_albert,40,iid,0.15,3.0,constant,1,all,2.9999999999999996,-7.372750284011072e-16,-8.191944760012304e-17,1.3242956463545896,19.299544286973635,-4.244631188282262e-18,9.065004673652336,0.0112,0.009999999998739184,0.0102,0.009999999998739184,0.00020000000126081663,-7.372750284011072e-16,-0.017454393397698276,-0.017454393397697537
barabasi_albert,40,iid,0.15,3.0,fiedler,1,fiedler,3.0000000000000004,11.918660817191304,1.3242956463545887,1.3242956463545896,19.299544286973635,0.068617974946094,9.065004673652336,0.0112,0.009999999998739184,1.0,0.9999999808770382,1.912296176964645e-08,11.918660817191304,11.92536153893469,0.006700721743385429
barabasi_albert,40,iid,0.15,3.0,cluster,1,30;25;5;7;18;15;23;32,2.9999999999999996,41.62499999999999,4.625,1.3242956463545896,19.299544286973635,0.23964296416686257,9.065004673652336,0.0112,0.009999999998739184,1.0,1.0,0.0,41.62499999999999,41.6848868504789,0.05988685047890385
barabasi_albert,40,iid,0.15,3.0,point,1,11,3.0,63.0,7.0,1.3242956463545896,19.299544286973635,0.3627028646849812,9.065004673652336,0.0112,0.009999999998739184,1.0,1.0,0.0,63.0,63.10719973898491,0.1071997389849102
barabasi_albert,40,iid,0.15,3.0,edge_bipolar,1,14-31,2.9999999999999996,49.49999999999999,5.5,1.3242956463545896,19.299544286973635,0.2849808222524852,9.065004673652336,0.0112,0.009999999998739184,1.0,1.0,0.0,49.49999999999999,49.51101086913308,0.011010869133087908
barabasi_albert,40,iid,0.15,3.0,high_frequency,1,lambda_max,3.0,173.69589858276277,19.299544286973642,1.3242956463545896,19.299544286973635,1.0000000000000004,9.065004673652336,0.0112,0.009999999998739184,1.0,1.0,0.0,173.69589858276277,174.165374164873,0.46947558211022056
barabasi_albert,40,iid,0.15,0.75,constant,2,all,0.7499999999999999,-2.3039844637534596e-17,-4.095972380006151e-17,1.5398184702581157,22.14833879482546,-1.8493361592261257e-18,9.164858984693504,0.0118,0.009999999998951015,0.0114,0.009999999998951015,0.0014000000010489858,-2.3039844637534596e-17,0.017344791207329457,0.017344791207329482
barabasi_albert,40,iid,0.15,0.75,fiedler,2,fiedler,0.7500000000000002,0.8661478895201905,1.5398184702581155,1.5398184702581157,22.14833879482546,0.06952297797692461,9.164858984693504,0.0118,0.009999999998951015,0.028,0.026377317509513165,0.0016226824904868355,0.8661478895201905,0.8871460460770075,0.020998156556817027
barabasi_albert,40,iid,0.15,0.75,cluster,2,35;24;33;7;8;1;23;34,0.7499999999999999,2.6015625,4.625000000000001,1.5398184702581157,22.14833879482546,0.20881927276101378,9.164858984693504,0.0118,0.009999999998951015,0.204,0.21154022115972526,-0.007540221159725274,2.6015625,2.5793242059639363,-0.0222382940360637
barabasi_albert,40,iid,0.15,0.75,point,2,7,0.75,6.75,12.0,1.5398184702581157,22.14833879482546,0.5418013563529005,9.164858984693504,0.0118,0.009999999998951015,0.7834,0.7864543407937284,-0.0030543407937284606,6.75,6.734918959674299,-0.015081040325701345
barabasi_albert,40,iid,0.15,0.75,edge_bipolar,2,7-35,0.7499999999999999,4.781249999999999,8.5,1.5398184702581157,22.14833879482546,0.3837759607499712,9.164858984693504,0.0118,0.009999999998951015,0.5642,0.5545475699465393,0.009652430053460725,4.781249999999999,4.820787537277673,0.03953753727767406
barabasi_albert,40,iid,0.15,0.75,high_frequency,2,lambda_max,0.7500000000000001,12.45844057208932,22.14833879482545,1.5398184702581157,22.14833879482546,0.9999999999999996,9.164858984693504,0.0118,0.009999999998951015,0.9652,0.9663907371390698,-0.0011907371390698085,12.45844057208932,12.377080392444622,-0.08136017964469744
barabasi_albert,40,iid,0.15,1.5,constant,2,all,1.4999999999999998,-9.215937855013838e-17,-4.095972380006151e-17,1.5398184702581157,22.14833879482546,-1.8493361592261257e-18,9.164858984693504,0.0118,0.009999999998951015,0.0086,0.009999999998951015,-0.0013999999989510147,-9.215937855013838e-17,-0.003826752703472991,-0.0038267527034728985
barabasi_albert,40,iid,0.15,1.5,fiedler,2,fiedler,1.5000000000000004,3.464591558080762,1.5398184702581155,1.5398184702581157,22.14833879482546,0.06952297797692461,9.164858984693504,0.0118,0.009999999998951015,0.2936,0.29754635516752975,-0.003946355167529725,3.464591558080762,3.4495412838692756,-0.015050274211486414
barabasi_albert,40,iid,0.15,1.5,cluster,2,16;3;12;4;21;22;0;5,1.4999999999999998,11.8125,5.250000000000001,1.5398184702581157,22.14833879482546,0.23703809340439402,9.164858984693504,0.0118,0.009999999998951015,0.991,0.9918303105317681,-0.0008303105317680748,11.8125,11.741033848511776,-0.07146615148822377
barabasi_albert,40,iid,0.15,1.5,point,2,5,1.5,20.25,9.0,1.5398184702581157,22.14833879482546,0.4063510172646754,9.164858984693504,0.0118,0.009999999998951015,1.0,0.9999976798212858,2.320178714154686e-06,20.25,20.145742394233594,-0.10425760576640641
barabasi_albert,40,iid,0.15,1.5,edge_bipolar,2,0-27,1.4999999999999998,29.249999999999996,13.000000000000002,1.5398184702581157,22.14833879482546,0.586951469382309,9.164858984693504,0.0118,0.009999999998951015,1.0,0.9999991745077204,8.254922796435693e-07,29.249999999999996,29.25764244856237,0.00764244856237184
barabasi_albert,40,iid,0.15,1.5,high_frequency,2,lambda_max,1.5000000000000002,49.83376228835728,22.14833879482545,1.5398184702581157,22.14833879482546,0.9999999999999996,9.164858984693504,0.0118,0.009999999998951015,1.0,0.9999999999841729,1.5827117394451307e-11,49.83376228835728,49.96095799558984,0.12719570723255913
barabasi_albert,40,iid,0.15,3.0,constant,2,all,2.9999999999999996,-3.6863751420055353e-16,-4.095972380006151e-17,1.5398184702581157,22.14833879482546,-1.8493361592261257e-18,9.164858984693504,0.0118,0.009999999998951015,0.01,0.009999999998951015,1.0489855511996993e-12,-3.6863751420055353e-16,-0.041072944471626904,-0.04107294447162654
barabasi_albert,40,iid,0.15,3.0,fiedler,2,fiedler,3.000000000000001,13.858366232323048,1.5398184702581155,1.5398184702581157,22.14833879482546,0.06952297797692461,9.164858984693504,0.0118,0.009999999998951015,1.0,0.9999999998941491,1.0585088361381167e-10,13.858366232323048,13.871552203218766,0.013185970895717603
barabasi_albert,40,iid,0.15,3.0,cluster,2,6;0;1;3;7;8;10;11,2.9999999999999996,61.87499999999999,6.875000000000001,1.5398184702581157,22.14833879482546,0.31040702707718265,9.164858984693504,0.0118,0.009999999998951015,1.0,1.0,0.0,61.87499999999999,61.59178600708396,-0.283213992916032
barabasi_albert,40,iid,0.15,3.0,point,2,26,3.0,27.0,3.0,1.5398184702581157,22.14833879482546,0.13545033908822512,9.164858984693504,0.0118,0.009999999998951015,1.0,1.0,0.0,27.0,27.08043910253014,0.0804391025301392
barabasi_albert,40,iid,0.15,3.0,edge_bipolar,2,12-30,2.9999999999999996,44.999999999999986,4.999999999999999,1.5398184702581157,22.14833879482546,0.22575056514704184,9.164858984693504,0.0118,0.009999999998951015,1.0,1.0,0.0,44.999999999999986,45.04223345127194,0.042233451271954436
barabasi_albert,40,iid,0.15,3.0,high_frequency,2,lambda_max,3.0000000000000004,199.3350491534291,22.14833879482545,1.5398184702581157,22.14833879482546,0.9999999999999996,9.164858984693504,0.0118,0.009999999998951015,1.0,1.0,0.0,199.3350491534291,199.50316204879405,0.168112895364942
barabasi_albert,40,iid,0.15,0.75,constant,3,all,0.7499999999999999,-9.87421913037197e-18,-1.7554167342883506e-17,0.8852821697601257,19.299638921865892,-9.095593660560757e-19,9.015020667683864,0.0092,0.009999999994725395,0.0104,0.009999999994725395,0.0004000000052746047,-9.87421913037197e-18,-0.010640940837677526,-0.010640940837677516
barabasi_albert,40,iid,0.15,0.75,fiedler,3,fiedler,0.7499999999999999,0.4979712204900665,0.8852821697601183,0.8852821697601257,19.299638921865892,0.04587040065071482,9.015020667683864,0.0092,0.009999999994725395,0.0196,0.017960385052820993,0.0016396149471790064,0.4979712204900665,0.4949354790534235,-0.0030357414366429802
barabasi_albert,40,iid,0.15,0.75,cluster,3,24;8;11;5;0;4;15;18,0.7499999999999999,3.5859374999999996,6.375000000000001,0.8852821697601257,19.299638921865892,0.3303170606356435,9.015020667683864,0.0092,0.009999999994725395,0.3844,0.3858734650132367,-0.0014734650132366967,3.5859374999999996,3.6328584950343243,0.046920995034324786
barabasi_albert,40,iid,0.15,0.75,point,3,36,0.75,1.6875,3.0,0.8852821697601257,19.299638921865892,0.1554433226520675,9.015020667683864,0.0092,0.009999999994725395,0.0846,0.08266680733739568,0.0019331926626043189,1.6875,1.686600451340829,-0.0008995486591709678
barabasi_albert,40,iid,0.15,0.75,edge_bipolar,3,12-22,0.7499999999999999,2.8124999999999996,5.0,0.8852821697601257,19.299638921865892,0.25907220442011253,9.015020667683864,0.0092,0.009999999994725395,0.249,0.23838061068819522,0.010619389311804783,2.8124999999999996,2.8571279511323286,0.04462795113232909
barabasi_albert,40,iid,0.15,0.75,high_frequency,3,lambda_max,0.7500000000000001,10.856046893549568,19.299638921865892,0.8852821697601257,19.299638921865892,1.0,9.015020667683864,0.0092,0.009999999994725395,0.952,0.9529830803263222,-0.0009830803263222165,10.856046893549568,10.73540523888073,-0.12064165466883736
barabasi_albert,40,iid,0.15,1.5,constant,3,all,1.4999999999999998,-3.949687652148788e-17,-1.7554167342883506e-17,0.8852821697601257,19.299638921865892,-9.095593660560757e-19,9.015020667683864,0.0092,0.009999999994725395,0.0086,0.009999999994725395,-0.0013999999947253948,-3.949687652148788e-17,0.010016127882610526,0.010016127882610566
barabasi_albert,40,iid,0.15,1.5,fiedler,3,fiedler,1.4999999999999998,1.991884881960266,0.8852821697601183,0.8852821697601257,19.299638921865892,0.04587040065071482,9.015020667683864,0.0092,0.009999999994725395,0.0862,0.09042674910076265,-0.00422674910076265,1.991884881960266,1.9520015459805142,-0.03988333597975169
barabasi_albert,40,iid,0.15,1.5,cluster,3,4;0;1;2;5;6;8;9,1.4999999999999998,15.187499999999996,6.75,0.8852821697601257,19.299638921865892,0.3497474759671519,9.015020667683864,0.0092,0.009999999994725395,0.9998,0.9998298978138153,-2.9897813815238372e-05,15.187499999999996,15.236014338269896,0.04851433826990004
barabasi_albert,40,iid,0.15,1.5,point,3,30,1.5,6.75,3.0,0.8852821697601257,19.299638921865892,0.1554433226520675,9.015020667683864,0.0092,0.009999999994725395,0.9178,0.9151700198217672,0.0026299801782327936,6.75,6.74741275744547,-0.0025872425545303557
barabasi_albert,40,iid,0.15,1.5,edge_bipolar,3,7-12,1.4999999999999998,19.124999999999996,8.5,0.8852821697601257,19.299638921865892,0.44042274751419125,9.015020667683864,0.0092,0.009999999994725395,1.0,0.9999935604813119,6.439518688061696e-06,19.124999999999996,19.040779282287694,-0.08422071771230222
barabasi_albert,40,iid,0.15,1.5,high_frequency,3,lambda_max,1.5000000000000002,43.42418757419827,19.299638921865892,0.8852821697601257,19.299638921865892,1.0,9.015020667683864,0.0092,0.009999999994725395,1.0,0.9999999999431143,5.6885718358046233e-11,43.42418757419827,43.491944095509446,0.06775652131117482
barabasi_albert,40,iid,0.15,3.0,constant,3,all,2.9999999999999996,-1.5798750608595153e-16,-1.7554167342883506e-17,0.8852821697601257,19.299638921865892,-9.095593660560757e-19,9.015020667683864,0.0092,0.009999999994725395,0.0092,0.009999999994725395,-0.000799999994725395,-1.5798750608595153e-16,-0.0031368708837815618,-0.003136870883781404
barabasi_albert,40,iid,0.15,3.0,fiedler,3,fiedler,2.9999999999999996,7.967539527841064,0.8852821697601183,0.8852821697601257,19.299638921865892,0.04587040065071482,9.015020667683864,0.0092,0.009999999994725395,0.9986,0.9985638274430833,3.617255691679144e-05,7.967539527841064,7.995556116769754,0.028016588928690744
barabasi_albert,40,iid,0.15,3.0,cluster,3,15;8;2;7;25;28;29;0,2.9999999999999996,37.12499999999999,4.125,0.8852821697601257,19.299638921865892,0.21373456864659282,9.015020667683864,0.0092,0.009999999994725395,1.0,1.0,0.0,37.12499999999999,37.27216121499378,0.14716121499378687
barabasi_albert,40,iid,0.15,3.0,point,3,15,3.0,54.0,6.0,0.8852821697601257,19.299638921865892,0.310886645304135,9.015020667683864,0.0092,0.009999999994725395,1.0,1.0,0.0,54.0,54.1441023570827,0.14410235708270136
barabasi_albert,40,iid,0.15,3.0,edge_bipolar,3,17-36,2.9999999999999996,53.999999999999986,6.0,0.8852821697601257,19.299638921865892,0.310886645304135,9.015020667683864,0.0092,0.009999999994725395,1.0,1.0,0.0,53.999999999999986,53.985111707816394,-0.014888292183592
barabasi_albert,40,iid,0.15,3.0,high_frequency,3,lambda_max,3.0000000000000004,173.69675029679308,19.299638921865892,0.8852821697601257,19.299638921865892,1.0,9.015020667683864,0.0092,0.009999999994725395,1.0,1.0,0.0,173.69675029679308,173.8512129013098,0.15446260451670923
barabasi_albert,40,iid,0.3,0.75,constant,0,all,0.7499999999999999,-1.6457031883953286e-17,-2.9256945571472516e-17,1.5681565652499245,15.914018340705802,-1.8384385982915074e-18,35.679027529507735,0.0122,0.009999999995900677,0.0088,0.009999999995900677,-0.0011999999959006764,-1.6457031883953286e-17,-0.040959239244450885,-0.04095923924445087
barabasi_albert,40,iid,0.3,0.75,fiedler,0,fiedler,0.7499999999999999,0.8820880679530833,1.568156565249926,1.5681565652499245,15.914018340705802,0.09853932122465914,35.679027529507735,0.0122,0.009999999995900677,0.0098,0.013261965663508402,-0.003461965663508402,0.8820880679530833,0.9210317794835774,0.03894371153049414
barabasi_albert,40,iid,0.3,0.75,cluster,0,6;3;4;5;12;14;15;16,0.7499999999999999,3.0234375,5.375000000000001,1.5681565652499245,15.914018340705802,0.3377525326995202,35.679027529507735,0.0122,0.009999999995900677,0.0366,0.03876036939693511,-0.002160369396935112,3.0234375,3.053210705674168,0.02977320567416797
barabasi_albert,40,iid,0.3,0.75,point,0,31,0.75,2.25,4.0,1.5681565652499245,15.914018340705802,0.25135072200894526,35.679027529507735,0.0122,0.009999999995900677,0.024,0.023426837230244857,0.0005731627697551436,2.25,2.21442703228713,-0.035572967712869996
barabasi_albert,40,iid,0.3,0.75,edge_bipolar,0,0-4,0.7499999999999999,7.874999999999998,14.0,1.5681565652499245,15.914018340705802,0.8797275270313083,35.679027529507735,0.0122,0.009999999995900677,0.1668,0.1694287935976806,-0.00262879359768059,7.874999999999998,7.778099936546585,-0.09690006345341295
barabasi_albert,40,iid,0.3,0.75,high_frequency,0,lambda_max,0.75,8.951635316647014,15.914018340705802,1.5681565652499245,15.914018340705802,1.0,35.679027529507735,0.0122,0.009999999995900677,0.2116,0.20876012915047992,0.0028398708495200875,8.951635316647014,9.078151292012983,0.1265159753659688
barabasi_albert,40,iid,0.3,1.5,constant,0,all,1.4999999999999998,-6.582812753581314e-17,-2.9256945571472516e-17,1.5681565652499245,15.914018340705802,-1.8384385982915074e-18,35.679027529507735,0.0122,0.009999999995900677,0.0124,0.009999999995900677,0.0024000000040993227,-6.582812753581314e-17,0.11221534559448187,0.11221534559448194
barabasi_albert,40,iid,0.3,1.5,fiedler,0,fiedler,1.4999999999999998,3.528352271812333,1.568156565249926,1.5681565652499245,15.914018340705802,0.09853932122465914,35.679027529507735,0.0122,0.009999999995900677,0.0306,0.02990816281923475,0.0006918371807652472,3.528352271812333,3.543981925776457,0.015629653964123857
barabasi_albert,40,iid,0.3,1.5,cluster,0,37;1;5;23;0;4;8;10,1.4999999999999998,10.6875,4.750000000000001,1.5681565652499245,15.914018340705802,0.29847898238562254,35.679027529507735,0.0122,0.009999999995900677,0.2342,0.24448722305964826,-0.01028722305964827,10.6875,10.509922734241215,-0.17757726575878507
barabasi_albert,40,iid,0.3,1.5,point,0,34,1.5,6.75,3.0,1.5681565652499245,15.914018340705802,0.18851304150670892,35.679027529507735,0.0122,0.009999999995900677,0.087,0.08776159574217357,-0.0007615957421735764,6.75,6.732141414020564,-0.017858585979436015
barabasi_albert,40,iid,0.3,1.5,edge_bipolar,0,22-29,1.4999999999999998,13.499999999999996,6.0,1.5681565652499245,15.914018340705802,0.37702608301341783,35.679027529507735,0.0122,0.009999999995900677,0.3538,0.3626471413016912,-0.008847141301691175,13.499999999999996,13.422705841679061,-0.07729415832093522
barabasi_albert,40,iid,0.3,1.5,high_frequency,0,lambda_max,1.5,35.806541266588056,15.914018340705802,1.5681565652499245,15.914018340705802,1.0,35.679027529507735,0.0122,0.009999999995900677,0.9242,0.9203198305699671,0.003880169430032887,35.806541266588056,35.79547087712847,-0.011070389459582941
barabasi_albert,40,iid,0.3,3.0,constant,0,all,2.9999999999999996,-2.633125101432526e-16,-2.9256945571472516e-17,1.5681565652499245,15.914018340705802,-1.8384385982915074e-18,35.679027529507735,0.0122,0.009999999995900677,0.0086,0.009999999995900677,-0.0013999999959006769,-2.633125101432526e-16,0.09027529369814857,0.09027529369814884
barabasi_albert,40,iid,0.3,3.0,fiedler,0,fiedler,2.9999999999999996,14.113409087249332,1.568156565249926,1.5681565652499245,15.914018340705802,0.09853932122465914,35.679027529507735,0.0122,0.009999999995900677,0.3608,0.36711778462791866,-0.0063177846279186545,14.113409087249332,14.010670063138498,-0.10273902411083391
barabasi_albert,40,iid,0.3,3.0,cluster,0,13;1;12;5;0;4;8;10,2.9999999999999996,50.625,5.625000000000001,1.5681565652499245,15.914018340705802,0.3534619528250793,35.679027529507735,0.0122,0.009999999995900677,0.9976,0.9983463578265859,-0.0007463578265858306,50.625,50.78908102066969,0.1640810206696912
barabasi_albert,40,iid,0.3,3.0,point,0,9,3.0,72.0,8.0,1.5681565652499245,15.914018340705802,0.5027014440178905,35.679027529507735,0.0122,0.009999999995900677,1.0,0.9999944745348811,5.5254651188940684e-06,72.0,71.69106024932015,-0.3089397506798548
barabasi_albert,40,iid,0.3,3.0,edge_bipolar,0,1-4,2.9999999999999996,112.49999999999997,12.5,1.5681565652499245,15.914018340705802,0.7854710062779539,35.679027529507735,0.0122,0.009999999995900677,1.0,0.999999983974321,1.6025679006048676e-08,112.49999999999997,112.18657476979666,-0.3134252302033076
barabasi_albert,40,iid,0.3,3.0,high_frequency,0,lambda_max,3.0,143.22616506635222,15.914018340705802,1.5681565652499245,15.914018340705802,1.0,35.679027529507735,0.0122,0.009999999995900677,1.0,0.99999999955076,4.4923997855050857e-10,143.22616506635222,143.38183332913624,0.1556682627840189
barabasi_albert,40,iid,0.3,0.75,constant,1,all,0.7499999999999999,-2.30398446375346e-17,-4.095972380006152e-17,1.3930253958543828,18.50972879973602,-2.2128754150436645e-18,35.88966924047504,0.0096,0.009999999997765074,0.0116,0.009999999997765074,0.0016000000022349248,-2.30398446375346e-17,0.04392256689270724,0.04392256689270726
barabasi_albert,40,iid,0.3,0.75,fiedler,1,fiedler,0.7500000000000001,0.7835767851680902,1.393025395854382,1.3930253958543828,18.50972879973602,0.07525909271421896,35.88966924047504,0.0096,0.009999999997765074,0.014,0.0127298753841526,0.0012701246158474,0.7835767851680902,0.7736067527788819,-0.009970032389208239
barabasi_albert,40,iid,0.3,0.75,cluster,1,21;10;3;4;23;30;0;7,0.7499999999999999,3.0234374999999996,5.375,1.3930253958543828,18.50972879973602,0.290387831078144,35.88966924047504,0.0096,0.009999999997765074,0.0346,0.03987260103913198,-0.005272601039131984,3.0234374999999996,2.8780579880633894,-0.14537951193661014
barabasi_albert,40,iid,0.3,0.75,point,1,6,0.75,3.375,6.0,1.3930253958543828,18.50972879973602,0.3241538579476956,35.88966924047504,0.0096,0.009999999997765074,0.0366,0.0371925312043887,-0.0005925312043887007,3.375,3.25588553878881,-0.11911446121118985
barabasi_albert,40,iid,0.3,0.75,edge_bipolar,1,11-36,0.7499999999999999,2.5312499999999996,4.5,1.3930253958543828,18.50972879973602,0.24311539346077168,35.88966924047504,0.0096,0.009999999997765074,0.0256,0.025049906831503266,0.0005500931684967354,2.5312499999999996,2.6563119999939815,0.12506199999398193
barabasi_albert,40,iid,0.3,0.75,high_frequency,1,lambda_max,0.7500000000000001,10.41172244985151,18.50972879973601,1.3930253958543828,18.50972879973602,0.9999999999999994,35.88966924047504,0.0096,0.009999999997765074,0.2512,0.25843538203879296,-0.007235382038792981,10.41172244985151,10.341616706017096,-0.07010574383441437
barabasi_albert,40,iid,0.3,1.5,constant,1,all,1.4999999999999998,-9.21593785501384e-17,-4.095972380006152e-17,1.3930253958543828,18.50972879973602,-2.2128754150436645e-18,35.88966924047504,0.0096,0.009999999997765074,0.009,0.009999999997765074,-0.000999999997765075,-9.21593785501384e-17,-0.1249081140612347,-0.1249081140612346
barabasi_albert,40,iid,0.3,1.5,fiedler,1,fiedler,1.5000000000000002,3.1343071406723606,1.393025395854382,1.3930253958543828,18.50972879973602,0.07525909271421896,35.88966924047504,0.0096,0.009999999997765074,0.0256,0.025730202067859365,-0.00013020206785936336,3.1343071406723606,3.0697904288774005,-0.0645167117949601
barabasi_albert,40,iid,0.3,1.5,cluster,1,27;16;19;14;1;2;6;17,1.4999999999999998,9.5625,4.250000000000001,1.3930253958543828,18.50972879973602,0.2296089827129511,35.88966924047504,0.0096,0.009999999997765074,0.1854,0.19372161376844615,-0.008321613768446146,9.5625,9.459209395214216,-0.10329060478578356
barabasi_albert,40,iid,0.3,1.5,point,1,8,1.5,18.0,8.0,1.3930253958543828,18.50972879973602,0.43220514393026077,35.88966924047504,0.0096,0.009999999997765074,0.5532,0.5562296443916328,-0.0030296443916327798,18.0,17.871407641310743,-0.12859235868925722
barabasi_albert,40,iid,0.3,1.5,edge_bipolar,1,0-12,1.4999999999999998,19.124999999999993,8.499999999999998,1.3930253958543828,18.50972879973602,0.459217965425902,35.88966924047504,0.0096,0.009999999997765074,0.586,0.597261981144759,-0.01126198114475907,19.124999999999993,19.09116379610857,-0.033836203891421945
barabasi_albert,40,iid,0.3,1.5,high_frequency,1,lambda_max,1.5000000000000002,41.64688979940604,18.50972879973601,1.3930253958543828,18.50972879973602,0.9999999999999994,35.88966924047504,0.0096,0.009999999997765074,0.9498,0.9480952801534122,0.001704719846587821,41.64688979940604,41.72477442196764,0.0778846225615979
barabasi_albert,40,iid,0.3,3.0,constant,1,all,2.9999999999999996,-3.686375142005536e-16,-4.095972380006152e-17,1.3930253958543828,18.50972879973602,-2.2128754150436645e-18,35.88966924047504,0.0096,0.009999999997765074,0.0104,0.009999999997765074,0.0004000000022349251,-3.686375142005536e-16,-0.010474164805678754,-0.010474164805678384
barabasi_albert,40,iid,0.3,3.0,fiedler,1,fiedler,3.0000000000000004,12.537228562689442,1.393025395854382,1.3930253958543828,18.50972879973602,0.07525909271421896,35.88966924047504,0.0096,0.009999999997765074,0.2556,0.26524892642218034,-0.009648926422180348,12.537228562689442,12.446702929167767,-0.09052563352167553
barabasi_albert,40,iid,0.3,3.0,cluster,1,39;0;14;31;1;2;3;5,2.9999999999999996,55.125,6.125000000000001,1.3930253958543828,18.50972879973602,0.33090706332160597,35.88966924047504,0.0096,0.009999999997765074,0.9982,0.9989142716212552,-0.000714271621255258,55.125,55.374918176148825,0.2499181761488245
barabasi_albert,40,iid,0.3,3.0,point,1,21,3.0,45.0,5.0,1.3930253958543828,18.50972879973602,0.270128214956413,35.88966924047504,0.0096,0.009999999997765074,0.9988,0.9987171022748282,8.289772517178218e-05,45.0,44.96935212049381,-0.030647879506190634
barabasi_albert,40,iid,0.3,3.0,edge_bipolar,1,13-24,2.9999999999999996,44.99999999999999,5.0,1.3930253958543828,18.50972879973602,0.270128214956413,35.88966924047504,0.0096,0.009999999997765074,0.9998,0.998998741718633,0.0008012582813670122,44.99999999999999,45.379808009402126,0.379808009402133
barabasi_albert,40,iid,0.3,3.0,high_frequency,1,lambda_max,3.0000000000000004,166.58755919762416,18.50972879973601,1.3930253958543828,18.50972879973602,0.9999999999999994,35.88966924047504,0.0096,0.009999999997765074,1.0,0.9999999999171725,8.282752261834503e-11,166.58755919762416,166.81870694185054,0.23114774422637652
barabasi_albert,40,iid,0.3,0.75,constant,2,all,0.7499999999999999,-6.253672115902248e-17,-1.1117639317159555e-16,0.9066958416583829,16.648716119776065,-6.677775773925019e-18,35.71082713255934,0.0088,0.009999999997323095,0.0076,0.009999999997323095,-0.0023999999973230947,-6.253672115902248e-17,0.05012488093865386,0.05012488093865392
barabasi_albert,40,iid,0.3,0.75,fiedler,2,fiedler,0.75,0.5100164109328437,0.9066958416583888,0.9066958416583829,16.648716119776065,0.05446040614395342,35.71082713255934,0.0088,0.009999999997323095,0.0116,0.011698147623437405,-9.814762343740568e-05,0.5100164109328437,0.452513620649178,-0.05750279028366567
barabasi_albert,40,iid,0.3,0.75,cluster,2,15;2;4;14;20;28;30;0,0.7499999999999999,2.53125,4.500000000000001,0.9066958416583829,16.648716119776065,0.270291112397232,35.71082713255934,0.0088,0.009999999997323095,0.0314,0.0329529101353796,-0.001552910135379601,2.53125,2.4663529292027278,-0.06489707079727225
barabasi_albert,40,iid,0.3,0.75,point,2,37,0.75,1.6875,3.0,0.9066958416583829,16.648716119776065,0.18019407493148798,35.71082713255934,0.0088,0.009999999997323095,0.0212,0.018502588433903955,0.0026974115660960453,1.6875,1.6556289116501794,-0.03187108834982055
barabasi_albert,40,iid,0.3,0.75,edge_bipolar,2,28-34,0.7499999999999999,2.8124999999999996,5.0,0.9066958416583829,16.648716119776065,0.30032345821914663,35.71082713255934,0.0088,0.009999999997323095,0.0316,0.029082394886478014,0.0025176051135219896,2.8124999999999996,2.852706227189149,0.040206227189149235
barabasi_albert,40,iid,0.3,0.75,high_frequency,2,lambda_max,0.7500000000000001,9.364902817374032,16.64871611977605,0.9066958416583829,16.648716119776065,0.9999999999999991,35.71082713255934,0.0088,0.009999999997323095,0.2308,0.22366700319616778,0.0071329968038322256,9.364902817374032,9.503079246147,0.13817642877296699
barabasi_albert,40,iid,0.3,1.5,constant,2,all,1.4999999999999998,-2.5014688463608994e-16,-1.1117639317159555e-16,0.9066958416583829,16.648716119776065,-6.677775773925019e-18,35.71082713255934,0.0088,0.009999999997323095,0.0096,0.009999999997323095,-0.0003999999973230955,-2.5014688463608994e-16,0.03366621579657547,0.03366621579657572
barabasi_albert,40,iid,0.3,1.5,fiedler,2,fiedler,1.5,2.0400656437313747,0.9066958416583888,0.9066958416583829,16.648716119776065,0.05446040614395342,35.71082713255934,0.0088,0.009999999997323095,0.0196,0.018573592483826118,0.0010264075161738814,2.0400656437313747,2.1198320212838695,0.07976637755249483
barabasi_albert,40,iid,0.3,1.5,cluster,2,29;24;2;23;31;19;14;0,1.4999999999999998,9.0,4.000000000000001,0.9066958416583829,16.648716119776065,0.24025876657531736,35.71082713255934,0.0088,0.009999999997323095,0.1866,0.18619435260639844,0.0004056473936015492,9.0,9.013772368894767,0.013772368894766629
barabasi_albert,40,iid,0.3,1.5,point,2,14,1.5,11.25,5.0,0.9066958416583829,16.648716119776065,0.30032345821914663,35.71082713255934,0.0088,0.009999999997323095,0.254,0.2531201570511966,0.0008798429488033888,11.25,11.284688520840582,0.03468852084058227
barabasi_albert,40,iid,0.3,1.5,edge_bipolar,2,2-29,1.4999999999999998,22.499999999999996,10.0,0.9066958416583829,16.648716119776065,0.6006469164382933,35.71082713255934,0.0088,0.009999999997323095,0.6954,0.6951440966455071,0.00025590335449288126,22.499999999999996,22.33770629955965,-0.16229370044034752
barabasi_albert,40,iid,0.3,1.5,high_frequency,2,lambda_max,1.5000000000000002,37.45961126949613,16.64871611977605,0.9066958416583829,16.648716119776065,0.9999999999999991,35.71082713255934,0.0088,0.009999999997323095,0.9224,0.9301740152511732,-0.007774015251173161,37.45961126949613,37.141870383962576,-0.31774088553355284
barabasi_albert,40,iid,0.3,3.0,constant,2,all,2.9999999999999996,-1.0005875385443597e-15,-1.1117639317159555e-16,0.9066958416583829,16.648716119776065,-6.677775773925019e-18,35.71082713255934,0.0088,0.009999999997323095,0.0094,0.009999999997323095,-0.0005999999973230943,-1.0005875385443597e-15,-0.008185259093536956,-0.008185259093535955
barabasi_albert,40,iid,0.3,3.0,fiedler,2,fiedler,3.0,8.160262574925499,0.9066958416583888,0.9066958416583829,16.648716119776065,0.05446040614395342,35.71082713255934,0.0088,0.009999999997323095,0.096,0.10039251824262946,-0.004392518242629456,8.160262574925499,8.142414065447127,-0.017848509478371355
barabasi_albert,40,iid,0.3,3.0,cluster,2,16;8;2;5;18;36;38;0,2.9999999999999996,39.375,4.375000000000001,0.9066958416583829,16.648716119776065,0.26278302594175335,35.71082713255934,0.0088,0.009999999997323095,0.983,0.9811529474688494,0.0018470525311505837,39.375,39.387092904718436,0.01209290471843616
barabasi_albert,40,iid,0.3,3.0,point,2,22,3.0,54.0,6.0,0.9066958416583829,16.648716119776065,0.36038814986297596,35.71082713255934,0.0088,0.009999999997323095,0.9998,0.9998318242645395,-3.1824264539515035e-05,54.0,54.033541934997295,0.033541934997295186
barabasi_albert,40,iid,0.3,3.0,edge_bipolar,2,15-20,2.9999999999999996,53.99999999999999,6.0,0.9066958416583829,16.648716119776065,0.36038814986297596,35.71082713255934,0.0088,0.009999999997323095,0.9996,0.999854025888955,-0.00025402588895495626,53.99999999999999,54.15205793932875,0.15205793932875622
barabasi_albert,40,iid,0.3,3.0,high_frequency,2,lambda_max,3.0000000000000004,149.83844507798452,16.64871611977605,0.9066958416583829,16.648716119776065,0.9999999999999991,35.71082713255934,0.0088,0.009999999997323095,1.0,0.9999999997358087,2.6419133547506135e-10,149.83844507798452,149.5229589983334,-0.31548607965112296
barabasi_albert,40,iid,0.3,0.75,constant,3,all,0.7499999999999999,3.2914063767906486e-18,5.851389114294488e-18,1.4578611426316328,20.227195992875256,2.892832558875465e-19,36.31785240564797,0.008,0.009999999999012632,0.012,0.009999999999012632,0.002000000000987368,3.2914063767906486e-18,0.015901900342743858,0.015901900342743854
barabasi_albert,40,iid,0.3,0.75,fiedler,3,fiedler,0.7500000000000001,0.8200468927302954,1.4578611426316357,1.4578611426316328,20.227195992875256,0.07207430743960491,36.31785240564797,0.008,0.009999999999012632,0.0086,0.012729666503331072,-0.004129666503331072,0.8200468927302954,0.6787840950607915,-0.1412627976695039
barabasi_albert,40,iid,0.3,0.75,cluster,3,35;32;12;5;10;14;38;9,0.7499999999999999,2.671875,4.750000000000001,1.4578611426316328,20.227195992875256,0.23483235153666981,36.31785240564797,0.008,0.009999999999012632,0.0296,0.03406052036284435,-0.004460520362844347,2.671875,2.54952633232838,-0.12234866767161989
barabasi_albert,40,iid,0.3,0.75,point,3,1,0.75,2.8125,5.0,1.4578611426316328,20.227195992875256,0.24719194898596816,36.31785240564797,0.008,0.009999999999012632,0.0248,0.027813937629090346,-0.003013937629090347,2.8125,2.7417160676587606,-0.07078393234123936
barabasi_albert,40,iid,0.3,0.75,edge_bipolar,3,7-19,0.7499999999999999,3.3749999999999996,6.0,1.4578611426316328,20.227195992875256,0.2966303387831618,36.31785240564797,0.008,0.009999999999012632,0.0298,0.03481754146479804,-0.005017541464798041,3.3749999999999996,3.187770954382824,-0.18722904561717568
barabasi_albert,40,iid,0.3,0.75,high_frequency,3,lambda_max,0.7500000000000001,11.377797745992334,20.227195992875252,1.4578611426316328,20.227195992875256,0.9999999999999998,36.31785240564797,0.008,0.009999999999012632,0.2668,0.2819043209336498,-0.015104320933649829,11.377797745992334,11.197675557490076,-0.18012218850225814
barabasi_albert,40,iid,0.3,1.5,constant,3,all,1.4999999999999998,1.3165625507162594e-17,5.851389114294488e-18,1.4578611426316328,20.227195992875256,2.892832558875465e-19,36.31785240564797,0.008,0.009999999999012632,0.0084,0.009999999999012632,-0.0015999999990126326,1.3165625507162594e-17,-0.0016714092981722217,-0.001671409298172235
barabasi_albert,40,iid,0.3,1.5,fiedler,3,fiedler,1.5000000000000002,3.2801875709211816,1.4578611426316357,1.4578611426316328,20.227195992875256,0.07207430743960491,36.31785240564797,0.008,0.009999999999012632,0.0232,0.025800366930512353,-0.0026003669305123545,3.2801875709211816,3.1655378959237623,-0.11464967499741929
barabasi_albert,40,iid,0.3,1.5,cluster,3,38;32;2;12;10;5;14;35,1.4999999999999998,9.0,4.000000000000001,1.4578611426316328,20.227195992875256,0.19775355918877457,36.31785240564797,0.008,0.009999999999012632,0.165,0.16799292660841103,-0.002992926608411023,9.0,8.967803363561767,-0.03219663643823267
barabasi_albert,40,iid,0.3,1.5,point,3,14,1.5,15.75,7.0,1.4578611426316328,20.227195992875256,0.3460687285803554,36.31785240564797,0.008,0.009999999999012632,0.4462,0.43922865724460414,0.0069713427553958485,15.75,15.791536078777682,0.04153607877768195
barabasi_albert,40,iid,0.3,1.5,edge_bipolar,3,16-34,1.4999999999999998,11.249999999999996,4.999999999999999,1.4578611426316328,20.227195992875256,0.24719194898596814,36.31785240564797,0.008,0.009999999999012632,0.2296,0.22876682853247177,0.000833171467528232,11.249999999999996,11.32166775032643,0.07166775032643358
barabasi_albert,40,iid,0.3,1.5,high_frequency,3,lambda_max,1.5000000000000002,45.511190983969335,20.227195992875252,1.4578611426316328,20.227195992875256,0.9999999999999998,36.31785240564797,0.008,0.009999999999012632,0.9564,0.957702947491489,-0.0013029474914889594,45.511190983969335,45.78824839392812,0.27705740995878614
barabasi_albert,40,iid,0.3,3.0,constant,3,all,2.9999999999999996,5.266250202865038e-17,5.851389114294488e-18,1.4578611426316328,20.227195992875256,2.892832558875465e-19,36.31785240564797,0.008,0.009999999999012632,0.0088,0.009999999999012632,-0.0011999999990126315,5.266250202865038e-17,-0.1901586849217516,-0.19015868492175164
barabasi_albert,40,iid,0.3,3.0,fiedler,3,fiedler,3.0000000000000004,13.120750283684727,1.4578611426316357,1.4578611426316328,20.227195992875256,0.07207430743960491,36.31785240564797,0.008,0.009999999999012632,0.2754,0.2748274756331502,0.0005725243668497915,13.120750283684727,13.112906653072201,-0.007843630612525132
barabasi_albert,40,iid,0.3,3.0,cluster,3,13;9;4;5;19;25;0;8,2.9999999999999996,56.24999999999999,6.250000000000001,1.4578611426316328,20.227195992875256,0.30898993623246024,36.31785240564797,0.008,0.009999999999012632,0.9974,0.9981899507591387,-0.0007899507591387911,56.24999999999999,56.37101821318779,0.12101821318779571
barabasi_albert,40,iid,0.3,3.0,point,3,4,3.0,171.0,19.0,1.4578611426316328,20.227195992875256,0.939329406146679,36.31785240564797,0.008,0.009999999999012632,1.0,0.9999999998170204,1.8297963144675577e-10,171.0,170.5615630575857,-0.4384369424143131
barabasi_albert,40,iid,0.3,3.0,edge_bipolar,3,2-10,2.9999999999999996,89.99999999999997,9.999999999999998,1.4578611426316328,20.227195992875256,0.49438389797193627,36.31785240564797,0.008,0.009999999999012632,1.0,0.9999995817219256,4.182780743988701e-07,89.99999999999997,90.01211551211895,0.012115512118981542
barabasi_albert,40,iid,0.3,3.0,high_frequency,3,lambda_max,3.0000000000000004,182.04476393587734,20.227195992875252,1.4578611426316328,20.227195992875256,0.9999999999999998,36.31785240564797,0.008,0.009999999999012632,1.0,0.999999999963028,3.697198103225219e-11,182.04476393587734,182.85521555321952,0.8104516173421814
barabasi_albert,40,correlated,0.15,0.75,constant,0,all,0.7499999999999999,-1.0532500405730104e-16,-1.872444516574241e-16,1.147390937707021,19.35176478726922,-9.675833378287286e-18,7.607612885651973,0.0102,0.009999999999830755,0.0084,0.009999999999830755,-0.001599999999830756,-1.0532500405730104e-16,-0.012998344504101311,-0.012998344504101205
barabasi_albert,40,correlated,0.15,0.75,fiedler,0,fiedler,0.7500000000000001,0.6454074024601997,1.1473909377070213,1.147390937707021,19.35176478726922,0.05929128171616913,7.607612885651973,0.0102,0.009999999999830755,0.025,0.025221330494072436,-0.0002213304940724345,0.6454074024601997,0.6243446404682809,-0.02106276199191881
barabasi_albert,40,correlated,0.15,0.75,cluster,0,16;8;11;6;25;0;3;7,0.7499999999999999,4.078124999999999,7.25,1.147390937707021,19.35176478726922,0.3746428338551063,7.607612885651973,0.0102,0.009999999999830755,0.5904,0.5795589697599708,0.010841030240029248,4.078124999999999,4.1135990031662315,0.03547400316623239
barabasi_albert,40,correlated,0.15,0.75,point,0,4,0.75,9.0,16.0,1.147390937707021,19.35176478726922,0.8267979781629933,7.607612885651973,0.0102,0.009999999999830755,0.9582,0.9600973989606232,-0.0018973989606231312,9.0,8.98456071227126,-0.01543928772873926
barabasi_albert,40,correlated,0.15,0.75,edge_bipolar,0,4-13,0.7499999999999999,6.75,12.000000000000002,1.147390937707021,19.35176478726922,0.6200984836222451,7.607612885651973,0.0102,0.009999999999830755,0.885,0.8853496081661549,-0.0003496081661549244,6.75,6.807513368518555,0.057513368518555374
barabasi_albert,40,correlated,0.15,0.75,high_frequency,0,lambda_max,0.7500000000000001,10.885367692838932,19.351764787269204,1.147390937707021,19.35176478726922,0.9999999999999991,7.607612885651973,0.0102,0.009999999999830755,0.9874,0.9842673757922072,0.0031326242077928113,10.885367692838932,10.84684398848822,-0.03852370435071073
barabasi_albert,40,correlated,0.15,1.5,constant,0,all,1.4999999999999998,-4.2130001622920416e-16,-1.872444516574241e-16,1.147390937707021,19.35176478726922,-9.675833378287286e-18,7.607612885651973,0.0102,0.009999999999830755,0.0088,0.009999999999830755,-0.0011999999998307549,-4.2130001622920416e-16,-0.021627650353104322,-0.021627650353103902
barabasi_albert,40,correlated,0.15,1.5,fiedler,0,fiedler,1.5000000000000002,2.5816296098407987,1.1473909377070213,1.147390937707021,19.35176478726922,0.05929128171616913,7.607612885651973,0.0102,0.009999999999830755,0.2452,0.2466274045557335,-0.001427404555733508,2.5816296098407987,2.5599585269229133,-0.021671082917885442
barabasi_albert,40,correlated,0.15,1.5,cluster,0,15;0;4;6;18;26;1;2,1.4999999999999998,8.15625,3.625000000000001,1.147390937707021,19.35176478726922,0.18732141692755322,7.607612885651973,0.0102,0.009999999999830755,0.9686,0.9701461777923645,-0.0015461777923644338,8.15625,8.139891879525749,-0.016358120474251336
barabasi_albert,40,correlated,0.15,1.5,point,0,27,1.5,9.0,4.0,1.147390937707021,19.35176478726922,0.20669949454074832,7.607612885651973,0.0102,0.009999999999830755,0.9994,0.9991253112509939,0.0002746887490060468,9.0,9.005512788617274,0.005512788617274111
barabasi_albert,40,correlated,0.15,1.5,edge_bipolar,0,0-5,1.4999999999999998,27.0,12.000000000000002,1.147390937707021,19.35176478726922,0.6200984836222451,7.607612885651973,0.0102,0.009999999999830755,1.0,0.9999999996164316,3.835683992647887e-10,27.0,26.981574754365372,-0.018425245634627885
barabasi_albert,40,correlated,0.15,1.5,high_frequency,0,lambda_max,1.5000000000000002,43.541470771355726,19.351764787269204,1.147390937707021,19.35176478726922,0.9999999999999991,7.607612885651973,0.0102,0.009999999999830755,1.0,0.9999999999999827,1.7319479184152442e-14,43.541470771355726,43.40020582245328,-0.141264948902446
barabasi_albert,40,correlated,0.15,3.0,constant,0,all,2.9999999999999996,-1.6852000649168166e-15,-1.872444516574241e-16,1.147390937707021,19.35176478726922,-9.675833378287286e-18,7.607612885651973,0.0102,0.009999999999830755,0.0114,0.009999999999830755,0.001400000000169245,-1.6852000649168166e-15,0.008996274134102755,0.00899627413410444
barabasi_albert,40,correlated,0.15,3.0,fiedler,0,fiedler,3.0000000000000004,10.326518439363195,1.1473909377070213,1.147390937707021,19.35176478726922,0.05929128171616913,7.607612885651973,0.0102,0.009999999999830755,1.0,0.9999995128175674,4.871824326180274e-07,10.326518439363195,10.328989459013858,0.0024710196506632087
barabasi_albert,40,correlated,0.15,3.0,cluster,0,5;0;3;4;6;10;27;1,2.9999999999999996,56.249999999999986,6.25,1.147390937707021,19.35176478726922,0.32296796021991925,7.607612885651973,0.0102,0.009999999999830755,1.0,1.0,0.0,56.249999999999986,56.30993187780668,0.05993187780669729
barabasi_albert,40,correlated,0.15,3.0,point,0,34,3.0,27.0,3.0,1.147390937707021,19.35176478726922,0.15502462090556124,7.607612885651973,0.0102,0.009999999999830755,1.0,1.0,0.0,27.0,26.953358089232687,-0.04664191076731328
barabasi_albert,40,correlated,0.15,3.0,edge_bipolar,0,8-16,2.9999999999999996,76.49999999999999,8.5,1.147390937707021,19.35176478726922,0.4392364258990902,7.607612885651973,0.0102,0.009999999999830755,1.0,1.0,0.0,76.49999999999999,76.51554478262145,0.015544782621461195
barabasi_albert,40,correlated,0.15,3.0,high_frequency,0,lambda_max,3.0000000000000004,174.1658830854229,19.351764787269204,1.147390937707021,19.35176478726922,0.9999999999999991,7.607612885651973,0.0102,0.009999999999830755,1.0,0.9999999999999993,6.661338147750939e-16,174.1658830854229,174.50227903590613,0.33639595048322235
barabasi_albert,40,correlated,0.15,0.75,constant,1,all,0.7499999999999999,-5.924531478223182e-17,-1.0532500405730104e-16,1.5457234956959667,24.133898565993313,-4.3641935333942605e-18,7.781489957121319,0.0112,0.010000000023059397,0.0096,0.010000000023059397,-0.00040000002305939746,-5.924531478223182e-17,-0.00017548713487780532,-0.00017548713487774607
barabasi_albert,40,correlated,0.15,0.75,fiedler,1,fiedler,0.75,0.8694694663289804,1.5457234956959651,1.5457234956959667,24.133898565993313,0.06404781604054718,7.781489957121319,0.0112,0.010000000023059397,0.0264,0.03190909863171576,-0.00550909863171576,0.8694694663289804,0.8446861223849256,-0.024783343944054792
barabasi_albert,40,correlated,0.15,0.75,cluster,1,30;0;16;6;1;2;3;4,0.7499999999999999,3.867187499999999,6.875,1.5457234956959667,24.133898565993313,0.28486901862127867,7.781489957121319,0.0112,0.010000000023059397,0.5094,0.4999234573723631,0.009476542627636864,3.867187499999999,3.8763740436800784,0.009186543680079318
barabasi_albert,40,correlated,0.15,0.75,point,1,6,0.75,5.625,10.0,1.5457234956959667,24.133898565993313,0.41435493617640534,7.781489957121319,0.0112,0.010000000023059397,0.7912,0.7957597288155027,-0.004559728815502706,5.625,5.641575783807346,0.0165757838073457
barabasi_albert,40,correlated,0.15,0.75,edge_bipolar,1,0-11,0.7499999999999999,8.156249999999998,14.5,1.5457234956959667,24.133898565993313,0.6008146574557878,7.781489957121319,0.0112,0.010000000023059397,0.8938,0.9009858150697738,-0.007185815069773782,8.156249999999998,8.073738788084386,-0.08251121191561239
barabasi_albert,40,correlated,0.15,0.75,high_frequency,1,lambda_max,0.7499999999999999,13.575317943371227,24.133898565993295,1.5457234956959667,24.133898565993313,0.9999999999999992,7.781489957121319,0.0112,0.010000000023059397,0.9922,0.991237947082279,0.0009620529177210013,13.575317943371227,13.586360913124642,0.011042969753415122
barabasi_albert,40,correlated,0.15,1.5,constant,1,all,1.4999999999999998,-2.369812591289273e-16,-1.0532500405730104e-16,1.5457234956959667,24.133898565993313,-4.3641935333942605e-18,7.781489957121319,0.0112,0.010000000023059397,0.0078,0.010000000023059397,-0.002200000023059397,-2.369812591289273e-16,-0.002306594403417961,-0.002306594403417724
barabasi_albert,40,correlated,0.15,1.5,fiedler,1,fiedler,1.5,3.4778778653159215,1.5457234956959651,1.5457234956959667,24.133898565993313,0.06404781604054718,7.781489957121319,0.0112,0.010000000023059397,0.4472,0.4376584101544284,0.009541589845571574,3.4778778653159215,3.5051016249568407,0.027223759640919276
barabasi_albert,40,correlated,0.15,1.5,cluster,1,6;0;3;4;8;9;11;12,1.4999999999999998,14.624999999999996,6.5,1.5457234956959667,24.133898565993313,0.2693307085146635,7.781489957121319,0.0112,0.010000000023059397,0.9998,0.9997985089325843,1.4910674157597725e-06,14.624999999999996,14.528290784799486,-0.09670921520051046
barabasi_albert,40,correlated,0.15,1.5,point,1,6,1.5,22.5,10.0,1.5457234956959667,24.133898565993313,0.41435493617640534,7.781489957121319,0.0112,0.010000000023059397,1.0,0.9999999958879155,4.112084450724751e-09,22.5,22.471732979292888,-0.028267020707112067
barabasi_albert,40,correlated,0.15,1.5,edge_bipolar,1,15-34,1.4999999999999998,13.499999999999996,6.0,1.5457234956959667,24.133898565993313,0.2486129617058432,7.781489957121319,0.0112,0.010000000023059397,1.0,0.9999961181484252,3.8818515748495486e-06,13.499999999999996,13.475814447060591,-0.024185552939405497
barabasi_albert,40,correlated,0.15,1.5,high_frequency,1,lambda_max,1.4999999999999998,54.301271773484906,24.133898565993295,1.5457234956959667,24.133898565993313,0.9999999999999992,7.781489957121319,0.0112,0.010000000023059397,1.0,0.999999999999995,4.9960036108132044e-15,54.301271773484906,54.36860368583636,0.06733191235145597
barabasi_albert,40,correlated,0.15,3.0,constant,1,all,2.9999999999999996,-9.479250365157092e-16,-1.0532500405730104e-16,1.5457234956959667,24.133898565993313,-4.3641935333942605e-18,7.781489957121319,0.0112,0.010000000023059397,0.0114,0.010000000023059397,0.0013999999769406038,-9.479250365157092e-16,0.00015084103187312792,0.00015084103187407584
barabasi_albert,40,correlated,0.15,3.0,fiedler,1,fiedler,3.0,13.911511461263686,1.5457234956959651,1.5457234956959667,24.133898565993313,0.06404781604054718,7.781489957121319,0.0112,0.010000000023059397,1.0,0.9999999996806752,3.193247888333417e-10,13.911511461263686,13.817843661864968,-0.09366779939871783
barabasi_albert,40,correlated,0.15,3.0,cluster,1,34;3;20;15;0;4;5;6,2.9999999999999996,61.87499999999998,6.874999999999999,1.5457234956959667,24.133898565993313,0.28486901862127867,7.781489957121319,0.0112,0.010000000023059397,1.0,1.0,0.0,61.87499999999998,61.81065678562727,-0.0643432143727054
barabasi_albert,40,correlated,0.15,3.0,point,1,18,3.0,36.0,4.0,1.5457234956959667,24.133898565993313,0.16574197447056213,7.781489957121319,0.0112,0.010000000023059397,1.0,0.9999999999048662,9.513378973480258e-11,36.0,36.05463001323802,0.054630013238018194
barabasi_albert,40,correlated,0.15,3.0,edge_bipolar,1,8-33,2.9999999999999996,71.99999999999999,8.0,1.5457234956959667,24.133898565993313,0.33148394894112426,7.781489957121319,0.0112,0.010000000023059397,1.0,0.9999999999999998,2.220446049250313e-16,71.99999999999999,71.97977403234573,-0.020225967654255328
barabasi_albert,40,correlated,0.15,3.0,high_frequency,1,lambda_max,2.9999999999999996,217.20508709393962,24.133898565993295,1.5457234956959667,24.133898565993313,0.9999999999999992,7.781489957121319,0.0112,0.010000000023059397,1.0,1.0,0.0,217.20508709393962,217.45433083049792,0.24924373655829868
barabasi_albert,40,correlated,0.15,0.75,constant,2,all,0.7499999999999999,-1.9748438260743944e-17,-3.510833468576702e-17,0.9202851684507278,17.4520403763174,-2.0117037279726554e-18,7.385572403185853,0.0076,0.009999999999780351,0.0094,0.009999999999780351,-0.0005999999997803509,-1.9748438260743944e-17,-0.00021983492732324805,-0.0002198349273232283
barabasi_albert,40,correlated,0.15,0.75,fiedler,2,fiedler,0.7499999999999999,0.5176604072535334,0.9202851684507262,0.9202851684507278,17.4520403763174,0.05273223924576537,7.385572403185853,0.0076,0.009999999999780351,0.0196,0.02169491844129906,-0.002094918441299061,0.5176604072535334,0.49424994931886346,-0.023410457934669893
barabasi_albert,40,correlated,0.15,0.75,cluster,2,1;0;4;5;6;7;9;11,0.7499999999999999,3.867187499999999,6.875,0.9202851684507278,17.4520403763174,0.3939367461772233,7.385572403185853,0.0076,0.009999999999780351,0.5824,0.587554505170112,-0.005154505170111956,3.867187499999999,3.8449347575137276,-0.022252742486271515
barabasi_albert,40,correlated,0.15,0.75,point,2,33,0.75,1.6875,3.0,0.9202851684507278,17.4520403763174,0.171899671059152,7.385572403185853,0.0076,0.009999999999780351,0.1272,0.1237350523080556,0.0034649476919444144,1.6875,1.6668855035601648,-0.02061449643983515
barabasi_albert,40,correlated,0.15,0.75,edge_bipolar,2,16-22,0.7499999999999999,3.656249999999999,6.5,0.9202851684507278,17.4520403763174,0.3724492872948293,7.385572403185853,0.0076,0.009999999999780351,0.5632,0.573082131879444,-0.009882131879443978,3.656249999999999,3.624481727561043,-0.0317682724389563
barabasi_albert,40,correlated,0.15,0.75,high_frequency,2,lambda_max,0.7500000000000001,9.81677271167854,17.4520403763174,0.9202851684507278,17.4520403763174,1.0,7.385572403185853,0.0076,0.009999999999780351,0.9842,0.9822353173298508,0.0019646826701491538,9.81677271167854,9.842192392422415,0.025419680743874906
barabasi_albert,40,correlated,0.15,1.5,constant,2,all,1.4999999999999998,-7.899375304297578e-17,-3.510833468576702e-17,0.9202851684507278,17.4520403763174,-2.0117037279726554e-18,7.385572403185853,0.0076,0.009999999999780351,0.0082,0.009999999999780351,-0.0017999999997803506,-7.899375304297578e-17,-0.015607065696992883,-0.015607065696992804
barabasi_albert,40,correlated,0.15,1.5,fiedler,2,fiedler,1.4999999999999998,2.0706416290141334,0.9202851684507262,0.9202851684507278,17.4520403763174,0.05273223924576537,7.385572403185853,0.0076,0.009999999999780351,0.1608,0.1627436789675777,-0.0019436789675776889,2.0706416290141334,2.048600812455022,-0.022040816559111498
barabasi_albert,40,correlated,0.15,1.5,cluster,2,38;8;11;6;39;0;3;5,1.4999999999999998,12.375,5.500000000000001,0.9202851684507278,17.4520403763174,0.3151493969417787,7.385572403185853,0.0076,0.009999999999780351,0.9996,0.99969151533635,-9.151533634998987e-05,12.375,12.315717808696178,-0.059282191303822174
barabasi_albert,40,correlated,0.15,1.5,point,2,30,1.5,9.0,4.0,0.9202851684507278,17.4520403763174,0.22919956141220266,7.385572403185853,0.0076,0.009999999999780351,0.9996,0.99943993103328,0.00016006896672005055,9.0,8.99735270278152,-0.00264729721848056
barabasi_albert,40,correlated,0.15,1.5,edge_bipolar,2,4-33,1.4999999999999998,23.625,10.500000000000002,0.9202851684507278,17.4520403763174,0.6016488487070321,7.385572403185853,0.0076,0.009999999999780351,1.0,0.9999999883770452,1.1622954820822429e-08,23.625,23.60652156393253,-0.01847843606746835
barabasi_albert,40,correlated,0.15,1.5,high_frequency,2,lambda_max,1.5000000000000002,39.26709084671416,17.4520403763174,0.9202851684507278,17.4520403763174,1.0,7.385572403185853,0.0076,0.009999999999780351,1.0,0.9999999999999842,1.5765166949677223e-14,39.26709084671416,39.28080023454691,0.013709387832747666
barabasi_albert,40,correlated,0.15,3.0,constant,2,all,2.9999999999999996,-3.159750121719031e-16,-3.510833468576702e-17,0.9202851684507278,17.4520403763174,-2.0117037279726554e-18,7.385572403185853,0.0076,0.009999999999780351,0.0106,0.009999999999780351,0.0006000000002196488,-3.159750121719031e-16,0.016329920052757352,0.016329920052757668
barabasi_albert,40,correlated,0.15,3.0,fiedler,2,fiedler,2.9999999999999996,8.282566516056534,0.9202851684507262,0.9202851684507278,17.4520403763174,0.05273223924576537,7.385572403185853,0.0076,0.009999999999780351,1.0,0.9999981111492289,1.8888507711256608e-06,8.282566516056534,8.29875738914673,0.016190873090195623
barabasi_albert,40,correlated,0.15,3.0,cluster,2,32;15;14;7;39;1;4;27,2.9999999999999996,36.0,4.000000000000001,0.9202851684507278,17.4520403763174,0.2291995614122027,7.385572403185853,0.0076,0.009999999999780351,1.0,1.0,0.0,36.0,36.083600125461366,0.0836001254613663
barabasi_albert,40,correlated,0.15,3.0,point,2,37,3.0,27.0,3.0,0.9202851684507278,17.4520403763174,0.171899671059152,7.385572403185853,0.0076,0.009999999999780351,1.0,1.0,0.0,27.0,27.034277358501697,0.03427735850169711
barabasi_albert,40,correlated,0.15,3.0,edge_bipolar,2,18-33,2.9999999999999996,49.49999999999999,5.5,0.9202851684507278,17.4520403763174,0.3151493969417786,7.385572403185853,0.0076,0.009999999999780351,1.0,1.0,0.0,49.49999999999999,49.441066733353644,-0.058933266646349125
barabasi_albert,40,correlated,0.15,3.0,high_frequency,2,lambda_max,3.0000000000000004,157.06836338685665,17.4520403763174,0.9202851684507278,17.4520403763174,1.0,7.385572403185853,0.0076,0.009999999999780351,1.0,0.9999999999997751,2.2493118478905672e-13,157.06836338685665,157.0935469757665,0.025183588909840182
barabasi_albert,40,correlated,0.15,0.75,constant,3,all,0.7499999999999999,-7.899375304297578e-17,-1.4043333874306807e-16,1.4976798944249925,19.464029842617617,-7.215018671805628e-18,7.491523267123201,0.0098,0.009999999767956014,0.0108,0.009999999767956014,0.0008000002320439868,-7.899375304297578e-17,-0.003186779649478666,-0.003186779649478587
barabasi_albert,40,correlated,0.15,0.75,fiedler,3,fiedler,0.75,0.8424449406140587,1.4976798944249934,1.4976798944249925,19.464029842617617,0.07694603360840194,7.491523267123201,0.0098,0.009999999767956014,0.0362,0.03636398058206525,-0.0001639805820652443,0.8424449406140587,0.8408836068440309,-0.0015613337700278729
barabasi_albert,40,correlated,0.15,0.75,cluster,3,38;10;4;13;8;3;7;12,0.7499999999999999,2.3203125,4.125000000000001,1.4976798944249925,19.464029842617617,0.21192939146486897,7.491523267123201,0.0098,0.009999999767956014,0.2572,0.25827943918660323,-0.0010794391866032482,2.3203125,2.349157682289734,0.028845182289733984
barabasi_albert,40,correlated,0.15,0.75,point,3,5,0.75,8.4375,15.0,1.4976798944249925,19.464029842617617,0.7706523325995234,7.491523267123201,0.0098,0.009999999767956014,0.9552,0.9555174615962061,-0.00031746159620604786,8.4375,8.447124737194743,0.009624737194743105
barabasi_albert,40,correlated,0.15,0.75,edge_bipolar,3,15-37,0.7499999999999999,2.5312499999999996,4.5,1.4976798944249925,19.464029842617617,0.23119569977985702,7.491523267123201,0.0098,0.009999999767956014,0.2674,0.2732103625482267,-0.0058103625482267,2.5312499999999996,2.5061461265649525,-0.025103873435047053
barabasi_albert,40,correlated,0.15,0.75,high_frequency,3,lambda_max,0.7500000000000001,10.948516786472407,19.464029842617606,1.4976798944249925,19.464029842617617,0.9999999999999994,7.491523267123201,0.0098,0.009999999767956014,0.9878,0.9874272223319142,0.0003727776680858552,10.948516786472407,10.953813429393048,0.005296642920640693
barabasi_albert,40,correlated,0.15,1.5,constant,3,all,1.4999999999999998,-3.159750121719031e-16,-1.4043333874306807e-16,1.4976798944249925,19.464029842617617,-7.215018671805628e-18,7.491523267123201,0.0098,0.009999999767956014,0.0098,0.009999999767956014,-0.00019999976795601407,-3.159750121719031e-16,-0.04405282164881541,-0.04405282164881509
barabasi_albert,40,correlated,0.15,1.5,fiedler,3,fiedler,1.5,3.369779762456235,1.4976798944249934,1.4976798944249925,19.464029842617617,0.07694603360840194,7.491523267123201,0.0098,0.009999999767956014,0.482,0.48778732686768606,-0.005787326867686071,3.369779762456235,3.3441446059646855,-0.02563515649154935
barabasi_albert,40,correlated,0.15,1.5,cluster,3,33;3;20;6;0;4;5;8,1.4999999999999998,14.34375,6.375000000000001,1.4976798944249925,19.464029842617617,0.3275272413547975,7.491523267123201,0.0098,0.009999999767956014,1.0,0.9999045277462568,9.547225374317847e-05,14.34375,14.332953321509672,-0.010796678490327949
barabasi_albert,40,correlated,0.15,1.5,point,3,29,1.5,6.75,3.0,1.4976798944249925,19.464029842617617,0.15413046651990467,7.491523267123201,0.0098,0.009999999767956014,0.984,0.985531133077856,-0.0015311330778560173,6.75,6.752783943637462,0.0027839436374623716
barabasi_albert,40,correlated,0.15,1.5,edge_bipolar,3,5-7,1.4999999999999998,26.999999999999993,12.0,1.4976798944249925,19.464029842617617,0.6165218660796187,7.491523267123201,0.0098,0.009999999767956014,1.0,0.9999999998883193,1.1168066471611837e-10,26.999999999999993,26.983533390074193,-0.016466609925799958
barabasi_albert,40,correlated,0.15,1.5,high_frequency,3,lambda_max,1.5000000000000002,43.79406714588963,19.464029842617606,1.4976798944249925,19.464029842617617,0.9999999999999994,7.491523267123201,0.0098,0.009999999767956014,1.0,0.9999999999999959,4.107825191113079e-15,43.79406714588963,43.76094008470849,-0.033127061181140505
barabasi_albert,40,correlated,0.15,3.0,constant,3,all,2.9999999999999996,-1.2639000486876124e-15,-1.4043333874306807e-16,1.4976798944249925,19.464029842617617,-7.215018671805628e-18,7.491523267123201,0.0098,0.009999999767956014,0.0112,0.009999999767956014,0.0012000002320439861,-1.2639000486876124e-15,0.02001548485023452,0.020015484850235785
barabasi_albert,40,correlated,0.15,3.0,fiedler,3,fiedler,3.0,13.47911904982494,1.4976798944249934,1.4976798944249925,19.464029842617617,0.07694603360840194,7.491523267123201,0.0098,0.009999999767956014,1.0,0.9999999997694871,2.3051294206766215e-10,13.47911904982494,13.507439705691043,0.02832065586610355
barabasi_albert,40,correlated,0.15,3.0,cluster,3,11;0;9;5;24;1;2;3,2.9999999999999996,48.375,5.375000000000001,1.4976798944249925,19.464029842617617,0.2761504191814959,7.491523267123201,0.0098,0.009999999767956014,1.0,1.0,0.0,48.375,48.36201816540219,-0.012981834597809438
barabasi_albert,40,correlated,0.15,3.0,point,3,28,3.0,27.0,3.0,1.4976798944249925,19.464029842617617,0.15413046651990467,7.491523267123201,0.0098,0.009999999767956014,1.0,1.0,0.0,27.0,26.99990279963678,-9.720036322136139e-05
barabasi_albert,40,correlated,0.15,3.0,edge_bipolar,3,7-14,2.9999999999999996,76.49999999999999,8.5,1.4976798944249925,19.464029842617617,0.43670298847306327,7.491523267123201,0.0098,0.009999999767956014,1.0,0.9999999999999962,3.774758283725532e-15,76.49999999999999,76.53742159046047,0.037421590460482435
barabasi_albert,40,correlated,0.15,3.0,high_frequency,3,lambda_max,3.0000000000000004,175.1762685835585,19.464029842617606,1.4976798944249925,19.464029842617617,0.9999999999999994,7.491523267123201,0.0098,0.009999999767956014,1.0,0.9999999999999996,4.440892098500626e-16,175.1762685835585,174.9455189149915,-0.2307496685670003
barabasi_albert,40,correlated,0.3,0.75,constant,0,all,0.7499999999999999,2.311115933264683e-33,4.108650548026104e-33,1.5244944737462283,21.248941029349396,1.933578968641857e-34,30.185866736534063,0.0108,0.010000000082819704,0.0082,0.010000000082819704,-0.0018000000828197037,2.311115933264683e-33,-0.07822962044648918,-0.07822962044648918
barabasi_albert,40,correlated,0.3,0.75,fiedler,0,fiedler,0.7499999999999999,0.8575281414822539,1.5244944737462294,1.5244944737462283,21.248941029349396,0.07174449172034371,30.185866736534063,0.0108,0.010000000082819704,0.009,0.013864329720285506,-0.004864329720285507,0.8575281414822539,0.8120432779662003,-0.04548486351605352
barabasi_albert,40,correlated,0.3,0.75,cluster,0,2;0;5;7;8;9;10;14,0.7499999999999999,3.5156249999999996,6.250000000000001,1.5244944737462283,21.248941029349396,0.29413230482250363,30.185866736534063,0.0108,0.010000000082819704,0.0532,0.057306936552659615,-0.004106936552659618,3.5156249999999996,3.376463053833916,-0.13916194616608335
barabasi_albert,40,correlated,0.3,0.75,point,0,5,0.75,3.375,6.0,1.5244944737462283,21.248941029349396,0.28236701262960345,30.185866736534063,0.0108,0.010000000082819704,0.0394,0.042359699048386656,-0.002959699048386659,3.375,3.4093691512869704,0.03436915128697038
barabasi_albert,40,correlated,0.3,0.75,edge_bipolar,0,26-32,0.7499999999999999,3.3749999999999996,6.0,1.5244944737462283,21.248941029349396,0.28236701262960345,30.185866736534063,0.0108,0.010000000082819704,0.0398,0.04013273967065417,-0.00033273967065416965,3.3749999999999996,3.359764604756265,-0.01523539524373474
barabasi_albert,40,correlated,0.3,0.75,high_frequency,0,lambda_max,0.7499999999999999,11.952529329009037,21.248941029349403,1.5244944737462283,21.248941029349396,1.0000000000000004,30.185866736534063,0.0108,0.010000000082819704,0.3864,0.3851017816585683,0.0012982183414317339,11.952529329009037,11.88863875243581,-0.06389057657322716
barabasi_albert,40,correlated,0.3,1.5,constant,0,all,1.4999999999999998,9.244463733058732e-33,4.108650548026104e-33,1.5244944737462283,21.248941029349396,1.933578968641857e-34,30.185866736534063,0.0108,0.010000000082819704,0.0106,0.010000000082819704,0.0005999999171802956,9.244463733058732e-33,0.046733271553442535,0.046733271553442535
barabasi_albert,40,correlated,0.3,1.5,fiedler,0,fiedler,1.4999999999999998,3.4301125659290155,1.5244944737462294,1.5244944737462283,21.248941029349396,0.07174449172034371,30.185866736534063,0.0108,0.010000000082819704,0.033,0.03547777336878066,-0.0024777733687806613,3.4301125659290155,3.321163730642418,-0.10894883528659749
barabasi_albert,40,correlated,0.3,1.5,cluster,0,39;32;1;10;0;26;27;4,1.4999999999999998,12.656249999999996,5.624999999999999,1.5244944737462283,21.248941029349396,0.2647190743402532,30.185866736534063,0.0108,0.010000000082819704,0.3992,0.4143667042673834,-0.015166704267383424,12.656249999999996,12.384650779153795,-0.2715992208462019
barabasi_albert,40,correlated,0.3,1.5,point,0,22,1.5,6.75,3.0,1.5244944737462283,21.248941029349396,0.14118350631480173,30.185866736534063,0.0108,0.010000000082819704,0.1038,0.10739771340493359,-0.003597713404933589,6.75,6.7428938729194385,-0.007106127080561464
barabasi_albert,40,correlated,0.3,1.5,edge_bipolar,0,2-8,1.4999999999999998,26.999999999999993,12.0,1.5244944737462283,21.248941029349396,0.5647340252592069,30.185866736534063,0.0108,0.010000000082819704,0.8948,0.8966649721909903,-0.001864972190990244,26.999999999999993,27.213793208114353,0.2137932081143603
barabasi_albert,40,correlated,0.3,1.5,high_frequency,0,lambda_max,1.4999999999999998,47.81011731603615,21.248941029349403,1.5244944737462283,21.248941029349396,1.0000000000000004,30.185866736534063,0.0108,0.010000000082819704,0.9904,0.9895379260167163,0.0008620739832836399,47.81011731603615,47.661415126876534,-0.1487021891596143
barabasi_albert,40,correlated,0.3,3.0,constant,0,all,2.9999999999999996,3.697785493223493e-32,4.108650548026104e-33,1.5244944737462283,21.248941029349396,1.933578968641857e-34,30.185866736534063,0.0108,0.010000000082819704,0.0086,0.010000000082819704,-0.0014000000828197044,3.697785493223493e-32,0.0019329114837809414,0.0019329114837809414
barabasi_albert,40,correlated,0.3,3.0,fiedler,0,fiedler,2.9999999999999996,13.720450263716062,1.5244944737462294,1.5244944737462283,21.248941029349396,0.07174449172034371,30.185866736534063,0.0108,0.010000000082819704,0.4768,0.4861045936092141,-0.009304593609214096,13.720450263716062,13.643754654359928,-0.0766956093561344
barabasi_albert,40,correlated,0.3,3.0,cluster,0,0;1;2;3;4;5;6;8,2.9999999999999996,62.999999999999986,7.0,1.5244944737462283,21.248941029349396,0.32942818140120406,30.185866736534063,0.0108,0.010000000082819704,1.0,0.9999801238418009,1.9876158199094718e-05,62.999999999999986,63.07970467642792,0.07970467642793722
barabasi_albert,40,correlated,0.3,3.0,point,0,28,3.0,27.0,3.0,1.5244944737462283,21.248941029349396,0.14118350631480173,30.185866736534063,0.0108,0.010000000082819704,0.983,0.9839553288972248,-0.0009553288972248275,27.0,26.9015323596143,-0.09846764038569944
barabasi_albert,40,correlated,0.3,3.0,edge_bipolar,0,12-36,2.9999999999999996,44.999999999999986,4.999999999999999,1.5244944737462283,21.248941029349396,0.23530584385800285,30.185866736534063,0.0108,0.010000000082819704,1.0,0.9999866138100815,1.3386189918529467e-05,44.999999999999986,45.174758395753884,0.17475839575389784
barabasi_albert,40,correlated,0.3,3.0,high_frequency,0,lambda_max,2.9999999999999996,191.2404692641446,21.248941029349403,1.5244944737462283,21.248941029349396,1.0000000000000004,30.185866736534063,0.0108,0.010000000082819704,1.0,1.0,0.0,191.2404692641446,190.69658049804212,-0.5438887661024694
barabasi_albert,40,correlated,0.3,0.75,constant,1,all,0.7499999999999999,1.6457031883953277e-17,2.92569455714725e-17,1.4200170123230438,19.207504855834262,1.5232038617751918e-18,29.46476124364312,0.0078,0.010000000147577404,0.01,0.010000000147577404,-1.4757740342263848e-10,1.6457031883953277e-17,-0.05009610277704013,-0.050096102777040144
barabasi_albert,40,correlated,0.3,0.75,fiedler,1,fiedler,0.75,0.7987595694317126,1.4200170123230444,1.4200170123230438,19.207504855834262,0.07393032166235354,29.46476124364312,0.0078,0.010000000147577404,0.0112,0.013943092216621378,-0.002743092216621378,0.7987595694317126,0.7832802441092497,-0.015479325322462878
barabasi_albert,40,correlated,0.3,0.75,cluster,1,16;4;5;14;19;22;28;35,0.7499999999999999,2.53125,4.500000000000001,1.4200170123230438,19.207504855834262,0.23428342378542363,29.46476124364312,0.0078,0.010000000147577404,0.0476,0.040082878519790976,0.007517121480209027,2.53125,2.7532842157598694,0.22203421575986937
barabasi_albert,40,correlated,0.3,0.75,point,1,35,0.75,2.8125,5.0,1.4200170123230438,19.207504855834262,0.26031491531713735,29.46476124364312,0.0078,0.010000000147577404,0.0346,0.03521080407833643,-0.0006108040783364341,2.8125,2.753337978616713,-0.059162021383286856
barabasi_albert,40,correlated,0.3,0.75,edge_bipolar,1,1-6,0.7499999999999999,5.062499999999999,9.0,1.4200170123230438,19.207504855834262,0.4685668475708472,29.46476124364312,0.0078,0.010000000147577404,0.0912,0.09762173942889757,-0.006421739428897566,5.062499999999999,4.975161634482479,-0.08733836551752017
barabasi_albert,40,correlated,0.3,0.75,high_frequency,1,lambda_max,0.7499999999999999,10.80422148140677,19.207504855834262,1.4200170123230438,19.207504855834262,1.0,29.46476124364312,0.0078,0.010000000147577404,0.3664,0.36401994978082247,0.002380050219177532,10.80422148140677,10.931015946291701,0.12679446488493085
barabasi_albert,40,correlated,0.3,1.5,constant,1,all,1.4999999999999998,6.582812753581311e-17,2.92569455714725e-17,1.4200170123230438,19.207504855834262,1.5232038617751918e-18,29.46476124364312,0.0078,0.010000000147577404,0.01,0.010000000147577404,-1.4757740342263848e-10,6.582812753581311e-17,0.02300229387456909,0.023002293874569025
barabasi_albert,40,correlated,0.3,1.5,fiedler,1,fiedler,1.5,3.1950382777268502,1.4200170123230444,1.4200170123230438,19.207504855834262,0.07393032166235354,29.46476124364312,0.0078,0.010000000147577404,0.0362,0.035889549503914875,0.00031045049608512815,3.1950382777268502,3.2709288472929465,0.0758905695660963
barabasi_albert,40,correlated,0.3,1.5,cluster,1,29;25;18;7;19;4;14;31,1.4999999999999998,9.0,4.000000000000001,1.4200170123230438,19.207504855834262,0.20825193225370991,29.46476124364312,0.0078,0.010000000147577404,0.26,0.2585766109323393,0.0014233890676607075,9.0,9.052055524270745,0.052055524270745224
barabasi_albert,40,correlated,0.3,1.5,point,1,21,1.5,6.75,3.0,1.4200170123230438,19.207504855834262,0.1561889491902824,29.46476124364312,0.0078,0.010000000147577404,0.1276,0.12506883355060716,0.00253116644939283,6.75,6.822955502267249,0.07295550226724856
barabasi_albert,40,correlated,0.3,1.5,edge_bipolar,1,15-26,1.4999999999999998,11.249999999999996,4.999999999999999,1.4200170123230438,19.207504855834262,0.2603149153171373,29.46476124364312,0.0078,0.010000000147577404,0.3704,0.3712395445420185,-0.000839544542018511,11.249999999999996,11.312101036157262,0.06210103615726581
barabasi_albert,40,correlated,0.3,1.5,high_frequency,1,lambda_max,1.4999999999999998,43.21688592562708,19.207504855834262,1.4200170123230438,19.207504855834262,1.0,29.46476124364312,0.0078,0.010000000147577404,0.9858,0.9871179959841931,-0.0013179959841931321,43.21688592562708,43.57553362931881,0.35864770369173016
barabasi_albert,40,correlated,0.3,3.0,constant,1,all,2.9999999999999996,2.6331251014325243e-16,2.92569455714725e-17,1.4200170123230438,19.207504855834262,1.5232038617751918e-18,29.46476124364312,0.0078,0.010000000147577404,0.0074,0.010000000147577404,-0.0026000001475774033,2.6331251014325243e-16,-0.00040847833091817165,-0.00040847833091843495
barabasi_albert,40,correlated,0.3,3.0,fiedler,1,fiedler,3.0,12.780153110907401,1.4200170123230444,1.4200170123230438,19.207504855834262,0.07393032166235354,29.46476124364312,0.0078,0.010000000147577404,0.4674,0.47119025701635275,-0.0037902570163527716,12.780153110907401,12.79533804019351,0.015184929286109039
barabasi_albert,40,correlated,0.3,3.0,cluster,1,6;1;3;5;9;12;15;18,2.9999999999999996,45.0,5.000000000000001,1.4200170123230438,19.207504855834262,0.26031491531713735,29.46476124364312,0.0078,0.010000000147577404,0.9998,0.9997631817052233,3.681829477675258e-05,45.0,44.802389396168905,-0.19761060383109452
barabasi_albert,40,correlated,0.3,3.0,point,1,22,3.0,27.0,3.0,1.4200170123230438,19.207504855834262,0.1561889491902824,29.46476124364312,0.0078,0.010000000147577404,0.9906,0.9893449935102405,0.0012550064897595137,27.0,26.902996818137684,-0.09700318186231627
barabasi_albert,40,correlated,0.3,3.0,edge_bipolar,1,32-38,2.9999999999999996,40.49999999999999,4.5,1.4200170123230438,19.207504855834262,0.2342834237854236,29.46476124364312,0.0078,0.010000000147577404,1.0,0.9999745394885285,2.546051147145345e-05,40.49999999999999,40.48465071267513,-0.015349287324859517
barabasi_albert,40,correlated,0.3,3.0,high_frequency,1,lambda_max,2.9999999999999996,172.86754370250833,19.207504855834262,1.4200170123230438,19.207504855834262,1.0,29.46476124364312,0.0078,0.010000000147577404,1.0,0.9999999999999891,1.0880185641326534e-14,172.86754370250833,172.66746612514083,-0.20007757736749454
barabasi_albert,40,correlated,0.3,0.75,constant,2,all,0.7499999999999999,1.6457031883953286e-17,2.9256945571472516e-17,1.3734459434312165,17.61455782615148,1.6609525972906427e-18,29.97379227391676,0.0104,0.009999999999576015,0.0078,0.009999999999576015,-0.002199999999576015,1.6457031883953286e-17,0.054462733377366845,0.05446273337736683
barabasi_albert,40,correlated,0.3,0.75,fiedler,2,fiedler,0.7499999999999999,0.772563343180059,1.3734459434312163,1.3734459434312165,17.61455782615148,0.07797220668191442,29.97379227391676,0.0104,0.009999999999576015,0.0128,0.013586915658970522,-0.0007869156589705214,0.772563343180059,0.7847911547972828,0.01222781161722375
barabasi_albert,40,correlated,0.3,0.75,cluster,2,39;0;8;30;1;2;3;4,0.7499999999999999,3.234375,5.750000000000001,1.3734459434312165,17.61455782615148,0.3264345353854557,29.97379227391676,0.0104,0.009999999999576015,0.0544,0.05694482980770321,-0.0025448298077032153,3.234375,3.2336316471898456,-0.0007433528101543629
barabasi_albert,40,correlated,0.3,0.75,point,2,7,0.75,1.6875,3.0,1.3734459434312165,17.61455782615148,0.1703136706358899,29.97379227391676,0.0104,0.009999999999576015,0.0198,0.020213402763680277,-0.0004134027636802755,1.6875,1.666986921108414,-0.020513078891585934
barabasi_albert,40,correlated,0.3,0.75,edge_bipolar,2,0-6,0.7499999999999999,8.437499999999998,15.0,1.3734459434312165,17.61455782615148,0.8515683531794496,29.97379227391676,0.0104,0.009999999999576015,0.2354,0.2426485086222655,-0.007248508622265504,8.437499999999998,8.322674117402123,-0.1148258825978754
barabasi_albert,40,correlated,0.3,0.75,high_frequency,2,lambda_max,0.75,9.90818877721021,17.614557826151483,1.3734459434312165,17.61455782615148,1.0000000000000002,29.97379227391676,0.0104,0.009999999999576015,0.3008,0.3080694966833381,-0.007269496683338095,9.90818877721021,9.858023318808531,-0.050165458401679075
barabasi_albert,40,correlated,0.3,1.5,constant,2,all,1.4999999999999998,6.582812753581314e-17,2.9256945571472516e-17,1.3734459434312165,17.61455782615148,1.6609525972906427e-18,29.97379227391676,0.0104,0.009999999999576015,0.0098,0.009999999999576015,-0.00019999999957601503,6.582812753581314e-17,0.0007132298931438186,0.0007132298931437528
barabasi_albert,40,correlated,0.3,1.5,fiedler,2,fiedler,1.4999999999999998,3.090253372720236,1.3734459434312163,1.3734459434312165,17.61455782615148,0.07797220668191442,29.97379227391676,0.0104,0.009999999999576015,0.0326,0.03257713560967018,2.286439032981452e-05,3.090253372720236,3.079528486614052,-0.010724886106184162
barabasi_albert,40,correlated,0.3,1.5,cluster,2,9;3;4;6;23;31;34;0,1.4999999999999998,10.40625,4.625000000000001,1.3734459434312165,17.61455782615148,0.262566908896997,29.97379227391676,0.0104,0.009999999999576015,0.3152,0.3197775792199816,-0.004577579219981642,10.40625,10.347941701533127,-0.0583082984668728
barabasi_albert,40,correlated,0.3,1.5,point,2,26,1.5,6.75,3.0,1.3734459434312165,17.61455782615148,0.1703136706358899,29.97379227391676,0.0104,0.009999999999576015,0.1096,0.11450306640959457,-0.004903066409594564,6.75,6.708558656149901,-0.041441343850099344
barabasi_albert,40,correlated,0.3,1.5,edge_bipolar,2,4-20,1.4999999999999998,21.374999999999996,9.5,1.3734459434312165,17.61455782615148,0.539326623680318,29.97379227391676,0.0104,0.009999999999576015,0.7828,0.7827063755327037,9.362446729632712e-05,21.374999999999996,21.535743714172668,0.1607437141726713
barabasi_albert,40,correlated,0.3,1.5,high_frequency,2,lambda_max,1.5,39.63275510884084,17.614557826151483,1.3734459434312165,17.61455782615148,1.0000000000000002,29.97379227391676,0.0104,0.009999999999576015,0.983,0.9812925096829731,0.001707490317026883,39.63275510884084,39.910723065415546,0.27796795657470597
barabasi_albert,40,correlated,0.3,3.0,constant,2,all,2.9999999999999996,2.633125101432526e-16,2.9256945571472516e-17,1.3734459434312165,17.61455782615148,1.6609525972906427e-18,29.97379227391676,0.0104,0.009999999999576015,0.0096,0.009999999999576015,-0.00039999999957601555,2.633125101432526e-16,0.039798864128524514,0.03979886412852425
barabasi_albert,40,correlated,0.3,3.0,fiedler,2,fiedler,2.9999999999999996,12.361013490880945,1.3734459434312163,1.3734459434312165,17.61455782615148,0.07797220668191442,29.97379227391676,0.0104,0.009999999999576015,0.4048,0.4078542921206414,-0.0030542921206413998,12.361013490880945,12.29295345959978,-0.06806003128116522
barabasi_albert,40,correlated,0.3,3.0,cluster,2,14;8;0;6;15;27;28;32,2.9999999999999996,49.5,5.500000000000001,1.3734459434312165,17.61455782615148,0.31224172949913154,29.97379227391676,0.0104,0.009999999999576015,0.9998,0.9995275226414657,0.00027247735853430655,49.5,48.788140702815525,-0.7118592971844748
barabasi_albert,40,correlated,0.3,3.0,point,2,9,3.0,54.0,6.0,1.3734459434312165,17.61455782615148,0.3406273412717798,29.97379227391676,0.0104,0.009999999999576015,1.0,0.9999973007713536,2.6992286463745074e-06,54.0,54.08758744464643,0.08758744464643087
barabasi_albert,40,correlated,0.3,3.0,edge_bipolar,2,22-26,2.9999999999999996,53.999999999999986,6.0,1.3734459434312165,17.61455782615148,0.3406273412717798,29.97379227391676,0.0104,0.009999999999576015,1.0,0.9999984700075251,1.529992474935682e-06,53.999999999999986,54.20700014307697,0.2070001430769821
barabasi_albert,40,correlated,0.3,3.0,high_frequency,2,lambda_max,3.0,158.53102043536336,17.614557826151483,1.3734459434312165,17.61455782615148,1.0000000000000002,29.97379227391676,0.0104,0.009999999999576015,1.0,0.999999999999984,1.5987211554602254e-14,158.53102043536336,158.91737871218248,0.3863582768191236
barabasi_albert,40,correlated,0.3,0.75,constant,3,all,0.7499999999999999,-5.266250202865051e-17,-9.362222582871203e-17,1.3317160998208641,19.28669964734334,-4.854237766989236e-18,29.527392679797824,0.0106,0.010000000216744354,0.0106,0.010000000216744354,0.0005999997832556465,-5.266250202865051e-17,0.06321899578918178,0.06321899578918183
barabasi_albert,40,correlated,0.3,0.75,fiedler,3,fiedler,0.7500000000000001,0.7490903061492356,1.3317160998208626,1.3317160998208641,19.28669964734334,0.06904841803788346,29.527392679797824,0.0106,0.010000000216744354,0.016,0.013571408046575806,0.0024285919534241945,0.7490903061492356,0.7767975498232786,0.02770724367404309
barabasi_albert,40,correlated,0.3,0.75,cluster,3,13;10;3;4;14;16;18;26,0.7499999999999999,2.4609374999999996,4.375,1.3317160998208641,19.28669964734334,0.2268402619419978,29.527392679797824,0.0106,0.010000000216744354,0.0346,0.04117666607034032,-0.006576666070340319,2.4609374999999996,2.4173425814972838,-0.043594918502715796
barabasi_albert,40,correlated,0.3,0.75,point,3,10,0.75,2.8125,5.0,1.3317160998208641,19.28669964734334,0.2592460136479975,29.527392679797824,0.0106,0.010000000216744354,0.035,0.03490419419675983,9.580580324017318e-05,2.8125,2.768972511413814,-0.043527488586185825
barabasi_albert,40,correlated,0.3,0.75,edge_bipolar,3,3-34,0.7499999999999999,5.343749999999999,9.5,1.3317160998208641,19.28669964734334,0.49256742593119524,29.527392679797824,0.0106,0.010000000216744354,0.122,0.11531857014763819,0.006681429852361809,5.343749999999999,5.495738229590561,0.1519882295905619
barabasi_albert,40,correlated,0.3,0.75,high_frequency,3,lambda_max,0.7500000000000002,10.84876855163064,19.286699647343347,1.3317160998208641,19.28669964734334,1.0000000000000004,29.527392679797824,0.0106,0.010000000216744354,0.3638,0.3600350540630673,0.0037649459369327176,10.84876855163064,10.835526695204543,-0.013241856426096987
barabasi_albert,40,correlated,0.3,1.5,constant,3,all,1.4999999999999998,-2.1065000811460203e-16,-9.362222582871203e-17,1.3317160998208641,19.28669964734334,-4.854237766989236e-18,29.527392679797824,0.0106,0.010000000216744354,0.0112,0.010000000216744354,0.0011999997832556463,-2.1065000811460203e-16,0.10898932415250329,0.1089893241525035
barabasi_albert,40,correlated,0.3,1.5,fiedler,3,fiedler,1.5000000000000002,2.996361224596942,1.3317160998208626,1.3317160998208641,19.28669964734334,0.06904841803788346,29.527392679797824,0.0106,0.010000000216744354,0.0296,0.032499476439601604,-0.002899476439601603,2.996361224596942,2.8928102037570476,-0.10355102083989465
barabasi_albert,40,correlated,0.3,1.5,cluster,3,2;0;8;15;33;1;3;4,1.4999999999999998,13.5,6.000000000000001,1.3317160998208641,19.28669964734334,0.311095216377597,29.527392679797824,0.0106,0.010000000216744354,0.478,0.4841781697608105,-0.006178169760810537,13.5,13.493756667899916,-0.006243332100083876
barabasi_albert,40,correlated,0.3,1.5,point,3,32,1.5,9.0,4.0,1.3317160998208641,19.28669964734334,0.20739681091839798,29.527392679797824,0.0106,0.010000000216744354,0.2232,0.2274892019043374,-0.004289201904337403,9.0,8.926380746980932,-0.0736192530190678
barabasi_albert,40,correlated,0.3,1.5,edge_bipolar,3,23-27,1.4999999999999998,13.499999999999996,6.0,1.3317160998208641,19.28669964734334,0.311095216377597,29.527392679797824,0.0106,0.010000000216744354,0.5036,0.5036580390993872,-5.8039099387174886e-05,13.499999999999996,13.505111603426506,0.005111603426509959
barabasi_albert,40,correlated,0.3,1.5,high_frequency,3,lambda_max,1.5000000000000004,43.39507420652256,19.286699647343347,1.3317160998208641,19.28669964734334,1.0000000000000004,29.527392679797824,0.0106,0.010000000216744354,0.986,0.9873650886913014,-0.0013650886913013638,43.39507420652256,43.35524808819832,-0.03982611832423544
barabasi_albert,40,correlated,0.3,3.0,constant,3,all,2.9999999999999996,-8.426000324584081e-16,-9.362222582871203e-17,1.3317160998208641,19.28669964734334,-4.854237766989236e-18,29.527392679797824,0.0106,0.010000000216744354,0.0078,0.010000000216744354,-0.002200000216744354,-8.426000324584081e-16,-0.07611858064528576,-0.07611858064528491
barabasi_albert,40,correlated,0.3,3.0,fiedler,3,fiedler,3.0000000000000004,11.985444898387769,1.3317160998208626,1.3317160998208641,19.28669964734334,0.06904841803788346,29.527392679797824,0.0106,0.010000000216744354,0.3996,0.4018557191751183,-0.002255719175118298,11.985444898387769,11.978290109014218,-0.007154789373551296
barabasi_albert,40,correlated,0.3,3.0,cluster,3,1;0;4;8;9;11;15;18,2.9999999999999996,48.375,5.375000000000001,1.3317160998208641,19.28669964734334,0.27868946467159733,29.527392679797824,0.0106,0.010000000216744354,0.9998,0.9996945128048307,0.00010548719516934035,48.375,47.98136471808658,-0.39363528191341857
barabasi_albert,40,correlated,0.3,3.0,point,3,17,3.0,36.0,4.0,1.3317160998208641,19.28669964734334,0.20739681091839798,29.527392679797824,0.0106,0.010000000216744354,0.9994,0.9995146872561913,-0.00011468725619134812,36.0,36.10627595001159,0.10627595001159307
barabasi_albert,40,correlated,0.3,3.0,edge_bipolar,3,4-16,2.9999999999999996,107.99999999999999,12.0,1.3317160998208641,19.28669964734334,0.622190432755194,29.527392679797824,0.0106,0.010000000216744354,1.0,0.9999999987749006,1.225099355295356e-09,107.99999999999999,108.00629247533311,0.006292475333125935
barabasi_albert,40,correlated,0.3,3.0,high_frequency,3,lambda_max,3.000000000000001,173.58029682609023,19.286699647343347,1.3317160998208641,19.28669964734334,1.0000000000000004,29.527392679797824,0.0106,0.010000000216744354,1.0,1.0,0.0,173.58029682609023,174.1939442629739,0.6136474368836673
barabasi_albert,60,iid,0.15,0.75,constant,0,all,0.7500000000000002,2.1499376424746292e-17,3.822111364399339e-17,1.3985815252618619,27.188660649495414,1.4057740517903268e-18,13.065410441941859,0.0126,0.010000000012687804,0.0108,0.010000000012687804,0.0007999999873121964,2.1499376424746292e-17,-0.03733740624978488,-0.0373374062497849
barabasi_albert,60,iid,0.15,0.75,fiedler,0,fiedler,0.7500000000000001,0.7867021079597978,1.398581525261862,1.3985815252618619,27.188660649495414,0.05143988309287379,13.065410441941859,0.0126,0.010000000012687804,0.0192,0.019756207170996243,-0.0005562071709962445,0.7867021079597978,0.8124970411046828,0.025794933144885013
barabasi_albert,60,iid,0.15,0.75,cluster,0,29;1;3;6;32;36;0;4;7;14;19;20,0.7500000000000001,4.125000000000001,7.333333333333332,1.3985815252618619,27.188660649495414,0.26972028625725736,13.065410441941859,0.0126,0.010000000012687804,0.2944,0.303524431407882,-0.009124431407881994,4.125000000000001,4.077458140398857,-0.04754185960114388
barabasi_albert,60,iid,0.15,0.75,point,0,9,0.75,3.9375,7.0,1.3985815252618619,27.188660649495414,0.25746027324556386,13.065410441941859,0.0126,0.010000000012687804,0.2686,0.26301535954706345,0.005584640452936551,3.9375,3.9300939168622104,-0.007406083137789565
barabasi_albert,60,iid,0.15,0.75,edge_bipolar,0,6-7,0.7499999999999999,8.999999999999998,16.0,1.3985815252618619,27.188660649495414,0.5884806245612889,13.065410441941859,0.0126,0.010000000012687804,0.7904,0.7977253670034514,-0.007325367003451433,8.999999999999998,8.957398828255181,-0.042601171744816924
barabasi_albert,60,iid,0.15,0.75,high_frequency,0,lambda_max,0.7499999999999999,15.293621615341184,27.188660649495443,1.3985815252618619,27.188660649495414,1.000000000000001,13.065410441941859,0.0126,0.010000000012687804,0.96,0.9604617933883564,-0.0004617933883563907,15.293621615341184,15.423080314876328,0.1294586995351441
barabasi_albert,60,iid,0.15,1.5,constant,0,all,1.5000000000000004,8.599750569898517e-17,3.822111364399339e-17,1.3985815252618619,27.188660649495414,1.4057740517903268e-18,13.065410441941859,0.0126,0.010000000012687804,0.0116,0.010000000012687804,0.001599999987312195,8.599750569898517e-17,0.010782554983858716,0.01078255498385863
barabasi_albert,60,iid,0.15,1.5,fiedler,0,fiedler,1.5000000000000002,3.146808431839191,1.398581525261862,1.3985815252618619,27.188660649495414,0.05143988309287379,13.065410441941859,0.0126,0.010000000012687804,0.1264,0.1275907689076619,-0.0011907689076618988,3.146808431839191,3.133795098101123,-0.013013333738068233
barabasi_albert,60,iid,0.15,1.5,cluster,0,14;1;3;12;25;27;28;31;39;44;0;4,1.5000000000000002,10.5,4.666666666666665,1.3985815252618619,27.188660649495414,0.17164018216370922,13.065410441941859,0.0126,0.010000000012687804,0.9282,0.9228799274541668,0.005320072545833221,10.5,10.521960170971523,0.02196017097152314
barabasi_albert,60,iid,0.15,1.5,point,0,43,1.5,13.5,6.0,1.3985815252618619,27.188660649495414,0.22068023421048333,13.065410441941859,0.0126,0.010000000012687804,0.9956,0.996279181951979,-0.0006791819519789133,13.5,13.541009007597898,0.04100900759789816
barabasi_albert,60,iid,0.15,1.5,edge_bipolar,0,6-9,1.4999999999999998,32.62499999999999,14.5,1.3985815252618619,27.188660649495414,0.5333105660086681,13.065410441941859,0.0126,0.010000000012687804,1.0,0.9999995669191957,4.330808043295775e-07,32.62499999999999,32.59384886929599,-0.03115113070400355
barabasi_albert,60,iid,0.15,1.5,high_frequency,0,lambda_max,1.4999999999999998,61.17448646136474,27.188660649495443,1.3985815252618619,27.188660649495414,1.000000000000001,13.065410441941859,0.0126,0.010000000012687804,1.0,0.9999999999695037,3.0496272174218575e-11,61.17448646136474,61.29736411246299,0.12287765109825699
barabasi_albert,60,iid,0.15,3.0,constant,0,all,3.000000000000001,3.4399002279594067e-16,3.822111364399339e-17,1.3985815252618619,27.188660649495414,1.4057740517903268e-18,13.065410441941859,0.0126,0.010000000012687804,0.0104,0.010000000012687804,0.0003999999873121954,3.4399002279594067e-16,0.03878708800940256,0.03878708800940221
barabasi_albert,60,iid,0.15,3.0,fiedler,0,fiedler,3.0000000000000004,12.587233727356764,1.398581525261862,1.3985815252618619,27.188660649495414,0.05143988309287379,13.065410441941859,0.0126,0.010000000012687804,1.0,0.9999690365349729,3.096346502706737e-05,12.587233727356764,12.590538017042531,0.0033042896857669035
barabasi_albert,60,iid,0.15,3.0,cluster,0,37;9;6;17;47;49;51;57;3;5;11;58,3.0000000000000004,47.25000000000001,5.249999999999999,1.3985815252618619,27.188660649495414,0.1930952049341729,13.065410441941859,0.0126,0.010000000012687804,1.0,0.9999999999999998,2.220446049250313e-16,47.25000000000001,47.12801125425672,-0.12198874574328755
barabasi_albert,60,iid,0.15,3.0,point,0,43,3.0,54.0,6.0,1.3985815252618619,27.188660649495414,0.22068023421048333,13.065410441941859,0.0126,0.010000000012687804,1.0,1.0,0.0,54.0,53.9694407583619,-0.030559241638101753
barabasi_albert,60,iid,0.15,3.0,edge_bipolar,0,0-4,2.9999999999999996,139.49999999999997,15.5,1.3985815252618619,27.188660649495414,0.5700906050437486,13.065410441941859,0.0126,0.010000000012687804,1.0,0.9999999999999961,3.885780586188048e-15,139.49999999999997,139.71232147552115,0.21232147552117908
barabasi_albert,60,iid,0.15,3.0,high_frequency,0,lambda_max,2.9999999999999996,244.69794584545895,27.188660649495443,1.3985815252618619,27.188660649495414,1.000000000000001,13.065410441941859,0.0126,0.010000000012687804,1.0,0.9999999999999998,2.220446049250313e-16,244.69794584545895,244.64743754952812,-0.0505082959308254
barabasi_albert,60,iid,0.15,0.75,constant,1,all,0.7500000000000002,1.0749688212373146e-17,1.9110556821996694e-17,1.4760986298600427,21.410571472720555,8.925757468148698e-19,12.736814526635452,0.0102,0.010000000000019715,0.0096,0.010000000000019715,-0.0004000000000197162,1.0749688212373146e-17,0.03907510711204676,0.039075107112046745
barabasi_albert,60,iid,0.15,0.75,fiedler,1,fiedler,0.7500000000000001,0.8303054792962731,1.4760986298600405,1.4760986298600427,21.410571472720555,0.06894251429676942,12.736814526635452,0.0102,0.010000000000019715,0.0216,0.022415815410773032,-0.0008158154107730312,0.8303054792962731,0.8193011960499543,-0.011004283246318747
barabasi_albert,60,iid,0.15,0.75,cluster,1,10;1;3;9;17;21;29;30;33;45;51;55,0.7500000000000001,2.5312500000000004,4.499999999999999,1.4760986298600427,21.410571472720555,0.2101765478671832,12.736814526635452,0.0102,0.010000000000019715,0.1364,0.14168432826732397,-0.005284328267323973,2.5312500000000004,2.503902896233793,-0.027347103766207415
barabasi_albert,60,iid,0.15,0.75,point,1,32,0.75,2.8125,5.0,1.4760986298600427,21.410571472720555,0.23352949763020361,12.736814526635452,0.0102,0.010000000000019715,0.151,0.15099520793050286,4.792069497133733e-06,2.8125,2.8171403232518966,0.004640323251896561
barabasi_albert,60,iid,0.15,0.75,edge_bipolar,1,36-41,0.7499999999999999,4.218749999999999,7.5,1.4760986298600427,21.410571472720555,0.35029424644530543,12.736814526635452,0.0102,0.010000000000019715,0.3508,0.34642180884580137,0.00437819115419863,4.218749999999999,4.2683696675179785,0.049619667517979416
barabasi_albert,60,iid,0.15,0.75,high_frequency,1,lambda_max,0.75,12.04344645340532,21.41057147272057,1.4760986298600427,21.410571472720555,1.0000000000000007,12.736814526635452,0.0102,0.010000000000019715,0.9332,0.9301021193206696,0.003097880679330478,12.04344645340532,12.028581444688768,-0.014865008716551387
barabasi_albert,60,iid,0.15,1.5,constant,1,all,1.5000000000000004,4.2998752849492583e-17,1.9110556821996694e-17,1.4760986298600427,21.410571472720555,8.925757468148698e-19,12.736814526635452,0.0102,0.010000000000019715,0.0094,0.010000000000019715,-0.000600000000019715,4.2998752849492583e-17,0.022540966891460457,0.022540966891460415
barabasi_albert,60,iid,0.15,1.5,fiedler,1,fiedler,1.5000000000000002,3.3212219171850923,1.4760986298600405,1.4760986298600427,21.410571472720555,0.06894251429676942,12.736814526635452,0.0102,0.010000000000019715,0.1768,0.1763368499105163,0.0004631500894837215,3.3212219171850923,3.3801157174080405,0.05889380022294821
barabasi_albert,60,iid,0.15,1.5,cluster,1,37;1;36;5;39;0;4;7;9;10;12;23,1.5000000000000002,15.187500000000002,6.749999999999998,1.4760986298600427,21.410571472720555,0.3152648218007748,12.736814526635452,0.0102,0.010000000000019715,0.9964,0.9968541850037713,-0.00045418500377136795,15.187500000000002,15.06610459016596,-0.12139540983404196
barabasi_albert,60,iid,0.15,1.5,point,1,58,1.5,6.75,3.0,1.4760986298600427,21.410571472720555,0.14011769857812217,12.736814526635452,0.0102,0.010000000000019715,0.7604,0.7553112368182882,0.005088763181711808,6.75,6.770005760633284,0.020005760633283742
barabasi_albert,60,iid,0.15,1.5,edge_bipolar,1,34-39,1.4999999999999998,13.499999999999998,6.0,1.4760986298600427,21.410571472720555,0.28023539715624435,12.736814526635452,0.0102,0.010000000000019715,0.997,0.9978351995247946,-0.0008351995247946054,13.499999999999998,13.432651573515951,-0.06734842648404715
barabasi_albert,60,iid,0.15,1.5,high_frequency,1,lambda_max,1.5,48.17378581362128,21.41057147272057,1.4760986298600427,21.410571472720555,1.0000000000000007,12.736814526635452,0.0102,0.010000000000019715,1.0,0.9999999996994793,3.005207194206605e-10,48.17378581362128,48.019461661346256,-0.1543241522750236
barabasi_albert,60,iid,0.15,3.0,constant,1,all,3.000000000000001,1.7199501139797033e-16,1.9110556821996694e-17,1.4760986298600427,21.410571472720555,8.925757468148698e-19,12.736814526635452,0.0102,0.010000000000019715,0.0106,0.010000000000019715,0.0005999999999802847,1.7199501139797033e-16,-0.009439295453822716,-0.009439295453822888
barabasi_albert,60,iid,0.15,3.0,fiedler,1,fiedler,3.0000000000000004,13.28488766874037,1.4760986298600405,1.4760986298600427,21.410571472720555,0.06894251429676942,12.736814526635452,0.0102,0.010000000000019715,1.0,0.9999977530200299,2.246979970088603e-06,13.28488766874037,13.2540914315823,-0.030796237158069673
barabasi_albert,60,iid,0.15,3.0,cluster,1,26;0;12;15;1;2;3;4;5;6;7;8,3.0000000000000004,52.5,5.833333333333331,1.4760986298600427,21.410571472720555,0.2724510805685708,12.736814526635452,0.0102,0.010000000000019715,1.0,1.0,0.0,52.5,52.41434588806245,-0.08565411193755068
barabasi_albert,60,iid,0.15,3.0,point,1,3,3.0,117.0,13.0,1.4760986298600427,21.410571472720555,0.6071766938385293,12.736814526635452,0.0102,0.010000000000019715,1.0,1.0,0.0,117.0,116.72694122473467,-0.2730587752653264
barabasi_albert,60,iid,0.15,3.0,edge_bipolar,1,18-57,2.9999999999999996,40.49999999999999,4.5,1.4760986298600427,21.410571472720555,0.21017654786718326,12.736814526635452,0.0102,0.010000000000019715,1.0,1.0,0.0,40.49999999999999,40.510894452705,0.010894452705009883
barabasi_albert,60,iid,0.15,3.0,high_frequency,1,lambda_max,3.0,192.69514325448512,21.41057147272057,1.4760986298600427,21.410571472720555,1.0000000000000007,12.736814526635452,0.0102,0.010000000000019715,1.0,1.0,0.0,192.69514325448512,192.06655527594816,-0.6285879785369559
barabasi_albert,60,iid,0.15,0.75,constant,2,all,0.7500000000000002,2.1499376424746292e-17,3.822111364399339e-17,1.4383333455813208,24.404648598491036,1.5661407083876895e-18,13.00433208359202,0.0098,0.010000000035722434,0.0126,0.010000000035722434,0.002599999964277566,2.1499376424746292e-17,-0.01676351424269651,-0.01676351424269653
barabasi_albert,60,iid,0.15,0.75,fiedler,2,fiedler,0.75,0.8090625068894925,1.43833334558132,1.4383333455813208,24.404648598491036,0.05893685949939282,13.00433208359202,0.0098,0.010000000035722434,0.0192,0.02071606167887774,-0.0015160616788777413,0.8090625068894925,0.7952676593439287,-0.013794847545563815
barabasi_albert,60,iid,0.15,0.75,cluster,2,11;0;9;1;16;23;33;45;57;2;3;4,0.7500000000000001,3.328125,5.916666666666664,1.4383333455813208,24.404648598491036,0.24244014998980554,13.00433208359202,0.0098,0.010000000035722434,0.2078,0.21377149644567406,-0.005971496445674046,3.328125,3.2775277477283664,-0.050597252271633586
barabasi_albert,60,iid,0.15,0.75,point,2,37,0.75,2.25,4.0,1.4383333455813208,24.404648598491036,0.16390319999310804,13.00433208359202,0.0098,0.010000000035722434,0.0734,0.08337568807649132,-0.00997568807649131,2.25,2.211663391194123,-0.03833660880587697
barabasi_albert,60,iid,0.15,0.75,edge_bipolar,2,0-46,0.7499999999999999,6.75,12.000000000000002,1.4383333455813208,24.404648598491036,0.4917095999793242,13.00433208359202,0.0098,0.010000000035722434,0.6128,0.6139235288929087,-0.0011235288929086762,6.75,6.715233075820993,-0.0347669241790074
barabasi_albert,60,iid,0.15,0.75,high_frequency,2,lambda_max,0.7499999999999999,13.727614836651199,24.404648598491026,1.4383333455813208,24.404648598491036,0.9999999999999996,13.00433208359202,0.0098,0.010000000035722434,0.9462,0.9458474262646166,0.0003525737353834435,13.727614836651199,13.78257397529893,0.05495913864773172
barabasi_albert,60,iid,0.15,1.5,constant,2,all,1.5000000000000004,8.599750569898517e-17,3.822111364399339e-17,1.4383333455813208,24.404648598491036,1.5661407083876895e-18,13.00433208359202,0.0098,0.010000000035722434,0.0106,0.010000000035722434,0.0005999999642775661,8.599750569898517e-17,0.028446863235293662,0.028446863235293576
barabasi_albert,60,iid,0.15,1.5,fiedler,2,fiedler,1.5,3.23625002755797,1.43833334558132,1.4383333455813208,24.404648598491036,0.05893685949939282,13.00433208359202,0.0098,0.010000000035722434,0.1424,0.1432709090230891,-0.0008709090230890892,3.23625002755797,3.2190569046723416,-0.017193122885628576
barabasi_albert,60,iid,0.15,1.5,cluster,2,40;0;4;6;1;2;3;5;10;11;12;18,1.5000000000000002,17.437500000000004,7.749999999999998,1.4383333455813208,24.404648598491036,0.31756244998664673,13.00433208359202,0.0098,0.010000000035722434,0.9986,0.9985550344726644,4.496552733568304e-05,17.437500000000004,17.543845768134208,0.10634576813420438
barabasi_albert,60,iid,0.15,1.5,point,2,29,1.5,6.75,3.0,1.4383333455813208,24.404648598491036,0.12292739999483103,13.00433208359202,0.0098,0.010000000035722434,0.7126,0.7098129625787359,0.0027870374212640714,6.75,6.778407346538629,0.02840734653862942
barabasi_albert,60,iid,0.15,1.5,edge_bipolar,2,3-31,1.4999999999999998,23.624999999999993,10.499999999999998,1.4383333455813208,24.404648598491036,0.43024589998190854,13.00433208359202,0.0098,0.010000000035722434,1.0,0.9999840743490047,1.5925650995285423e-05,23.624999999999993,23.643100848805137,0.018100848805143954
barabasi_albert,60,iid,0.15,1.5,high_frequency,2,lambda_max,1.4999999999999998,54.910459346604796,24.404648598491026,1.4383333455813208,24.404648598491036,0.9999999999999996,13.00433208359202,0.0098,0.010000000035722434,1.0,0.9999999998972804,1.0271961059515888e-10,54.910459346604796,54.724571977088054,-0.18588736951674178
barabasi_albert,60,iid,0.15,3.0,constant,2,all,3.000000000000001,3.4399002279594067e-16,3.822111364399339e-17,1.4383333455813208,24.404648598491036,1.5661407083876895e-18,13.00433208359202,0.0098,0.010000000035722434,0.0118,0.010000000035722434,0.0017999999642775658,3.4399002279594067e-16,0.005247398996967689,0.005247398996967345
barabasi_albert,60,iid,0.15,3.0,fiedler,2,fiedler,3.0,12.94500011023188,1.43833334558132,1.4383333455813208,24.404648598491036,0.05893685949939282,13.00433208359202,0.0098,0.010000000035722434,1.0,0.9999869091481746,1.30908518254369e-05,12.94500011023188,12.946768630660621,0.0017685204287403167
barabasi_albert,60,iid,0.15,3.0,cluster,2,40;0;4;6;1;2;3;5;10;11;12;18,3.0000000000000004,69.75000000000001,7.749999999999998,1.4383333455813208,24.404648598491036,0.31756244998664673,13.00433208359202,0.0098,0.010000000035722434,1.0,1.0,0.0,69.75000000000001,69.68086025133748,-0.06913974866253625
barabasi_albert,60,iid,0.15,3.0,point,2,30,3.0,27.0,3.0,1.4383333455813208,24.404648598491036,0.12292739999483103,13.00433208359202,0.0098,0.010000000035722434,1.0,1.0,0.0,27.0,26.967392134701946,-0.03260786529805415
barabasi_albert,60,iid,0.15,3.0,edge_bipolar,2,35-38,2.9999999999999996,44.99999999999999,5.0,1.4383333455813208,24.404648598491036,0.20487899999138504,13.00433208359202,0.0098,0.010000000035722434,1.0,1.0,0.0,44.99999999999999,44.80912639963543,-0.19087360036456147
barabasi_albert,60,iid,0.15,3.0,high_frequency,2,lambda_max,2.9999999999999996,219.64183738641918,24.404648598491026,1.4383333455813208,24.404648598491036,0.9999999999999996,13.00433208359202,0.0098,0.010000000035722434,1.0,1.0,0.0,219.64183738641918,219.7133592911294,0.07152190471020958
barabasi_albert,60,iid,0.15,0.75,constant,3,all,0.7500000000000002,5.374844106186573e-17,9.555278410998346e-17,1.397548597554927,25.24179970738096,3.785498071361483e-18,12.998137986717198,0.0134,0.009999999983364538,0.0088,0.009999999983364538,-0.0011999999833645376,5.374844106186573e-17,0.006045067417804972,0.006045067417804919
barabasi_albert,60,iid,0.15,0.75,fiedler,3,fiedler,0.7500000000000001,0.7861210861246466,1.3975485975549267,1.397548597554927,25.24179970738096,0.05536644033928648,12.998137986717198,0.0134,0.009999999983364538,0.0196,0.02023863190668368,-0.0006386319066836801,0.7861210861246466,0.8070338726529318,0.02091278652828521
barabasi_albert,60,iid,0.15,0.75,cluster,3,33;0;14;7;1;2;3;4;6;10;11;15,0.7500000000000001,4.125,7.33333333333333,1.397548597554927,25.24179970738096,0.29052339446259806,12.998137986717198,0.0134,0.009999999983364538,0.321,0.31026937089865286,0.010730629101347144,4.125,4.15414531361057,0.029145313610570156
barabasi_albert,60,iid,0.15,0.75,point,3,24,0.75,2.8125,5.0,1.397548597554927,25.24179970738096,0.19808413258813512,12.998137986717198,0.0134,0.009999999983364538,0.138,0.13227440746493302,0.005725592535066992,2.8125,2.8432338580444974,0.030733858044497353
barabasi_albert,60,iid,0.15,0.75,edge_bipolar,3,6-43,0.7499999999999999,6.749999999999999,12.0,1.397548597554927,25.24179970738096,0.4754019182115243,12.998137986717198,0.0134,0.009999999983364538,0.6086,0.6202217304912837,-0.011621730491283677,6.749999999999999,6.727649165626156,-0.02235083437384322
barabasi_albert,60,iid,0.15,0.75,high_frequency,3,lambda_max,0.75,14.198512335401789,25.24179970738096,1.397548597554927,25.24179970738096,1.0,12.998137986717198,0.0134,0.009999999983364538,0.9518,0.9515255980584219,0.00027440194157812847,14.198512335401789,14.232719584695655,0.03420724929386587
barabasi_albert,60,iid,0.15,1.5,constant,3,all,1.5000000000000004,2.1499376424746292e-16,9.555278410998346e-17,1.397548597554927,25.24179970738096,3.785498071361483e-18,12.998137986717198,0.0134,0.009999999983364538,0.0098,0.009999999983364538,-0.00019999998336453842,2.1499376424746292e-16,-0.026509103904539977,-0.026509103904540192
barabasi_albert,60,iid,0.15,1.5,fiedler,3,fiedler,1.5000000000000002,3.1444843444985864,1.3975485975549267,1.397548597554927,25.24179970738096,0.05536644033928648,12.998137986717198,0.0134,0.009999999983364538,0.1408,0.13401460928656667,0.0067853907134333424,3.1444843444985864,3.163936365606629,0.019452021108042672
barabasi_albert,60,iid,0.15,1.5,cluster,3,26;10;6;7;39;47;55;0;2;12;23;27,1.5000000000000002,12.187500000000002,5.416666666666665,1.397548597554927,25.24179970738096,0.21459114363714632,12.998137986717198,0.0134,0.009999999983364538,0.966,0.9646086202385615,0.0013913797614384382,12.187500000000002,12.249180779915424,0.06168077991542198
barabasi_albert,60,iid,0.15,1.5,point,3,10,1.5,31.5,14.0,1.397548597554927,25.24179970738096,0.5546355712467783,12.998137986717198,0.0134,0.009999999983364538,1.0,0.9999998029934722,1.9700652775789251e-07,31.5,31.570730652655207,0.0707306526552074
barabasi_albert,60,iid,0.15,1.5,edge_bipolar,3,52-59,1.4999999999999998,11.249999999999996,4.999999999999999,1.397548597554927,25.24179970738096,0.19808413258813506,12.998137986717198,0.0134,0.009999999983364538,0.9858,0.9844825318992652,0.0013174681007348532,11.249999999999996,11.251907065361486,0.001907065361489657
barabasi_albert,60,iid,0.15,1.5,high_frequency,3,lambda_max,1.5,56.794049341607156,25.24179970738096,1.397548597554927,25.24179970738096,1.0,12.998137986717198,0.0134,0.009999999983364538,1.0,0.9999999999328075,6.719247380715387e-11,56.794049341607156,56.665564869620574,-0.12848447198658164
barabasi_albert,60,iid,0.15,3.0,constant,3,all,3.000000000000001,8.599750569898517e-16,9.555278410998346e-17,1.397548597554927,25.24179970738096,3.785498071361483e-18,12.998137986717198,0.0134,0.009999999983364538,0.0106,0.009999999983364538,0.0006000000166354619,8.599750569898517e-16,0.03374366805819751,0.033743668058196646
barabasi_albert,60,iid,0.15,3.0,fiedler,3,fiedler,3.0000000000000004,12.577937377994346,1.3975485975549267,1.397548597554927,25.24179970738096,0.05536644033928648,12.998137986717198,0.0134,0.009999999983364538,1.0,0.9999726057247973,2.7394275202707874e-05,12.577937377994346,12.56043796739872,-0.017499410595625875
barabasi_albert,60,iid,0.15,3.0,cluster,3,23;0;10;6;1;2;3;4;11;14;15;21,3.0000000000000004,57.75,6.416666666666664,1.397548597554927,25.24179970738096,0.2542079701547733,12.998137986717198,0.0134,0.009999999983364538,1.0,1.0,0.0,57.75,57.955014399209496,0.20501439920949593
barabasi_albert,60,iid,0.15,3.0,point,3,17,3.0,54.0,6.0,1.397548597554927,25.24179970738096,0.23770095910576214,12.998137986717198,0.0134,0.009999999983364538,1.0,1.0,0.0,54.0,54.06703771580113,0.06703771580112772
barabasi_albert,60,iid,0.15,3.0,edge_bipolar,3,1-4,2.9999999999999996,94.5,10.500000000000002,1.397548597554927,25.24179970738096,0.4159766784350838,12.998137986717198,0.0134,0.009999999983364538,1.0,1.0,0.0,94.5,94.47118139574812,-0.028818604251881652
barabasi_albert,60,iid,0.15,3.0,high_frequency,3,lambda_max,3.0,227.17619736642862,25.24179970738096,1.397548597554927,25.24179970738096,1.0,12.998137986717198,0.0134,0.009999999983364538,1.0,1.0,0.0,227.17619736642862,227.50525450300086,0.32905713657223146
barabasi_albert,60,iid,0.3,0.75,constant,0,all,0.7500000000000002,5.374844106186573e-17,9.555278410998346e-17,1.4018976696270073,18.179399376892768,5.256102367795354e-18,50.20557984219249,0.0092,0.00999999982994404,0.0092,0.00999999982994404,-0.0007999998299440397,5.374844106186573e-17,0.07833991077307445,0.0783399107730744
barabasi_albert,60,iid,0.3,0.75,fiedler,0,fiedler,0.75,0.7885674391651912,1.4018976696270067,1.4018976696270073,18.179399376892768,0.07711463071815851,50.20557984219249,0.0092,0.00999999982994404,0.0154,0.0123058441008842,0.0030941558991158004,0.7885674391651912,0.8907240907662697,0.10215665160107845
barabasi_albert,60,iid,0.3,0.75,cluster,0,56;38;36;54;1;12;14;16;9;45;24;18,0.7500000000000001,2.0625000000000004,3.666666666666666,1.4018976696270073,18.179399376892768,0.2016934988142262,50.20557984219249,0.0092,0.00999999982994404,0.0214,0.02092685288662932,0.0004731471133706776,2.0625000000000004,2.1442434532998256,0.08174345329982513
barabasi_albert,60,iid,0.3,0.75,point,0,37,0.75,1.6875,3.0,1.4018976696270073,18.179399376892768,0.16502195357527602,50.20557984219249,0.0092,0.00999999982994404,0.0136,0.01644542223035006,-0.0028454222303500604,1.6875,1.613890429341577,-0.073609570658423
barabasi_albert,60,iid,0.3,0.75,edge_bipolar,0,2-44,0.7499999999999999,5.343749999999999,9.5,1.4018976696270073,18.179399376892768,0.5225695196550407,50.20557984219249,0.0092,0.00999999982994404,0.069,0.0650992649449264,0.003900735055073601,5.343749999999999,5.303495541867793,-0.04025445813220596
barabasi_albert,60,iid,0.3,0.75,high_frequency,0,lambda_max,0.7500000000000002,10.225912149502202,18.179399376892793,1.4018976696270073,18.179399376892768,1.0000000000000013,50.20557984219249,0.0092,0.00999999982994404,0.1886,0.18502797292241085,0.003572027077589135,10.225912149502202,10.20741598377965,-0.018496165722551083
barabasi_albert,60,iid,0.3,1.5,constant,0,all,1.5000000000000004,2.1499376424746292e-16,9.555278410998346e-17,1.4018976696270073,18.179399376892768,5.256102367795354e-18,50.20557984219249,0.0092,0.00999999982994404,0.0096,0.00999999982994404,-0.0003999998299440404,2.1499376424746292e-16,-0.15912357327792392,-0.15912357327792415
barabasi_albert,60,iid,0.3,1.5,fiedler,0,fiedler,1.5,3.154269756660765,1.4018976696270067,1.4018976696270073,18.179399376892768,0.07711463071815851,50.20557984219249,0.0092,0.00999999982994404,0.0194,0.02249251807665098,-0.0030925180766509797,3.154269756660765,3.1891891146163225,0.03491935795555756
barabasi_albert,60,iid,0.3,1.5,cluster,0,50;2;20;13;0;5;8;9;17;19;31;33,1.5000000000000002,12.1875,5.416666666666664,1.4018976696270073,18.179399376892768,0.2979563050664705,50.20557984219249,0.0092,0.00999999982994404,0.2096,0.21307392252772128,-0.0034739225277212737,12.1875,12.000652371678225,-0.18684762832177526
barabasi_albert,60,iid,0.3,1.5,point,0,16,1.5,22.5,10.0,1.4018976696270073,18.179399376892768,0.5500731785842534,50.20557984219249,0.0092,0.00999999982994404,0.5868,0.5748970024321837,0.01190299756781632,22.5,22.67668758293988,0.17668758293988063
barabasi_albert,60,iid,0.3,1.5,edge_bipolar,0,5-24,1.4999999999999998,27.0,12.000000000000002,1.4018976696270073,18.179399376892768,0.6600878143011042,50.20557984219249,0.0092,0.00999999982994404,0.6842,0.684432350122546,-0.00023235012254596565,27.0,27.015715834298756,0.015715834298756448
barabasi_albert,60,iid,0.3,1.5,high_frequency,0,lambda_max,1.5000000000000004,40.90364859800881,18.179399376892793,1.4018976696270073,18.179399376892768,1.0000000000000013,50.20557984219249,0.0092,0.00999999982994404,0.9006,0.8975973549699297,0.0030026450300703056,40.90364859800881,40.96461694471013,0.06096834670132267
barabasi_albert,60,iid,0.3,3.0,constant,0,all,3.000000000000001,8.599750569898517e-16,9.555278410998346e-17,1.4018976696270073,18.179399376892768,5.256102367795354e-18,50.20557984219249,0.0092,0.00999999982994404,0.0094,0.00999999982994404,-0.0005999998299440392,8.599750569898517e-16,0.2230006737000565,0.22300067370005563
barabasi_albert,60,iid,0.3,3.0,fiedler,0,fiedler,3.0,12.61707902664306,1.4018976696270067,1.4018976696270073,18.179399376892768,0.07711463071815851,50.20557984219249,0.0092,0.00999999982994404,0.1818,0.17374465439087983,0.008055345609120163,12.61707902664306,12.91832981920098,0.3012507925579211
barabasi_albert,60,iid,0.3,3.0,cluster,0,58;0;42;6;1;2;3;4;8;14;16;20,3.0000000000000004,55.5,6.166666666666664,1.4018976696270073,18.179399376892768,0.33921179346028946,50.20557984219249,0.0092,0.00999999982994404,0.9962,0.9951407772671292,0.0010592227328707349,55.5,55.19206928192186,-0.3079307180781399
barabasi_albert,60,iid,0.3,3.0,point,0,1,3.0,99.0,11.0,1.4018976696270073,18.179399376892768,0.6050804964426787,50.20557984219249,0.0092,0.00999999982994404,1.0,0.9999982546124321,1.7453875679196429e-06,99.0,98.75391759989321,-0.24608240010678628
barabasi_albert,60,iid,0.3,3.0,edge_bipolar,0,0-4,2.9999999999999996,103.49999999999999,11.5,1.4018976696270073,18.179399376892768,0.6325841553718914,50.20557984219249,0.0092,0.00999999982994404,1.0,0.9999992153436967,7.846563032654075e-07,103.49999999999999,103.79260606491681,0.29260606491682495
barabasi_albert,60,iid,0.3,3.0,high_frequency,0,lambda_max,3.000000000000001,163.61459439203523,18.179399376892793,1.4018976696270073,18.179399376892768,1.0000000000000013,50.20557984219249,0.0092,0.00999999982994404,1.0,0.9999999984493639,1.5506360639960803e-09,163.61459439203523,163.22624490010188,-0.38834949193335433
barabasi_albert,60,iid,0.3,0.75,constant,1,all,0.7500000000000002,5.374844106186573e-17,9.555278410998346e-17,1.4563972887004408,24.307336901084245,3.9310264427083854e-18,52.36592838290471,0.0074,0.009999999999522946,0.0092,0.009999999999522946,-0.0007999999995229462,5.374844106186573e-17,0.03296753881088321,0.03296753881088316
barabasi_albert,60,iid,0.3,0.75,fiedler,1,fiedler,0.75,0.8192234748939983,1.4563972887004413,1.4563972887004408,24.307336901084245,0.059915954373244304,52.36592838290471,0.0074,0.009999999999522946,0.0096,0.01201290765659424,-0.0024129076565942414,0.8192234748939983,0.6666464149231714,-0.15257705997082682
barabasi_albert,60,iid,0.3,0.75,cluster,1,52;46;4;6;16;7;0;2;3;5;8;9,0.7500000000000001,3.984375000000001,7.083333333333332,1.4563972887004408,24.307336901084245,0.291407214297399,52.36592838290471,0.0074,0.009999999999522946,0.035,0.03761590177989543,-0.00261590177989543,3.984375000000001,3.8987341219205156,-0.08564087807948528
barabasi_albert,60,iid,0.3,0.75,point,1,3,0.75,8.4375,15.0,1.4563972887004408,24.307336901084245,0.6170976302768452,52.36592838290471,0.0074,0.009999999999522946,0.1108,0.10707159254943605,0.0037284074505639503,8.4375,8.486772091038286,0.04927209103828645
barabasi_albert,60,iid,0.3,0.75,edge_bipolar,1,27-50,0.7499999999999999,3.656249999999999,6.5,1.4563972887004408,24.307336901084245,0.26740897311996625,52.36592838290471,0.0074,0.009999999999522946,0.0276,0.027978645679441028,-0.0003786456794410281,3.656249999999999,3.492438548744108,-0.16381145125589125
barabasi_albert,60,iid,0.3,0.75,high_frequency,1,lambda_max,0.7500000000000001,13.6728770068599,24.30733690108426,1.4563972887004408,24.307336901084245,1.0000000000000007,52.36592838290471,0.0074,0.009999999999522946,0.2528,0.24612291052624474,0.006677089473755282,13.6728770068599,13.701036275211873,0.028159268351972244
barabasi_albert,60,iid,0.3,1.5,constant,1,all,1.5000000000000004,2.1499376424746292e-16,9.555278410998346e-17,1.4563972887004408,24.307336901084245,3.9310264427083854e-18,52.36592838290471,0.0074,0.009999999999522946,0.0096,0.009999999999522946,-0.0003999999995229469,2.1499376424746292e-16,0.012484240394904589,0.012484240394904374
barabasi_albert,60,iid,0.3,1.5,fiedler,1,fiedler,1.5,3.276893899575993,1.4563972887004413,1.4563972887004408,24.307336901084245,0.059915954373244304,52.36592838290471,0.0074,0.009999999999522946,0.0202,0.020598167041287974,-0.0003981670412879744,3.276893899575993,3.1720519511291663,-0.10484194844682682
barabasi_albert,60,iid,0.3,1.5,cluster,1,55;44;28;6;8;5;7;27;13;31;0;3,1.5000000000000002,16.5,7.33333333333333,1.4563972887004408,24.307336901084245,0.30169217480201305,52.36592838290471,0.0074,0.009999999999522946,0.3026,0.303590916101966,-0.0009909161019659996,16.5,16.21906170075832,-0.28093829924167935
barabasi_albert,60,iid,0.3,1.5,point,1,43,1.5,11.25,5.0,1.4563972887004408,24.307336901084245,0.2056992100922817,52.36592838290471,0.0074,0.009999999999522946,0.1266,0.12695109482545647,-0.0003510948254564772,11.25,11.37845651254744,0.12845651254744084
barabasi_albert,60,iid,0.3,1.5,edge_bipolar,1,3-59,1.4999999999999998,22.499999999999996,10.0,1.4563972887004408,24.307336901084245,0.4113984201845634,52.36592838290471,0.0074,0.009999999999522946,0.4972,0.4897081870520932,0.007491812947906795,22.499999999999996,22.72583739236831,0.22583739236831235
barabasi_albert,60,iid,0.3,1.5,high_frequency,1,lambda_max,1.5000000000000002,54.6915080274396,24.30733690108426,1.4563972887004408,24.307336901084245,1.0000000000000007,52.36592838290471,0.0074,0.009999999999522946,0.9434,0.9424549809184941,0.0009450190815059045,54.6915080274396,55.12831064580352,0.4368026183639202
barabasi_albert,60,iid,0.3,3.0,constant,1,all,3.000000000000001,8.599750569898517e-16,9.555278410998346e-17,1.4563972887004408,24.307336901084245,3.9310264427083854e-18,52.36592838290471,0.0074,0.009999999999522946,0.0106,0.009999999999522946,0.000600000000477054,8.599750569898517e-16,0.021668740570977008,0.021668740570976147
barabasi_albert,60,iid,0.3,3.0,fiedler,1,fiedler,3.0,13.107575598303972,1.4563972887004413,1.4563972887004408,24.307336901084245,0.059915954373244304,52.36592838290471,0.0074,0.009999999999522946,0.1444,0.1411443595553305,0.0032556404446694998,13.107575598303972,13.184259131138358,0.07668353283438556
barabasi_albert,60,iid,0.3,3.0,cluster,1,53;48;33;47;18;20;13;1;5;35;45;0,3.0000000000000004,49.500000000000014,5.499999999999999,1.4563972887004408,24.307336901084245,0.22626913110150984,52.36592838290471,0.0074,0.009999999999522946,0.9624,0.9575824455039215,0.004817554496078569,49.500000000000014,49.53126004812859,0.03126004812857275
barabasi_albert,60,iid,0.3,3.0,point,1,29,3.0,45.0,5.0,1.4563972887004408,24.307336901084245,0.2056992100922817,52.36592838290471,0.0074,0.009999999999522946,0.9788,0.9813807596330381,-0.0025807596330380544,45.0,44.91345930386285,-0.0865406961371491
barabasi_albert,60,iid,0.3,3.0,edge_bipolar,1,2-4,2.9999999999999996,117.0,13.000000000000002,1.4563972887004408,24.307336901084245,0.5348179462399325,52.36592838290471,0.0074,0.009999999999522946,1.0,0.9999987961760748,1.2038239252110117e-06,117.0,117.39679451954066,0.3967945195406628
barabasi_albert,60,iid,0.3,3.0,high_frequency,1,lambda_max,3.0000000000000004,218.7660321097584,24.30733690108426,1.4563972887004408,24.307336901084245,1.0000000000000007,52.36592838290471,0.0074,0.009999999999522946,1.0,0.9999999998747349,1.2526513160082686e-10,218.7660321097584,217.81271859612073,-0.9533135136376814
barabasi_albert,60,iid,0.3,0.75,constant,2,all,0.7500000000000002,1.0749688212373146e-17,1.9110556821996694e-17,0.9325392584643548,29.124187225477286,6.56174768897212e-19,52.654247651468445,0.009,0.009999999932966075,0.012,0.009999999932966075,0.0020000000670339253,1.0749688212373146e-17,0.04138473131327558,0.041384731313275566
barabasi_albert,60,iid,0.3,0.75,fiedler,2,fiedler,0.7500000000000001,0.5245533328862013,0.9325392584643575,0.9325392584643548,29.124187225477286,0.03201940885919693,52.654247651468445,0.009,0.009999999932966075,0.0108,0.011166900303251681,-0.0003669003032516806,0.5245533328862013,0.586704531587408,0.06215119870120667
barabasi_albert,60,iid,0.3,0.75,cluster,2,10;3;4;5;21;44;45;0;6;7;8;15,0.7500000000000001,3.843750000000001,6.833333333333332,0.9325392584643548,29.124187225477286,0.23462743459345922,52.654247651468445,0.009,0.009999999932966075,0.0352,0.03451112270843271,0.0006888772915672955,3.843750000000001,3.8973106497140186,0.05356064971401775
barabasi_albert,60,iid,0.3,0.75,point,2,18,0.75,2.25,4.0,0.9325392584643548,29.124187225477286,0.13734288854251273,52.654247651468445,0.009,0.009999999932966075,0.0166,0.017476186120802595,-0.0008761861208025946,2.25,2.3265807211506377,0.07658072115063774
barabasi_albert,60,iid,0.3,0.75,edge_bipolar,2,5-39,0.7499999999999999,9.84375,17.500000000000004,0.9325392584643548,29.124187225477286,0.6008751373734933,52.654247651468445,0.009,0.009999999932966075,0.1526,0.15273880336683704,-0.00013880336683702588,9.84375,9.66286954052801,-0.1808804594719895
barabasi_albert,60,iid,0.3,0.75,high_frequency,2,lambda_max,0.75,16.38235531433098,29.124187225477296,0.9325392584643548,29.124187225477286,1.0000000000000004,52.654247651468445,0.009,0.009999999932966075,0.328,0.3116247533682482,0.016375246631751827,16.38235531433098,17.028667961304873,0.6463126469738931
barabasi_albert,60,iid,0.3,1.5,constant,2,all,1.5000000000000004,4.2998752849492583e-17,1.9110556821996694e-17,0.9325392584643548,29.124187225477286,6.56174768897212e-19,52.654247651468445,0.009,0.009999999932966075,0.0078,0.009999999932966075,-0.0021999999329660753,4.2998752849492583e-17,-0.07871182062584481,-0.07871182062584485
barabasi_albert,60,iid,0.3,1.5,fiedler,2,fiedler,1.5000000000000002,2.0982133315448053,0.9325392584643575,0.9325392584643548,29.124187225477286,0.03201940885919693,52.654247651468445,0.009,0.009999999932966075,0.0148,0.015515085557869734,-0.0007150855578697338,2.0982133315448053,2.10017397041722,0.0019606388724149326
barabasi_albert,60,iid,0.3,1.5,cluster,2,32;0;25;23;1;2;3;4;5;6;8;11,1.5000000000000002,13.125,5.833333333333331,0.9325392584643548,29.124187225477286,0.200291712457831,52.654247651468445,0.009,0.009999999932966075,0.1936,0.19724141746207086,-0.0036414174620708617,13.125,13.069121893705084,-0.05587810629491585
barabasi_albert,60,iid,0.3,1.5,point,2,31,1.5,6.75,3.0,0.9325392584643548,29.124187225477286,0.10300716640688455,52.654247651468445,0.009,0.009999999932966075,0.048,0.0462958279522096,0.0017041720477904004,6.75,6.793734226787468,0.043734226787467634
barabasi_albert,60,iid,0.3,1.5,edge_bipolar,2,4-27,1.4999999999999998,22.499999999999996,10.0,0.9325392584643548,29.124187225477286,0.3433572213562818,52.654247651468445,0.009,0.009999999932966075,0.4842,0.48032870516291815,0.0038712948370818734,22.499999999999996,22.72939376272124,0.22939376272124434
barabasi_albert,60,iid,0.3,1.5,high_frequency,2,lambda_max,1.5,65.52942125732392,29.124187225477296,0.9325392584643548,29.124187225477286,1.0000000000000004,52.654247651468445,0.009,0.009999999932966075,0.9686,0.966441573197981,0.0021584268020190533,65.52942125732392,65.58121766673737,0.051796409413455535
barabasi_albert,60,iid,0.3,3.0,constant,2,all,3.000000000000001,1.7199501139797033e-16,1.9110556821996694e-17,0.9325392584643548,29.124187225477286,6.56174768897212e-19,52.654247651468445,0.009,0.009999999932966075,0.009,0.009999999932966075,-0.0009999999329660756,1.7199501139797033e-16,0.05412323502963545,0.05412323502963528
barabasi_albert,60,iid,0.3,3.0,fiedler,2,fiedler,3.0000000000000004,8.392853326179221,0.9325392584643575,0.9325392584643548,29.124187225477286,0.03201940885919693,52.654247651468445,0.009,0.009999999932966075,0.0562,0.054990262661997524,0.0012097373380024756,8.392853326179221,8.353887189781705,-0.03896613639751578
barabasi_albert,60,iid,0.3,3.0,cluster,2,3;0;4;5;6;7;8;10;15;18;23;25,3.0000000000000004,63.750000000000014,7.083333333333332,0.9325392584643548,29.124187225477286,0.24321136512736627,52.654247651468445,0.009,0.009999999932966075,0.9974,0.9968274553012901,0.0005725446987098204,63.750000000000014,63.663937493425834,-0.08606250657418002
barabasi_albert,60,iid,0.3,3.0,point,2,31,3.0,27.0,3.0,0.9325392584643548,29.124187225477286,0.10300716640688455,52.654247651468445,0.009,0.009999999932966075,0.673,0.6821749871800173,-0.009174987180017302,27.0,26.859776969003935,-0.14022303099606503
barabasi_albert,60,iid,0.3,3.0,edge_bipolar,2,3-5,2.9999999999999996,216.0,24.000000000000004,0.9325392584643548,29.124187225477286,0.8240573312550765,52.654247651468445,0.009,0.009999999932966075,1.0,0.9999999996622126,3.377873536436482e-10,216.0,215.99724619982015,-0.0027538001798461664
barabasi_albert,60,iid,0.3,3.0,high_frequency,2,lambda_max,3.0,262.11768502929567,29.124187225477296,0.9325392584643548,29.124187225477286,1.0000000000000004,52.654247651468445,0.009,0.009999999932966075,1.0,0.9999999999831221,1.6877943487259017e-11,262.11768502929567,261.104830598353,-1.0128544309426957
barabasi_albert,60,iid,0.3,0.75,constant,3,all,0.7500000000000002,3.224906463711944e-17,5.733167046599008e-17,1.4019745555891976,20.981263496719407,2.7325175376094177e-18,51.313045816049694,0.0082,0.009999999999147247,0.0098,0.009999999999147247,-0.0001999999991472469,3.224906463711944e-17,-0.022575980475984636,-0.022575980475984667
barabasi_albert,60,iid,0.3,0.75,fiedler,3,fiedler,0.7500000000000001,0.7886106875189258,1.401974555589201,1.4019745555891976,20.981263496719407,0.06682031116993556,51.313045816049694,0.0082,0.009999999999147247,0.0132,0.012093617160360837,0.0011063828396391633,0.7886106875189258,0.8198191726072785,0.031208485088352722
barabasi_albert,60,iid,0.3,0.75,cluster,3,2;0;4;7;14;15;29;1;3;5;9;12,0.7500000000000001,3.65625,6.499999999999997,1.4019745555891976,20.981263496719407,0.3098002177522019,51.313045816049694,0.0082,0.009999999999147247,0.0356,0.035502221064244166,9.777893575583368e-05,3.65625,3.6562857502042228,3.575020422275088e-05
barabasi_albert,60,iid,0.3,0.75,point,3,34,0.75,1.6875,3.0,1.4019745555891976,20.981263496719407,0.1429847158856317,51.313045816049694,0.0082,0.009999999999147247,0.0174,0.015767667973997535,0.0016323320260024643,1.6875,1.7750590881543467,0.08755908815434665
barabasi_albert,60,iid,0.3,0.75,edge_bipolar,3,1-6,0.7499999999999999,5.906249999999998,10.499999999999998,1.4019745555891976,20.981263496719407,0.5004465055997108,51.313045816049694,0.0082,0.009999999999147247,0.0564,0.06090981625713965,-0.00450981625713965,5.906249999999998,5.8293959566503055,-0.0768540433496927
barabasi_albert,60,iid,0.3,0.75,high_frequency,3,lambda_max,0.75,11.801960716904665,20.981263496719404,1.4019745555891976,20.981263496719407,0.9999999999999998,51.313045816049694,0.0082,0.009999999999147247,0.213,0.21239488665080397,0.0006051133491960237,11.801960716904665,11.738109137988364,-0.06385157891630122
barabasi_albert,60,iid,0.3,1.5,constant,3,all,1.5000000000000004,1.2899625854847775e-16,5.733167046599008e-17,1.4019745555891976,20.981263496719407,2.7325175376094177e-18,51.313045816049694,0.0082,0.009999999999147247,0.011,0.009999999999147247,0.0010000000008527528,1.2899625854847775e-16,0.04594699569828009,0.04594699569827996
barabasi_albert,60,iid,0.3,1.5,fiedler,3,fiedler,1.5000000000000002,3.1544427500757033,1.401974555589201,1.4019745555891976,20.981263496719407,0.06682031116993556,51.313045816049694,0.0082,0.009999999999147247,0.0248,0.021102562218453302,0.0036974377815466968,3.1544427500757033,3.1792919202297263,0.024849170154022993
barabasi_albert,60,iid,0.3,1.5,cluster,3,32;17;3;5;38;45;55;0;4;20;25;43,1.5000000000000002,11.8125,5.249999999999998,1.4019745555891976,20.981263496719407,0.2502232527998554,51.313045816049694,0.0082,0.009999999999147247,0.188,0.1869577693115516,0.0010422306884483867,11.8125,11.645628841921262,-0.1668711580787381
barabasi_albert,60,iid,0.3,1.5,point,3,49,1.5,6.75,3.0,1.4019745555891976,20.981263496719407,0.1429847158856317,51.313045816049694,0.0082,0.009999999999147247,0.0554,0.05396143004290238,0.001438569957097617,6.75,6.696484916881648,-0.05351508311835218
barabasi_albert,60,iid,0.3,1.5,edge_bipolar,3,27-33,1.4999999999999998,11.249999999999996,4.999999999999999,1.4019745555891976,20.981263496719407,0.23830785980938612,51.313045816049694,0.0082,0.009999999999147247,0.152,0.14332259714692352,0.008677402853076471,11.249999999999996,11.31976311787341,0.06976311787341416
barabasi_albert,60,iid,0.3,1.5,high_frequency,3,lambda_max,1.5,47.20784286761866,20.981263496719404,1.4019745555891976,20.981263496719407,0.9999999999999998,51.313045816049694,0.0082,0.009999999999147247,0.9272,0.9217575375817866,0.005442462418213445,47.20784286761866,47.162731044689195,-0.045111822929463585
barabasi_albert,60,iid,0.3,3.0,constant,3,all,3.000000000000001,5.15985034193911e-16,5.733167046599008e-17,1.4019745555891976,20.981263496719407,2.7325175376094177e-18,51.313045816049694,0.0082,0.009999999999147247,0.0084,0.009999999999147247,-0.001599999999147247,5.15985034193911e-16,-0.005549083069453786,-0.005549083069454302
barabasi_albert,60,iid,0.3,3.0,fiedler,3,fiedler,3.0000000000000004,12.617771000302813,1.401974555589201,1.4019745555891976,20.981263496719407,0.06682031116993556,51.313045816049694,0.0082,0.009999999999147247,0.1456,0.148727043841274,-0.003127043841273991,12.617771000302813,12.643080006733971,0.025309006431157854
barabasi_albert,60,iid,0.3,3.0,cluster,3,53;16;19;7;1;4;5;42;47;0;10;15,3.0000000000000004,64.5,7.166666666666663,1.4019745555891976,20.981263496719407,0.34157459906012,51.313045816049694,0.0082,0.009999999999147247,0.9968,0.9970185405281866,-0.00021854052818659486,64.5,64.08705503062296,-0.41294496937703684
barabasi_albert,60,iid,0.3,3.0,point,3,1,3.0,90.0,10.0,1.4019745555891976,20.981263496719407,0.47661571961877236,51.313045816049694,0.0082,0.009999999999147247,1.0,0.9999904463146996,9.553685300422998e-06,90.0,89.99325914422595,-0.006740855774054921
barabasi_albert,60,iid,0.3,3.0,edge_bipolar,3,7-33,2.9999999999999996,99.0,11.000000000000002,1.4019745555891976,20.981263496719407,0.5242772915806496,51.313045816049694,0.0082,0.009999999999147247,1.0,0.999975136327506,2.4863672493991018e-05,99.0,99.03114710680734,0.031147106807338787
barabasi_albert,60,iid,0.3,3.0,high_frequency,3,lambda_max,3.0,188.83137147047464,20.981263496719404,1.4019745555891976,20.981263496719407,0.9999999999999998,51.313045816049694,0.0082,0.009999999999147247,1.0,0.9999999995434319,4.565681166468494e-10,188.83137147047464,188.55490499045374,-0.27646648002090046
barabasi_albert,60,correlated,0.15,0.75,constant,0,all,0.7500000000000002,4.2998752849492583e-17,7.644222728798677e-17,0.9792188793831884,35.07585046124547,2.179340665522739e-18,11.590777968050782,0.0108,0.009999999967519935,0.0114,0.009999999967519935,0.0014000000324800657,4.2998752849492583e-17,-0.020909990466934758,-0.0209099904669348
barabasi_albert,60,correlated,0.15,0.75,fiedler,0,fiedler,0.7500000000000002,0.5508106196530449,0.9792188793831903,0.9792188793831884,35.07585046124547,0.027917181379967036,11.590777968050782,0.0108,0.009999999967519935,0.0168,0.01593370935275945,0.0008662906472405481,0.5508106196530449,0.5555730163737822,0.004762396720737305
barabasi_albert,60,correlated,0.15,0.75,cluster,0,24;8;9;19;0;6;7;11;15;17;18;20,0.7500000000000001,3.46875,6.166666666666664,0.9792188793831884,35.07585046124547,0.17580946963723879,11.590777968050782,0.0108,0.009999999967519935,0.2512,0.24800532723963298,0.003194672760367001,3.46875,3.4926620854457386,0.02391208544573864
barabasi_albert,60,correlated,0.15,0.75,point,0,24,0.75,1.6875,3.0,0.9792188793831884,35.07585046124547,0.08552893117487297,11.590777968050782,0.0108,0.009999999967519935,0.044,0.046731155580211736,-0.0027311555802117388,1.6875,1.643769424088731,-0.04373057591126894
barabasi_albert,60,correlated,0.15,0.75,edge_bipolar,0,6-19,0.7499999999999999,6.46875,11.500000000000002,0.9792188793831884,35.07585046124547,0.3278609028370131,11.590777968050782,0.0108,0.009999999967519935,0.6578,0.6598127120649824,-0.002012712064982325,6.46875,6.428448527650259,-0.04030147234974102
barabasi_albert,60,correlated,0.15,0.75,high_frequency,0,lambda_max,0.7500000000000001,19.73016588445059,35.07585046124548,0.9792188793831884,35.07585046124547,1.0000000000000002,11.590777968050782,0.0108,0.009999999967519935,0.9902,0.9909782222676587,-0.0007782222676587791,19.73016588445059,19.607113832659707,-0.12305205179088219
barabasi_albert,60,correlated,0.15,1.5,constant,0,all,1.5000000000000004,1.7199501139797033e-16,7.644222728798677e-17,0.9792188793831884,35.07585046124547,2.179340665522739e-18,11.590777968050782,0.0108,0.009999999967519935,0.0106,0.009999999967519935,0.0006000000324800654,1.7199501139797033e-16,-0.01322042760528852,-0.013220427605288692
barabasi_albert,60,correlated,0.15,1.5,fiedler,0,fiedler,1.5000000000000004,2.2032424786121796,0.9792188793831903,0.9792188793831884,35.07585046124547,0.027917181379967036,11.590777968050782,0.0108,0.009999999967519935,0.0666,0.0643786573291012,0.00222134267089881,2.2032424786121796,2.22563835685869,0.02239587824651057
barabasi_albert,60,correlated,0.15,1.5,cluster,0,2;0;4;5;6;7;9;13;16;19;22;26,1.5000000000000002,14.625000000000004,6.499999999999999,0.9792188793831884,35.07585046124547,0.18531268421222472,11.590777968050782,0.0108,0.009999999967519935,0.9958,0.9958837001159564,-8.37001159563755e-05,14.625000000000004,14.65173578988925,0.026735789889245964
barabasi_albert,60,correlated,0.15,1.5,point,0,53,1.5,6.75,3.0,0.9792188793831884,35.07585046124547,0.08552893117487297,11.590777968050782,0.0108,0.009999999967519935,0.8076,0.8006768454256734,0.006923154574326573,6.75,6.761162691746842,0.011162691746841702
barabasi_albert,60,correlated,0.15,1.5,edge_bipolar,0,5-12,1.4999999999999998,24.749999999999993,10.999999999999998,0.9792188793831884,35.07585046124547,0.31360608097453413,11.590777968050782,0.0108,0.009999999967519935,1.0,0.9999999466908125,5.330918750878766e-08,24.749999999999993,24.83019752230718,0.0801975223071878
barabasi_albert,60,correlated,0.15,1.5,high_frequency,0,lambda_max,1.5000000000000002,78.92066353780235,35.07585046124548,0.9792188793831884,35.07585046124547,1.0000000000000002,11.590777968050782,0.0108,0.009999999967519935,1.0,0.9999999999999813,1.865174681370263e-14,78.92066353780235,78.44633720773517,-0.4743263300671856
barabasi_albert,60,correlated,0.15,3.0,constant,0,all,3.000000000000001,6.879800455918813e-16,7.644222728798677e-17,0.9792188793831884,35.07585046124547,2.179340665522739e-18,11.590777968050782,0.0108,0.009999999967519935,0.0088,0.009999999967519935,-0.0011999999675199342,6.879800455918813e-16,0.014702995744073633,0.014702995744072944
barabasi_albert,60,correlated,0.15,3.0,fiedler,0,fiedler,3.000000000000001,8.812969914448718,0.9792188793831903,0.9792188793831884,35.07585046124547,0.027917181379967036,11.590777968050782,0.0108,0.009999999967519935,0.995,0.9937910087817798,0.0012089912182201568,8.812969914448718,8.783408866074383,-0.02956104837433493
barabasi_albert,60,correlated,0.15,3.0,cluster,0,57;40;34;20;0;3;5;42;44;46;47;49,3.0000000000000004,41.250000000000014,4.583333333333333,0.9792188793831884,35.07585046124547,0.1306692004060559,11.590777968050782,0.0108,0.009999999967519935,1.0,0.9999999999999974,2.55351295663786e-15,41.250000000000014,41.32055582032466,0.07055582032464258
barabasi_albert,60,correlated,0.15,3.0,point,0,45,3.0,27.0,3.0,0.9792188793831884,35.07585046124547,0.08552893117487297,11.590777968050782,0.0108,0.009999999967519935,1.0,1.0,0.0,27.0,27.02811238346675,0.02811238346674827
barabasi_albert,60,correlated,0.15,3.0,edge_bipolar,0,3-40,2.9999999999999996,85.49999999999999,9.5,0.9792188793831884,35.07585046124547,0.2708416153870977,11.590777968050782,0.0108,0.009999999967519935,1.0,0.9999999999999998,2.220446049250313e-16,85.49999999999999,85.44119707729766,-0.05880292270232701
barabasi_albert,60,correlated,0.15,3.0,high_frequency,0,lambda_max,3.0000000000000004,315.6826541512094,35.07585046124548,0.9792188793831884,35.07585046124547,1.0000000000000002,11.590777968050782,0.0108,0.009999999967519935,1.0,0.9999999999999998,2.220446049250313e-16,315.6826541512094,315.0464371141793,-0.6362170370301214
barabasi_albert,60,correlated,0.15,0.75,constant,1,all,0.7500000000000002,7.524781748661202e-17,1.3377389775397684e-16,1.5285929971576935,35.08032656884539,3.813359533339708e-18,11.805920574089946,0.009,0.010000000160906686,0.01,0.010000000160906686,-1.6090668554513687e-10,7.524781748661202e-17,2.0872410406269637e-05,2.087241040619439e-05
barabasi_albert,60,correlated,0.15,0.75,fiedler,1,fiedler,0.75,0.8598335609012033,1.5285929971576948,1.5285929971576935,35.08032656884539,0.04357408116363512,11.805920574089946,0.009,0.010000000160906686,0.0198,0.021183741635917963,-0.0013837416359179615,0.8598335609012033,0.8754654667976043,0.015631905896400955
barabasi_albert,60,correlated,0.15,0.75,cluster,1,39;0;33;4;42;45;1;2;3;5;6;7,0.7500000000000001,3.890625000000001,6.916666666666665,1.5285929971576935,35.08032656884539,0.19716654156832483,11.805920574089946,0.009,0.010000000160906686,0.2876,0.2883481582696622,-0.0007481582696621802,3.890625000000001,3.952773288809313,0.06214828880931211
barabasi_albert,60,correlated,0.15,0.75,point,1,17,0.75,3.375,6.0,1.5285929971576935,35.08032656884539,0.17103603605926976,11.805920574089946,0.009,0.010000000160906686,0.1916,0.18820494530317722,0.0033950546968227746,3.375,3.377727117693727,0.0027271176937269104
barabasi_albert,60,correlated,0.15,0.75,edge_bipolar,1,5-31,0.7499999999999999,3.937499999999999,7.0,1.5285929971576935,35.08032656884539,0.19954204206914805,11.805920574089946,0.009,0.010000000160906686,0.2718,0.26515192369762824,0.0066480763023717415,3.937499999999999,3.9326546155432194,-0.004845384456779733
barabasi_albert,60,correlated,0.15,0.75,high_frequency,1,lambda_max,0.7500000000000001,19.732683694975545,35.0803265688454,1.5285929971576935,35.08032656884539,1.0000000000000002,11.805920574089946,0.009,0.010000000160906686,0.9882,0.9898682015820701,-0.0016682015820701501,19.732683694975545,19.695243213621215,-0.03744048135433076
barabasi_albert,60,correlated,0.15,1.5,constant,1,all,1.5000000000000004,3.009912699464481e-16,1.3377389775397684e-16,1.5285929971576935,35.08032656884539,3.813359533339708e-18,11.805920574089946,0.009,0.010000000160906686,0.0106,0.010000000160906686,0.0005999998390933143,3.009912699464481e-16,0.0021745178711691793,0.0021745178711688783
barabasi_albert,60,correlated,0.15,1.5,fiedler,1,fiedler,1.5,3.4393342436048133,1.5285929971576948,1.5285929971576935,35.08032656884539,0.04357408116363512,11.805920574089946,0.009,0.010000000160906686,0.171,0.17057412898122332,0.00042587101877669675,3.4393342436048133,3.4272627949239975,-0.012071448680815777
barabasi_albert,60,correlated,0.15,1.5,cluster,1,55;2;5;7;0;4;6;10;14;16;21;22,1.5000000000000002,15.000000000000005,6.666666666666666,1.5285929971576935,35.08032656884539,0.1900400400658553,11.805920574089946,0.009,0.010000000160906686,0.9924,0.9924928561532246,-9.28561532246297e-05,15.000000000000005,14.820909614158612,-0.17909038584139303
barabasi_albert,60,correlated,0.15,1.5,point,1,58,1.5,6.75,3.0,1.5285929971576935,35.08032656884539,0.08551801802963488,11.805920574089946,0.009,0.010000000160906686,0.7644,0.7648675088352935,-0.0004675088352935619,6.75,6.746790497677706,-0.003209502322294
barabasi_albert,60,correlated,0.15,1.5,edge_bipolar,1,33-35,1.4999999999999998,13.499999999999998,6.0,1.5285929971576935,35.08032656884539,0.17103603605926976,11.805920574089946,0.009,0.010000000160906686,0.9998,0.9995924169820661,0.00020758301793388778,13.499999999999998,13.458283922404949,-0.04171607759504958
barabasi_albert,60,correlated,0.15,1.5,high_frequency,1,lambda_max,1.5000000000000002,78.93073477990218,35.0803265688454,1.5285929971576935,35.08032656884539,1.0000000000000002,11.805920574089946,0.009,0.010000000160906686,1.0,0.999999999999976,2.398081733190338e-14,78.93073477990218,78.68679322660056,-0.24394155330162448
barabasi_albert,60,correlated,0.15,3.0,constant,1,all,3.000000000000001,1.2039650797857923e-15,1.3377389775397684e-16,1.5285929971576935,35.08032656884539,3.813359533339708e-18,11.805920574089946,0.009,0.010000000160906686,0.0126,0.010000000160906686,0.0025999998390933143,1.2039650797857923e-15,0.02112732310905585,0.021127323109054647
barabasi_albert,60,correlated,0.15,3.0,fiedler,1,fiedler,3.0,13.757336974419253,1.5285929971576948,1.5285929971576935,35.08032656884539,0.04357408116363512,11.805920574089946,0.009,0.010000000160906686,1.0,0.9999929846559776,7.015344022365255e-06,13.757336974419253,13.70287424690548,-0.05446272751377279
barabasi_albert,60,correlated,0.15,3.0,cluster,1,58;24;9;3;0;11;13;4;7;19;30;46,3.0000000000000004,63.00000000000002,7.0,1.5285929971576935,35.08032656884539,0.19954204206914805,11.805920574089946,0.009,0.010000000160906686,1.0,1.0,0.0,63.00000000000002,62.800955680739406,-0.19904431926061505
barabasi_albert,60,correlated,0.15,3.0,point,1,13,3.0,99.0,11.0,1.5285929971576935,35.08032656884539,0.3135660661086612,11.805920574089946,0.009,0.010000000160906686,1.0,1.0,0.0,99.0,98.97989515859933,-0.020104841400666373
barabasi_albert,60,correlated,0.15,3.0,edge_bipolar,1,4-6,2.9999999999999996,116.99999999999999,13.000000000000002,1.5285929971576935,35.08032656884539,0.37057807812841786,11.805920574089946,0.009,0.010000000160906686,1.0,1.0,0.0,116.99999999999999,117.08686978375037,0.08686978375038734
barabasi_albert,60,correlated,0.15,3.0,high_frequency,1,lambda_max,3.0000000000000004,315.7229391196087,35.0803265688454,1.5285929971576935,35.08032656884539,1.0000000000000002,11.805920574089946,0.009,0.010000000160906686,1.0,1.0,0.0,315.7229391196087,316.04043934737996,0.31750022777123377
barabasi_albert,60,correlated,0.15,0.75,constant,2,all,0.7500000000000002,8.599750569898517e-17,1.5288445457597355e-16,1.294735620999911,23.580742978980883,6.483445187127897e-18,10.936080906966355,0.0102,0.009999999958576256,0.0088,0.009999999958576256,-0.001199999958576255,8.599750569898517e-17,-0.01921242510648291,-0.019212425106482998
barabasi_albert,60,correlated,0.15,0.75,fiedler,2,fiedler,0.7499999999999999,0.7282887868124492,1.29473562099991,1.294735620999911,23.580742978980883,0.054906481197560045,10.936080906966355,0.0102,0.009999999958576256,0.0208,0.023099029608346366,-0.0022990296083463674,0.7282887868124492,0.7209987983964483,-0.007289988416000925
barabasi_albert,60,correlated,0.15,0.75,cluster,2,20;1;13;5;42;0;6;7;8;19;22;24,0.7500000000000001,3.187500000000001,5.666666666666666,1.294735620999911,23.580742978980883,0.24030908066458087,10.936080906966355,0.0102,0.009999999958576256,0.2938,0.2828470248809976,0.010952975119002395,3.187500000000001,3.2426084262678305,0.055108426267829635
barabasi_albert,60,correlated,0.15,0.75,point,2,4,0.75,6.75,12.0,1.294735620999911,23.580742978980883,0.508889817877936,10.936080906966355,0.0102,0.009999999958576256,0.7954,0.7838155315383568,0.011584468461643183,6.75,6.79565605395061,0.04565605395061034
barabasi_albert,60,correlated,0.15,0.75,edge_bipolar,2,0-4,0.7499999999999999,10.124999999999998,18.0,1.294735620999911,23.580742978980883,0.7633347268169041,10.936080906966355,0.0102,0.009999999958576256,0.9374,0.9332076989463522,0.004192301053647762,10.124999999999998,10.160852166180957,0.03585216618095899
barabasi_albert,60,correlated,0.15,0.75,high_frequency,2,lambda_max,0.7499999999999997,13.264167925676748,23.580742978980904,1.294735620999911,23.580742978980883,1.0000000000000009,10.936080906966355,0.0102,0.009999999958576256,0.9832,0.9795371089273465,0.0036628910726534958,13.264167925676748,13.353967626005028,0.08979970032828
barabasi_albert,60,correlated,0.15,1.5,constant,2,all,1.5000000000000004,3.4399002279594067e-16,1.5288445457597355e-16,1.294735620999911,23.580742978980883,6.483445187127897e-18,10.936080906966355,0.0102,0.009999999958576256,0.0106,0.009999999958576256,0.0006000000414237445,3.4399002279594067e-16,-0.001507728126153296,-0.00150772812615364
barabasi_albert,60,correlated,0.15,1.5,fiedler,2,fiedler,1.4999999999999998,2.913155147249797,1.29473562099991,1.294735620999911,23.580742978980883,0.054906481197560045,10.936080906966355,0.0102,0.009999999958576256,0.1932,0.18875963635666848,0.00444036364333153,2.913155147249797,2.9477067426917927,0.03455159544199571
barabasi_albert,60,correlated,0.15,1.5,cluster,2,50;43;14;6;9;5;0;4;13;34;1;12,1.5000000000000002,14.4375,6.416666666666664,1.294735620999911,23.580742978980883,0.2721146942819518,10.936080906966355,0.0102,0.009999999958576256,0.9984,0.9982717047871265,0.0001282952128734971,14.4375,14.376282191272734,-0.06121780872726568
barabasi_albert,60,correlated,0.15,1.5,point,2,10,1.5,18.0,8.0,1.294735620999911,23.580742978980883,0.33925987858529066,10.936080906966355,0.0102,0.009999999958576256,1.0,0.9999967037147066,3.296285293385992e-06,18.0,18.020377610254123,0.020377610254122658
barabasi_albert,60,correlated,0.15,1.5,edge_bipolar,2,30-48,1.4999999999999998,13.499999999999998,6.0,1.294735620999911,23.580742978980883,0.254444908938968,10.936080906966355,0.0102,0.009999999958576256,1.0,0.9999355903418817,6.44096581182696e-05,13.499999999999998,13.590432532327691,0.09043253232769288
barabasi_albert,60,correlated,0.15,1.5,high_frequency,2,lambda_max,1.4999999999999993,53.05667170270699,23.580742978980904,1.294735620999911,23.580742978980883,1.0000000000000009,10.936080906966355,0.0102,0.009999999958576256,1.0,0.9999999999999302,6.983302824892235e-14,53.05667170270699,52.96743903045571,-0.08923267225128484
barabasi_albert,60,correlated,0.15,3.0,constant,2,all,3.000000000000001,1.3759600911837627e-15,1.5288445457597355e-16,1.294735620999911,23.580742978980883,6.483445187127897e-18,10.936080906966355,0.0102,0.009999999958576256,0.0094,0.009999999958576256,-0.0005999999585762552,1.3759600911837627e-15,-0.003492098192637627,-0.003492098192639003
barabasi_albert,60,correlated,0.15,3.0,fiedler,2,fiedler,2.9999999999999996,11.652620588999188,1.29473562099991,1.294735620999911,23.580742978980883,0.054906481197560045,10.936080906966355,0.0102,0.009999999958576256,1.0,0.9999683992395445,3.160076045549687e-05,11.652620588999188,11.697844448740094,0.045223859740906036
barabasi_albert,60,correlated,0.15,3.0,cluster,2,5;0;1;2;6;7;9;10;12;15;20;21,3.0000000000000004,61.500000000000014,6.833333333333332,1.294735620999911,23.580742978980883,0.28978447962493575,10.936080906966355,0.0102,0.009999999958576256,1.0,1.0,0.0,61.500000000000014,61.45665076604359,-0.04334923395642676
barabasi_albert,60,correlated,0.15,3.0,point,2,2,3.0,45.0,5.0,1.294735620999911,23.580742978980883,0.21203742411580667,10.936080906966355,0.0102,0.009999999958576256,1.0,0.9999999999999751,2.4868995751603507e-14,45.0,45.15190706639091,0.1519070663909119
barabasi_albert,60,correlated,0.15,3.0,edge_bipolar,2,29-42,2.9999999999999996,49.49999999999999,5.5,1.294735620999911,23.580742978980883,0.23324116652738736,10.936080906966355,0.0102,0.009999999958576256,1.0,0.9999999999999722,2.7755575615628914e-14,49.49999999999999,49.438836784609244,-0.061163215390749315
barabasi_albert,60,correlated,0.15,3.0,high_frequency,2,lambda_max,2.9999999999999987,212.22668681082797,23.580742978980904,1.294735620999911,23.580742978980883,1.0000000000000009,10.936080906966355,0.0102,0.009999999958576256,1.0,1.0,0.0,212.22668681082797,212.05399458371957,-0.17269222710839927
barabasi_albert,60,correlated,0.15,0.75,constant,3,all,0.7500000000000002,7.524781748661202e-17,1.3377389775397684e-16,1.5709850524800126,22.550063478131793,5.9323069260406186e-18,10.84092429423203,0.0124,0.00999999995960349,0.0138,0.00999999995960349,0.0038000000403965103,7.524781748661202e-17,0.06211256490782624,0.062112564907826164
barabasi_albert,60,correlated,0.15,0.75,fiedler,3,fiedler,0.7500000000000001,0.8836790920200084,1.5709850524800142,1.5709850524800126,22.550063478131793,0.069666546792806,10.84092429423203,0.0124,0.00999999995960349,0.0292,0.02891756942196494,0.00028243057803506097,0.8836790920200084,0.854823597065014,-0.0288554949549944
barabasi_albert,60,correlated,0.15,0.75,cluster,3,59;32;2;21;16;28;5;0;4;6;7;8,0.7500000000000001,3.609375,6.416666666666664,1.5709850524800126,22.550063478131793,0.28455204451594146,10.84092429423203,0.0124,0.00999999995960349,0.3572,0.3579826364737307,-0.000782636473730669,3.609375,3.59341931818752,-0.015955681812480194
barabasi_albert,60,correlated,0.15,0.75,point,3,22,0.75,1.6875,3.0,1.5709850524800126,22.550063478131793,0.1330373195139467,10.84092429423203,0.0124,0.00999999995960349,0.0688,0.07117016959280159,-0.002370169592801591,1.6875,1.6493037565290791,-0.038196243470920876
barabasi_albert,60,correlated,0.15,0.75,edge_bipolar,3,0-37,0.7499999999999999,7.593749999999999,13.500000000000002,1.5709850524800126,22.550063478131793,0.5986679378127603,10.84092429423203,0.0124,0.00999999995960349,0.8106,0.8175791508068265,-0.0069791508068265395,7.593749999999999,7.609475843566656,0.015725843566657183
barabasi_albert,60,correlated,0.15,0.75,high_frequency,3,lambda_max,0.75,12.684410706449139,22.550063478131804,1.5709850524800126,22.550063478131793,1.0000000000000004,10.84092429423203,0.0124,0.00999999995960349,0.9742,0.9777868054113066,-0.003586805411306626,12.684410706449139,12.641414153311192,-0.04299655313794659
barabasi_albert,60,correlated,0.15,1.5,constant,3,all,1.5000000000000004,3.009912699464481e-16,1.3377389775397684e-16,1.5709850524800126,22.550063478131793,5.9323069260406186e-18,10.84092429423203,0.0124,0.00999999995960349,0.0112,0.00999999995960349,0.0012000000403965105,3.009912699464481e-16,0.05279262615658453,0.052792626156584234
barabasi_albert,60,correlated,0.15,1.5,fiedler,3,fiedler,1.5000000000000002,3.5347163680800335,1.5709850524800142,1.5709850524800126,22.550063478131793,0.069666546792806,10.84092429423203,0.0124,0.00999999995960349,0.324,0.31582169148858164,0.008178308511418375,3.5347163680800335,3.56015133594539,0.025434967865356484
barabasi_albert,60,correlated,0.15,1.5,cluster,3,23;0;13;6;29;51;1;2;3;4;5;7,1.5000000000000002,14.062500000000002,6.249999999999998,1.5709850524800126,22.550063478131793,0.27716108232072223,10.84092429423203,0.0124,0.00999999995960349,0.9984,0.9985250062100578,-0.00012500621005784307,14.062500000000002,14.144008896062914,0.08150889606291223
barabasi_albert,60,correlated,0.15,1.5,point,3,25,1.5,9.0,4.0,1.5709850524800126,22.550063478131793,0.17738309268526228,10.84092429423203,0.0124,0.00999999995960349,0.9896,0.9890410785045445,0.0005589214954555555,9.0,8.978285672130893,-0.02171432786910721
barabasi_albert,60,correlated,0.15,1.5,edge_bipolar,3,20-55,1.4999999999999998,10.124999999999998,4.5,1.5709850524800126,22.550063478131793,0.1995559792709201,10.84092429423203,0.0124,0.00999999995960349,0.9986,0.998116843215234,0.00048315678476607005,10.124999999999998,10.14204889487726,0.017048894877261134
barabasi_albert,60,correlated,0.15,1.5,high_frequency,3,lambda_max,1.5,50.737642825796556,22.550063478131804,1.5709850524800126,22.550063478131793,1.0000000000000004,10.84092429423203,0.0124,0.00999999995960349,1.0,0.9999999999998999,1.0014211682118912e-13,50.737642825796556,50.80901810815798,0.07137528236142288
barabasi_albert,60,correlated,0.15,3.0,constant,3,all,3.000000000000001,1.2039650797857923e-15,1.3377389775397684e-16,1.5709850524800126,22.550063478131793,5.9323069260406186e-18,10.84092429423203,0.0124,0.00999999995960349,0.0116,0.00999999995960349,0.0016000000403965098,1.2039650797857923e-15,0.03705941644787192,0.03705941644787071
barabasi_albert,60,correlated,0.15,3.0,fiedler,3,fiedler,3.0000000000000004,14.138865472320134,1.5709850524800142,1.5709850524800126,22.550063478131793,0.069666546792806,10.84092429423203,0.0124,0.00999999995960349,1.0,0.9999998895869449,1.1041305514325472e-07,14.138865472320134,14.16694298866043,0.028077516340296427
barabasi_albert,60,correlated,0.15,3.0,cluster,3,42;12;21;36;56;8;1;4;15;17;19;26,3.0000000000000004,37.5,4.166666666666665,1.5709850524800126,22.550063478131793,0.1847740548804815,10.84092429423203,0.0124,0.00999999995960349,1.0,1.0,0.0,37.5,37.51560256552467,0.015602565524666545
barabasi_albert,60,correlated,0.15,3.0,point,3,0,3.0,189.0,21.0,1.5709850524800126,22.550063478131793,0.931261236597627,10.84092429423203,0.0124,0.00999999995960349,1.0,0.9999999999999956,4.440892098500626e-15,189.0,189.0366576997153,0.03665769971530608
barabasi_albert,60,correlated,0.15,3.0,edge_bipolar,3,8-24,2.9999999999999996,62.999999999999986,7.0,1.5709850524800126,22.550063478131793,0.310420412199209,10.84092429423203,0.0124,0.00999999995960349,1.0,1.0,0.0,62.999999999999986,62.93876355899237,-0.06123644100761538
barabasi_albert,60,correlated,0.15,3.0,high_frequency,3,lambda_max,3.0,202.95057130318622,22.550063478131804,1.5709850524800126,22.550063478131793,1.0000000000000004,10.84092429423203,0.0124,0.00999999995960349,1.0,0.9999999999999966,3.4416913763379853e-15,202.95057130318622,202.88983405853082,-0.060737244655399536
barabasi_albert,60,correlated,0.3,0.75,constant,0,all,0.7500000000000002,3.224906463711944e-17,5.733167046599008e-17,0.9663571466989193,27.217256812623102,2.1064455856330163e-18,45.26343457727173,0.0104,0.0100000000218598,0.0118,0.0100000000218598,0.001799999978140199,3.224906463711944e-17,0.0009910238294885687,0.0009910238294885364
barabasi_albert,60,correlated,0.3,0.75,fiedler,0,fiedler,0.7500000000000003,0.5435758950181414,0.9663571466989171,0.9663571466989193,27.217256812623102,0.03550531022842574,45.26343457727173,0.0104,0.0100000000218598,0.011,0.011406878985083302,-0.00040687898508330253,0.5435758950181414,0.349057951384232,-0.1945179436339094
barabasi_albert,60,correlated,0.3,0.75,cluster,0,43;25;4;12;16;5;13;32;38;42;54;0,0.7500000000000001,3.0468750000000004,5.416666666666665,0.9663571466989193,27.217256812623102,0.19901589289316135,45.26343457727173,0.0104,0.0100000000218598,0.0372,0.03341791850151987,0.003782081498480125,3.0468750000000004,3.206481806388922,0.15960680638892155
barabasi_albert,60,correlated,0.3,0.75,point,0,14,0.75,3.9375,7.0,0.9663571466989193,27.217256812623102,0.2571897692773163,45.26343457727173,0.0104,0.0100000000218598,0.035,0.03190904991628085,0.0030909500837191517,3.9375,3.9361977579955543,-0.0013022420044457306
barabasi_albert,60,correlated,0.3,0.75,edge_bipolar,0,25-43,0.7499999999999999,3.656249999999999,6.5,0.9663571466989193,27.217256812623102,0.23881907147179368,45.26343457727173,0.0104,0.0100000000218598,0.0338,0.02918273942263766,0.0046172605773623365,3.656249999999999,3.7215050838412793,0.0652550838412802
barabasi_albert,60,correlated,0.3,0.75,high_frequency,0,lambda_max,0.75,15.309706957100493,27.2172568126231,0.9663571466989193,27.217256812623102,0.9999999999999999,45.26343457727173,0.0104,0.0100000000218598,0.3438,0.34329602972496676,0.0005039702750332387,15.309706957100493,15.538091205090293,0.2283842479897995
barabasi_albert,60,correlated,0.3,1.5,constant,0,all,1.5000000000000004,1.2899625854847775e-16,5.733167046599008e-17,0.9663571466989193,27.217256812623102,2.1064455856330163e-18,45.26343457727173,0.0104,0.0100000000218598,0.0112,0.0100000000218598,0.0011999999781401992,1.2899625854847775e-16,0.08811966216959632,0.0881196621695962
barabasi_albert,60,correlated,0.3,1.5,fiedler,0,fiedler,1.5000000000000007,2.1743035800725656,0.9663571466989173,0.9663571466989193,27.217256812623102,0.03550531022842574,45.26343457727173,0.0104,0.0100000000218598,0.0182,0.016871842305701212,0.0013281576942987885,2.1743035800725656,2.387186266454812,0.21288268638224617
barabasi_albert,60,correlated,0.3,1.5,cluster,0,1;0;4;5;6;7;9;10;12;13;16;19,1.5000000000000002,16.125000000000004,7.166666666666665,0.9663571466989193,27.217256812623102,0.2633133352124904,45.26343457727173,0.0104,0.0100000000218598,0.3532,0.3561265515296388,-0.0029265515296387767,16.125000000000004,16.183845322711004,0.05884532271100085
barabasi_albert,60,correlated,0.3,1.5,point,0,28,1.5,9.0,4.0,0.9663571466989193,27.217256812623102,0.14696558244418073,45.26343457727173,0.0104,0.0100000000218598,0.098,0.09543043990069355,0.0025695600993064505,9.0,9.140067312982264,0.14006731298226427
barabasi_albert,60,correlated,0.3,1.5,edge_bipolar,0,8-22,1.4999999999999998,20.249999999999996,9.0,0.9663571466989193,27.217256812623102,0.33067256049940663,45.26343457727173,0.0104,0.0100000000218598,0.5232,0.5193888995511814,0.003811100448818605,20.249999999999996,20.31469659416589,0.0646965941658948
barabasi_albert,60,correlated,0.3,1.5,high_frequency,0,lambda_max,1.5,61.23882782840197,27.2172568126231,0.9663571466989193,27.217256812623102,0.9999999999999999,45.26343457727173,0.0104,0.0100000000218598,0.9846,0.9823287064458408,0.002271293554159226,61.23882782840197,61.09460681406732,-0.14422101433465428
barabasi_albert,60,correlated,0.3,3.0,constant,0,all,3.000000000000001,5.15985034193911e-16,5.733167046599008e-17,0.9663571466989193,27.217256812623102,2.1064455856330163e-18,45.26343457727173,0.0104,0.0100000000218598,0.0108,0.0100000000218598,0.0007999999781401999,5.15985034193911e-16,-0.19371753794827384,-0.19371753794827437
barabasi_albert,60,correlated,0.3,3.0,fiedler,0,fiedler,3.0000000000000013,8.697214320290263,0.9663571466989173,0.9663571466989193,27.217256812623102,0.03550531022842574,45.26343457727173,0.0104,0.0100000000218598,0.0704,0.07479200600585828,-0.004392006005858276,8.697214320290263,8.549983438016763,-0.14723088227349912
barabasi_albert,60,correlated,0.3,3.0,cluster,0,3;0;1;2;4;5;6;7;8;9;10;11,3.0000000000000004,67.5,7.499999999999997,0.9663571466989193,27.217256812623102,0.27556046708283877,45.26343457727173,0.0104,0.0100000000218598,1.0,0.9994725065830697,0.0005274934169302581,67.5,67.19565653837144,-0.3043434616285623
barabasi_albert,60,correlated,0.3,3.0,point,0,54,3.0,27.0,3.0,0.9663571466989193,27.217256812623102,0.11022418683313555,45.26343457727173,0.0104,0.0100000000218598,0.836,0.8361269911958195,-0.00012699119581949248,27.0,27.09723429557849,0.09723429557849173
barabasi_albert,60,correlated,0.3,3.0,edge_bipolar,0,0-17,2.9999999999999996,148.49999999999997,16.5,0.9663571466989193,27.217256812623102,0.6062330275822455,45.26343457727173,0.0104,0.0100000000218598,1.0,0.9999999893019631,1.0698036900791408e-08,148.49999999999997,148.354412184552,-0.14558781544798194
barabasi_albert,60,correlated,0.3,3.0,high_frequency,0,lambda_max,3.0,244.9553113136079,27.2172568126231,0.9663571466989193,27.217256812623102,0.9999999999999999,45.26343457727173,0.0104,0.0100000000218598,1.0,0.9999999999998971,1.0291767438275201e-13,244.9553113136079,245.1699180409848,0.21460672737691766
barabasi_albert,60,correlated,0.3,0.75,constant,1,all,0.7500000000000002,2.1499376424746292e-17,3.822111364399339e-17,1.4059120902725168,19.217098800841452,1.9889117519820326e-18,42.732170625910186,0.01,0.009999999841364737,0.012,0.009999999841364737,0.002000000158635263,2.1499376424746292e-17,0.02993891816596772,0.0299389181659677
barabasi_albert,60,correlated,0.3,0.75,fiedler,1,fiedler,0.7500000000000001,0.7908255507782896,1.4059120902725144,1.4059120902725168,19.217098800841452,0.07315943498250393,42.732170625910186,0.01,0.009999999841364737,0.0146,0.01296039498030882,0.0016396050196911798,0.7908255507782896,0.7136209081512312,-0.0772046426270584
barabasi_albert,60,correlated,0.3,0.75,cluster,1,45;2;35;12;0;4;7;8;19;25;44;48,0.7500000000000001,2.8125,4.999999999999998,1.4059120902725168,19.217098800841452,0.2601849556906615,42.732170625910186,0.01,0.009999999841364737,0.031,0.032983422147563335,-0.001983422147563335,2.8125,2.790153429973266,-0.022346570026734014
barabasi_albert,60,correlated,0.3,0.75,point,1,6,0.75,9.5625,17.0,1.4059120902725168,19.217098800841452,0.8846288493482496,42.732170625910186,0.01,0.009999999841364737,0.2094,0.21177031933267376,-0.0023703193326737593,9.5625,9.55914547861087,-0.003354521389130838
barabasi_albert,60,correlated,0.3,0.75,edge_bipolar,1,2-4,0.7499999999999999,8.71875,15.500000000000004,1.4059120902725168,19.217098800841452,0.8065733626410513,42.732170625910186,0.01,0.009999999841364737,0.1756,0.17872250365832532,-0.0031225036583253096,8.71875,8.715345787099107,-0.0034042129008931
barabasi_albert,60,correlated,0.3,0.75,high_frequency,1,lambda_max,0.75,10.809618075473312,19.21709880084144,1.4059120902725168,19.217098800841452,0.9999999999999994,42.732170625910186,0.01,0.009999999841364737,0.2476,0.25230929606798413,-0.004709296067984148,10.809618075473312,10.63028058467037,-0.1793374908029417
barabasi_albert,60,correlated,0.3,1.5,constant,1,all,1.5000000000000004,8.599750569898517e-17,3.822111364399339e-17,1.4059120902725168,19.217098800841452,1.9889117519820326e-18,42.732170625910186,0.01,0.009999999841364737,0.0082,0.009999999841364737,-0.0017999998413647366,8.599750569898517e-17,0.027006087857149197,0.02700608785714911
barabasi_albert,60,correlated,0.3,1.5,fiedler,1,fiedler,1.5000000000000002,3.1633022031131586,1.4059120902725144,1.4059120902725168,19.217098800841452,0.07315943498250393,42.732170625910186,0.01,0.009999999841364737,0.029,0.027205138662665662,0.0017948613373343393,3.1633022031131586,3.054369292297679,-0.10893291081547973
barabasi_albert,60,correlated,0.3,1.5,cluster,1,33;25;13;6;48;2;18;5;8;1;15;31,1.5000000000000002,12.1875,5.416666666666664,1.4059120902725168,19.217098800841452,0.28186703533155,42.732170625910186,0.01,0.009999999841364737,0.2836,0.28837069778963154,-0.004770697789631517,12.1875,11.971247561240656,-0.2162524387593443
barabasi_albert,60,correlated,0.3,1.5,point,1,34,1.5,6.75,3.0,1.4059120902725168,19.217098800841452,0.15611097341439698,42.732170625910186,0.01,0.009999999841364737,0.0746,0.07577737540890178,-0.0011773754089017818,6.75,6.621079281743565,-0.1289207182564347
barabasi_albert,60,correlated,0.3,1.5,edge_bipolar,1,1-27,1.4999999999999998,21.374999999999996,9.5,1.4059120902725168,19.217098800841452,0.4943514158122571,42.732170625910186,0.01,0.009999999841364737,0.6564,0.6569428055602634,-0.0005428055602634263,21.374999999999996,21.33533122856412,-0.03966877143587766
barabasi_albert,60,correlated,0.3,1.5,high_frequency,1,lambda_max,1.5,43.238472301893246,19.21709880084144,1.4059120902725168,19.217098800841452,0.9999999999999994,42.732170625910186,0.01,0.009999999841364737,0.9658,0.9672894343824183,-0.001489434382418331,43.238472301893246,43.68335453709487,0.44488223520162506
barabasi_albert,60,correlated,0.3,3.0,constant,1,all,3.000000000000001,3.4399002279594067e-16,3.822111364399339e-17,1.4059120902725168,19.217098800841452,1.9889117519820326e-18,42.732170625910186,0.01,0.009999999841364737,0.0116,0.009999999841364737,0.001600000158635262,3.4399002279594067e-16,0.1738653091413802,0.17386530914137988
barabasi_albert,60,correlated,0.3,3.0,fiedler,1,fiedler,3.0000000000000004,12.653208812452634,1.4059120902725144,1.4059120902725168,19.217098800841452,0.07315943498250393,42.732170625910186,0.01,0.009999999841364737,0.2652,0.2670878995748898,-0.0018878995748898286,12.653208812452634,12.640960998490787,-0.012247813961847598
barabasi_albert,60,correlated,0.3,3.0,cluster,1,30;8;4;23;40;2;6;9;10;13;18;20,3.0000000000000004,57.0,6.333333333333331,1.4059120902725168,19.217098800841452,0.32956761054150463,42.732170625910186,0.01,0.009999999841364737,0.9988,0.9993984959709714,-0.0005984959709713911,57.0,57.09415890316865,0.09415890316864761
barabasi_albert,60,correlated,0.3,3.0,point,1,26,3.0,36.0,4.0,1.4059120902725168,19.217098800841452,0.20814796455252932,42.732170625910186,0.01,0.009999999841364737,0.9918,0.9911059259652546,0.0006940740347454177,36.0,36.00427606024347,0.004276060243469715
barabasi_albert,60,correlated,0.3,3.0,edge_bipolar,1,12-18,2.9999999999999996,98.99999999999999,11.0,1.4059120902725168,19.217098800841452,0.5724069025194556,42.732170625910186,0.01,0.009999999841364737,1.0,0.9999999926495646,7.35043537147817e-09,98.99999999999999,99.13375036221996,0.1337503622199705
barabasi_albert,60,correlated,0.3,3.0,high_frequency,1,lambda_max,3.0,172.95388920757298,19.21709880084144,1.4059120902725168,19.217098800841452,0.9999999999999994,42.732170625910186,0.01,0.009999999841364737,1.0,0.999999999999843,1.5698553568199713e-13,172.95388920757298,172.92940457702522,-0.024484630547760844
barabasi_albert,60,correlated,0.3,0.75,constant,2,all,0.7500000000000002,6.449812927423887e-17,1.1466334093198016e-16,1.3819447212760405,24.200858110045786,4.737986579260318e-18,43.203898467930806,0.0102,0.00999999999998158,0.0098,0.00999999999998158,-0.0001999999999815795,6.449812927423887e-17,-0.06872274378868326,-0.06872274378868333
barabasi_albert,60,correlated,0.3,0.75,fiedler,2,fiedler,0.75,0.7773439057177746,1.3819447212760436,1.3819447212760405,24.200858110045786,0.05710312894658879,43.203898467930806,0.0102,0.00999999999998158,0.0152,0.012699678938756453,0.0025003210612435465,0.7773439057177746,0.8367070756294872,0.05936316991171264
barabasi_albert,60,correlated,0.3,0.75,cluster,2,28;0;5;23;37;1;2;3;4;6;7;8,0.7500000000000001,3.5625,6.333333333333331,1.3819447212760405,24.200858110045786,0.26169870938189427,43.203898467930806,0.0102,0.00999999999998158,0.0424,0.0428932966763626,-0.000493296676362602,3.5625,3.6405383678895937,0.07803836788959373
barabasi_albert,60,correlated,0.3,0.75,point,2,1,0.75,6.75,12.0,1.3819447212760405,24.200858110045786,0.4958501861972735,43.203898467930806,0.0102,0.00999999999998158,0.095,0.10454124847018192,-0.009541248470181923,6.75,6.558372496991158,-0.19162750300884213
barabasi_albert,60,correlated,0.3,0.75,edge_bipolar,2,4-54,0.7499999999999999,6.1875,11.000000000000002,1.3819447212760405,24.200858110045786,0.4545293373475008,43.203898467930806,0.0102,0.00999999999998158,0.097,0.10019790162156195,-0.003197901621561944,6.1875,6.228056083936426,0.04055608393642629
barabasi_albert,60,correlated,0.3,0.75,high_frequency,2,lambda_max,0.7499999999999999,13.612982686900756,24.200858110045793,1.3819447212760405,24.200858110045786,1.0000000000000002,43.203898467930806,0.0102,0.00999999999998158,0.3368,0.34221762706884107,-0.00541762706884108,13.612982686900756,13.580677066196447,-0.032305620704308424
barabasi_albert,60,correlated,0.3,1.5,constant,2,all,1.5000000000000004,2.579925170969555e-16,1.1466334093198016e-16,1.3819447212760405,24.200858110045786,4.737986579260318e-18,43.203898467930806,0.0102,0.00999999999998158,0.0116,0.00999999999998158,0.00160000000001842,2.579925170969555e-16,-0.11652022495605152,-0.11652022495605178
barabasi_albert,60,correlated,0.3,1.5,fiedler,2,fiedler,1.5,3.1093756228710983,1.3819447212760436,1.3819447212760405,24.200858110045786,0.05710312894658879,43.203898467930806,0.0102,0.00999999999998158,0.0274,0.02540878693188303,0.001991213068116969,3.1093756228710983,3.126899739065724,0.017524116194625794
barabasi_albert,60,correlated,0.3,1.5,cluster,2,51;0;10;23;1;2;3;4;5;6;7;8,1.5000000000000002,15.375,6.83333333333333,1.3819447212760405,24.200858110045786,0.2823591338067806,43.203898467930806,0.0102,0.00999999999998158,0.3926,0.3998251729291651,-0.00722517292916508,15.375,15.286233033485598,-0.08876696651440241
barabasi_albert,60,correlated,0.3,1.5,point,2,42,1.5,9.0,4.0,1.3819447212760405,24.200858110045786,0.16528339539909118,43.203898467930806,0.0102,0.00999999999998158,0.1242,0.12701252004278435,-0.0028125200427843444,9.0,8.880392395989215,-0.11960760401078474
barabasi_albert,60,correlated,0.3,1.5,edge_bipolar,2,30-40,1.4999999999999998,14.624999999999996,6.5,1.3819447212760405,24.200858110045786,0.26858551752352317,43.203898467930806,0.0102,0.00999999999998158,0.3674,0.36130791647472016,0.0060920835252798455,14.624999999999996,14.749778409835283,0.12477840983528665
barabasi_albert,60,correlated,0.3,1.5,high_frequency,2,lambda_max,1.4999999999999998,54.45193074760302,24.200858110045793,1.3819447212760405,24.200858110045786,1.0000000000000002,43.203898467930806,0.0102,0.00999999999998158,0.9844,0.9821777926808253,0.0022222073191747738,54.45193074760302,54.27521039639804,-0.17672035120498464
barabasi_albert,60,correlated,0.3,3.0,constant,2,all,3.000000000000001,1.031970068387822e-15,1.1466334093198016e-16,1.3819447212760405,24.200858110045786,4.737986579260318e-18,43.203898467930806,0.0102,0.00999999999998158,0.0068,0.00999999999998158,-0.0031999999999815796,1.031970068387822e-15,-0.023219422642096532,-0.023219422642097563
barabasi_albert,60,correlated,0.3,3.0,fiedler,2,fiedler,3.0,12.437502491484393,1.3819447212760436,1.3819447212760405,24.200858110045786,0.05710312894658879,43.203898467930806,0.0102,0.00999999999998158,0.2482,0.2385766324032016,0.00962336759679841,12.437502491484393,12.658161939033729,0.22065944754933575
barabasi_albert,60,correlated,0.3,3.0,cluster,2,0;1;2;3;4;5;6;7;8;9;15;16,3.0000000000000004,50.25,5.583333333333331,1.3819447212760405,24.200858110045786,0.23070807274456467,43.203898467930806,0.0102,0.00999999999998158,0.9976,0.9963133624176125,0.001286637582387562,50.25,50.22222077992666,-0.02777922007334155
barabasi_albert,60,correlated,0.3,3.0,point,2,21,3.0,45.0,5.0,1.3819447212760405,24.200858110045786,0.20660424424886398,43.203898467930806,0.0102,0.00999999999998158,0.9998,0.9989705799164823,0.0008294200835177179,45.0,45.06387842482708,0.06387842482708095
barabasi_albert,60,correlated,0.3,3.0,edge_bipolar,2,14-54,2.9999999999999996,44.999999999999986,4.999999999999999,1.3819447212760405,24.200858110045786,0.20660424424886392,43.203898467930806,0.0102,0.00999999999998158,0.9994,0.9994585464855967,-5.8546485596777664e-05,44.999999999999986,44.77605349281835,-0.2239465071816369
barabasi_albert,60,correlated,0.3,3.0,high_frequency,2,lambda_max,2.9999999999999996,217.8077229904121,24.200858110045793,1.3819447212760405,24.200858110045786,1.0000000000000002,43.203898467930806,0.0102,0.00999999999998158,1.0,0.9999999999999123,8.770761894538737e-14,217.8077229904121,217.3117777900992,-0.4959452003128888
barabasi_albert,60,correlated,0.3,0.75,constant,3,all,0.7500000000000002,1.0749688212373146e-17,1.9110556821996694e-17,1.3974942427482189,21.3598515793176,8.946952066137547e-19,42.60252856099789,0.011,0.00999999999996204,0.0108,0.00999999999996204,0.0008000000000379613,1.0749688212373146e-17,0.03360846677229645,0.03360846677229644
barabasi_albert,60,correlated,0.3,0.75,fiedler,3,fiedler,0.7500000000000001,0.7860905115458738,1.3974942427482195,1.3974942427482189,21.3598515793176,0.0654262150445554,42.60252856099789,0.011,0.00999999999996204,0.0122,0.012891693109322366,-0.0006916931093223656,0.7860905115458738,0.6543759495406611,-0.1317145620052127
barabasi_albert,60,correlated,0.3,0.75,cluster,3,48;8;6;7;5;14;28;30;52;3;4;9,0.7500000000000001,3.2343750000000004,5.749999999999998,1.3974942427482189,21.3598515793176,0.2691966270761746,42.60252856099789,0.011,0.00999999999996204,0.0374,0.04070294259266216,-0.0033029425926621586,3.2343750000000004,3.3223601370156324,0.08798513701563193
barabasi_albert,60,correlated,0.3,0.75,point,3,39,0.75,3.375,6.0,1.3974942427482189,21.3598515793176,0.2809008282533996,42.60252856099789,0.011,0.00999999999996204,0.034,0.032922113359796445,0.001077886640203557,3.375,3.3036882212474374,-0.07131177875256256
barabasi_albert,60,correlated,0.3,0.75,edge_bipolar,3,2-57,0.7499999999999999,5.90625,10.500000000000002,1.3974942427482189,21.3598515793176,0.49157644944344947,42.60252856099789,0.011,0.00999999999996204,0.1,0.09639018395500121,0.003609816044998798,5.90625,5.991878254655315,0.08562825465531532
barabasi_albert,60,correlated,0.3,0.75,high_frequency,3,lambda_max,0.7500000000000001,12.014916513366149,21.35985157931759,1.3974942427482189,21.3598515793176,0.9999999999999996,42.60252856099789,0.011,0.00999999999996204,0.2952,0.2988692418710581,-0.0036692418710581043,12.014916513366149,11.926593265898891,-0.08832324746725817
barabasi_albert,60,correlated,0.3,1.5,constant,3,all,1.5000000000000004,4.2998752849492583e-17,1.9110556821996694e-17,1.3974942427482189,21.3598515793176,8.946952066137547e-19,42.60252856099789,0.011,0.00999999999996204,0.0114,0.00999999999996204,0.0014000000000379612,4.2998752849492583e-17,0.09689055445830874,0.0968905544583087
barabasi_albert,60,correlated,0.3,1.5,fiedler,3,fiedler,1.5000000000000002,3.1443620461834954,1.3974942427482195,1.3974942427482189,21.3598515793176,0.0654262150445554,42.60252856099789,0.011,0.00999999999996204,0.0264,0.026746646218785197,-0.00034664621878519736,3.1443620461834954,3.1358663626515444,-0.00849568353195096
barabasi_albert,60,correlated,0.3,1.5,cluster,3,23;16;10;13;39;53;56;3;6;15;17;21,1.5000000000000002,10.312500000000002,4.583333333333332,1.3974942427482189,21.3598515793176,0.214577021582458,42.60252856099789,0.011,0.00999999999996204,0.2006,0.20792208048954913,-0.007322080489549132,10.312500000000002,10.258473604271298,-0.05402639572870349
barabasi_albert,60,correlated,0.3,1.5,point,3,38,1.5,9.0,4.0,1.3974942427482189,21.3598515793176,0.18726721883559977,42.60252856099789,0.011,0.00999999999996204,0.1432,0.136368568200668,0.006831431799331988,9.0,9.061132363440993,0.06113236344099349
barabasi_albert,60,correlated,0.3,1.5,edge_bipolar,3,6-48,1.4999999999999998,24.75,11.000000000000002,1.3974942427482189,21.3598515793176,0.5149848517978994,42.60252856099789,0.011,0.00999999999996204,0.729,0.733188171902758,-0.004188171902757998,24.75,24.47987528560967,-0.2701247143903309
barabasi_albert,60,correlated,0.3,1.5,high_frequency,3,lambda_max,1.5000000000000002,48.059666053464596,21.35985157931759,1.3974942427482189,21.3598515793176,0.9999999999999996,42.60252856099789,0.011,0.00999999999996204,0.9754,0.9756495160594882,-0.00024951605948819733,48.059666053464596,47.54008331403317,-0.5195827394314279
barabasi_albert,60,correlated,0.3,3.0,constant,3,all,3.000000000000001,1.7199501139797033e-16,1.9110556821996694e-17,1.3974942427482189,21.3598515793176,8.946952066137547e-19,42.60252856099789,0.011,0.00999999999996204,0.0072,0.00999999999996204,-0.0027999999999620395,1.7199501139797033e-16,-0.12222198365860848,-0.12222198365860865
barabasi_albert,60,correlated,0.3,3.0,fiedler,3,fiedler,3.0000000000000004,12.577448184733981,1.3974942427482195,1.3974942427482189,21.3598515793176,0.0654262150445554,42.60252856099789,0.011,0.00999999999996204,0.2612,0.2621054498127419,-0.0009054498127419319,12.577448184733981,12.713921964888787,0.13647378015480527
barabasi_albert,60,correlated,0.3,3.0,cluster,3,25;0;10;5;27;40;57;1;2;3;4;18,3.0000000000000004,42.75,4.749999999999998,1.3974942427482189,21.3598515793176,0.22237982236727463,42.60252856099789,0.011,0.00999999999996204,0.9856,0.9843033716121585,0.001296628387841503,42.75,42.800222240587686,0.05022224058768643
barabasi_albert,60,correlated,0.3,3.0,point,3,9,3.0,54.0,6.0,1.3974942427482189,21.3598515793176,0.2809008282533996,42.60252856099789,0.011,0.00999999999996204,1.0,0.9999129191633884,8.708083661157495e-05,54.0,54.00030514352298,0.0003051435229792787
barabasi_albert,60,correlated,0.3,3.0,edge_bipolar,3,7-12,2.9999999999999996,85.49999999999999,9.5,1.3974942427482189,21.3598515793176,0.44475964473454943,42.60252856099789,0.011,0.00999999999996204,1.0,0.9999998598219175,1.4017808247501762e-07,85.49999999999999,85.83868478419055,0.338684784190562
barabasi_albert,60,correlated,0.3,3.0,high_frequency,3,lambda_max,3.0000000000000004,192.23866421385839,21.35985157931759,1.3974942427482189,21.3598515793176,0.9999999999999996,42.60252856099789,0.011,0.00999999999996204,1.0,0.9999999999998463,1.5365486660812167e-13,192.23866421385839,192.0392543597216,-0.1994098541367748
