graph_type,n,noise_model,sigma,amplitude,pattern,signal_norm_mean,graph_energy_mean,rayleigh_mean,normalized_rayleigh_mean,pfa_mc_mean,pfa_theory_mean,pd_mc_mean,pd_theory_mean,theoretical_mean_shift_mean,empirical_mean_shift_mean
barabasi_albert,20,correlated,0.15,0.75,cluster,0.75,2.49609375,4.4375,0.3588470947542353,0.00975,0.01000000000973257,0.6025,0.6040074413639174,2.49609375,2.4928861851531163
barabasi_albert,20,correlated,0.15,0.75,constant,0.7499999999999999,4.654751537338637e-17,8.275113844157579e-17,6.84132372476266e-18,0.00975,0.01000000000973257,0.0094,0.01000000000973257,4.654751537338637e-17,0.0031467811456610817
barabasi_albert,20,correlated,0.15,0.75,edge_bipolar,0.7499999999999999,4.1484375,7.375,0.5956532317084247,0.00975,0.01000000000973257,0.89935,0.9003154378211833,4.1484375,4.15032171764987
barabasi_albert,20,correlated,0.15,0.75,fiedler,0.75,0.7567105636868037,1.3452632243320952,0.10884049790164246,0.00975,0.01000000000973257,0.07765,0.0752878063262428,0.7567105636868037,0.7638827048594987
barabasi_albert,20,correlated,0.15,0.75,high_frequency,0.75,6.953427681155789,12.361649210943622,1.0,0.00975,0.01000000000973257,0.993,0.9928881773852455,6.953427681155789,6.982308097842686
barabasi_albert,20,correlated,0.15,0.75,point,0.75,3.09375,5.5,0.45402520820951775,0.00975,0.01000000000973257,0.7029,0.7026960076322077,3.09375,3.0907167365054176
barabasi_albert,20,correlated,0.15,1.5,cluster,1.5,10.40625,4.625,0.37285532661829357,0.00975,0.01000000000973257,1.0,0.9999736703490895,10.40625,10.384214340509148
barabasi_albert,20,correlated,0.15,1.5,constant,1.4999999999999998,1.8619006149354548e-16,8.275113844157579e-17,6.84132372476266e-18,0.00975,0.01000000000973257,0.00975,0.01000000000973257,1.8619006149354548e-16,0.0010250127404293208
barabasi_albert,20,correlated,0.15,1.5,edge_bipolar,1.4999999999999998,20.812499999999996,9.25,0.7420349497530792,0.00975,0.01000000000973257,1.0,0.9999999999874463,20.812499999999996,20.811232096415385
barabasi_albert,20,correlated,0.15,1.5,fiedler,1.5,3.0268422547472147,1.3452632243320952,0.10884049790164246,0.00975,0.01000000000973257,0.8134,0.8129773561761631,3.0268422547472147,3.028137381343181
barabasi_albert,20,correlated,0.15,1.5,high_frequency,1.5,27.813710724623157,12.361649210943622,1.0,0.00975,0.01000000000973257,1.0,0.9999999999999994,27.813710724623157,27.760781376507005
barabasi_albert,20,correlated,0.15,1.5,point,1.5,9.5625,4.25,0.3435887714241576,0.00975,0.01000000000973257,1.0,0.9999996731593807,9.5625,9.56301930096246
barabasi_albert,20,correlated,0.15,3.0,cluster,3.0,44.4375,4.9375,0.40603151078158845,0.00975,0.01000000000973257,1.0,0.9999999999998592,44.4375,44.40094354294172
barabasi_albert,20,correlated,0.15,3.0,constant,2.9999999999999996,7.447602459741819e-16,8.275113844157579e-17,6.84132372476266e-18,0.00975,0.01000000000973257,0.009600000000000001,0.01000000000973257,7.447602459741819e-16,-0.001376135074730167
barabasi_albert,20,correlated,0.15,3.0,edge_bipolar,2.9999999999999996,61.874999999999986,6.875,0.556050172895831,0.00975,0.01000000000973257,1.0,1.0,61.874999999999986,61.85587250234396
barabasi_albert,20,correlated,0.15,3.0,fiedler,3.0,12.107369018988859,1.3452632243320952,0.10884049790164246,0.00975,0.01000000000973257,1.0,0.999999999999917,12.107369018988859,12.108400528745662
barabasi_albert,20,correlated,0.15,3.0,high_frequency,3.0,111.25484289849263,12.361649210943622,1.0,0.00975,0.01000000000973257,1.0,0.9999999998993276,111.25484289849263,111.16320775552639
barabasi_albert,20,correlated,0.15,3.0,point,3.0,54.0,6.0,0.4944089313090359,0.00975,0.01000000000973257,1.0,1.0,54.0,54.04769766691201
barabasi_albert,20,correlated,0.3,0.75,cluster,0.75,2.84765625,5.0625,0.3705186483330211,0.01005,0.009999999994460607,0.0973,0.09548186694818579,2.84765625,2.850813785676592
barabasi_albert,20,correlated,0.3,0.75,constant,0.7499999999999999,4.0729075951713065e-17,7.24072461363788e-17,5.1314743938165805e-18,0.01005,0.009999999994460607,0.0095,0.009999999994460607,4.0729075951713065e-17,0.0008586640148657843
barabasi_albert,20,correlated,0.3,0.75,edge_bipolar,0.7499999999999999,3.867187499999999,6.875,0.5132206873417205,0.01005,0.009999999994460607,0.1417,0.14013291118802262,3.867187499999999,3.885495011178728
barabasi_albert,20,correlated,0.3,0.75,fiedler,0.75,0.800533982355996,1.4231715241884375,0.10659079452872404,0.01005,0.009999999994460607,0.0169,0.01718065112236862,0.800533982355996,0.8227325740999485
barabasi_albert,20,correlated,0.3,0.75,high_frequency,0.75,7.669387766529024,13.634467140496042,1.0000000000000002,0.01005,0.009999999994460607,0.4097,0.4087851496379502,7.669387766529024,7.6922030825633545
barabasi_albert,20,correlated,0.3,0.75,point,0.75,4.21875,7.5,0.5541403359772104,0.01005,0.009999999994460607,0.16319999999999998,0.1668413509041659,4.21875,4.186423003796021
barabasi_albert,20,correlated,0.3,1.5,cluster,1.5,13.359375,5.9375,0.4344382256461871,0.01005,0.009999999994460607,0.7387,0.7367727524473349,13.359375,13.350408339013612
barabasi_albert,20,correlated,0.3,1.5,constant,1.4999999999999998,1.6291630380685226e-16,7.24072461363788e-17,5.1314743938165805e-18,0.01005,0.009999999994460607,0.0104,0.009999999994460607,1.6291630380685226e-16,0.014697088324509666
barabasi_albert,20,correlated,0.3,1.5,edge_bipolar,1.4999999999999998,18.281249999999996,8.125,0.6044492203905449,0.01005,0.009999999994460607,0.9256,0.9242400917656064,18.281249999999996,18.285485915305912
barabasi_albert,20,correlated,0.3,1.5,fiedler,1.5,3.202135929423984,1.4231715241884375,0.10659079452872404,0.01005,0.009999999994460607,0.0744,0.07561161888044216,3.202135929423984,3.2043686226385617
barabasi_albert,20,correlated,0.3,1.5,high_frequency,1.5,30.677551066116095,13.634467140496042,1.0000000000000002,0.01005,0.009999999994460607,0.99405,0.9936287073821424,30.677551066116095,30.841921429735713
barabasi_albert,20,correlated,0.3,1.5,point,1.5,10.6875,4.75,0.3440949968987989,0.01005,0.009999999994460607,0.57535,0.5759237519038457,10.6875,10.678566720367336
barabasi_albert,20,correlated,0.3,3.0,cluster,3.0,47.8125,5.3125,0.38903186332627226,0.01005,0.009999999994460607,1.0,0.9999963500081229,47.8125,47.76026227644701
barabasi_albert,20,correlated,0.3,3.0,constant,2.9999999999999996,6.51665215227409e-16,7.24072461363788e-17,5.1314743938165805e-18,0.01005,0.009999999994460607,0.00895,0.009999999994460607,6.51665215227409e-16,0.007134974078203404
barabasi_albert,20,correlated,0.3,3.0,edge_bipolar,2.9999999999999996,62.999999999999986,7.0,0.51650331427881,0.01005,0.009999999994460607,1.0,0.9999999999559708,62.999999999999986,63.1570314438395
barabasi_albert,20,correlated,0.3,3.0,fiedler,3.0,12.808543717695937,1.4231715241884375,0.10659079452872404,0.01005,0.009999999994460607,0.81265,0.8132552939673043,12.808543717695937,12.842110721398095
barabasi_albert,20,correlated,0.3,3.0,high_frequency,3.0,122.71020426446438,13.634467140496042,1.0000000000000002,0.01005,0.009999999994460607,1.0,1.0,122.71020426446438,122.71667986494782
barabasi_albert,20,correlated,0.3,3.0,point,3.0,36.0,4.0,0.29685699277660704,0.01005,0.009999999994460607,0.9976,0.9976791363135976,36.0,35.930710767911606
barabasi_albert,20,iid,0.15,0.75,cluster,0.75,2.53125,4.5,0.31131790926995395,0.01025,0.00999999999772061,0.40585,0.40783665790439416,2.53125,2.5280088625306956
barabasi_albert,20,iid,0.15,0.75,constant,0.7499999999999999,4.1892763836047736e-17,7.44760245974182e-17,4.770100331151889e-18,0.01025,0.00999999999772061,0.00925,0.00999999999772061,4.1892763836047736e-17,-0.0043677881985207945
barabasi_albert,20,iid,0.15,0.75,edge_bipolar,0.7499999999999999,4.359374999999999,7.75,0.519735053471043,0.01025,0.00999999999772061,0.7278,0.7227836061847279,4.359374999999999,4.37569761076986
barabasi_albert,20,iid,0.15,0.75,fiedler,0.75,0.8420854554191194,1.49704080963399,0.10005738494944688,0.01025,0.00999999999772061,0.041749999999999995,0.04368576845167281,0.8420854554191194,0.838788912050562
barabasi_albert,20,iid,0.15,0.75,high_frequency,0.75,8.381056758824165,14.899656460131848,1.0000000000000002,0.01025,0.00999999999772061,0.97035,0.9702093601302141,8.381056758824165,8.387716942952924
barabasi_albert,20,iid,0.15,0.75,point,0.75,3.09375,5.5,0.3755890308299371,0.01025,0.00999999999772061,0.4696,0.47236188132154994,3.09375,3.0908034114474017
barabasi_albert,20,iid,0.15,1.5,cluster,1.5,11.25,5.0,0.33615757080719333,0.01025,0.00999999999772061,0.99865,0.9987569932107091,11.25,11.22223776104703
barabasi_albert,20,iid,0.15,1.5,constant,1.4999999999999998,1.6757105534419095e-16,7.44760245974182e-17,4.770100331151889e-18,0.01025,0.00999999999772061,0.009600000000000001,0.00999999999772061,1.6757105534419095e-16,0.00430877677344621
barabasi_albert,20,iid,0.15,1.5,edge_bipolar,1.4999999999999998,17.437499999999996,7.75,0.5229179226557215,0.01025,0.00999999999772061,1.0,0.9999996931815367,17.437499999999996,17.346317199365153
barabasi_albert,20,iid,0.15,1.5,fiedler,1.5,3.3683418216764776,1.49704080963399,0.10005738494944688,0.01025,0.00999999999772061,0.679,0.6768841541874308,3.3683418216764776,3.369476320017192
barabasi_albert,20,iid,0.15,1.5,high_frequency,1.5,33.52422703529666,14.899656460131848,1.0000000000000002,0.01025,0.00999999999772061,1.0,0.999999999989841,33.52422703529666,33.593451513258
barabasi_albert,20,iid,0.15,1.5,point,1.5,11.8125,5.25,0.3559137996285462,0.01025,0.00999999999772061,0.9989,0.9991881671299704,11.8125,11.838543703055581
barabasi_albert,20,iid,0.15,3.0,cluster,3.0,49.5,5.5,0.3730088159939658,0.01025,0.00999999999772061,1.0,1.0,49.5,49.492880860046114
barabasi_albert,20,iid,0.15,3.0,constant,2.9999999999999996,6.702842213767638e-16,7.44760245974182e-17,4.770100331151889e-18,0.01025,0.00999999999772061,0.0103,0.00999999999772061,6.702842213767638e-16,-0.007562402574959992
barabasi_albert,20,iid,0.15,3.0,edge_bipolar,2.9999999999999996,61.874999999999986,6.875,0.46990639837104375,0.01025,0.00999999999772061,1.0,0.9999999999999114,61.874999999999986,61.86607605788825
barabasi_albert,20,iid,0.15,3.0,fiedler,3.0,13.47336728670591,1.49704080963399,0.10005738494944688,0.01025,0.00999999999772061,1.0,0.9999999999938216,13.47336728670591,13.469808602377038
barabasi_albert,20,iid,0.15,3.0,high_frequency,3.0,134.09690814118665,14.899656460131848,1.0000000000000002,0.01025,0.00999999999772061,1.0,0.9999999999928052,134.09690814118665,134.06532522338284
barabasi_albert,20,iid,0.15,3.0,point,3.0,51.75,5.75,0.3978028907273835,0.01025,0.00999999999772061,1.0,0.9999999999950022,51.75,51.81235458488166
barabasi_albert,20,iid,0.3,0.75,cluster,0.75,2.8125,5.0,0.3930226005652842,0.0102,0.010000000015150043,0.06695,0.06482974330671963,2.8125,2.805951936401566
barabasi_albert,20,iid,0.3,0.75,constant,0.7499999999999999,4.4220139604717054e-17,7.8613581519497e-17,6.381249307785511e-18,0.0102,0.010000000015150043,0.0093,0.010000000015150043,4.4220139604717054e-17,-0.011183690773174604
barabasi_albert,20,iid,0.3,0.75,edge_bipolar,0.7499999999999999,4.007812499999999,7.125,0.5570584021738699,0.0102,0.010000000015150043,0.10285,0.10633662370020379,4.007812499999999,3.9565318905526263
barabasi_albert,20,iid,0.3,0.75,fiedler,0.75,0.9075367511933925,1.613398668788253,0.1271754990213463,0.0102,0.010000000015150043,0.0152,0.01545336441507543,0.9075367511933925,0.926434736396375
barabasi_albert,20,iid,0.3,0.75,high_frequency,0.75,7.199394273148987,12.798923152264864,1.0,0.0102,0.010000000015150043,0.27995000000000003,0.2785801017438401,7.199394273148987,7.196223592302948
barabasi_albert,20,iid,0.3,0.75,point,0.75,2.53125,4.5,0.3545375342713193,0.0102,0.010000000015150043,0.047549999999999995,0.0465990093873465,2.53125,2.510198373646083
barabasi_albert,20,iid,0.3,1.5,cluster,1.5,11.109375,4.9375,0.3876067634155842,0.0102,0.010000000015150043,0.4929,0.49504391904498946,11.109375,11.121896122282214
barabasi_albert,20,iid,0.3,1.5,constant,1.4999999999999998,1.7688055841886821e-16,7.8613581519497e-17,6.381249307785511e-18,0.0102,0.010000000015150043,0.00975,0.010000000015150043,1.7688055841886821e-16,-0.00895449063308762
barabasi_albert,20,iid,0.3,1.5,edge_bipolar,1.4999999999999998,16.312499999999996,7.25,0.5648785460235745,0.0102,0.010000000015150043,0.7052499999999999,0.7049658169010703,16.312499999999996,16.3422337498236
barabasi_albert,20,iid,0.3,1.5,fiedler,1.5,3.63014700477357,1.613398668788253,0.1271754990213463,0.0102,0.010000000015150043,0.0567,0.053662856138047096,3.63014700477357,3.6689130406598633
barabasi_albert,20,iid,0.3,1.5,high_frequency,1.5,28.797577092595947,12.798923152264864,1.0,0.0102,0.010000000015150043,0.9573,0.9576654291735291,28.797577092595947,28.72731131678818
barabasi_albert,20,iid,0.3,1.5,point,1.5,11.25,5.0,0.39218258177556203,0.0102,0.010000000015150043,0.5022500000000001,0.5005587631528474,11.25,11.29972319002932
barabasi_albert,20,iid,0.3,3.0,cluster,3.0,44.4375,4.9375,0.38599351194035053,0.0102,0.010000000015150043,0.99985,0.9997902843891973,44.4375,44.2709967292407
barabasi_albert,20,iid,0.3,3.0,constant,2.9999999999999996,7.075222336754729e-16,7.8613581519497e-17,6.381249307785511e-18,0.0102,0.010000000015150043,0.00895,0.010000000015150043,7.075222336754729e-16,0.0007734585903076407
barabasi_albert,20,iid,0.3,3.0,edge_bipolar,2.9999999999999996,49.499999999999986,5.5,0.42853342410718015,0.0102,0.010000000015150043,1.0,0.9999938250183229,49.499999999999986,49.47458183136304
barabasi_albert,20,iid,0.3,3.0,fiedler,3.0,14.52058801909428,1.613398668788253,0.1271754990213463,0.0102,0.010000000015150043,0.79915,0.800337176876535,14.52058801909428,14.546070368073673
barabasi_albert,20,iid,0.3,3.0,high_frequency,3.0,115.19030837038379,12.798923152264864,1.0,0.0102,0.010000000015150043,1.0,0.9999999999652892,115.19030837038379,115.11273698820591
barabasi_albert,20,iid,0.3,3.0,point,3.0,56.25,6.25,0.4866511873545842,0.0102,0.010000000015150043,0.99985,0.9999151284174899,56.25,56.272170897458075
barabasi_albert,40,correlated,0.15,0.75,cluster,0.7499999999999999,3.533203124999999,6.28125,0.3163444975296193,0.0097,0.00999999994765663,0.48485,0.4813290928722623,3.533203124999999,3.546016371662443
barabasi_albert,40,correlated,0.15,0.75,constant,0.7499999999999999,-6.582812753581314e-17,-1.1702778228589004e-16,-5.8166873278649575e-18,0.0097,0.00999999994765663,0.00955,0.00999999994765663,-6.582812753581314e-17,-0.004145111553945258
barabasi_albert,40,correlated,0.15,0.75,edge_bipolar,0.7499999999999999,5.273437499999999,9.375,0.4561395320381798,0.0097,0.00999999994765663,0.65235,0.6581569794158999,5.273437499999999,5.252970002682234
barabasi_albert,40,correlated,0.15,0.75,fiedler,0.75,0.7187455541641931,1.2777698740696763,0.0632543426527209,0.0097,0.00999999994765663,0.0268,0.028797332037288126,0.7187455541641931,0.7010410797540252
barabasi_albert,40,correlated,0.15,0.75,high_frequency,0.75,11.306493783590277,20.100433393049375,0.9999999999999994,0.0097,0.00999999994765663,0.9879,0.9862919656340627,11.306493783590277,11.307302680857081
barabasi_albert,40,correlated,0.15,0.75,point,0.75,6.1875,11.0,0.5459262294995185,0.0097,0.00999999994765663,0.7079500000000001,0.7087774104200969,6.1875,6.185036684208379
barabasi_albert,40,correlated,0.15,1.5,cluster,1.4999999999999998,12.375,5.500000000000001,0.27483219093469824,0.0097,0.00999999994765663,0.992,0.9923851824518889,12.375,12.329213448632771
barabasi_albert,40,correlated,0.15,1.5,constant,1.4999999999999998,-2.633125101432526e-16,-1.1702778228589004e-16,-5.8166873278649575e-18,0.0097,0.00999999994765663,0.00865,0.00999999994765663,-2.633125101432526e-16,-0.020898533025582644
barabasi_albert,40,correlated,0.15,1.5,edge_bipolar,1.4999999999999998,22.781249999999996,10.125,0.5217205400286847,0.0097,0.00999999994765663,1.0,0.9999990265075553,22.781249999999996,22.76186103885817
barabasi_albert,40,correlated,0.15,1.5,fiedler,1.5,2.8749822166567722,1.2777698740696763,0.0632543426527209,0.0097,0.00999999994765663,0.3338,0.3337042051363564,2.8749822166567722,2.8644513925748654
barabasi_albert,40,correlated,0.15,1.5,high_frequency,1.5,45.22597513436111,20.100433393049375,0.9999999999999994,0.0097,0.00999999994765663,1.0,0.9999999999999895,45.22597513436111,45.20263745688626
barabasi_albert,40,correlated,0.15,1.5,point,1.5,11.8125,5.25,0.25109611466231524,0.0097,0.00999999994765663,0.99575,0.9960240928125114,11.8125,11.806845603582286
barabasi_albert,40,correlated,0.15,3.0,cluster,2.9999999999999996,50.62499999999999,5.625,0.27829673985872416,0.0097,0.00999999994765663,1.0,1.0,50.62499999999999,50.64155173857438
barabasi_albert,40,correlated,0.15,3.0,constant,2.9999999999999996,-1.0532500405730103e-15,-1.1702778228589004e-16,-5.8166873278649575e-18,0.0097,0.00999999994765663,0.01115,0.00999999994765663,-1.0532500405730103e-15,0.01137313001724194
barabasi_albert,40,correlated,0.15,3.0,edge_bipolar,2.9999999999999996,68.62499999999999,7.625,0.38064319006376407,0.0097,0.00999999994765663,1.0,0.999999999999999,68.62499999999999,68.61845178469532
barabasi_albert,40,correlated,0.15,3.0,fiedler,3.0,11.499928866627089,1.2777698740696763,0.0632543426527209,0.0097,0.00999999994765663,1.0,0.9999994058542396,11.499928866627089,11.488257553929149
barabasi_albert,40,correlated,0.15,3.0,high_frequency,3.0,180.90390053744443,20.100433393049375,0.9999999999999994,0.0097,0.00999999994765663,1.0,0.9999999999999435,180.90390053744443,180.99891893929052
barabasi_albert,40,correlated,0.15,3.0,point,3.0,29.25,3.25,0.161699183238795,0.0097,0.00999999994765663,1.0,0.9999999999762166,29.25,29.260542065152293
barabasi_albert,40,correlated,0.3,0.75,cluster,0.7499999999999999,2.935546875,5.218750000000001,0.27042263148384516,0.009899999999999999,0.010000000111679369,0.04745,0.04887782773762353,2.935546875,2.9451803745702287
barabasi_albert,40,correlated,0.3,0.75,constant,0.7499999999999999,-4.937109565185985e-18,-8.777083671441751e-18,-4.175203269808504e-19,0.009899999999999999,0.010000000111679369,0.00915,0.010000000111679369,-4.937109565185985e-18,-0.002660998514245172
barabasi_albert,40,correlated,0.3,0.75,edge_bipolar,0.7499999999999999,5.554687499999999,9.875,0.5237674098277739,0.009899999999999999,0.010000000111679369,0.1221,0.12393038946736386,5.554687499999999,5.538334646557857
barabasi_albert,40,correlated,0.3,0.75,fiedler,0.75,0.7944853400608153,1.4124183823303382,0.07317385952562377,0.009899999999999999,0.010000000111679369,0.01225,0.013741436410613303,0.7944853400608153,0.7892280566740029
barabasi_albert,40,correlated,0.3,0.75,high_frequency,0.75,10.878427034814164,19.339425839669623,1.0000000000000002,0.009899999999999999,0.010000000111679369,0.35435,0.35430657054644904,10.878427034814164,10.878301178185147
barabasi_albert,40,correlated,0.3,0.75,point,0.75,2.671875,4.75,0.24306040305765705,0.009899999999999999,0.010000000111679369,0.0322,0.0331720250217908,2.671875,2.649666640606478
barabasi_albert,40,correlated,0.3,1.5,cluster,1.4999999999999998,11.390625,5.0625,0.2616582829671393,0.009899999999999999,0.010000000111679369,0.3631,0.3692247660451287,11.390625,11.319601168214396
barabasi_albert,40,correlated,0.3,1.5,constant,1.4999999999999998,-1.974843826074394e-17,-8.777083671441751e-18,-4.175203269808504e-19,0.009899999999999999,0.010000000111679369,0.0104,0.010000000111679369,-1.974843826074394e-17,0.04485952986841468
barabasi_albert,40,correlated,0.3,1.5,edge_bipolar,1.4999999999999998,18.281249999999996,8.125,0.4188676951585648,0.009899999999999999,0.010000000111679369,0.6379,0.6385672328412749,18.281249999999996,18.3916873904677
barabasi_albert,40,correlated,0.3,1.5,fiedler,1.5,3.177941360243261,1.4124183823303382,0.07317385952562377,0.009899999999999999,0.010000000111679369,0.032850000000000004,0.03411098373049183,3.177941360243261,3.141107817076616
barabasi_albert,40,correlated,0.3,1.5,high_frequency,1.5,43.51370813925666,19.339425839669623,1.0000000000000002,0.009899999999999999,0.010000000111679369,0.9863,0.986328380093796,43.51370813925666,43.6257299774523
barabasi_albert,40,correlated,0.3,1.5,point,1.5,7.3125,3.25,0.16877073426484301,0.009899999999999999,0.010000000111679369,0.14105,0.14361470381736818,7.3125,7.30019719457938
barabasi_albert,40,correlated,0.3,3.0,cluster,2.9999999999999996,51.46875,5.718750000000001,0.2951685727222676,0.009899999999999999,0.010000000111679369,0.99985,0.9997413352483302,51.46875,51.162899873374734
barabasi_albert,40,correlated,0.3,3.0,constant,2.9999999999999996,-7.899375304297576e-17,-8.777083671441751e-18,-4.175203269808504e-19,0.009899999999999999,0.010000000111679369,0.00835,0.010000000111679369,-7.899375304297576e-17,-0.00869882084097462
barabasi_albert,40,correlated,0.3,3.0,edge_bipolar,2.9999999999999996,61.874999999999986,6.875,0.35810176041760006,0.009899999999999999,0.010000000111679369,1.0,0.9999899055202589,61.874999999999986,61.968175431709774
barabasi_albert,40,correlated,0.3,3.0,fiedler,3.0,12.711765440973045,1.4124183823303382,0.07317385952562377,0.009899999999999999,0.010000000111679369,0.43715,0.44175121548033164,12.711765440973045,12.677584065791859
barabasi_albert,40,correlated,0.3,3.0,high_frequency,3.0,174.05483255702663,19.339425839669623,1.0000000000000002,0.009899999999999999,0.010000000111679369,1.0,0.9999999999999933,174.05483255702663,174.11884239958482
barabasi_albert,40,correlated,0.3,3.0,point,3.0,36.0,4.0,0.21134915192381548,0.009899999999999999,0.010000000111679369,0.99325,0.9932030776087526,36.0,35.9995981431025
barabasi_albert,40,iid,0.15,0.75,cluster,0.7499999999999999,2.970703125,5.281250000000001,0.27816436913100206,0.0106,0.009999999997358733,0.28185000000000004,0.284045753098806,2.970703125,2.991939138722006
barabasi_albert,40,iid,0.15,0.75,constant,0.7499999999999999,-2.715410260852292e-17,-4.827396019292964e-17,-2.5891186174413797e-18,0.0106,0.009999999997358733,0.0112,0.009999999997358733,-2.715410260852292e-17,0.011855616635044308
barabasi_albert,40,iid,0.15,0.75,edge_bipolar,0.7499999999999999,3.6562499999999996,6.5,0.3404138200116159,0.0106,0.009999999997358733,0.389,0.3877461938590004,3.6562499999999996,3.657138122998968
barabasi_albert,40,iid,0.15,0.75,fiedler,0.75,0.7111676889048215,1.2642981136085711,0.06681922604286758,0.0106,0.009999999997358733,0.0248,0.023281208333529174,0.7111676889048215,0.7131478486043148
barabasi_albert,40,iid,0.15,0.75,high_frequency,0.7500000000000001,10.751322858202107,19.113462859025958,0.9999999999999998,0.0106,0.009999999997358733,0.9484,0.947545742009257,10.751322858202107,10.720070405965496
barabasi_albert,40,iid,0.15,0.75,point,0.75,3.515625,6.25,0.3127383356310995,0.0106,0.009999999997358733,0.351,0.3501637689912028,3.515625,3.5176508707213516
barabasi_albert,40,iid,0.15,1.5,cluster,1.4999999999999998,12.585937499999998,5.59375,0.296278572723533,0.0106,0.009999999997358733,0.9946,0.9947060277628514,12.585937499999998,12.554615767653546
barabasi_albert,40,iid,0.15,1.5,constant,1.4999999999999998,-1.0861641043409168e-16,-4.827396019292964e-17,-2.5891186174413797e-18,0.0106,0.009999999997358733,0.0092,0.009999999997358733,-1.0861641043409168e-16,0.006733090489093874
barabasi_albert,40,iid,0.15,1.5,edge_bipolar,1.4999999999999998,19.968749999999996,8.875,0.4619027958795869,0.0106,0.009999999997358733,1.0,0.9999457393987143,19.968749999999996,19.95813531315142
barabasi_albert,40,iid,0.15,1.5,fiedler,1.5,2.844670755619286,1.2642981136085711,0.06681922604286758,0.0106,0.009999999997358733,0.2087,0.21228670489034673,2.844670755619286,2.829923570583827
barabasi_albert,40,iid,0.15,1.5,high_frequency,1.5000000000000002,43.00529143280843,19.113462859025958,0.9999999999999998,0.0106,0.009999999997358733,1.0,0.9999999998468616,43.00529143280843,43.07256229713276
barabasi_albert,40,iid,0.15,1.5,point,1.5,15.1875,6.75,0.34364411955278984,0.0106,0.009999999997358733,0.96265,0.9607904279569338,15.1875,15.163582695860601
barabasi_albert,40,iid,0.15,3.0,cluster,2.9999999999999996,47.81249999999999,5.3125,0.28048010817630736,0.0106,0.009999999997358733,1.0,1.0,47.81249999999999,47.780258599591924
barabasi_albert,40,iid,0.15,3.0,constant,2.9999999999999996,-4.344656417363667e-16,-4.827396019292964e-17,-2.5891186174413797e-18,0.0106,0.009999999997358733,0.009850000000000001,0.009999999997358733,-4.344656417363667e-16,-0.010634802405315558
barabasi_albert,40,iid,0.15,3.0,edge_bipolar,2.9999999999999996,53.999999999999986,6.0,0.324783132447446,0.0106,0.009999999997358733,1.0,1.0,53.999999999999986,53.97655212013619
barabasi_albert,40,iid,0.15,3.0,fiedler,3.0,11.378683022477144,1.2642981136085711,0.06681922604286758,0.0106,0.009999999997358733,0.99965,0.999640949468779,11.378683022477144,11.39002192266727
barabasi_albert,40,iid,0.15,3.0,high_frequency,3.0000000000000004,172.0211657312337,19.113462859025958,0.9999999999999998,0.0106,0.009999999997358733,1.0,1.0,172.0211657312337,172.24383130148865
barabasi_albert,40,iid,0.15,3.0,point,3.0,42.75,4.75,0.2500114119779475,0.0106,0.009999999997358733,1.0,1.0,42.75,42.836021118429144
barabasi_albert,40,iid,0.3,0.75,cluster,0.7499999999999999,2.8125,5.000000000000001,0.2833159569278915,0.00965,0.00999999999750037,0.033049999999999996,0.03641160023357276,2.8125,2.7367869888171663
barabasi_albert,40,iid,0.3,0.75,constant,0.7499999999999999,-2.468554782592993e-17,-4.388541835720877e-17,-2.6099516328431612e-18,0.00965,0.00999999999750037,0.01,0.00999999999750037,-2.468554782592993e-17,0.017247527232413518
barabasi_albert,40,iid,0.3,0.75,edge_bipolar,0.7499999999999999,4.148437499999999,7.375,0.4299491793735971,0.00965,0.00999999999750037,0.06345,0.06459465919511498,4.148437499999999,4.118722279528135
barabasi_albert,40,iid,0.3,0.75,fiedler,0.75,0.7489320391960781,1.3314347363485832,0.07508328188060912,0.00965,0.00999999999750037,0.011,0.01260491379360737,0.7489320391960781,0.7064840619931072
barabasi_albert,40,iid,0.3,0.75,high_frequency,0.7500000000000001,10.026514582466223,17.824914813273278,0.9999999999999996,0.00965,0.00999999999750037,0.24009999999999998,0.24319170882977262,10.026514582466223,10.030130700416787
barabasi_albert,40,iid,0.3,0.75,point,0.75,2.53125,4.5,0.25072265096852425,0.00965,0.00999999999750037,0.02665,0.026733973624406965,2.53125,2.46691438759622
barabasi_albert,40,iid,0.3,1.5,cluster,1.4999999999999998,9.5625,4.250000000000001,0.2415250727156664,0.00965,0.00999999999750037,0.1928,0.19809902901072596,9.5625,9.487676965477991
barabasi_albert,40,iid,0.3,1.5,constant,1.4999999999999998,-9.874219130371972e-17,-4.388541835720877e-17,-2.6099516328431612e-18,0.00965,0.00999999999750037,0.00985,0.00999999999750037,-9.874219130371972e-17,0.0048255095079126065
barabasi_albert,40,iid,0.3,1.5,edge_bipolar,1.4999999999999998,16.593749999999996,7.374999999999999,0.42102072846589533,0.00965,0.00999999999750037,0.4662,0.4709550119061073,16.593749999999996,16.543310921918426
barabasi_albert,40,iid,0.3,1.5,fiedler,1.5,2.9957281567843124,1.3314347363485832,0.07508328188060912,0.00965,0.00999999999750037,0.02475,0.025003081075358147,2.9957281567843124,2.9747855679653723
barabasi_albert,40,iid,0.3,1.5,high_frequency,1.5000000000000002,40.106058329864894,17.824914813273278,0.9999999999999996,0.00965,0.00999999999750037,0.9382,0.9390730183665104,40.106058329864894,40.1125910192467
barabasi_albert,40,iid,0.3,1.5,point,1.5,12.9375,5.75,0.3167775930591179,0.00965,0.00999999999750037,0.3351,0.3340850136074018,12.9375,12.919943413737393
barabasi_albert,40,iid,0.3,3.0,cluster,2.9999999999999996,50.34375,5.593750000000001,0.3140354945802247,0.00965,0.00999999999750037,0.99405,0.9941508819189573,50.34375,50.48052757868118
barabasi_albert,40,iid,0.3,3.0,constant,2.9999999999999996,-3.9496876521487887e-16,-4.388541835720877e-17,-2.6099516328431612e-18,0.00965,0.00999999999750037,0.0093,0.00999999999750037,-3.9496876521487887e-16,-0.02963570378070468
barabasi_albert,40,iid,0.3,3.0,edge_bipolar,2.9999999999999996,75.37499999999999,8.375,0.4775928172673198,0.00965,0.00999999999750037,0.99985,0.9997130833259587,75.37499999999999,75.43263905766162
barabasi_albert,40,iid,0.3,3.0,fiedler,3.0,11.98291262713725,1.3314347363485832,0.07508328188060912,0.00965,0.00999999999750037,0.24695,0.25189667623146966,11.98291262713725,11.928173427706398
barabasi_albert,40,iid,0.3,3.0,high_frequency,3.0000000000000004,160.42423331945957,17.824914813273278,0.9999999999999996,0.00965,0.00999999999750037,1.0,0.9999999997916923,160.42423331945957,160.64467870563493
barabasi_albert,40,iid,0.3,3.0,point,3.0,85.5,9.5,0.5181368037459897,0.00965,0.00999999999750037,0.99965,0.9996358502228173,85.5,85.31387934059924
barabasi_albert,60,correlated,0.15,0.75,cluster,0.7500000000000001,3.5390625000000004,6.291666666666665,0.2244592840965215,0.0106,0.010000000011651591,0.29745,0.29429578671600587,3.5390625000000004,3.5703657796776005
barabasi_albert,60,correlated,0.15,0.75,constant,0.7500000000000002,6.987297338042544e-17,1.242186193429785e-16,4.602113078007741e-18,0.0106,0.010000000011651591,0.011,0.010000000011651591,6.987297338042544e-17,0.00550275543620371
barabasi_albert,60,correlated,0.15,0.75,edge_bipolar,0.7499999999999999,7.031249999999999,12.5,0.47235140238395634,0.0106,0.010000000011651591,0.6694,0.6689378713789473,7.031249999999999,7.0328577882352725
barabasi_albert,60,correlated,0.15,0.75,fiedler,0.75,0.7556530148466765,1.3433831375052023,0.04901607263349205,0.0106,0.010000000011651591,0.02165,0.02228351250474718,0.7556530148466765,0.7517152196582122
barabasi_albert,60,correlated,0.15,0.75,high_frequency,0.75,16.352857052888005,29.071745871800896,1.0000000000000004,0.0106,0.010000000011651591,0.98395,0.9845425845470954,16.352857052888005,16.324434706399284
barabasi_albert,60,correlated,0.15,0.75,point,0.75,3.375,6.0,0.22462302615650637,0.0106,0.010000000011651591,0.27495,0.27248045050363684,3.375,3.366614088065537
barabasi_albert,60,correlated,0.15,1.5,cluster,1.5000000000000002,14.531250000000004,6.458333333333332,0.2311571252201885,0.0106,0.010000000011651591,0.99625,0.9962933168165913,14.531250000000004,14.498234122845878
barabasi_albert,60,correlated,0.15,1.5,constant,1.5000000000000004,2.7949189352170177e-16,1.242186193429785e-16,4.602113078007741e-18,0.0106,0.010000000011651591,0.01075,0.010000000011651591,2.7949189352170177e-16,0.010059747074077974
barabasi_albert,60,correlated,0.15,1.5,edge_bipolar,1.4999999999999998,15.468749999999996,6.875,0.23466075131092298,0.0106,0.010000000011651591,0.9996,0.9994111993074986,15.468749999999996,15.50524071797927
barabasi_albert,60,correlated,0.15,1.5,fiedler,1.5,3.022612059386706,1.3433831375052023,0.04901607263349205,0.0106,0.010000000011651591,0.1887,0.18488352853889367,3.022612059386706,3.0401898076049676
barabasi_albert,60,correlated,0.15,1.5,high_frequency,1.5,65.41142821155202,29.071745871800896,1.0000000000000004,0.0106,0.010000000011651591,1.0,0.9999999999999468,65.41142821155202,65.22739689323735
barabasi_albert,60,correlated,0.15,1.5,point,1.5,10.125,4.5,0.1719224801187652,0.0106,0.010000000011651591,0.8904,0.8886455341200545,10.125,10.126654117952391
barabasi_albert,60,correlated,0.15,3.0,cluster,3.0000000000000004,50.812500000000014,5.645833333333332,0.2011924442451553,0.0106,0.010000000011651591,1.0,0.9999999999999993,50.812500000000014,50.773441208158076
barabasi_albert,60,correlated,0.15,3.0,constant,3.000000000000001,1.117967574086807e-15,1.242186193429785e-16,4.602113078007741e-18,0.0106,0.010000000011651591,0.0106,0.010000000011651591,1.117967574086807e-15,0.017349409277090944
barabasi_albert,60,correlated,0.15,3.0,edge_bipolar,2.9999999999999996,78.74999999999999,8.75,0.296270318060528,0.0106,0.010000000011651591,1.0,0.999999999999993,78.74999999999999,78.72641680116242
barabasi_albert,60,correlated,0.15,3.0,fiedler,3.0,12.090448237546823,1.3433831375052023,0.04901607263349205,0.0106,0.010000000011651591,0.99875,0.9984380705660617,12.090448237546823,12.087767637595096
barabasi_albert,60,correlated,0.15,3.0,high_frequency,3.0,261.6457128462081,29.071745871800896,1.0000000000000004,0.0106,0.010000000011651591,1.0,0.9999999999999991,261.6457128462081,261.5076762759524
barabasi_albert,60,correlated,0.15,3.0,point,3.0,90.0,10.0,0.385598414499242,0.0106,0.010000000011651591,1.0,0.9999999999999927,90.0,90.04914307704308
barabasi_albert,60,correlated,0.3,0.75,cluster,0.7500000000000001,3.1640625,5.624999999999998,0.24752404626047292,0.0104,0.009999999965792039,0.037,0.03749939497952699,3.1640625,3.2398834353168535
barabasi_albert,60,correlated,0.3,0.75,constant,0.7500000000000002,3.224906463711944e-17,5.733167046599008e-17,2.4320097808722804e-18,0.0104,0.009999999965792039,0.0111,0.009999999965792039,3.224906463711944e-17,-0.0010460837552326296
barabasi_albert,60,correlated,0.3,0.75,edge_bipolar,0.7499999999999999,6.1171875,10.875000000000002,0.4978745552259488,0.0104,0.009999999965792039,0.1016,0.10112333216438153,6.1171875,6.164196302383032
barabasi_albert,60,correlated,0.3,0.75,fiedler,0.7500000000000001,0.7244589657650199,1.2879270502489237,0.05779852230051846,0.0104,0.009999999965792039,0.01325,0.012489661503367736,0.7244589657650199,0.6384404711764029
barabasi_albert,60,correlated,0.3,0.75,high_frequency,0.75,12.936806058210177,22.99876632570698,0.9999999999999998,0.0104,0.009999999965792039,0.30585,0.3091730486832125,12.936806058210177,12.918910530464
barabasi_albert,60,correlated,0.3,0.75,point,0.75,5.90625,10.5,0.47964240826905974,0.0104,0.009999999965792039,0.09335,0.09528568276973325,5.90625,5.839350988711255
barabasi_albert,60,correlated,0.3,1.5,cluster,1.5000000000000002,13.500000000000002,5.999999999999998,0.26052913148331974,0.0104,0.009999999965792039,0.3075,0.3130611256844961,13.500000000000002,13.424949880427139
barabasi_albert,60,correlated,0.3,1.5,constant,1.5000000000000004,1.2899625854847775e-16,5.733167046599008e-17,2.4320097808722804e-18,0.0104,0.009999999965792039,0.0106,0.009999999965792039,1.2899625854847775e-16,0.023874019882250685
barabasi_albert,60,correlated,0.3,1.5,edge_bipolar,1.4999999999999998,20.249999999999996,9.0,0.40214858640827156,0.0104,0.009999999965792039,0.569,0.5677069483722308,20.249999999999996,20.21992037954374
barabasi_albert,60,correlated,0.3,1.5,fiedler,1.5000000000000002,2.8978358630600796,1.2879270502489237,0.05779852230051846,0.0104,0.009999999965792039,0.02525,0.024058103529758776,2.8978358630600796,2.9260804151174398
barabasi_albert,60,correlated,0.3,1.5,high_frequency,1.5,51.74722423284071,22.99876632570698,0.9999999999999998,0.0104,0.009999999965792039,0.97755,0.9768613623921432,51.74722423284071,51.64831376539835
barabasi_albert,60,correlated,0.3,1.5,point,1.5,8.4375,3.75,0.16390679252331716,0.0104,0.009999999965792039,0.11,0.10864722588826192,8.4375,8.42566783853901
barabasi_albert,60,correlated,0.3,3.0,cluster,3.0000000000000004,54.375,6.041666666666664,0.26455399318404565,0.0104,0.009999999965792039,0.9955,0.9948719341459531,54.375,54.32806461551361
barabasi_albert,60,correlated,0.3,3.0,constant,3.000000000000001,5.15985034193911e-16,5.733167046599008e-17,2.4320097808722804e-18,0.0104,0.009999999965792039,0.0091,0.009999999965792039,5.15985034193911e-16,-0.04132340877689966
barabasi_albert,60,correlated,0.3,3.0,edge_bipolar,2.9999999999999996,94.49999999999999,10.5,0.4575009547712786,0.0104,0.009999999965792039,0.99985,0.9998645970647605,94.49999999999999,94.52572520594521
barabasi_albert,60,correlated,0.3,3.0,fiedler,3.0000000000000004,11.591343452240318,1.2879270502489237,0.05779852230051846,0.0104,0.009999999965792039,0.21125,0.21064049694917292,11.591343452240318,11.640757085107516
barabasi_albert,60,correlated,0.3,3.0,high_frequency,3.0,206.98889693136283,22.99876632570698,0.9999999999999998,0.0104,0.009999999965792039,1.0,0.9999999999998747,206.98889693136283,206.8625886919577
barabasi_albert,60,correlated,0.3,3.0,point,3.0,40.5,4.5,0.20146930597198212,0.0104,0.009999999965792039,0.9569,0.9565291040602362,40.5,40.541423481043005
barabasi_albert,60,iid,0.15,0.75,cluster,0.7500000000000001,3.5273437500000004,6.270833333333331,0.25321509464421105,0.0115,0.010000000007948623,0.2399,0.24231240675488322,3.5273437500000004,3.503258524492897
barabasi_albert,60,iid,0.15,0.75,constant,0.7500000000000002,2.6874220530932865e-17,4.7776392054991736e-17,1.9124971445885923e-18,0.0115,0.010000000007948623,0.010450000000000001,0.010000000007948623,2.6874220530932865e-17,-0.0022451864906574137
barabasi_albert,60,iid,0.15,0.75,edge_bipolar,0.7499999999999999,6.679687499999999,11.875,0.4764715972993607,0.0115,0.010000000007948623,0.59065,0.5945731088083613,6.679687499999999,6.667162684305077
barabasi_albert,60,iid,0.15,0.75,fiedler,0.7500000000000001,0.8030477950675525,1.4276405245645374,0.058671424307080625,0.0115,0.010000000007948623,0.0199,0.020781679041832674,0.8030477950675525,0.8085249422878744
barabasi_albert,60,iid,0.15,0.75,high_frequency,0.75,13.815798810199873,24.561420107022,1.0000000000000004,0.0115,0.010000000007948623,0.9478,0.9469842342580161,13.815798810199873,13.86673882988992
barabasi_albert,60,iid,0.15,0.75,point,0.75,2.953125,5.25,0.21324427586425265,0.0115,0.010000000007948623,0.15775,0.15741516575474768,2.953125,2.950532872338182
barabasi_albert,60,iid,0.15,1.5,cluster,1.5000000000000002,13.828125000000002,6.145833333333332,0.2547646493970693,0.0115,0.010000000007948623,0.9722999999999999,0.970724441792291,13.828125000000002,13.845272827296778
barabasi_albert,60,iid,0.15,1.5,constant,1.5000000000000004,1.0749688212373146e-16,4.7776392054991736e-17,1.9124971445885923e-18,0.0115,0.010000000007948623,0.01035,0.010000000007948623,1.0749688212373146e-16,0.008815320301518215
barabasi_albert,60,iid,0.15,1.5,edge_bipolar,1.4999999999999998,20.249999999999996,9.0,0.360468998933739,0.0115,0.010000000007948623,0.9957,0.9955753431730651,20.249999999999996,20.23037708924464
barabasi_albert,60,iid,0.15,1.5,fiedler,1.5000000000000002,3.21219118027021,1.4276405245645374,0.058671424307080625,0.0115,0.010000000007948623,0.1466,0.1453032842819585,3.21219118027021,3.2242260214470333
barabasi_albert,60,iid,0.15,1.5,high_frequency,1.5,55.26319524079949,24.561420107022,1.0000000000000004,0.0115,0.010000000007948623,1.0,0.9999999998747677,55.26319524079949,55.17674065512947
barabasi_albert,60,iid,0.15,1.5,point,1.5,14.625,6.5,0.2595902260075537,0.0115,0.010000000007948623,0.86715,0.8653507960856188,14.625,14.665038191856254
barabasi_albert,60,iid,0.15,3.0,cluster,3.0000000000000004,56.81250000000001,6.312499999999998,0.2593291764110409,0.0115,0.010000000007948623,1.0,1.0,56.81250000000001,56.794557948216536
barabasi_albert,60,iid,0.15,3.0,constant,3.000000000000001,4.2998752849492583e-16,4.7776392054991736e-17,1.9124971445885923e-18,0.0115,0.010000000007948623,0.01085,0.010000000007948623,4.2998752849492583e-16,0.01708471490268626
barabasi_albert,60,iid,0.15,3.0,edge_bipolar,2.9999999999999996,79.87499999999999,8.875,0.35028070783435017,0.0115,0.010000000007948623,1.0,0.999999999999999,79.87499999999999,79.87588093090243
barabasi_albert,60,iid,0.15,3.0,fiedler,3.0000000000000004,12.84876472108084,1.4276405245645374,0.058671424307080625,0.0115,0.010000000007948623,1.0,0.9999815761069937,12.84876472108084,12.837959011671042
barabasi_albert,60,iid,0.15,3.0,high_frequency,3.0,221.05278096319796,24.561420107022,1.0000000000000004,0.0115,0.010000000007948623,1.0,1.0,221.05278096319796,220.98315165490163
barabasi_albert,60,iid,0.15,3.0,point,3.0,63.0,7.0,0.29712132178740147,0.0115,0.010000000007948623,1.0,1.0,63.0,62.932702958399915
barabasi_albert,60,iid,0.3,0.75,cluster,0.7500000000000001,3.3867187500000004,6.020833333333332,0.25938209136432155,0.00845,0.009999999940395077,0.0318,0.03213902460980041,3.3867187500000004,3.3991434937846456
barabasi_albert,60,iid,0.3,0.75,constant,0.7500000000000002,3.762390874330601e-17,6.688694887698842e-17,3.143955279252592e-18,0.00845,0.009999999940395077,0.01005,0.009999999940395077,3.762390874330601e-17,0.03252905010531215
barabasi_albert,60,iid,0.3,0.75,edge_bipolar,0.7499999999999999,6.187499999999999,11.0,0.4728250339370528,0.00845,0.009999999940395077,0.07640000000000001,0.07668163256208603,6.187499999999999,6.072049896947554
barabasi_albert,60,iid,0.3,0.75,fiedler,0.75,0.7302387336160792,1.2982021930952516,0.05896757628013383,0.00845,0.009999999940395077,0.01225,0.01189481730527274,0.7302387336160792,0.7409735524710319
barabasi_albert,60,iid,0.3,0.75,high_frequency,0.7500000000000001,13.020776296899436,23.148046750043438,1.0000000000000004,0.00845,0.009999999940395077,0.2456,0.23879263086692692,13.020776296899436,13.16880733957119
barabasi_albert,60,iid,0.3,0.75,point,0.75,3.515625,6.25,0.26561179707006644,0.00845,0.009999999940395077,0.039599999999999996,0.03919021721864656,3.515625,3.550575582421212
barabasi_albert,60,iid,0.3,1.5,cluster,1.5000000000000002,13.40625,5.958333333333331,0.26254086128154247,0.00845,0.009999999940395077,0.22344999999999998,0.22521600635082745,13.40625,13.233616202015723
barabasi_albert,60,iid,0.3,1.5,constant,1.5000000000000004,1.5049563497322404e-16,6.688694887698842e-17,3.143955279252592e-18,0.00845,0.009999999940395077,0.0095,0.009999999940395077,1.5049563497322404e-16,-0.04485103945264601
barabasi_albert,60,iid,0.3,1.5,edge_bipolar,1.4999999999999998,20.812499999999996,9.25,0.4132878289128339,0.00845,0.009999999940395077,0.4544,0.4494479598711202,20.812499999999996,20.94767752681543
barabasi_albert,60,iid,0.3,1.5,fiedler,1.5,2.9209549344643166,1.2982021930952516,0.05896757628013383,0.00845,0.009999999940395077,0.019799999999999998,0.019927083223565498,2.9209549344643166,2.910176739098109
barabasi_albert,60,iid,0.3,1.5,high_frequency,1.5000000000000002,52.083105187597745,23.148046750043438,1.0000000000000004,0.00845,0.009999999940395077,0.93495,0.9320628616670479,52.083105187597745,52.20921907548505
barabasi_albert,60,iid,0.3,1.5,point,1.5,11.8125,5.25,0.2504410677422628,0.00845,0.009999999940395077,0.2042,0.20052633881318804,11.8125,11.88634080978911
barabasi_albert,60,iid,0.3,3.0,cluster,3.0000000000000004,58.31250000000001,6.479166666666664,0.2875667221873214,0.00845,0.009999999940395077,0.9882,0.9866423046501318,58.31250000000001,58.11858046352481
barabasi_albert,60,iid,0.3,3.0,constant,3.000000000000001,6.019825398928962e-16,6.688694887698842e-17,3.143955279252592e-18,0.00845,0.009999999940395077,0.00935,0.009999999940395077,6.019825398928962e-16,0.07331089155780379
barabasi_albert,60,iid,0.3,3.0,edge_bipolar,2.9999999999999996,133.875,14.875000000000002,0.6289341811118875,0.00845,0.009999999940395077,1.0,0.9999932868773725,133.875,134.05444847277124
barabasi_albert,60,iid,0.3,3.0,fiedler,3.0,11.683819737857267,1.2982021930952516,0.05896757628013383,0.00845,0.009999999940395077,0.132,0.12965158011237046,11.683819737857267,11.774889036713754
barabasi_albert,60,iid,0.3,3.0,high_frequency,3.0000000000000004,208.33242075039098,23.148046750043438,1.0000000000000004,0.00845,0.009999999940395077,1.0,0.9999999994626632,208.33242075039098,207.67467477125734
barabasi_albert,60,iid,0.3,3.0,point,3.0,65.25,7.25,0.34760064814015434,0.00845,0.009999999940395077,0.91295,0.9158861119350468,65.25,65.13010325424648
random_geometric,20,correlated,0.15,0.75,cluster,0.75,5.23828125,9.3125,0.5187461714508901,0.010700000000000001,0.010000000057982725,0.6062000000000001,0.6065582472257816,5.23828125,5.231717315730314
random_geometric,20,correlated,0.15,0.75,constant,0.7499999999999999,2.769577164716489e-16,4.923692737273759e-16,2.7121927533160103e-17,0.010700000000000001,0.010000000057982725,0.01125,0.010000000057982725,2.769577164716489e-16,-0.008449726509179856
random_geometric,20,correlated,0.15,0.75,edge_bipolar,0.7499999999999999,6.328124999999999,11.25,0.6143090542448993,0.010700000000000001,0.010000000057982725,0.73735,0.7358261931863229,6.328124999999999,6.338809440898456
random_geometric,20,correlated,0.15,0.75,fiedler,0.7500000000000001,2.3334220217998696,4.1483058165331,0.22189556764001034,0.010700000000000001,0.010000000057982725,0.17925,0.1746265682708032,2.3334220217998696,2.3665302876685548
random_geometric,20,correlated,0.15,0.75,high_frequency,0.7500000000000001,10.184715187398334,18.10616033315259,1.0,0.010700000000000001,0.010000000057982725,0.94775,0.9449006162680393,10.184715187398334,10.187635380837616
random_geometric,20,correlated,0.15,0.75,point,0.75,6.328125,11.25,0.6235747887042328,0.010700000000000001,0.010000000057982725,0.756,0.7521527254569295,6.328125,6.374291551389469
random_geometric,20,correlated,0.15,1.5,cluster,1.5,22.921875,10.1875,0.5649902131096801,0.010700000000000001,0.010000000057982725,1.0,0.9999962044577236,22.921875,22.9133242512737
random_geometric,20,correlated,0.15,1.5,constant,1.4999999999999998,1.1078308658865956e-15,4.923692737273759e-16,2.7121927533160103e-17,0.010700000000000001,0.010000000057982725,0.009600000000000001,0.010000000057982725,1.1078308658865956e-15,-0.005093561955286319
random_geometric,20,correlated,0.15,1.5,edge_bipolar,1.4999999999999998,32.06249999999999,14.25,0.7839495945176118,0.010700000000000001,0.010000000057982725,1.0,0.999999999235829,32.06249999999999,32.03034633539499
random_geometric,20,correlated,0.15,1.5,fiedler,1.5000000000000002,9.333688087199478,4.1483058165331,0.22189556764001034,0.010700000000000001,0.010000000057982725,0.78135,0.781164235619183,9.333688087199478,9.351983564025122
random_geometric,20,correlated,0.15,1.5,high_frequency,1.5000000000000002,40.738860749593336,18.10616033315259,1.0,0.010700000000000001,0.010000000057982725,1.0,0.9999999999869653,40.738860749593336,40.80504159431475
random_geometric,20,correlated,0.15,1.5,point,1.5,24.1875,10.75,0.5897833145311535,0.010700000000000001,0.010000000057982725,1.0,0.9999996921934783,24.1875,24.097488603646994
random_geometric,20,correlated,0.15,3.0,cluster,3.0,91.6875,10.1875,0.562969154170275,0.010700000000000001,0.010000000057982725,1.0,0.9999999999573316,91.6875,91.63712560096106
random_geometric,20,correlated,0.15,3.0,constant,2.9999999999999996,4.431323463546382e-15,4.923692737273759e-16,2.7121927533160103e-17,0.010700000000000001,0.010000000057982725,0.0093,0.010000000057982725,4.431323463546382e-15,-0.014237008708894439
random_geometric,20,correlated,0.15,3.0,edge_bipolar,2.9999999999999996,132.75,14.75,0.8092584066303952,0.010700000000000001,0.010000000057982725,1.0,0.9999999999999709,132.75,132.81116131478333
random_geometric,20,correlated,0.15,3.0,fiedler,3.0000000000000004,37.33475234879791,4.1483058165331,0.22189556764001034,0.010700000000000001,0.010000000057982725,1.0,0.9999984240718924,37.33475234879791,37.320727437946296
random_geometric,20,correlated,0.15,3.0,high_frequency,3.0000000000000004,162.95544299837334,18.10616033315259,1.0,0.010700000000000001,0.010000000057982725,1.0,1.0,162.95544299837334,162.93581884906115
random_geometric,20,correlated,0.15,3.0,point,3.0,114.75,12.75,0.7043406212778305,0.010700000000000001,0.010000000057982725,1.0,0.9999999999999862,114.75,114.81461468007168
random_geometric,20,correlated,0.3,0.75,cluster,0.75,5.51953125,9.8125,0.5295416917127446,0.01025,0.010000000066012149,0.0757,0.07734698229621464,5.51953125,5.47713080348062
random_geometric,20,correlated,0.3,0.75,constant,0.7499999999999999,2.6299346185963297e-16,4.675439321949032e-16,2.5112026197011996e-17,0.01025,0.010000000066012149,0.00915,0.010000000066012149,2.6299346185963297e-16,-0.020741120534592206
random_geometric,20,correlated,0.3,0.75,edge_bipolar,0.7499999999999999,7.593749999999999,13.500000000000002,0.7270014755029551,0.01025,0.010000000066012149,0.1244,0.12180552517611264,7.593749999999999,7.6927944391058976
random_geometric,20,correlated,0.3,0.75,fiedler,0.75,2.447583910898438,4.351260286041667,0.23384979369687092,0.01025,0.010000000066012149,0.02605,0.02380693550639415,2.447583910898438,2.5176423720397527
random_geometric,20,correlated,0.3,0.75,high_frequency,0.75,10.31739782931042,18.342040585440742,1.0,0.01025,0.010000000066012149,0.21534999999999999,0.22128188835988988,10.31739782931042,10.238928591783555
random_geometric,20,correlated,0.3,0.75,point,0.75,6.046875,10.75,0.582830037463733,0.01025,0.010000000066012149,0.08595,0.08439824053947619,6.046875,6.123567116030918
random_geometric,20,correlated,0.3,1.5,cluster,1.5,22.78125,10.125,0.5448588101146902,0.01025,0.010000000066012149,0.634,0.6337843028798571,22.78125,22.792647826594514
random_geometric,20,correlated,0.3,1.5,constant,1.4999999999999998,1.0519738474385319e-15,4.675439321949032e-16,2.5112026197011996e-17,0.01025,0.010000000066012149,0.0086,0.010000000066012149,1.0519738474385319e-15,0.05464301574121322
random_geometric,20,correlated,0.3,1.5,edge_bipolar,1.4999999999999998,31.781249999999993,14.125,0.7714659000618657,0.01025,0.010000000066012149,0.86395,0.862415507095178,31.781249999999993,31.88949025280668
random_geometric,20,correlated,0.3,1.5,fiedler,1.5,9.790335643593751,4.351260286041667,0.23384979369687092,0.01025,0.010000000066012149,0.15475,0.16127023310793306,9.790335643593751,9.692218781875628
random_geometric,20,correlated,0.3,1.5,high_frequency,1.5,41.26959131724168,18.342040585440742,1.0,0.01025,0.010000000066012149,0.94245,0.9442858299765591,41.26959131724168,41.251199104147204
random_geometric,20,correlated,0.3,1.5,point,1.5,33.75,15.0,0.8112946870187758,0.01025,0.010000000066012149,0.86855,0.8709621289474104,33.75,33.64404660646726
random_geometric,20,correlated,0.3,3.0,cluster,3.0,93.375,10.375,0.5600358894634423,0.01025,0.010000000066012149,0.99995,0.9999922238798138,93.375,93.43041272560606
random_geometric,20,correlated,0.3,3.0,constant,2.9999999999999996,4.2078953897541275e-15,4.675439321949032e-16,2.5112026197011996e-17,0.01025,0.010000000066012149,0.0107,0.010000000066012149,4.2078953897541275e-15,-0.0024487704204978478
random_geometric,20,correlated,0.3,3.0,edge_bipolar,2.9999999999999996,137.25,15.250000000000002,0.8304597324545796,0.01025,0.010000000066012149,1.0,0.9999999996472342,137.25,137.35286365910872
random_geometric,20,correlated,0.3,3.0,fiedler,3.0,39.161342574375006,4.351260286041667,0.23384979369687092,0.01025,0.010000000066012149,0.9527,0.9539928180891433,39.161342574375006,39.230378769245505
random_geometric,20,correlated,0.3,3.0,high_frequency,3.0,165.0783652689667,18.342040585440742,1.0,0.01025,0.010000000066012149,1.0,0.9999999999747514,165.0783652689667,165.08103901467922
random_geometric,20,correlated,0.3,3.0,point,3.0,117.0,13.0,0.702001475502955,0.01025,0.010000000066012149,1.0,0.9999999917276432,117.0,117.21345545235228
random_geometric,20,iid,0.15,0.75,cluster,0.75,6.046875,10.75,0.5782344846254195,0.010499999999999999,0.009999999979648011,0.52,0.5187982776249614,6.046875,6.012329216657585
random_geometric,20,iid,0.15,0.75,constant,0.7499999999999999,3.828533139461029e-16,6.806281136819608e-16,3.665734117165001e-17,0.010499999999999999,0.009999999979648011,0.01065,0.009999999979648011,3.828533139461029e-16,0.018163104144459874
random_geometric,20,iid,0.15,0.75,edge_bipolar,0.7499999999999999,6.960937499999998,12.375,0.6678187228626264,0.010499999999999999,0.009999999979648011,0.60335,0.6040356744123522,6.960937499999998,6.964857236443322
random_geometric,20,iid,0.15,0.75,fiedler,0.7500000000000001,1.9353624885105793,3.4406444240188074,0.18384483302472687,0.010499999999999999,0.009999999979648011,0.06275,0.06312846483921794,1.9353624885105793,1.940542605601013
random_geometric,20,iid,0.15,0.75,high_frequency,0.7500000000000001,10.465756931290034,18.605790100071165,1.0,0.010499999999999999,0.009999999979648011,0.85925,0.8595329376946361,10.465756931290034,10.456804081483513
random_geometric,20,iid,0.15,0.75,point,0.75,7.453125,13.25,0.7156232273679514,0.010499999999999999,0.009999999979648011,0.6355,0.6339623465219624,7.453125,7.453599623525144
random_geometric,20,iid,0.15,1.5,cluster,1.5,23.625,10.5,0.5634810279902469,0.010499999999999999,0.009999999979648011,0.9998,0.9996682006719901,23.625,23.657815094606942
random_geometric,20,iid,0.15,1.5,constant,1.4999999999999998,1.5314132557844115e-15,6.806281136819608e-16,3.665734117165001e-17,0.010499999999999999,0.009999999979648011,0.0102,0.009999999979648011,1.5314132557844115e-15,8.412032859284047e-05
random_geometric,20,iid,0.15,1.5,edge_bipolar,1.4999999999999998,35.71875,15.875000000000002,0.85357552533025,0.010499999999999999,0.009999999979648011,1.0,0.9999999516276225,35.71875,35.72997917082701
random_geometric,20,iid,0.15,1.5,fiedler,1.5000000000000002,7.741449954042317,3.4406444240188074,0.18384483302472687,0.010499999999999999,0.009999999979648011,0.72595,0.7283414853490369,7.741449954042317,7.734847824306752
random_geometric,20,iid,0.15,1.5,high_frequency,1.5000000000000002,41.86302772516014,18.605790100071165,1.0,0.010499999999999999,0.009999999979648011,1.0,0.9999999935676032,41.86302772516014,41.79777873846693
random_geometric,20,iid,0.15,1.5,point,1.5,28.6875,12.75,0.6877547729456016,0.010499999999999999,0.009999999979648011,0.99815,0.9985843763602249,28.6875,28.74579511333831
random_geometric,20,iid,0.15,3.0,cluster,3.0,104.0625,11.5625,0.6220262314227873,0.010499999999999999,0.009999999979648011,1.0,0.999999999971287,104.0625,104.13669049281977
random_geometric,20,iid,0.15,3.0,constant,2.9999999999999996,6.125653023137646e-15,6.806281136819608e-16,3.665734117165001e-17,0.010499999999999999,0.009999999979648011,0.009600000000000001,0.009999999979648011,6.125653023137646e-15,-0.013667361485052432
random_geometric,20,iid,0.15,3.0,edge_bipolar,2.9999999999999996,130.49999999999997,14.5,0.7794613265321481,0.010499999999999999,0.009999999979648011,1.0,0.999999999999998,130.49999999999997,130.45576505153696
random_geometric,20,iid,0.15,3.0,fiedler,3.0000000000000004,30.96579981616927,3.4406444240188074,0.18384483302472687,0.010499999999999999,0.009999999979648011,1.0,0.9999999709148132,30.96579981616927,30.91460601242644
random_geometric,20,iid,0.15,3.0,high_frequency,3.0000000000000004,167.45211090064055,18.605790100071165,1.0,0.010499999999999999,0.009999999979648011,1.0,0.9999999999999982,167.45211090064055,167.74470705697098
random_geometric,20,iid,0.15,3.0,point,3.0,121.5,13.5,0.7246307595760534,0.010499999999999999,0.009999999979648011,1.0,0.9999999999999885,121.5,121.46728892071022
random_geometric,20,iid,0.3,0.75,cluster,0.75,5.34375,9.5,0.4936978791252193,0.00945,0.010000000000815093,0.0599,0.059130530793799194,5.34375,5.39121879904085
random_geometric,20,iid,0.3,0.75,constant,0.7499999999999999,1.3382410669848581e-16,2.379095230195303e-16,1.309646497715898e-17,0.00945,0.010000000000815093,0.00885,0.010000000000815093,1.3382410669848581e-16,-0.041698889128448435
random_geometric,20,iid,0.3,0.75,edge_bipolar,0.7499999999999999,8.296875,14.750000000000002,0.767383007709648,0.00945,0.010000000000815093,0.1158,0.1183463094468657,8.296875,8.197570458805636
random_geometric,20,iid,0.3,0.75,fiedler,0.75,2.146955099369861,3.81680906554642,0.19704223522359707,0.00945,0.010000000000815093,0.018349999999999998,0.018084462977464758,2.146955099369861,2.1557420610696774
random_geometric,20,iid,0.3,0.75,high_frequency,0.75,10.839841299342853,19.270828976609515,0.9999999999999998,0.00945,0.010000000000815093,0.19205,0.191416499108203,10.839841299342853,10.848954329742494
random_geometric,20,iid,0.3,0.75,point,0.75,7.3125,13.0,0.6704873391245363,0.00945,0.010000000000815093,0.108,0.10113693018904392,7.3125,7.416718447956586
random_geometric,20,iid,0.3,1.5,cluster,1.5,21.65625,9.625,0.4993103015893109,0.00945,0.010000000000815093,0.5077,0.5112538459300624,21.65625,21.56015666247096
random_geometric,20,iid,0.3,1.5,constant,1.4999999999999998,5.352964267939433e-16,2.379095230195303e-16,1.309646497715898e-17,0.00945,0.010000000000815093,0.0103,0.010000000000815093,5.352964267939433e-16,0.013491646399010016
random_geometric,20,iid,0.3,1.5,edge_bipolar,1.4999999999999998,27.281249999999993,12.125,0.6297148033628305,0.00945,0.010000000000815093,0.6765,0.676304180780229,27.281249999999993,27.35703136572611
random_geometric,20,iid,0.3,1.5,fiedler,1.5,8.587820397479444,3.81680906554642,0.19704223522359707,0.00945,0.010000000000815093,0.0888,0.08878225582765273,8.587820397479444,8.55409993476282
random_geometric,20,iid,0.3,1.5,high_frequency,1.5,43.35936519737141,19.270828976609515,0.9999999999999998,0.00945,0.010000000000815093,0.90545,0.9051951327557409,43.35936519737141,43.47643101916358
random_geometric,20,iid,0.3,1.5,point,1.5,20.8125,9.25,0.4863197139063534,0.00945,0.010000000000815093,0.4665,0.4713140058212567,20.8125,20.741616562291654
random_geometric,20,iid,0.3,3.0,cluster,3.0,89.4375,9.9375,0.5146165128213567,0.00945,0.010000000000815093,0.9999,0.9999004142089789,89.4375,89.4471936618342
random_geometric,20,iid,0.3,3.0,constant,2.9999999999999996,2.141185707175773e-15,2.379095230195303e-16,1.309646497715898e-17,0.00945,0.010000000000815093,0.0095,0.010000000000815093,2.141185707175773e-15,-0.06619464234580974
random_geometric,20,iid,0.3,3.0,edge_bipolar,2.9999999999999996,112.49999999999997,12.5,0.6464437054283989,0.00945,0.010000000000815093,1.0,0.9999988838055386,112.49999999999997,112.53074702594432
random_geometric,20,iid,0.3,3.0,fiedler,3.0,34.351281589917775,3.81680906554642,0.19704223522359707,0.00945,0.010000000000815093,0.86215,0.8645822066219608,34.351281589917775,34.38580468345013
random_geometric,20,iid,0.3,3.0,high_frequency,3.0,173.43746078948564,19.270828976609515,0.9999999999999998,0.00945,0.010000000000815093,1.0,0.999999998913789,173.43746078948564,173.35523092007773
random_geometric,20,iid,0.3,3.0,point,3.0,103.5,11.5,0.5982543799215824,0.00945,0.010000000000815093,1.0,0.9999966770951957,103.5,103.37204477557964
random_geometric,40,correlated,0.15,0.75,cluster,0.7499999999999999,7.224609374999998,12.843749999999998,0.4522617641960578,0.01035,0.010000000020345123,0.32915,0.3222845408179376,7.224609374999998,7.295077744957766
random_geometric,40,correlated,0.15,0.75,constant,0.7499999999999999,-1.6539317043373055e-16,-2.940323029932988e-16,-1.0301637904660794e-17,0.01035,0.010000000020345123,0.01065,0.010000000020345123,-1.6539317043373055e-16,0.003469541737058268
random_geometric,40,correlated,0.15,0.75,edge_bipolar,0.7499999999999999,11.6015625,20.625,0.7288742433617882,0.01035,0.010000000020345123,0.6434,0.6420533246844068,11.6015625,11.622356126532976
random_geometric,40,correlated,0.15,0.75,fiedler,0.75,2.034774365629068,3.6173766500072313,0.1272148394835622,0.01035,0.010000000020345123,0.03245,0.03420175692638226,2.034774365629068,1.9788901754994757
random_geometric,40,correlated,0.15,0.75,high_frequency,0.75,15.94456914131945,28.345900695679024,0.9999999999999998,0.01035,0.010000000020345123,0.83875,0.8389713052034626,15.94456914131945,15.96754167651291
random_geometric,40,correlated,0.15,0.75,point,0.75,9.28125,16.5,0.580373380405562,0.01035,0.010000000020345123,0.44705,0.4480286863474352,9.28125,9.215466979914728
random_geometric,40,correlated,0.15,1.5,cluster,1.4999999999999998,28.124999999999993,12.5,0.4401028371574507,0.01035,0.010000000020345123,0.9905999999999999,0.9899339744139076,28.124999999999993,28.111504486563362
random_geometric,40,correlated,0.15,1.5,constant,1.4999999999999998,-6.615726817349222e-16,-2.940323029932988e-16,-1.0301637904660794e-17,0.01035,0.010000000020345123,0.0096,0.010000000020345123,-6.615726817349222e-16,0.03220085880718848
random_geometric,40,correlated,0.15,1.5,edge_bipolar,1.4999999999999998,52.59374999999999,23.375,0.8255903111874556,0.01035,0.010000000020345123,1.0,0.9999998785711366,52.59374999999999,52.53727718174212
random_geometric,40,correlated,0.15,1.5,fiedler,1.5,8.139097462516272,3.6173766500072313,0.1272148394835622,0.01035,0.010000000020345123,0.38289999999999996,0.37638781554281064,8.139097462516272,8.181914170777693
random_geometric,40,correlated,0.15,1.5,high_frequency,1.5,63.7782765652778,28.345900695679024,0.9999999999999998,0.01035,0.010000000020345123,1.0,0.9999999971539908,63.7782765652778,63.783971731734994
random_geometric,40,correlated,0.15,1.5,point,1.5,35.4375,15.75,0.5541016661388679,0.01035,0.010000000020345123,0.997,0.9970216085606124,35.4375,35.45544429118412
random_geometric,40,correlated,0.15,3.0,cluster,2.9999999999999996,115.03124999999994,12.781249999999996,0.44912826225728336,0.01035,0.010000000020345123,1.0,1.0,115.03124999999994,114.90494758629166
random_geometric,40,correlated,0.15,3.0,constant,2.9999999999999996,-2.6462907269396888e-15,-2.940323029932988e-16,-1.0301637904660794e-17,0.01035,0.010000000020345123,0.0088,0.010000000020345123,-2.6462907269396888e-15,-0.03194382502893056
random_geometric,40,correlated,0.15,3.0,edge_bipolar,2.9999999999999996,207.0,23.000000000000004,0.8109374623302683,0.01035,0.010000000020345123,1.0,0.9999999999999998,207.0,207.2272383537452
random_geometric,40,correlated,0.15,3.0,fiedler,3.0,32.55638985006509,3.6173766500072313,0.1272148394835622,0.01035,0.010000000020345123,1.0,0.9999888354575835,32.55638985006509,32.55384089129339
random_geometric,40,correlated,0.15,3.0,high_frequency,3.0,255.1131062611112,28.345900695679024,0.9999999999999998,0.01035,0.010000000020345123,1.0,1.0,255.1131062611112,255.0672833518926
random_geometric,40,correlated,0.15,3.0,point,3.0,130.5,14.5,0.5115886830122294,0.01035,0.010000000020345123,1.0,0.9999999999999996,130.5,130.4972949937018
random_geometric,40,correlated,0.3,0.75,cluster,0.7499999999999999,7.365234374999998,13.09375,0.49551371713732234,0.0094,0.010000000007406029,0.04875,0.04803133232336772,7.365234374999998,7.4672710942535225
random_geometric,40,correlated,0.3,0.75,constant,0.7499999999999999,-5.348535362284817e-17,-9.508507310728566e-17,-3.967299532622144e-18,0.0094,0.010000000007406029,0.009899999999999999,0.010000000007406029,-5.348535362284817e-17,-0.08112521829446528
random_geometric,40,correlated,0.3,0.75,edge_bipolar,0.7499999999999999,12.4453125,22.125,0.8356435985133202,0.0094,0.010000000007406029,0.10880000000000001,0.10853757638354161,12.4453125,12.435899135804533
random_geometric,40,correlated,0.3,0.75,fiedler,0.75,1.7357053038441395,3.0856983179451367,0.11539006510967155,0.0094,0.010000000007406029,0.01445,0.01383766598576587,1.7357053038441395,1.762952891192036
random_geometric,40,correlated,0.3,0.75,high_frequency,0.75,14.90849294571543,26.503987459049647,0.9999999999999998,0.0094,0.010000000007406029,0.14465,0.14770483288913874,14.90849294571543,14.834873055661985
random_geometric,40,correlated,0.3,0.75,point,0.75,11.25,20.0,0.7625595507245972,0.0094,0.010000000007406029,0.08965000000000001,0.09037563721932285,11.25,11.092141070756409
random_geometric,40,correlated,0.3,1.5,cluster,1.4999999999999998,25.453124999999993,11.3125,0.42704224631032695,0.0094,0.010000000007406029,0.33295,0.3321859026034638,25.453124999999993,25.482854864871236
random_geometric,40,correlated,0.3,1.5,constant,1.4999999999999998,-2.1394141449139268e-16,-9.508507310728566e-17,-3.967299532622144e-18,0.0094,0.010000000007406029,0.009999999999999998,0.010000000007406029,-2.1394141449139268e-16,-0.10534087245870083
random_geometric,40,correlated,0.3,1.5,edge_bipolar,1.4999999999999998,32.34375,14.375,0.5379878093159531,0.0094,0.010000000007406029,0.47914999999999996,0.47764706406900614,32.34375,32.51363755335183
random_geometric,40,correlated,0.3,1.5,fiedler,1.5,6.942821215376558,3.0856983179451367,0.11539006510967155,0.0094,0.010000000007406029,0.03405,0.034380903596339246,6.942821215376558,6.958604407796267
random_geometric,40,correlated,0.3,1.5,high_frequency,1.5,59.63397178286172,26.503987459049647,0.9999999999999998,0.0094,0.010000000007406029,0.8737,0.8713505704356044,59.63397178286172,59.52946820868613
random_geometric,40,correlated,0.3,1.5,point,1.5,34.875,15.5,0.5953115783947338,0.0094,0.010000000007406029,0.5326,0.5327499466143137,34.875,34.82707490287274
random_geometric,40,correlated,0.3,3.0,cluster,2.9999999999999996,80.15624999999999,8.90625,0.3371906995894697,0.0094,0.010000000007406029,0.93865,0.9388535450748707,80.15624999999999,80.50376220742599
random_geometric,40,correlated,0.3,3.0,constant,2.9999999999999996,-8.557656579655707e-16,-9.508507310728566e-17,-3.967299532622144e-18,0.0094,0.010000000007406029,0.0092,0.010000000007406029,-8.557656579655707e-16,-0.011230314325487711
random_geometric,40,correlated,0.3,3.0,edge_bipolar,2.9999999999999996,184.5,20.5,0.7718979153274635,0.0094,0.010000000007406029,1.0,0.9999996212704979,184.5,184.63581155148574
random_geometric,40,correlated,0.3,3.0,fiedler,3.0,27.77128486150623,3.0856983179451367,0.11539006510967155,0.0094,0.010000000007406029,0.36885,0.36781216748156453,27.77128486150623,27.75983713341725
random_geometric,40,correlated,0.3,3.0,high_frequency,3.0,238.53588713144688,26.503987459049647,0.9999999999999998,0.0094,0.010000000007406029,1.0,0.9999999991858409,238.53588713144688,238.427957066433
random_geometric,40,correlated,0.3,3.0,point,3.0,128.25,14.25,0.5426229121214069,0.0094,0.010000000007406029,0.9995,0.9994234339583582,128.25,128.45503041068548
random_geometric,40,iid,0.15,0.75,cluster,0.7499999999999999,5.414062499999998,9.625,0.33015515028320747,0.0097,0.01000000001714492,0.1741,0.1720078701176603,5.414062499999998,5.462225857550872
random_geometric,40,iid,0.15,0.75,constant,0.7499999999999999,-4.196543130408087e-17,-7.46052112072549e-17,-3.007251419243662e-18,0.0097,0.01000000001714492,0.00985,0.01000000001714492,-4.196543130408087e-17,0.0035014283365315535
random_geometric,40,iid,0.15,0.75,edge_bipolar,0.7499999999999999,11.390624999999998,20.25,0.7027918414834535,0.0097,0.01000000001714492,0.5771,0.5720100641587955,11.390624999999998,11.421472016318532
random_geometric,40,iid,0.15,0.75,fiedler,0.7500000000000001,1.8763877662691046,3.335800473367296,0.11285467844666697,0.0097,0.01000000001714492,0.02785,0.02738933294401988,1.8763877662691046,1.8918279986413893
random_geometric,40,iid,0.15,0.75,high_frequency,0.7500000000000001,16.00311031751411,28.449973897802852,0.9999999999999996,0.0097,0.01000000001714492,0.7961,0.7980199240861378,16.00311031751411,15.990593989534279
random_geometric,40,iid,0.15,0.75,point,0.75,9.28125,16.5,0.584276358739525,0.0097,0.01000000001714492,0.417,0.4178859638717935,9.28125,9.272963917262008
random_geometric,40,iid,0.15,1.5,cluster,1.4999999999999998,27.070312499999993,12.031249999999998,0.4196548728301106,0.0097,0.01000000001714492,0.9915,0.9922948758635611,27.070312499999993,26.919791885121583
random_geometric,40,iid,0.15,1.5,constant,1.4999999999999998,-1.6786172521632347e-16,-7.46052112072549e-17,-3.007251419243662e-18,0.0097,0.01000000001714492,0.00865,0.01000000001714492,-1.6786172521632347e-16,-0.030412612356363944
random_geometric,40,iid,0.15,1.5,edge_bipolar,1.4999999999999998,35.4375,15.750000000000002,0.5522378373191882,0.0097,0.01000000001714492,0.99965,0.9996581230455909,35.4375,35.510685534152735
random_geometric,40,iid,0.15,1.5,fiedler,1.5000000000000002,7.505551065076419,3.335800473367296,0.11285467844666697,0.0097,0.01000000001714492,0.2754,0.27694548424114185,7.505551065076419,7.478899341336281
random_geometric,40,iid,0.15,1.5,high_frequency,1.5000000000000002,64.01244127005644,28.449973897802852,0.9999999999999996,0.0097,0.01000000001714492,1.0,0.9999999453376176,64.01244127005644,63.79882667251996
random_geometric,40,iid,0.15,1.5,point,1.5,48.9375,21.75,0.7462009507308852,0.0097,0.01000000001714492,1.0,0.9999398564611337,48.9375,48.87859481502137
random_geometric,40,iid,0.15,3.0,cluster,2.9999999999999996,91.12499999999999,10.125,0.3574318661876377,0.0097,0.01000000001714492,1.0,0.9999999999962749,91.12499999999999,91.25925328966846
random_geometric,40,iid,0.15,3.0,constant,2.9999999999999996,-6.714469008652939e-16,-7.46052112072549e-17,-3.007251419243662e-18,0.0097,0.01000000001714492,0.0094,0.01000000001714492,-6.714469008652939e-16,0.012969515420429012
random_geometric,40,iid,0.15,3.0,edge_bipolar,2.9999999999999996,157.49999999999997,17.5,0.6362130646208748,0.0097,0.01000000001714492,1.0,1.0,157.49999999999997,157.61358724309216
random_geometric,40,iid,0.15,3.0,fiedler,3.0000000000000004,30.022204260305674,3.335800473367296,0.11285467844666697,0.0097,0.01000000001714492,0.9867,0.9864240625486723,30.022204260305674,30.02142243359336
random_geometric,40,iid,0.15,3.0,high_frequency,3.0000000000000004,256.04976508022577,28.449973897802852,0.9999999999999996,0.0097,0.01000000001714492,1.0,1.0,256.04976508022577,256.21351516350694
random_geometric,40,iid,0.15,3.0,point,3.0,175.5,19.5,0.6799166446190155,0.0097,0.01000000001714492,1.0,0.9999999999258388,175.5,175.62329747222566
random_geometric,40,iid,0.3,0.75,cluster,0.7499999999999999,6.416015624999999,11.40625,0.4299698438912671,0.00985,0.01000000002991705,0.03195,0.0323761481834134,6.416015624999999,6.2922346335892545
random_geometric,40,iid,0.3,0.75,constant,0.7499999999999999,-8.228515941976644e-17,-1.462847278573626e-16,-4.854929100962643e-18,0.00985,0.01000000002991705,0.00935,0.01000000002991705,-8.228515941976644e-17,0.010352925221615905
random_geometric,40,iid,0.3,0.75,edge_bipolar,0.7499999999999999,8.71875,15.500000000000002,0.5977294846005614,0.00985,0.01000000002991705,0.04445,0.044245456148076984,8.71875,8.686704497025918
random_geometric,40,iid,0.3,0.75,fiedler,0.75,1.942340297441398,3.4530494176735957,0.13151614417132074,0.00985,0.01000000002991705,0.0125,0.013185387655486255,1.942340297441398,1.9225444600242252
random_geometric,40,iid,0.3,0.75,high_frequency,0.75,14.804386970248137,26.318910169330024,1.0,0.00985,0.01000000002991705,0.1129,0.1080137997793976,14.804386970248137,15.024020749933381
random_geometric,40,iid,0.3,0.75,point,0.75,9.0,16.0,0.6106184119174896,0.00985,0.01000000002991705,0.0535,0.054291048942253714,9.0,8.942229899053077
random_geometric,40,iid,0.3,1.5,cluster,1.4999999999999998,23.835937499999996,10.59375,0.405828989494531,0.00985,0.01000000002991705,0.22510000000000002,0.2224883407329467,23.835937499999996,23.973505041223085
random_geometric,40,iid,0.3,1.5,constant,1.4999999999999998,-3.2914063767906575e-16,-1.462847278573626e-16,-4.854929100962643e-18,0.00985,0.01000000002991705,0.009399999999999999,0.01000000002991705,-3.2914063767906575e-16,-0.04067469411512903
random_geometric,40,iid,0.3,1.5,edge_bipolar,1.4999999999999998,39.375,17.500000000000004,0.6680340378134659,0.00985,0.01000000002991705,0.49215,0.4935213441832264,39.375,39.39755206407853
random_geometric,40,iid,0.3,1.5,fiedler,1.5,7.769361189765592,3.4530494176735957,0.13151614417132074,0.00985,0.01000000002991705,0.03015,0.02913926143110647,7.769361189765592,7.710339406779884
random_geometric,40,iid,0.3,1.5,high_frequency,1.5,59.21754788099255,26.318910169330024,1.0,0.00985,0.01000000002991705,0.7655000000000001,0.7671332024370742,59.21754788099255,59.189563982304215
random_geometric,40,iid,0.3,1.5,point,1.5,39.375,17.5,0.646863078728876,0.00985,0.01000000002991705,0.45735,0.458284173458036,39.375,39.19355174888099
random_geometric,40,iid,0.3,3.0,cluster,2.9999999999999996,116.43749999999997,12.9375,0.4908994337559501,0.00985,0.01000000002991705,0.9972,0.997729360930644,116.43749999999997,116.66470345879549
random_geometric,40,iid,0.3,3.0,constant,2.9999999999999996,-1.316562550716263e-15,-1.462847278573626e-16,-4.854929100962643e-18,0.00985,0.01000000002991705,0.010499999999999999,0.01000000002991705,-1.316562550716263e-15,0.02086411504051533
random_geometric,40,iid,0.3,3.0,edge_bipolar,2.9999999999999996,125.99999999999997,14.0,0.5309248609453778,0.00985,0.01000000002991705,0.9993,0.9996926904193251,125.99999999999997,126.05702921901158
random_geometric,40,iid,0.3,3.0,fiedler,3.0,31.077444759062367,3.4530494176735957,0.13151614417132074,0.00985,0.01000000002991705,0.3171,0.3125436773835697,31.077444759062367,31.21038100525827
random_geometric,40,iid,0.3,3.0,high_frequency,3.0,236.8701915239702,26.318910169330024,1.0,0.00985,0.01000000002991705,1.0,0.9999999078907804,236.8701915239702,236.855475918252
random_geometric,40,iid,0.3,3.0,point,3.0,108.0,12.0,0.4614576878553154,0.00985,0.01000000002991705,0.99705,0.9976031217534865,108.0,107.63391217117834
random_geometric,60,correlated,0.15,0.75,cluster,0.7500000000000001,8.425781250000002,14.979166666666664,0.44667942892436846,0.0104,0.010000000100325396,0.24230000000000002,0.2434722297555572,8.425781250000002,8.409041818057167
random_geometric,60,correlated,0.15,0.75,constant,0.7500000000000002,5.07922768034631e-16,9.029738098393436e-16,2.7727092479009702e-17,0.0104,0.010000000100325396,0.0088,0.010000000100325396,5.07922768034631e-16,-0.07946533954109292
random_geometric,60,correlated,0.15,0.75,edge_bipolar,0.7499999999999999,11.882812499999998,21.125,0.6484864209849455,0.0104,0.010000000100325396,0.44745,0.4462654495633943,11.882812499999998,11.900342461394702
random_geometric,60,correlated,0.15,0.75,fiedler,0.75,1.5840634601773012,2.8161128180929795,0.08417432259107463,0.0104,0.010000000100325396,0.0199,0.02032415417862861,1.5840634601773012,1.6442056667007678
random_geometric,60,correlated,0.15,0.75,high_frequency,0.75,18.497711993198863,32.88482132124241,0.9999999999999999,0.0104,0.010000000100325396,0.7601,0.7560256562541375,18.497711993198863,18.565678149404874
random_geometric,60,correlated,0.15,0.75,point,0.75,12.9375,23.0,0.6896445348933145,0.0104,0.010000000100325396,0.4914,0.49139686170785435,12.9375,12.90734338825693
random_geometric,60,correlated,0.15,1.5,cluster,1.5000000000000002,32.531250000000014,14.458333333333332,0.43945851479221043,0.0104,0.010000000100325396,0.98625,0.9872283880002197,32.531250000000014,32.47361609478919
random_geometric,60,correlated,0.15,1.5,constant,1.5000000000000004,2.031691072138524e-15,9.029738098393436e-16,2.7727092479009702e-17,0.0104,0.010000000100325396,0.01035,0.010000000100325396,2.031691072138524e-15,0.017329394576547585
random_geometric,60,correlated,0.15,1.5,edge_bipolar,1.4999999999999998,58.5,26.000000000000007,0.7865792413795113,0.0104,0.010000000100325396,0.99995,0.9999961710717377,58.5,58.522841412154705
random_geometric,60,correlated,0.15,1.5,fiedler,1.5,6.336253840709205,2.8161128180929795,0.08417432259107463,0.0104,0.010000000100325396,0.12290000000000001,0.12120644299937405,6.336253840709205,6.360335507599303
random_geometric,60,correlated,0.15,1.5,high_frequency,1.5,73.99084797279545,32.88482132124241,0.9999999999999999,0.0104,0.010000000100325396,1.0,0.9999999526352714,73.99084797279545,74.04301820671499
random_geometric,60,correlated,0.15,1.5,point,1.5,49.5,22.0,0.665418208984064,0.0104,0.010000000100325396,0.99875,0.9986542674857307,49.5,49.603094541449906
random_geometric,60,correlated,0.15,3.0,cluster,3.0000000000000004,126.56250000000004,14.062499999999998,0.41406043070098775,0.0104,0.010000000100325396,1.0,0.9999999999407434,126.56250000000004,126.39570496683677
random_geometric,60,correlated,0.15,3.0,constant,3.000000000000001,8.126764288554096e-15,9.029738098393436e-16,2.7727092479009702e-17,0.0104,0.010000000100325396,0.0098,0.010000000100325396,8.126764288554096e-15,0.020457169631053596
random_geometric,60,correlated,0.15,3.0,edge_bipolar,2.9999999999999996,185.625,20.625000000000004,0.6230871528166755,0.0104,0.010000000100325396,1.0,0.9999999999999647,185.625,185.7308857676796
random_geometric,60,correlated,0.15,3.0,fiedler,3.0,25.34501536283682,2.8161128180929795,0.08417432259107463,0.0104,0.010000000100325396,0.95175,0.9514593105351837,25.34501536283682,25.38817801531079
random_geometric,60,correlated,0.15,3.0,high_frequency,3.0,295.9633918911818,32.88482132124241,0.9999999999999999,0.0104,0.010000000100325396,1.0,1.0,295.9633918911818,296.0280107060729
random_geometric,60,correlated,0.15,3.0,point,3.0,177.75,19.75,0.6005805462424094,0.0104,0.010000000100325396,1.0,0.9999999999999989,177.75,177.5376008756349
random_geometric,60,correlated,0.3,0.75,cluster,0.7500000000000001,7.957031250000002,14.14583333333333,0.41421764669096917,0.0102,0.01000000007343152,0.031,0.029927283557611442,7.957031250000002,8.016150150686745
random_geometric,60,correlated,0.3,0.75,constant,0.7500000000000002,5.052353459815378e-16,8.981961706338444e-16,2.586001420350238e-17,0.0102,0.01000000007343152,0.01035,0.01000000007343152,5.052353459815378e-16,0.08585883350971812
random_geometric,60,correlated,0.3,0.75,edge_bipolar,0.7499999999999999,14.484374999999998,25.75,0.7553275791371798,0.0102,0.01000000007343152,0.06025,0.063136767770324,14.484374999999998,14.55731007713609
random_geometric,60,correlated,0.3,0.75,fiedler,0.75,1.692462619540156,3.008822434738055,0.08875872480398787,0.0102,0.01000000007343152,0.011600000000000001,0.012141042124592605,1.692462619540156,1.7298829075919464
random_geometric,60,correlated,0.3,0.75,high_frequency,0.75,19.15005316347625,34.04453895729111,1.0,0.0102,0.01000000007343152,0.103,0.10098540045014937,19.15005316347625,19.080792976659918
random_geometric,60,correlated,0.3,0.75,point,0.75,8.859375,15.75,0.4555534351032091,0.0102,0.01000000007343152,0.0315,0.031675209340436467,8.859375,9.037750274559599
random_geometric,60,correlated,0.3,1.5,cluster,1.5000000000000002,28.312500000000007,12.583333333333332,0.36786334964551404,0.0102,0.01000000007343152,0.17475,0.1744503084633744,28.312500000000007,28.307987472854734
random_geometric,60,correlated,0.3,1.5,constant,1.5000000000000004,2.020941383926151e-15,8.981961706338444e-16,2.586001420350238e-17,0.0102,0.01000000007343152,0.01015,0.01000000007343152,2.020941383926151e-15,-0.1458703863046722
random_geometric,60,correlated,0.3,1.5,edge_bipolar,1.4999999999999998,50.62499999999999,22.5,0.6632748071252724,0.0102,0.01000000007343152,0.46640000000000004,0.46608996784465917,50.62499999999999,50.39023216007783
random_geometric,60,correlated,0.3,1.5,fiedler,1.5,6.769850478160624,3.008822434738055,0.08875872480398787,0.0102,0.01000000007343152,0.02165,0.021230096581805982,6.769850478160624,6.813325685541713
random_geometric,60,correlated,0.3,1.5,high_frequency,1.5,76.600212653905,34.04453895729111,1.0,0.0102,0.01000000007343152,0.7665500000000001,0.7654467620597495,76.600212653905,76.91233982459502
random_geometric,60,correlated,0.3,1.5,point,1.5,50.0625,22.25,0.6635394196372315,0.0102,0.01000000007343152,0.4702,0.4702779103372635,50.0625,50.01679516829564
random_geometric,60,correlated,0.3,3.0,cluster,3.0000000000000004,133.31250000000003,14.812499999999998,0.4335574714332758,0.0102,0.01000000007343152,0.9866,0.9854268162619301,133.31250000000003,134.06177914672867
random_geometric,60,correlated,0.3,3.0,constant,3.000000000000001,8.083765535704604e-15,8.981961706338444e-16,2.586001420350238e-17,0.0102,0.01000000007343152,0.0098,0.01000000007343152,8.083765535704604e-15,0.05946561759992264
random_geometric,60,correlated,0.3,3.0,edge_bipolar,2.9999999999999996,219.375,24.375000000000004,0.7190041714107317,0.0102,0.01000000007343152,1.0,0.9999936591855368,219.375,219.47746475860134
random_geometric,60,correlated,0.3,3.0,fiedler,3.0,27.079401912642496,3.008822434738055,0.08875872480398787,0.0102,0.01000000007343152,0.13255,0.1327737724439827,27.079401912642496,27.29317354633834
random_geometric,60,correlated,0.3,3.0,high_frequency,3.0,306.40085061562,34.04453895729111,1.0,0.0102,0.01000000007343152,1.0,0.9999999697123962,306.40085061562,306.4782456713714
random_geometric,60,correlated,0.3,3.0,point,3.0,117.0,13.0,0.37767854008546076,0.0102,0.01000000007343152,0.7595000000000001,0.7609512650127368,117.0,116.84041653458306
random_geometric,60,iid,0.15,0.75,cluster,0.7500000000000001,9.128906250000004,16.229166666666664,0.44439610967469295,0.009600000000000001,0.010000000021433933,0.21155000000000002,0.21275211356436385,9.128906250000004,9.118639943056731
random_geometric,60,iid,0.15,0.75,constant,0.7500000000000002,4.4073721670729897e-16,7.835328297018644e-16,2.183838914999038e-17,0.009600000000000001,0.010000000021433933,0.0102,0.010000000021433933,4.4073721670729897e-16,-0.018079552453801995
random_geometric,60,iid,0.15,0.75,edge_bipolar,0.7499999999999999,12.867187499999998,22.875,0.6207261029836328,0.009600000000000001,0.010000000021433933,0.3629,0.36222396834814796,12.867187499999998,12.954005562903282
random_geometric,60,iid,0.15,0.75,fiedler,0.75,1.744461250585772,3.1012644454858167,0.08613687488241525,0.009600000000000001,0.010000000021433933,0.0207,0.018777301029011345,1.744461250585772,1.7460126061376213
random_geometric,60,iid,0.15,0.75,high_frequency,0.7500000000000001,20.454020867232927,36.36270376396963,1.0,0.009600000000000001,0.010000000021433933,0.6987,0.6976899360934125,20.454020867232927,20.508399829342608
random_geometric,60,iid,0.15,0.75,point,0.75,10.6875,19.0,0.5193354846393161,0.009600000000000001,0.010000000021433933,0.27790000000000004,0.27992691102527256,10.6875,10.651154758863624
random_geometric,60,iid,0.15,1.5,cluster,1.5000000000000002,23.812500000000004,10.58333333333333,0.2915823076849639,0.009600000000000001,0.010000000021433933,0.8455999999999999,0.8439788929633882,23.812500000000004,23.846032110503337
random_geometric,60,iid,0.15,1.5,constant,1.5000000000000004,1.7629488668291959e-15,7.835328297018644e-16,2.183838914999038e-17,0.009600000000000001,0.010000000021433933,0.0101,0.010000000021433933,1.7629488668291959e-15,0.01280274163492301
random_geometric,60,iid,0.15,1.5,edge_bipolar,1.4999999999999998,52.875,23.500000000000004,0.6442492180646526,0.009600000000000001,0.010000000021433933,0.99155,0.991409875026545,52.875,52.958977587325485
random_geometric,60,iid,0.15,1.5,fiedler,1.5,6.977845002343088,3.1012644454858167,0.08613687488241525,0.009600000000000001,0.010000000021433933,0.09739999999999999,0.09866598454411532,6.977845002343088,6.958022607470518
random_geometric,60,iid,0.15,1.5,high_frequency,1.5000000000000002,81.81608346893171,36.36270376396963,1.0,0.009600000000000001,0.010000000021433933,1.0,0.9999994310865061,81.81608346893171,81.87489805502476
random_geometric,60,iid,0.15,1.5,point,1.5,39.9375,17.75,0.5098844934024838,0.009600000000000001,0.010000000021433933,0.8265,0.8264466381235506,39.9375,39.9062483467116
random_geometric,60,iid,0.15,3.0,cluster,3.0000000000000004,122.43750000000001,13.604166666666664,0.37842760095918826,0.009600000000000001,0.010000000021433933,1.0,0.9999999999999594,122.43750000000001,122.49757761708135
random_geometric,60,iid,0.15,3.0,constant,3.000000000000001,7.0517954673167835e-15,7.835328297018644e-16,2.183838914999038e-17,0.009600000000000001,0.010000000021433933,0.0103,0.010000000021433933,7.0517954673167835e-15,0.007990578915122448
random_geometric,60,iid,0.15,3.0,edge_bipolar,2.9999999999999996,193.5,21.500000000000004,0.5929019382216157,0.009600000000000001,0.010000000021433933,1.0,1.0,193.5,193.22878500592103
random_geometric,60,iid,0.15,3.0,fiedler,3.0,27.91138000937235,3.1012644454858167,0.08613687488241525,0.009600000000000001,0.010000000021433933,0.95465,0.9551899319625397,27.91138000937235,27.930102344059765
random_geometric,60,iid,0.15,3.0,high_frequency,3.0000000000000004,327.26433387572683,36.36270376396963,1.0,0.009600000000000001,0.010000000021433933,1.0,0.9999999999963082,327.26433387572683,327.16904024284474
random_geometric,60,iid,0.15,3.0,point,3.0,216.0,24.0,0.6639158166124423,0.009600000000000001,0.010000000021433933,1.0,1.0,216.0,216.04640479099913
random_geometric,60,iid,0.3,0.75,cluster,0.7500000000000001,7.054687500000002,12.541666666666664,0.3905510555109788,0.0117,0.010000000000799356,0.02405,0.025471369925349693,7.054687500000002,6.729658834359949
random_geometric,60,iid,0.3,0.75,constant,0.7500000000000002,4.649240151851385e-16,8.265315825513569e-16,2.5001400560696244e-17,0.0117,0.010000000000799356,0.0104,0.010000000000799356,4.649240151851385e-16,0.044149052173956704
random_geometric,60,iid,0.3,0.75,edge_bipolar,0.7499999999999999,11.742187499999998,20.875,0.6438619595943913,0.0117,0.010000000000799356,0.040600000000000004,0.04213023882168117,11.742187499999998,11.6429283595538
random_geometric,60,iid,0.3,0.75,fiedler,0.75,1.8485700407086019,3.286346739037514,0.10198601101258013,0.0117,0.010000000000799356,0.0121,0.012052461942800699,1.8485700407086019,1.857690790399431
random_geometric,60,iid,0.3,0.75,high_frequency,0.75,18.084860122126305,32.15086243933564,0.9999999999999998,0.0117,0.010000000000799356,0.08495,0.08456560851894032,18.084860122126305,18.092084395263562
random_geometric,60,iid,0.3,0.75,point,0.75,12.234375,21.75,0.6672486532043118,0.0117,0.010000000000799356,0.0442,0.045017192533317,12.234375,12.028006890415377
random_geometric,60,iid,0.3,1.5,cluster,1.5000000000000002,28.921875000000007,12.854166666666666,0.3967903756953913,0.0117,0.010000000000799356,0.15689999999999998,0.1610711108829126,28.921875000000007,28.502618404833083
random_geometric,60,iid,0.3,1.5,constant,1.5000000000000004,1.859696060740554e-15,8.265315825513569e-16,2.5001400560696244e-17,0.0117,0.010000000000799356,0.01015,0.010000000000799356,1.859696060740554e-15,-0.041921119095167825
random_geometric,60,iid,0.3,1.5,edge_bipolar,1.4999999999999998,44.71875,19.875,0.6169433324559437,0.0117,0.010000000000799356,0.3425,0.34674605680086934,44.71875,44.67186368298855
random_geometric,60,iid,0.3,1.5,fiedler,1.5,7.3942801628344075,3.286346739037514,0.10198601101258013,0.0117,0.010000000000799356,0.02065,0.02068492997606182,7.3942801628344075,7.537635186275452
random_geometric,60,iid,0.3,1.5,high_frequency,1.5,72.33944048850522,32.15086243933564,0.9999999999999998,0.0117,0.010000000000799356,0.6816,0.6786396687249532,72.33944048850522,72.49860861241842
random_geometric,60,iid,0.3,1.5,point,1.5,38.8125,17.25,0.5298356632379979,0.0117,0.010000000000799356,0.27605,0.27337735646084865,38.8125,38.94940281808767
random_geometric,60,iid,0.3,3.0,cluster,3.0000000000000004,113.06250000000003,12.562499999999998,0.39446561892126547,0.0117,0.010000000000799356,0.93975,0.9401016241638646,113.06250000000003,112.96131469149445
random_geometric,60,iid,0.3,3.0,constant,3.000000000000001,7.438784242962216e-15,8.265315825513569e-16,2.5001400560696244e-17,0.0117,0.010000000000799356,0.010100000000000001,0.010000000000799356,7.438784242962216e-15,0.031218834276401708
random_geometric,60,iid,0.3,3.0,edge_bipolar,2.9999999999999996,185.625,20.625,0.651202263289957,0.0117,0.010000000000799356,0.9994000000000001,0.9992001212228562,185.625,185.99347860627375
random_geometric,60,iid,0.3,3.0,fiedler,3.0,29.57712065133763,3.286346739037514,0.10198601101258013,0.0117,0.010000000000799356,0.1287,0.12840159441868418,29.57712065133763,29.781660179610185
random_geometric,60,iid,0.3,3.0,high_frequency,3.0,289.3577619540209,32.15086243933564,0.9999999999999998,0.0117,0.010000000000799356,1.0,0.9999991905574246,289.3577619540209,290.0388038286168
random_geometric,60,iid,0.3,3.0,point,3.0,162.0,18.0,0.5549161131140157,0.0117,0.010000000000799356,0.9967,0.9967410142386612,162.0,162.25023623490392
star,20,correlated,0.15,0.75,cluster,0.75,2.25,4.0,0.2,0.0102,0.010000000008217491,0.29525,0.29317577959323915,2.25,2.273899359967743
star,20,correlated,0.15,0.75,constant,0.7499999999999999,3.7238012298709096e-17,6.620091075326063e-17,3.3100455376630313e-18,0.0102,0.010000000008217491,0.009649999999999999,0.010000000008217491,3.7238012298709096e-17,-0.0005264052729780366
star,20,correlated,0.15,0.75,edge_bipolar,0.7499999999999999,6.1875,11.000000000000002,0.55,0.0102,0.010000000008217491,0.8048500000000001,0.8088532327226754,6.1875,6.1688923303649865
star,20,correlated,0.15,0.75,fiedler,0.7500000000000001,0.5625000000000001,0.9999999999999998,0.04999999999999999,0.0102,0.010000000008217491,0.0178,0.01886950403232729,0.5625000000000001,0.554376323633383
star,20,correlated,0.15,0.75,high_frequency,0.7499999999999999,11.250000000000004,20.00000000000001,1.0000000000000004,0.0102,0.010000000008217491,0.9789,0.9794421113575993,11.250000000000004,11.265078849311998
star,20,correlated,0.15,0.75,point,0.75,0.5625,1.0,0.05,0.0102,0.010000000008217491,0.02095,0.021512066977600802,0.5625,0.5623506714815135
star,20,correlated,0.15,1.5,cluster,1.5,9.0,4.0,0.2,0.0102,0.010000000008217491,0.9640500000000001,0.963072444033168,9.0,9.011877737922294
star,20,correlated,0.15,1.5,constant,1.4999999999999998,1.4895204919483638e-16,6.620091075326063e-17,3.3100455376630313e-18,0.0102,0.010000000008217491,0.01005,0.010000000008217491,1.4895204919483638e-16,0.0059183129474714435
star,20,correlated,0.15,1.5,edge_bipolar,1.4999999999999998,24.75,11.000000000000002,0.55,0.0102,0.010000000008217491,1.0,0.999996900955259,24.75,24.710388028327344
star,20,correlated,0.15,1.5,fiedler,1.5000000000000002,2.2500000000000004,0.9999999999999998,0.04999999999999999,0.0102,0.010000000008217491,0.1517,0.15060648611346966,2.2500000000000004,2.244271848350954
star,20,correlated,0.15,1.5,high_frequency,1.4999999999999998,45.000000000000014,20.00000000000001,1.0000000000000004,0.0102,0.010000000008217491,1.0,0.9999999999864028,45.000000000000014,44.94200776194898
star,20,correlated,0.15,1.5,point,1.5,2.25,1.0,0.05,0.0102,0.010000000008217491,0.1674,0.16628209549606024,2.25,2.256941164991468
star,20,correlated,0.15,3.0,cluster,3.0,36.0,4.0,0.2,0.0102,0.010000000008217491,1.0,1.0,36.0,35.94070119422682
star,20,correlated,0.15,3.0,constant,2.9999999999999996,5.958081967793455e-16,6.620091075326063e-17,3.3100455376630313e-18,0.0102,0.010000000008217491,0.01085,0.010000000008217491,5.958081967793455e-16,0.002438301388947073
star,20,correlated,0.15,3.0,edge_bipolar,2.9999999999999996,99.0,11.000000000000002,0.55,0.0102,0.010000000008217491,1.0,1.0,99.0,98.89221552235689
star,20,correlated,0.15,3.0,fiedler,3.0000000000000004,9.000000000000002,0.9999999999999998,0.04999999999999999,0.0102,0.010000000008217491,1.0,0.9999999999999801,9.000000000000002,9.002518866433869
star,20,correlated,0.15,3.0,high_frequency,2.9999999999999996,180.00000000000006,20.00000000000001,1.0000000000000004,0.0102,0.010000000008217491,1.0,1.0,180.00000000000006,180.26612297664047
star,20,correlated,0.15,3.0,point,3.0,9.0,1.0,0.05,0.0102,0.010000000008217491,1.0,0.9999999999999147,9.0,8.990858738535586
star,20,correlated,0.3,0.75,cluster,0.75,2.25,4.0,0.2,0.01005,0.010000000007564569,0.0588,0.05568413980027258,2.25,2.288437379443642
star,20,correlated,0.3,0.75,constant,0.7499999999999999,3.7238012298709096e-17,6.620091075326063e-17,3.3100455376630313e-18,0.01005,0.010000000007564569,0.01095,0.010000000007564569,3.7238012298709096e-17,0.049040152952452676
star,20,correlated,0.3,0.75,edge_bipolar,0.7499999999999999,6.1875,11.000000000000002,0.55,0.01005,0.010000000007564569,0.19045,0.19064976918314652,6.1875,6.215727898466509
star,20,correlated,0.3,0.75,fiedler,0.7500000000000001,0.5625000000000001,0.9999999999999998,0.04999999999999999,0.01005,0.010000000007564569,0.0121,0.011705863466936639,0.5625000000000001,0.5408698816029498
star,20,correlated,0.3,0.75,high_frequency,0.7499999999999999,11.250000000000004,20.00000000000001,1.0000000000000004,0.01005,0.010000000007564569,0.39395,0.39481313711204097,11.250000000000004,11.201655082722372
star,20,correlated,0.3,0.75,point,0.75,0.5625,1.0,0.05,0.01005,0.010000000007564569,0.0128,0.012194863670027867,0.5625,0.5740535411169401
star,20,correlated,0.3,1.5,cluster,1.5,9.0,4.0,0.2,0.01005,0.010000000007564569,0.29435,0.2931758313035567,9.0,8.994304469522792
star,20,correlated,0.3,1.5,constant,1.4999999999999998,1.4895204919483638e-16,6.620091075326063e-17,3.3100455376630313e-18,0.01005,0.010000000007564569,0.01,0.010000000007564569,1.4895204919483638e-16,-0.030821517814655364
star,20,correlated,0.3,1.5,edge_bipolar,1.4999999999999998,24.75,11.000000000000002,0.55,0.01005,0.010000000007564569,0.8049999999999999,0.8088532829029612,24.75,24.662955472125336
star,20,correlated,0.3,1.5,fiedler,1.5000000000000002,2.2500000000000004,0.9999999999999998,0.04999999999999999,0.01005,0.010000000007564569,0.019200000000000002,0.01886951545108112,2.2500000000000004,2.240037785343972
star,20,correlated,0.3,1.5,high_frequency,1.4999999999999998,45.000000000000014,20.00000000000001,1.0000000000000004,0.01005,0.010000000007564569,0.97965,0.9794421202678346,45.000000000000014,45.169331365976376
star,20,correlated,0.3,1.5,point,1.5,12.375,5.5,0.275,0.01005,0.010000000007564569,0.2586,0.2593619488992106,12.375,12.43526912272879
star,20,correlated,0.3,3.0,cluster,3.0,36.0,4.0,0.2,0.01005,0.010000000007564569,0.96355,0.9630724622760954,36.0,36.05556052810852
star,20,correlated,0.3,3.0,constant,2.9999999999999996,5.958081967793455e-16,6.620091075326063e-17,3.3100455376630313e-18,0.01005,0.010000000007564569,0.01045,0.010000000007564569,5.958081967793455e-16,0.010701134604122586
star,20,correlated,0.3,3.0,edge_bipolar,2.9999999999999996,99.0,11.000000000000002,0.55,0.01005,0.010000000007564569,1.0,0.9999969009599714,99.0,98.72687454871465
star,20,correlated,0.3,3.0,fiedler,3.0000000000000004,9.000000000000002,0.9999999999999998,0.04999999999999999,0.01005,0.010000000007564569,0.1528,0.15060658285082873,9.000000000000002,9.032386501623353
star,20,correlated,0.3,3.0,high_frequency,2.9999999999999996,180.00000000000006,20.00000000000001,1.0000000000000004,0.01005,0.010000000007564569,1.0,0.9999999999864031,180.00000000000006,180.22250675545558
star,20,correlated,0.3,3.0,point,3.0,9.0,1.0,0.05,0.01005,0.010000000007564569,0.1703,0.1662821838274235,9.0,9.062662178758728
star,20,iid,0.15,0.75,cluster,0.75,2.25,4.0,0.2,0.00975,0.010000000001305465,0.35785,0.3567302927674738,2.25,2.2391857985722066
star,20,iid,0.15,0.75,constant,0.7499999999999999,3.7238012298709096e-17,6.620091075326063e-17,3.3100455376630313e-18,0.00975,0.010000000001305465,0.0086,0.010000000001305465,3.7238012298709096e-17,0.002135063824447614
star,20,iid,0.15,0.75,edge_bipolar,0.7499999999999999,6.1875,11.000000000000002,0.55,0.00975,0.010000000001305465,0.877,0.8770594196063675,6.1875,6.221419031427469
star,20,iid,0.15,0.75,fiedler,0.7500000000000001,0.5625000000000001,0.9999999999999998,0.04999999999999999,0.00975,0.010000000001305465,0.02345,0.02127229613370607,0.5625000000000001,0.5664116100520292
star,20,iid,0.15,0.75,high_frequency,0.7499999999999999,11.250000000000004,20.00000000000001,1.0000000000000004,0.00975,0.010000000001305465,0.99135,0.9921448187760316,11.250000000000004,11.253441553236211
star,20,iid,0.15,0.75,point,0.75,0.5625,1.0,0.05,0.00975,0.010000000001305465,0.0242,0.024554705094986015,0.5625,0.5599185945063663
star,20,iid,0.15,1.5,cluster,1.5,9.0,4.0,0.2,0.00975,0.010000000001305465,0.98495,0.9857875452652626,9.0,9.003758993354058
star,20,iid,0.15,1.5,constant,1.4999999999999998,1.4895204919483638e-16,6.620091075326063e-17,3.3100455376630313e-18,0.00975,0.010000000001305465,0.00995,0.010000000001305465,1.4895204919483638e-16,0.0036277665109168133
star,20,iid,0.15,1.5,edge_bipolar,1.4999999999999998,24.75,11.000000000000002,0.55,0.00975,0.010000000001305465,1.0,0.9999998445940388,24.75,24.700938427663598
star,20,iid,0.15,1.5,fiedler,1.5000000000000002,2.2500000000000004,0.9999999999999998,0.04999999999999999,0.00975,0.010000000001305465,0.2762,0.27448383821631084,2.2500000000000004,2.254083098663537
star,20,iid,0.15,1.5,high_frequency,1.4999999999999998,45.000000000000014,20.00000000000001,1.0000000000000004,0.00975,0.010000000001305465,1.0,0.9999999999999359,45.000000000000014,45.020603064453084
star,20,iid,0.15,1.5,point,1.5,2.25,1.0,0.05,0.00975,0.010000000001305465,0.2714,0.274451379725251,2.25,2.238755330890755
star,20,iid,0.15,3.0,cluster,3.0,36.0,4.0,0.2,0.00975,0.010000000001305465,1.0,1.0,36.0,35.96713260743517
star,20,iid,0.15,3.0,constant,2.9999999999999996,5.958081967793455e-16,6.620091075326063e-17,3.3100455376630313e-18,0.00975,0.010000000001305465,0.009899999999999999,0.010000000001305465,5.958081967793455e-16,-0.0002821849383928543
star,20,iid,0.15,3.0,edge_bipolar,2.9999999999999996,99.0,11.000000000000002,0.55,0.00975,0.010000000001305465,1.0,0.9999999999992047,99.0,98.90180501557971
star,20,iid,0.15,3.0,fiedler,3.0000000000000004,9.000000000000002,0.9999999999999998,0.04999999999999999,0.00975,0.010000000001305465,1.0,0.9999999999999998,9.000000000000002,8.992035709280671
star,20,iid,0.15,3.0,high_frequency,2.9999999999999996,180.00000000000006,20.00000000000001,1.0000000000000004,0.00975,0.010000000001305465,1.0,1.0,180.00000000000006,180.1147359309137
star,20,iid,0.15,3.0,point,3.0,9.0,1.0,0.05,0.00975,0.010000000001305465,1.0,0.9999999999999992,9.0,9.007681265484546
star,20,iid,0.3,0.75,cluster,0.75,2.25,4.0,0.2,0.00865,0.010000000001224474,0.06425,0.06549988985466593,2.25,2.1817173167635113
star,20,iid,0.3,0.75,constant,0.7499999999999999,3.7238012298709096e-17,6.620091075326063e-17,3.3100455376630313e-18,0.00865,0.010000000001224474,0.00995,0.010000000001224474,3.7238012298709096e-17,0.013639595985909914
star,20,iid,0.3,0.75,edge_bipolar,0.7499999999999999,6.1875,11.000000000000002,0.55,0.00865,0.010000000001224474,0.22685,0.23089824777924228,6.1875,6.14402974412319
star,20,iid,0.3,0.75,fiedler,0.7500000000000001,0.5625000000000001,0.9999999999999998,0.04999999999999999,0.00865,0.010000000001224474,0.0112,0.012054060299126368,0.5625000000000001,0.5512797280935526
star,20,iid,0.3,0.75,high_frequency,0.7499999999999999,11.250000000000004,20.00000000000001,1.0000000000000004,0.00865,0.010000000001224474,0.46205,0.4680064916293989,11.250000000000004,11.248233895384601
star,20,iid,0.3,0.75,point,0.75,0.5625,1.0,0.05,0.00865,0.010000000001224474,0.01255,0.01263409708955826,0.5625,0.5357956502538271
star,20,iid,0.3,1.5,cluster,1.5,9.0,4.0,0.2,0.00865,0.010000000001224474,0.3539,0.356730384015372,9.0,9.044857691492382
star,20,iid,0.3,1.5,constant,1.4999999999999998,1.4895204919483638e-16,6.620091075326063e-17,3.3100455376630313e-18,0.00865,0.010000000001224474,0.01075,0.010000000001224474,1.4895204919483638e-16,-0.01839200503283367
star,20,iid,0.3,1.5,edge_bipolar,1.4999999999999998,24.75,11.000000000000002,0.55,0.00865,0.010000000001224474,0.87825,0.8770594693537899,24.75,24.806884619408642
star,20,iid,0.3,1.5,fiedler,1.5000000000000002,2.2500000000000004,0.9999999999999998,0.04999999999999999,0.00865,0.010000000001224474,0.0222,0.021272303569312867,2.2500000000000004,2.246595633829333
star,20,iid,0.3,1.5,high_frequency,1.4999999999999998,45.000000000000014,20.00000000000001,1.0000000000000004,0.00865,0.010000000001224474,0.9934,0.9921448302191336,45.000000000000014,44.8900452896315
star,20,iid,0.3,1.5,point,1.5,12.375,5.5,0.275,0.00865,0.010000000001224474,0.26465,0.26565739469017735,12.375,12.434772835482205
star,20,iid,0.3,3.0,cluster,3.0,36.0,4.0,0.2,0.00865,0.010000000001224474,0.9855,0.9857875560719395,36.0,36.1256411020993
star,20,iid,0.3,3.0,constant,2.9999999999999996,5.958081967793455e-16,6.620091075326063e-17,3.3100455376630313e-18,0.00865,0.010000000001224474,0.01065,0.010000000001224474,5.958081967793455e-16,-0.008485239492822427
star,20,iid,0.3,3.0,edge_bipolar,2.9999999999999996,99.0,11.000000000000002,0.55,0.00865,0.010000000001224474,1.0,0.9999998445942694,99.0,99.10444657070157
star,20,iid,0.3,3.0,fiedler,3.0000000000000004,9.000000000000002,0.9999999999999998,0.04999999999999999,0.00865,0.010000000001224474,0.27285000000000004,0.2744840601598089,9.000000000000002,8.973492272695749
star,20,iid,0.3,3.0,high_frequency,2.9999999999999996,180.00000000000006,20.00000000000001,1.0000000000000004,0.00865,0.010000000001224474,1.0,0.9999999999999387,180.00000000000006,180.00766664483538
star,20,iid,0.3,3.0,point,3.0,9.0,1.0,0.05,0.00865,0.010000000001224474,0.27615,0.27445157043382956,9.0,9.030848023094734
star,40,correlated,0.15,0.75,cluster,0.7499999999999999,2.249999999999999,3.999999999999999,0.09999999999999998,0.0103,0.009999999983661911,0.09720000000000001,0.09759228583798472,2.249999999999999,2.2281460634850903
star,40,correlated,0.15,0.75,constant,0.7499999999999999,-1.1849062956446365e-16,-2.1065000811460208e-16,-5.266250202865052e-18,0.0103,0.009999999983661911,0.01115,0.009999999983661911,-1.1849062956446365e-16,0.004259923218301043
star,40,correlated,0.15,0.75,edge_bipolar,0.7499999999999999,11.812499999999998,21.0,0.525,0.0103,0.009999999983661911,0.6945,0.6935572138212364,11.812499999999998,11.760016291854726
star,40,correlated,0.15,0.75,fiedler,0.75,0.5625,1.0,0.025,0.0103,0.009999999983661911,0.0131,0.012956704155094478,0.5625,0.5692934646950193
star,40,correlated,0.15,0.75,high_frequency,0.75,22.500000000000007,40.000000000000014,1.0000000000000004,0.0103,0.009999999983661911,0.952,0.9523186327283948,22.500000000000007,22.48224573377307
star,40,correlated,0.15,0.75,point,0.75,5.90625,10.5,0.2625,0.0103,0.009999999983661911,0.24775,0.24673764694834832,5.90625,5.938663055260043
star,40,correlated,0.15,1.5,cluster,1.4999999999999998,8.999999999999996,3.999999999999999,0.09999999999999998,0.0103,0.009999999983661911,0.5501,0.5479587414482584,8.999999999999996,8.999101752047805
star,40,correlated,0.15,1.5,constant,1.4999999999999998,-4.739625182578546e-16,-2.1065000811460208e-16,-5.266250202865052e-18,0.0103,0.009999999983661911,0.01185,0.009999999983661911,-4.739625182578546e-16,0.014678301560640206
star,40,correlated,0.15,1.5,edge_bipolar,1.4999999999999998,47.24999999999999,21.0,0.525,0.0103,0.009999999983661911,0.99985,0.9998805826268686,47.24999999999999,47.212008288527386
star,40,correlated,0.15,1.5,fiedler,1.5,2.25,1.0,0.025,0.0103,0.009999999983661911,0.0277,0.02856412504205963,2.25,2.2292525899517894
star,40,correlated,0.15,1.5,high_frequency,1.5,90.00000000000003,40.000000000000014,1.0000000000000004,0.0103,0.009999999983661911,1.0,0.9999999983042304,90.00000000000003,90.13251523307873
star,40,correlated,0.15,1.5,point,1.5,2.25,1.0,0.025,0.0103,0.009999999983661911,0.0323,0.031393565915778646,2.25,2.265991682060339
star,40,correlated,0.15,3.0,cluster,2.9999999999999996,35.999999999999986,3.999999999999999,0.09999999999999998,0.0103,0.009999999983661911,0.99975,0.9998244008050816,35.999999999999986,35.911684760697376
star,40,correlated,0.15,3.0,constant,2.9999999999999996,-1.8958500730314183e-15,-2.1065000811460208e-16,-5.266250202865052e-18,0.0103,0.009999999983661911,0.00965,0.009999999983661911,-1.8958500730314183e-15,0.012859799626112278
star,40,correlated,0.15,3.0,edge_bipolar,2.9999999999999996,188.99999999999997,21.0,0.525,0.0103,0.009999999983661911,1.0,1.0,188.99999999999997,188.9032194420333
star,40,correlated,0.15,3.0,fiedler,3.0,9.0,1.0,0.025,0.0103,0.009999999983661911,0.90865,0.9090945958825176,9.0,9.007298555970841
star,40,correlated,0.15,3.0,high_frequency,3.0,360.0000000000001,40.000000000000014,1.0000000000000004,0.0103,0.009999999983661911,1.0,1.0,360.0000000000001,360.12692744447895
star,40,correlated,0.15,3.0,point,3.0,9.0,1.0,0.025,0.0103,0.009999999983661911,0.8743,0.8780329427117708,9.0,8.960536652053685
star,40,correlated,0.3,0.75,cluster,0.7499999999999999,2.249999999999999,3.999999999999999,0.09999999999999998,0.0092,0.010000000002376164,0.0251,0.026234738565650673,2.249999999999999,2.199950655170623
star,40,correlated,0.3,0.75,constant,0.7499999999999999,-1.1849062956446365e-16,-2.1065000811460208e-16,-5.266250202865052e-18,0.0092,0.010000000002376164,0.00885,0.010000000002376164,-1.1849062956446365e-16,-0.009726224111845205
star,40,correlated,0.3,0.75,edge_bipolar,0.7499999999999999,11.812499999999998,21.0,0.525,0.0092,0.010000000002376164,0.14479999999999998,0.14789194573491826,11.812499999999998,11.636030392194598
star,40,correlated,0.3,0.75,fiedler,0.75,0.5625,1.0,0.025,0.0092,0.010000000002376164,0.0103,0.010667144156715436,0.5625,0.5957458898479664
star,40,correlated,0.3,0.75,high_frequency,0.75,22.500000000000007,40.000000000000014,1.0000000000000004,0.0092,0.010000000002376164,0.31955,0.3249004920909948,22.500000000000007,22.312056710587214
star,40,correlated,0.3,0.75,point,0.75,0.5625,1.0,0.025,0.0092,0.010000000002376164,0.011099999999999999,0.010762254012270267,0.5625,0.5952938680297342
star,40,correlated,0.3,1.5,cluster,1.4999999999999998,8.999999999999996,3.999999999999999,0.09999999999999998,0.0092,0.010000000002376164,0.09575,0.09759229022348119,8.999999999999996,8.933063284347245
star,40,correlated,0.3,1.5,constant,1.4999999999999998,-4.739625182578546e-16,-2.1065000811460208e-16,-5.266250202865052e-18,0.0092,0.010000000002376164,0.009600000000000001,0.010000000002376164,-4.739625182578546e-16,0.03866527594937308
star,40,correlated,0.3,1.5,edge_bipolar,1.4999999999999998,47.24999999999999,21.0,0.525,0.0092,0.010000000002376164,0.6967,0.6935572224600313,47.24999999999999,47.399623142922024
star,40,correlated,0.3,1.5,fiedler,1.5,2.25,1.0,0.025,0.0092,0.010000000002376164,0.01255,0.012956712520895919,2.25,2.288381613586981
star,40,correlated,0.3,1.5,high_frequency,1.5,90.00000000000003,40.000000000000014,1.0000000000000004,0.0092,0.010000000002376164,0.95165,0.9523186400421723,90.00000000000003,89.70834198596714
star,40,correlated,0.3,1.5,point,1.5,2.25,1.0,0.025,0.0092,0.010000000002376164,0.015,0.013390958055895602,2.25,2.3027359773391494
star,40,correlated,0.3,3.0,cluster,2.9999999999999996,35.999999999999986,3.999999999999999,0.09999999999999998,0.0092,0.010000000002376164,0.5522,0.5479587508847625,35.999999999999986,36.315385892960705
star,40,correlated,0.3,3.0,constant,2.9999999999999996,-1.8958500730314183e-15,-2.1065000811460208e-16,-5.266250202865052e-18,0.0092,0.010000000002376164,0.01,0.010000000002376164,-1.8958500730314183e-15,0.10643778373284496
star,40,correlated,0.3,3.0,edge_bipolar,2.9999999999999996,188.99999999999997,21.0,0.525,0.0092,0.010000000002376164,1.0,0.9998805824677313,188.99999999999997,189.29260709760675
star,40,correlated,0.3,3.0,fiedler,3.0,9.0,1.0,0.025,0.0092,0.010000000002376164,0.03005,0.028564126863352246,9.0,9.02394609583162
star,40,correlated,0.3,3.0,high_frequency,3.0,360.0000000000001,40.000000000000014,1.0000000000000004,0.0092,0.010000000002376164,1.0,0.9999999983042308,360.0000000000001,360.4574178251088
star,40,correlated,0.3,3.0,point,3.0,9.0,1.0,0.025,0.0092,0.010000000002376164,0.03245,0.031393567859278465,9.0,9.020040398911647
star,40,iid,0.15,0.75,cluster,0.7499999999999999,2.249999999999999,3.999999999999999,0.09999999999999998,0.0108,0.010000000000037534,0.14305,0.14575150260786723,2.249999999999999,2.2542462075212946
star,40,iid,0.15,0.75,constant,0.7499999999999999,-1.1849062956446365e-16,-2.1065000811460208e-16,-5.266250202865052e-18,0.0108,0.010000000000037534,0.01145,0.010000000000037534,-1.1849062956446365e-16,0.002933413121177786
star,40,iid,0.15,0.75,edge_bipolar,0.7499999999999999,11.812499999999998,21.0,0.525,0.0108,0.010000000000037534,0.85665,0.8555974755453405,11.812499999999998,11.907265508968482
star,40,iid,0.15,0.75,fiedler,0.75,0.5625,1.0,0.025,0.0108,0.010000000000037534,0.0141,0.014380114347207762,0.5625,0.555803737185319
star,40,iid,0.15,0.75,high_frequency,0.75,22.500000000000007,40.000000000000014,1.0000000000000004,0.0108,0.010000000000037534,0.9925999999999999,0.9922326341839073,22.500000000000007,22.54678133218232
star,40,iid,0.15,0.75,point,0.75,0.5625,1.0,0.025,0.0108,0.010000000000037534,0.016300000000000002,0.015022754126655324,0.5625,0.5749742444940473
star,40,iid,0.15,1.5,cluster,1.4999999999999998,8.999999999999996,3.999999999999999,0.09999999999999998,0.0108,0.010000000000037534,0.7452,0.74537806880451,8.999999999999996,8.987310152699619
star,40,iid,0.15,1.5,constant,1.4999999999999998,-4.739625182578546e-16,-2.1065000811460208e-16,-5.266250202865052e-18,0.0108,0.010000000000037534,0.0114,0.010000000000037534,-4.739625182578546e-16,0.02531484479750462
star,40,iid,0.15,1.5,edge_bipolar,1.4999999999999998,47.24999999999999,21.0,0.525,0.0108,0.010000000000037534,1.0,0.999999261980588,47.24999999999999,47.361016278275656
star,40,iid,0.15,1.5,fiedler,1.5,2.25,1.0,0.025,0.0108,0.010000000000037534,0.04475,0.04410426750844432,2.25,2.2513339335874125
star,40,iid,0.15,1.5,high_frequency,1.5,90.00000000000003,40.000000000000014,1.0000000000000004,0.0108,0.010000000000037534,1.0,0.9999999999999394,90.00000000000003,90.01299425818189
star,40,iid,0.15,1.5,point,1.5,23.625,10.5,0.2625,0.0108,0.010000000000037534,0.28415,0.28669923315723345,23.625,23.52430443814746
star,40,iid,0.15,3.0,cluster,2.9999999999999996,35.999999999999986,3.999999999999999,0.09999999999999998,0.0108,0.010000000000037534,1.0,0.9999998505846055,35.999999999999986,35.99197618542808
star,40,iid,0.15,3.0,constant,2.9999999999999996,-1.8958500730314183e-15,-2.1065000811460208e-16,-5.266250202865052e-18,0.0108,0.010000000000037534,0.010499999999999999,0.010000000000037534,-1.8958500730314183e-15,0.01301388392215036
star,40,iid,0.15,3.0,edge_bipolar,2.9999999999999996,188.99999999999997,21.0,0.525,0.0108,0.010000000000037534,1.0,1.0,188.99999999999997,188.9621615345005
star,40,iid,0.15,3.0,fiedler,3.0,9.0,1.0,0.025,0.0108,0.010000000000037534,1.0,0.9999417845516244,9.0,9.012707708595064
star,40,iid,0.15,3.0,high_frequency,3.0,360.0000000000001,40.000000000000014,1.0000000000000004,0.0108,0.010000000000037534,1.0,0.999999999997777,360.0000000000001,359.9247767672673
star,40,iid,0.15,3.0,point,3.0,9.0,1.0,0.025,0.0108,0.010000000000037534,0.9999,0.9998654447209251,9.0,9.019647515634743
star,40,iid,0.3,0.75,cluster,0.7499999999999999,2.249999999999999,3.999999999999999,0.09999999999999998,0.0114,0.010000000000038256,0.033350000000000005,0.03356970995889047,2.249999999999999,2.2476992146659
star,40,iid,0.3,0.75,constant,0.7499999999999999,-1.1849062956446365e-16,-2.1065000811460208e-16,-5.266250202865052e-18,0.0114,0.010000000000038256,0.01095,0.010000000000038256,-1.1849062956446365e-16,-0.0228102117539144
star,40,iid,0.3,0.75,edge_bipolar,0.7499999999999999,11.812499999999998,21.0,0.525,0.0114,0.010000000000038256,0.21775,0.21999928493248283,11.812499999999998,11.716415659331366
star,40,iid,0.3,0.75,fiedler,0.75,0.5625,1.0,0.025,0.0114,0.010000000000038256,0.010450000000000001,0.010946704689035358,0.5625,0.5507238198337292
star,40,iid,0.3,0.75,high_frequency,0.75,22.500000000000007,40.000000000000014,1.0000000000000004,0.0114,0.010000000000038256,0.46199999999999997,0.46886582087729156,22.500000000000007,22.266451822679663
star,40,iid,0.3,0.75,point,0.75,0.5625,1.0,0.025,0.0114,0.010000000000038256,0.01095,0.011080569325663384,0.5625,0.5638113996901053
star,40,iid,0.3,1.5,cluster,1.4999999999999998,8.999999999999996,3.999999999999999,0.09999999999999998,0.0114,0.010000000000038256,0.14225,0.14575150409411558,8.999999999999996,8.932221140493839
star,40,iid,0.3,1.5,constant,1.4999999999999998,-4.739625182578546e-16,-2.1065000811460208e-16,-5.266250202865052e-18,0.0114,0.010000000000038256,0.0101,0.010000000000038256,-4.739625182578546e-16,-0.009666660001716343
star,40,iid,0.3,1.5,edge_bipolar,1.4999999999999998,47.24999999999999,21.0,0.525,0.0114,0.010000000000038256,0.8563500000000001,0.8555974628672889,47.24999999999999,47.235232387741746
star,40,iid,0.3,1.5,fiedler,1.5,2.25,1.0,0.025,0.0114,0.010000000000038256,0.0144,0.014380110758484721,2.25,2.204426955575547
star,40,iid,0.3,1.5,high_frequency,1.5,90.00000000000003,40.000000000000014,1.0000000000000004,0.0114,0.010000000000038256,0.99285,0.9922326434208446,90.00000000000003,89.88694334648693
star,40,iid,0.3,1.5,point,1.5,2.25,1.0,0.025,0.0114,0.010000000000038256,0.01515,0.015022749880250319,2.25,2.2118044841949134
star,40,iid,0.3,3.0,cluster,2.9999999999999996,35.999999999999986,3.999999999999999,0.09999999999999998,0.0114,0.010000000000038256,0.74735,0.7453780711519588,35.999999999999986,36.24308500307179
star,40,iid,0.3,3.0,constant,2.9999999999999996,-1.8958500730314183e-15,-2.1065000811460208e-16,-5.266250202865052e-18,0.0114,0.010000000000038256,0.0084,0.010000000000038256,-1.8958500730314183e-15,-0.01749323241716194
star,40,iid,0.3,3.0,edge_bipolar,2.9999999999999996,188.99999999999997,21.0,0.525,0.0114,0.010000000000038256,1.0,0.9999992619801177,188.99999999999997,189.72046407597907
star,40,iid,0.3,3.0,fiedler,3.0,9.0,1.0,0.025,0.0114,0.010000000000038256,0.04605,0.04410426835922743,9.0,9.042456865886809
star,40,iid,0.3,3.0,high_frequency,3.0,360.0000000000001,40.000000000000014,1.0000000000000004,0.0114,0.010000000000038256,1.0,0.9999999999999372,360.0000000000001,360.8408803899994
star,40,iid,0.3,3.0,point,3.0,94.5,10.5,0.2625,0.0114,0.010000000000038256,0.2874,0.28669923381862605,94.5,94.57973976601438
star,60,correlated,0.15,0.75,cluster,0.7500000000000001,2.25,3.9999999999999982,0.06666666666666664,0.0101,0.010000000002094611,0.0565,0.057410166286046185,2.25,2.258727950018467
star,60,correlated,0.15,0.75,constant,0.7500000000000002,4.2998752849492583e-17,7.644222728798677e-17,1.2740371214664462e-18,0.0101,0.010000000002094611,0.0093,0.010000000002094611,4.2998752849492583e-17,-0.03813268962512384
star,60,correlated,0.15,0.75,edge_bipolar,0.7499999999999999,17.437499999999996,31.0,0.5166666666666667,0.0101,0.010000000002094611,0.64745,0.6468247117124006,17.437499999999996,17.469150488221615
star,60,correlated,0.15,0.75,fiedler,0.75,0.5625,1.0,0.016666666666666666,0.0101,0.010000000002094611,0.0112,0.01173435281360663,0.5625,0.5544570008281635
star,60,correlated,0.15,0.75,high_frequency,0.7500000000000001,33.750000000000014,60.0,1.0,0.0101,0.010000000002094611,0.9361,0.9366302770792703,33.750000000000014,33.88381763689585
star,60,correlated,0.15,0.75,point,0.75,0.5625,1.0,0.016666666666666666,0.0101,0.010000000002094611,0.0121,0.011902026879529348,0.5625,0.5489041771577942
star,60,correlated,0.15,1.5,cluster,1.5000000000000002,9.0,3.9999999999999982,0.06666666666666664,0.0101,0.010000000002094611,0.3106,0.3099209018516377,9.0,9.070934898321797
star,60,correlated,0.15,1.5,constant,1.5000000000000004,1.7199501139797033e-16,7.644222728798677e-17,1.2740371214664462e-18,0.0101,0.010000000002094611,0.01085,0.010000000002094611,1.7199501139797033e-16,0.001149933052523866
star,60,correlated,0.15,1.5,edge_bipolar,1.4999999999999998,69.74999999999999,31.0,0.5166666666666667,0.0101,0.010000000002094611,0.99945,0.9996420551626135,69.74999999999999,69.91236836351786
star,60,correlated,0.15,1.5,fiedler,1.5,2.25,1.0,0.016666666666666666,0.0101,0.010000000002094611,0.0196,0.019046282567034112,2.25,2.250841664930735
star,60,correlated,0.15,1.5,high_frequency,1.5000000000000002,135.00000000000006,60.0,1.0,0.0101,0.010000000002094611,1.0,0.9999999909910435,135.00000000000006,134.70937174524877
star,60,correlated,0.15,1.5,point,1.5,2.25,1.0,0.016666666666666666,0.0101,0.010000000002094611,0.0188,0.019969179097306278,2.25,2.260495956377191
star,60,correlated,0.15,3.0,cluster,3.0000000000000004,36.0,3.9999999999999982,0.06666666666666664,0.0101,0.010000000002094611,0.97605,0.9772872658923996,36.0,36.033200803862094
star,60,correlated,0.15,3.0,constant,3.000000000000001,6.879800455918813e-16,7.644222728798677e-17,1.2740371214664462e-18,0.0101,0.010000000002094611,0.01,0.010000000002094611,6.879800455918813e-16,0.0005463557821516751
star,60,correlated,0.15,3.0,edge_bipolar,2.9999999999999996,278.99999999999994,31.0,0.5166666666666667,0.0101,0.010000000002094611,1.0,1.0,278.99999999999994,278.94561237275843
star,60,correlated,0.15,3.0,fiedler,3.0,9.0,1.0,0.016666666666666666,0.0101,0.010000000002094611,0.1509,0.15055197426463784,9.0,8.993661992155605
star,60,correlated,0.15,3.0,high_frequency,3.0000000000000004,540.0000000000002,60.0,1.0,0.0101,0.010000000002094611,1.0,1.0,540.0000000000002,540.3160503423917
star,60,correlated,0.15,3.0,point,3.0,9.0,1.0,0.016666666666666666,0.0101,0.010000000002094611,0.1549,0.15776702007029791,9.0,8.978885777661047
star,60,correlated,0.3,0.75,cluster,0.7500000000000001,2.25,3.9999999999999982,0.06666666666666664,0.01025,0.010000000002156006,0.0202,0.019578950794342923,2.25,2.316108296518945
star,60,correlated,0.3,0.75,constant,0.7500000000000002,4.2998752849492583e-17,7.644222728798677e-17,1.2740371214664462e-18,0.01025,0.010000000002156006,0.00935,0.010000000002156006,4.2998752849492583e-17,-0.0842639652978856
star,60,correlated,0.3,0.75,edge_bipolar,0.7499999999999999,17.437499999999996,31.0,0.5166666666666667,0.01025,0.010000000002156006,0.1341,0.13433791162257497,17.437499999999996,17.283594873715053
star,60,correlated,0.3,0.75,fiedler,0.75,0.5625,1.0,0.016666666666666666,0.01025,0.010000000002156006,0.01045,0.01040727374612449,0.5625,0.5893942032005586
star,60,correlated,0.3,0.75,high_frequency,0.7500000000000001,33.750000000000014,60.0,1.0,0.01025,0.010000000002156006,0.3006,0.3000108892098884,33.750000000000014,33.74518059765252
star,60,correlated,0.3,0.75,point,0.75,0.5625,1.0,0.016666666666666666,0.01025,0.010000000002156006,0.01055,0.010445852315584703,0.5625,0.5401277666345004
star,60,correlated,0.3,1.5,cluster,1.5000000000000002,9.0,3.9999999999999982,0.06666666666666664,0.01025,0.010000000002156006,0.05655,0.05741019528632885,9.0,8.795245413565201
star,60,correlated,0.3,1.5,constant,1.5000000000000004,1.7199501139797033e-16,7.644222728798677e-17,1.2740371214664462e-18,0.01025,0.010000000002156006,0.0103,0.010000000002156006,1.7199501139797033e-16,0.014587759478419393
star,60,correlated,0.3,1.5,edge_bipolar,1.4999999999999998,69.74999999999999,31.0,0.5166666666666667,0.01025,0.010000000002156006,0.64305,0.6468247921617107,69.74999999999999,69.49577184454981
star,60,correlated,0.3,1.5,fiedler,1.5,2.25,1.0,0.016666666666666666,0.01025,0.010000000002156006,0.01175,0.01173436141611528,2.25,2.229958852380388
star,60,correlated,0.3,1.5,high_frequency,1.5000000000000002,135.00000000000006,60.0,1.0,0.01025,0.010000000002156006,0.93845,0.9366303056652394,135.00000000000006,134.40982355959892
star,60,correlated,0.3,1.5,point,1.5,2.25,1.0,0.016666666666666666,0.01025,0.010000000002156006,0.01,0.011902035838965264,2.25,2.0585219068928415
star,60,correlated,0.3,3.0,cluster,3.0000000000000004,36.0,3.9999999999999982,0.06666666666666664,0.01025,0.010000000002156006,0.30775,0.30992098307968086,36.0,35.68386933946241
star,60,correlated,0.3,3.0,constant,3.000000000000001,6.879800455918813e-16,7.644222728798677e-17,1.2740371214664462e-18,0.01025,0.010000000002156006,0.0087,0.010000000002156006,6.879800455918813e-16,-0.03454975793673398
star,60,correlated,0.3,3.0,edge_bipolar,2.9999999999999996,278.99999999999994,31.0,0.5166666666666667,0.01025,0.010000000002156006,0.9996,0.9996420576154067,278.99999999999994,277.92520467072694
star,60,correlated,0.3,3.0,fiedler,3.0,9.0,1.0,0.016666666666666666,0.01025,0.010000000002156006,0.01855,0.019046292337187798,9.0,8.986762092752354
star,60,correlated,0.3,3.0,high_frequency,3.0000000000000004,540.0000000000002,60.0,1.0,0.01025,0.010000000002156006,1.0,0.9999999909910551,540.0000000000002,539.623480948291
star,60,correlated,0.3,3.0,point,3.0,9.0,1.0,0.016666666666666666,0.01025,0.010000000002156006,0.019299999999999998,0.019969189718783475,9.0,9.110043447317956
star,60,iid,0.15,0.75,cluster,0.7500000000000001,2.25,3.9999999999999982,0.06666666666666664,0.0096,0.010000000000009113,0.08725,0.08856731428574494,2.25,2.24648795897175
star,60,iid,0.15,0.75,constant,0.7500000000000002,4.2998752849492583e-17,7.644222728798677e-17,1.2740371214664462e-18,0.0096,0.010000000000009113,0.0102,0.010000000000009113,4.2998752849492583e-17,-0.013553151759775117
star,60,iid,0.15,0.75,edge_bipolar,0.7499999999999999,17.437499999999996,31.0,0.5166666666666667,0.0096,0.010000000000009113,0.8486,0.8478340709450711,17.437499999999996,17.365807232445103
star,60,iid,0.15,0.75,fiedler,0.75,0.5625,1.0,0.016666666666666666,0.0096,0.010000000000009113,0.0121,0.01270369838309865,0.5625,0.5710403067522851
star,60,iid,0.15,0.75,high_frequency,0.7500000000000001,33.750000000000014,60.0,1.0,0.0096,0.010000000000009113,0.9922500000000001,0.9922636679849569,33.750000000000014,33.75807889940738
star,60,iid,0.15,0.75,point,0.75,0.5625,1.0,0.016666666666666666,0.0096,0.010000000000009113,0.0147,0.01296568862155631,0.5625,0.5880191328590662
star,60,iid,0.15,1.5,cluster,1.5000000000000002,9.0,3.9999999999999982,0.06666666666666664,0.0096,0.010000000000009113,0.5031,0.5023670004837804,9.0,9.013721225247014
star,60,iid,0.15,1.5,constant,1.5000000000000004,1.7199501139797033e-16,7.644222728798677e-17,1.2740371214664462e-18,0.0096,0.010000000000009113,0.0103,0.010000000000009113,1.7199501139797033e-16,0.008950142425962815
star,60,iid,0.15,1.5,edge_bipolar,1.4999999999999998,69.74999999999999,31.0,0.5166666666666667,0.0096,0.010000000000009113,1.0,0.9999987580016303,69.74999999999999,69.75206457169946
star,60,iid,0.15,1.5,fiedler,1.5,2.25,1.0,0.016666666666666666,0.0096,0.010000000000009113,0.025750000000000002,0.026339312410002536,2.25,2.244324599269662
star,60,iid,0.15,1.5,high_frequency,1.5000000000000002,135.00000000000006,60.0,1.0,0.0096,0.010000000000009113,1.0,0.9999999999999406,135.00000000000006,134.70446058770366
star,60,iid,0.15,1.5,point,1.5,2.25,1.0,0.016666666666666666,0.0096,0.010000000000009113,0.0283,0.02799674703110308,2.25,2.2522053548164913
star,60,iid,0.15,3.0,cluster,3.0000000000000004,36.0,3.9999999999999982,0.06666666666666664,0.0096,0.010000000000009113,0.99945,0.999519050807246,36.0,36.142023093614256
star,60,iid,0.15,3.0,constant,3.000000000000001,6.879800455918813e-16,7.644222728798677e-17,1.2740371214664462e-18,0.0096,0.010000000000009113,0.00935,0.010000000000009113,6.879800455918813e-16,-0.00835398172320767
star,60,iid,0.15,3.0,edge_bipolar,2.9999999999999996,278.99999999999994,31.0,0.5166666666666667,0.0096,0.010000000000009113,1.0,0.9999999999999788,278.99999999999994,278.96678537770225
star,60,iid,0.15,3.0,fiedler,3.0,9.0,1.0,0.016666666666666666,0.0096,0.010000000000009113,0.7571,0.7603772222119025,9.0,8.987344897304373
star,60,iid,0.15,3.0,high_frequency,3.0000000000000004,540.0000000000002,60.0,1.0,0.0096,0.010000000000009113,1.0,1.0,540.0000000000002,539.8285158967582
star,60,iid,0.15,3.0,point,3.0,9.0,1.0,0.016666666666666666,0.0096,0.010000000000009113,0.7332000000000001,0.7317660878327857,9.0,8.991523847490758
star,60,iid,0.3,0.75,cluster,0.7500000000000001,2.25,3.9999999999999982,0.06666666666666664,0.01055,0.01000000000000939,0.0251,0.024768421521393774,2.25,2.2742415326200662
star,60,iid,0.3,0.75,constant,0.7500000000000002,4.2998752849492583e-17,7.644222728798677e-17,1.2740371214664462e-18,0.01055,0.01000000000000939,0.009000000000000001,0.01000000000000939,4.2998752849492583e-17,-0.07223540530054962
star,60,iid,0.3,0.75,edge_bipolar,0.7499999999999999,17.437499999999996,31.0,0.5166666666666667,0.01055,0.01000000000000939,0.2142,0.21646232670409632,17.437499999999996,17.36650358920494
star,60,iid,0.3,0.75,fiedler,0.75,0.5625,1.0,0.016666666666666666,0.01055,0.01000000000000939,0.0106,0.01061495414222291,0.5625,0.4772649309693784
star,60,iid,0.3,0.75,high_frequency,0.7500000000000001,33.750000000000014,60.0,1.0,0.01055,0.01000000000000939,0.46935,0.4691641244582554,33.750000000000014,33.90193391946538
star,60,iid,0.3,0.75,point,0.75,8.71875,15.5,0.2583333333333333,0.01055,0.01000000000000939,0.12375,0.12321847823746644,8.71875,8.743463340013442
star,60,iid,0.3,1.5,cluster,1.5000000000000002,9.0,3.9999999999999982,0.06666666666666664,0.01055,0.01000000000000939,0.08975,0.08856731709375149,9.0,8.94502298948284
star,60,iid,0.3,1.5,constant,1.5000000000000004,1.7199501139797033e-16,7.644222728798677e-17,1.2740371214664462e-18,0.01055,0.01000000000000939,0.00955,0.01000000000000939,1.7199501139797033e-16,-0.019115141238202682
star,60,iid,0.3,1.5,edge_bipolar,1.4999999999999998,69.74999999999999,31.0,0.5166666666666667,0.01055,0.01000000000000939,0.8427,0.8478340680594474,69.74999999999999,69.1894002050725
star,60,iid,0.3,1.5,fiedler,1.5,2.25,1.0,0.016666666666666666,0.01055,0.01000000000000939,0.0133,0.01270369973407759,2.25,2.2542495857387923
star,60,iid,0.3,1.5,high_frequency,1.5000000000000002,135.00000000000006,60.0,1.0,0.01055,0.01000000000000939,0.99285,0.9922636554053434,135.00000000000006,134.58144461517549
star,60,iid,0.3,1.5,point,1.5,2.25,1.0,0.016666666666666666,0.01055,0.01000000000000939,0.0134,0.012965690116015116,2.25,2.322418068921358
star,60,iid,0.3,3.0,cluster,3.0000000000000004,36.0,3.9999999999999982,0.06666666666666664,0.01055,0.01000000000000939,0.5059,0.5023670053246856,36.0,36.171019464344695
star,60,iid,0.3,3.0,constant,3.000000000000001,6.879800455918813e-16,7.644222728798677e-17,1.2740371214664462e-18,0.01055,0.01000000000000939,0.00955,0.01000000000000939,6.879800455918813e-16,-0.012488839034736632
star,60,iid,0.3,3.0,edge_bipolar,2.9999999999999996,278.99999999999994,31.0,0.5166666666666667,0.01055,0.01000000000000939,1.0,0.9999987580007069,278.99999999999994,278.701512059092
star,60,iid,0.3,3.0,fiedler,3.0,9.0,1.0,0.016666666666666666,0.01055,0.01000000000000939,0.0266,0.026339313263032016,9.0,9.036111004628644
star,60,iid,0.3,3.0,high_frequency,3.0000000000000004,540.0000000000002,60.0,1.0,0.01055,0.01000000000000939,1.0,0.9999999999999406,540.0000000000002,540.566334134275
star,60,iid,0.3,3.0,point,3.0,139.5,15.5,0.2583333333333333,0.01055,0.01000000000000939,0.2696,0.2709975609301098,139.5,139.32310840710116
